solid OpenSCAD_Model
  facet normal -0.5598784432663299 -0.46317172926897715 -0.6870284404387176
    outer loop
      vertex -2.912461179749811 -2.1160269082529033 0
      vertex -2.629305231718579 -1.9103020699505378 -0.36944444444444474
      vertex -2.369148039119588 -2.224778094268238 -0.36944444444444435
    endloop
  endfacet
  facet normal -0.5598784432663299 -0.4631717292689769 -0.6870284404387177
    outer loop
      vertex -2.912461179749811 -2.1160269082529033 0
      vertex -2.369148039119588 -2.224778094268238 -0.36944444444444435
      vertex -2.624287058717082 -2.464369581343279 0
    endloop
  endfacet
  facet normal -0.6135144450384414 -0.3893481061434828 -0.6870284404387176
    outer loop
      vertex -2.912461179749811 -2.1160269082529033 0
      vertex -3.1547040481579085 -1.7343132267661754 0
      vertex -2.629305231718579 -1.9103020699505378 -0.36944444444444474
    endloop
  endfacet
  facet normal -0.4271027073368257 -0.5878564445626984 -0.6870284404387177
    outer loop
      vertex -2.2947263630952826 -2.773847673992842 0
      vertex -2.071627966683241 -2.5041680390213155 -0.3694444444444446
      vertex -1.7414370836817394 -2.7440657578815486 -0.3694444444444444
    endloop
  endfacet
  facet normal -0.42710270733682554 -0.5878564445626988 -0.6870284404387175
    outer loop
      vertex -2.2947263630952826 -2.773847673992842 0
      vertex -1.7414370836817394 -2.7440657578815486 -0.3694444444444444
      vertex -1.9289764619243883 -3.0395805318072537 0
    endloop
  endfacet
  facet normal -0.4974128239887381 -0.5296908575385192 -0.6870284404387177
    outer loop
      vertex -2.624287058717082 -2.464369581343279 0
      vertex -2.369148039119588 -2.224778094268238 -0.36944444444444435
      vertex -2.071627966683241 -2.5041680390213155 -0.3694444444444446
    endloop
  endfacet
  facet normal -0.49741282398873826 -0.5296908575385192 -0.6870284404387178
    outer loop
      vertex -2.2947263630952826 -2.773847673992842 0
      vertex -2.624287058717082 -2.464369581343279 0
      vertex -2.071627966683241 -2.5041680390213155 -0.3694444444444446
    endloop
  endfacet
  facet normal -0.6574749575165313 -0.3093842307988222 -0.6870284404387176
    outer loop
      vertex -3.347195349197705 -1.3252483896648404 0
      vertex -3.021773579136817 -1.1964047962252031 -0.36944444444444435
      vertex -2.8479967101425565 -1.565699440830575 -0.3694444444444443
    endloop
  endfacet
  facet normal -0.6910666971580839 -0.2245411813172823 -0.6870284404387176
    outer loop
      vertex -3.486899380063072 -0.8952835937934774 0
      vertex -3.147895273668051 -0.8082421332857783 -0.36944444444444435
      vertex -3.021773579136817 -1.1964047962252031 -0.36944444444444435
    endloop
  endfacet
  facet normal -0.6135144450384414 -0.38934810614348303 -0.6870284404387175
    outer loop
      vertex -3.1547040481579085 -1.7343132267661754 0
      vertex -2.8479967101425565 -1.565699440830575 -0.3694444444444443
      vertex -2.629305231718579 -1.9103020699505378 -0.36944444444444474
    endloop
  endfacet
  facet normal -0.6574749575165314 -0.3093842307988224 -0.6870284404387174
    outer loop
      vertex -3.347195349197705 -1.3252483896648404 0
      vertex -2.8479967101425565 -1.565699440830575 -0.3694444444444443
      vertex -3.1547040481579085 -1.7343132267661754 0
    endloop
  endfacet
  facet normal -0.6910666971580839 -0.2245411813172824 -0.6870284404387175
    outer loop
      vertex -3.347195349197705 -1.3252483896648404 0
      vertex -3.486899380063072 -0.8952835937934774 0
      vertex -3.021773579136817 -1.1964047962252031 -0.36944444444444435
    endloop
  endfacet
  facet normal -0.7137599021622187 -0.13615698327196932 -0.6870284404387176
    outer loop
      vertex -3.57161292473212 -0.45119964083149466 0
      vertex -3.224372779272053 -0.40733300908398823 -0.36944444444444446
      vertex -3.147895273668051 -0.8082421332857783 -0.36944444444444435
    endloop
  endfacet
  facet normal -0.7251966871297575 -0.04562550826421805 -0.6870284404387177
    outer loop
      vertex -3.6 0 0
      vertex -3.25 0 -0.36944444444444446
      vertex -3.224372779272053 -0.40733300908398823 -0.36944444444444446
    endloop
  endfacet
  facet normal -0.7137599021622187 -0.13615698327196932 -0.6870284404387177
    outer loop
      vertex -3.57161292473212 -0.45119964083149466 0
      vertex -3.147895273668051 -0.8082421332857783 -0.36944444444444435
      vertex -3.486899380063072 -0.8952835937934774 0
    endloop
  endfacet
  facet normal -0.7251966871297573 -0.04562550826421799 -0.6870284404387176
    outer loop
      vertex -3.57161292473212 -0.45119964083149466 0
      vertex -3.6 0 0
      vertex -3.224372779272053 -0.40733300908398823 -0.36944444444444446
    endloop
  endfacet
  facet normal -0.3500569258514222 -0.6367511842877055 -0.6870284404387175
    outer loop
      vertex -1.9289764619243883 -3.0395805318072537 0
      vertex -1.7414370836817394 -2.7440657578815486 -0.3694444444444444
      vertex -1.3837826975864855 -2.9406879205145637 -0.3694444444444444
    endloop
  endfacet
  facet normal -0.2674905375314691 -0.675603977459776 -0.6870284404387175
    outer loop
      vertex -1.532805449634261 -3.2573773888776705 0
      vertex -1.3837826975864855 -2.9406879205145637 -0.3694444444444444
      vertex -1.004305231718579 -3.090933677959249 -0.36944444444444446
    endloop
  endfacet
  facet normal -0.18070566364354407 -0.7038020923210514 -0.6870284404387177
    outer loop
      vertex -1.1124611797498107 -3.4238034586625528 0
      vertex -1.004305231718579 -3.090933677959249 -0.36944444444444446
      vertex -0.6089892724036057 -3.192433564868238 -0.3694444444444445
    endloop
  endfacet
  facet normal -0.3500569258514221 -0.6367511842877055 -0.6870284404387175
    outer loop
      vertex -1.9289764619243883 -3.0395805318072537 0
      vertex -1.3837826975864855 -2.9406879205145637 -0.3694444444444444
      vertex -1.532805449634261 -3.2573773888776705 0
    endloop
  endfacet
  facet normal -0.26749053753146945 -0.6756039774597756 -0.6870284404387177
    outer loop
      vertex -1.532805449634261 -3.2573773888776705 0
      vertex -1.004305231718579 -3.090933677959249 -0.36944444444444446
      vertex -1.1124611797498107 -3.4238034586625528 0
    endloop
  endfacet
  facet normal -0.0910709534916296 -0.7209008277554331 -0.6870284404387177
    outer loop
      vertex -0.6745727325086094 -3.536234102623279 0
      vertex -0.6089892724036057 -3.192433564868238 -0.3694444444444445
      vertex -0.20406918847026972 -3.2435868673918824 -0.3694444444444447
    endloop
  endfacet
  facet normal 1.3375416185231985e-16 -0.726630526490832 -0.6870284404387175
    outer loop
      vertex -0.2260458703055304 -3.5928962223417775 0
      vertex -0.20406918847026972 -3.2435868673918824 -0.3694444444444447
      vertex 0.20406918847026972 -3.2435868673918824 -0.36944444444444463
    endloop
  endfacet
  facet normal -0.18070566364354412 -0.7038020923210513 -0.6870284404387177
    outer loop
      vertex -0.6745727325086094 -3.536234102623279 0
      vertex -1.1124611797498107 -3.4238034586625528 0
      vertex -0.6089892724036057 -3.192433564868238 -0.3694444444444445
    endloop
  endfacet
  facet normal -0.09107095349162922 -0.7209008277554335 -0.6870284404387176
    outer loop
      vertex -0.6745727325086094 -3.536234102623279 0
      vertex -0.20406918847026972 -3.2435868673918824 -0.3694444444444447
      vertex -0.2260458703055304 -3.5928962223417775 0
    endloop
  endfacet
  facet normal -0.7251966871297575 0.04562550826421792 -0.6870284404387176
    outer loop
      vertex -3.57161292473212 0.45119964083149466 0
      vertex -3.224372779272053 0.40733300908398823 -0.36944444444444446
      vertex -3.25 0 -0.36944444444444446
    endloop
  endfacet
  facet normal -0.7137599021622187 0.13615698327196926 -0.6870284404387176
    outer loop
      vertex -3.486899380063072 0.8952835937934774 0
      vertex -3.147895273668051 0.8082421332857782 -0.3694444444444444
      vertex -3.224372779272053 0.40733300908398823 -0.36944444444444446
    endloop
  endfacet
  facet normal -0.7251966871297573 0.04562550826421799 -0.6870284404387176
    outer loop
      vertex -3.6 0 0
      vertex -3.57161292473212 0.45119964083149466 0
      vertex -3.25 0 -0.36944444444444446
    endloop
  endfacet
  facet normal -0.7137599021622187 0.13615698327196932 -0.6870284404387176
    outer loop
      vertex -3.57161292473212 0.45119964083149466 0
      vertex -3.486899380063072 0.8952835937934774 0
      vertex -3.224372779272053 0.40733300908398823 -0.36944444444444446
    endloop
  endfacet
  facet normal -0.6910666971580839 0.22454118131728223 -0.6870284404387177
    outer loop
      vertex -3.486899380063072 0.8952835937934774 0
      vertex -3.021773579136817 1.1964047962252031 -0.36944444444444435
      vertex -3.147895273668051 0.8082421332857782 -0.3694444444444444
    endloop
  endfacet
  facet normal -0.6574749575165312 0.3093842307988224 -0.6870284404387175
    outer loop
      vertex -3.1547040481579085 1.7343132267661754 0
      vertex -2.8479967101425565 1.5656994408305749 -0.3694444444444443
      vertex -3.021773579136817 1.1964047962252031 -0.36944444444444435
    endloop
  endfacet
  facet normal -0.6910666971580839 0.2245411813172824 -0.6870284404387176
    outer loop
      vertex -3.486899380063072 0.8952835937934774 0
      vertex -3.347195349197705 1.3252483896648404 0
      vertex -3.021773579136817 1.1964047962252031 -0.36944444444444435
    endloop
  endfacet
  facet normal -0.6574749575165313 0.3093842307988224 -0.6870284404387176
    outer loop
      vertex -3.347195349197705 1.3252483896648404 0
      vertex -3.1547040481579085 1.7343132267661754 0
      vertex -3.021773579136817 1.1964047962252031 -0.36944444444444435
    endloop
  endfacet
  facet normal -0.6135144450384412 0.3893481061434829 -0.6870284404387178
    outer loop
      vertex -2.912461179749811 2.1160269082529033 0
      vertex -2.629305231718579 1.9103020699505375 -0.3694444444444448
      vertex -2.8479967101425565 1.5656994408305749 -0.3694444444444443
    endloop
  endfacet
  facet normal -0.6135144450384413 0.38934810614348275 -0.6870284404387175
    outer loop
      vertex -3.1547040481579085 1.7343132267661754 0
      vertex -2.912461179749811 2.1160269082529033 0
      vertex -2.8479967101425565 1.5656994408305749 -0.3694444444444443
    endloop
  endfacet
  facet normal -0.5598784432663299 0.46317172926897693 -0.6870284404387177
    outer loop
      vertex -2.912461179749811 2.1160269082529033 0
      vertex -2.624287058717082 2.464369581343279 0
      vertex -2.629305231718579 1.9103020699505375 -0.3694444444444448
    endloop
  endfacet
  facet normal -0.5598784432663299 0.46317172926897693 -0.6870284404387177
    outer loop
      vertex -2.624287058717082 2.464369581343279 0
      vertex -2.369148039119588 2.224778094268238 -0.36944444444444435
      vertex -2.629305231718579 1.9103020699505375 -0.3694444444444448
    endloop
  endfacet
  facet normal -0.49741282398873854 0.5296908575385191 -0.6870284404387175
    outer loop
      vertex -2.2947263630952826 2.773847673992842 0
      vertex -2.0716279666832413 2.5041680390213155 -0.3694444444444445
      vertex -2.369148039119588 2.224778094268238 -0.36944444444444435
    endloop
  endfacet
  facet normal -0.49741282398873826 0.5296908575385192 -0.6870284404387177
    outer loop
      vertex -2.624287058717082 2.464369581343279 0
      vertex -2.2947263630952826 2.773847673992842 0
      vertex -2.369148039119588 2.224778094268238 -0.36944444444444435
    endloop
  endfacet
  facet normal -0.4271027073368256 0.5878564445626989 -0.6870284404387176
    outer loop
      vertex -1.9289764619243883 3.0395805318072537 0
      vertex -1.7414370836817394 2.7440657578815486 -0.3694444444444444
      vertex -2.0716279666832413 2.5041680390213155 -0.3694444444444445
    endloop
  endfacet
  facet normal -0.4271027073368256 0.5878564445626989 -0.6870284404387176
    outer loop
      vertex -2.2947263630952826 2.773847673992842 0
      vertex -1.9289764619243883 3.0395805318072537 0
      vertex -2.0716279666832413 2.5041680390213155 -0.3694444444444445
    endloop
  endfacet
  facet normal -0.3500569258514219 0.6367511842877055 -0.6870284404387176
    outer loop
      vertex -1.5328054496342618 3.25737738887767 0
      vertex -1.3837826975864864 2.9406879205145633 -0.36944444444444424
      vertex -1.7414370836817394 2.7440657578815486 -0.3694444444444444
    endloop
  endfacet
  facet normal -0.2674905375314697 0.6756039774597755 -0.6870284404387176
    outer loop
      vertex -1.1124611797498107 3.4238034586625528 0
      vertex -1.0043052317185792 3.090933677959249 -0.36944444444444446
      vertex -1.3837826975864864 2.9406879205145633 -0.36944444444444424
    endloop
  endfacet
  facet normal -0.3500569258514222 0.6367511842877055 -0.6870284404387176
    outer loop
      vertex -1.9289764619243883 3.0395805318072537 0
      vertex -1.5328054496342618 3.25737738887767 0
      vertex -1.7414370836817394 2.7440657578815486 -0.3694444444444444
    endloop
  endfacet
  facet normal -0.26749053753146956 0.6756039774597755 -0.6870284404387177
    outer loop
      vertex -1.5328054496342618 3.25737738887767 0
      vertex -1.1124611797498107 3.4238034586625528 0
      vertex -1.3837826975864864 2.9406879205145633 -0.36944444444444424
    endloop
  endfacet
  facet normal -0.1807056636435445 0.7038020923210513 -0.6870284404387177
    outer loop
      vertex -1.1124611797498107 3.4238034586625528 0
      vertex -0.6745727325086085 3.5362341026232795 0
      vertex -1.0043052317185792 3.090933677959249 -0.36944444444444446
    endloop
  endfacet
  facet normal -0.18070566364354487 0.7038020923210514 -0.6870284404387174
    outer loop
      vertex -0.6745727325086085 3.5362341026232795 0
      vertex -0.6089892724036049 3.1924335648682383 -0.3694444444444448
      vertex -1.0043052317185792 3.090933677959249 -0.36944444444444446
    endloop
  endfacet
  facet normal -0.0910709534916283 0.7209008277554335 -0.6870284404387175
    outer loop
      vertex -0.2260458703055278 3.5928962223417775 0
      vertex -0.20406918847026814 3.2435868673918824 -0.3694444444444447
      vertex -0.6089892724036049 3.1924335648682383 -0.3694444444444448
    endloop
  endfacet
  facet normal -0.09107095349162818 0.7209008277554336 -0.6870284404387174
    outer loop
      vertex -0.6745727325086085 3.5362341026232795 0
      vertex -0.2260458703055278 3.5928962223417775 0
      vertex -0.6089892724036049 3.1924335648682383 -0.3694444444444448
    endloop
  endfacet
  facet normal 0 0.726630526490832 -0.6870284404387175
    outer loop
      vertex -0.2260458703055278 3.5928962223417775 0
      vertex 0.2260458703055278 3.5928962223417775 0
      vertex -0.20406918847026814 3.2435868673918824 -0.3694444444444447
    endloop
  endfacet
  facet normal 0.09107095349162955 -0.7209008277554334 -0.6870284404387175
    outer loop
      vertex 0.22604587030552956 -3.5928962223417775 0
      vertex 0.20406918847026972 -3.2435868673918824 -0.36944444444444463
      vertex 0.6089892724036057 -3.192433564868238 -0.3694444444444445
    endloop
  endfacet
  facet normal 0.18070566364354398 -0.7038020923210513 -0.6870284404387177
    outer loop
      vertex 0.6745727325086094 -3.536234102623279 0
      vertex 0.6089892724036057 -3.192433564868238 -0.3694444444444445
      vertex 1.0043052317185792 -3.090933677959249 -0.36944444444444446
    endloop
  endfacet
  facet normal 0 -0.7266305264908319 -0.6870284404387175
    outer loop
      vertex -0.2260458703055304 -3.5928962223417775 0
      vertex 0.20406918847026972 -3.2435868673918824 -0.36944444444444463
      vertex 0.22604587030552956 -3.5928962223417775 0
    endloop
  endfacet
  facet normal 0.09107095349162901 -0.7209008277554332 -0.6870284404387177
    outer loop
      vertex 0.22604587030552956 -3.5928962223417775 0
      vertex 0.6089892724036057 -3.192433564868238 -0.3694444444444445
      vertex 0.6745727325086094 -3.536234102623279 0
    endloop
  endfacet
  facet normal 0.26749053753146923 -0.6756039774597756 -0.6870284404387176
    outer loop
      vertex 1.1124611797498107 -3.4238034586625528 0
      vertex 1.0043052317185792 -3.090933677959249 -0.36944444444444446
      vertex 1.3837826975864855 -2.9406879205145637 -0.3694444444444444
    endloop
  endfacet
  facet normal 0.3500569258514218 -0.6367511842877057 -0.6870284404387176
    outer loop
      vertex 1.532805449634261 -3.2573773888776705 0
      vertex 1.3837826975864855 -2.9406879205145637 -0.3694444444444444
      vertex 1.7414370836817377 -2.7440657578815495 -0.36944444444444474
    endloop
  endfacet
  facet normal 0.18070566364354415 -0.7038020923210513 -0.6870284404387177
    outer loop
      vertex 0.6745727325086094 -3.536234102623279 0
      vertex 1.0043052317185792 -3.090933677959249 -0.36944444444444446
      vertex 1.1124611797498107 -3.4238034586625528 0
    endloop
  endfacet
  facet normal 0.2674905375314695 -0.6756039774597757 -0.6870284404387175
    outer loop
      vertex 1.1124611797498107 -3.4238034586625528 0
      vertex 1.3837826975864855 -2.9406879205145637 -0.3694444444444444
      vertex 1.532805449634261 -3.2573773888776705 0
    endloop
  endfacet
  facet normal 0.3500569258514219 -0.6367511842877057 -0.6870284404387175
    outer loop
      vertex 1.532805449634261 -3.2573773888776705 0
      vertex 1.7414370836817377 -2.7440657578815495 -0.36944444444444474
      vertex 1.9289764619243863 -3.039580531807255 0
    endloop
  endfacet
  facet normal 0.42710270733682626 -0.5878564445626986 -0.6870284404387174
    outer loop
      vertex 1.9289764619243863 -3.039580531807255 0
      vertex 1.7414370836817377 -2.7440657578815495 -0.36944444444444474
      vertex 2.0716279666832422 -2.504168039021314 -0.3694444444444447
    endloop
  endfacet
  facet normal 0.4271027073368257 -0.5878564445626985 -0.6870284404387176
    outer loop
      vertex 1.9289764619243863 -3.039580531807255 0
      vertex 2.0716279666832422 -2.504168039021314 -0.3694444444444447
      vertex 2.294726363095284 -2.7738476739928406 0
    endloop
  endfacet
  facet normal 0.49741282398873826 -0.5296908575385192 -0.6870284404387177
    outer loop
      vertex 2.294726363095284 -2.7738476739928406 0
      vertex 2.0716279666832422 -2.504168039021314 -0.3694444444444447
      vertex 2.369148039119588 -2.224778094268238 -0.36944444444444435
    endloop
  endfacet
  facet normal 0.5598784432663299 -0.46317172926897693 -0.6870284404387177
    outer loop
      vertex 2.624287058717082 -2.464369581343279 0
      vertex 2.369148039119588 -2.224778094268238 -0.36944444444444435
      vertex 2.629305231718579 -1.9103020699505375 -0.3694444444444448
    endloop
  endfacet
  facet normal 0.4974128239887382 -0.5296908575385193 -0.6870284404387177
    outer loop
      vertex 2.294726363095284 -2.7738476739928406 0
      vertex 2.369148039119588 -2.224778094268238 -0.36944444444444435
      vertex 2.624287058717082 -2.464369581343279 0
    endloop
  endfacet
  facet normal 0.6135144450384412 -0.3893481061434829 -0.6870284404387178
    outer loop
      vertex 2.912461179749811 -2.1160269082529033 0
      vertex 2.629305231718579 -1.9103020699505375 -0.3694444444444448
      vertex 2.8479967101425565 -1.5656994408305749 -0.3694444444444443
    endloop
  endfacet
  facet normal 0.5598784432663299 -0.46317172926897693 -0.6870284404387177
    outer loop
      vertex 2.624287058717082 -2.464369581343279 0
      vertex 2.629305231718579 -1.9103020699505375 -0.3694444444444448
      vertex 2.912461179749811 -2.1160269082529033 0
    endloop
  endfacet
  facet normal 0.6135144450384413 -0.38934810614348275 -0.6870284404387175
    outer loop
      vertex 2.912461179749811 -2.1160269082529033 0
      vertex 2.8479967101425565 -1.5656994408305749 -0.3694444444444443
      vertex 3.1547040481579085 -1.7343132267661754 0
    endloop
  endfacet
  facet normal 0.657474957516531 -0.3093842307988229 -0.6870284404387176
    outer loop
      vertex 3.1547040481579085 -1.7343132267661754 0
      vertex 2.8479967101425565 -1.5656994408305749 -0.3694444444444443
      vertex 3.0217735791368163 -1.1964047962252047 -0.36944444444444485
    endloop
  endfacet
  facet normal 0.6910666971580839 -0.224541181317282 -0.6870284404387177
    outer loop
      vertex 3.4868993800630723 -0.895283593793476 0
      vertex 3.0217735791368163 -1.1964047962252047 -0.36944444444444485
      vertex 3.1478952736680514 -0.8082421332857769 -0.36944444444444435
    endloop
  endfacet
  facet normal 0.657474957516531 -0.3093842307988229 -0.6870284404387176
    outer loop
      vertex 3.1547040481579085 -1.7343132267661754 0
      vertex 3.0217735791368163 -1.1964047962252047 -0.36944444444444485
      vertex 3.3471953491977047 -1.3252483896648422 0
    endloop
  endfacet
  facet normal 0.691066697158084 -0.22454118131728212 -0.6870284404387176
    outer loop
      vertex 3.3471953491977047 -1.3252483896648422 0
      vertex 3.0217735791368163 -1.1964047962252047 -0.36944444444444485
      vertex 3.4868993800630723 -0.895283593793476 0
    endloop
  endfacet
  facet normal 0.7137599021622187 -0.13615698327196898 -0.6870284404387176
    outer loop
      vertex 3.4868993800630723 -0.895283593793476 0
      vertex 3.1478952736680514 -0.8082421332857769 -0.36944444444444435
      vertex 3.224372779272053 -0.40733300908398823 -0.36944444444444446
    endloop
  endfacet
  facet normal 0.7251966871297575 -0.04562550826421792 -0.6870284404387176
    outer loop
      vertex 3.57161292473212 -0.45119964083149466 0
      vertex 3.224372779272053 -0.40733300908398823 -0.36944444444444446
      vertex 3.25 0 -0.36944444444444446
    endloop
  endfacet
  facet normal 0.7137599021622189 -0.13615698327196907 -0.6870284404387176
    outer loop
      vertex 3.4868993800630723 -0.895283593793476 0
      vertex 3.224372779272053 -0.40733300908398823 -0.36944444444444446
      vertex 3.57161292473212 -0.45119964083149466 0
    endloop
  endfacet
  facet normal 0.7251966871297573 -0.04562550826421799 -0.6870284404387176
    outer loop
      vertex 3.57161292473212 -0.45119964083149466 0
      vertex 3.25 0 -0.36944444444444446
      vertex 3.6 0 0
    endloop
  endfacet
  facet normal 0 0.726630526490832 -0.6870284404387175
    outer loop
      vertex 0.2260458703055278 3.5928962223417775 0
      vertex 0.20406918847026814 3.2435868673918824 -0.3694444444444447
      vertex -0.20406918847026814 3.2435868673918824 -0.3694444444444447
    endloop
  endfacet
  facet normal 0.09107095349162829 0.7209008277554336 -0.6870284404387175
    outer loop
      vertex 0.6745727325086085 3.5362341026232795 0
      vertex 0.6089892724036048 3.1924335648682383 -0.3694444444444448
      vertex 0.20406918847026814 3.2435868673918824 -0.3694444444444447
    endloop
  endfacet
  facet normal 0.09107095349162818 0.7209008277554336 -0.6870284404387175
    outer loop
      vertex 0.2260458703055278 3.5928962223417775 0
      vertex 0.6745727325086085 3.5362341026232795 0
      vertex 0.20406918847026814 3.2435868673918824 -0.3694444444444447
    endloop
  endfacet
  facet normal 0.1807056636435445 0.7038020923210514 -0.6870284404387175
    outer loop
      vertex 1.1124611797498107 3.4238034586625528 0
      vertex 0.6089892724036048 3.1924335648682383 -0.3694444444444448
      vertex 0.6745727325086085 3.5362341026232795 0
    endloop
  endfacet
  facet normal 0.1807056636435449 0.7038020923210512 -0.6870284404387177
    outer loop
      vertex 1.1124611797498107 3.4238034586625528 0
      vertex 1.004305231718579 3.090933677959249 -0.36944444444444446
      vertex 0.6089892724036048 3.1924335648682383 -0.3694444444444448
    endloop
  endfacet
  facet normal 0.2674905375314695 0.6756039774597756 -0.6870284404387177
    outer loop
      vertex 1.5328054496342618 3.25737738887767 0
      vertex 1.3837826975864864 2.9406879205145633 -0.36944444444444424
      vertex 1.004305231718579 3.090933677959249 -0.36944444444444446
    endloop
  endfacet
  facet normal 0.3500569258514215 0.636751184287706 -0.6870284404387174
    outer loop
      vertex 1.928976461924388 3.039580531807254 0
      vertex 1.7414370836817392 2.744065757881549 -0.36944444444444446
      vertex 1.3837826975864864 2.9406879205145633 -0.36944444444444424
    endloop
  endfacet
  facet normal 0.2674905375314695 0.6756039774597754 -0.6870284404387177
    outer loop
      vertex 1.1124611797498107 3.4238034586625528 0
      vertex 1.5328054496342618 3.25737738887767 0
      vertex 1.004305231718579 3.090933677959249 -0.36944444444444446
    endloop
  endfacet
  facet normal 0.35005692585142173 0.6367511842877056 -0.6870284404387177
    outer loop
      vertex 1.5328054496342618 3.25737738887767 0
      vertex 1.928976461924388 3.039580531807254 0
      vertex 1.3837826975864864 2.9406879205145633 -0.36944444444444424
    endloop
  endfacet
  facet normal 0.7251966871297575 0.04562550826421798 -0.6870284404387177
    outer loop
      vertex 3.6 0 0
      vertex 3.25 0 -0.36944444444444446
      vertex 3.224372779272053 0.40733300908398884 -0.36944444444444446
    endloop
  endfacet
  facet normal 0.7137599021622187 0.13615698327196946 -0.6870284404387177
    outer loop
      vertex 3.57161292473212 0.45119964083149533 0
      vertex 3.224372779272053 0.40733300908398884 -0.36944444444444446
      vertex 3.147895273668051 0.8082421332857781 -0.3694444444444444
    endloop
  endfacet
  facet normal 0.7251966871297574 0.04562550826421793 -0.6870284404387176
    outer loop
      vertex 3.6 0 0
      vertex 3.224372779272053 0.40733300908398884 -0.36944444444444446
      vertex 3.57161292473212 0.45119964083149533 0
    endloop
  endfacet
  facet normal 0.7137599021622189 0.13615698327196954 -0.6870284404387176
    outer loop
      vertex 3.486899380063072 0.8952835937934773 0
      vertex 3.57161292473212 0.45119964083149533 0
      vertex 3.147895273668051 0.8082421332857781 -0.3694444444444444
    endloop
  endfacet
  facet normal 0.6135144450384412 0.38934810614348303 -0.6870284404387176
    outer loop
      vertex 3.154704048157909 1.7343132267661752 0
      vertex 2.8479967101425565 1.5656994408305749 -0.3694444444444445
      vertex 2.629305231718579 1.9103020699505378 -0.36944444444444474
    endloop
  endfacet
  facet normal 0.6910666971580839 0.22454118131728212 -0.6870284404387177
    outer loop
      vertex 3.486899380063072 0.8952835937934773 0
      vertex 3.147895273668051 0.8082421332857781 -0.3694444444444444
      vertex 3.0217735791368168 1.1964047962252033 -0.3694444444444448
    endloop
  endfacet
  facet normal 0.6574749575165312 0.30938423079882216 -0.6870284404387176
    outer loop
      vertex 3.347195349197705 1.3252483896648408 0
      vertex 3.0217735791368168 1.1964047962252033 -0.3694444444444448
      vertex 2.8479967101425565 1.5656994408305749 -0.3694444444444445
    endloop
  endfacet
  facet normal 0.6910666971580839 0.2245411813172821 -0.6870284404387176
    outer loop
      vertex 3.486899380063072 0.8952835937934773 0
      vertex 3.0217735791368168 1.1964047962252033 -0.3694444444444448
      vertex 3.347195349197705 1.3252483896648408 0
    endloop
  endfacet
  facet normal 0.6574749575165312 0.30938423079882216 -0.6870284404387176
    outer loop
      vertex 3.154704048157909 1.7343132267661752 0
      vertex 3.347195349197705 1.3252483896648408 0
      vertex 2.8479967101425565 1.5656994408305749 -0.3694444444444445
    endloop
  endfacet
  facet normal 0.49741282398873754 0.52969085753852 -0.6870284404387176
    outer loop
      vertex 2.6242870587170817 2.4643695813432793 0
      vertex 2.3691480391195876 2.2247780942682382 -0.36944444444444446
      vertex 2.0716279666832413 2.5041680390213146 -0.3694444444444445
    endloop
  endfacet
  facet normal 0.4974128239887377 0.5296908575385194 -0.6870284404387178
    outer loop
      vertex 2.6242870587170817 2.4643695813432793 0
      vertex 2.0716279666832413 2.5041680390213146 -0.3694444444444445
      vertex 2.294726363095283 2.773847673992841 0
    endloop
  endfacet
  facet normal 0.4271027073368268 0.5878564445626975 -0.6870284404387179
    outer loop
      vertex 2.294726363095283 2.773847673992841 0
      vertex 2.0716279666832413 2.5041680390213146 -0.3694444444444445
      vertex 1.7414370836817392 2.744065757881549 -0.36944444444444446
    endloop
  endfacet
  facet normal 0.4271027073368265 0.5878564445626983 -0.6870284404387175
    outer loop
      vertex 1.928976461924388 3.039580531807254 0
      vertex 2.294726363095283 2.773847673992841 0
      vertex 1.7414370836817392 2.744065757881549 -0.36944444444444446
    endloop
  endfacet
  facet normal 0.5598784432663299 0.4631717292689771 -0.6870284404387176
    outer loop
      vertex 2.912461179749811 2.1160269082529033 0
      vertex 2.629305231718579 1.9103020699505378 -0.36944444444444474
      vertex 2.3691480391195876 2.2247780942682382 -0.36944444444444446
    endloop
  endfacet
  facet normal 0.6135144450384412 0.3893481061434832 -0.6870284404387176
    outer loop
      vertex 3.154704048157909 1.7343132267661752 0
      vertex 2.629305231718579 1.9103020699505378 -0.36944444444444474
      vertex 2.912461179749811 2.1160269082529033 0
    endloop
  endfacet
  facet normal 0.5598784432663299 0.463171729268977 -0.6870284404387176
    outer loop
      vertex 2.6242870587170817 2.4643695813432793 0
      vertex 2.912461179749811 2.1160269082529033 0
      vertex 2.3691480391195876 2.2247780942682382 -0.36944444444444446
    endloop
  endfacet
  facet normal -0.8443279255020152 -0.5358267949789963 0
    outer loop
      vertex -5.663118960624632 -4.114496766047312 0
      vertex -6.134146760307044 -3.372275718712008 3
      vertex -6.134146760307044 -3.372275718712008 0
    endloop
  endfacet
  facet normal -0.7705132427757893 -0.6374239897486896 0
    outer loop
      vertex -5.663118960624632 -4.114496766047312 0
      vertex -5.1027803919498815 -4.79182974150082 0
      vertex -5.663118960624632 -4.114496766047312 3
    endloop
  endfacet
  facet normal -0.5877852522924721 -0.8090169943749481 0
    outer loop
      vertex -4.461967928240828 -5.393592699430526 0
      vertex -3.7507875648529776 -5.910295478514104 0
      vertex -3.7507875648529776 -5.910295478514104 3
    endloop
  endfacet
  facet normal -0.6845471059286894 -0.7289686274214108 0
    outer loop
      vertex -4.461967928240828 -5.393592699430526 0
      vertex -4.461967928240828 -5.393592699430526 3
      vertex -5.1027803919498815 -4.79182974150082 0
    endloop
  endfacet
  facet normal 0 0 -1
    outer loop
      vertex -6.50843540121776 -2.576871868792745 0
      vertex -6.7800821279004175 -1.740829210153984 0
      vertex -6.50843540121776 2.576871868792745 0
    endloop
  endfacet
  facet normal 0 0 -1
    outer loop
      vertex -6.7800821279004175 -1.740829210153984 0
      vertex -6.9448029092013455 -0.8773326349501285 0
      vertex -6.7800821279004175 1.740829210153984 0
    endloop
  endfacet
  facet normal 0 0 -1
    outer loop
      vertex -6.134146760307044 -3.372275718712008 0
      vertex -6.50843540121776 -2.576871868792745 0
      vertex -6.134146760307044 3.372275718712008 0
    endloop
  endfacet
  facet normal 0 0 -1
    outer loop
      vertex -5.663118960624632 -4.114496766047312 0
      vertex -6.134146760307044 -3.372275718712008 0
      vertex -5.663118960624632 4.114496766047312 0
    endloop
  endfacet
  facet normal 0 0 -1
    outer loop
      vertex -5.663118960624632 -4.114496766047312 0
      vertex -5.1027803919498815 4.79182974150082 0
      vertex -5.1027803919498815 -4.79182974150082 0
    endloop
  endfacet
  facet normal 0 0 -1
    outer loop
      vertex -3.7507875648529776 -5.910295478514104 0
      vertex -3.486899380063072 -0.8952835937934774 0
      vertex -3.347195349197705 -1.3252483896648404 0
    endloop
  endfacet
  facet normal 0 0 -1
    outer loop
      vertex -4.461967928240828 -5.393592699430526 0
      vertex -3.7507875648529776 5.910295478514104 0
      vertex -3.7507875648529776 -5.910295478514104 0
    endloop
  endfacet
  facet normal 0 0 -1
    outer loop
      vertex -3.7507875648529776 -5.910295478514104 0
      vertex -3.57161292473212 -0.45119964083149466 0
      vertex -3.486899380063072 -0.8952835937934774 0
    endloop
  endfacet
  facet normal 0 0 -1
    outer loop
      vertex -3.7507875648529776 -5.910295478514104 0
      vertex -3.6 0 0
      vertex -3.57161292473212 -0.45119964083149466 0
    endloop
  endfacet
  facet normal 0 0 -1
    outer loop
      vertex -4.461967928240828 -5.393592699430526 0
      vertex -5.1027803919498815 -4.79182974150082 0
      vertex -4.461967928240828 5.393592699430526 0
    endloop
  endfacet
  facet normal -0.9048270524660196 -0.42577929156507277 0
    outer loop
      vertex -6.134146760307044 -3.372275718712008 0
      vertex -6.50843540121776 -2.576871868792745 3
      vertex -6.50843540121776 -2.576871868792745 0
    endloop
  endfacet
  facet normal -0.9510565162951536 -0.3090169943749475 0
    outer loop
      vertex -6.50843540121776 -2.576871868792745 0
      vertex -6.7800821279004175 -1.740829210153984 3
      vertex -6.7800821279004175 -1.740829210153984 0
    endloop
  endfacet
  facet normal -0.9822872507286885 -0.18738131458572532 0
    outer loop
      vertex -6.7800821279004175 -1.740829210153984 0
      vertex -6.9448029092013455 -0.8773326349501285 3
      vertex -6.9448029092013455 -0.8773326349501285 0
    endloop
  endfacet
  facet normal -0.9980267284282717 -0.06279051952931274 0
    outer loop
      vertex -6.9448029092013455 -0.8773326349501285 0
      vertex -7 0 3
      vertex -7 0 0
    endloop
  endfacet
  facet normal 0 0 -1
    outer loop
      vertex -2.980455040955507 -6.333789367262137 0
      vertex -2.2947263630952826 -2.773847673992842 0
      vertex -2.1631189606246317 -6.657395614066075 0
    endloop
  endfacet
  facet normal 0 0 -1
    outer loop
      vertex -3.7507875648529776 -5.910295478514104 0
      vertex -3.1547040481579085 -1.7343132267661754 0
      vertex -2.980455040955507 -6.333789367262137 0
    endloop
  endfacet
  facet normal 0 0 -1
    outer loop
      vertex -2.980455040955507 -6.333789367262137 0
      vertex -2.624287058717082 -2.464369581343279 0
      vertex -2.2947263630952826 -2.773847673992842 0
    endloop
  endfacet
  facet normal 0 0 -1
    outer loop
      vertex -2.980455040955507 -6.333789367262137 0
      vertex -2.912461179749811 -2.1160269082529033 0
      vertex -2.624287058717082 -2.464369581343279 0
    endloop
  endfacet
  facet normal 0 0 -1
    outer loop
      vertex -2.1631189606246317 -6.657395614066075 0
      vertex -2.2947263630952826 -2.773847673992842 0
      vertex -1.9289764619243883 -3.0395805318072537 0
    endloop
  endfacet
  facet normal 0 0 -1
    outer loop
      vertex -2.1631189606246317 -6.657395614066075 0
      vertex -1.9289764619243883 -3.0395805318072537 0
      vertex -1.532805449634261 -3.2573773888776705 0
    endloop
  endfacet
  facet normal 0 0 -1
    outer loop
      vertex -2.1631189606246317 -6.657395614066075 0
      vertex -1.532805449634261 -3.2573773888776705 0
      vertex -1.3116692021000738 -6.87601075510082 0
    endloop
  endfacet
  facet normal 0 0 -1
    outer loop
      vertex -1.3116692021000738 -6.87601075510082 0
      vertex -0.6745727325086094 -3.536234102623279 0
      vertex -0.43953363670519635 -6.986187098997901 0
    endloop
  endfacet
  facet normal 0 0 -1
    outer loop
      vertex -0.43953363670519635 -6.986187098997901 0
      vertex -0.2260458703055304 -3.5928962223417775 0
      vertex 0.43953363670519635 -6.986187098997901 0
    endloop
  endfacet
  facet normal 0 0 -1
    outer loop
      vertex -1.3116692021000738 -6.87601075510082 0
      vertex -1.532805449634261 -3.2573773888776705 0
      vertex -1.1124611797498107 -3.4238034586625528 0
    endloop
  endfacet
  facet normal 0 0 -1
    outer loop
      vertex -1.3116692021000738 -6.87601075510082 0
      vertex -1.1124611797498107 -3.4238034586625528 0
      vertex -0.6745727325086094 -3.536234102623279 0
    endloop
  endfacet
  facet normal 0 0 -1
    outer loop
      vertex -0.43953363670519635 -6.986187098997901 0
      vertex -0.6745727325086094 -3.536234102623279 0
      vertex -0.2260458703055304 -3.5928962223417775 0
    endloop
  endfacet
  facet normal -0.4817536741017148 -0.8763066800438638 0
    outer loop
      vertex -3.7507875648529776 -5.910295478514104 0
      vertex -2.980455040955507 -6.333789367262137 0
      vertex -2.980455040955507 -6.333789367262137 3
    endloop
  endfacet
  facet normal -0.36812455268467814 -0.9297764858882512 0
    outer loop
      vertex -2.980455040955507 -6.333789367262137 0
      vertex -2.1631189606246317 -6.657395614066075 0
      vertex -2.1631189606246317 -6.657395614066075 3
    endloop
  endfacet
  facet normal -0.24868988716485488 -0.9685831611286311 0
    outer loop
      vertex -2.1631189606246317 -6.657395614066075 0
      vertex -1.3116692021000738 -6.87601075510082 0
      vertex -1.3116692021000738 -6.87601075510082 3
    endloop
  endfacet
  facet normal -0.12533323356430498 -0.9921147013144778 0
    outer loop
      vertex -1.3116692021000738 -6.87601075510082 0
      vertex -0.43953363670519635 -6.986187098997901 0
      vertex -0.43953363670519635 -6.986187098997901 3
    endloop
  endfacet
  facet normal 0 0 -1
    outer loop
      vertex -3.7507875648529776 -5.910295478514104 0
      vertex -3.347195349197705 -1.3252483896648404 0
      vertex -3.1547040481579085 -1.7343132267661754 0
    endloop
  endfacet
  facet normal 0 0 -1
    outer loop
      vertex -2.980455040955507 -6.333789367262137 0
      vertex -3.1547040481579085 -1.7343132267661754 0
      vertex -2.912461179749811 -2.1160269082529033 0
    endloop
  endfacet
  facet normal -0.7705132427757893 -0.6374239897486896 0
    outer loop
      vertex -5.1027803919498815 -4.79182974150082 0
      vertex -5.1027803919498815 -4.79182974150082 3
      vertex -5.663118960624632 -4.114496766047312 3
    endloop
  endfacet
  facet normal -0.8443279255020152 -0.5358267949789963 0
    outer loop
      vertex -5.663118960624632 -4.114496766047312 0
      vertex -5.663118960624632 -4.114496766047312 3
      vertex -6.134146760307044 -3.372275718712008 3
    endloop
  endfacet
  facet normal -0.5877852522924721 -0.8090169943749481 0
    outer loop
      vertex -4.461967928240828 -5.393592699430526 0
      vertex -3.7507875648529776 -5.910295478514104 3
      vertex -4.461967928240828 -5.393592699430526 3
    endloop
  endfacet
  facet normal -0.6845471059286894 -0.7289686274214108 0
    outer loop
      vertex -5.1027803919498815 -4.79182974150082 0
      vertex -4.461967928240828 -5.393592699430526 3
      vertex -5.1027803919498815 -4.79182974150082 3
    endloop
  endfacet
  facet normal -0.9048270524660196 -0.42577929156507277 0
    outer loop
      vertex -6.134146760307044 -3.372275718712008 0
      vertex -6.134146760307044 -3.372275718712008 3
      vertex -6.50843540121776 -2.576871868792745 3
    endloop
  endfacet
  facet normal -0.9510565162951536 -0.3090169943749475 0
    outer loop
      vertex -6.50843540121776 -2.576871868792745 0
      vertex -6.50843540121776 -2.576871868792745 3
      vertex -6.7800821279004175 -1.740829210153984 3
    endloop
  endfacet
  facet normal -0.9822872507286885 -0.18738131458572532 0
    outer loop
      vertex -6.7800821279004175 -1.740829210153984 0
      vertex -6.7800821279004175 -1.740829210153984 3
      vertex -6.9448029092013455 -0.8773326349501285 3
    endloop
  endfacet
  facet normal -0.9980267284282717 -0.06279051952931274 0
    outer loop
      vertex -6.9448029092013455 -0.8773326349501285 0
      vertex -6.9448029092013455 -0.8773326349501285 3
      vertex -7 0 3
    endloop
  endfacet
  facet normal 0 0 1
    outer loop
      vertex -6.134146760307044 -3.372275718712008 3
      vertex -6.50843540121776 2.576871868792745 3
      vertex -6.50843540121776 -2.576871868792745 3
    endloop
  endfacet
  facet normal 0 0 1
    outer loop
      vertex -6.7800821279004175 -1.740829210153984 3
      vertex -6.9448029092013455 0.8773326349501285 3
      vertex -6.9448029092013455 -0.8773326349501285 3
    endloop
  endfacet
  facet normal 0 0 1
    outer loop
      vertex -6.50843540121776 -2.576871868792745 3
      vertex -6.7800821279004175 1.740829210153984 3
      vertex -6.7800821279004175 -1.740829210153984 3
    endloop
  endfacet
  facet normal 0 0 1
    outer loop
      vertex -5.663118960624632 -4.114496766047312 3
      vertex -6.134146760307044 3.372275718712008 3
      vertex -6.134146760307044 -3.372275718712008 3
    endloop
  endfacet
  facet normal 0 0 1
    outer loop
      vertex -5.663118960624632 -4.114496766047312 3
      vertex -5.1027803919498815 -4.79182974150082 3
      vertex -5.663118960624632 4.114496766047312 3
    endloop
  endfacet
  facet normal 0 0 1
    outer loop
      vertex -4.461967928240828 -5.393592699430526 3
      vertex -5.1027803919498815 4.79182974150082 3
      vertex -5.1027803919498815 -4.79182974150082 3
    endloop
  endfacet
  facet normal 0 0 1
    outer loop
      vertex -4.461967928240828 -5.393592699430526 3
      vertex -3.7507875648529776 -5.910295478514104 3
      vertex -4.461967928240828 5.393592699430526 3
    endloop
  endfacet
  facet normal -0.36812455268467814 -0.9297764858882512 0
    outer loop
      vertex -2.980455040955507 -6.333789367262137 0
      vertex -2.1631189606246317 -6.657395614066075 3
      vertex -2.980455040955507 -6.333789367262137 3
    endloop
  endfacet
  facet normal -0.4817536741017148 -0.8763066800438638 0
    outer loop
      vertex -3.7507875648529776 -5.910295478514104 0
      vertex -2.980455040955507 -6.333789367262137 3
      vertex -3.7507875648529776 -5.910295478514104 3
    endloop
  endfacet
  facet normal -0.24868988716485488 -0.9685831611286311 0
    outer loop
      vertex -2.1631189606246317 -6.657395614066075 0
      vertex -1.3116692021000738 -6.87601075510082 3
      vertex -2.1631189606246317 -6.657395614066075 3
    endloop
  endfacet
  facet normal -0.12533323356430498 -0.9921147013144778 0
    outer loop
      vertex -1.3116692021000738 -6.87601075510082 0
      vertex -0.43953363670519635 -6.986187098997901 3
      vertex -1.3116692021000738 -6.87601075510082 3
    endloop
  endfacet
  facet normal 0 -1 0
    outer loop
      vertex -0.43953363670519635 -6.986187098997901 0
      vertex 0.43953363670519635 -6.986187098997901 3
      vertex -0.43953363670519635 -6.986187098997901 3
    endloop
  endfacet
  facet normal 0 0 1
    outer loop
      vertex -2.980455040955507 -6.333789367262137 3
      vertex -2.1631189606246317 -6.657395614066075 3
      vertex -2.629305231718579 -1.9103020699505378 3
    endloop
  endfacet
  facet normal 0 0 1
    outer loop
      vertex -2.1631189606246317 -6.657395614066075 3
      vertex -2.0716279666832413 -2.5041680390213155 3
      vertex -2.369148039119588 -2.224778094268238 3
    endloop
  endfacet
  facet normal 0 0 1
    outer loop
      vertex -2.1631189606246317 -6.657395614066075 3
      vertex -2.369148039119588 -2.224778094268238 3
      vertex -2.629305231718579 -1.9103020699505378 3
    endloop
  endfacet
  facet normal 0 0 1
    outer loop
      vertex -2.1631189606246317 -6.657395614066075 3
      vertex -1.7414370836817394 -2.7440657578815486 3
      vertex -2.0716279666832413 -2.5041680390213155 3
    endloop
  endfacet
  facet normal 0 0 1
    outer loop
      vertex -2.1631189606246317 -6.657395614066075 3
      vertex -1.3116692021000738 -6.87601075510082 3
      vertex -1.7414370836817394 -2.7440657578815486 3
    endloop
  endfacet
  facet normal 0 0 1
    outer loop
      vertex -1.3116692021000738 -6.87601075510082 3
      vertex -0.43953363670519635 -6.986187098997901 3
      vertex -1.004305231718579 -3.090933677959249 3
    endloop
  endfacet
  facet normal 0 0 1
    outer loop
      vertex -1.3116692021000738 -6.87601075510082 3
      vertex -1.3837826975864855 -2.9406879205145637 3
      vertex -1.7414370836817394 -2.7440657578815486 3
    endloop
  endfacet
  facet normal 0 0 1
    outer loop
      vertex -1.3116692021000738 -6.87601075510082 3
      vertex -1.004305231718579 -3.090933677959249 3
      vertex -1.3837826975864855 -2.9406879205145637 3
    endloop
  endfacet
  facet normal 0 0 1
    outer loop
      vertex -0.43953363670519635 -6.986187098997901 3
      vertex -0.6089892724036057 -3.192433564868238 3
      vertex -1.004305231718579 -3.090933677959249 3
    endloop
  endfacet
  facet normal 0 0 1
    outer loop
      vertex -0.43953363670519635 -6.986187098997901 3
      vertex -0.20406918847026972 -3.2435868673918824 3
      vertex -0.6089892724036057 -3.192433564868238 3
    endloop
  endfacet
  facet normal 0 0 1
    outer loop
      vertex -0.43953363670519635 -6.986187098997901 3
      vertex 0.20406918847026972 -3.2435868673918824 3
      vertex -0.20406918847026972 -3.2435868673918824 3
    endloop
  endfacet
  facet normal 0 0 1
    outer loop
      vertex -2.980455040955507 -6.333789367262137 3
      vertex -2.629305231718579 -1.9103020699505378 3
      vertex -2.8479967101425565 -1.5656994408305749 3
    endloop
  endfacet
  facet normal 0 0 1
    outer loop
      vertex -2.980455040955507 -6.333789367262137 3
      vertex -2.8479967101425565 -1.5656994408305749 3
      vertex -3.021773579136817 -1.1964047962252031 3
    endloop
  endfacet
  facet normal 0 0 1
    outer loop
      vertex -2.980455040955507 -6.333789367262137 3
      vertex -3.021773579136817 -1.1964047962252031 3
      vertex -3.147895273668051 -0.8082421332857783 3
    endloop
  endfacet
  facet normal 0 0 1
    outer loop
      vertex -2.980455040955507 -6.333789367262137 3
      vertex -3.147895273668051 -0.8082421332857783 3
      vertex -3.224372779272053 -0.40733300908398823 3
    endloop
  endfacet
  facet normal 0 0 1
    outer loop
      vertex -2.980455040955507 -6.333789367262137 3
      vertex -3.224372779272053 -0.40733300908398823 3
      vertex -3.25 0 3
    endloop
  endfacet
  facet normal 0 0 1
    outer loop
      vertex -3.7507875648529776 -5.910295478514104 3
      vertex -2.980455040955507 -6.333789367262137 3
      vertex -3.7507875648529776 5.910295478514104 3
    endloop
  endfacet
  facet normal 0 0 1
    outer loop
      vertex -2.980455040955507 -6.333789367262137 3
      vertex -3.25 0 3
      vertex -3.7507875648529776 5.910295478514104 3
    endloop
  endfacet
  facet normal 0 0 -1
    outer loop
      vertex -6.9448029092013455 -0.8773326349501285 0
      vertex -7 0 0
      vertex -6.9448029092013455 0.8773326349501285 0
    endloop
  endfacet
  facet normal 0 0 -1
    outer loop
      vertex -6.9448029092013455 -0.8773326349501285 0
      vertex -6.9448029092013455 0.8773326349501285 0
      vertex -6.7800821279004175 1.740829210153984 0
    endloop
  endfacet
  facet normal 0 0 -1
    outer loop
      vertex -6.7800821279004175 -1.740829210153984 0
      vertex -6.7800821279004175 1.740829210153984 0
      vertex -6.50843540121776 2.576871868792745 0
    endloop
  endfacet
  facet normal 0 0 -1
    outer loop
      vertex -6.50843540121776 -2.576871868792745 0
      vertex -6.50843540121776 2.576871868792745 0
      vertex -6.134146760307044 3.372275718712008 0
    endloop
  endfacet
  facet normal 0 0 -1
    outer loop
      vertex -6.134146760307044 -3.372275718712008 0
      vertex -6.134146760307044 3.372275718712008 0
      vertex -5.663118960624632 4.114496766047312 0
    endloop
  endfacet
  facet normal 0 0 -1
    outer loop
      vertex -5.663118960624632 -4.114496766047312 0
      vertex -5.663118960624632 4.114496766047312 0
      vertex -5.1027803919498815 4.79182974150082 0
    endloop
  endfacet
  facet normal 0 0 -1
    outer loop
      vertex -3.7507875648529776 -5.910295478514104 0
      vertex -3.7507875648529776 5.910295478514104 0
      vertex -3.6 0 0
    endloop
  endfacet
  facet normal 0 0 -1
    outer loop
      vertex -5.1027803919498815 -4.79182974150082 0
      vertex -5.1027803919498815 4.79182974150082 0
      vertex -4.461967928240828 5.393592699430526 0
    endloop
  endfacet
  facet normal 0 0 -1
    outer loop
      vertex -4.461967928240828 -5.393592699430526 0
      vertex -4.461967928240828 5.393592699430526 0
      vertex -3.7507875648529776 5.910295478514104 0
    endloop
  endfacet
  facet normal 0 0 -1
    outer loop
      vertex -3.6 0 0
      vertex -3.7507875648529776 5.910295478514104 0
      vertex -3.57161292473212 0.45119964083149466 0
    endloop
  endfacet
  facet normal 0 0 -1
    outer loop
      vertex -3.57161292473212 0.45119964083149466 0
      vertex -3.7507875648529776 5.910295478514104 0
      vertex -3.486899380063072 0.8952835937934774 0
    endloop
  endfacet
  facet normal 0 0 -1
    outer loop
      vertex -3.7507875648529776 5.910295478514104 0
      vertex -3.347195349197705 1.3252483896648404 0
      vertex -3.486899380063072 0.8952835937934774 0
    endloop
  endfacet
  facet normal -0.9980267284282717 0.06279051952931274 0
    outer loop
      vertex -7 0 0
      vertex -6.9448029092013455 0.8773326349501285 3
      vertex -6.9448029092013455 0.8773326349501285 0
    endloop
  endfacet
  facet normal -0.9822872507286885 0.18738131458572532 0
    outer loop
      vertex -6.9448029092013455 0.8773326349501285 0
      vertex -6.7800821279004175 1.740829210153984 3
      vertex -6.7800821279004175 1.740829210153984 0
    endloop
  endfacet
  facet normal -0.9510565162951536 0.3090169943749475 0
    outer loop
      vertex -6.7800821279004175 1.740829210153984 0
      vertex -6.50843540121776 2.576871868792745 3
      vertex -6.50843540121776 2.576871868792745 0
    endloop
  endfacet
  facet normal -0.9048270524660196 0.42577929156507277 0
    outer loop
      vertex -6.50843540121776 2.576871868792745 0
      vertex -6.134146760307044 3.372275718712008 3
      vertex -6.134146760307044 3.372275718712008 0
    endloop
  endfacet
  facet normal -0.8443279255020152 0.5358267949789963 0
    outer loop
      vertex -6.134146760307044 3.372275718712008 0
      vertex -5.663118960624632 4.114496766047312 3
      vertex -5.663118960624632 4.114496766047312 0
    endloop
  endfacet
  facet normal -0.7705132427757893 0.6374239897486896 0
    outer loop
      vertex -5.663118960624632 4.114496766047312 0
      vertex -5.1027803919498815 4.79182974150082 3
      vertex -5.1027803919498815 4.79182974150082 0
    endloop
  endfacet
  facet normal -0.6845471059286894 0.7289686274214108 0
    outer loop
      vertex -5.1027803919498815 4.79182974150082 0
      vertex -5.1027803919498815 4.79182974150082 3
      vertex -4.461967928240828 5.393592699430526 0
    endloop
  endfacet
  facet normal -0.5877852522924721 0.8090169943749481 0
    outer loop
      vertex -4.461967928240828 5.393592699430526 0
      vertex -4.461967928240828 5.393592699430526 3
      vertex -3.7507875648529776 5.910295478514104 0
    endloop
  endfacet
  facet normal 0 0 -1
    outer loop
      vertex -3.7507875648529776 5.910295478514104 0
      vertex -3.1547040481579085 1.7343132267661754 0
      vertex -3.347195349197705 1.3252483896648404 0
    endloop
  endfacet
  facet normal 0 0 -1
    outer loop
      vertex -3.1547040481579085 1.7343132267661754 0
      vertex -2.980455040955509 6.333789367262137 0
      vertex -2.912461179749811 2.1160269082529033 0
    endloop
  endfacet
  facet normal 0 0 -1
    outer loop
      vertex -2.912461179749811 2.1160269082529033 0
      vertex -2.980455040955509 6.333789367262137 0
      vertex -2.624287058717082 2.464369581343279 0
    endloop
  endfacet
  facet normal 0 0 -1
    outer loop
      vertex -2.624287058717082 2.464369581343279 0
      vertex -2.980455040955509 6.333789367262137 0
      vertex -2.2947263630952826 2.773847673992842 0
    endloop
  endfacet
  facet normal 0 0 -1
    outer loop
      vertex -3.7507875648529776 5.910295478514104 0
      vertex -2.980455040955509 6.333789367262137 0
      vertex -3.1547040481579085 1.7343132267661754 0
    endloop
  endfacet
  facet normal 0 0 -1
    outer loop
      vertex -2.2947263630952826 2.773847673992842 0
      vertex -2.1631189606246317 6.657395614066075 0
      vertex -1.9289764619243883 3.0395805318072537 0
    endloop
  endfacet
  facet normal 0 0 -1
    outer loop
      vertex -1.9289764619243883 3.0395805318072537 0
      vertex -2.1631189606246317 6.657395614066075 0
      vertex -1.5328054496342618 3.25737738887767 0
    endloop
  endfacet
  facet normal 0 0 -1
    outer loop
      vertex -2.2947263630952826 2.773847673992842 0
      vertex -2.980455040955509 6.333789367262137 0
      vertex -2.1631189606246317 6.657395614066075 0
    endloop
  endfacet
  facet normal 0 0 -1
    outer loop
      vertex -1.5328054496342618 3.25737738887767 0
      vertex -1.311669202100072 6.876010755100821 0
      vertex -1.1124611797498107 3.4238034586625528 0
    endloop
  endfacet
  facet normal 0 0 -1
    outer loop
      vertex -1.1124611797498107 3.4238034586625528 0
      vertex -1.311669202100072 6.876010755100821 0
      vertex -0.6745727325086085 3.5362341026232795 0
    endloop
  endfacet
  facet normal 0 0 -1
    outer loop
      vertex -0.6745727325086085 3.5362341026232795 0
      vertex -1.311669202100072 6.876010755100821 0
      vertex -0.2260458703055278 3.5928962223417775 0
    endloop
  endfacet
  facet normal 0 0 -1
    outer loop
      vertex -0.2260458703055278 3.5928962223417775 0
      vertex -0.43953363670519296 6.986187098997901 0
      vertex 0.2260458703055278 3.5928962223417775 0
    endloop
  endfacet
  facet normal 0 0 -1
    outer loop
      vertex -1.5328054496342618 3.25737738887767 0
      vertex -2.1631189606246317 6.657395614066075 0
      vertex -1.311669202100072 6.876010755100821 0
    endloop
  endfacet
  facet normal 0 0 -1
    outer loop
      vertex -0.2260458703055278 3.5928962223417775 0
      vertex -1.311669202100072 6.876010755100821 0
      vertex -0.43953363670519296 6.986187098997901 0
    endloop
  endfacet
  facet normal -0.4817536741017157 0.8763066800438634 0
    outer loop
      vertex -3.7507875648529776 5.910295478514104 0
      vertex -3.7507875648529776 5.910295478514104 3
      vertex -2.980455040955509 6.333789367262137 0
    endloop
  endfacet
  facet normal -0.3681245526846775 0.9297764858882517 0
    outer loop
      vertex -2.980455040955509 6.333789367262137 0
      vertex -2.980455040955509 6.333789367262137 3
      vertex -2.1631189606246317 6.657395614066075 0
    endloop
  endfacet
  facet normal -0.24868988716485535 0.968583161128631 0
    outer loop
      vertex -2.1631189606246317 6.657395614066075 0
      vertex -2.1631189606246317 6.657395614066075 3
      vertex -1.311669202100072 6.876010755100821 0
    endloop
  endfacet
  facet normal -0.12533323356430376 0.992114701314478 0
    outer loop
      vertex -1.311669202100072 6.876010755100821 0
      vertex -1.311669202100072 6.876010755100821 3
      vertex -0.43953363670519296 6.986187098997901 0
    endloop
  endfacet
  facet normal 0 1 0
    outer loop
      vertex -0.43953363670519296 6.986187098997901 0
      vertex -0.43953363670519296 6.986187098997901 3
      vertex 0.43953363670519296 6.986187098997901 0
    endloop
  endfacet
  facet normal -0.9980267284282717 0.06279051952931274 0
    outer loop
      vertex -7 0 0
      vertex -7 0 3
      vertex -6.9448029092013455 0.8773326349501285 3
    endloop
  endfacet
  facet normal -0.9822872507286885 0.18738131458572532 0
    outer loop
      vertex -6.9448029092013455 0.8773326349501285 0
      vertex -6.9448029092013455 0.8773326349501285 3
      vertex -6.7800821279004175 1.740829210153984 3
    endloop
  endfacet
  facet normal -0.9510565162951536 0.3090169943749475 0
    outer loop
      vertex -6.7800821279004175 1.740829210153984 0
      vertex -6.7800821279004175 1.740829210153984 3
      vertex -6.50843540121776 2.576871868792745 3
    endloop
  endfacet
  facet normal -0.9048270524660196 0.42577929156507277 0
    outer loop
      vertex -6.50843540121776 2.576871868792745 0
      vertex -6.50843540121776 2.576871868792745 3
      vertex -6.134146760307044 3.372275718712008 3
    endloop
  endfacet
  facet normal 0 0 1
    outer loop
      vertex -6.9448029092013455 -0.8773326349501285 3
      vertex -6.9448029092013455 0.8773326349501285 3
      vertex -7 0 3
    endloop
  endfacet
  facet normal 0 0 1
    outer loop
      vertex -6.7800821279004175 -1.740829210153984 3
      vertex -6.7800821279004175 1.740829210153984 3
      vertex -6.9448029092013455 0.8773326349501285 3
    endloop
  endfacet
  facet normal 0 0 1
    outer loop
      vertex -6.50843540121776 -2.576871868792745 3
      vertex -6.50843540121776 2.576871868792745 3
      vertex -6.7800821279004175 1.740829210153984 3
    endloop
  endfacet
  facet normal 0 0 1
    outer loop
      vertex -6.134146760307044 -3.372275718712008 3
      vertex -6.134146760307044 3.372275718712008 3
      vertex -6.50843540121776 2.576871868792745 3
    endloop
  endfacet
  facet normal 0 0 1
    outer loop
      vertex -5.663118960624632 -4.114496766047312 3
      vertex -5.663118960624632 4.114496766047312 3
      vertex -6.134146760307044 3.372275718712008 3
    endloop
  endfacet
  facet normal 0 0 1
    outer loop
      vertex -5.1027803919498815 -4.79182974150082 3
      vertex -5.1027803919498815 4.79182974150082 3
      vertex -5.663118960624632 4.114496766047312 3
    endloop
  endfacet
  facet normal 0 0 1
    outer loop
      vertex -4.461967928240828 -5.393592699430526 3
      vertex -4.461967928240828 5.393592699430526 3
      vertex -5.1027803919498815 4.79182974150082 3
    endloop
  endfacet
  facet normal 0 0 1
    outer loop
      vertex -3.7507875648529776 -5.910295478514104 3
      vertex -3.7507875648529776 5.910295478514104 3
      vertex -4.461967928240828 5.393592699430526 3
    endloop
  endfacet
  facet normal -0.8443279255020152 0.5358267949789963 0
    outer loop
      vertex -6.134146760307044 3.372275718712008 0
      vertex -6.134146760307044 3.372275718712008 3
      vertex -5.663118960624632 4.114496766047312 3
    endloop
  endfacet
  facet normal -0.7705132427757893 0.6374239897486896 0
    outer loop
      vertex -5.663118960624632 4.114496766047312 0
      vertex -5.663118960624632 4.114496766047312 3
      vertex -5.1027803919498815 4.79182974150082 3
    endloop
  endfacet
  facet normal -0.6845471059286894 0.7289686274214108 0
    outer loop
      vertex -4.461967928240828 5.393592699430526 0
      vertex -5.1027803919498815 4.79182974150082 3
      vertex -4.461967928240828 5.393592699430526 3
    endloop
  endfacet
  facet normal -0.5877852522924721 0.8090169943749481 0
    outer loop
      vertex -3.7507875648529776 5.910295478514104 0
      vertex -4.461967928240828 5.393592699430526 3
      vertex -3.7507875648529776 5.910295478514104 3
    endloop
  endfacet
  facet normal 0 0 1
    outer loop
      vertex -3.7507875648529776 5.910295478514104 3
      vertex -3.25 0 3
      vertex -3.224372779272053 0.40733300908398823 3
    endloop
  endfacet
  facet normal 0 0 1
    outer loop
      vertex -3.7507875648529776 5.910295478514104 3
      vertex -3.224372779272053 0.40733300908398823 3
      vertex -3.147895273668051 0.8082421332857783 3
    endloop
  endfacet
  facet normal 0 0 1
    outer loop
      vertex -3.7507875648529776 5.910295478514104 3
      vertex -3.147895273668051 0.8082421332857783 3
      vertex -3.021773579136817 1.1964047962252031 3
    endloop
  endfacet
  facet normal 0 0 1
    outer loop
      vertex -3.7507875648529776 5.910295478514104 3
      vertex -3.021773579136817 1.1964047962252031 3
      vertex -2.8479967101425565 1.5656994408305749 3
    endloop
  endfacet
  facet normal 0 0 1
    outer loop
      vertex -2.980455040955509 6.333789367262137 3
      vertex -2.8479967101425565 1.5656994408305749 3
      vertex -2.629305231718579 1.9103020699505378 3
    endloop
  endfacet
  facet normal 0 0 1
    outer loop
      vertex -2.980455040955509 6.333789367262137 3
      vertex -2.629305231718579 1.9103020699505378 3
      vertex -2.369148039119588 2.224778094268238 3
    endloop
  endfacet
  facet normal -0.4817536741017157 0.8763066800438634 0
    outer loop
      vertex -3.7507875648529776 5.910295478514104 3
      vertex -2.980455040955509 6.333789367262137 3
      vertex -2.980455040955509 6.333789367262137 0
    endloop
  endfacet
  facet normal -0.3681245526846775 0.9297764858882517 0
    outer loop
      vertex -2.1631189606246317 6.657395614066075 0
      vertex -2.980455040955509 6.333789367262137 3
      vertex -2.1631189606246317 6.657395614066075 3
    endloop
  endfacet
  facet normal -0.24868988716485535 0.968583161128631 0
    outer loop
      vertex -1.311669202100072 6.876010755100821 0
      vertex -2.1631189606246317 6.657395614066075 3
      vertex -1.311669202100072 6.876010755100821 3
    endloop
  endfacet
  facet normal -0.12533323356430376 0.992114701314478 0
    outer loop
      vertex -0.43953363670519296 6.986187098997901 0
      vertex -1.311669202100072 6.876010755100821 3
      vertex -0.43953363670519296 6.986187098997901 3
    endloop
  endfacet
  facet normal 0 0 1
    outer loop
      vertex -3.7507875648529776 5.910295478514104 3
      vertex -2.8479967101425565 1.5656994408305749 3
      vertex -2.980455040955509 6.333789367262137 3
    endloop
  endfacet
  facet normal 0 0 1
    outer loop
      vertex -2.980455040955509 6.333789367262137 3
      vertex -2.369148039119588 2.224778094268238 3
      vertex -2.0716279666832413 2.5041680390213155 3
    endloop
  endfacet
  facet normal 0 0 1
    outer loop
      vertex -2.1631189606246317 6.657395614066075 3
      vertex -2.0716279666832413 2.5041680390213155 3
      vertex -1.7414370836817394 2.7440657578815486 3
    endloop
  endfacet
  facet normal 0 0 1
    outer loop
      vertex -2.1631189606246317 6.657395614066075 3
      vertex -1.7414370836817394 2.7440657578815486 3
      vertex -1.3837826975864864 2.9406879205145633 3
    endloop
  endfacet
  facet normal 0 0 1
    outer loop
      vertex -2.980455040955509 6.333789367262137 3
      vertex -2.0716279666832413 2.5041680390213155 3
      vertex -2.1631189606246317 6.657395614066075 3
    endloop
  endfacet
  facet normal 0 0 1
    outer loop
      vertex -2.1631189606246317 6.657395614066075 3
      vertex -1.3837826975864864 2.9406879205145633 3
      vertex -1.004305231718579 3.090933677959249 3
    endloop
  endfacet
  facet normal 0 0 1
    outer loop
      vertex -1.311669202100072 6.876010755100821 3
      vertex -1.004305231718579 3.090933677959249 3
      vertex -0.6089892724036049 3.1924335648682383 3
    endloop
  endfacet
  facet normal 0 0 1
    outer loop
      vertex -1.311669202100072 6.876010755100821 3
      vertex -0.6089892724036049 3.1924335648682383 3
      vertex -0.20406918847026725 3.2435868673918824 3
    endloop
  endfacet
  facet normal 0 0 1
    outer loop
      vertex -2.1631189606246317 6.657395614066075 3
      vertex -1.004305231718579 3.090933677959249 3
      vertex -1.311669202100072 6.876010755100821 3
    endloop
  endfacet
  facet normal 0 0 1
    outer loop
      vertex -1.311669202100072 6.876010755100821 3
      vertex -0.20406918847026725 3.2435868673918824 3
      vertex -0.43953363670519296 6.986187098997901 3
    endloop
  endfacet
  facet normal 0 0 1
    outer loop
      vertex -0.43953363670519296 6.986187098997901 3
      vertex -0.20406918847026725 3.2435868673918824 3
      vertex 0.43953363670519296 6.986187098997901 3
    endloop
  endfacet
  facet normal 0 0 -1
    outer loop
      vertex 0.43953363670519635 -6.986187098997901 0
      vertex 0.22604587030552956 -3.5928962223417775 0
      vertex 1.3116692021000738 -6.87601075510082 0
    endloop
  endfacet
  facet normal 0 0 -1
    outer loop
      vertex 1.3116692021000738 -6.87601075510082 0
      vertex 1.532805449634261 -3.2573773888776705 0
      vertex 2.1631189606246317 -6.657395614066075 0
    endloop
  endfacet
  facet normal 0 0 -1
    outer loop
      vertex -0.2260458703055304 -3.5928962223417775 0
      vertex 0.22604587030552956 -3.5928962223417775 0
      vertex 0.43953363670519635 -6.986187098997901 0
    endloop
  endfacet
  facet normal 0 0 -1
    outer loop
      vertex 1.3116692021000738 -6.87601075510082 0
      vertex 0.22604587030552956 -3.5928962223417775 0
      vertex 0.6745727325086094 -3.536234102623279 0
    endloop
  endfacet
  facet normal 0 0 -1
    outer loop
      vertex 1.3116692021000738 -6.87601075510082 0
      vertex 0.6745727325086094 -3.536234102623279 0
      vertex 1.1124611797498107 -3.4238034586625528 0
    endloop
  endfacet
  facet normal 0 0 -1
    outer loop
      vertex 1.3116692021000738 -6.87601075510082 0
      vertex 1.1124611797498107 -3.4238034586625528 0
      vertex 1.532805449634261 -3.2573773888776705 0
    endloop
  endfacet
  facet normal 0 0 -1
    outer loop
      vertex 2.1631189606246317 -6.657395614066075 0
      vertex 2.294726363095284 -2.7738476739928406 0
      vertex 2.980455040955507 -6.333789367262137 0
    endloop
  endfacet
  facet normal 0 0 -1
    outer loop
      vertex 2.1631189606246317 -6.657395614066075 0
      vertex 1.532805449634261 -3.2573773888776705 0
      vertex 1.9289764619243863 -3.039580531807255 0
    endloop
  endfacet
  facet normal 0 0 -1
    outer loop
      vertex 2.1631189606246317 -6.657395614066075 0
      vertex 1.9289764619243863 -3.039580531807255 0
      vertex 2.294726363095284 -2.7738476739928406 0
    endloop
  endfacet
  facet normal 0 0 -1
    outer loop
      vertex 2.980455040955507 -6.333789367262137 0
      vertex 3.1547040481579085 -1.7343132267661754 0
      vertex 3.7507875648529736 -5.910295478514107 0
    endloop
  endfacet
  facet normal 0 0 -1
    outer loop
      vertex 2.980455040955507 -6.333789367262137 0
      vertex 2.294726363095284 -2.7738476739928406 0
      vertex 2.624287058717082 -2.464369581343279 0
    endloop
  endfacet
  facet normal 0 0 -1
    outer loop
      vertex 2.980455040955507 -6.333789367262137 0
      vertex 2.624287058717082 -2.464369581343279 0
      vertex 2.912461179749811 -2.1160269082529033 0
    endloop
  endfacet
  facet normal 0 -1 0
    outer loop
      vertex -0.43953363670519635 -6.986187098997901 0
      vertex 0.43953363670519635 -6.986187098997901 0
      vertex 0.43953363670519635 -6.986187098997901 3
    endloop
  endfacet
  facet normal 0.12533323356430498 -0.9921147013144778 0
    outer loop
      vertex 0.43953363670519635 -6.986187098997901 0
      vertex 1.3116692021000738 -6.87601075510082 0
      vertex 1.3116692021000738 -6.87601075510082 3
    endloop
  endfacet
  facet normal 0.24868988716485488 -0.9685831611286311 0
    outer loop
      vertex 1.3116692021000738 -6.87601075510082 0
      vertex 2.1631189606246317 -6.657395614066075 0
      vertex 2.1631189606246317 -6.657395614066075 3
    endloop
  endfacet
  facet normal 0.36812455268467814 -0.9297764858882512 0
    outer loop
      vertex 2.1631189606246317 -6.657395614066075 0
      vertex 2.980455040955507 -6.333789367262137 0
      vertex 2.980455040955507 -6.333789367262137 3
    endloop
  endfacet
  facet normal 0.4817536741017145 -0.8763066800438641 0
    outer loop
      vertex 2.980455040955507 -6.333789367262137 0
      vertex 3.7507875648529736 -5.910295478514107 0
      vertex 3.7507875648529736 -5.910295478514107 3
    endloop
  endfacet
  facet normal 0 0 -1
    outer loop
      vertex 2.980455040955507 -6.333789367262137 0
      vertex 2.912461179749811 -2.1160269082529033 0
      vertex 3.1547040481579085 -1.7343132267661754 0
    endloop
  endfacet
  facet normal 0 0 -1
    outer loop
      vertex 3.1547040481579085 -1.7343132267661754 0
      vertex 3.3471953491977047 -1.3252483896648422 0
      vertex 3.7507875648529736 -5.910295478514107 0
    endloop
  endfacet
  facet normal 0.587785252292473 -0.8090169943749476 0
    outer loop
      vertex 3.7507875648529736 -5.910295478514107 0
      vertex 4.4619679282408296 -5.393592699430523 0
      vertex 4.4619679282408296 -5.393592699430523 3
    endloop
  endfacet
  facet normal 0.6845471059286887 -0.7289686274214113 0
    outer loop
      vertex 4.4619679282408296 -5.393592699430523 0
      vertex 5.1027803919498815 -4.79182974150082 0
      vertex 5.1027803919498815 -4.79182974150082 3
    endloop
  endfacet
  facet normal 0.7705132427757893 -0.6374239897486896 0
    outer loop
      vertex 5.1027803919498815 -4.79182974150082 0
      vertex 5.663118960624632 -4.114496766047312 0
      vertex 5.1027803919498815 -4.79182974150082 3
    endloop
  endfacet
  facet normal 0.8443279255020152 -0.5358267949789963 0
    outer loop
      vertex 5.663118960624632 -4.114496766047312 0
      vertex 6.134146760307044 -3.372275718712008 0
      vertex 5.663118960624632 -4.114496766047312 3
    endloop
  endfacet
  facet normal 0 0 -1
    outer loop
      vertex 3.3471953491977047 -1.3252483896648422 0
      vertex 3.4868993800630723 -0.895283593793476 0
      vertex 3.7507875648529736 -5.910295478514107 0
    endloop
  endfacet
  facet normal 0 0 -1
    outer loop
      vertex 3.4868993800630723 -0.895283593793476 0
      vertex 3.57161292473212 -0.45119964083149466 0
      vertex 3.7507875648529736 -5.910295478514107 0
    endloop
  endfacet
  facet normal 0 0 -1
    outer loop
      vertex 3.7507875648529736 -5.910295478514107 0
      vertex 3.57161292473212 -0.45119964083149466 0
      vertex 3.6 0 0
    endloop
  endfacet
  facet normal 0 0 -1
    outer loop
      vertex 3.7507875648529736 -5.910295478514107 0
      vertex 4.461967928240828 5.393592699430524 0
      vertex 4.4619679282408296 -5.393592699430523 0
    endloop
  endfacet
  facet normal 0 0 -1
    outer loop
      vertex 4.4619679282408296 -5.393592699430523 0
      vertex 5.102780391949881 4.7918297415008215 0
      vertex 5.1027803919498815 -4.79182974150082 0
    endloop
  endfacet
  facet normal 0 0 -1
    outer loop
      vertex 3.7507875648529736 -5.910295478514107 0
      vertex 3.6 0 0
      vertex 3.7507875648529767 5.910295478514105 0
    endloop
  endfacet
  facet normal 0 0 -1
    outer loop
      vertex 5.1027803919498815 -4.79182974150082 0
      vertex 5.663118960624632 4.114496766047312 0
      vertex 5.663118960624632 -4.114496766047312 0
    endloop
  endfacet
  facet normal 0 0 -1
    outer loop
      vertex 5.663118960624632 -4.114496766047312 0
      vertex 6.134146760307045 3.3722757187120074 0
      vertex 6.134146760307044 -3.372275718712008 0
    endloop
  endfacet
  facet normal 0 0 -1
    outer loop
      vertex 6.134146760307044 -3.372275718712008 0
      vertex 6.50843540121776 2.576871868792746 0
      vertex 6.508435401217759 -2.5768718687927485 0
    endloop
  endfacet
  facet normal 0 0 -1
    outer loop
      vertex 6.508435401217759 -2.5768718687927485 0
      vertex 6.7800821279004175 1.7408292101539835 0
      vertex 6.780082127900418 -1.740829210153981 0
    endloop
  endfacet
  facet normal 0 0 -1
    outer loop
      vertex 6.780082127900418 -1.740829210153981 0
      vertex 6.9448029092013455 0.8773326349501298 0
      vertex 6.9448029092013455 -0.8773326349501285 0
    endloop
  endfacet
  facet normal 0.9048270524660191 -0.4257792915650735 0
    outer loop
      vertex 6.134146760307044 -3.372275718712008 0
      vertex 6.508435401217759 -2.5768718687927485 0
      vertex 6.134146760307044 -3.372275718712008 3
    endloop
  endfacet
  facet normal 0.9510565162951536 -0.3090169943749471 0
    outer loop
      vertex 6.508435401217759 -2.5768718687927485 0
      vertex 6.780082127900418 -1.740829210153981 0
      vertex 6.508435401217759 -2.5768718687927485 3
    endloop
  endfacet
  facet normal 0.9822872507286886 -0.18738131458572496 0
    outer loop
      vertex 6.780082127900418 -1.740829210153981 0
      vertex 6.9448029092013455 -0.8773326349501285 0
      vertex 6.780082127900418 -1.740829210153981 3
    endloop
  endfacet
  facet normal 0.9980267284282717 -0.06279051952931274 0
    outer loop
      vertex 6.9448029092013455 -0.8773326349501285 0
      vertex 7 0 0
      vertex 6.9448029092013455 -0.8773326349501285 3
    endloop
  endfacet
  facet normal 0.12533323356430498 -0.9921147013144778 0
    outer loop
      vertex 0.43953363670519635 -6.986187098997901 0
      vertex 1.3116692021000738 -6.87601075510082 3
      vertex 0.43953363670519635 -6.986187098997901 3
    endloop
  endfacet
  facet normal 0.24868988716485488 -0.9685831611286311 0
    outer loop
      vertex 1.3116692021000738 -6.87601075510082 0
      vertex 2.1631189606246317 -6.657395614066075 3
      vertex 1.3116692021000738 -6.87601075510082 3
    endloop
  endfacet
  facet normal 0.36812455268467814 -0.9297764858882512 0
    outer loop
      vertex 2.1631189606246317 -6.657395614066075 0
      vertex 2.980455040955507 -6.333789367262137 3
      vertex 2.1631189606246317 -6.657395614066075 3
    endloop
  endfacet
  facet normal 0.4817536741017145 -0.8763066800438641 0
    outer loop
      vertex 2.980455040955507 -6.333789367262137 0
      vertex 3.7507875648529736 -5.910295478514107 3
      vertex 2.980455040955507 -6.333789367262137 3
    endloop
  endfacet
  facet normal 0 0 1
    outer loop
      vertex -0.43953363670519635 -6.986187098997901 3
      vertex 0.43953363670519635 -6.986187098997901 3
      vertex 0.20406918847026972 -3.2435868673918824 3
    endloop
  endfacet
  facet normal 0 0 1
    outer loop
      vertex 0.43953363670519635 -6.986187098997901 3
      vertex 1.3116692021000738 -6.87601075510082 3
      vertex 0.20406918847026972 -3.2435868673918824 3
    endloop
  endfacet
  facet normal 0 0 1
    outer loop
      vertex 1.3116692021000738 -6.87601075510082 3
      vertex 2.1631189606246317 -6.657395614066075 3
      vertex 1.004305231718579 -3.090933677959249 3
    endloop
  endfacet
  facet normal 0 0 1
    outer loop
      vertex 1.3116692021000738 -6.87601075510082 3
      vertex 0.6089892724036057 -3.192433564868238 3
      vertex 0.20406918847026972 -3.2435868673918824 3
    endloop
  endfacet
  facet normal 0 0 1
    outer loop
      vertex 1.3116692021000738 -6.87601075510082 3
      vertex 1.004305231718579 -3.090933677959249 3
      vertex 0.6089892724036057 -3.192433564868238 3
    endloop
  endfacet
  facet normal 0 0 1
    outer loop
      vertex 2.1631189606246317 -6.657395614066075 3
      vertex 1.3837826975864855 -2.9406879205145637 3
      vertex 1.004305231718579 -3.090933677959249 3
    endloop
  endfacet
  facet normal 0 0 1
    outer loop
      vertex 2.1631189606246317 -6.657395614066075 3
      vertex 2.980455040955507 -6.333789367262137 3
      vertex 2.0716279666832422 -2.504168039021314 3
    endloop
  endfacet
  facet normal 0 0 1
    outer loop
      vertex 2.1631189606246317 -6.657395614066075 3
      vertex 1.7414370836817377 -2.7440657578815495 3
      vertex 1.3837826975864855 -2.9406879205145637 3
    endloop
  endfacet
  facet normal 0 0 1
    outer loop
      vertex 2.1631189606246317 -6.657395614066075 3
      vertex 2.0716279666832422 -2.504168039021314 3
      vertex 1.7414370836817377 -2.7440657578815495 3
    endloop
  endfacet
  facet normal 0 0 1
    outer loop
      vertex 2.980455040955507 -6.333789367262137 3
      vertex 2.369148039119588 -2.224778094268238 3
      vertex 2.0716279666832422 -2.504168039021314 3
    endloop
  endfacet
  facet normal 0 0 1
    outer loop
      vertex 2.980455040955507 -6.333789367262137 3
      vertex 3.7507875648529736 -5.910295478514107 3
      vertex 2.8479967101425565 -1.5656994408305749 3
    endloop
  endfacet
  facet normal 0 0 1
    outer loop
      vertex 2.980455040955507 -6.333789367262137 3
      vertex 2.629305231718579 -1.9103020699505378 3
      vertex 2.369148039119588 -2.224778094268238 3
    endloop
  endfacet
  facet normal 0 0 1
    outer loop
      vertex 2.980455040955507 -6.333789367262137 3
      vertex 2.8479967101425565 -1.5656994408305749 3
      vertex 2.629305231718579 -1.9103020699505378 3
    endloop
  endfacet
  facet normal 0 0 1
    outer loop
      vertex 3.7507875648529736 -5.910295478514107 3
      vertex 3.0217735791368163 -1.1964047962252047 3
      vertex 2.8479967101425565 -1.5656994408305749 3
    endloop
  endfacet
  facet normal 0 0 1
    outer loop
      vertex 3.7507875648529736 -5.910295478514107 3
      vertex 3.1478952736680514 -0.8082421332857769 3
      vertex 3.0217735791368163 -1.1964047962252047 3
    endloop
  endfacet
  facet normal 0 0 1
    outer loop
      vertex 3.7507875648529736 -5.910295478514107 3
      vertex 3.224372779272053 -0.40733300908398823 3
      vertex 3.1478952736680514 -0.8082421332857769 3
    endloop
  endfacet
  facet normal 0 0 1
    outer loop
      vertex 3.7507875648529736 -5.910295478514107 3
      vertex 3.25 0 3
      vertex 3.224372779272053 -0.40733300908398823 3
    endloop
  endfacet
  facet normal 0.587785252292473 -0.8090169943749476 0
    outer loop
      vertex 3.7507875648529736 -5.910295478514107 0
      vertex 4.4619679282408296 -5.393592699430523 3
      vertex 3.7507875648529736 -5.910295478514107 3
    endloop
  endfacet
  facet normal 0.6845471059286887 -0.7289686274214113 0
    outer loop
      vertex 4.4619679282408296 -5.393592699430523 0
      vertex 5.1027803919498815 -4.79182974150082 3
      vertex 4.4619679282408296 -5.393592699430523 3
    endloop
  endfacet
  facet normal 0.7705132427757893 -0.6374239897486896 0
    outer loop
      vertex 5.663118960624632 -4.114496766047312 0
      vertex 5.663118960624632 -4.114496766047312 3
      vertex 5.1027803919498815 -4.79182974150082 3
    endloop
  endfacet
  facet normal 0.8443279255020152 -0.5358267949789963 0
    outer loop
      vertex 5.663118960624632 -4.114496766047312 3
      vertex 6.134146760307044 -3.372275718712008 0
      vertex 6.134146760307044 -3.372275718712008 3
    endloop
  endfacet
  facet normal 0.9048270524660191 -0.4257792915650735 0
    outer loop
      vertex 6.508435401217759 -2.5768718687927485 0
      vertex 6.508435401217759 -2.5768718687927485 3
      vertex 6.134146760307044 -3.372275718712008 3
    endloop
  endfacet
  facet normal 0.9510565162951536 -0.3090169943749471 0
    outer loop
      vertex 6.780082127900418 -1.740829210153981 0
      vertex 6.780082127900418 -1.740829210153981 3
      vertex 6.508435401217759 -2.5768718687927485 3
    endloop
  endfacet
  facet normal 0.9822872507286886 -0.18738131458572496 0
    outer loop
      vertex 6.9448029092013455 -0.8773326349501285 0
      vertex 6.9448029092013455 -0.8773326349501285 3
      vertex 6.780082127900418 -1.740829210153981 3
    endloop
  endfacet
  facet normal 0.9980267284282717 -0.06279051952931274 0
    outer loop
      vertex 6.9448029092013455 -0.8773326349501285 3
      vertex 7 0 0
      vertex 7 0 3
    endloop
  endfacet
  facet normal 0 0 1
    outer loop
      vertex 3.7507875648529736 -5.910295478514107 3
      vertex 4.4619679282408296 -5.393592699430523 3
      vertex 3.7507875648529767 5.910295478514105 3
    endloop
  endfacet
  facet normal 0 0 1
    outer loop
      vertex 4.4619679282408296 -5.393592699430523 3
      vertex 5.1027803919498815 -4.79182974150082 3
      vertex 4.461967928240828 5.393592699430524 3
    endloop
  endfacet
  facet normal 0 0 1
    outer loop
      vertex 5.1027803919498815 -4.79182974150082 3
      vertex 5.663118960624632 -4.114496766047312 3
      vertex 5.102780391949881 4.7918297415008215 3
    endloop
  endfacet
  facet normal 0 0 1
    outer loop
      vertex 5.663118960624632 -4.114496766047312 3
      vertex 6.134146760307044 -3.372275718712008 3
      vertex 5.663118960624632 4.114496766047312 3
    endloop
  endfacet
  facet normal 0 0 1
    outer loop
      vertex 6.134146760307044 -3.372275718712008 3
      vertex 6.508435401217759 -2.5768718687927485 3
      vertex 6.134146760307045 3.3722757187120074 3
    endloop
  endfacet
  facet normal 0 0 1
    outer loop
      vertex 6.508435401217759 -2.5768718687927485 3
      vertex 6.780082127900418 -1.740829210153981 3
      vertex 6.50843540121776 2.576871868792746 3
    endloop
  endfacet
  facet normal 0 0 1
    outer loop
      vertex 6.780082127900418 -1.740829210153981 3
      vertex 6.9448029092013455 -0.8773326349501285 3
      vertex 6.7800821279004175 1.7408292101539835 3
    endloop
  endfacet
  facet normal 0 0 -1
    outer loop
      vertex 3.154704048157909 1.7343132267661752 0
      vertex 2.912461179749811 2.1160269082529033 0
      vertex 2.980455040955509 6.333789367262137 0
    endloop
  endfacet
  facet normal 0 0 -1
    outer loop
      vertex 3.154704048157909 1.7343132267661752 0
      vertex 3.7507875648529767 5.910295478514105 0
      vertex 3.347195349197705 1.3252483896648408 0
    endloop
  endfacet
  facet normal 0 0 -1
    outer loop
      vertex 0.2260458703055278 3.5928962223417775 0
      vertex 0.43953363670519296 6.986187098997901 0
      vertex 0.6745727325086085 3.5362341026232795 0
    endloop
  endfacet
  facet normal 0 0 -1
    outer loop
      vertex 1.1124611797498107 3.4238034586625528 0
      vertex 0.6745727325086085 3.5362341026232795 0
      vertex 1.311669202100072 6.876010755100821 0
    endloop
  endfacet
  facet normal 0 0 -1
    outer loop
      vertex 1.1124611797498107 3.4238034586625528 0
      vertex 1.311669202100072 6.876010755100821 0
      vertex 1.5328054496342618 3.25737738887767 0
    endloop
  endfacet
  facet normal 0 0 -1
    outer loop
      vertex -0.43953363670519296 6.986187098997901 0
      vertex 0.43953363670519296 6.986187098997901 0
      vertex 0.2260458703055278 3.5928962223417775 0
    endloop
  endfacet
  facet normal 0 0 -1
    outer loop
      vertex 0.6745727325086085 3.5362341026232795 0
      vertex 0.43953363670519296 6.986187098997901 0
      vertex 1.311669202100072 6.876010755100821 0
    endloop
  endfacet
  facet normal 0 0 -1
    outer loop
      vertex 1.5328054496342618 3.25737738887767 0
      vertex 1.311669202100072 6.876010755100821 0
      vertex 2.1631189606246317 6.657395614066075 0
    endloop
  endfacet
  facet normal 0 0 -1
    outer loop
      vertex 1.5328054496342618 3.25737738887767 0
      vertex 2.1631189606246317 6.657395614066075 0
      vertex 1.928976461924388 3.039580531807254 0
    endloop
  endfacet
  facet normal 0 0 -1
    outer loop
      vertex 1.928976461924388 3.039580531807254 0
      vertex 2.1631189606246317 6.657395614066075 0
      vertex 2.294726363095283 2.773847673992841 0
    endloop
  endfacet
  facet normal 0 0 -1
    outer loop
      vertex 2.6242870587170817 2.4643695813432793 0
      vertex 2.980455040955509 6.333789367262137 0
      vertex 2.912461179749811 2.1160269082529033 0
    endloop
  endfacet
  facet normal 0 0 -1
    outer loop
      vertex 2.6242870587170817 2.4643695813432793 0
      vertex 2.294726363095283 2.773847673992841 0
      vertex 2.980455040955509 6.333789367262137 0
    endloop
  endfacet
  facet normal 0 0 -1
    outer loop
      vertex 3.154704048157909 1.7343132267661752 0
      vertex 2.980455040955509 6.333789367262137 0
      vertex 3.7507875648529767 5.910295478514105 0
    endloop
  endfacet
  facet normal 0 0 -1
    outer loop
      vertex 2.294726363095283 2.773847673992841 0
      vertex 2.1631189606246317 6.657395614066075 0
      vertex 2.980455040955509 6.333789367262137 0
    endloop
  endfacet
  facet normal 0.12533323356430376 0.992114701314478 0
    outer loop
      vertex 0.43953363670519296 6.986187098997901 0
      vertex 0.43953363670519296 6.986187098997901 3
      vertex 1.311669202100072 6.876010755100821 0
    endloop
  endfacet
  facet normal 0.24868988716485535 0.968583161128631 0
    outer loop
      vertex 1.311669202100072 6.876010755100821 0
      vertex 1.311669202100072 6.876010755100821 3
      vertex 2.1631189606246317 6.657395614066075 0
    endloop
  endfacet
  facet normal 0.3681245526846775 0.9297764858882517 0
    outer loop
      vertex 2.1631189606246317 6.657395614066075 0
      vertex 2.1631189606246317 6.657395614066075 3
      vertex 2.980455040955509 6.333789367262137 0
    endloop
  endfacet
  facet normal 0.4817536741017154 0.8763066800438636 0
    outer loop
      vertex 2.980455040955509 6.333789367262137 0
      vertex 2.980455040955509 6.333789367262137 3
      vertex 3.7507875648529767 5.910295478514105 0
    endloop
  endfacet
  facet normal 0 0 -1
    outer loop
      vertex 4.4619679282408296 -5.393592699430523 0
      vertex 4.461967928240828 5.393592699430524 0
      vertex 5.102780391949881 4.7918297415008215 0
    endloop
  endfacet
  facet normal 0 0 -1
    outer loop
      vertex 3.6 0 0
      vertex 3.57161292473212 0.45119964083149533 0
      vertex 3.7507875648529767 5.910295478514105 0
    endloop
  endfacet
  facet normal 0 0 -1
    outer loop
      vertex 3.486899380063072 0.8952835937934773 0
      vertex 3.7507875648529767 5.910295478514105 0
      vertex 3.57161292473212 0.45119964083149533 0
    endloop
  endfacet
  facet normal 0 0 -1
    outer loop
      vertex 3.7507875648529736 -5.910295478514107 0
      vertex 3.7507875648529767 5.910295478514105 0
      vertex 4.461967928240828 5.393592699430524 0
    endloop
  endfacet
  facet normal 0 0 -1
    outer loop
      vertex 3.486899380063072 0.8952835937934773 0
      vertex 3.347195349197705 1.3252483896648408 0
      vertex 3.7507875648529767 5.910295478514105 0
    endloop
  endfacet
  facet normal 0 0 -1
    outer loop
      vertex 5.1027803919498815 -4.79182974150082 0
      vertex 5.102780391949881 4.7918297415008215 0
      vertex 5.663118960624632 4.114496766047312 0
    endloop
  endfacet
  facet normal 0 0 -1
    outer loop
      vertex 5.663118960624632 -4.114496766047312 0
      vertex 5.663118960624632 4.114496766047312 0
      vertex 6.134146760307045 3.3722757187120074 0
    endloop
  endfacet
  facet normal 0 0 -1
    outer loop
      vertex 6.134146760307044 -3.372275718712008 0
      vertex 6.134146760307045 3.3722757187120074 0
      vertex 6.50843540121776 2.576871868792746 0
    endloop
  endfacet
  facet normal 0 0 -1
    outer loop
      vertex 6.9448029092013455 -0.8773326349501285 0
      vertex 6.9448029092013455 0.8773326349501298 0
      vertex 7 0 0
    endloop
  endfacet
  facet normal 0 0 -1
    outer loop
      vertex 6.780082127900418 -1.740829210153981 0
      vertex 6.7800821279004175 1.7408292101539835 0
      vertex 6.9448029092013455 0.8773326349501298 0
    endloop
  endfacet
  facet normal 0 0 -1
    outer loop
      vertex 6.508435401217759 -2.5768718687927485 0
      vertex 6.50843540121776 2.576871868792746 0
      vertex 6.7800821279004175 1.7408292101539835 0
    endloop
  endfacet
  facet normal 0.9980267284282717 0.06279051952931264 0
    outer loop
      vertex 7 0 0
      vertex 6.9448029092013455 0.8773326349501298 0
      vertex 7 0 3
    endloop
  endfacet
  facet normal 0.9822872507286885 0.1873813145857257 0
    outer loop
      vertex 6.9448029092013455 0.8773326349501298 0
      vertex 6.7800821279004175 1.7408292101539835 0
      vertex 6.9448029092013455 0.8773326349501298 3
    endloop
  endfacet
  facet normal 0.9510565162951536 0.30901699437494695 0
    outer loop
      vertex 6.7800821279004175 1.7408292101539835 0
      vertex 6.50843540121776 2.576871868792746 0
      vertex 6.7800821279004175 1.7408292101539835 3
    endloop
  endfacet
  facet normal 0.9048270524660196 0.42577929156507244 0
    outer loop
      vertex 6.50843540121776 2.576871868792746 0
      vertex 6.134146760307045 3.3722757187120074 0
      vertex 6.50843540121776 2.576871868792746 3
    endloop
  endfacet
  facet normal 0.6845471059286877 0.7289686274214123 0
    outer loop
      vertex 5.102780391949881 4.7918297415008215 0
      vertex 4.461967928240828 5.393592699430524 0
      vertex 4.461967928240828 5.393592699430524 3
    endloop
  endfacet
  facet normal 0.5877852522924736 0.809016994374947 0
    outer loop
      vertex 3.7507875648529767 5.910295478514105 0
      vertex 3.7507875648529767 5.910295478514105 3
      vertex 4.461967928240828 5.393592699430524 0
    endloop
  endfacet
  facet normal 0.7705132427757896 0.6374239897486893 0
    outer loop
      vertex 5.102780391949881 4.7918297415008215 0
      vertex 5.663118960624632 4.114496766047312 3
      vertex 5.663118960624632 4.114496766047312 0
    endloop
  endfacet
  facet normal 0.844327925502015 0.5358267949789969 0
    outer loop
      vertex 6.134146760307045 3.3722757187120074 0
      vertex 5.663118960624632 4.114496766047312 0
      vertex 6.134146760307045 3.3722757187120074 3
    endloop
  endfacet
  facet normal 0 0 1
    outer loop
      vertex 3.7507875648529736 -5.910295478514107 3
      vertex 2.980455040955509 6.333789367262137 3
      vertex 3.25 0 3
    endloop
  endfacet
  facet normal 0 0 1
    outer loop
      vertex 3.7507875648529736 -5.910295478514107 3
      vertex 3.7507875648529767 5.910295478514105 3
      vertex 2.980455040955509 6.333789367262137 3
    endloop
  endfacet
  facet normal 0 0 1
    outer loop
      vertex 2.980455040955509 6.333789367262137 3
      vertex 3.224372779272053 0.40733300908398884 3
      vertex 3.25 0 3
    endloop
  endfacet
  facet normal 0 0 1
    outer loop
      vertex 2.980455040955509 6.333789367262137 3
      vertex 3.147895273668051 0.8082421332857781 3
      vertex 3.224372779272053 0.40733300908398884 3
    endloop
  endfacet
  facet normal 0 0 1
    outer loop
      vertex 2.980455040955509 6.333789367262137 3
      vertex 3.0217735791368168 1.1964047962252033 3
      vertex 3.147895273668051 0.8082421332857781 3
    endloop
  endfacet
  facet normal 0 0 1
    outer loop
      vertex 2.980455040955509 6.333789367262137 3
      vertex 2.8479967101425565 1.5656994408305749 3
      vertex 3.0217735791368168 1.1964047962252033 3
    endloop
  endfacet
  facet normal 0 0 1
    outer loop
      vertex 2.980455040955509 6.333789367262137 3
      vertex 2.629305231718579 1.9103020699505378 3
      vertex 2.8479967101425565 1.5656994408305749 3
    endloop
  endfacet
  facet normal 0 1 0
    outer loop
      vertex -0.43953363670519296 6.986187098997901 3
      vertex 0.43953363670519296 6.986187098997901 3
      vertex 0.43953363670519296 6.986187098997901 0
    endloop
  endfacet
  facet normal 0.12533323356430376 0.992114701314478 0
    outer loop
      vertex 1.311669202100072 6.876010755100821 0
      vertex 0.43953363670519296 6.986187098997901 3
      vertex 1.311669202100072 6.876010755100821 3
    endloop
  endfacet
  facet normal 0.24868988716485535 0.968583161128631 0
    outer loop
      vertex 2.1631189606246317 6.657395614066075 0
      vertex 1.311669202100072 6.876010755100821 3
      vertex 2.1631189606246317 6.657395614066075 3
    endloop
  endfacet
  facet normal 0.4817536741017154 0.8763066800438636 0
    outer loop
      vertex 2.980455040955509 6.333789367262137 3
      vertex 3.7507875648529767 5.910295478514105 3
      vertex 3.7507875648529767 5.910295478514105 0
    endloop
  endfacet
  facet normal 0.3681245526846775 0.9297764858882517 0
    outer loop
      vertex 2.980455040955509 6.333789367262137 0
      vertex 2.1631189606246317 6.657395614066075 3
      vertex 2.980455040955509 6.333789367262137 3
    endloop
  endfacet
  facet normal 0 0 1
    outer loop
      vertex 0.43953363670519296 6.986187098997901 3
      vertex -0.20406918847026725 3.2435868673918824 3
      vertex 0.20406918847026814 3.2435868673918824 3
    endloop
  endfacet
  facet normal 0 0 1
    outer loop
      vertex 0.43953363670519296 6.986187098997901 3
      vertex 0.20406918847026814 3.2435868673918824 3
      vertex 0.6089892724036049 3.1924335648682383 3
    endloop
  endfacet
  facet normal 0 0 1
    outer loop
      vertex 0.43953363670519296 6.986187098997901 3
      vertex 0.6089892724036049 3.1924335648682383 3
      vertex 1.004305231718579 3.090933677959249 3
    endloop
  endfacet
  facet normal 0 0 1
    outer loop
      vertex 1.311669202100072 6.876010755100821 3
      vertex 1.004305231718579 3.090933677959249 3
      vertex 1.3837826975864864 2.9406879205145633 3
    endloop
  endfacet
  facet normal 0 0 1
    outer loop
      vertex 1.311669202100072 6.876010755100821 3
      vertex 1.3837826975864864 2.9406879205145633 3
      vertex 1.7414370836817392 2.744065757881549 3
    endloop
  endfacet
  facet normal 0 0 1
    outer loop
      vertex 0.43953363670519296 6.986187098997901 3
      vertex 1.004305231718579 3.090933677959249 3
      vertex 1.311669202100072 6.876010755100821 3
    endloop
  endfacet
  facet normal 0 0 1
    outer loop
      vertex 1.311669202100072 6.876010755100821 3
      vertex 1.7414370836817392 2.744065757881549 3
      vertex 2.1631189606246317 6.657395614066075 3
    endloop
  endfacet
  facet normal 0 0 1
    outer loop
      vertex 2.1631189606246317 6.657395614066075 3
      vertex 1.7414370836817392 2.744065757881549 3
      vertex 2.071627966683242 2.5041680390213146 3
    endloop
  endfacet
  facet normal 0 0 1
    outer loop
      vertex 2.1631189606246317 6.657395614066075 3
      vertex 2.3691480391195876 2.2247780942682382 3
      vertex 2.629305231718579 1.9103020699505378 3
    endloop
  endfacet
  facet normal 0 0 1
    outer loop
      vertex 2.1631189606246317 6.657395614066075 3
      vertex 2.071627966683242 2.5041680390213146 3
      vertex 2.3691480391195876 2.2247780942682382 3
    endloop
  endfacet
  facet normal 0 0 1
    outer loop
      vertex 2.1631189606246317 6.657395614066075 3
      vertex 2.629305231718579 1.9103020699505378 3
      vertex 2.980455040955509 6.333789367262137 3
    endloop
  endfacet
  facet normal 0.9980267284282717 0.06279051952931264 0
    outer loop
      vertex 6.9448029092013455 0.8773326349501298 0
      vertex 6.9448029092013455 0.8773326349501298 3
      vertex 7 0 3
    endloop
  endfacet
  facet normal 0.9822872507286885 0.1873813145857257 0
    outer loop
      vertex 6.7800821279004175 1.7408292101539835 0
      vertex 6.7800821279004175 1.7408292101539835 3
      vertex 6.9448029092013455 0.8773326349501298 3
    endloop
  endfacet
  facet normal 0.9510565162951536 0.30901699437494695 0
    outer loop
      vertex 6.50843540121776 2.576871868792746 0
      vertex 6.50843540121776 2.576871868792746 3
      vertex 6.7800821279004175 1.7408292101539835 3
    endloop
  endfacet
  facet normal 0.9048270524660196 0.42577929156507244 0
    outer loop
      vertex 6.134146760307045 3.3722757187120074 0
      vertex 6.134146760307045 3.3722757187120074 3
      vertex 6.50843540121776 2.576871868792746 3
    endloop
  endfacet
  facet normal 0 0 1
    outer loop
      vertex 4.4619679282408296 -5.393592699430523 3
      vertex 4.461967928240828 5.393592699430524 3
      vertex 3.7507875648529767 5.910295478514105 3
    endloop
  endfacet
  facet normal 0 0 1
    outer loop
      vertex 5.1027803919498815 -4.79182974150082 3
      vertex 5.102780391949881 4.7918297415008215 3
      vertex 4.461967928240828 5.393592699430524 3
    endloop
  endfacet
  facet normal 0 0 1
    outer loop
      vertex 5.663118960624632 -4.114496766047312 3
      vertex 5.663118960624632 4.114496766047312 3
      vertex 5.102780391949881 4.7918297415008215 3
    endloop
  endfacet
  facet normal 0 0 1
    outer loop
      vertex 6.134146760307044 -3.372275718712008 3
      vertex 6.134146760307045 3.3722757187120074 3
      vertex 5.663118960624632 4.114496766047312 3
    endloop
  endfacet
  facet normal 0 0 1
    outer loop
      vertex 6.9448029092013455 -0.8773326349501285 3
      vertex 7 0 3
      vertex 6.9448029092013455 0.8773326349501298 3
    endloop
  endfacet
  facet normal 0 0 1
    outer loop
      vertex 6.780082127900418 -1.740829210153981 3
      vertex 6.7800821279004175 1.7408292101539835 3
      vertex 6.50843540121776 2.576871868792746 3
    endloop
  endfacet
  facet normal 0 0 1
    outer loop
      vertex 6.9448029092013455 -0.8773326349501285 3
      vertex 6.9448029092013455 0.8773326349501298 3
      vertex 6.7800821279004175 1.7408292101539835 3
    endloop
  endfacet
  facet normal 0 0 1
    outer loop
      vertex 6.508435401217759 -2.5768718687927485 3
      vertex 6.50843540121776 2.576871868792746 3
      vertex 6.134146760307045 3.3722757187120074 3
    endloop
  endfacet
  facet normal 0.6845471059286877 0.7289686274214123 0
    outer loop
      vertex 5.102780391949881 4.7918297415008215 0
      vertex 4.461967928240828 5.393592699430524 3
      vertex 5.102780391949881 4.7918297415008215 3
    endloop
  endfacet
  facet normal 0.5877852522924736 0.809016994374947 0
    outer loop
      vertex 4.461967928240828 5.393592699430524 0
      vertex 3.7507875648529767 5.910295478514105 3
      vertex 4.461967928240828 5.393592699430524 3
    endloop
  endfacet
  facet normal 0.844327925502015 0.5358267949789969 0
    outer loop
      vertex 6.134146760307045 3.3722757187120074 3
      vertex 5.663118960624632 4.114496766047312 0
      vertex 5.663118960624632 4.114496766047312 3
    endloop
  endfacet
  facet normal 0.7705132427757896 0.6374239897486893 0
    outer loop
      vertex 5.102780391949881 4.7918297415008215 0
      vertex 5.102780391949881 4.7918297415008215 3
      vertex 5.663118960624632 4.114496766047312 3
    endloop
  endfacet
  facet normal 0.6845471059286883 0.7289686274214119 0
    outer loop
      vertex -2.369148039119588 -2.224778094268238 -0.36944444444444435
      vertex -2.369148039119588 -2.224778094268238 3
      vertex -2.071627966683241 -2.5041680390213155 -0.3694444444444446
    endloop
  endfacet
  facet normal 0.7705132427757897 0.6374239897486892 0
    outer loop
      vertex -2.369148039119588 -2.224778094268238 -0.36944444444444435
      vertex -2.629305231718579 -1.9103020699505378 -0.36944444444444474
      vertex -2.629305231718579 -1.9103020699505378 3
    endloop
  endfacet
  facet normal 0.587785252292473 0.8090169943749476 7.746947384233327e-17
    outer loop
      vertex -2.071627966683241 -2.5041680390213155 -0.3694444444444446
      vertex -2.0716279666832413 -2.5041680390213155 3
      vertex -1.7414370836817394 -2.7440657578815486 -0.3694444444444444
    endloop
  endfacet
  facet normal 0.9510565162951536 0.3090169943749471 0
    outer loop
      vertex -3.021773579136817 -1.1964047962252031 -0.36944444444444435
      vertex -3.147895273668051 -0.8082421332857783 -0.36944444444444435
      vertex -3.147895273668051 -0.8082421332857783 3
    endloop
  endfacet
  facet normal 0.9048270524660196 0.4257792915650726 0
    outer loop
      vertex -3.021773579136817 -1.1964047962252031 3
      vertex -2.8479967101425565 -1.565699440830575 -0.3694444444444443
      vertex -3.021773579136817 -1.1964047962252031 -0.36944444444444435
    endloop
  endfacet
  facet normal 0.8443279255020149 0.535826794978997 -4.036588708012454e-17
    outer loop
      vertex -2.629305231718579 -1.9103020699505378 -0.36944444444444474
      vertex -2.8479967101425565 -1.565699440830575 -0.3694444444444443
      vertex -2.8479967101425565 -1.5656994408305749 3
    endloop
  endfacet
  facet normal 0.9822872507286886 0.18738131458572446 0
    outer loop
      vertex -3.147895273668051 -0.8082421332857783 -0.36944444444444435
      vertex -3.224372779272053 -0.40733300908398823 -0.36944444444444446
      vertex -3.224372779272053 -0.40733300908398823 3
    endloop
  endfacet
  facet normal 0.9980267284282716 0.06279051952931358 0
    outer loop
      vertex -3.224372779272053 -0.40733300908398823 -0.36944444444444446
      vertex -3.25 0 -0.36944444444444446
      vertex -3.25 0 3
    endloop
  endfacet
  facet normal 0.48175367410171555 0.8763066800438635 0
    outer loop
      vertex -1.7414370836817394 -2.7440657578815486 3
      vertex -1.3837826975864855 -2.9406879205145637 -0.3694444444444444
      vertex -1.7414370836817394 -2.7440657578815486 -0.3694444444444444
    endloop
  endfacet
  facet normal 0.3681245526846773 0.9297764858882517 0
    outer loop
      vertex -1.3837826975864855 -2.9406879205145637 3
      vertex -1.004305231718579 -3.090933677959249 -0.36944444444444446
      vertex -1.3837826975864855 -2.9406879205145637 -0.3694444444444444
    endloop
  endfacet
  facet normal 0.2486898871648548 0.9685831611286311 0
    outer loop
      vertex -1.004305231718579 -3.090933677959249 -0.36944444444444446
      vertex -1.004305231718579 -3.090933677959249 3
      vertex -0.6089892724036057 -3.192433564868238 -0.3694444444444445
    endloop
  endfacet
  facet normal 0.12533323356430498 0.9921147013144778 0
    outer loop
      vertex -0.6089892724036057 -3.192433564868238 3
      vertex -0.20406918847026972 -3.2435868673918824 -0.3694444444444447
      vertex -0.6089892724036057 -3.192433564868238 -0.3694444444444445
    endloop
  endfacet
  facet normal 0 1 0
    outer loop
      vertex -0.20406918847026972 -3.2435868673918824 -0.3694444444444447
      vertex -0.20406918847026972 -3.2435868673918824 3
      vertex 0.20406918847026972 -3.2435868673918824 -0.36944444444444463
    endloop
  endfacet
  facet normal 0.8443279255020151 0.5358267949789968 0
    outer loop
      vertex -2.629305231718579 -1.9103020699505378 -0.36944444444444474
      vertex -2.8479967101425565 -1.5656994408305749 3
      vertex -2.629305231718579 -1.9103020699505378 3
    endloop
  endfacet
  facet normal 0.5877852522924725 0.8090169943749479 0
    outer loop
      vertex -1.7414370836817394 -2.7440657578815486 -0.3694444444444444
      vertex -2.0716279666832413 -2.5041680390213155 3
      vertex -1.7414370836817394 -2.7440657578815486 3
    endloop
  endfacet
  facet normal 0.7705132427757896 0.6374239897486892 0
    outer loop
      vertex -2.369148039119588 -2.224778094268238 -0.36944444444444435
      vertex -2.629305231718579 -1.9103020699505378 3
      vertex -2.369148039119588 -2.224778094268238 3
    endloop
  endfacet
  facet normal 0.6845471059286888 0.7289686274214114 9.022258368979939e-17
    outer loop
      vertex -2.071627966683241 -2.5041680390213155 -0.3694444444444446
      vertex -2.369148039119588 -2.224778094268238 3
      vertex -2.0716279666832413 -2.5041680390213155 3
    endloop
  endfacet
  facet normal 0.9510565162951536 0.3090169943749471 0
    outer loop
      vertex -3.021773579136817 -1.1964047962252031 -0.36944444444444435
      vertex -3.147895273668051 -0.8082421332857783 3
      vertex -3.021773579136817 -1.1964047962252031 3
    endloop
  endfacet
  facet normal 0.9048270524660195 0.42577929156507277 -2.805862988383963e-17
    outer loop
      vertex -2.8479967101425565 -1.565699440830575 -0.3694444444444443
      vertex -3.021773579136817 -1.1964047962252031 3
      vertex -2.8479967101425565 -1.5656994408305749 3
    endloop
  endfacet
  facet normal 0.9822872507286886 0.18738131458572446 0
    outer loop
      vertex -3.147895273668051 -0.8082421332857783 -0.36944444444444435
      vertex -3.224372779272053 -0.40733300908398823 3
      vertex -3.147895273668051 -0.8082421332857783 3
    endloop
  endfacet
  facet normal 0.9980267284282716 0.06279051952931358 0
    outer loop
      vertex -3.224372779272053 -0.40733300908398823 -0.36944444444444446
      vertex -3.25 0 3
      vertex -3.224372779272053 -0.40733300908398823 3
    endloop
  endfacet
  facet normal 0.48175367410171555 0.8763066800438635 0
    outer loop
      vertex -1.3837826975864855 -2.9406879205145637 -0.3694444444444444
      vertex -1.7414370836817394 -2.7440657578815486 3
      vertex -1.3837826975864855 -2.9406879205145637 3
    endloop
  endfacet
  facet normal 0.3681245526846773 0.9297764858882517 0
    outer loop
      vertex -1.004305231718579 -3.090933677959249 -0.36944444444444446
      vertex -1.3837826975864855 -2.9406879205145637 3
      vertex -1.004305231718579 -3.090933677959249 3
    endloop
  endfacet
  facet normal 0.2486898871648548 0.9685831611286311 0
    outer loop
      vertex -0.6089892724036057 -3.192433564868238 -0.3694444444444445
      vertex -1.004305231718579 -3.090933677959249 3
      vertex -0.6089892724036057 -3.192433564868238 3
    endloop
  endfacet
  facet normal 0.12533323356430498 0.9921147013144778 0
    outer loop
      vertex -0.20406918847026972 -3.2435868673918824 -0.3694444444444447
      vertex -0.6089892724036057 -3.192433564868238 3
      vertex -0.20406918847026972 -3.2435868673918824 3
    endloop
  endfacet
  facet normal 0.9980267284282716 -0.06279051952931358 0
    outer loop
      vertex -3.25 0 -0.36944444444444446
      vertex -3.224372779272053 0.40733300908398823 -0.36944444444444446
      vertex -3.224372779272053 0.40733300908398823 3
    endloop
  endfacet
  facet normal 0.9822872507286886 -0.1873813145857245 7.568603827523331e-18
    outer loop
      vertex -3.224372779272053 0.40733300908398823 -0.36944444444444446
      vertex -3.147895273668051 0.8082421332857782 -0.3694444444444444
      vertex -3.147895273668051 0.8082421332857783 3
    endloop
  endfacet
  facet normal 0.9510565162951536 -0.309016994374947 0
    outer loop
      vertex -3.147895273668051 0.8082421332857782 -0.3694444444444444
      vertex -3.021773579136817 1.1964047962252031 -0.36944444444444435
      vertex -3.021773579136817 1.1964047962252031 3
    endloop
  endfacet
  facet normal 0.9048270524660195 -0.42577929156507277 0
    outer loop
      vertex -3.021773579136817 1.1964047962252031 -0.36944444444444435
      vertex -2.8479967101425565 1.5656994408305749 -0.3694444444444443
      vertex -2.8479967101425565 1.5656994408305749 3
    endloop
  endfacet
  facet normal 0.8443279255020149 -0.5358267949789971 4.0365887080124535e-17
    outer loop
      vertex -2.8479967101425565 1.5656994408305749 -0.3694444444444443
      vertex -2.629305231718579 1.9103020699505375 -0.3694444444444448
      vertex -2.629305231718579 1.9103020699505378 3
    endloop
  endfacet
  facet normal 0.7705132427757898 -0.637423989748689 0
    outer loop
      vertex -2.629305231718579 1.9103020699505375 -0.3694444444444448
      vertex -2.369148039119588 2.224778094268238 -0.36944444444444435
      vertex -2.369148039119588 2.224778094268238 3
    endloop
  endfacet
  facet normal 0.6845471059286888 -0.7289686274214114 0
    outer loop
      vertex -2.369148039119588 2.224778094268238 -0.36944444444444435
      vertex -2.0716279666832413 2.5041680390213155 -0.3694444444444445
      vertex -2.0716279666832413 2.5041680390213155 3
    endloop
  endfacet
  facet normal 0.5877852522924725 -0.8090169943749479 0
    outer loop
      vertex -2.0716279666832413 2.5041680390213155 -0.3694444444444445
      vertex -1.7414370836817394 2.7440657578815486 -0.3694444444444444
      vertex -1.7414370836817394 2.7440657578815486 3
    endloop
  endfacet
  facet normal 0.48175367410171555 -0.8763066800438634 0
    outer loop
      vertex -1.7414370836817394 2.7440657578815486 -0.3694444444444444
      vertex -1.3837826975864864 2.9406879205145633 -0.36944444444444424
      vertex -1.3837826975864864 2.9406879205145633 3
    endloop
  endfacet
  facet normal 0.3681245526846777 -0.9297764858882515 -2.5228679425077805e-17
    outer loop
      vertex -1.3837826975864864 2.9406879205145633 -0.36944444444444424
      vertex -1.0043052317185792 3.090933677959249 -0.36944444444444446
      vertex -1.004305231718579 3.090933677959249 3
    endloop
  endfacet
  facet normal 0.24868988716485524 -0.968583161128631 0
    outer loop
      vertex -1.0043052317185792 3.090933677959249 -0.36944444444444446
      vertex -0.6089892724036049 3.1924335648682383 -0.3694444444444448
      vertex -0.6089892724036049 3.1924335648682383 3
    endloop
  endfacet
  facet normal 0.12533323356430365 -0.992114701314478 -3.279728325260115e-17
    outer loop
      vertex -0.6089892724036049 3.1924335648682383 -0.3694444444444448
      vertex -0.20406918847026814 3.2435868673918824 -0.3694444444444447
      vertex -0.20406918847026725 3.2435868673918824 3
    endloop
  endfacet
  facet normal 0.9980267284282716 -0.06279051952931358 0
    outer loop
      vertex -3.25 0 -0.36944444444444446
      vertex -3.224372779272053 0.40733300908398823 3
      vertex -3.25 0 3
    endloop
  endfacet
  facet normal 0.9822872507286886 -0.18738131458572446 0
    outer loop
      vertex -3.224372779272053 0.40733300908398823 -0.36944444444444446
      vertex -3.147895273668051 0.8082421332857783 3
      vertex -3.224372779272053 0.40733300908398823 3
    endloop
  endfacet
  facet normal 0.9510565162951536 -0.3090169943749471 1.0182028159603493e-17
    outer loop
      vertex -3.147895273668051 0.8082421332857782 -0.3694444444444444
      vertex -3.021773579136817 1.1964047962252031 3
      vertex -3.147895273668051 0.8082421332857783 3
    endloop
  endfacet
  facet normal 0.9048270524660195 -0.42577929156507277 0
    outer loop
      vertex -2.8479967101425565 1.5656994408305749 3
      vertex -3.021773579136817 1.1964047962252031 3
      vertex -3.021773579136817 1.1964047962252031 -0.36944444444444435
    endloop
  endfacet
  facet normal 0.8443279255020151 -0.5358267949789968 0
    outer loop
      vertex -2.629305231718579 1.9103020699505378 3
      vertex -2.8479967101425565 1.5656994408305749 3
      vertex -2.8479967101425565 1.5656994408305749 -0.3694444444444443
    endloop
  endfacet
  facet normal 0.7705132427757897 -0.6374239897486892 4.200590343813236e-17
    outer loop
      vertex -2.629305231718579 1.9103020699505375 -0.3694444444444448
      vertex -2.369148039119588 2.224778094268238 3
      vertex -2.629305231718579 1.9103020699505378 3
    endloop
  endfacet
  facet normal 0.6845471059286888 -0.7289686274214114 0
    outer loop
      vertex -2.369148039119588 2.224778094268238 -0.36944444444444435
      vertex -2.0716279666832413 2.5041680390213155 3
      vertex -2.369148039119588 2.224778094268238 3
    endloop
  endfacet
  facet normal 0.5877852522924725 -0.8090169943749479 0
    outer loop
      vertex -2.0716279666832413 2.5041680390213155 -0.3694444444444445
      vertex -1.7414370836817394 2.7440657578815486 3
      vertex -2.0716279666832413 2.5041680390213155 3
    endloop
  endfacet
  facet normal 0.48175367410171555 -0.8763066800438634 0
    outer loop
      vertex -1.7414370836817394 2.7440657578815486 -0.3694444444444444
      vertex -1.3837826975864864 2.9406879205145633 3
      vertex -1.7414370836817394 2.7440657578815486 3
    endloop
  endfacet
  facet normal 0.3681245526846775 -0.9297764858882516 0
    outer loop
      vertex -1.004305231718579 3.090933677959249 3
      vertex -1.3837826975864864 2.9406879205145633 3
      vertex -1.3837826975864864 2.9406879205145633 -0.36944444444444424
    endloop
  endfacet
  facet normal 0.24868988716485535 -0.968583161128631 -1.6388531894454683e-17
    outer loop
      vertex -1.0043052317185792 3.090933677959249 -0.36944444444444446
      vertex -0.6089892724036049 3.1924335648682383 3
      vertex -1.004305231718579 3.090933677959249 3
    endloop
  endfacet
  facet normal 0.12533323356430337 -0.992114701314478 0
    outer loop
      vertex -0.6089892724036049 3.1924335648682383 -0.3694444444444448
      vertex -0.20406918847026725 3.2435868673918824 3
      vertex -0.6089892724036049 3.1924335648682383 3
    endloop
  endfacet
  facet normal 0 -1 0
    outer loop
      vertex -0.20406918847026814 3.2435868673918824 -0.3694444444444447
      vertex 0.20406918847026814 3.2435868673918824 3
      vertex -0.20406918847026725 3.2435868673918824 3
    endloop
  endfacet
  facet normal -0.12533323356430498 0.9921147013144778 0
    outer loop
      vertex 0.6089892724036057 -3.192433564868238 -0.3694444444444445
      vertex 0.20406918847026972 -3.2435868673918824 -0.36944444444444463
      vertex 0.20406918847026972 -3.2435868673918824 3
    endloop
  endfacet
  facet normal -0.24868988716485468 0.9685831611286311 0
    outer loop
      vertex 1.0043052317185792 -3.090933677959249 -0.36944444444444446
      vertex 0.6089892724036057 -3.192433564868238 -0.3694444444444445
      vertex 0.6089892724036057 -3.192433564868238 3
    endloop
  endfacet
  facet normal -0.3681245526846774 0.9297764858882516 -2.522867942507786e-17
    outer loop
      vertex 1.3837826975864855 -2.9406879205145637 -0.3694444444444444
      vertex 1.0043052317185792 -3.090933677959249 -0.36944444444444446
      vertex 1.004305231718579 -3.090933677959249 3
    endloop
  endfacet
  facet normal -0.48175367410171566 0.8763066800438634 0
    outer loop
      vertex 1.7414370836817377 -2.7440657578815495 -0.36944444444444474
      vertex 1.3837826975864855 -2.9406879205145637 -0.3694444444444444
      vertex 1.3837826975864855 -2.9406879205145637 3
    endloop
  endfacet
  facet normal -0.5877852522924729 0.8090169943749476 0
    outer loop
      vertex 2.0716279666832422 -2.504168039021314 -0.3694444444444447
      vertex 1.7414370836817377 -2.7440657578815495 -0.36944444444444474
      vertex 1.7414370836817377 -2.7440657578815495 3
    endloop
  endfacet
  facet normal -0.6845471059286882 0.728968627421412 0
    outer loop
      vertex 2.369148039119588 -2.224778094268238 -0.36944444444444435
      vertex 2.0716279666832422 -2.504168039021314 -0.3694444444444447
      vertex 2.0716279666832422 -2.504168039021314 3
    endloop
  endfacet
  facet normal -0.7705132427757898 0.637423989748689 0
    outer loop
      vertex 2.629305231718579 -1.9103020699505375 -0.3694444444444448
      vertex 2.369148039119588 -2.224778094268238 -0.36944444444444435
      vertex 2.369148039119588 -2.224778094268238 3
    endloop
  endfacet
  facet normal -0.8443279255020149 0.5358267949789971 4.0365887080124535e-17
    outer loop
      vertex 2.8479967101425565 -1.5656994408305749 -0.3694444444444443
      vertex 2.629305231718579 -1.9103020699505375 -0.3694444444444448
      vertex 2.629305231718579 -1.9103020699505378 3
    endloop
  endfacet
  facet normal -0.9048270524660197 0.4257792915650725 0
    outer loop
      vertex 3.0217735791368163 -1.1964047962252047 -0.36944444444444485
      vertex 2.8479967101425565 -1.5656994408305749 -0.3694444444444443
      vertex 2.8479967101425565 -1.5656994408305749 3
    endloop
  endfacet
  facet normal -0.9510565162951534 0.3090169943749479 0
    outer loop
      vertex 3.1478952736680514 -0.8082421332857769 -0.36944444444444435
      vertex 3.0217735791368163 -1.1964047962252047 -0.36944444444444485
      vertex 3.0217735791368163 -1.1964047962252047 3
    endloop
  endfacet
  facet normal -0.9822872507286887 0.18738131458572407 0
    outer loop
      vertex 3.224372779272053 -0.40733300908398823 -0.36944444444444446
      vertex 3.1478952736680514 -0.8082421332857769 -0.36944444444444435
      vertex 3.1478952736680514 -0.8082421332857769 3
    endloop
  endfacet
  facet normal -0.9980267284282716 0.06279051952931358 0
    outer loop
      vertex 3.224372779272053 -0.40733300908398823 -0.36944444444444446
      vertex 3.224372779272053 -0.40733300908398823 3
      vertex 3.25 0 -0.36944444444444446
    endloop
  endfacet
  facet normal 0 1 0
    outer loop
      vertex 0.20406918847026972 -3.2435868673918824 -0.36944444444444463
      vertex -0.20406918847026972 -3.2435868673918824 3
      vertex 0.20406918847026972 -3.2435868673918824 3
    endloop
  endfacet
  facet normal -0.12533323356430498 0.9921147013144778 0
    outer loop
      vertex 0.20406918847026972 -3.2435868673918824 3
      vertex 0.6089892724036057 -3.192433564868238 3
      vertex 0.6089892724036057 -3.192433564868238 -0.3694444444444445
    endloop
  endfacet
  facet normal -0.2486898871648548 0.9685831611286311 -1.6388531894454646e-17
    outer loop
      vertex 1.0043052317185792 -3.090933677959249 -0.36944444444444446
      vertex 0.6089892724036057 -3.192433564868238 3
      vertex 1.004305231718579 -3.090933677959249 3
    endloop
  endfacet
  facet normal -0.3681245526846773 0.9297764858882517 0
    outer loop
      vertex 1.004305231718579 -3.090933677959249 3
      vertex 1.3837826975864855 -2.9406879205145637 3
      vertex 1.3837826975864855 -2.9406879205145637 -0.3694444444444444
    endloop
  endfacet
  facet normal -0.48175367410171566 0.8763066800438634 0
    outer loop
      vertex 1.7414370836817377 -2.7440657578815495 -0.36944444444444474
      vertex 1.3837826975864855 -2.9406879205145637 3
      vertex 1.7414370836817377 -2.7440657578815495 3
    endloop
  endfacet
  facet normal -0.5877852522924729 0.8090169943749476 0
    outer loop
      vertex 2.0716279666832422 -2.504168039021314 -0.3694444444444447
      vertex 1.7414370836817377 -2.7440657578815495 3
      vertex 2.0716279666832422 -2.504168039021314 3
    endloop
  endfacet
  facet normal -0.6845471059286881 0.728968627421412 0
    outer loop
      vertex 2.369148039119588 -2.224778094268238 -0.36944444444444435
      vertex 2.0716279666832422 -2.504168039021314 3
      vertex 2.369148039119588 -2.224778094268238 3
    endloop
  endfacet
  facet normal -0.7705132427757897 0.6374239897486892 4.200590343813236e-17
    outer loop
      vertex 2.629305231718579 -1.9103020699505375 -0.3694444444444448
      vertex 2.369148039119588 -2.224778094268238 3
      vertex 2.629305231718579 -1.9103020699505378 3
    endloop
  endfacet
  facet normal -0.8443279255020151 0.5358267949789968 0
    outer loop
      vertex 2.8479967101425565 -1.5656994408305749 -0.3694444444444443
      vertex 2.629305231718579 -1.9103020699505378 3
      vertex 2.8479967101425565 -1.5656994408305749 3
    endloop
  endfacet
  facet normal -0.9048270524660197 0.4257792915650725 0
    outer loop
      vertex 2.8479967101425565 -1.5656994408305749 3
      vertex 3.0217735791368163 -1.1964047962252047 3
      vertex 3.0217735791368163 -1.1964047962252047 -0.36944444444444485
    endloop
  endfacet
  facet normal -0.9510565162951534 0.30901699437494795 0
    outer loop
      vertex 3.1478952736680514 -0.8082421332857769 -0.36944444444444435
      vertex 3.0217735791368163 -1.1964047962252047 3
      vertex 3.1478952736680514 -0.8082421332857769 3
    endloop
  endfacet
  facet normal -0.9822872507286887 0.18738131458572407 0
    outer loop
      vertex 3.224372779272053 -0.40733300908398823 -0.36944444444444446
      vertex 3.1478952736680514 -0.8082421332857769 3
      vertex 3.224372779272053 -0.40733300908398823 3
    endloop
  endfacet
  facet normal -0.9980267284282716 0.06279051952931358 0
    outer loop
      vertex 3.25 0 -0.36944444444444446
      vertex 3.224372779272053 -0.40733300908398823 3
      vertex 3.25 0 3
    endloop
  endfacet
  facet normal 0 -1 0
    outer loop
      vertex -0.20406918847026814 3.2435868673918824 -0.3694444444444447
      vertex 0.20406918847026814 3.2435868673918824 -0.3694444444444447
      vertex 0.20406918847026814 3.2435868673918824 3
    endloop
  endfacet
  facet normal -0.12533323356430368 -0.9921147013144779 4.1296968668897336e-18
    outer loop
      vertex 0.6089892724036049 3.1924335648682383 3
      vertex 0.20406918847026814 3.2435868673918824 -0.3694444444444447
      vertex 0.6089892724036048 3.1924335648682383 -0.3694444444444448
    endloop
  endfacet
  facet normal -0.24868988716485532 -0.968583161128631 0
    outer loop
      vertex 1.004305231718579 3.090933677959249 -0.36944444444444446
      vertex 1.004305231718579 3.090933677959249 3
      vertex 0.6089892724036048 3.1924335648682383 -0.3694444444444448
    endloop
  endfacet
  facet normal -0.3681245526846775 -0.9297764858882516 0
    outer loop
      vertex 1.3837826975864864 2.9406879205145633 3
      vertex 1.004305231718579 3.090933677959249 -0.36944444444444446
      vertex 1.3837826975864864 2.9406879205145633 -0.36944444444444424
    endloop
  endfacet
  facet normal -0.4817536741017149 -0.8763066800438637 0
    outer loop
      vertex 1.7414370836817392 2.744065757881549 3
      vertex 1.3837826975864864 2.9406879205145633 -0.36944444444444424
      vertex 1.7414370836817392 2.744065757881549 -0.36944444444444446
    endloop
  endfacet
  facet normal -0.9980267284282716 -0.06279051952931348 0
    outer loop
      vertex 3.224372779272053 0.40733300908398884 -0.36944444444444446
      vertex 3.25 0 -0.36944444444444446
      vertex 3.25 0 3
    endloop
  endfacet
  facet normal -0.9822872507286886 -0.18738131458572482 0
    outer loop
      vertex 3.147895273668051 0.8082421332857781 -0.3694444444444444
      vertex 3.224372779272053 0.40733300908398884 -0.36944444444444446
      vertex 3.224372779272053 0.40733300908398884 3
    endloop
  endfacet
  facet normal -0.8443279255020151 -0.5358267949789968 0
    outer loop
      vertex 2.629305231718579 1.9103020699505378 -0.36944444444444474
      vertex 2.8479967101425565 1.5656994408305749 -0.3694444444444445
      vertex 2.8479967101425565 1.5656994408305749 3
    endloop
  endfacet
  facet normal -0.9048270524660198 -0.4257792915650722 0
    outer loop
      vertex 3.0217735791368168 1.1964047962252033 3
      vertex 2.8479967101425565 1.5656994408305749 -0.3694444444444445
      vertex 3.0217735791368168 1.1964047962252033 -0.3694444444444448
    endloop
  endfacet
  facet normal -0.9510565162951534 -0.3090169943749478 0
    outer loop
      vertex 3.0217735791368168 1.1964047962252033 -0.3694444444444448
      vertex 3.147895273668051 0.8082421332857781 -0.3694444444444444
      vertex 3.147895273668051 0.8082421332857781 3
    endloop
  endfacet
  facet normal -0.5877852522924744 -0.8090169943749466 7.746947384233346e-17
    outer loop
      vertex 2.0716279666832413 2.5041680390213146 -0.3694444444444445
      vertex 2.071627966683242 2.5041680390213146 3
      vertex 1.7414370836817392 2.744065757881549 -0.36944444444444446
    endloop
  endfacet
  facet normal -0.7705132427757895 -0.6374239897486894 0
    outer loop
      vertex 2.3691480391195876 2.2247780942682382 -0.36944444444444446
      vertex 2.629305231718579 1.9103020699505378 -0.36944444444444474
      vertex 2.629305231718579 1.9103020699505378 3
    endloop
  endfacet
  facet normal -0.6845471059286876 -0.7289686274214126 0
    outer loop
      vertex 2.0716279666832413 2.5041680390213146 -0.3694444444444445
      vertex 2.3691480391195876 2.2247780942682382 -0.36944444444444446
      vertex 2.3691480391195876 2.2247780942682382 3
    endloop
  endfacet
  facet normal -0.12533323356430365 -0.992114701314478 0
    outer loop
      vertex 0.20406918847026814 3.2435868673918824 -0.3694444444444447
      vertex 0.6089892724036049 3.1924335648682383 3
      vertex 0.20406918847026814 3.2435868673918824 3
    endloop
  endfacet
  facet normal -0.2486898871648554 -0.968583161128631 1.0091471770031123e-17
    outer loop
      vertex 1.004305231718579 3.090933677959249 3
      vertex 0.6089892724036049 3.1924335648682383 3
      vertex 0.6089892724036048 3.1924335648682383 -0.3694444444444448
    endloop
  endfacet
  facet normal -0.3681245526846775 -0.9297764858882516 0
    outer loop
      vertex 1.004305231718579 3.090933677959249 -0.36944444444444446
      vertex 1.3837826975864864 2.9406879205145633 3
      vertex 1.004305231718579 3.090933677959249 3
    endloop
  endfacet
  facet normal -0.4817536741017149 -0.8763066800438637 0
    outer loop
      vertex 1.3837826975864864 2.9406879205145633 -0.36944444444444424
      vertex 1.7414370836817392 2.744065757881549 3
      vertex 1.3837826975864864 2.9406879205145633 3
    endloop
  endfacet
  facet normal -0.9980267284282716 -0.06279051952931348 0
    outer loop
      vertex 3.25 0 3
      vertex 3.224372779272053 0.40733300908398884 3
      vertex 3.224372779272053 0.40733300908398884 -0.36944444444444446
    endloop
  endfacet
  facet normal -0.9822872507286886 -0.18738131458572482 0
    outer loop
      vertex 3.224372779272053 0.40733300908398884 3
      vertex 3.147895273668051 0.8082421332857781 3
      vertex 3.147895273668051 0.8082421332857781 -0.3694444444444444
    endloop
  endfacet
  facet normal -0.9048270524660198 -0.4257792915650721 0
    outer loop
      vertex 2.8479967101425565 1.5656994408305749 -0.3694444444444445
      vertex 3.0217735791368168 1.1964047962252033 3
      vertex 2.8479967101425565 1.5656994408305749 3
    endloop
  endfacet
  facet normal -0.9510565162951534 -0.3090169943749478 0
    outer loop
      vertex 3.147895273668051 0.8082421332857781 3
      vertex 3.0217735791368168 1.1964047962252033 3
      vertex 3.0217735791368168 1.1964047962252033 -0.3694444444444448
    endloop
  endfacet
  facet normal -0.6845471059286882 -0.728968627421412 9.022258368979932e-17
    outer loop
      vertex 2.0716279666832413 2.5041680390213146 -0.3694444444444445
      vertex 2.3691480391195876 2.2247780942682382 3
      vertex 2.071627966683242 2.5041680390213146 3
    endloop
  endfacet
  facet normal -0.7705132427757895 -0.6374239897486893 0
    outer loop
      vertex 2.629305231718579 1.9103020699505378 3
      vertex 2.3691480391195876 2.2247780942682382 3
      vertex 2.3691480391195876 2.2247780942682382 -0.36944444444444446
    endloop
  endfacet
  facet normal -0.5877852522924738 -0.8090169943749469 0
    outer loop
      vertex 1.7414370836817392 2.744065757881549 -0.36944444444444446
      vertex 2.071627966683242 2.5041680390213146 3
      vertex 1.7414370836817392 2.744065757881549 3
    endloop
  endfacet
  facet normal -0.8443279255020151 -0.5358267949789968 0
    outer loop
      vertex 2.629305231718579 1.9103020699505378 -0.36944444444444474
      vertex 2.8479967101425565 1.5656994408305749 3
      vertex 2.629305231718579 1.9103020699505378 3
    endloop
  endfacet
endsolid OpenSCAD_Model
