solid OpenSCAD_Model
  facet normal 0.4271027073368337 0.5878564445626947 0.6870284404387161
    outer loop
      vertex -34.14736318154764 -38.886923836996424 0.10000000000000009
      vertex -34.928976461924385 -40.53958053180725 2
      vertex -33.964488230962196 -39.01979026590363 0.10000000000000009
    endloop
  endfacet
  facet normal 0.3500569258514165 0.6367511842877086 0.6870284404387175
    outer loop
      vertex -33.964488230962196 -39.01979026590363 0.10000000000000009
      vertex -34.53280544963426 -40.75737738887767 2
      vertex -33.766402724817134 -39.128688694438836 0.10000000000000009
    endloop
  endfacet
  facet normal 0.26749053753145924 0.675603977459779 0.6870284404387185
    outer loop
      vertex -33.55623058987491 -39.211901729331274 0.10000000000000009
      vertex -33.766402724817134 -39.128688694438836 0.10000000000000009
      vertex -34.11246117974981 -40.923803458662555 2
    endloop
  endfacet
  facet normal 0.18070566364355548 0.7038020923210485 0.6870284404387175
    outer loop
      vertex -33.55623058987491 -39.211901729331274 0.10000000000000009
      vertex -33.67457273250861 -41.03623410262328 2
      vertex -33.337286366254304 -39.26811705131164 0.10000000000000009
    endloop
  endfacet
  facet normal 0.09107095349162446 0.7209008277554337 0.6870284404387179
    outer loop
      vertex -33.337286366254304 -39.26811705131164 0.10000000000000009
      vertex -33.226045870305526 -41.09289622234178 2
      vertex -33.11302293515276 -39.29644811117089 0.10000000000000009
    endloop
  endfacet
  facet normal 0 0.7266305264908318 0.6870284404387177
    outer loop
      vertex -33.11302293515276 -39.29644811117089 0.10000000000000009
      vertex -32.773954129694474 -41.09289622234178 2
      vertex -32.88697706484724 -39.29644811117089 0.10000000000000009
    endloop
  endfacet
  facet normal -0.09107095349162446 0.7209008277554337 0.6870284404387178
    outer loop
      vertex -32.88697706484724 -39.29644811117089 0.10000000000000009
      vertex -32.773954129694474 -41.09289622234178 2
      vertex -32.662713633745696 -39.26811705131164 0.10000000000000009
    endloop
  endfacet
  facet normal -0.18070566364355548 0.7038020923210485 0.6870284404387175
    outer loop
      vertex -32.662713633745696 -39.26811705131164 0.10000000000000009
      vertex -32.32542726749139 -41.03623410262328 2
      vertex -32.44376941012509 -39.211901729331274 0.10000000000000009
    endloop
  endfacet
  facet normal -0.26749053753145907 0.6756039774597785 0.6870284404387186
    outer loop
      vertex -32.44376941012509 -39.211901729331274 0.10000000000000009
      vertex -31.88753882025019 -40.923803458662555 2
      vertex -32.233597275182866 -39.128688694438836 0.10000000000000009
    endloop
  endfacet
  facet normal -0.35005692585141657 0.6367511842877087 0.6870284404387175
    outer loop
      vertex -32.233597275182866 -39.128688694438836 0.10000000000000009
      vertex -31.46719455036574 -40.75737738887767 2
      vertex -32.035511769037804 -39.01979026590363 0.10000000000000009
    endloop
  endfacet
  facet normal -0.42710270733682815 0.5878564445626984 0.6870284404387162
    outer loop
      vertex -32.035511769037804 -39.01979026590363 0.10000000000000009
      vertex -31.071023538075615 -40.53958053180725 2
      vertex -31.852636818452357 -38.886923836996424 0.10000000000000009
    endloop
  endfacet
  facet normal 0.6135144450384414 0.38934810614348253 0.6870284404387178
    outer loop
      vertex -34.456230589874906 -38.55801345412645 0.10000000000000009
      vertex -34.577352024078955 -38.36715661338309 0.10000000000000009
      vertex -35.91246117974981 -39.616026908252906 2
    endloop
  endfacet
  facet normal 0.6574749575165341 0.3093842307988163 0.6870284404387175
    outer loop
      vertex -34.577352024078955 -38.36715661338309 0.10000000000000009
      vertex -34.67359767459885 -38.16262419483242 0.10000000000000009
      vertex -36.15470404815791 -39.234313226766176 2
    endloop
  endfacet
  facet normal 0.6910666971580803 0.22454118131729678 0.6870284404387166
    outer loop
      vertex -34.74344969003154 -37.94764179689674 0.10000000000000009
      vertex -36.48689938006307 -38.39528359379348 2
      vertex -34.67359767459885 -38.16262419483242 0.10000000000000009
    endloop
  endfacet
  facet normal 0.5598784432663311 0.4631717292689768 0.6870284404387167
    outer loop
      vertex -34.456230589874906 -38.55801345412645 0.10000000000000009
      vertex -35.62428705871708 -39.96436958134328 2
      vertex -34.31214352935854 -38.73218479067164 0.10000000000000009
    endloop
  endfacet
  facet normal 0.49741282398873826 0.5296908575385205 0.6870284404387167
    outer loop
      vertex -34.14736318154764 -38.886923836996424 0.10000000000000009
      vertex -34.31214352935854 -38.73218479067164 0.10000000000000009
      vertex -35.29472636309528 -40.27384767399284 2
    endloop
  endfacet
  facet normal 0.7137599021622201 0.136156983271959 0.6870284404387182
    outer loop
      vertex -34.74344969003154 -37.94764179689674 0.10000000000000009
      vertex -34.78580646236606 -37.725599820415745 0.10000000000000009
      vertex -36.57161292473212 -37.9511996408315 2
    endloop
  endfacet
  facet normal 0.725196687129757 0.045625508264206305 0.6870284404387188
    outer loop
      vertex -34.78580646236606 -37.725599820415745 0.10000000000000009
      vertex -34.8 -37.5 0.10000000000000009
      vertex -36.6 -37.5 2
    endloop
  endfacet
  facet normal 0.725196687129757 -0.045625508264206305 0.6870284404387188
    outer loop
      vertex -34.8 -37.5 0.10000000000000009
      vertex -34.78580646236606 -37.274400179584255 0.10000000000000009
      vertex -36.6 -37.5 2
    endloop
  endfacet
  facet normal 0.7137599021622201 -0.136156983271959 0.6870284404387182
    outer loop
      vertex -34.78580646236606 -37.274400179584255 0.10000000000000009
      vertex -34.74344969003154 -37.05235820310326 0.10000000000000009
      vertex -36.57161292473212 -37.0488003591685 2
    endloop
  endfacet
  facet normal 0.6910666971580803 -0.22454118131729678 0.6870284404387166
    outer loop
      vertex -34.74344969003154 -37.05235820310326 0.10000000000000009
      vertex -34.67359767459885 -36.83737580516758 0.10000000000000009
      vertex -36.48689938006307 -36.60471640620652 2
    endloop
  endfacet
  facet normal 0.6574749575165341 -0.3093842307988163 0.6870284404387175
    outer loop
      vertex -34.67359767459885 -36.83737580516758 0.10000000000000009
      vertex -34.577352024078955 -36.63284338661691 0.10000000000000009
      vertex -36.15470404815791 -35.765686773233824 2
    endloop
  endfacet
  facet normal 0.6135144450384414 -0.38934810614348253 0.6870284404387178
    outer loop
      vertex -34.577352024078955 -36.63284338661691 0.10000000000000009
      vertex -34.456230589874906 -36.44198654587355 0.10000000000000009
      vertex -35.91246117974981 -35.383973091747094 2
    endloop
  endfacet
  facet normal 0.5598784432663311 -0.4631717292689768 0.6870284404387167
    outer loop
      vertex -34.456230589874906 -36.44198654587355 0.10000000000000009
      vertex -34.31214352935854 -36.26781520932836 0.10000000000000009
      vertex -35.62428705871708 -35.03563041865672 2
    endloop
  endfacet
  facet normal 0.4974128239887382 -0.5296908575385205 0.6870284404387167
    outer loop
      vertex -34.31214352935854 -36.26781520932836 0.10000000000000009
      vertex -34.14736318154764 -36.113076163003576 0.10000000000000009
      vertex -35.29472636309528 -34.72615232600716 2
    endloop
  endfacet
  facet normal 0.4271027073368337 -0.5878564445626947 0.6870284404387161
    outer loop
      vertex -34.14736318154764 -36.113076163003576 0.10000000000000009
      vertex -33.964488230962196 -35.98020973409637 0.10000000000000009
      vertex -34.928976461924385 -34.46041946819275 2
    endloop
  endfacet
  facet normal 0.3500569258514165 -0.6367511842877086 0.6870284404387175
    outer loop
      vertex -33.964488230962196 -35.98020973409637 0.10000000000000009
      vertex -33.766402724817134 -35.871311305561164 0.10000000000000009
      vertex -34.53280544963426 -34.24262261112233 2
    endloop
  endfacet
  facet normal 0.26749053753145924 -0.675603977459779 0.6870284404387184
    outer loop
      vertex -33.766402724817134 -35.871311305561164 0.10000000000000009
      vertex -33.55623058987491 -35.788098270668726 0.10000000000000009
      vertex -34.11246117974981 -34.076196541337445 2
    endloop
  endfacet
  facet normal 0.18070566364355548 -0.7038020923210485 0.6870284404387175
    outer loop
      vertex -33.55623058987491 -35.788098270668726 0.10000000000000009
      vertex -33.337286366254304 -35.73188294868836 0.10000000000000009
      vertex -33.67457273250861 -33.96376589737672 2
    endloop
  endfacet
  facet normal 0.09107095349162446 -0.7209008277554337 0.6870284404387179
    outer loop
      vertex -33.337286366254304 -35.73188294868836 0.10000000000000009
      vertex -33.11302293515276 -35.70355188882911 0.10000000000000009
      vertex -33.226045870305526 -33.90710377765822 2
    endloop
  endfacet
  facet normal 0 -0.7266305264908318 0.6870284404387177
    outer loop
      vertex -33.11302293515276 -35.70355188882911 0.10000000000000009
      vertex -32.88697706484724 -35.70355188882911 0.10000000000000009
      vertex -33.226045870305526 -33.90710377765822 2
    endloop
  endfacet
  facet normal -0.49741282398875 0.5296908575385101 0.6870284404387162
    outer loop
      vertex -31.852636818452357 -38.886923836996424 0.10000000000000009
      vertex -30.705273636904717 -40.27384767399284 2
      vertex -31.68785647064146 -38.73218479067164 0.10000000000000009
    endloop
  endfacet
  facet normal -0.5598784432663245 0.4631717292689827 0.6870284404387181
    outer loop
      vertex -31.68785647064146 -38.73218479067164 0.10000000000000009
      vertex -30.375712941282917 -39.96436958134328 2
      vertex -31.543769410125094 -38.55801345412645 0.10000000000000009
    endloop
  endfacet
  facet normal -0.6135144450384414 0.38934810614348253 0.6870284404387178
    outer loop
      vertex -31.543769410125094 -38.55801345412645 0.10000000000000009
      vertex -30.087538820250188 -39.616026908252906 2
      vertex -31.422647975921045 -38.36715661338309 0.10000000000000009
    endloop
  endfacet
  facet normal -0.6574749575165341 0.3093842307988163 0.6870284404387175
    outer loop
      vertex -31.422647975921045 -38.36715661338309 0.10000000000000009
      vertex -29.84529595184209 -39.234313226766176 2
      vertex -31.326402325401148 -38.16262419483242 0.10000000000000009
    endloop
  endfacet
  facet normal -0.6910666971580827 0.22454118131728612 0.6870284404387175
    outer loop
      vertex -31.326402325401148 -38.16262419483242 0.10000000000000009
      vertex -29.513100619936928 -38.39528359379348 2
      vertex -31.256550309968464 -37.94764179689674 0.10000000000000009
    endloop
  endfacet
  facet normal -0.7137599021622183 0.13615698327197007 0.6870284404387179
    outer loop
      vertex -31.256550309968464 -37.94764179689674 0.10000000000000009
      vertex -29.428387075267878 -37.9511996408315 2
      vertex -31.21419353763394 -37.725599820415745 0.10000000000000009
    endloop
  endfacet
  facet normal -0.7251966871297573 0.04562550826421775 0.6870284404387176
    outer loop
      vertex -31.21419353763394 -37.725599820415745 0.10000000000000009
      vertex -29.4 -37.5 2
      vertex -31.2 -37.5 0.10000000000000009
    endloop
  endfacet
  facet normal -0.7251966871297573 -0.04562550826421775 0.6870284404387176
    outer loop
      vertex -31.21419353763394 -37.274400179584255 0.10000000000000009
      vertex -31.2 -37.5 0.10000000000000009
      vertex -29.4 -37.5 2
    endloop
  endfacet
  facet normal -0.6910666971580827 -0.22454118131728612 0.6870284404387176
    outer loop
      vertex -31.256550309968464 -37.05235820310326 0.10000000000000009
      vertex -29.513100619936928 -36.60471640620652 2
      vertex -31.326402325401148 -36.83737580516758 0.10000000000000009
    endloop
  endfacet
  facet normal -0.7137599021622182 -0.13615698327197004 0.6870284404387179
    outer loop
      vertex -31.21419353763394 -37.274400179584255 0.10000000000000009
      vertex -29.428387075267878 -37.0488003591685 2
      vertex -31.256550309968464 -37.05235820310326 0.10000000000000009
    endloop
  endfacet
  facet normal -0.18070566364355548 -0.7038020923210485 0.6870284404387175
    outer loop
      vertex -32.662713633745696 -35.73188294868836 0.10000000000000009
      vertex -32.44376941012509 -35.788098270668726 0.10000000000000009
      vertex -32.32542726749139 -33.96376589737672 2
    endloop
  endfacet
  facet normal -0.26749053753145907 -0.6756039774597785 0.6870284404387186
    outer loop
      vertex -32.44376941012509 -35.788098270668726 0.10000000000000009
      vertex -32.233597275182866 -35.871311305561164 0.10000000000000009
      vertex -31.88753882025019 -34.076196541337445 2
    endloop
  endfacet
  facet normal -0.4271027073368279 -0.587856444562698 0.6870284404387168
    outer loop
      vertex -32.035511769037804 -35.98020973409637 0.10000000000000009
      vertex -31.852636818452357 -36.113076163003576 0.10000000000000009
      vertex -31.07102353807561 -34.46041946819275 2
    endloop
  endfacet
  facet normal -0.3500569258514165 -0.6367511842877086 0.6870284404387175
    outer loop
      vertex -32.035511769037804 -35.98020973409637 0.10000000000000009
      vertex -31.46719455036574 -34.24262261112233 2
      vertex -32.233597275182866 -35.871311305561164 0.10000000000000009
    endloop
  endfacet
  facet normal -0.09107095349162446 -0.7209008277554337 0.6870284404387178
    outer loop
      vertex -32.88697706484724 -35.70355188882911 0.10000000000000009
      vertex -32.662713633745696 -35.73188294868836 0.10000000000000009
      vertex -32.773954129694474 -33.90710377765822 2
    endloop
  endfacet
  facet normal -0.5598784432663249 -0.46317172926898303 0.6870284404387177
    outer loop
      vertex -31.68785647064146 -36.26781520932836 0.10000000000000009
      vertex -31.543769410125094 -36.44198654587355 0.10000000000000009
      vertex -30.37571294128292 -35.03563041865672 2
    endloop
  endfacet
  facet normal -0.6135144450384414 -0.38934810614348253 0.6870284404387178
    outer loop
      vertex -31.422647975921045 -36.63284338661691 0.10000000000000009
      vertex -30.087538820250188 -35.383973091747094 2
      vertex -31.543769410125094 -36.44198654587355 0.10000000000000009
    endloop
  endfacet
  facet normal -0.49741282398875 -0.5296908575385101 0.6870284404387162
    outer loop
      vertex -31.852636818452357 -36.113076163003576 0.10000000000000009
      vertex -31.68785647064146 -36.26781520932836 0.10000000000000009
      vertex -30.705273636904717 -34.72615232600716 2
    endloop
  endfacet
  facet normal -0.6574749575165341 -0.3093842307988163 0.6870284404387175
    outer loop
      vertex -31.422647975921045 -36.63284338661691 0.10000000000000009
      vertex -31.326402325401148 -36.83737580516758 0.10000000000000009
      vertex -29.84529595184209 -35.765686773233824 2
    endloop
  endfacet
  facet normal 0.6135144450384413 0.38934810614348264 0.6870284404387177
    outer loop
      vertex -34.577352024078955 -38.36715661338309 0.10000000000000009
      vertex -36.15470404815791 -39.234313226766176 2
      vertex -35.91246117974981 -39.616026908252906 2
    endloop
  endfacet
  facet normal 0.6574749575165317 0.3093842307988205 0.6870284404387179
    outer loop
      vertex -34.67359767459885 -38.16262419483242 0.10000000000000009
      vertex -36.347195349197705 -38.82524838966484 2
      vertex -36.15470404815791 -39.234313226766176 2
    endloop
  endfacet
  facet normal 0.6910666971580834 0.22454118131728237 0.6870284404387179
    outer loop
      vertex -34.67359767459885 -38.16262419483242 0.10000000000000009
      vertex -36.48689938006307 -38.39528359379348 2
      vertex -36.347195349197705 -38.82524838966484 2
    endloop
  endfacet
  facet normal 0.7137599021622189 0.13615698327197215 0.687028440438717
    outer loop
      vertex -34.74344969003154 -37.94764179689674 0.10000000000000009
      vertex -36.57161292473212 -37.9511996408315 2
      vertex -36.48689938006307 -38.39528359379348 2
    endloop
  endfacet
  facet normal 0.7251966871297573 0.045625508264217025 0.6870284404387178
    outer loop
      vertex -34.78580646236606 -37.725599820415745 0.10000000000000009
      vertex -36.6 -37.5 2
      vertex -36.57161292473212 -37.9511996408315 2
    endloop
  endfacet
  facet normal 0.7251966871297573 -0.045625508264217025 0.6870284404387178
    outer loop
      vertex -34.78580646236606 -37.274400179584255 0.10000000000000009
      vertex -36.57161292473212 -37.0488003591685 2
      vertex -36.6 -37.5 2
    endloop
  endfacet
  facet normal 0.7137599021622189 -0.13615698327197215 0.687028440438717
    outer loop
      vertex -34.74344969003154 -37.05235820310326 0.10000000000000009
      vertex -36.48689938006307 -36.60471640620652 2
      vertex -36.57161292473212 -37.0488003591685 2
    endloop
  endfacet
  facet normal 0.6910666971580834 -0.22454118131728237 0.6870284404387179
    outer loop
      vertex -34.67359767459885 -36.83737580516758 0.10000000000000009
      vertex -36.347195349197705 -36.17475161033516 2
      vertex -36.48689938006307 -36.60471640620652 2
    endloop
  endfacet
  facet normal 0.6574749575165317 -0.3093842307988205 0.6870284404387179
    outer loop
      vertex -34.67359767459885 -36.83737580516758 0.10000000000000009
      vertex -36.15470404815791 -35.765686773233824 2
      vertex -36.347195349197705 -36.17475161033516 2
    endloop
  endfacet
  facet normal 0.6135144450384413 -0.38934810614348264 0.6870284404387177
    outer loop
      vertex -34.577352024078955 -36.63284338661691 0.10000000000000009
      vertex -35.91246117974981 -35.383973091747094 2
      vertex -36.15470404815791 -35.765686773233824 2
    endloop
  endfacet
  facet normal 0.5598784432663249 0.4631717292689833 0.6870284404387175
    outer loop
      vertex -34.456230589874906 -38.55801345412645 0.10000000000000009
      vertex -35.91246117974981 -39.616026908252906 2
      vertex -35.62428705871708 -39.96436958134328 2
    endloop
  endfacet
  facet normal 0.49741282398873765 0.5296908575385209 0.6870284404387169
    outer loop
      vertex -34.31214352935854 -38.73218479067164 0.10000000000000009
      vertex -35.62428705871708 -39.96436958134328 2
      vertex -35.29472636309528 -40.27384767399284 2
    endloop
  endfacet
  facet normal 0.3500569258514257 0.6367511842877045 0.6870284404387165
    outer loop
      vertex -33.964488230962196 -39.01979026590363 0.10000000000000009
      vertex -34.928976461924385 -40.53958053180725 2
      vertex -34.53280544963426 -40.75737738887767 2
    endloop
  endfacet
  facet normal 0.42710270733682776 0.5878564445626981 0.6870284404387167
    outer loop
      vertex -34.14736318154764 -38.886923836996424 0.10000000000000009
      vertex -35.29472636309528 -40.27384767399284 2
      vertex -34.928976461924385 -40.53958053180725 2
    endloop
  endfacet
  facet normal 0.2674905375314694 0.6756039774597757 0.6870284404387175
    outer loop
      vertex -33.766402724817134 -39.128688694438836 0.10000000000000009
      vertex -34.53280544963426 -40.75737738887767 2
      vertex -34.11246117974981 -40.923803458662555 2
    endloop
  endfacet
  facet normal 0.18070566364354732 0.7038020923210498 0.6870284404387182
    outer loop
      vertex -33.55623058987491 -39.211901729331274 0.10000000000000009
      vertex -34.11246117974981 -40.923803458662555 2
      vertex -33.67457273250861 -41.03623410262328 2
    endloop
  endfacet
  facet normal 0.09107095349162446 0.7209008277554337 0.6870284404387178
    outer loop
      vertex -33.337286366254304 -39.26811705131164 0.10000000000000009
      vertex -33.67457273250861 -41.03623410262328 2
      vertex -33.226045870305526 -41.09289622234178 2
    endloop
  endfacet
  facet normal 0 0.7266305264908318 0.6870284404387177
    outer loop
      vertex -33.11302293515276 -39.29644811117089 0.10000000000000009
      vertex -33.226045870305526 -41.09289622234178 2
      vertex -32.773954129694474 -41.09289622234178 2
    endloop
  endfacet
  facet normal -0.09107095349162446 0.7209008277554337 0.6870284404387178
    outer loop
      vertex -32.662713633745696 -39.26811705131164 0.10000000000000009
      vertex -32.773954129694474 -41.09289622234178 2
      vertex -32.32542726749139 -41.03623410262328 2
    endloop
  endfacet
  facet normal -0.18070566364354593 0.7038020923210501 0.6870284404387184
    outer loop
      vertex -32.44376941012509 -39.211901729331274 0.10000000000000009
      vertex -32.32542726749139 -41.03623410262328 2
      vertex -31.88753882025019 -40.923803458662555 2
    endloop
  endfacet
  facet normal -0.2674905375314713 0.6756039774597749 0.6870284404387175
    outer loop
      vertex -32.233597275182866 -39.128688694438836 0.10000000000000009
      vertex -31.88753882025019 -40.923803458662555 2
      vertex -31.46719455036574 -40.75737738887767 2
    endloop
  endfacet
  facet normal -0.3500569258514257 0.6367511842877045 0.6870284404387165
    outer loop
      vertex -32.035511769037804 -39.01979026590363 0.10000000000000009
      vertex -31.46719455036574 -40.75737738887767 2
      vertex -31.071023538075615 -40.53958053180725 2
    endloop
  endfacet
  facet normal -0.42710270733682515 0.5878564445627003 0.6870284404387167
    outer loop
      vertex -31.852636818452357 -38.886923836996424 0.10000000000000009
      vertex -31.071023538075615 -40.53958053180725 2
      vertex -30.705273636904717 -40.27384767399284 2
    endloop
  endfacet
  facet normal -0.49741282398873693 0.5296908575385203 0.6870284404387177
    outer loop
      vertex -31.68785647064146 -38.73218479067164 0.10000000000000009
      vertex -30.705273636904717 -40.27384767399284 2
      vertex -30.375712941282917 -39.96436958134328 2
    endloop
  endfacet
  facet normal -0.5598784432663275 0.46317172926897987 0.6870284404387175
    outer loop
      vertex -31.543769410125094 -38.55801345412645 0.10000000000000009
      vertex -30.375712941282917 -39.96436958134328 2
      vertex -30.087538820250188 -39.616026908252906 2
    endloop
  endfacet
  facet normal 0.5598784432663249 -0.4631717292689833 0.6870284404387175
    outer loop
      vertex -34.456230589874906 -36.44198654587355 0.10000000000000009
      vertex -35.62428705871708 -35.03563041865672 2
      vertex -35.91246117974981 -35.383973091747094 2
    endloop
  endfacet
  facet normal 0.49741282398873765 -0.5296908575385209 0.6870284404387169
    outer loop
      vertex -34.31214352935854 -36.26781520932836 0.10000000000000009
      vertex -35.29472636309528 -34.72615232600716 2
      vertex -35.62428705871708 -35.03563041865672 2
    endloop
  endfacet
  facet normal 0.42710270733682776 -0.5878564445626981 0.6870284404387167
    outer loop
      vertex -34.14736318154764 -36.113076163003576 0.10000000000000009
      vertex -34.928976461924385 -34.46041946819275 2
      vertex -35.29472636309528 -34.72615232600716 2
    endloop
  endfacet
  facet normal 0.3500569258514257 -0.6367511842877045 0.6870284404387165
    outer loop
      vertex -33.964488230962196 -35.98020973409637 0.10000000000000009
      vertex -34.53280544963426 -34.24262261112233 2
      vertex -34.928976461924385 -34.46041946819275 2
    endloop
  endfacet
  facet normal 0.2674905375314694 -0.6756039774597757 0.6870284404387175
    outer loop
      vertex -33.766402724817134 -35.871311305561164 0.10000000000000009
      vertex -34.11246117974981 -34.076196541337445 2
      vertex -34.53280544963426 -34.24262261112233 2
    endloop
  endfacet
  facet normal 0.18070566364354732 -0.7038020923210498 0.6870284404387182
    outer loop
      vertex -33.55623058987491 -35.788098270668726 0.10000000000000009
      vertex -33.67457273250861 -33.96376589737672 2
      vertex -34.11246117974981 -34.076196541337445 2
    endloop
  endfacet
  facet normal 0.09107095349162446 -0.7209008277554337 0.6870284404387178
    outer loop
      vertex -33.337286366254304 -35.73188294868836 0.10000000000000009
      vertex -33.226045870305526 -33.90710377765822 2
      vertex -33.67457273250861 -33.96376589737672 2
    endloop
  endfacet
  facet normal 0 -0.7266305264908318 0.6870284404387177
    outer loop
      vertex -32.88697706484724 -35.70355188882911 0.10000000000000009
      vertex -32.773954129694474 -33.90710377765822 2
      vertex -33.226045870305526 -33.90710377765822 2
    endloop
  endfacet
  facet normal -0.6135144450384413 0.38934810614348264 0.6870284404387177
    outer loop
      vertex -31.422647975921045 -38.36715661338309 0.10000000000000009
      vertex -30.087538820250188 -39.616026908252906 2
      vertex -29.84529595184209 -39.234313226766176 2
    endloop
  endfacet
  facet normal -0.09107095349162446 -0.7209008277554337 0.6870284404387178
    outer loop
      vertex -32.662713633745696 -35.73188294868836 0.10000000000000009
      vertex -32.32542726749139 -33.96376589737672 2
      vertex -32.773954129694474 -33.90710377765822 2
    endloop
  endfacet
  facet normal -0.18070566364354593 -0.7038020923210501 0.6870284404387184
    outer loop
      vertex -32.44376941012509 -35.788098270668726 0.10000000000000009
      vertex -31.88753882025019 -34.076196541337445 2
      vertex -32.32542726749139 -33.96376589737672 2
    endloop
  endfacet
  facet normal -0.2674905375314713 -0.6756039774597749 0.6870284404387175
    outer loop
      vertex -32.233597275182866 -35.871311305561164 0.10000000000000009
      vertex -31.46719455036574 -34.24262261112233 2
      vertex -31.88753882025019 -34.076196541337445 2
    endloop
  endfacet
  facet normal -0.6135144450384413 -0.38934810614348264 0.6870284404387177
    outer loop
      vertex -31.422647975921045 -36.63284338661691 0.10000000000000009
      vertex -29.84529595184209 -35.765686773233824 2
      vertex -30.087538820250188 -35.383973091747094 2
    endloop
  endfacet
  facet normal -0.4974128239887401 -0.5296908575385176 0.6870284404387176
    outer loop
      vertex -31.68785647064146 -36.26781520932836 0.10000000000000009
      vertex -30.37571294128292 -35.03563041865672 2
      vertex -30.705273636904717 -34.72615232600716 2
    endloop
  endfacet
  facet normal -0.5598784432663249 -0.4631717292689833 0.6870284404387175
    outer loop
      vertex -31.543769410125094 -36.44198654587355 0.10000000000000009
      vertex -30.087538820250188 -35.383973091747094 2
      vertex -30.37571294128292 -35.03563041865672 2
    endloop
  endfacet
  facet normal -0.3500569258514232 -0.6367511842877057 0.6870284404387167
    outer loop
      vertex -32.035511769037804 -35.98020973409637 0.10000000000000009
      vertex -31.07102353807561 -34.46041946819275 2
      vertex -31.46719455036574 -34.24262261112233 2
    endloop
  endfacet
  facet normal -0.42710270733682776 -0.5878564445626981 0.6870284404387167
    outer loop
      vertex -31.852636818452357 -36.113076163003576 0.10000000000000009
      vertex -30.705273636904717 -34.72615232600716 2
      vertex -31.07102353807561 -34.46041946819275 2
    endloop
  endfacet
  facet normal -0.6574749575165317 0.3093842307988205 0.6870284404387179
    outer loop
      vertex -31.326402325401148 -38.16262419483242 0.10000000000000009
      vertex -29.84529595184209 -39.234313226766176 2
      vertex -29.652804650802295 -38.82524838966484 2
    endloop
  endfacet
  facet normal -0.6910666971580834 0.22454118131728237 0.6870284404387179
    outer loop
      vertex -31.326402325401148 -38.16262419483242 0.10000000000000009
      vertex -29.652804650802295 -38.82524838966484 2
      vertex -29.513100619936928 -38.39528359379348 2
    endloop
  endfacet
  facet normal -0.7137599021622182 0.1361569832719724 0.6870284404387177
    outer loop
      vertex -31.256550309968464 -37.94764179689674 0.10000000000000009
      vertex -29.513100619936928 -38.39528359379348 2
      vertex -29.428387075267878 -37.9511996408315 2
    endloop
  endfacet
  facet normal -0.7251966871297573 0.045625508264217025 0.6870284404387178
    outer loop
      vertex -31.21419353763394 -37.725599820415745 0.10000000000000009
      vertex -29.428387075267878 -37.9511996408315 2
      vertex -29.4 -37.5 2
    endloop
  endfacet
  facet normal -0.7251966871297573 -0.045625508264217025 0.6870284404387178
    outer loop
      vertex -31.21419353763394 -37.274400179584255 0.10000000000000009
      vertex -29.4 -37.5 2
      vertex -29.428387075267878 -37.0488003591685 2
    endloop
  endfacet
  facet normal -0.7137599021622182 -0.1361569832719724 0.6870284404387177
    outer loop
      vertex -31.256550309968464 -37.05235820310326 0.10000000000000009
      vertex -29.428387075267878 -37.0488003591685 2
      vertex -29.513100619936928 -36.60471640620652 2
    endloop
  endfacet
  facet normal -0.6574749575165317 -0.3093842307988205 0.6870284404387179
    outer loop
      vertex -31.326402325401148 -36.83737580516758 0.10000000000000009
      vertex -29.652804650802295 -36.17475161033516 2
      vertex -29.84529595184209 -35.765686773233824 2
    endloop
  endfacet
  facet normal -0.6910666971580834 -0.22454118131728237 0.6870284404387179
    outer loop
      vertex -31.326402325401148 -36.83737580516758 0.10000000000000009
      vertex -29.513100619936928 -36.60471640620652 2
      vertex -29.652804650802295 -36.17475161033516 2
    endloop
  endfacet
  facet normal 0.4271027073368335 0.5878564445626944 0.6870284404387165
    outer loop
      vertex 31.85263681845236 -38.886923836996424 0.10000000000000009
      vertex 31.07102353807561 -40.53958053180725 2
      vertex 32.035511769037804 -39.01979026590363 0.10000000000000009
    endloop
  endfacet
  facet normal 0.3500569258514165 0.6367511842877086 0.6870284404387175
    outer loop
      vertex 32.035511769037804 -39.01979026590363 0.10000000000000009
      vertex 31.46719455036574 -40.75737738887767 2
      vertex 32.233597275182866 -39.128688694438836 0.10000000000000009
    endloop
  endfacet
  facet normal 0.26749053753145907 0.6756039774597785 0.6870284404387186
    outer loop
      vertex 32.44376941012509 -39.211901729331274 0.10000000000000009
      vertex 32.233597275182866 -39.128688694438836 0.10000000000000009
      vertex 31.88753882025019 -40.923803458662555 2
    endloop
  endfacet
  facet normal 0.18070566364355548 0.7038020923210485 0.6870284404387175
    outer loop
      vertex 32.44376941012509 -39.211901729331274 0.10000000000000009
      vertex 32.32542726749139 -41.03623410262328 2
      vertex 32.662713633745696 -39.26811705131164 0.10000000000000009
    endloop
  endfacet
  facet normal 0.09107095349162446 0.7209008277554337 0.6870284404387179
    outer loop
      vertex 32.662713633745696 -39.26811705131164 0.10000000000000009
      vertex 32.773954129694474 -41.09289622234178 2
      vertex 32.88697706484724 -39.29644811117089 0.10000000000000009
    endloop
  endfacet
  facet normal 0 0.7266305264908318 0.6870284404387177
    outer loop
      vertex 32.88697706484724 -39.29644811117089 0.10000000000000009
      vertex 33.226045870305526 -41.09289622234178 2
      vertex 33.11302293515276 -39.29644811117089 0.10000000000000009
    endloop
  endfacet
  facet normal -0.09107095349162446 0.7209008277554337 0.6870284404387178
    outer loop
      vertex 33.11302293515276 -39.29644811117089 0.10000000000000009
      vertex 33.226045870305526 -41.09289622234178 2
      vertex 33.337286366254304 -39.26811705131164 0.10000000000000009
    endloop
  endfacet
  facet normal -0.18070566364355548 0.7038020923210485 0.6870284404387175
    outer loop
      vertex 33.337286366254304 -39.26811705131164 0.10000000000000009
      vertex 33.67457273250861 -41.03623410262328 2
      vertex 33.55623058987491 -39.211901729331274 0.10000000000000009
    endloop
  endfacet
  facet normal -0.26749053753145924 0.675603977459779 0.6870284404387185
    outer loop
      vertex 33.55623058987491 -39.211901729331274 0.10000000000000009
      vertex 34.11246117974981 -40.923803458662555 2
      vertex 33.766402724817134 -39.128688694438836 0.10000000000000009
    endloop
  endfacet
  facet normal -0.35005692585141657 0.6367511842877087 0.6870284404387175
    outer loop
      vertex 33.766402724817134 -39.128688694438836 0.10000000000000009
      vertex 34.53280544963426 -40.75737738887767 2
      vertex 33.964488230962196 -39.01979026590363 0.10000000000000009
    endloop
  endfacet
  facet normal -0.4271027073368337 0.5878564445626947 0.6870284404387161
    outer loop
      vertex 33.964488230962196 -39.01979026590363 0.10000000000000009
      vertex 34.928976461924385 -40.53958053180725 2
      vertex 34.14736318154764 -38.886923836996424 0.10000000000000009
    endloop
  endfacet
  facet normal 0.6574749575165341 0.3093842307988163 0.6870284404387175
    outer loop
      vertex 31.326402325401148 -38.16262419483242 0.10000000000000009
      vertex 29.84529595184209 -39.234313226766176 2
      vertex 31.422647975921045 -38.36715661338309 0.10000000000000009
    endloop
  endfacet
  facet normal 0.6910666971580827 0.22454118131728612 0.6870284404387175
    outer loop
      vertex 31.326402325401148 -38.16262419483242 0.10000000000000009
      vertex 31.256550309968464 -37.94764179689674 0.10000000000000009
      vertex 29.513100619936928 -38.39528359379348 2
    endloop
  endfacet
  facet normal 0.5598784432663245 0.4631717292689827 0.6870284404387181
    outer loop
      vertex 31.543769410125094 -38.55801345412645 0.10000000000000009
      vertex 30.375712941282917 -39.96436958134328 2
      vertex 31.68785647064146 -38.73218479067164 0.10000000000000009
    endloop
  endfacet
  facet normal 0.6135144450384414 0.38934810614348253 0.6870284404387178
    outer loop
      vertex 31.543769410125094 -38.55801345412645 0.10000000000000009
      vertex 31.422647975921045 -38.36715661338309 0.10000000000000009
      vertex 30.087538820250188 -39.616026908252906 2
    endloop
  endfacet
  facet normal 0.4974128239887438 0.529690857538515 0.687028440438717
    outer loop
      vertex 31.85263681845236 -38.886923836996424 0.10000000000000009
      vertex 31.68785647064146 -38.73218479067164 0.10000000000000009
      vertex 30.705273636904717 -40.27384767399284 2
    endloop
  endfacet
  facet normal 0.7137599021622183 0.13615698327197007 0.6870284404387179
    outer loop
      vertex 31.256550309968464 -37.94764179689674 0.10000000000000009
      vertex 31.21419353763394 -37.725599820415745 0.10000000000000009
      vertex 29.428387075267878 -37.9511996408315 2
    endloop
  endfacet
  facet normal 0.7251966871297573 0.04562550826421775 0.6870284404387176
    outer loop
      vertex 31.21419353763394 -37.725599820415745 0.10000000000000009
      vertex 31.2 -37.5 0.10000000000000009
      vertex 29.4 -37.5 2
    endloop
  endfacet
  facet normal 0.7251966871297573 -0.04562550826421775 0.6870284404387177
    outer loop
      vertex 31.2 -37.5 0.10000000000000009
      vertex 31.21419353763394 -37.274400179584255 0.10000000000000009
      vertex 29.4 -37.5 2
    endloop
  endfacet
  facet normal 0.7137599021622182 -0.13615698327197004 0.6870284404387179
    outer loop
      vertex 31.21419353763394 -37.274400179584255 0.10000000000000009
      vertex 31.256550309968464 -37.05235820310326 0.10000000000000009
      vertex 29.428387075267878 -37.0488003591685 2
    endloop
  endfacet
  facet normal 0.6910666971580827 -0.22454118131728612 0.6870284404387176
    outer loop
      vertex 31.256550309968464 -37.05235820310326 0.10000000000000009
      vertex 31.326402325401148 -36.83737580516758 0.10000000000000009
      vertex 29.513100619936928 -36.60471640620652 2
    endloop
  endfacet
  facet normal 0.6574749575165341 -0.3093842307988163 0.6870284404387175
    outer loop
      vertex 31.326402325401148 -36.83737580516758 0.10000000000000009
      vertex 31.422647975921045 -36.63284338661691 0.10000000000000009
      vertex 29.84529595184209 -35.765686773233824 2
    endloop
  endfacet
  facet normal 0.6135144450384414 -0.38934810614348253 0.6870284404387178
    outer loop
      vertex 31.422647975921045 -36.63284338661691 0.10000000000000009
      vertex 31.543769410125094 -36.44198654587355 0.10000000000000009
      vertex 30.087538820250188 -35.383973091747094 2
    endloop
  endfacet
  facet normal 0.5598784432663245 -0.4631717292689827 0.6870284404387181
    outer loop
      vertex 31.543769410125094 -36.44198654587355 0.10000000000000009
      vertex 31.68785647064146 -36.26781520932836 0.10000000000000009
      vertex 30.375712941282917 -35.03563041865672 2
    endloop
  endfacet
  facet normal 0.4974128239887438 -0.529690857538515 0.687028440438717
    outer loop
      vertex 31.68785647064146 -36.26781520932836 0.10000000000000009
      vertex 31.85263681845236 -36.113076163003576 0.10000000000000009
      vertex 30.705273636904717 -34.72615232600716 2
    endloop
  endfacet
  facet normal 0.4271027073368335 -0.5878564445626944 0.6870284404387165
    outer loop
      vertex 31.85263681845236 -36.113076163003576 0.10000000000000009
      vertex 32.035511769037804 -35.98020973409637 0.10000000000000009
      vertex 31.07102353807561 -34.46041946819275 2
    endloop
  endfacet
  facet normal 0.3500569258514165 -0.6367511842877086 0.6870284404387175
    outer loop
      vertex 32.035511769037804 -35.98020973409637 0.10000000000000009
      vertex 32.233597275182866 -35.871311305561164 0.10000000000000009
      vertex 31.46719455036574 -34.24262261112233 2
    endloop
  endfacet
  facet normal 0.2674905375314591 -0.6756039774597786 0.6870284404387186
    outer loop
      vertex 32.233597275182866 -35.871311305561164 0.10000000000000009
      vertex 32.44376941012509 -35.788098270668726 0.10000000000000009
      vertex 31.88753882025019 -34.076196541337445 2
    endloop
  endfacet
  facet normal 0.18070566364355548 -0.7038020923210485 0.6870284404387175
    outer loop
      vertex 32.44376941012509 -35.788098270668726 0.10000000000000009
      vertex 32.662713633745696 -35.73188294868836 0.10000000000000009
      vertex 32.32542726749139 -33.96376589737672 2
    endloop
  endfacet
  facet normal 0.09107095349162446 -0.7209008277554337 0.6870284404387179
    outer loop
      vertex 32.662713633745696 -35.73188294868836 0.10000000000000009
      vertex 32.88697706484724 -35.70355188882911 0.10000000000000009
      vertex 32.773954129694474 -33.90710377765822 2
    endloop
  endfacet
  facet normal -0.49741282398873765 0.5296908575385199 0.6870284404387177
    outer loop
      vertex 34.14736318154764 -38.886923836996424 0.10000000000000009
      vertex 35.294726363095286 -40.27384767399284 2
      vertex 34.31214352935854 -38.73218479067164 0.10000000000000009
    endloop
  endfacet
  facet normal -0.5598784432663311 0.4631717292689768 0.6870284404387167
    outer loop
      vertex 34.31214352935854 -38.73218479067164 0.10000000000000009
      vertex 35.62428705871708 -39.96436958134328 2
      vertex 34.456230589874906 -38.55801345412645 0.10000000000000009
    endloop
  endfacet
  facet normal -0.6135144450384414 0.38934810614348253 0.6870284404387178
    outer loop
      vertex 34.456230589874906 -38.55801345412645 0.10000000000000009
      vertex 35.91246117974981 -39.616026908252906 2
      vertex 34.577352024078955 -38.36715661338309 0.10000000000000009
    endloop
  endfacet
  facet normal -0.6574749575165341 0.3093842307988163 0.6870284404387175
    outer loop
      vertex 34.577352024078955 -38.36715661338309 0.10000000000000009
      vertex 36.15470404815791 -39.234313226766176 2
      vertex 34.67359767459885 -38.16262419483242 0.10000000000000009
    endloop
  endfacet
  facet normal -0.6910666971580803 0.22454118131729678 0.6870284404387166
    outer loop
      vertex 34.67359767459885 -38.16262419483242 0.10000000000000009
      vertex 36.48689938006307 -38.39528359379348 2
      vertex 34.74344969003154 -37.94764179689674 0.10000000000000009
    endloop
  endfacet
  facet normal -0.7137599021622201 0.136156983271959 0.6870284404387182
    outer loop
      vertex 34.74344969003154 -37.94764179689674 0.10000000000000009
      vertex 36.57161292473212 -37.9511996408315 2
      vertex 34.78580646236606 -37.725599820415745 0.10000000000000009
    endloop
  endfacet
  facet normal -0.725196687129757 0.045625508264206305 0.6870284404387188
    outer loop
      vertex 34.78580646236606 -37.725599820415745 0.10000000000000009
      vertex 36.6 -37.5 2
      vertex 34.8 -37.5 0.10000000000000009
    endloop
  endfacet
  facet normal -0.725196687129757 -0.045625508264206305 0.6870284404387188
    outer loop
      vertex 34.8 -37.5 0.10000000000000009
      vertex 36.6 -37.5 2
      vertex 34.78580646236606 -37.274400179584255 0.10000000000000009
    endloop
  endfacet
  facet normal -0.7137599021622201 -0.136156983271959 0.6870284404387182
    outer loop
      vertex 34.78580646236606 -37.274400179584255 0.10000000000000009
      vertex 36.57161292473212 -37.0488003591685 2
      vertex 34.74344969003154 -37.05235820310326 0.10000000000000009
    endloop
  endfacet
  facet normal -0.6910666971580803 -0.22454118131729678 0.6870284404387166
    outer loop
      vertex 34.67359767459885 -36.83737580516758 0.10000000000000009
      vertex 34.74344969003154 -37.05235820310326 0.10000000000000009
      vertex 36.48689938006307 -36.60471640620652 2
    endloop
  endfacet
  facet normal -0.18070566364355548 -0.7038020923210485 0.6870284404387175
    outer loop
      vertex 33.337286366254304 -35.73188294868836 0.10000000000000009
      vertex 33.55623058987491 -35.788098270668726 0.10000000000000009
      vertex 33.67457273250861 -33.96376589737672 2
    endloop
  endfacet
  facet normal -0.26749053753145924 -0.675603977459779 0.6870284404387185
    outer loop
      vertex 33.55623058987491 -35.788098270668726 0.10000000000000009
      vertex 33.766402724817134 -35.871311305561164 0.10000000000000009
      vertex 34.11246117974981 -34.076196541337445 2
    endloop
  endfacet
  facet normal -0.35005692585141657 -0.6367511842877087 0.6870284404387175
    outer loop
      vertex 33.766402724817134 -35.871311305561164 0.10000000000000009
      vertex 33.964488230962196 -35.98020973409637 0.10000000000000009
      vertex 34.53280544963426 -34.24262261112233 2
    endloop
  endfacet
  facet normal 0 -0.7266305264908318 0.6870284404387177
    outer loop
      vertex 32.88697706484724 -35.70355188882911 0.10000000000000009
      vertex 33.11302293515276 -35.70355188882911 0.10000000000000009
      vertex 32.773954129694474 -33.90710377765822 2
    endloop
  endfacet
  facet normal -0.09107095349162446 -0.7209008277554337 0.6870284404387178
    outer loop
      vertex 33.11302293515276 -35.70355188882911 0.10000000000000009
      vertex 33.337286366254304 -35.73188294868836 0.10000000000000009
      vertex 33.226045870305526 -33.90710377765822 2
    endloop
  endfacet
  facet normal -0.5598784432663311 -0.4631717292689768 0.6870284404387167
    outer loop
      vertex 34.31214352935854 -36.26781520932836 0.10000000000000009
      vertex 34.456230589874906 -36.44198654587355 0.10000000000000009
      vertex 35.62428705871708 -35.03563041865672 2
    endloop
  endfacet
  facet normal -0.4271027073368337 -0.5878564445626947 0.6870284404387161
    outer loop
      vertex 33.964488230962196 -35.98020973409637 0.10000000000000009
      vertex 34.14736318154764 -36.113076163003576 0.10000000000000009
      vertex 34.928976461924385 -34.46041946819275 2
    endloop
  endfacet
  facet normal -0.49741282398873765 -0.5296908575385199 0.6870284404387177
    outer loop
      vertex 34.14736318154764 -36.113076163003576 0.10000000000000009
      vertex 34.31214352935854 -36.26781520932836 0.10000000000000009
      vertex 35.294726363095286 -34.72615232600716 2
    endloop
  endfacet
  facet normal -0.6135144450384414 -0.38934810614348253 0.6870284404387178
    outer loop
      vertex 34.577352024078955 -36.63284338661691 0.10000000000000009
      vertex 35.91246117974981 -35.383973091747094 2
      vertex 34.456230589874906 -36.44198654587355 0.10000000000000009
    endloop
  endfacet
  facet normal -0.6574749575165341 -0.3093842307988163 0.6870284404387175
    outer loop
      vertex 34.67359767459885 -36.83737580516758 0.10000000000000009
      vertex 36.15470404815791 -35.765686773233824 2
      vertex 34.577352024078955 -36.63284338661691 0.10000000000000009
    endloop
  endfacet
  facet normal 0.6574749575165317 0.3093842307988205 0.6870284404387179
    outer loop
      vertex 31.326402325401148 -38.16262419483242 0.10000000000000009
      vertex 29.652804650802295 -38.82524838966484 2
      vertex 29.84529595184209 -39.234313226766176 2
    endloop
  endfacet
  facet normal 0.6910666971580834 0.22454118131728237 0.6870284404387179
    outer loop
      vertex 31.326402325401148 -38.16262419483242 0.10000000000000009
      vertex 29.513100619936928 -38.39528359379348 2
      vertex 29.652804650802295 -38.82524838966484 2
    endloop
  endfacet
  facet normal 0.7137599021622182 0.1361569832719724 0.6870284404387177
    outer loop
      vertex 31.256550309968464 -37.94764179689674 0.10000000000000009
      vertex 29.428387075267878 -37.9511996408315 2
      vertex 29.513100619936928 -38.39528359379348 2
    endloop
  endfacet
  facet normal 0.7251966871297573 0.045625508264217025 0.6870284404387178
    outer loop
      vertex 31.21419353763394 -37.725599820415745 0.10000000000000009
      vertex 29.4 -37.5 2
      vertex 29.428387075267878 -37.9511996408315 2
    endloop
  endfacet
  facet normal 0.7251966871297573 -0.045625508264217025 0.6870284404387178
    outer loop
      vertex 31.21419353763394 -37.274400179584255 0.10000000000000009
      vertex 29.428387075267878 -37.0488003591685 2
      vertex 29.4 -37.5 2
    endloop
  endfacet
  facet normal 0.7137599021622182 -0.1361569832719724 0.6870284404387177
    outer loop
      vertex 31.256550309968464 -37.05235820310326 0.10000000000000009
      vertex 29.513100619936928 -36.60471640620652 2
      vertex 29.428387075267878 -37.0488003591685 2
    endloop
  endfacet
  facet normal 0.6910666971580834 -0.22454118131728237 0.6870284404387179
    outer loop
      vertex 31.326402325401148 -36.83737580516758 0.10000000000000009
      vertex 29.652804650802295 -36.17475161033516 2
      vertex 29.513100619936928 -36.60471640620652 2
    endloop
  endfacet
  facet normal 0.6574749575165317 -0.3093842307988205 0.6870284404387179
    outer loop
      vertex 31.326402325401148 -36.83737580516758 0.10000000000000009
      vertex 29.84529595184209 -35.765686773233824 2
      vertex 29.652804650802295 -36.17475161033516 2
    endloop
  endfacet
  facet normal 0.5598784432663275 0.46317172926897987 0.6870284404387175
    outer loop
      vertex 31.543769410125094 -38.55801345412645 0.10000000000000009
      vertex 30.087538820250188 -39.616026908252906 2
      vertex 30.375712941282917 -39.96436958134328 2
    endloop
  endfacet
  facet normal 0.49741282398873693 0.5296908575385203 0.6870284404387177
    outer loop
      vertex 31.68785647064146 -38.73218479067164 0.10000000000000009
      vertex 30.375712941282917 -39.96436958134328 2
      vertex 30.705273636904717 -40.27384767399284 2
    endloop
  endfacet
  facet normal 0.3500569258514232 0.6367511842877057 0.6870284404387167
    outer loop
      vertex 32.035511769037804 -39.01979026590363 0.10000000000000009
      vertex 31.07102353807561 -40.53958053180725 2
      vertex 31.46719455036574 -40.75737738887767 2
    endloop
  endfacet
  facet normal 0.4271027073368276 0.5878564445626978 0.6870284404387174
    outer loop
      vertex 31.85263681845236 -38.886923836996424 0.10000000000000009
      vertex 30.705273636904717 -40.27384767399284 2
      vertex 31.07102353807561 -40.53958053180725 2
    endloop
  endfacet
  facet normal 0.2674905375314713 0.6756039774597749 0.6870284404387175
    outer loop
      vertex 32.233597275182866 -39.128688694438836 0.10000000000000009
      vertex 31.46719455036574 -40.75737738887767 2
      vertex 31.88753882025019 -40.923803458662555 2
    endloop
  endfacet
  facet normal 0.18070566364354593 0.7038020923210501 0.6870284404387184
    outer loop
      vertex 32.44376941012509 -39.211901729331274 0.10000000000000009
      vertex 31.88753882025019 -40.923803458662555 2
      vertex 32.32542726749139 -41.03623410262328 2
    endloop
  endfacet
  facet normal 0.09107095349162446 0.7209008277554337 0.6870284404387178
    outer loop
      vertex 32.662713633745696 -39.26811705131164 0.10000000000000009
      vertex 32.32542726749139 -41.03623410262328 2
      vertex 32.773954129694474 -41.09289622234178 2
    endloop
  endfacet
  facet normal 0 0.7266305264908318 0.6870284404387177
    outer loop
      vertex 32.88697706484724 -39.29644811117089 0.10000000000000009
      vertex 32.773954129694474 -41.09289622234178 2
      vertex 33.226045870305526 -41.09289622234178 2
    endloop
  endfacet
  facet normal -0.09107095349162446 0.7209008277554337 0.6870284404387178
    outer loop
      vertex 33.337286366254304 -39.26811705131164 0.10000000000000009
      vertex 33.226045870305526 -41.09289622234178 2
      vertex 33.67457273250861 -41.03623410262328 2
    endloop
  endfacet
  facet normal -0.18070566364354732 0.7038020923210498 0.6870284404387182
    outer loop
      vertex 33.55623058987491 -39.211901729331274 0.10000000000000009
      vertex 33.67457273250861 -41.03623410262328 2
      vertex 34.11246117974981 -40.923803458662555 2
    endloop
  endfacet
  facet normal -0.2674905375314694 0.6756039774597757 0.6870284404387175
    outer loop
      vertex 33.766402724817134 -39.128688694438836 0.10000000000000009
      vertex 34.11246117974981 -40.923803458662555 2
      vertex 34.53280544963426 -40.75737738887767 2
    endloop
  endfacet
  facet normal -0.3500569258514257 0.6367511842877045 0.6870284404387165
    outer loop
      vertex 33.964488230962196 -39.01979026590363 0.10000000000000009
      vertex 34.53280544963426 -40.75737738887767 2
      vertex 34.928976461924385 -40.53958053180725 2
    endloop
  endfacet
  facet normal -0.42710270733682204 0.5878564445627016 0.6870284404387175
    outer loop
      vertex 34.14736318154764 -38.886923836996424 0.10000000000000009
      vertex 34.928976461924385 -40.53958053180725 2
      vertex 35.294726363095286 -40.27384767399284 2
    endloop
  endfacet
  facet normal -0.49741282398874326 0.5296908575385154 0.6870284404387171
    outer loop
      vertex 34.31214352935854 -38.73218479067164 0.10000000000000009
      vertex 35.294726363095286 -40.27384767399284 2
      vertex 35.62428705871708 -39.96436958134328 2
    endloop
  endfacet
  facet normal -0.5598784432663249 0.4631717292689833 0.6870284404387175
    outer loop
      vertex 34.456230589874906 -38.55801345412645 0.10000000000000009
      vertex 35.62428705871708 -39.96436958134328 2
      vertex 35.91246117974981 -39.616026908252906 2
    endloop
  endfacet
  facet normal 0.6135144450384413 0.38934810614348264 0.6870284404387177
    outer loop
      vertex 31.422647975921045 -38.36715661338309 0.10000000000000009
      vertex 29.84529595184209 -39.234313226766176 2
      vertex 30.087538820250188 -39.616026908252906 2
    endloop
  endfacet
  facet normal 0.6135144450384413 -0.38934810614348264 0.6870284404387177
    outer loop
      vertex 31.422647975921045 -36.63284338661691 0.10000000000000009
      vertex 30.087538820250188 -35.383973091747094 2
      vertex 29.84529595184209 -35.765686773233824 2
    endloop
  endfacet
  facet normal 0.5598784432663275 -0.46317172926897987 0.6870284404387175
    outer loop
      vertex 31.543769410125094 -36.44198654587355 0.10000000000000009
      vertex 30.375712941282917 -35.03563041865672 2
      vertex 30.087538820250188 -35.383973091747094 2
    endloop
  endfacet
  facet normal 0.49741282398873693 -0.5296908575385203 0.6870284404387177
    outer loop
      vertex 31.68785647064146 -36.26781520932836 0.10000000000000009
      vertex 30.705273636904717 -34.72615232600716 2
      vertex 30.375712941282917 -35.03563041865672 2
    endloop
  endfacet
  facet normal 0.4271027073368276 -0.5878564445626978 0.6870284404387174
    outer loop
      vertex 31.85263681845236 -36.113076163003576 0.10000000000000009
      vertex 31.07102353807561 -34.46041946819275 2
      vertex 30.705273636904717 -34.72615232600716 2
    endloop
  endfacet
  facet normal 0.3500569258514232 -0.6367511842877057 0.6870284404387167
    outer loop
      vertex 32.035511769037804 -35.98020973409637 0.10000000000000009
      vertex 31.46719455036574 -34.24262261112233 2
      vertex 31.07102353807561 -34.46041946819275 2
    endloop
  endfacet
  facet normal 0.2674905375314713 -0.6756039774597749 0.6870284404387175
    outer loop
      vertex 32.233597275182866 -35.871311305561164 0.10000000000000009
      vertex 31.88753882025019 -34.076196541337445 2
      vertex 31.46719455036574 -34.24262261112233 2
    endloop
  endfacet
  facet normal 0.18070566364354593 -0.7038020923210501 0.6870284404387184
    outer loop
      vertex 32.44376941012509 -35.788098270668726 0.10000000000000009
      vertex 32.32542726749139 -33.96376589737672 2
      vertex 31.88753882025019 -34.076196541337445 2
    endloop
  endfacet
  facet normal 0.09107095349162446 -0.7209008277554337 0.6870284404387178
    outer loop
      vertex 32.662713633745696 -35.73188294868836 0.10000000000000009
      vertex 32.773954129694474 -33.90710377765822 2
      vertex 32.32542726749139 -33.96376589737672 2
    endloop
  endfacet
  facet normal 0 -0.7266305264908318 0.6870284404387177
    outer loop
      vertex 33.11302293515276 -35.70355188882911 0.10000000000000009
      vertex 33.226045870305526 -33.90710377765822 2
      vertex 32.773954129694474 -33.90710377765822 2
    endloop
  endfacet
  facet normal -0.09107095349162446 -0.7209008277554337 0.6870284404387178
    outer loop
      vertex 33.337286366254304 -35.73188294868836 0.10000000000000009
      vertex 33.67457273250861 -33.96376589737672 2
      vertex 33.226045870305526 -33.90710377765822 2
    endloop
  endfacet
  facet normal -0.18070566364354732 -0.7038020923210498 0.6870284404387182
    outer loop
      vertex 33.55623058987491 -35.788098270668726 0.10000000000000009
      vertex 34.11246117974981 -34.076196541337445 2
      vertex 33.67457273250861 -33.96376589737672 2
    endloop
  endfacet
  facet normal -0.2674905375314694 -0.6756039774597757 0.6870284404387175
    outer loop
      vertex 33.766402724817134 -35.871311305561164 0.10000000000000009
      vertex 34.53280544963426 -34.24262261112233 2
      vertex 34.11246117974981 -34.076196541337445 2
    endloop
  endfacet
  facet normal -0.49741282398874326 -0.5296908575385154 0.6870284404387171
    outer loop
      vertex 34.31214352935854 -36.26781520932836 0.10000000000000009
      vertex 35.62428705871708 -35.03563041865672 2
      vertex 35.294726363095286 -34.72615232600716 2
    endloop
  endfacet
  facet normal -0.5598784432663249 -0.4631717292689833 0.6870284404387175
    outer loop
      vertex 34.456230589874906 -36.44198654587355 0.10000000000000009
      vertex 35.91246117974981 -35.383973091747094 2
      vertex 35.62428705871708 -35.03563041865672 2
    endloop
  endfacet
  facet normal -0.3500569258514257 -0.6367511842877045 0.6870284404387165
    outer loop
      vertex 33.964488230962196 -35.98020973409637 0.10000000000000009
      vertex 34.928976461924385 -34.46041946819275 2
      vertex 34.53280544963426 -34.24262261112233 2
    endloop
  endfacet
  facet normal -0.42710270733682204 -0.5878564445627016 0.6870284404387175
    outer loop
      vertex 34.14736318154764 -36.113076163003576 0.10000000000000009
      vertex 35.294726363095286 -34.72615232600716 2
      vertex 34.928976461924385 -34.46041946819275 2
    endloop
  endfacet
  facet normal -0.6135144450384413 0.38934810614348264 0.6870284404387177
    outer loop
      vertex 34.577352024078955 -38.36715661338309 0.10000000000000009
      vertex 35.91246117974981 -39.616026908252906 2
      vertex 36.15470404815791 -39.234313226766176 2
    endloop
  endfacet
  facet normal -0.6574749575165317 0.3093842307988205 0.6870284404387179
    outer loop
      vertex 34.67359767459885 -38.16262419483242 0.10000000000000009
      vertex 36.15470404815791 -39.234313226766176 2
      vertex 36.347195349197705 -38.82524838966484 2
    endloop
  endfacet
  facet normal -0.6910666971580834 0.22454118131728237 0.6870284404387179
    outer loop
      vertex 34.67359767459885 -38.16262419483242 0.10000000000000009
      vertex 36.347195349197705 -38.82524838966484 2
      vertex 36.48689938006307 -38.39528359379348 2
    endloop
  endfacet
  facet normal -0.7137599021622189 0.13615698327197215 0.687028440438717
    outer loop
      vertex 34.74344969003154 -37.94764179689674 0.10000000000000009
      vertex 36.48689938006307 -38.39528359379348 2
      vertex 36.57161292473212 -37.9511996408315 2
    endloop
  endfacet
  facet normal -0.7251966871297573 0.045625508264217025 0.6870284404387178
    outer loop
      vertex 34.78580646236606 -37.725599820415745 0.10000000000000009
      vertex 36.57161292473212 -37.9511996408315 2
      vertex 36.6 -37.5 2
    endloop
  endfacet
  facet normal -0.7251966871297573 -0.045625508264217025 0.6870284404387178
    outer loop
      vertex 34.78580646236606 -37.274400179584255 0.10000000000000009
      vertex 36.6 -37.5 2
      vertex 36.57161292473212 -37.0488003591685 2
    endloop
  endfacet
  facet normal -0.7137599021622189 -0.13615698327197215 0.687028440438717
    outer loop
      vertex 34.74344969003154 -37.05235820310326 0.10000000000000009
      vertex 36.57161292473212 -37.0488003591685 2
      vertex 36.48689938006307 -36.60471640620652 2
    endloop
  endfacet
  facet normal -0.6574749575165317 -0.3093842307988205 0.6870284404387179
    outer loop
      vertex 34.67359767459885 -36.83737580516758 0.10000000000000009
      vertex 36.347195349197705 -36.17475161033516 2
      vertex 36.15470404815791 -35.765686773233824 2
    endloop
  endfacet
  facet normal -0.6135144450384413 -0.38934810614348264 0.6870284404387177
    outer loop
      vertex 34.577352024078955 -36.63284338661691 0.10000000000000009
      vertex 36.15470404815791 -35.765686773233824 2
      vertex 35.91246117974981 -35.383973091747094 2
    endloop
  endfacet
  facet normal -0.6910666971580834 -0.22454118131728237 0.6870284404387179
    outer loop
      vertex 34.67359767459885 -36.83737580516758 0.10000000000000009
      vertex 36.48689938006307 -36.60471640620652 2
      vertex 36.347195349197705 -36.17475161033516 2
    endloop
  endfacet
  facet normal 0.6574749575165341 0.3093842307988163 0.6870284404387175
    outer loop
      vertex 31.326402325401148 36.83737580516758 0.10000000000000009
      vertex 29.84529595184209 35.765686773233824 2
      vertex 31.422647975921045 36.63284338661691 0.10000000000000009
    endloop
  endfacet
  facet normal 0.4974128239887438 0.529690857538515 0.687028440438717
    outer loop
      vertex 31.68785647064146 36.26781520932836 0.10000000000000009
      vertex 30.705273636904717 34.72615232600716 2
      vertex 31.85263681845236 36.113076163003576 0.10000000000000009
    endloop
  endfacet
  facet normal 0.6135144450384414 0.38934810614348253 0.6870284404387178
    outer loop
      vertex 31.543769410125094 36.44198654587355 0.10000000000000009
      vertex 31.422647975921045 36.63284338661691 0.10000000000000009
      vertex 30.087538820250188 35.383973091747094 2
    endloop
  endfacet
  facet normal 0.5598784432663245 0.4631717292689827 0.6870284404387181
    outer loop
      vertex 31.543769410125094 36.44198654587355 0.10000000000000009
      vertex 30.375712941282917 35.03563041865672 2
      vertex 31.68785647064146 36.26781520932836 0.10000000000000009
    endloop
  endfacet
  facet normal 0.09107095349162446 0.7209008277554337 0.6870284404387179
    outer loop
      vertex 32.662713633745696 35.73188294868836 0.10000000000000009
      vertex 32.773954129694474 33.90710377765822 2
      vertex 32.88697706484724 35.70355188882911 0.10000000000000009
    endloop
  endfacet
  facet normal 0.35005692585141657 0.6367511842877087 0.6870284404387175
    outer loop
      vertex 32.233597275182866 35.871311305561164 0.10000000000000009
      vertex 32.035511769037804 35.98020973409637 0.10000000000000009
      vertex 31.46719455036574 34.24262261112233 2
    endloop
  endfacet
  facet normal 0.4271027073368335 0.5878564445626944 0.6870284404387165
    outer loop
      vertex 31.85263681845236 36.113076163003576 0.10000000000000009
      vertex 31.07102353807561 34.46041946819275 2
      vertex 32.035511769037804 35.98020973409637 0.10000000000000009
    endloop
  endfacet
  facet normal 0.2674905375314591 0.6756039774597786 0.6870284404387186
    outer loop
      vertex 32.233597275182866 35.871311305561164 0.10000000000000009
      vertex 31.88753882025019 34.076196541337445 2
      vertex 32.44376941012509 35.788098270668726 0.10000000000000009
    endloop
  endfacet
  facet normal 0.18070566364355548 0.7038020923210485 0.6870284404387175
    outer loop
      vertex 32.44376941012509 35.788098270668726 0.10000000000000009
      vertex 32.32542726749139 33.96376589737672 2
      vertex 32.662713633745696 35.73188294868836 0.10000000000000009
    endloop
  endfacet
  facet normal 0.7137599021622183 0.13615698327197007 0.6870284404387179
    outer loop
      vertex 31.256550309968464 37.05235820310326 0.10000000000000009
      vertex 31.21419353763394 37.274400179584255 0.10000000000000009
      vertex 29.428387075267878 37.0488003591685 2
    endloop
  endfacet
  facet normal 0.6910666971580827 0.22454118131728612 0.6870284404387175
    outer loop
      vertex 31.326402325401148 36.83737580516758 0.10000000000000009
      vertex 31.256550309968464 37.05235820310326 0.10000000000000009
      vertex 29.513100619936928 36.60471640620652 2
    endloop
  endfacet
  facet normal 0.7251966871297573 0.04562550826421775 0.6870284404387177
    outer loop
      vertex 31.2 37.5 0.10000000000000009
      vertex 29.4 37.5 2
      vertex 31.21419353763394 37.274400179584255 0.10000000000000009
    endloop
  endfacet
  facet normal 0.7251966871297573 -0.04562550826421775 0.6870284404387177
    outer loop
      vertex 31.2 37.5 0.10000000000000009
      vertex 31.21419353763394 37.725599820415745 0.10000000000000009
      vertex 29.4 37.5 2
    endloop
  endfacet
  facet normal 0.7137599021622182 -0.13615698327197004 0.6870284404387179
    outer loop
      vertex 31.21419353763394 37.725599820415745 0.10000000000000009
      vertex 31.256550309968464 37.94764179689674 0.10000000000000009
      vertex 29.428387075267878 37.9511996408315 2
    endloop
  endfacet
  facet normal 0.6910666971580827 -0.22454118131728612 0.6870284404387176
    outer loop
      vertex 31.256550309968464 37.94764179689674 0.10000000000000009
      vertex 31.326402325401148 38.16262419483242 0.10000000000000009
      vertex 29.513100619936928 38.39528359379348 2
    endloop
  endfacet
  facet normal 0.6574749575165341 -0.3093842307988163 0.6870284404387175
    outer loop
      vertex 31.326402325401148 38.16262419483242 0.10000000000000009
      vertex 31.422647975921045 38.36715661338309 0.10000000000000009
      vertex 29.84529595184209 39.234313226766176 2
    endloop
  endfacet
  facet normal 0.6135144450384414 -0.38934810614348253 0.6870284404387178
    outer loop
      vertex 31.422647975921045 38.36715661338309 0.10000000000000009
      vertex 31.543769410125094 38.55801345412645 0.10000000000000009
      vertex 30.087538820250188 39.616026908252906 2
    endloop
  endfacet
  facet normal 0.5598784432663245 -0.4631717292689827 0.6870284404387181
    outer loop
      vertex 31.543769410125094 38.55801345412645 0.10000000000000009
      vertex 31.68785647064146 38.73218479067164 0.10000000000000009
      vertex 30.375712941282917 39.96436958134328 2
    endloop
  endfacet
  facet normal 0.4974128239887438 -0.529690857538515 0.687028440438717
    outer loop
      vertex 31.68785647064146 38.73218479067164 0.10000000000000009
      vertex 31.85263681845236 38.886923836996424 0.10000000000000009
      vertex 30.705273636904717 40.27384767399284 2
    endloop
  endfacet
  facet normal 0 0.7266305264908318 0.6870284404387177
    outer loop
      vertex 32.88697706484724 35.70355188882911 0.10000000000000009
      vertex 33.226045870305526 33.90710377765822 2
      vertex 33.11302293515276 35.70355188882911 0.10000000000000009
    endloop
  endfacet
  facet normal -0.09107095349162446 0.7209008277554337 0.6870284404387178
    outer loop
      vertex 33.11302293515276 35.70355188882911 0.10000000000000009
      vertex 33.226045870305526 33.90710377765822 2
      vertex 33.337286366254304 35.73188294868836 0.10000000000000009
    endloop
  endfacet
  facet normal -0.18070566364355548 0.7038020923210485 0.6870284404387175
    outer loop
      vertex 33.337286366254304 35.73188294868836 0.10000000000000009
      vertex 33.67457273250861 33.96376589737672 2
      vertex 33.55623058987491 35.788098270668726 0.10000000000000009
    endloop
  endfacet
  facet normal -0.26749053753145924 0.675603977459779 0.6870284404387185
    outer loop
      vertex 33.55623058987491 35.788098270668726 0.10000000000000009
      vertex 34.11246117974981 34.076196541337445 2
      vertex 33.766402724817134 35.871311305561164 0.10000000000000009
    endloop
  endfacet
  facet normal -0.35005692585141657 0.6367511842877087 0.6870284404387175
    outer loop
      vertex 33.766402724817134 35.871311305561164 0.10000000000000009
      vertex 34.53280544963426 34.24262261112233 2
      vertex 33.964488230962196 35.98020973409637 0.10000000000000009
    endloop
  endfacet
  facet normal -0.4271027073368337 0.5878564445626947 0.6870284404387161
    outer loop
      vertex 33.964488230962196 35.98020973409637 0.10000000000000009
      vertex 34.928976461924385 34.46041946819275 2
      vertex 34.14736318154764 36.113076163003576 0.10000000000000009
    endloop
  endfacet
  facet normal -0.49741282398873765 0.5296908575385199 0.6870284404387177
    outer loop
      vertex 34.14736318154764 36.113076163003576 0.10000000000000009
      vertex 35.294726363095286 34.72615232600716 2
      vertex 34.31214352935854 36.26781520932836 0.10000000000000009
    endloop
  endfacet
  facet normal -0.5598784432663311 0.4631717292689768 0.6870284404387167
    outer loop
      vertex 34.31214352935854 36.26781520932836 0.10000000000000009
      vertex 35.62428705871708 35.03563041865672 2
      vertex 34.456230589874906 36.44198654587355 0.10000000000000009
    endloop
  endfacet
  facet normal -0.6135144450384414 0.38934810614348253 0.6870284404387178
    outer loop
      vertex 34.456230589874906 36.44198654587355 0.10000000000000009
      vertex 35.91246117974981 35.383973091747094 2
      vertex 34.577352024078955 36.63284338661691 0.10000000000000009
    endloop
  endfacet
  facet normal -0.6574749575165341 0.3093842307988163 0.6870284404387175
    outer loop
      vertex 34.577352024078955 36.63284338661691 0.10000000000000009
      vertex 36.15470404815791 35.765686773233824 2
      vertex 34.67359767459885 36.83737580516758 0.10000000000000009
    endloop
  endfacet
  facet normal -0.6910666971580803 0.22454118131729678 0.6870284404387166
    outer loop
      vertex 34.67359767459885 36.83737580516758 0.10000000000000009
      vertex 36.48689938006307 36.60471640620652 2
      vertex 34.74344969003154 37.05235820310326 0.10000000000000009
    endloop
  endfacet
  facet normal -0.7137599021622201 0.136156983271959 0.6870284404387182
    outer loop
      vertex 34.74344969003154 37.05235820310326 0.10000000000000009
      vertex 36.57161292473212 37.0488003591685 2
      vertex 34.78580646236606 37.274400179584255 0.10000000000000009
    endloop
  endfacet
  facet normal -0.725196687129757 0.045625508264206305 0.6870284404387188
    outer loop
      vertex 34.78580646236606 37.274400179584255 0.10000000000000009
      vertex 36.6 37.5 2
      vertex 34.8 37.5 0.10000000000000009
    endloop
  endfacet
  facet normal -0.725196687129757 -0.045625508264206305 0.6870284404387188
    outer loop
      vertex 34.8 37.5 0.10000000000000009
      vertex 36.6 37.5 2
      vertex 34.78580646236606 37.725599820415745 0.10000000000000009
    endloop
  endfacet
  facet normal -0.7137599021622201 -0.136156983271959 0.6870284404387182
    outer loop
      vertex 34.78580646236606 37.725599820415745 0.10000000000000009
      vertex 36.57161292473212 37.9511996408315 2
      vertex 34.74344969003154 37.94764179689674 0.10000000000000009
    endloop
  endfacet
  facet normal -0.49741282398873765 -0.5296908575385199 0.6870284404387178
    outer loop
      vertex 34.31214352935854 38.73218479067164 0.10000000000000009
      vertex 35.294726363095286 40.27384767399284 2
      vertex 34.14736318154764 38.886923836996424 0.10000000000000009
    endloop
  endfacet
  facet normal -0.5598784432663311 -0.4631717292689768 0.6870284404387167
    outer loop
      vertex 34.31214352935854 38.73218479067164 0.10000000000000009
      vertex 34.456230589874906 38.55801345412645 0.10000000000000009
      vertex 35.62428705871708 39.96436958134328 2
    endloop
  endfacet
  facet normal -0.6910666971580803 -0.22454118131729678 0.6870284404387166
    outer loop
      vertex 34.67359767459885 38.16262419483242 0.10000000000000009
      vertex 34.74344969003154 37.94764179689674 0.10000000000000009
      vertex 36.48689938006307 38.39528359379348 2
    endloop
  endfacet
  facet normal -0.6574749575165341 -0.3093842307988163 0.6870284404387175
    outer loop
      vertex 34.67359767459885 38.16262419483242 0.10000000000000009
      vertex 36.15470404815791 39.234313226766176 2
      vertex 34.577352024078955 38.36715661338309 0.10000000000000009
    endloop
  endfacet
  facet normal -0.6135144450384414 -0.38934810614348253 0.6870284404387178
    outer loop
      vertex 34.577352024078955 38.36715661338309 0.10000000000000009
      vertex 35.91246117974981 39.616026908252906 2
      vertex 34.456230589874906 38.55801345412645 0.10000000000000009
    endloop
  endfacet
  facet normal 0.4271027073368335 -0.5878564445626944 0.6870284404387165
    outer loop
      vertex 31.85263681845236 38.886923836996424 0.10000000000000009
      vertex 32.035511769037804 39.01979026590363 0.10000000000000009
      vertex 31.07102353807561 40.53958053180725 2
    endloop
  endfacet
  facet normal 0.3500569258514165 -0.6367511842877086 0.6870284404387175
    outer loop
      vertex 32.035511769037804 39.01979026590363 0.10000000000000009
      vertex 32.233597275182866 39.128688694438836 0.10000000000000009
      vertex 31.46719455036574 40.75737738887767 2
    endloop
  endfacet
  facet normal 0.2674905375314591 -0.6756039774597786 0.6870284404387186
    outer loop
      vertex 32.233597275182866 39.128688694438836 0.10000000000000009
      vertex 32.44376941012509 39.211901729331274 0.10000000000000009
      vertex 31.88753882025019 40.923803458662555 2
    endloop
  endfacet
  facet normal 0.18070566364355548 -0.7038020923210485 0.6870284404387175
    outer loop
      vertex 32.44376941012509 39.211901729331274 0.10000000000000009
      vertex 32.662713633745696 39.26811705131164 0.10000000000000009
      vertex 32.32542726749139 41.03623410262328 2
    endloop
  endfacet
  facet normal 0.09107095349162446 -0.7209008277554337 0.6870284404387179
    outer loop
      vertex 32.662713633745696 39.26811705131164 0.10000000000000009
      vertex 32.88697706484724 39.29644811117089 0.10000000000000009
      vertex 32.773954129694474 41.09289622234178 2
    endloop
  endfacet
  facet normal 0 -0.7266305264908318 0.6870284404387177
    outer loop
      vertex 32.88697706484724 39.29644811117089 0.10000000000000009
      vertex 33.11302293515276 39.29644811117089 0.10000000000000009
      vertex 32.773954129694474 41.09289622234178 2
    endloop
  endfacet
  facet normal -0.09107095349162446 -0.7209008277554337 0.6870284404387178
    outer loop
      vertex 33.11302293515276 39.29644811117089 0.10000000000000009
      vertex 33.337286366254304 39.26811705131164 0.10000000000000009
      vertex 33.226045870305526 41.09289622234178 2
    endloop
  endfacet
  facet normal -0.18070566364355548 -0.7038020923210485 0.6870284404387175
    outer loop
      vertex 33.337286366254304 39.26811705131164 0.10000000000000009
      vertex 33.55623058987491 39.211901729331274 0.10000000000000009
      vertex 33.67457273250861 41.03623410262328 2
    endloop
  endfacet
  facet normal -0.26749053753145924 -0.675603977459779 0.6870284404387184
    outer loop
      vertex 33.766402724817134 39.128688694438836 0.10000000000000009
      vertex 34.11246117974981 40.923803458662555 2
      vertex 33.55623058987491 39.211901729331274 0.10000000000000009
    endloop
  endfacet
  facet normal -0.35005692585141657 -0.6367511842877087 0.6870284404387175
    outer loop
      vertex 33.766402724817134 39.128688694438836 0.10000000000000009
      vertex 33.964488230962196 39.01979026590363 0.10000000000000009
      vertex 34.53280544963426 40.75737738887767 2
    endloop
  endfacet
  facet normal -0.4271027073368337 -0.5878564445626947 0.6870284404387161
    outer loop
      vertex 33.964488230962196 39.01979026590363 0.10000000000000009
      vertex 34.14736318154764 38.886923836996424 0.10000000000000009
      vertex 34.928976461924385 40.53958053180725 2
    endloop
  endfacet
  facet normal 0.6910666971580834 0.22454118131728237 0.6870284404387179
    outer loop
      vertex 31.326402325401148 36.83737580516758 0.10000000000000009
      vertex 29.513100619936928 36.60471640620652 2
      vertex 29.652804650802295 36.17475161033516 2
    endloop
  endfacet
  facet normal 0.6574749575165317 0.3093842307988205 0.6870284404387179
    outer loop
      vertex 31.326402325401148 36.83737580516758 0.10000000000000009
      vertex 29.652804650802295 36.17475161033516 2
      vertex 29.84529595184209 35.765686773233824 2
    endloop
  endfacet
  facet normal 0.7137599021622182 0.1361569832719724 0.6870284404387177
    outer loop
      vertex 31.256550309968464 37.05235820310326 0.10000000000000009
      vertex 29.428387075267878 37.0488003591685 2
      vertex 29.513100619936928 36.60471640620652 2
    endloop
  endfacet
  facet normal 0.7251966871297573 0.045625508264217025 0.6870284404387178
    outer loop
      vertex 31.21419353763394 37.274400179584255 0.10000000000000009
      vertex 29.4 37.5 2
      vertex 29.428387075267878 37.0488003591685 2
    endloop
  endfacet
  facet normal 0.7251966871297573 -0.045625508264217025 0.6870284404387178
    outer loop
      vertex 31.21419353763394 37.725599820415745 0.10000000000000009
      vertex 29.428387075267878 37.9511996408315 2
      vertex 29.4 37.5 2
    endloop
  endfacet
  facet normal 0.7137599021622182 -0.1361569832719724 0.6870284404387177
    outer loop
      vertex 31.256550309968464 37.94764179689674 0.10000000000000009
      vertex 29.513100619936928 38.39528359379348 2
      vertex 29.428387075267878 37.9511996408315 2
    endloop
  endfacet
  facet normal 0.6910666971580834 -0.22454118131728237 0.6870284404387179
    outer loop
      vertex 31.326402325401148 38.16262419483242 0.10000000000000009
      vertex 29.652804650802295 38.82524838966484 2
      vertex 29.513100619936928 38.39528359379348 2
    endloop
  endfacet
  facet normal 0.6574749575165317 -0.3093842307988205 0.6870284404387179
    outer loop
      vertex 31.326402325401148 38.16262419483242 0.10000000000000009
      vertex 29.84529595184209 39.234313226766176 2
      vertex 29.652804650802295 38.82524838966484 2
    endloop
  endfacet
  facet normal 0.4271027073368276 0.5878564445626978 0.6870284404387174
    outer loop
      vertex 31.85263681845236 36.113076163003576 0.10000000000000009
      vertex 30.705273636904717 34.72615232600716 2
      vertex 31.07102353807561 34.46041946819275 2
    endloop
  endfacet
  facet normal 0.3500569258514232 0.6367511842877057 0.6870284404387167
    outer loop
      vertex 32.035511769037804 35.98020973409637 0.10000000000000009
      vertex 31.07102353807561 34.46041946819275 2
      vertex 31.46719455036574 34.24262261112233 2
    endloop
  endfacet
  facet normal 0.5598784432663275 0.46317172926897987 0.6870284404387175
    outer loop
      vertex 31.543769410125094 36.44198654587355 0.10000000000000009
      vertex 30.087538820250188 35.383973091747094 2
      vertex 30.375712941282917 35.03563041865672 2
    endloop
  endfacet
  facet normal 0.49741282398873693 0.5296908575385203 0.6870284404387177
    outer loop
      vertex 31.68785647064146 36.26781520932836 0.10000000000000009
      vertex 30.375712941282917 35.03563041865672 2
      vertex 30.705273636904717 34.72615232600716 2
    endloop
  endfacet
  facet normal 0.6135144450384413 0.38934810614348264 0.6870284404387177
    outer loop
      vertex 31.422647975921045 36.63284338661691 0.10000000000000009
      vertex 29.84529595184209 35.765686773233824 2
      vertex 30.087538820250188 35.383973091747094 2
    endloop
  endfacet
  facet normal 0.2674905375314713 0.6756039774597749 0.6870284404387175
    outer loop
      vertex 32.233597275182866 35.871311305561164 0.10000000000000009
      vertex 31.46719455036574 34.24262261112233 2
      vertex 31.88753882025019 34.076196541337445 2
    endloop
  endfacet
  facet normal 0.18070566364354593 0.7038020923210501 0.6870284404387184
    outer loop
      vertex 32.44376941012509 35.788098270668726 0.10000000000000009
      vertex 31.88753882025019 34.076196541337445 2
      vertex 32.32542726749139 33.96376589737672 2
    endloop
  endfacet
  facet normal 0.09107095349162446 0.7209008277554337 0.6870284404387178
    outer loop
      vertex 32.662713633745696 35.73188294868836 0.10000000000000009
      vertex 32.32542726749139 33.96376589737672 2
      vertex 32.773954129694474 33.90710377765822 2
    endloop
  endfacet
  facet normal 0.6135144450384413 -0.38934810614348264 0.6870284404387177
    outer loop
      vertex 31.422647975921045 38.36715661338309 0.10000000000000009
      vertex 30.087538820250188 39.616026908252906 2
      vertex 29.84529595184209 39.234313226766176 2
    endloop
  endfacet
  facet normal 0 0.7266305264908318 0.6870284404387177
    outer loop
      vertex 32.88697706484724 35.70355188882911 0.10000000000000009
      vertex 32.773954129694474 33.90710377765822 2
      vertex 33.226045870305526 33.90710377765822 2
    endloop
  endfacet
  facet normal -0.09107095349162446 0.7209008277554337 0.6870284404387178
    outer loop
      vertex 33.337286366254304 35.73188294868836 0.10000000000000009
      vertex 33.226045870305526 33.90710377765822 2
      vertex 33.67457273250861 33.96376589737672 2
    endloop
  endfacet
  facet normal -0.18070566364354732 0.7038020923210498 0.6870284404387182
    outer loop
      vertex 33.55623058987491 35.788098270668726 0.10000000000000009
      vertex 33.67457273250861 33.96376589737672 2
      vertex 34.11246117974981 34.076196541337445 2
    endloop
  endfacet
  facet normal -0.2674905375314694 0.6756039774597757 0.6870284404387175
    outer loop
      vertex 33.766402724817134 35.871311305561164 0.10000000000000009
      vertex 34.11246117974981 34.076196541337445 2
      vertex 34.53280544963426 34.24262261112233 2
    endloop
  endfacet
  facet normal -0.3500569258514257 0.6367511842877045 0.6870284404387165
    outer loop
      vertex 33.964488230962196 35.98020973409637 0.10000000000000009
      vertex 34.53280544963426 34.24262261112233 2
      vertex 34.928976461924385 34.46041946819275 2
    endloop
  endfacet
  facet normal -0.42710270733682204 0.5878564445627016 0.6870284404387175
    outer loop
      vertex 34.14736318154764 36.113076163003576 0.10000000000000009
      vertex 34.928976461924385 34.46041946819275 2
      vertex 35.294726363095286 34.72615232600716 2
    endloop
  endfacet
  facet normal -0.49741282398874326 0.5296908575385154 0.6870284404387171
    outer loop
      vertex 34.31214352935854 36.26781520932836 0.10000000000000009
      vertex 35.294726363095286 34.72615232600716 2
      vertex 35.62428705871708 35.03563041865672 2
    endloop
  endfacet
  facet normal -0.5598784432663249 0.4631717292689833 0.6870284404387175
    outer loop
      vertex 34.456230589874906 36.44198654587355 0.10000000000000009
      vertex 35.62428705871708 35.03563041865672 2
      vertex 35.91246117974981 35.383973091747094 2
    endloop
  endfacet
  facet normal 0.5598784432663275 -0.46317172926897987 0.6870284404387175
    outer loop
      vertex 31.543769410125094 38.55801345412645 0.10000000000000009
      vertex 30.375712941282917 39.96436958134328 2
      vertex 30.087538820250188 39.616026908252906 2
    endloop
  endfacet
  facet normal 0.49741282398873693 -0.5296908575385203 0.6870284404387177
    outer loop
      vertex 31.68785647064146 38.73218479067164 0.10000000000000009
      vertex 30.705273636904717 40.27384767399284 2
      vertex 30.375712941282917 39.96436958134328 2
    endloop
  endfacet
  facet normal 0.4271027073368276 -0.5878564445626978 0.6870284404387174
    outer loop
      vertex 31.85263681845236 38.886923836996424 0.10000000000000009
      vertex 31.07102353807561 40.53958053180725 2
      vertex 30.705273636904717 40.27384767399284 2
    endloop
  endfacet
  facet normal 0.3500569258514232 -0.6367511842877057 0.6870284404387167
    outer loop
      vertex 32.035511769037804 39.01979026590363 0.10000000000000009
      vertex 31.46719455036574 40.75737738887767 2
      vertex 31.07102353807561 40.53958053180725 2
    endloop
  endfacet
  facet normal 0.2674905375314713 -0.6756039774597749 0.6870284404387175
    outer loop
      vertex 32.233597275182866 39.128688694438836 0.10000000000000009
      vertex 31.88753882025019 40.923803458662555 2
      vertex 31.46719455036574 40.75737738887767 2
    endloop
  endfacet
  facet normal 0.18070566364354593 -0.7038020923210501 0.6870284404387184
    outer loop
      vertex 32.44376941012509 39.211901729331274 0.10000000000000009
      vertex 32.32542726749139 41.03623410262328 2
      vertex 31.88753882025019 40.923803458662555 2
    endloop
  endfacet
  facet normal 0.09107095349162446 -0.7209008277554337 0.6870284404387178
    outer loop
      vertex 32.662713633745696 39.26811705131164 0.10000000000000009
      vertex 32.773954129694474 41.09289622234178 2
      vertex 32.32542726749139 41.03623410262328 2
    endloop
  endfacet
  facet normal 0 -0.7266305264908318 0.6870284404387177
    outer loop
      vertex 33.11302293515276 39.29644811117089 0.10000000000000009
      vertex 33.226045870305526 41.09289622234178 2
      vertex 32.773954129694474 41.09289622234178 2
    endloop
  endfacet
  facet normal -0.09107095349162446 -0.7209008277554337 0.6870284404387178
    outer loop
      vertex 33.337286366254304 39.26811705131164 0.10000000000000009
      vertex 33.67457273250861 41.03623410262328 2
      vertex 33.226045870305526 41.09289622234178 2
    endloop
  endfacet
  facet normal -0.18070566364354732 -0.7038020923210498 0.6870284404387182
    outer loop
      vertex 33.55623058987491 39.211901729331274 0.10000000000000009
      vertex 34.11246117974981 40.923803458662555 2
      vertex 33.67457273250861 41.03623410262328 2
    endloop
  endfacet
  facet normal -0.2674905375314694 -0.6756039774597757 0.6870284404387175
    outer loop
      vertex 33.766402724817134 39.128688694438836 0.10000000000000009
      vertex 34.53280544963426 40.75737738887767 2
      vertex 34.11246117974981 40.923803458662555 2
    endloop
  endfacet
  facet normal -0.42710270733682204 -0.5878564445627016 0.6870284404387175
    outer loop
      vertex 34.14736318154764 38.886923836996424 0.10000000000000009
      vertex 35.294726363095286 40.27384767399284 2
      vertex 34.928976461924385 40.53958053180725 2
    endloop
  endfacet
  facet normal -0.3500569258514257 -0.6367511842877045 0.6870284404387165
    outer loop
      vertex 33.964488230962196 39.01979026590363 0.10000000000000009
      vertex 34.928976461924385 40.53958053180725 2
      vertex 34.53280544963426 40.75737738887767 2
    endloop
  endfacet
  facet normal -0.49741282398874326 -0.5296908575385154 0.6870284404387171
    outer loop
      vertex 34.31214352935854 38.73218479067164 0.10000000000000009
      vertex 35.62428705871708 39.96436958134328 2
      vertex 35.294726363095286 40.27384767399284 2
    endloop
  endfacet
  facet normal -0.5598784432663249 -0.4631717292689833 0.6870284404387175
    outer loop
      vertex 34.456230589874906 38.55801345412645 0.10000000000000009
      vertex 35.91246117974981 39.616026908252906 2
      vertex 35.62428705871708 39.96436958134328 2
    endloop
  endfacet
  facet normal -0.6135144450384413 0.38934810614348264 0.6870284404387177
    outer loop
      vertex 34.577352024078955 36.63284338661691 0.10000000000000009
      vertex 35.91246117974981 35.383973091747094 2
      vertex 36.15470404815791 35.765686773233824 2
    endloop
  endfacet
  facet normal -0.6574749575165317 0.3093842307988205 0.6870284404387179
    outer loop
      vertex 34.67359767459885 36.83737580516758 0.10000000000000009
      vertex 36.15470404815791 35.765686773233824 2
      vertex 36.347195349197705 36.17475161033516 2
    endloop
  endfacet
  facet normal -0.6910666971580834 0.22454118131728237 0.6870284404387179
    outer loop
      vertex 34.67359767459885 36.83737580516758 0.10000000000000009
      vertex 36.347195349197705 36.17475161033516 2
      vertex 36.48689938006307 36.60471640620652 2
    endloop
  endfacet
  facet normal -0.7137599021622189 0.13615698327197215 0.687028440438717
    outer loop
      vertex 34.74344969003154 37.05235820310326 0.10000000000000009
      vertex 36.48689938006307 36.60471640620652 2
      vertex 36.57161292473212 37.0488003591685 2
    endloop
  endfacet
  facet normal -0.7251966871297573 0.045625508264217025 0.6870284404387178
    outer loop
      vertex 34.78580646236606 37.274400179584255 0.10000000000000009
      vertex 36.57161292473212 37.0488003591685 2
      vertex 36.6 37.5 2
    endloop
  endfacet
  facet normal -0.7251966871297573 -0.045625508264217025 0.6870284404387178
    outer loop
      vertex 34.78580646236606 37.725599820415745 0.10000000000000009
      vertex 36.6 37.5 2
      vertex 36.57161292473212 37.9511996408315 2
    endloop
  endfacet
  facet normal -0.7137599021622189 -0.13615698327197215 0.687028440438717
    outer loop
      vertex 34.74344969003154 37.94764179689674 0.10000000000000009
      vertex 36.57161292473212 37.9511996408315 2
      vertex 36.48689938006307 38.39528359379348 2
    endloop
  endfacet
  facet normal -0.6910666971580834 -0.22454118131728237 0.6870284404387179
    outer loop
      vertex 34.67359767459885 38.16262419483242 0.10000000000000009
      vertex 36.48689938006307 38.39528359379348 2
      vertex 36.347195349197705 38.82524838966484 2
    endloop
  endfacet
  facet normal -0.6574749575165317 -0.3093842307988205 0.6870284404387179
    outer loop
      vertex 34.67359767459885 38.16262419483242 0.10000000000000009
      vertex 36.347195349197705 38.82524838966484 2
      vertex 36.15470404815791 39.234313226766176 2
    endloop
  endfacet
  facet normal -0.6135144450384413 -0.38934810614348264 0.6870284404387177
    outer loop
      vertex 34.577352024078955 38.36715661338309 0.10000000000000009
      vertex 36.15470404815791 39.234313226766176 2
      vertex 35.91246117974981 39.616026908252906 2
    endloop
  endfacet
  facet normal 0.6574749575165341 0.3093842307988163 0.6870284404387175
    outer loop
      vertex -34.577352024078955 36.63284338661691 0.10000000000000009
      vertex -34.67359767459885 36.83737580516758 0.10000000000000009
      vertex -36.15470404815791 35.765686773233824 2
    endloop
  endfacet
  facet normal 0.6135144450384414 0.38934810614348253 0.6870284404387178
    outer loop
      vertex -34.456230589874906 36.44198654587355 0.10000000000000009
      vertex -34.577352024078955 36.63284338661691 0.10000000000000009
      vertex -35.91246117974981 35.383973091747094 2
    endloop
  endfacet
  facet normal 0.4974128239887382 0.5296908575385205 0.6870284404387167
    outer loop
      vertex -34.31214352935854 36.26781520932836 0.10000000000000009
      vertex -35.29472636309528 34.72615232600716 2
      vertex -34.14736318154764 36.113076163003576 0.10000000000000009
    endloop
  endfacet
  facet normal 0.4271027073368337 0.5878564445626947 0.6870284404387161
    outer loop
      vertex -34.14736318154764 36.113076163003576 0.10000000000000009
      vertex -34.928976461924385 34.46041946819275 2
      vertex -33.964488230962196 35.98020973409637 0.10000000000000009
    endloop
  endfacet
  facet normal 0.5598784432663311 0.4631717292689768 0.6870284404387167
    outer loop
      vertex -34.456230589874906 36.44198654587355 0.10000000000000009
      vertex -35.62428705871708 35.03563041865672 2
      vertex -34.31214352935854 36.26781520932836 0.10000000000000009
    endloop
  endfacet
  facet normal 0.09107095349162446 0.7209008277554337 0.6870284404387179
    outer loop
      vertex -33.337286366254304 35.73188294868836 0.10000000000000009
      vertex -33.226045870305526 33.90710377765822 2
      vertex -33.11302293515276 35.70355188882911 0.10000000000000009
    endloop
  endfacet
  facet normal 0 0.7266305264908318 0.6870284404387177
    outer loop
      vertex -33.11302293515276 35.70355188882911 0.10000000000000009
      vertex -32.773954129694474 33.90710377765822 2
      vertex -32.88697706484724 35.70355188882911 0.10000000000000009
    endloop
  endfacet
  facet normal 0.3500569258514165 0.6367511842877086 0.6870284404387175
    outer loop
      vertex -33.964488230962196 35.98020973409637 0.10000000000000009
      vertex -34.53280544963426 34.24262261112233 2
      vertex -33.766402724817134 35.871311305561164 0.10000000000000009
    endloop
  endfacet
  facet normal 0.26749053753145924 0.675603977459779 0.6870284404387184
    outer loop
      vertex -33.766402724817134 35.871311305561164 0.10000000000000009
      vertex -34.11246117974981 34.076196541337445 2
      vertex -33.55623058987491 35.788098270668726 0.10000000000000009
    endloop
  endfacet
  facet normal 0.18070566364355548 0.7038020923210485 0.6870284404387175
    outer loop
      vertex -33.55623058987491 35.788098270668726 0.10000000000000009
      vertex -33.67457273250861 33.96376589737672 2
      vertex -33.337286366254304 35.73188294868836 0.10000000000000009
    endloop
  endfacet
  facet normal 0.6910666971580803 0.22454118131729678 0.6870284404387166
    outer loop
      vertex -34.74344969003154 37.05235820310326 0.10000000000000009
      vertex -36.48689938006307 36.60471640620652 2
      vertex -34.67359767459885 36.83737580516758 0.10000000000000009
    endloop
  endfacet
  facet normal 0.7137599021622201 0.136156983271959 0.6870284404387182
    outer loop
      vertex -34.74344969003154 37.05235820310326 0.10000000000000009
      vertex -34.78580646236606 37.274400179584255 0.10000000000000009
      vertex -36.57161292473212 37.0488003591685 2
    endloop
  endfacet
  facet normal 0.725196687129757 0.045625508264206305 0.6870284404387188
    outer loop
      vertex -34.78580646236606 37.274400179584255 0.10000000000000009
      vertex -34.8 37.5 0.10000000000000009
      vertex -36.6 37.5 2
    endloop
  endfacet
  facet normal 0.725196687129757 -0.045625508264206305 0.6870284404387188
    outer loop
      vertex -34.8 37.5 0.10000000000000009
      vertex -34.78580646236606 37.725599820415745 0.10000000000000009
      vertex -36.6 37.5 2
    endloop
  endfacet
  facet normal 0.7137599021622201 -0.136156983271959 0.6870284404387182
    outer loop
      vertex -34.78580646236606 37.725599820415745 0.10000000000000009
      vertex -34.74344969003154 37.94764179689674 0.10000000000000009
      vertex -36.57161292473212 37.9511996408315 2
    endloop
  endfacet
  facet normal 0.6910666971580803 -0.22454118131729678 0.6870284404387166
    outer loop
      vertex -34.74344969003154 37.94764179689674 0.10000000000000009
      vertex -34.67359767459885 38.16262419483242 0.10000000000000009
      vertex -36.48689938006307 38.39528359379348 2
    endloop
  endfacet
  facet normal 0.6574749575165341 -0.3093842307988163 0.6870284404387175
    outer loop
      vertex -34.67359767459885 38.16262419483242 0.10000000000000009
      vertex -34.577352024078955 38.36715661338309 0.10000000000000009
      vertex -36.15470404815791 39.234313226766176 2
    endloop
  endfacet
  facet normal 0.6135144450384414 -0.38934810614348253 0.6870284404387178
    outer loop
      vertex -34.577352024078955 38.36715661338309 0.10000000000000009
      vertex -34.456230589874906 38.55801345412645 0.10000000000000009
      vertex -35.91246117974981 39.616026908252906 2
    endloop
  endfacet
  facet normal 0.5598784432663311 -0.4631717292689768 0.6870284404387167
    outer loop
      vertex -34.456230589874906 38.55801345412645 0.10000000000000009
      vertex -34.31214352935854 38.73218479067164 0.10000000000000009
      vertex -35.62428705871708 39.96436958134328 2
    endloop
  endfacet
  facet normal 0.4974128239887382 -0.5296908575385205 0.6870284404387167
    outer loop
      vertex -34.31214352935854 38.73218479067164 0.10000000000000009
      vertex -34.14736318154764 38.886923836996424 0.10000000000000009
      vertex -35.29472636309528 40.27384767399284 2
    endloop
  endfacet
  facet normal -0.09107095349162446 0.7209008277554337 0.6870284404387178
    outer loop
      vertex -32.88697706484724 35.70355188882911 0.10000000000000009
      vertex -32.773954129694474 33.90710377765822 2
      vertex -32.662713633745696 35.73188294868836 0.10000000000000009
    endloop
  endfacet
  facet normal -0.18070566364355548 0.7038020923210485 0.6870284404387175
    outer loop
      vertex -32.662713633745696 35.73188294868836 0.10000000000000009
      vertex -32.32542726749139 33.96376589737672 2
      vertex -32.44376941012509 35.788098270668726 0.10000000000000009
    endloop
  endfacet
  facet normal -0.26749053753145907 0.6756039774597785 0.6870284404387186
    outer loop
      vertex -32.44376941012509 35.788098270668726 0.10000000000000009
      vertex -31.88753882025019 34.076196541337445 2
      vertex -32.233597275182866 35.871311305561164 0.10000000000000009
    endloop
  endfacet
  facet normal -0.35005692585141657 0.6367511842877087 0.6870284404387175
    outer loop
      vertex -32.233597275182866 35.871311305561164 0.10000000000000009
      vertex -31.46719455036574 34.24262261112233 2
      vertex -32.035511769037804 35.98020973409637 0.10000000000000009
    endloop
  endfacet
  facet normal -0.42710270733682815 0.5878564445626984 0.6870284404387162
    outer loop
      vertex -32.035511769037804 35.98020973409637 0.10000000000000009
      vertex -31.071023538075615 34.46041946819275 2
      vertex -31.852636818452357 36.113076163003576 0.10000000000000009
    endloop
  endfacet
  facet normal -0.49741282398875 0.5296908575385101 0.6870284404387162
    outer loop
      vertex -31.852636818452357 36.113076163003576 0.10000000000000009
      vertex -30.705273636904717 34.72615232600716 2
      vertex -31.68785647064146 36.26781520932836 0.10000000000000009
    endloop
  endfacet
  facet normal -0.5598784432663245 0.4631717292689827 0.6870284404387181
    outer loop
      vertex -31.68785647064146 36.26781520932836 0.10000000000000009
      vertex -30.375712941282917 35.03563041865672 2
      vertex -31.543769410125094 36.44198654587355 0.10000000000000009
    endloop
  endfacet
  facet normal -0.6135144450384414 0.38934810614348253 0.6870284404387178
    outer loop
      vertex -31.543769410125094 36.44198654587355 0.10000000000000009
      vertex -30.087538820250188 35.383973091747094 2
      vertex -31.422647975921045 36.63284338661691 0.10000000000000009
    endloop
  endfacet
  facet normal -0.6574749575165341 0.3093842307988163 0.6870284404387175
    outer loop
      vertex -31.422647975921045 36.63284338661691 0.10000000000000009
      vertex -29.84529595184209 35.765686773233824 2
      vertex -31.326402325401148 36.83737580516758 0.10000000000000009
    endloop
  endfacet
  facet normal -0.6910666971580827 0.22454118131728612 0.6870284404387175
    outer loop
      vertex -31.326402325401148 36.83737580516758 0.10000000000000009
      vertex -29.513100619936928 36.60471640620652 2
      vertex -31.256550309968464 37.05235820310326 0.10000000000000009
    endloop
  endfacet
  facet normal -0.7137599021622183 0.13615698327197007 0.6870284404387179
    outer loop
      vertex -31.256550309968464 37.05235820310326 0.10000000000000009
      vertex -29.428387075267878 37.0488003591685 2
      vertex -31.21419353763394 37.274400179584255 0.10000000000000009
    endloop
  endfacet
  facet normal -0.7251966871297573 0.04562550826421775 0.6870284404387176
    outer loop
      vertex -31.21419353763394 37.274400179584255 0.10000000000000009
      vertex -29.4 37.5 2
      vertex -31.2 37.5 0.10000000000000009
    endloop
  endfacet
  facet normal -0.7251966871297573 -0.04562550826421775 0.6870284404387177
    outer loop
      vertex -31.2 37.5 0.10000000000000009
      vertex -29.4 37.5 2
      vertex -31.21419353763394 37.725599820415745 0.10000000000000009
    endloop
  endfacet
  facet normal -0.7137599021622182 -0.13615698327197004 0.6870284404387179
    outer loop
      vertex -31.21419353763394 37.725599820415745 0.10000000000000009
      vertex -29.428387075267878 37.9511996408315 2
      vertex -31.256550309968464 37.94764179689674 0.10000000000000009
    endloop
  endfacet
  facet normal -0.49741282398875 -0.5296908575385101 0.6870284404387162
    outer loop
      vertex -31.68785647064146 38.73218479067164 0.10000000000000009
      vertex -30.705273636904717 40.27384767399284 2
      vertex -31.852636818452357 38.886923836996424 0.10000000000000009
    endloop
  endfacet
  facet normal -0.6135144450384414 -0.38934810614348253 0.6870284404387178
    outer loop
      vertex -31.422647975921045 38.36715661338309 0.10000000000000009
      vertex -30.087538820250188 39.616026908252906 2
      vertex -31.543769410125094 38.55801345412645 0.10000000000000009
    endloop
  endfacet
  facet normal -0.5598784432663249 -0.46317172926898303 0.6870284404387177
    outer loop
      vertex -31.68785647064146 38.73218479067164 0.10000000000000009
      vertex -31.543769410125094 38.55801345412645 0.10000000000000009
      vertex -30.37571294128292 39.96436958134328 2
    endloop
  endfacet
  facet normal -0.6910666971580827 -0.22454118131728612 0.6870284404387176
    outer loop
      vertex -31.256550309968464 37.94764179689674 0.10000000000000009
      vertex -29.513100619936928 38.39528359379348 2
      vertex -31.326402325401148 38.16262419483242 0.10000000000000009
    endloop
  endfacet
  facet normal -0.6574749575165341 -0.3093842307988163 0.6870284404387175
    outer loop
      vertex -31.422647975921045 38.36715661338309 0.10000000000000009
      vertex -31.326402325401148 38.16262419483242 0.10000000000000009
      vertex -29.84529595184209 39.234313226766176 2
    endloop
  endfacet
  facet normal 0.4271027073368337 -0.5878564445626947 0.6870284404387161
    outer loop
      vertex -34.14736318154764 38.886923836996424 0.10000000000000009
      vertex -33.964488230962196 39.01979026590363 0.10000000000000009
      vertex -34.928976461924385 40.53958053180725 2
    endloop
  endfacet
  facet normal 0.3500569258514165 -0.6367511842877086 0.6870284404387175
    outer loop
      vertex -33.964488230962196 39.01979026590363 0.10000000000000009
      vertex -33.766402724817134 39.128688694438836 0.10000000000000009
      vertex -34.53280544963426 40.75737738887767 2
    endloop
  endfacet
  facet normal 0.26749053753145924 -0.675603977459779 0.6870284404387184
    outer loop
      vertex -33.766402724817134 39.128688694438836 0.10000000000000009
      vertex -33.55623058987491 39.211901729331274 0.10000000000000009
      vertex -34.11246117974981 40.923803458662555 2
    endloop
  endfacet
  facet normal 0.18070566364355548 -0.7038020923210485 0.6870284404387175
    outer loop
      vertex -33.55623058987491 39.211901729331274 0.10000000000000009
      vertex -33.337286366254304 39.26811705131164 0.10000000000000009
      vertex -33.67457273250861 41.03623410262328 2
    endloop
  endfacet
  facet normal 0.09107095349162446 -0.7209008277554337 0.6870284404387179
    outer loop
      vertex -33.337286366254304 39.26811705131164 0.10000000000000009
      vertex -33.11302293515276 39.29644811117089 0.10000000000000009
      vertex -33.226045870305526 41.09289622234178 2
    endloop
  endfacet
  facet normal 0 -0.7266305264908318 0.6870284404387177
    outer loop
      vertex -33.11302293515276 39.29644811117089 0.10000000000000009
      vertex -32.88697706484724 39.29644811117089 0.10000000000000009
      vertex -33.226045870305526 41.09289622234178 2
    endloop
  endfacet
  facet normal -0.09107095349162446 -0.7209008277554337 0.6870284404387178
    outer loop
      vertex -32.88697706484724 39.29644811117089 0.10000000000000009
      vertex -32.662713633745696 39.26811705131164 0.10000000000000009
      vertex -32.773954129694474 41.09289622234178 2
    endloop
  endfacet
  facet normal -0.18070566364355548 -0.7038020923210485 0.6870284404387175
    outer loop
      vertex -32.662713633745696 39.26811705131164 0.10000000000000009
      vertex -32.44376941012509 39.211901729331274 0.10000000000000009
      vertex -32.32542726749139 41.03623410262328 2
    endloop
  endfacet
  facet normal -0.2674905375314591 -0.6756039774597786 0.6870284404387186
    outer loop
      vertex -32.233597275182866 39.128688694438836 0.10000000000000009
      vertex -31.88753882025019 40.923803458662555 2
      vertex -32.44376941012509 39.211901729331274 0.10000000000000009
    endloop
  endfacet
  facet normal -0.35005692585141657 -0.6367511842877087 0.6870284404387175
    outer loop
      vertex -32.233597275182866 39.128688694438836 0.10000000000000009
      vertex -32.035511769037804 39.01979026590363 0.10000000000000009
      vertex -31.46719455036574 40.75737738887767 2
    endloop
  endfacet
  facet normal -0.4271027073368279 -0.587856444562698 0.6870284404387168
    outer loop
      vertex -32.035511769037804 39.01979026590363 0.10000000000000009
      vertex -31.852636818452357 38.886923836996424 0.10000000000000009
      vertex -31.07102353807561 40.53958053180725 2
    endloop
  endfacet
  facet normal 0.6910666971580834 0.22454118131728237 0.6870284404387179
    outer loop
      vertex -34.67359767459885 36.83737580516758 0.10000000000000009
      vertex -36.48689938006307 36.60471640620652 2
      vertex -36.347195349197705 36.17475161033516 2
    endloop
  endfacet
  facet normal 0.6135144450384413 0.38934810614348264 0.6870284404387177
    outer loop
      vertex -34.577352024078955 36.63284338661691 0.10000000000000009
      vertex -36.15470404815791 35.765686773233824 2
      vertex -35.91246117974981 35.383973091747094 2
    endloop
  endfacet
  facet normal 0.6574749575165317 0.3093842307988205 0.6870284404387179
    outer loop
      vertex -34.67359767459885 36.83737580516758 0.10000000000000009
      vertex -36.347195349197705 36.17475161033516 2
      vertex -36.15470404815791 35.765686773233824 2
    endloop
  endfacet
  facet normal 0.7137599021622189 0.13615698327197215 0.687028440438717
    outer loop
      vertex -34.74344969003154 37.05235820310326 0.10000000000000009
      vertex -36.57161292473212 37.0488003591685 2
      vertex -36.48689938006307 36.60471640620652 2
    endloop
  endfacet
  facet normal 0.7251966871297573 0.045625508264217025 0.6870284404387178
    outer loop
      vertex -34.78580646236606 37.274400179584255 0.10000000000000009
      vertex -36.6 37.5 2
      vertex -36.57161292473212 37.0488003591685 2
    endloop
  endfacet
  facet normal 0.7251966871297573 -0.045625508264217025 0.6870284404387178
    outer loop
      vertex -34.78580646236606 37.725599820415745 0.10000000000000009
      vertex -36.57161292473212 37.9511996408315 2
      vertex -36.6 37.5 2
    endloop
  endfacet
  facet normal 0.7137599021622189 -0.13615698327197215 0.687028440438717
    outer loop
      vertex -34.74344969003154 37.94764179689674 0.10000000000000009
      vertex -36.48689938006307 38.39528359379348 2
      vertex -36.57161292473212 37.9511996408315 2
    endloop
  endfacet
  facet normal 0.6910666971580834 -0.22454118131728237 0.6870284404387179
    outer loop
      vertex -34.67359767459885 38.16262419483242 0.10000000000000009
      vertex -36.347195349197705 38.82524838966484 2
      vertex -36.48689938006307 38.39528359379348 2
    endloop
  endfacet
  facet normal 0.6574749575165317 -0.3093842307988205 0.6870284404387179
    outer loop
      vertex -34.67359767459885 38.16262419483242 0.10000000000000009
      vertex -36.15470404815791 39.234313226766176 2
      vertex -36.347195349197705 38.82524838966484 2
    endloop
  endfacet
  facet normal 0.6135144450384413 -0.38934810614348264 0.6870284404387177
    outer loop
      vertex -34.577352024078955 38.36715661338309 0.10000000000000009
      vertex -35.91246117974981 39.616026908252906 2
      vertex -36.15470404815791 39.234313226766176 2
    endloop
  endfacet
  facet normal 0.42710270733682776 0.5878564445626981 0.6870284404387167
    outer loop
      vertex -34.14736318154764 36.113076163003576 0.10000000000000009
      vertex -35.29472636309528 34.72615232600716 2
      vertex -34.928976461924385 34.46041946819275 2
    endloop
  endfacet
  facet normal 0.3500569258514257 0.6367511842877045 0.6870284404387165
    outer loop
      vertex -33.964488230962196 35.98020973409637 0.10000000000000009
      vertex -34.928976461924385 34.46041946819275 2
      vertex -34.53280544963426 34.24262261112233 2
    endloop
  endfacet
  facet normal 0.5598784432663249 0.4631717292689833 0.6870284404387175
    outer loop
      vertex -34.456230589874906 36.44198654587355 0.10000000000000009
      vertex -35.91246117974981 35.383973091747094 2
      vertex -35.62428705871708 35.03563041865672 2
    endloop
  endfacet
  facet normal 0.49741282398873765 0.5296908575385209 0.6870284404387169
    outer loop
      vertex -34.31214352935854 36.26781520932836 0.10000000000000009
      vertex -35.62428705871708 35.03563041865672 2
      vertex -35.29472636309528 34.72615232600716 2
    endloop
  endfacet
  facet normal 0.2674905375314694 0.6756039774597757 0.6870284404387175
    outer loop
      vertex -33.766402724817134 35.871311305561164 0.10000000000000009
      vertex -34.53280544963426 34.24262261112233 2
      vertex -34.11246117974981 34.076196541337445 2
    endloop
  endfacet
  facet normal 0.18070566364354732 0.7038020923210498 0.6870284404387182
    outer loop
      vertex -33.55623058987491 35.788098270668726 0.10000000000000009
      vertex -34.11246117974981 34.076196541337445 2
      vertex -33.67457273250861 33.96376589737672 2
    endloop
  endfacet
  facet normal 0.09107095349162446 0.7209008277554337 0.6870284404387178
    outer loop
      vertex -33.337286366254304 35.73188294868836 0.10000000000000009
      vertex -33.67457273250861 33.96376589737672 2
      vertex -33.226045870305526 33.90710377765822 2
    endloop
  endfacet
  facet normal 0 0.7266305264908318 0.6870284404387177
    outer loop
      vertex -33.11302293515276 35.70355188882911 0.10000000000000009
      vertex -33.226045870305526 33.90710377765822 2
      vertex -32.773954129694474 33.90710377765822 2
    endloop
  endfacet
  facet normal -0.09107095349162446 0.7209008277554337 0.6870284404387178
    outer loop
      vertex -32.662713633745696 35.73188294868836 0.10000000000000009
      vertex -32.773954129694474 33.90710377765822 2
      vertex -32.32542726749139 33.96376589737672 2
    endloop
  endfacet
  facet normal -0.18070566364354593 0.7038020923210501 0.6870284404387184
    outer loop
      vertex -32.44376941012509 35.788098270668726 0.10000000000000009
      vertex -32.32542726749139 33.96376589737672 2
      vertex -31.88753882025019 34.076196541337445 2
    endloop
  endfacet
  facet normal -0.2674905375314713 0.6756039774597749 0.6870284404387175
    outer loop
      vertex -32.233597275182866 35.871311305561164 0.10000000000000009
      vertex -31.88753882025019 34.076196541337445 2
      vertex -31.46719455036574 34.24262261112233 2
    endloop
  endfacet
  facet normal -0.3500569258514257 0.6367511842877045 0.6870284404387165
    outer loop
      vertex -32.035511769037804 35.98020973409637 0.10000000000000009
      vertex -31.46719455036574 34.24262261112233 2
      vertex -31.071023538075615 34.46041946819275 2
    endloop
  endfacet
  facet normal -0.42710270733682515 0.5878564445627003 0.6870284404387167
    outer loop
      vertex -31.852636818452357 36.113076163003576 0.10000000000000009
      vertex -31.071023538075615 34.46041946819275 2
      vertex -30.705273636904717 34.72615232600716 2
    endloop
  endfacet
  facet normal -0.49741282398873693 0.5296908575385203 0.6870284404387177
    outer loop
      vertex -31.68785647064146 36.26781520932836 0.10000000000000009
      vertex -30.705273636904717 34.72615232600716 2
      vertex -30.375712941282917 35.03563041865672 2
    endloop
  endfacet
  facet normal -0.5598784432663275 0.46317172926897987 0.6870284404387175
    outer loop
      vertex -31.543769410125094 36.44198654587355 0.10000000000000009
      vertex -30.375712941282917 35.03563041865672 2
      vertex -30.087538820250188 35.383973091747094 2
    endloop
  endfacet
  facet normal -0.6135144450384413 0.38934810614348264 0.6870284404387177
    outer loop
      vertex -31.422647975921045 36.63284338661691 0.10000000000000009
      vertex -30.087538820250188 35.383973091747094 2
      vertex -29.84529595184209 35.765686773233824 2
    endloop
  endfacet
  facet normal -0.6135144450384413 -0.38934810614348264 0.6870284404387177
    outer loop
      vertex -31.422647975921045 38.36715661338309 0.10000000000000009
      vertex -29.84529595184209 39.234313226766176 2
      vertex -30.087538820250188 39.616026908252906 2
    endloop
  endfacet
  facet normal 0.5598784432663249 -0.4631717292689833 0.6870284404387175
    outer loop
      vertex -34.456230589874906 38.55801345412645 0.10000000000000009
      vertex -35.62428705871708 39.96436958134328 2
      vertex -35.91246117974981 39.616026908252906 2
    endloop
  endfacet
  facet normal 0.49741282398873765 -0.5296908575385209 0.6870284404387169
    outer loop
      vertex -34.31214352935854 38.73218479067164 0.10000000000000009
      vertex -35.29472636309528 40.27384767399284 2
      vertex -35.62428705871708 39.96436958134328 2
    endloop
  endfacet
  facet normal 0.42710270733682776 -0.5878564445626981 0.6870284404387167
    outer loop
      vertex -34.14736318154764 38.886923836996424 0.10000000000000009
      vertex -34.928976461924385 40.53958053180725 2
      vertex -35.29472636309528 40.27384767399284 2
    endloop
  endfacet
  facet normal 0.3500569258514257 -0.6367511842877045 0.6870284404387165
    outer loop
      vertex -33.964488230962196 39.01979026590363 0.10000000000000009
      vertex -34.53280544963426 40.75737738887767 2
      vertex -34.928976461924385 40.53958053180725 2
    endloop
  endfacet
  facet normal 0.2674905375314694 -0.6756039774597757 0.6870284404387175
    outer loop
      vertex -33.766402724817134 39.128688694438836 0.10000000000000009
      vertex -34.11246117974981 40.923803458662555 2
      vertex -34.53280544963426 40.75737738887767 2
    endloop
  endfacet
  facet normal 0.18070566364354732 -0.7038020923210498 0.6870284404387182
    outer loop
      vertex -33.55623058987491 39.211901729331274 0.10000000000000009
      vertex -33.67457273250861 41.03623410262328 2
      vertex -34.11246117974981 40.923803458662555 2
    endloop
  endfacet
  facet normal 0.09107095349162446 -0.7209008277554337 0.6870284404387178
    outer loop
      vertex -33.337286366254304 39.26811705131164 0.10000000000000009
      vertex -33.226045870305526 41.09289622234178 2
      vertex -33.67457273250861 41.03623410262328 2
    endloop
  endfacet
  facet normal 0 -0.7266305264908318 0.6870284404387177
    outer loop
      vertex -32.88697706484724 39.29644811117089 0.10000000000000009
      vertex -32.773954129694474 41.09289622234178 2
      vertex -33.226045870305526 41.09289622234178 2
    endloop
  endfacet
  facet normal -0.09107095349162446 -0.7209008277554337 0.6870284404387178
    outer loop
      vertex -32.662713633745696 39.26811705131164 0.10000000000000009
      vertex -32.32542726749139 41.03623410262328 2
      vertex -32.773954129694474 41.09289622234178 2
    endloop
  endfacet
  facet normal -0.18070566364354593 -0.7038020923210501 0.6870284404387184
    outer loop
      vertex -32.44376941012509 39.211901729331274 0.10000000000000009
      vertex -31.88753882025019 40.923803458662555 2
      vertex -32.32542726749139 41.03623410262328 2
    endloop
  endfacet
  facet normal -0.2674905375314713 -0.6756039774597749 0.6870284404387175
    outer loop
      vertex -32.233597275182866 39.128688694438836 0.10000000000000009
      vertex -31.46719455036574 40.75737738887767 2
      vertex -31.88753882025019 40.923803458662555 2
    endloop
  endfacet
  facet normal -0.42710270733682776 -0.5878564445626981 0.6870284404387167
    outer loop
      vertex -31.852636818452357 38.886923836996424 0.10000000000000009
      vertex -30.705273636904717 40.27384767399284 2
      vertex -31.07102353807561 40.53958053180725 2
    endloop
  endfacet
  facet normal -0.3500569258514232 -0.6367511842877057 0.6870284404387167
    outer loop
      vertex -32.035511769037804 39.01979026590363 0.10000000000000009
      vertex -31.07102353807561 40.53958053180725 2
      vertex -31.46719455036574 40.75737738887767 2
    endloop
  endfacet
  facet normal -0.4974128239887401 -0.5296908575385176 0.6870284404387176
    outer loop
      vertex -31.68785647064146 38.73218479067164 0.10000000000000009
      vertex -30.37571294128292 39.96436958134328 2
      vertex -30.705273636904717 40.27384767399284 2
    endloop
  endfacet
  facet normal -0.5598784432663249 -0.4631717292689833 0.6870284404387175
    outer loop
      vertex -31.543769410125094 38.55801345412645 0.10000000000000009
      vertex -30.087538820250188 39.616026908252906 2
      vertex -30.37571294128292 39.96436958134328 2
    endloop
  endfacet
  facet normal -0.6574749575165317 0.3093842307988205 0.6870284404387179
    outer loop
      vertex -31.326402325401148 36.83737580516758 0.10000000000000009
      vertex -29.84529595184209 35.765686773233824 2
      vertex -29.652804650802295 36.17475161033516 2
    endloop
  endfacet
  facet normal -0.6910666971580834 0.22454118131728237 0.6870284404387179
    outer loop
      vertex -31.326402325401148 36.83737580516758 0.10000000000000009
      vertex -29.652804650802295 36.17475161033516 2
      vertex -29.513100619936928 36.60471640620652 2
    endloop
  endfacet
  facet normal -0.7137599021622182 0.1361569832719724 0.6870284404387177
    outer loop
      vertex -31.256550309968464 37.05235820310326 0.10000000000000009
      vertex -29.513100619936928 36.60471640620652 2
      vertex -29.428387075267878 37.0488003591685 2
    endloop
  endfacet
  facet normal -0.7251966871297573 0.045625508264217025 0.6870284404387178
    outer loop
      vertex -31.21419353763394 37.274400179584255 0.10000000000000009
      vertex -29.428387075267878 37.0488003591685 2
      vertex -29.4 37.5 2
    endloop
  endfacet
  facet normal -0.7251966871297573 -0.045625508264217025 0.6870284404387178
    outer loop
      vertex -31.21419353763394 37.725599820415745 0.10000000000000009
      vertex -29.4 37.5 2
      vertex -29.428387075267878 37.9511996408315 2
    endloop
  endfacet
  facet normal -0.7137599021622182 -0.1361569832719724 0.6870284404387177
    outer loop
      vertex -31.256550309968464 37.94764179689674 0.10000000000000009
      vertex -29.428387075267878 37.9511996408315 2
      vertex -29.513100619936928 38.39528359379348 2
    endloop
  endfacet
  facet normal -0.6910666971580834 -0.22454118131728237 0.6870284404387179
    outer loop
      vertex -31.326402325401148 38.16262419483242 0.10000000000000009
      vertex -29.513100619936928 38.39528359379348 2
      vertex -29.652804650802295 38.82524838966484 2
    endloop
  endfacet
  facet normal -0.6574749575165317 -0.3093842307988205 0.6870284404387179
    outer loop
      vertex -31.326402325401148 38.16262419483242 0.10000000000000009
      vertex -29.652804650802295 38.82524838966484 2
      vertex -29.84529595184209 39.234313226766176 2
    endloop
  endfacet
  facet normal 0.6845471059286878 0.7289686274214123 0
    outer loop
      vertex -34.31214352935854 -38.73218479067164 0.10000000000000009
      vertex -34.14736318154764 -38.886923836996424 0
      vertex -34.31214352935854 -38.73218479067164 0
    endloop
  endfacet
  facet normal 0.8443279255020157 0.5358267949789955 0
    outer loop
      vertex -34.577352024078955 -38.36715661338309 0.10000000000000009
      vertex -34.456230589874906 -38.55801345412645 0
      vertex -34.577352024078955 -38.36715661338309 0
    endloop
  endfacet
  facet normal 0.9510565162951473 0.30901699437496666 0
    outer loop
      vertex -34.74344969003154 -37.94764179689674 0.10000000000000009
      vertex -34.67359767459885 -38.16262419483242 0
      vertex -34.74344969003154 -37.94764179689674 0
    endloop
  endfacet
  facet normal 0.9048270524660232 0.4257792915650645 0
    outer loop
      vertex -34.67359767459885 -38.16262419483242 0.10000000000000009
      vertex -34.577352024078955 -38.36715661338309 0
      vertex -34.67359767459885 -38.16262419483242 0
    endloop
  endfacet
  facet normal 0.7705132427757901 0.6374239897486887 0
    outer loop
      vertex -34.456230589874906 -38.55801345412645 0.10000000000000009
      vertex -34.31214352935854 -38.73218479067164 0
      vertex -34.456230589874906 -38.55801345412645 0
    endloop
  endfacet
  facet normal 0.9822872507286914 0.18738131458571064 0
    outer loop
      vertex -34.78580646236606 -37.725599820415745 0.10000000000000009
      vertex -34.74344969003154 -37.94764179689674 0
      vertex -34.78580646236606 -37.725599820415745 0
    endloop
  endfacet
  facet normal 0.9980267284282726 0.06279051952929761 0
    outer loop
      vertex -34.8 -37.5 0.10000000000000009
      vertex -34.78580646236606 -37.725599820415745 0
      vertex -34.8 -37.5 0
    endloop
  endfacet
  facet normal 0.9980267284282726 -0.06279051952929761 0
    outer loop
      vertex -34.78580646236606 -37.274400179584255 0.10000000000000009
      vertex -34.8 -37.5 0
      vertex -34.78580646236606 -37.274400179584255 0
    endloop
  endfacet
  facet normal 0.9822872507286914 -0.18738131458571064 0
    outer loop
      vertex -34.74344969003154 -37.05235820310326 0.10000000000000009
      vertex -34.78580646236606 -37.274400179584255 0
      vertex -34.74344969003154 -37.05235820310326 0
    endloop
  endfacet
  facet normal 0.9510565162951473 -0.30901699437496666 0
    outer loop
      vertex -34.67359767459885 -36.83737580516758 0.10000000000000009
      vertex -34.74344969003154 -37.05235820310326 0
      vertex -34.67359767459885 -36.83737580516758 0
    endloop
  endfacet
  facet normal 0.9048270524660232 -0.4257792915650645 0
    outer loop
      vertex -34.577352024078955 -36.63284338661691 0.10000000000000009
      vertex -34.67359767459885 -36.83737580516758 0
      vertex -34.577352024078955 -36.63284338661691 0
    endloop
  endfacet
  facet normal 0.4817536741017077 0.8763066800438677 0
    outer loop
      vertex -33.964488230962196 -39.01979026590363 0.10000000000000009
      vertex -33.766402724817134 -39.128688694438836 0
      vertex -33.964488230962196 -39.01979026590363 0
    endloop
  endfacet
  facet normal 0.5877852522924824 0.8090169943749408 0
    outer loop
      vertex -34.14736318154764 -38.886923836996424 0.10000000000000009
      vertex -33.964488230962196 -39.01979026590363 0
      vertex -34.14736318154764 -38.886923836996424 0
    endloop
  endfacet
  facet normal 0.3681245526846642 0.9297764858882569 0
    outer loop
      vertex -33.766402724817134 -39.128688694438836 0.10000000000000009
      vertex -33.55623058987491 -39.211901729331274 0
      vertex -33.766402724817134 -39.128688694438836 0
    endloop
  endfacet
  facet normal 0.2486898871648706 0.9685831611286272 0
    outer loop
      vertex -33.55623058987491 -39.211901729331274 0.10000000000000009
      vertex -33.337286366254304 -39.26811705131164 0
      vertex -33.55623058987491 -39.211901729331274 0
    endloop
  endfacet
  facet normal 0.1253332335642983 0.9921147013144787 0
    outer loop
      vertex -33.337286366254304 -39.26811705131164 0.10000000000000009
      vertex -33.11302293515276 -39.29644811117089 0
      vertex -33.337286366254304 -39.26811705131164 0
    endloop
  endfacet
  facet normal 0 1 0
    outer loop
      vertex -33.11302293515276 -39.29644811117089 0.10000000000000009
      vertex -32.88697706484724 -39.29644811117089 0
      vertex -33.11302293515276 -39.29644811117089 0
    endloop
  endfacet
  facet normal 0.7705132427757901 0.6374239897486887 0
    outer loop
      vertex -34.456230589874906 -38.55801345412645 0.10000000000000009
      vertex -34.31214352935854 -38.73218479067164 0.10000000000000009
      vertex -34.31214352935854 -38.73218479067164 0
    endloop
  endfacet
  facet normal 0.6845471059286878 0.7289686274214123 0
    outer loop
      vertex -34.14736318154764 -38.886923836996424 0.10000000000000009
      vertex -34.14736318154764 -38.886923836996424 0
      vertex -34.31214352935854 -38.73218479067164 0.10000000000000009
    endloop
  endfacet
  facet normal 0.8443279255020157 0.5358267949789955 0
    outer loop
      vertex -34.456230589874906 -38.55801345412645 0.10000000000000009
      vertex -34.456230589874906 -38.55801345412645 0
      vertex -34.577352024078955 -38.36715661338309 0.10000000000000009
    endloop
  endfacet
  facet normal 0.9510565162951473 0.30901699437496666 0
    outer loop
      vertex -34.74344969003154 -37.94764179689674 0.10000000000000009
      vertex -34.67359767459885 -38.16262419483242 0.10000000000000009
      vertex -34.67359767459885 -38.16262419483242 0
    endloop
  endfacet
  facet normal 0.9048270524660232 0.4257792915650645 0
    outer loop
      vertex -34.577352024078955 -38.36715661338309 0.10000000000000009
      vertex -34.577352024078955 -38.36715661338309 0
      vertex -34.67359767459885 -38.16262419483242 0.10000000000000009
    endloop
  endfacet
  facet normal 0.9822872507286914 0.18738131458571064 0
    outer loop
      vertex -34.74344969003154 -37.94764179689674 0.10000000000000009
      vertex -34.74344969003154 -37.94764179689674 0
      vertex -34.78580646236606 -37.725599820415745 0.10000000000000009
    endloop
  endfacet
  facet normal 0.9980267284282726 0.06279051952929761 0
    outer loop
      vertex -34.78580646236606 -37.725599820415745 0.10000000000000009
      vertex -34.78580646236606 -37.725599820415745 0
      vertex -34.8 -37.5 0.10000000000000009
    endloop
  endfacet
  facet normal 0.9980267284282726 -0.06279051952929761 0
    outer loop
      vertex -34.8 -37.5 0.10000000000000009
      vertex -34.8 -37.5 0
      vertex -34.78580646236606 -37.274400179584255 0.10000000000000009
    endloop
  endfacet
  facet normal 0.9822872507286914 -0.18738131458571064 0
    outer loop
      vertex -34.78580646236606 -37.274400179584255 0.10000000000000009
      vertex -34.78580646236606 -37.274400179584255 0
      vertex -34.74344969003154 -37.05235820310326 0.10000000000000009
    endloop
  endfacet
  facet normal 0.9510565162951473 -0.30901699437496666 0
    outer loop
      vertex -34.74344969003154 -37.05235820310326 0.10000000000000009
      vertex -34.74344969003154 -37.05235820310326 0
      vertex -34.67359767459885 -36.83737580516758 0.10000000000000009
    endloop
  endfacet
  facet normal 0.9048270524660232 -0.4257792915650645 0
    outer loop
      vertex -34.67359767459885 -36.83737580516758 0.10000000000000009
      vertex -34.67359767459885 -36.83737580516758 0
      vertex -34.577352024078955 -36.63284338661691 0.10000000000000009
    endloop
  endfacet
  facet normal 0.8443279255020157 -0.5358267949789955 0
    outer loop
      vertex -34.577352024078955 -36.63284338661691 0.10000000000000009
      vertex -34.577352024078955 -36.63284338661691 0
      vertex -34.456230589874906 -36.44198654587355 0.10000000000000009
    endloop
  endfacet
  facet normal 0.5877852522924824 0.8090169943749408 0
    outer loop
      vertex -34.14736318154764 -38.886923836996424 0.10000000000000009
      vertex -33.964488230962196 -39.01979026590363 0.10000000000000009
      vertex -33.964488230962196 -39.01979026590363 0
    endloop
  endfacet
  facet normal 0.4817536741017077 0.8763066800438677 0
    outer loop
      vertex -33.964488230962196 -39.01979026590363 0.10000000000000009
      vertex -33.766402724817134 -39.128688694438836 0.10000000000000009
      vertex -33.766402724817134 -39.128688694438836 0
    endloop
  endfacet
  facet normal 0.3681245526846642 0.9297764858882569 0
    outer loop
      vertex -33.55623058987491 -39.211901729331274 0.10000000000000009
      vertex -33.55623058987491 -39.211901729331274 0
      vertex -33.766402724817134 -39.128688694438836 0.10000000000000009
    endloop
  endfacet
  facet normal 0.2486898871648706 0.9685831611286272 0
    outer loop
      vertex -33.55623058987491 -39.211901729331274 0.10000000000000009
      vertex -33.337286366254304 -39.26811705131164 0.10000000000000009
      vertex -33.337286366254304 -39.26811705131164 0
    endloop
  endfacet
  facet normal 0.1253332335642983 0.9921147013144787 0
    outer loop
      vertex -33.337286366254304 -39.26811705131164 0.10000000000000009
      vertex -33.11302293515276 -39.29644811117089 0.10000000000000009
      vertex -33.11302293515276 -39.29644811117089 0
    endloop
  endfacet
  facet normal 0 1 0
    outer loop
      vertex -33.11302293515276 -39.29644811117089 0.10000000000000009
      vertex -32.88697706484724 -39.29644811117089 0.10000000000000009
      vertex -32.88697706484724 -39.29644811117089 0
    endloop
  endfacet
  facet normal 0.8443279255020157 -0.5358267949789955 0
    outer loop
      vertex -34.456230589874906 -36.44198654587355 0.10000000000000009
      vertex -34.577352024078955 -36.63284338661691 0
      vertex -34.456230589874906 -36.44198654587355 0
    endloop
  endfacet
  facet normal 0.7705132427757901 -0.6374239897486887 0
    outer loop
      vertex -34.31214352935854 -36.26781520932836 0.10000000000000009
      vertex -34.456230589874906 -36.44198654587355 0
      vertex -34.31214352935854 -36.26781520932836 0
    endloop
  endfacet
  facet normal 0.6845471059286878 -0.7289686274214123 0
    outer loop
      vertex -34.14736318154764 -36.113076163003576 0.10000000000000009
      vertex -34.31214352935854 -36.26781520932836 0
      vertex -34.14736318154764 -36.113076163003576 0
    endloop
  endfacet
  facet normal 0.5877852522924824 -0.8090169943749408 0
    outer loop
      vertex -33.964488230962196 -35.98020973409637 0.10000000000000009
      vertex -34.14736318154764 -36.113076163003576 0
      vertex -33.964488230962196 -35.98020973409637 0
    endloop
  endfacet
  facet normal 0.4817536741017077 -0.8763066800438677 0
    outer loop
      vertex -33.766402724817134 -35.871311305561164 0.10000000000000009
      vertex -33.964488230962196 -35.98020973409637 0
      vertex -33.766402724817134 -35.871311305561164 0
    endloop
  endfacet
  facet normal 0.3681245526846642 -0.9297764858882569 0
    outer loop
      vertex -33.55623058987491 -35.788098270668726 0.10000000000000009
      vertex -33.766402724817134 -35.871311305561164 0
      vertex -33.55623058987491 -35.788098270668726 0
    endloop
  endfacet
  facet normal 0.2486898871648706 -0.9685831611286272 0
    outer loop
      vertex -33.337286366254304 -35.73188294868836 0.10000000000000009
      vertex -33.55623058987491 -35.788098270668726 0
      vertex -33.337286366254304 -35.73188294868836 0
    endloop
  endfacet
  facet normal 0.1253332335642983 -0.9921147013144787 0
    outer loop
      vertex -33.11302293515276 -35.70355188882911 0.10000000000000009
      vertex -33.337286366254304 -35.73188294868836 0
      vertex -33.11302293515276 -35.70355188882911 0
    endloop
  endfacet
  facet normal 0 -1 0
    outer loop
      vertex -32.88697706484724 -35.70355188882911 0.10000000000000009
      vertex -33.11302293515276 -35.70355188882911 0
      vertex -32.88697706484724 -35.70355188882911 0
    endloop
  endfacet
  facet normal 0.7705132427757901 -0.6374239897486887 0
    outer loop
      vertex -34.456230589874906 -36.44198654587355 0.10000000000000009
      vertex -34.456230589874906 -36.44198654587355 0
      vertex -34.31214352935854 -36.26781520932836 0.10000000000000009
    endloop
  endfacet
  facet normal 0.6845471059286878 -0.7289686274214123 0
    outer loop
      vertex -34.31214352935854 -36.26781520932836 0.10000000000000009
      vertex -34.31214352935854 -36.26781520932836 0
      vertex -34.14736318154764 -36.113076163003576 0.10000000000000009
    endloop
  endfacet
  facet normal 0.5877852522924824 -0.8090169943749408 0
    outer loop
      vertex -34.14736318154764 -36.113076163003576 0.10000000000000009
      vertex -34.14736318154764 -36.113076163003576 0
      vertex -33.964488230962196 -35.98020973409637 0.10000000000000009
    endloop
  endfacet
  facet normal 0.4817536741017077 -0.8763066800438677 0
    outer loop
      vertex -33.964488230962196 -35.98020973409637 0.10000000000000009
      vertex -33.964488230962196 -35.98020973409637 0
      vertex -33.766402724817134 -35.871311305561164 0.10000000000000009
    endloop
  endfacet
  facet normal 0.3681245526846642 -0.9297764858882569 0
    outer loop
      vertex -33.766402724817134 -35.871311305561164 0.10000000000000009
      vertex -33.766402724817134 -35.871311305561164 0
      vertex -33.55623058987491 -35.788098270668726 0.10000000000000009
    endloop
  endfacet
  facet normal 0.2486898871648706 -0.9685831611286272 0
    outer loop
      vertex -33.55623058987491 -35.788098270668726 0.10000000000000009
      vertex -33.55623058987491 -35.788098270668726 0
      vertex -33.337286366254304 -35.73188294868836 0.10000000000000009
    endloop
  endfacet
  facet normal 0.1253332335642983 -0.9921147013144787 0
    outer loop
      vertex -33.337286366254304 -35.73188294868836 0.10000000000000009
      vertex -33.337286366254304 -35.73188294868836 0
      vertex -33.11302293515276 -35.70355188882911 0.10000000000000009
    endloop
  endfacet
  facet normal 0 -1 0
    outer loop
      vertex -33.11302293515276 -35.70355188882911 0.10000000000000009
      vertex -33.11302293515276 -35.70355188882911 0
      vertex -32.88697706484724 -35.70355188882911 0.10000000000000009
    endloop
  endfacet
  facet normal -0.1253332335642983 0.9921147013144787 0
    outer loop
      vertex -32.88697706484724 -39.29644811117089 0.10000000000000009
      vertex -32.662713633745696 -39.26811705131164 0
      vertex -32.88697706484724 -39.29644811117089 0
    endloop
  endfacet
  facet normal -0.2486898871648706 0.9685831611286272 0
    outer loop
      vertex -32.662713633745696 -39.26811705131164 0.10000000000000009
      vertex -32.44376941012509 -39.211901729331274 0
      vertex -32.662713633745696 -39.26811705131164 0
    endloop
  endfacet
  facet normal -0.3681245526846642 0.9297764858882569 0
    outer loop
      vertex -32.44376941012509 -39.211901729331274 0.10000000000000009
      vertex -32.233597275182866 -39.128688694438836 0
      vertex -32.44376941012509 -39.211901729331274 0
    endloop
  endfacet
  facet normal -0.4817536741017077 0.8763066800438677 0
    outer loop
      vertex -32.233597275182866 -39.128688694438836 0.10000000000000009
      vertex -32.035511769037804 -39.01979026590363 0
      vertex -32.233597275182866 -39.128688694438836 0
    endloop
  endfacet
  facet normal -0.5877852522924749 0.8090169943749461 0
    outer loop
      vertex -32.035511769037804 -39.01979026590363 0.10000000000000009
      vertex -31.852636818452357 -38.886923836996424 0
      vertex -32.035511769037804 -39.01979026590363 0
    endloop
  endfacet
  facet normal -0.6845471059287035 0.7289686274213977 0
    outer loop
      vertex -31.852636818452357 -38.886923836996424 0.10000000000000009
      vertex -31.68785647064146 -38.73218479067164 0
      vertex -31.852636818452357 -38.886923836996424 0
    endloop
  endfacet
  facet normal -0.7705132427757823 0.6374239897486981 0
    outer loop
      vertex -31.68785647064146 -38.73218479067164 0.10000000000000009
      vertex -31.543769410125094 -38.55801345412645 0
      vertex -31.68785647064146 -38.73218479067164 0
    endloop
  endfacet
  facet normal -0.8443279255020157 0.5358267949789955 0
    outer loop
      vertex -31.543769410125094 -38.55801345412645 0.10000000000000009
      vertex -31.422647975921045 -38.36715661338309 0
      vertex -31.543769410125094 -38.55801345412645 0
    endloop
  endfacet
  facet normal -0.9048270524660232 0.4257792915650645 0
    outer loop
      vertex -31.422647975921045 -38.36715661338309 0.10000000000000009
      vertex -31.326402325401148 -38.16262419483242 0
      vertex -31.422647975921045 -38.36715661338309 0
    endloop
  endfacet
  facet normal -0.951056516295152 0.30901699437495245 0
    outer loop
      vertex -31.326402325401148 -38.16262419483242 0.10000000000000009
      vertex -31.256550309968464 -37.94764179689674 0
      vertex -31.326402325401148 -38.16262419483242 0
    endloop
  endfacet
  facet normal -0.9822872507286885 0.18738131458572582 0
    outer loop
      vertex -31.256550309968464 -37.94764179689674 0.10000000000000009
      vertex -31.21419353763394 -37.725599820415745 0
      vertex -31.256550309968464 -37.94764179689674 0
    endloop
  endfacet
  facet normal -0.9980267284282714 0.06279051952931326 0
    outer loop
      vertex -31.21419353763394 -37.725599820415745 0.10000000000000009
      vertex -31.2 -37.5 0
      vertex -31.21419353763394 -37.725599820415745 0
    endloop
  endfacet
  facet normal -0.9980267284282714 -0.06279051952931326 0
    outer loop
      vertex -31.2 -37.5 0.10000000000000009
      vertex -31.21419353763394 -37.274400179584255 0
      vertex -31.2 -37.5 0
    endloop
  endfacet
  facet normal -0.9048270524660232 -0.4257792915650645 0
    outer loop
      vertex -31.326402325401148 -36.83737580516758 0.10000000000000009
      vertex -31.422647975921045 -36.63284338661691 0
      vertex -31.326402325401148 -36.83737580516758 0
    endloop
  endfacet
  facet normal -0.8443279255020157 -0.5358267949789955 0
    outer loop
      vertex -31.422647975921045 -36.63284338661691 0.10000000000000009
      vertex -31.543769410125094 -36.44198654587355 0
      vertex -31.422647975921045 -36.63284338661691 0
    endloop
  endfacet
  facet normal -0.9822872507286885 -0.18738131458572582 0
    outer loop
      vertex -31.21419353763394 -37.274400179584255 0.10000000000000009
      vertex -31.256550309968464 -37.05235820310326 0
      vertex -31.21419353763394 -37.274400179584255 0
    endloop
  endfacet
  facet normal -0.951056516295152 -0.30901699437495245 0
    outer loop
      vertex -31.256550309968464 -37.05235820310326 0.10000000000000009
      vertex -31.326402325401148 -36.83737580516758 0
      vertex -31.256550309968464 -37.05235820310326 0
    endloop
  endfacet
  facet normal -0.1253332335642983 0.9921147013144787 0
    outer loop
      vertex -32.88697706484724 -39.29644811117089 0.10000000000000009
      vertex -32.662713633745696 -39.26811705131164 0.10000000000000009
      vertex -32.662713633745696 -39.26811705131164 0
    endloop
  endfacet
  facet normal -0.2486898871648706 0.9685831611286272 0
    outer loop
      vertex -32.662713633745696 -39.26811705131164 0.10000000000000009
      vertex -32.44376941012509 -39.211901729331274 0.10000000000000009
      vertex -32.44376941012509 -39.211901729331274 0
    endloop
  endfacet
  facet normal -0.3681245526846642 0.9297764858882569 0
    outer loop
      vertex -32.44376941012509 -39.211901729331274 0.10000000000000009
      vertex -32.233597275182866 -39.128688694438836 0.10000000000000009
      vertex -32.233597275182866 -39.128688694438836 0
    endloop
  endfacet
  facet normal -0.4817536741017077 0.8763066800438677 0
    outer loop
      vertex -32.233597275182866 -39.128688694438836 0.10000000000000009
      vertex -32.035511769037804 -39.01979026590363 0.10000000000000009
      vertex -32.035511769037804 -39.01979026590363 0
    endloop
  endfacet
  facet normal -0.5877852522924749 0.8090169943749461 0
    outer loop
      vertex -32.035511769037804 -39.01979026590363 0.10000000000000009
      vertex -31.852636818452357 -38.886923836996424 0.10000000000000009
      vertex -31.852636818452357 -38.886923836996424 0
    endloop
  endfacet
  facet normal -0.6845471059287035 0.7289686274213977 0
    outer loop
      vertex -31.852636818452357 -38.886923836996424 0.10000000000000009
      vertex -31.68785647064146 -38.73218479067164 0.10000000000000009
      vertex -31.68785647064146 -38.73218479067164 0
    endloop
  endfacet
  facet normal -0.7705132427757823 0.6374239897486981 0
    outer loop
      vertex -31.68785647064146 -38.73218479067164 0.10000000000000009
      vertex -31.543769410125094 -38.55801345412645 0.10000000000000009
      vertex -31.543769410125094 -38.55801345412645 0
    endloop
  endfacet
  facet normal -0.8443279255020157 0.5358267949789955 0
    outer loop
      vertex -31.543769410125094 -38.55801345412645 0.10000000000000009
      vertex -31.422647975921045 -38.36715661338309 0.10000000000000009
      vertex -31.422647975921045 -38.36715661338309 0
    endloop
  endfacet
  facet normal -0.9048270524660232 0.4257792915650645 0
    outer loop
      vertex -31.422647975921045 -38.36715661338309 0.10000000000000009
      vertex -31.326402325401148 -38.16262419483242 0.10000000000000009
      vertex -31.326402325401148 -38.16262419483242 0
    endloop
  endfacet
  facet normal -0.951056516295152 0.30901699437495245 0
    outer loop
      vertex -31.326402325401148 -38.16262419483242 0.10000000000000009
      vertex -31.256550309968464 -37.94764179689674 0.10000000000000009
      vertex -31.256550309968464 -37.94764179689674 0
    endloop
  endfacet
  facet normal -0.9822872507286885 0.18738131458572582 0
    outer loop
      vertex -31.256550309968464 -37.94764179689674 0.10000000000000009
      vertex -31.21419353763394 -37.725599820415745 0.10000000000000009
      vertex -31.21419353763394 -37.725599820415745 0
    endloop
  endfacet
  facet normal -0.9980267284282714 0.06279051952931326 0
    outer loop
      vertex -31.21419353763394 -37.725599820415745 0.10000000000000009
      vertex -31.2 -37.5 0.10000000000000009
      vertex -31.2 -37.5 0
    endloop
  endfacet
  facet normal -0.9980267284282714 -0.06279051952931326 0
    outer loop
      vertex -31.21419353763394 -37.274400179584255 0.10000000000000009
      vertex -31.21419353763394 -37.274400179584255 0
      vertex -31.2 -37.5 0.10000000000000009
    endloop
  endfacet
  facet normal -0.9048270524660232 -0.4257792915650645 0
    outer loop
      vertex -31.422647975921045 -36.63284338661691 0.10000000000000009
      vertex -31.422647975921045 -36.63284338661691 0
      vertex -31.326402325401148 -36.83737580516758 0.10000000000000009
    endloop
  endfacet
  facet normal -0.9822872507286885 -0.18738131458572582 0
    outer loop
      vertex -31.21419353763394 -37.274400179584255 0.10000000000000009
      vertex -31.256550309968464 -37.05235820310326 0.10000000000000009
      vertex -31.256550309968464 -37.05235820310326 0
    endloop
  endfacet
  facet normal -0.951056516295152 -0.30901699437495245 0
    outer loop
      vertex -31.256550309968464 -37.05235820310326 0.10000000000000009
      vertex -31.326402325401148 -36.83737580516758 0.10000000000000009
      vertex -31.326402325401148 -36.83737580516758 0
    endloop
  endfacet
  facet normal -0.1253332335642983 -0.9921147013144787 0
    outer loop
      vertex -32.662713633745696 -35.73188294868836 0.10000000000000009
      vertex -32.88697706484724 -35.70355188882911 0
      vertex -32.662713633745696 -35.73188294868836 0
    endloop
  endfacet
  facet normal -0.2486898871648706 -0.9685831611286272 0
    outer loop
      vertex -32.44376941012509 -35.788098270668726 0.10000000000000009
      vertex -32.662713633745696 -35.73188294868836 0
      vertex -32.44376941012509 -35.788098270668726 0
    endloop
  endfacet
  facet normal -0.3681245526846642 -0.9297764858882569 0
    outer loop
      vertex -32.233597275182866 -35.871311305561164 0.10000000000000009
      vertex -32.44376941012509 -35.788098270668726 0
      vertex -32.233597275182866 -35.871311305561164 0
    endloop
  endfacet
  facet normal -0.4817536741017077 -0.8763066800438677 0
    outer loop
      vertex -32.035511769037804 -35.98020973409637 0.10000000000000009
      vertex -32.233597275182866 -35.871311305561164 0
      vertex -32.035511769037804 -35.98020973409637 0
    endloop
  endfacet
  facet normal -0.6845471059287035 -0.7289686274213977 0
    outer loop
      vertex -31.68785647064146 -36.26781520932836 0.10000000000000009
      vertex -31.852636818452357 -36.113076163003576 0
      vertex -31.68785647064146 -36.26781520932836 0
    endloop
  endfacet
  facet normal -0.5877852522924749 -0.8090169943749461 0
    outer loop
      vertex -31.852636818452357 -36.113076163003576 0.10000000000000009
      vertex -32.035511769037804 -35.98020973409637 0
      vertex -31.852636818452357 -36.113076163003576 0
    endloop
  endfacet
  facet normal -0.7705132427757823 -0.6374239897486981 0
    outer loop
      vertex -31.543769410125094 -36.44198654587355 0.10000000000000009
      vertex -31.68785647064146 -36.26781520932836 0
      vertex -31.543769410125094 -36.44198654587355 0
    endloop
  endfacet
  facet normal -0.1253332335642983 -0.9921147013144787 0
    outer loop
      vertex -32.88697706484724 -35.70355188882911 0.10000000000000009
      vertex -32.88697706484724 -35.70355188882911 0
      vertex -32.662713633745696 -35.73188294868836 0.10000000000000009
    endloop
  endfacet
  facet normal -0.2486898871648706 -0.9685831611286272 0
    outer loop
      vertex -32.662713633745696 -35.73188294868836 0.10000000000000009
      vertex -32.662713633745696 -35.73188294868836 0
      vertex -32.44376941012509 -35.788098270668726 0.10000000000000009
    endloop
  endfacet
  facet normal -0.3681245526846642 -0.9297764858882569 0
    outer loop
      vertex -32.44376941012509 -35.788098270668726 0.10000000000000009
      vertex -32.44376941012509 -35.788098270668726 0
      vertex -32.233597275182866 -35.871311305561164 0.10000000000000009
    endloop
  endfacet
  facet normal -0.4817536741017077 -0.8763066800438677 0
    outer loop
      vertex -32.035511769037804 -35.98020973409637 0.10000000000000009
      vertex -32.233597275182866 -35.871311305561164 0.10000000000000009
      vertex -32.233597275182866 -35.871311305561164 0
    endloop
  endfacet
  facet normal -0.5877852522924749 -0.8090169943749461 0
    outer loop
      vertex -32.035511769037804 -35.98020973409637 0.10000000000000009
      vertex -32.035511769037804 -35.98020973409637 0
      vertex -31.852636818452357 -36.113076163003576 0.10000000000000009
    endloop
  endfacet
  facet normal -0.6845471059287035 -0.7289686274213977 0
    outer loop
      vertex -31.852636818452357 -36.113076163003576 0.10000000000000009
      vertex -31.852636818452357 -36.113076163003576 0
      vertex -31.68785647064146 -36.26781520932836 0.10000000000000009
    endloop
  endfacet
  facet normal -0.8443279255020157 -0.5358267949789955 0
    outer loop
      vertex -31.422647975921045 -36.63284338661691 0.10000000000000009
      vertex -31.543769410125094 -36.44198654587355 0.10000000000000009
      vertex -31.543769410125094 -36.44198654587355 0
    endloop
  endfacet
  facet normal -0.7705132427757823 -0.6374239897486981 0
    outer loop
      vertex -31.68785647064146 -36.26781520932836 0.10000000000000009
      vertex -31.68785647064146 -36.26781520932836 0
      vertex -31.543769410125094 -36.44198654587355 0.10000000000000009
    endloop
  endfacet
  facet normal 0.951056516295152 0.30901699437495245 0
    outer loop
      vertex 31.256550309968464 -37.94764179689674 0.10000000000000009
      vertex 31.326402325401148 -38.16262419483242 0
      vertex 31.256550309968464 -37.94764179689674 0
    endloop
  endfacet
  facet normal 0.8443279255020157 0.5358267949789955 0
    outer loop
      vertex 31.422647975921045 -38.36715661338309 0.10000000000000009
      vertex 31.543769410125094 -38.55801345412645 0
      vertex 31.422647975921045 -38.36715661338309 0
    endloop
  endfacet
  facet normal 0.7705132427757823 0.6374239897486981 0
    outer loop
      vertex 31.543769410125094 -38.55801345412645 0.10000000000000009
      vertex 31.68785647064146 -38.73218479067164 0
      vertex 31.543769410125094 -38.55801345412645 0
    endloop
  endfacet
  facet normal 0.9048270524660232 0.4257792915650645 0
    outer loop
      vertex 31.326402325401148 -38.16262419483242 0.10000000000000009
      vertex 31.422647975921045 -38.36715661338309 0
      vertex 31.326402325401148 -38.16262419483242 0
    endloop
  endfacet
  facet normal 0.9822872507286885 0.18738131458572582 0
    outer loop
      vertex 31.21419353763394 -37.725599820415745 0.10000000000000009
      vertex 31.256550309968464 -37.94764179689674 0
      vertex 31.21419353763394 -37.725599820415745 0
    endloop
  endfacet
  facet normal 0.9980267284282714 0.06279051952931326 0
    outer loop
      vertex 31.2 -37.5 0.10000000000000009
      vertex 31.21419353763394 -37.725599820415745 0
      vertex 31.2 -37.5 0
    endloop
  endfacet
  facet normal 0.9980267284282714 -0.06279051952931326 0
    outer loop
      vertex 31.21419353763394 -37.274400179584255 0.10000000000000009
      vertex 31.2 -37.5 0
      vertex 31.21419353763394 -37.274400179584255 0
    endloop
  endfacet
  facet normal 0.9822872507286885 -0.18738131458572582 0
    outer loop
      vertex 31.256550309968464 -37.05235820310326 0.10000000000000009
      vertex 31.21419353763394 -37.274400179584255 0
      vertex 31.256550309968464 -37.05235820310326 0
    endloop
  endfacet
  facet normal 0.951056516295152 -0.30901699437495245 0
    outer loop
      vertex 31.326402325401148 -36.83737580516758 0.10000000000000009
      vertex 31.256550309968464 -37.05235820310326 0
      vertex 31.326402325401148 -36.83737580516758 0
    endloop
  endfacet
  facet normal 0.9048270524660232 -0.4257792915650645 0
    outer loop
      vertex 31.422647975921045 -36.63284338661691 0.10000000000000009
      vertex 31.326402325401148 -36.83737580516758 0
      vertex 31.422647975921045 -36.63284338661691 0
    endloop
  endfacet
  facet normal 0.6845471059286956 0.728968627421405 0
    outer loop
      vertex 31.68785647064146 -38.73218479067164 0.10000000000000009
      vertex 31.85263681845236 -38.886923836996424 0
      vertex 31.68785647064146 -38.73218479067164 0
    endloop
  endfacet
  facet normal 0.5877852522924824 0.8090169943749408 0
    outer loop
      vertex 31.85263681845236 -38.886923836996424 0.10000000000000009
      vertex 32.035511769037804 -39.01979026590363 0
      vertex 31.85263681845236 -38.886923836996424 0
    endloop
  endfacet
  facet normal 0.4817536741017077 0.8763066800438677 0
    outer loop
      vertex 32.035511769037804 -39.01979026590363 0.10000000000000009
      vertex 32.233597275182866 -39.128688694438836 0
      vertex 32.035511769037804 -39.01979026590363 0
    endloop
  endfacet
  facet normal 0.3681245526846642 0.9297764858882569 0
    outer loop
      vertex 32.233597275182866 -39.128688694438836 0.10000000000000009
      vertex 32.44376941012509 -39.211901729331274 0
      vertex 32.233597275182866 -39.128688694438836 0
    endloop
  endfacet
  facet normal 0.2486898871648706 0.9685831611286272 0
    outer loop
      vertex 32.44376941012509 -39.211901729331274 0.10000000000000009
      vertex 32.662713633745696 -39.26811705131164 0
      vertex 32.44376941012509 -39.211901729331274 0
    endloop
  endfacet
  facet normal 0.1253332335642983 0.9921147013144787 0
    outer loop
      vertex 32.662713633745696 -39.26811705131164 0.10000000000000009
      vertex 32.88697706484724 -39.29644811117089 0
      vertex 32.662713633745696 -39.26811705131164 0
    endloop
  endfacet
  facet normal 0.7705132427757823 0.6374239897486981 0
    outer loop
      vertex 31.543769410125094 -38.55801345412645 0.10000000000000009
      vertex 31.68785647064146 -38.73218479067164 0.10000000000000009
      vertex 31.68785647064146 -38.73218479067164 0
    endloop
  endfacet
  facet normal 0.951056516295152 0.30901699437495245 0
    outer loop
      vertex 31.326402325401148 -38.16262419483242 0.10000000000000009
      vertex 31.326402325401148 -38.16262419483242 0
      vertex 31.256550309968464 -37.94764179689674 0.10000000000000009
    endloop
  endfacet
  facet normal 0.8443279255020157 0.5358267949789955 0
    outer loop
      vertex 31.543769410125094 -38.55801345412645 0.10000000000000009
      vertex 31.543769410125094 -38.55801345412645 0
      vertex 31.422647975921045 -38.36715661338309 0.10000000000000009
    endloop
  endfacet
  facet normal 0.9048270524660232 0.4257792915650645 0
    outer loop
      vertex 31.326402325401148 -38.16262419483242 0.10000000000000009
      vertex 31.422647975921045 -38.36715661338309 0.10000000000000009
      vertex 31.422647975921045 -38.36715661338309 0
    endloop
  endfacet
  facet normal 0.9822872507286885 0.18738131458572582 0
    outer loop
      vertex 31.256550309968464 -37.94764179689674 0.10000000000000009
      vertex 31.256550309968464 -37.94764179689674 0
      vertex 31.21419353763394 -37.725599820415745 0.10000000000000009
    endloop
  endfacet
  facet normal 0.9980267284282714 0.06279051952931326 0
    outer loop
      vertex 31.21419353763394 -37.725599820415745 0.10000000000000009
      vertex 31.21419353763394 -37.725599820415745 0
      vertex 31.2 -37.5 0.10000000000000009
    endloop
  endfacet
  facet normal 0.9980267284282714 -0.06279051952931326 0
    outer loop
      vertex 31.2 -37.5 0.10000000000000009
      vertex 31.2 -37.5 0
      vertex 31.21419353763394 -37.274400179584255 0.10000000000000009
    endloop
  endfacet
  facet normal 0.9822872507286885 -0.18738131458572582 0
    outer loop
      vertex 31.21419353763394 -37.274400179584255 0.10000000000000009
      vertex 31.21419353763394 -37.274400179584255 0
      vertex 31.256550309968464 -37.05235820310326 0.10000000000000009
    endloop
  endfacet
  facet normal 0.951056516295152 -0.30901699437495245 0
    outer loop
      vertex 31.256550309968464 -37.05235820310326 0.10000000000000009
      vertex 31.256550309968464 -37.05235820310326 0
      vertex 31.326402325401148 -36.83737580516758 0.10000000000000009
    endloop
  endfacet
  facet normal 0.9048270524660232 -0.4257792915650645 0
    outer loop
      vertex 31.326402325401148 -36.83737580516758 0.10000000000000009
      vertex 31.326402325401148 -36.83737580516758 0
      vertex 31.422647975921045 -36.63284338661691 0.10000000000000009
    endloop
  endfacet
  facet normal 0.8443279255020157 -0.5358267949789955 0
    outer loop
      vertex 31.422647975921045 -36.63284338661691 0.10000000000000009
      vertex 31.422647975921045 -36.63284338661691 0
      vertex 31.543769410125094 -36.44198654587355 0.10000000000000009
    endloop
  endfacet
  facet normal 0.6845471059286956 0.728968627421405 0
    outer loop
      vertex 31.85263681845236 -38.886923836996424 0.10000000000000009
      vertex 31.85263681845236 -38.886923836996424 0
      vertex 31.68785647064146 -38.73218479067164 0.10000000000000009
    endloop
  endfacet
  facet normal 0.4817536741017077 0.8763066800438677 0
    outer loop
      vertex 32.035511769037804 -39.01979026590363 0.10000000000000009
      vertex 32.233597275182866 -39.128688694438836 0.10000000000000009
      vertex 32.233597275182866 -39.128688694438836 0
    endloop
  endfacet
  facet normal 0.5877852522924824 0.8090169943749408 0
    outer loop
      vertex 31.85263681845236 -38.886923836996424 0.10000000000000009
      vertex 32.035511769037804 -39.01979026590363 0.10000000000000009
      vertex 32.035511769037804 -39.01979026590363 0
    endloop
  endfacet
  facet normal 0.3681245526846642 0.9297764858882569 0
    outer loop
      vertex 32.44376941012509 -39.211901729331274 0.10000000000000009
      vertex 32.44376941012509 -39.211901729331274 0
      vertex 32.233597275182866 -39.128688694438836 0.10000000000000009
    endloop
  endfacet
  facet normal 0.2486898871648706 0.9685831611286272 0
    outer loop
      vertex 32.44376941012509 -39.211901729331274 0.10000000000000009
      vertex 32.662713633745696 -39.26811705131164 0.10000000000000009
      vertex 32.662713633745696 -39.26811705131164 0
    endloop
  endfacet
  facet normal 0.1253332335642983 0.9921147013144787 0
    outer loop
      vertex 32.662713633745696 -39.26811705131164 0.10000000000000009
      vertex 32.88697706484724 -39.29644811117089 0.10000000000000009
      vertex 32.88697706484724 -39.29644811117089 0
    endloop
  endfacet
  facet normal 0.8443279255020157 -0.5358267949789955 0
    outer loop
      vertex 31.543769410125094 -36.44198654587355 0.10000000000000009
      vertex 31.422647975921045 -36.63284338661691 0
      vertex 31.543769410125094 -36.44198654587355 0
    endloop
  endfacet
  facet normal 0.7705132427757823 -0.6374239897486981 0
    outer loop
      vertex 31.68785647064146 -36.26781520932836 0.10000000000000009
      vertex 31.543769410125094 -36.44198654587355 0
      vertex 31.68785647064146 -36.26781520932836 0
    endloop
  endfacet
  facet normal 0.6845471059286956 -0.728968627421405 0
    outer loop
      vertex 31.85263681845236 -36.113076163003576 0.10000000000000009
      vertex 31.68785647064146 -36.26781520932836 0
      vertex 31.85263681845236 -36.113076163003576 0
    endloop
  endfacet
  facet normal 0.5877852522924824 -0.8090169943749408 0
    outer loop
      vertex 32.035511769037804 -35.98020973409637 0.10000000000000009
      vertex 31.85263681845236 -36.113076163003576 0
      vertex 32.035511769037804 -35.98020973409637 0
    endloop
  endfacet
  facet normal 0.4817536741017077 -0.8763066800438677 0
    outer loop
      vertex 32.233597275182866 -35.871311305561164 0.10000000000000009
      vertex 32.035511769037804 -35.98020973409637 0
      vertex 32.233597275182866 -35.871311305561164 0
    endloop
  endfacet
  facet normal 0.3681245526846642 -0.9297764858882569 0
    outer loop
      vertex 32.44376941012509 -35.788098270668726 0.10000000000000009
      vertex 32.233597275182866 -35.871311305561164 0
      vertex 32.44376941012509 -35.788098270668726 0
    endloop
  endfacet
  facet normal 0.2486898871648706 -0.9685831611286272 0
    outer loop
      vertex 32.662713633745696 -35.73188294868836 0.10000000000000009
      vertex 32.44376941012509 -35.788098270668726 0
      vertex 32.662713633745696 -35.73188294868836 0
    endloop
  endfacet
  facet normal 0.1253332335642983 -0.9921147013144787 0
    outer loop
      vertex 32.88697706484724 -35.70355188882911 0.10000000000000009
      vertex 32.662713633745696 -35.73188294868836 0
      vertex 32.88697706484724 -35.70355188882911 0
    endloop
  endfacet
  facet normal 0.7705132427757823 -0.6374239897486981 0
    outer loop
      vertex 31.543769410125094 -36.44198654587355 0.10000000000000009
      vertex 31.543769410125094 -36.44198654587355 0
      vertex 31.68785647064146 -36.26781520932836 0.10000000000000009
    endloop
  endfacet
  facet normal 0.6845471059286956 -0.728968627421405 0
    outer loop
      vertex 31.68785647064146 -36.26781520932836 0.10000000000000009
      vertex 31.68785647064146 -36.26781520932836 0
      vertex 31.85263681845236 -36.113076163003576 0.10000000000000009
    endloop
  endfacet
  facet normal 0.5877852522924824 -0.8090169943749408 0
    outer loop
      vertex 31.85263681845236 -36.113076163003576 0.10000000000000009
      vertex 31.85263681845236 -36.113076163003576 0
      vertex 32.035511769037804 -35.98020973409637 0.10000000000000009
    endloop
  endfacet
  facet normal 0.4817536741017077 -0.8763066800438677 0
    outer loop
      vertex 32.035511769037804 -35.98020973409637 0.10000000000000009
      vertex 32.035511769037804 -35.98020973409637 0
      vertex 32.233597275182866 -35.871311305561164 0.10000000000000009
    endloop
  endfacet
  facet normal 0.3681245526846642 -0.9297764858882569 0
    outer loop
      vertex 32.233597275182866 -35.871311305561164 0.10000000000000009
      vertex 32.233597275182866 -35.871311305561164 0
      vertex 32.44376941012509 -35.788098270668726 0.10000000000000009
    endloop
  endfacet
  facet normal 0.2486898871648706 -0.9685831611286272 0
    outer loop
      vertex 32.44376941012509 -35.788098270668726 0.10000000000000009
      vertex 32.44376941012509 -35.788098270668726 0
      vertex 32.662713633745696 -35.73188294868836 0.10000000000000009
    endloop
  endfacet
  facet normal 0.1253332335642983 -0.9921147013144787 0
    outer loop
      vertex 32.662713633745696 -35.73188294868836 0.10000000000000009
      vertex 32.662713633745696 -35.73188294868836 0
      vertex 32.88697706484724 -35.70355188882911 0.10000000000000009
    endloop
  endfacet
  facet normal 0 1 0
    outer loop
      vertex 32.88697706484724 -39.29644811117089 0.10000000000000009
      vertex 33.11302293515276 -39.29644811117089 0
      vertex 32.88697706484724 -39.29644811117089 0
    endloop
  endfacet
  facet normal -0.1253332335642983 0.9921147013144787 0
    outer loop
      vertex 33.11302293515276 -39.29644811117089 0.10000000000000009
      vertex 33.337286366254304 -39.26811705131164 0
      vertex 33.11302293515276 -39.29644811117089 0
    endloop
  endfacet
  facet normal -0.2486898871648706 0.9685831611286272 0
    outer loop
      vertex 33.337286366254304 -39.26811705131164 0.10000000000000009
      vertex 33.55623058987491 -39.211901729331274 0
      vertex 33.337286366254304 -39.26811705131164 0
    endloop
  endfacet
  facet normal -0.3681245526846642 0.9297764858882569 0
    outer loop
      vertex 33.55623058987491 -39.211901729331274 0.10000000000000009
      vertex 33.766402724817134 -39.128688694438836 0
      vertex 33.55623058987491 -39.211901729331274 0
    endloop
  endfacet
  facet normal -0.4817536741017077 0.8763066800438677 0
    outer loop
      vertex 33.766402724817134 -39.128688694438836 0.10000000000000009
      vertex 33.964488230962196 -39.01979026590363 0
      vertex 33.766402724817134 -39.128688694438836 0
    endloop
  endfacet
  facet normal -0.5877852522924824 0.8090169943749408 0
    outer loop
      vertex 33.964488230962196 -39.01979026590363 0.10000000000000009
      vertex 34.14736318154764 -38.886923836996424 0
      vertex 33.964488230962196 -39.01979026590363 0
    endloop
  endfacet
  facet normal -0.6845471059286878 0.7289686274214123 0
    outer loop
      vertex 34.14736318154764 -38.886923836996424 0.10000000000000009
      vertex 34.31214352935854 -38.73218479067164 0
      vertex 34.14736318154764 -38.886923836996424 0
    endloop
  endfacet
  facet normal -0.7705132427757901 0.6374239897486887 0
    outer loop
      vertex 34.31214352935854 -38.73218479067164 0.10000000000000009
      vertex 34.456230589874906 -38.55801345412645 0
      vertex 34.31214352935854 -38.73218479067164 0
    endloop
  endfacet
  facet normal -0.8443279255020157 0.5358267949789955 0
    outer loop
      vertex 34.456230589874906 -38.55801345412645 0.10000000000000009
      vertex 34.577352024078955 -38.36715661338309 0
      vertex 34.456230589874906 -38.55801345412645 0
    endloop
  endfacet
  facet normal -0.9048270524660232 0.4257792915650645 0
    outer loop
      vertex 34.577352024078955 -38.36715661338309 0.10000000000000009
      vertex 34.67359767459885 -38.16262419483242 0
      vertex 34.577352024078955 -38.36715661338309 0
    endloop
  endfacet
  facet normal -0.9510565162951473 0.30901699437496666 0
    outer loop
      vertex 34.67359767459885 -38.16262419483242 0.10000000000000009
      vertex 34.74344969003154 -37.94764179689674 0
      vertex 34.67359767459885 -38.16262419483242 0
    endloop
  endfacet
  facet normal -0.9822872507286914 0.18738131458571064 0
    outer loop
      vertex 34.74344969003154 -37.94764179689674 0.10000000000000009
      vertex 34.78580646236606 -37.725599820415745 0
      vertex 34.74344969003154 -37.94764179689674 0
    endloop
  endfacet
  facet normal -0.9980267284282726 0.06279051952929761 0
    outer loop
      vertex 34.78580646236606 -37.725599820415745 0.10000000000000009
      vertex 34.8 -37.5 0
      vertex 34.78580646236606 -37.725599820415745 0
    endloop
  endfacet
  facet normal -0.9980267284282726 -0.06279051952929761 0
    outer loop
      vertex 34.8 -37.5 0.10000000000000009
      vertex 34.78580646236606 -37.274400179584255 0
      vertex 34.8 -37.5 0
    endloop
  endfacet
  facet normal -0.9822872507286914 -0.18738131458571064 0
    outer loop
      vertex 34.78580646236606 -37.274400179584255 0.10000000000000009
      vertex 34.74344969003154 -37.05235820310326 0
      vertex 34.78580646236606 -37.274400179584255 0
    endloop
  endfacet
  facet normal -0.9510565162951473 -0.30901699437496666 0
    outer loop
      vertex 34.74344969003154 -37.05235820310326 0.10000000000000009
      vertex 34.67359767459885 -36.83737580516758 0
      vertex 34.74344969003154 -37.05235820310326 0
    endloop
  endfacet
  facet normal -0.9048270524660232 -0.4257792915650645 0
    outer loop
      vertex 34.67359767459885 -36.83737580516758 0.10000000000000009
      vertex 34.577352024078955 -36.63284338661691 0
      vertex 34.67359767459885 -36.83737580516758 0
    endloop
  endfacet
  facet normal -0.8443279255020157 -0.5358267949789955 0
    outer loop
      vertex 34.577352024078955 -36.63284338661691 0.10000000000000009
      vertex 34.456230589874906 -36.44198654587355 0
      vertex 34.577352024078955 -36.63284338661691 0
    endloop
  endfacet
  facet normal 0 1 0
    outer loop
      vertex 32.88697706484724 -39.29644811117089 0.10000000000000009
      vertex 33.11302293515276 -39.29644811117089 0.10000000000000009
      vertex 33.11302293515276 -39.29644811117089 0
    endloop
  endfacet
  facet normal -0.1253332335642983 0.9921147013144787 0
    outer loop
      vertex 33.11302293515276 -39.29644811117089 0.10000000000000009
      vertex 33.337286366254304 -39.26811705131164 0.10000000000000009
      vertex 33.337286366254304 -39.26811705131164 0
    endloop
  endfacet
  facet normal -0.2486898871648706 0.9685831611286272 0
    outer loop
      vertex 33.337286366254304 -39.26811705131164 0.10000000000000009
      vertex 33.55623058987491 -39.211901729331274 0.10000000000000009
      vertex 33.55623058987491 -39.211901729331274 0
    endloop
  endfacet
  facet normal -0.3681245526846642 0.9297764858882569 0
    outer loop
      vertex 33.55623058987491 -39.211901729331274 0.10000000000000009
      vertex 33.766402724817134 -39.128688694438836 0.10000000000000009
      vertex 33.766402724817134 -39.128688694438836 0
    endloop
  endfacet
  facet normal -0.4817536741017077 0.8763066800438677 0
    outer loop
      vertex 33.766402724817134 -39.128688694438836 0.10000000000000009
      vertex 33.964488230962196 -39.01979026590363 0.10000000000000009
      vertex 33.964488230962196 -39.01979026590363 0
    endloop
  endfacet
  facet normal -0.5877852522924824 0.8090169943749408 0
    outer loop
      vertex 33.964488230962196 -39.01979026590363 0.10000000000000009
      vertex 34.14736318154764 -38.886923836996424 0.10000000000000009
      vertex 34.14736318154764 -38.886923836996424 0
    endloop
  endfacet
  facet normal -0.6845471059286878 0.7289686274214123 0
    outer loop
      vertex 34.14736318154764 -38.886923836996424 0.10000000000000009
      vertex 34.31214352935854 -38.73218479067164 0.10000000000000009
      vertex 34.31214352935854 -38.73218479067164 0
    endloop
  endfacet
  facet normal -0.7705132427757901 0.6374239897486887 0
    outer loop
      vertex 34.31214352935854 -38.73218479067164 0.10000000000000009
      vertex 34.456230589874906 -38.55801345412645 0.10000000000000009
      vertex 34.456230589874906 -38.55801345412645 0
    endloop
  endfacet
  facet normal -0.8443279255020157 0.5358267949789955 0
    outer loop
      vertex 34.456230589874906 -38.55801345412645 0.10000000000000009
      vertex 34.577352024078955 -38.36715661338309 0.10000000000000009
      vertex 34.577352024078955 -38.36715661338309 0
    endloop
  endfacet
  facet normal -0.9048270524660232 0.4257792915650645 0
    outer loop
      vertex 34.577352024078955 -38.36715661338309 0.10000000000000009
      vertex 34.67359767459885 -38.16262419483242 0.10000000000000009
      vertex 34.67359767459885 -38.16262419483242 0
    endloop
  endfacet
  facet normal -0.9510565162951473 0.30901699437496666 0
    outer loop
      vertex 34.67359767459885 -38.16262419483242 0.10000000000000009
      vertex 34.74344969003154 -37.94764179689674 0.10000000000000009
      vertex 34.74344969003154 -37.94764179689674 0
    endloop
  endfacet
  facet normal -0.9822872507286914 0.18738131458571064 0
    outer loop
      vertex 34.74344969003154 -37.94764179689674 0.10000000000000009
      vertex 34.78580646236606 -37.725599820415745 0.10000000000000009
      vertex 34.78580646236606 -37.725599820415745 0
    endloop
  endfacet
  facet normal -0.9980267284282726 0.06279051952929761 0
    outer loop
      vertex 34.78580646236606 -37.725599820415745 0.10000000000000009
      vertex 34.8 -37.5 0.10000000000000009
      vertex 34.8 -37.5 0
    endloop
  endfacet
  facet normal -0.9980267284282726 -0.06279051952929761 0
    outer loop
      vertex 34.8 -37.5 0.10000000000000009
      vertex 34.78580646236606 -37.274400179584255 0.10000000000000009
      vertex 34.78580646236606 -37.274400179584255 0
    endloop
  endfacet
  facet normal -0.9822872507286914 -0.18738131458571064 0
    outer loop
      vertex 34.78580646236606 -37.274400179584255 0.10000000000000009
      vertex 34.74344969003154 -37.05235820310326 0.10000000000000009
      vertex 34.74344969003154 -37.05235820310326 0
    endloop
  endfacet
  facet normal -0.9048270524660232 -0.4257792915650645 0
    outer loop
      vertex 34.67359767459885 -36.83737580516758 0.10000000000000009
      vertex 34.577352024078955 -36.63284338661691 0.10000000000000009
      vertex 34.577352024078955 -36.63284338661691 0
    endloop
  endfacet
  facet normal -0.9510565162951473 -0.30901699437496666 0
    outer loop
      vertex 34.67359767459885 -36.83737580516758 0.10000000000000009
      vertex 34.67359767459885 -36.83737580516758 0
      vertex 34.74344969003154 -37.05235820310326 0.10000000000000009
    endloop
  endfacet
  facet normal 0 -1 0
    outer loop
      vertex 33.11302293515276 -35.70355188882911 0.10000000000000009
      vertex 32.88697706484724 -35.70355188882911 0
      vertex 33.11302293515276 -35.70355188882911 0
    endloop
  endfacet
  facet normal -0.1253332335642983 -0.9921147013144787 0
    outer loop
      vertex 33.337286366254304 -35.73188294868836 0.10000000000000009
      vertex 33.11302293515276 -35.70355188882911 0
      vertex 33.337286366254304 -35.73188294868836 0
    endloop
  endfacet
  facet normal -0.2486898871648706 -0.9685831611286272 0
    outer loop
      vertex 33.55623058987491 -35.788098270668726 0.10000000000000009
      vertex 33.337286366254304 -35.73188294868836 0
      vertex 33.55623058987491 -35.788098270668726 0
    endloop
  endfacet
  facet normal -0.4817536741017077 -0.8763066800438677 0
    outer loop
      vertex 33.964488230962196 -35.98020973409637 0.10000000000000009
      vertex 33.766402724817134 -35.871311305561164 0
      vertex 33.964488230962196 -35.98020973409637 0
    endloop
  endfacet
  facet normal -0.5877852522924824 -0.8090169943749408 0
    outer loop
      vertex 34.14736318154764 -36.113076163003576 0.10000000000000009
      vertex 33.964488230962196 -35.98020973409637 0
      vertex 34.14736318154764 -36.113076163003576 0
    endloop
  endfacet
  facet normal -0.3681245526846642 -0.9297764858882569 0
    outer loop
      vertex 33.766402724817134 -35.871311305561164 0.10000000000000009
      vertex 33.55623058987491 -35.788098270668726 0
      vertex 33.766402724817134 -35.871311305561164 0
    endloop
  endfacet
  facet normal -0.6845471059286878 -0.7289686274214123 0
    outer loop
      vertex 34.31214352935854 -36.26781520932836 0.10000000000000009
      vertex 34.14736318154764 -36.113076163003576 0
      vertex 34.31214352935854 -36.26781520932836 0
    endloop
  endfacet
  facet normal -0.7705132427757901 -0.6374239897486887 0
    outer loop
      vertex 34.456230589874906 -36.44198654587355 0.10000000000000009
      vertex 34.31214352935854 -36.26781520932836 0
      vertex 34.456230589874906 -36.44198654587355 0
    endloop
  endfacet
  facet normal 0 -1 0
    outer loop
      vertex 32.88697706484724 -35.70355188882911 0.10000000000000009
      vertex 32.88697706484724 -35.70355188882911 0
      vertex 33.11302293515276 -35.70355188882911 0.10000000000000009
    endloop
  endfacet
  facet normal -0.1253332335642983 -0.9921147013144787 0
    outer loop
      vertex 33.11302293515276 -35.70355188882911 0.10000000000000009
      vertex 33.11302293515276 -35.70355188882911 0
      vertex 33.337286366254304 -35.73188294868836 0.10000000000000009
    endloop
  endfacet
  facet normal -0.2486898871648706 -0.9685831611286272 0
    outer loop
      vertex 33.337286366254304 -35.73188294868836 0.10000000000000009
      vertex 33.337286366254304 -35.73188294868836 0
      vertex 33.55623058987491 -35.788098270668726 0.10000000000000009
    endloop
  endfacet
  facet normal -0.4817536741017077 -0.8763066800438677 0
    outer loop
      vertex 33.766402724817134 -35.871311305561164 0.10000000000000009
      vertex 33.766402724817134 -35.871311305561164 0
      vertex 33.964488230962196 -35.98020973409637 0.10000000000000009
    endloop
  endfacet
  facet normal -0.5877852522924824 -0.8090169943749408 0
    outer loop
      vertex 33.964488230962196 -35.98020973409637 0.10000000000000009
      vertex 33.964488230962196 -35.98020973409637 0
      vertex 34.14736318154764 -36.113076163003576 0.10000000000000009
    endloop
  endfacet
  facet normal -0.3681245526846642 -0.9297764858882569 0
    outer loop
      vertex 33.55623058987491 -35.788098270668726 0.10000000000000009
      vertex 33.55623058987491 -35.788098270668726 0
      vertex 33.766402724817134 -35.871311305561164 0.10000000000000009
    endloop
  endfacet
  facet normal -0.7705132427757901 -0.6374239897486887 0
    outer loop
      vertex 34.31214352935854 -36.26781520932836 0.10000000000000009
      vertex 34.31214352935854 -36.26781520932836 0
      vertex 34.456230589874906 -36.44198654587355 0.10000000000000009
    endloop
  endfacet
  facet normal -0.6845471059286878 -0.7289686274214123 0
    outer loop
      vertex 34.14736318154764 -36.113076163003576 0.10000000000000009
      vertex 34.14736318154764 -36.113076163003576 0
      vertex 34.31214352935854 -36.26781520932836 0.10000000000000009
    endloop
  endfacet
  facet normal -0.8443279255020157 -0.5358267949789955 0
    outer loop
      vertex 34.577352024078955 -36.63284338661691 0.10000000000000009
      vertex 34.456230589874906 -36.44198654587355 0.10000000000000009
      vertex 34.456230589874906 -36.44198654587355 0
    endloop
  endfacet
  facet normal 0.7705132427757823 0.6374239897486981 0
    outer loop
      vertex 31.543769410125094 36.44198654587355 0.10000000000000009
      vertex 31.68785647064146 36.26781520932836 0
      vertex 31.543769410125094 36.44198654587355 0
    endloop
  endfacet
  facet normal 0.5877852522924824 0.8090169943749408 0
    outer loop
      vertex 31.85263681845236 36.113076163003576 0.10000000000000009
      vertex 32.035511769037804 35.98020973409637 0
      vertex 31.85263681845236 36.113076163003576 0
    endloop
  endfacet
  facet normal 0.6845471059286956 0.728968627421405 0
    outer loop
      vertex 31.68785647064146 36.26781520932836 0.10000000000000009
      vertex 31.85263681845236 36.113076163003576 0
      vertex 31.68785647064146 36.26781520932836 0
    endloop
  endfacet
  facet normal 0.4817536741017077 0.8763066800438677 0
    outer loop
      vertex 32.035511769037804 35.98020973409637 0.10000000000000009
      vertex 32.233597275182866 35.871311305561164 0
      vertex 32.035511769037804 35.98020973409637 0
    endloop
  endfacet
  facet normal 0.3681245526846642 0.9297764858882569 0
    outer loop
      vertex 32.233597275182866 35.871311305561164 0.10000000000000009
      vertex 32.44376941012509 35.788098270668726 0
      vertex 32.233597275182866 35.871311305561164 0
    endloop
  endfacet
  facet normal 0.2486898871648706 0.9685831611286272 0
    outer loop
      vertex 32.44376941012509 35.788098270668726 0.10000000000000009
      vertex 32.662713633745696 35.73188294868836 0
      vertex 32.44376941012509 35.788098270668726 0
    endloop
  endfacet
  facet normal 0.1253332335642983 0.9921147013144787 0
    outer loop
      vertex 32.662713633745696 35.73188294868836 0.10000000000000009
      vertex 32.88697706484724 35.70355188882911 0
      vertex 32.662713633745696 35.73188294868836 0
    endloop
  endfacet
  facet normal 0.7705132427757823 0.6374239897486981 0
    outer loop
      vertex 31.543769410125094 36.44198654587355 0.10000000000000009
      vertex 31.68785647064146 36.26781520932836 0.10000000000000009
      vertex 31.68785647064146 36.26781520932836 0
    endloop
  endfacet
  facet normal 0.8443279255020157 0.5358267949789955 0
    outer loop
      vertex 31.543769410125094 36.44198654587355 0.10000000000000009
      vertex 31.543769410125094 36.44198654587355 0
      vertex 31.422647975921045 36.63284338661691 0.10000000000000009
    endloop
  endfacet
  facet normal 0.6845471059286956 0.728968627421405 0
    outer loop
      vertex 31.68785647064146 36.26781520932836 0.10000000000000009
      vertex 31.85263681845236 36.113076163003576 0.10000000000000009
      vertex 31.85263681845236 36.113076163003576 0
    endloop
  endfacet
  facet normal 0.5877852522924824 0.8090169943749408 0
    outer loop
      vertex 31.85263681845236 36.113076163003576 0.10000000000000009
      vertex 32.035511769037804 35.98020973409637 0.10000000000000009
      vertex 32.035511769037804 35.98020973409637 0
    endloop
  endfacet
  facet normal 0.4817536741017077 0.8763066800438677 0
    outer loop
      vertex 32.233597275182866 35.871311305561164 0.10000000000000009
      vertex 32.233597275182866 35.871311305561164 0
      vertex 32.035511769037804 35.98020973409637 0.10000000000000009
    endloop
  endfacet
  facet normal 0.3681245526846642 0.9297764858882569 0
    outer loop
      vertex 32.233597275182866 35.871311305561164 0.10000000000000009
      vertex 32.44376941012509 35.788098270668726 0.10000000000000009
      vertex 32.44376941012509 35.788098270668726 0
    endloop
  endfacet
  facet normal 0.2486898871648706 0.9685831611286272 0
    outer loop
      vertex 32.44376941012509 35.788098270668726 0.10000000000000009
      vertex 32.662713633745696 35.73188294868836 0.10000000000000009
      vertex 32.662713633745696 35.73188294868836 0
    endloop
  endfacet
  facet normal 0.1253332335642983 0.9921147013144787 0
    outer loop
      vertex 32.662713633745696 35.73188294868836 0.10000000000000009
      vertex 32.88697706484724 35.70355188882911 0.10000000000000009
      vertex 32.88697706484724 35.70355188882911 0
    endloop
  endfacet
  facet normal 0.951056516295152 0.30901699437495245 0
    outer loop
      vertex 31.256550309968464 37.05235820310326 0.10000000000000009
      vertex 31.326402325401148 36.83737580516758 0
      vertex 31.256550309968464 37.05235820310326 0
    endloop
  endfacet
  facet normal 0.9822872507286885 0.18738131458572582 0
    outer loop
      vertex 31.21419353763394 37.274400179584255 0.10000000000000009
      vertex 31.256550309968464 37.05235820310326 0
      vertex 31.21419353763394 37.274400179584255 0
    endloop
  endfacet
  facet normal 0.8443279255020157 0.5358267949789955 0
    outer loop
      vertex 31.422647975921045 36.63284338661691 0.10000000000000009
      vertex 31.543769410125094 36.44198654587355 0
      vertex 31.422647975921045 36.63284338661691 0
    endloop
  endfacet
  facet normal 0.9048270524660232 0.4257792915650645 0
    outer loop
      vertex 31.326402325401148 36.83737580516758 0.10000000000000009
      vertex 31.422647975921045 36.63284338661691 0
      vertex 31.326402325401148 36.83737580516758 0
    endloop
  endfacet
  facet normal 0.9980267284282714 0.06279051952931326 0
    outer loop
      vertex 31.2 37.5 0.10000000000000009
      vertex 31.21419353763394 37.274400179584255 0
      vertex 31.2 37.5 0
    endloop
  endfacet
  facet normal 0.9980267284282714 -0.06279051952931326 0
    outer loop
      vertex 31.21419353763394 37.725599820415745 0.10000000000000009
      vertex 31.2 37.5 0
      vertex 31.21419353763394 37.725599820415745 0
    endloop
  endfacet
  facet normal 0.9822872507286885 -0.18738131458572582 0
    outer loop
      vertex 31.256550309968464 37.94764179689674 0.10000000000000009
      vertex 31.21419353763394 37.725599820415745 0
      vertex 31.256550309968464 37.94764179689674 0
    endloop
  endfacet
  facet normal 0.951056516295152 -0.30901699437495245 0
    outer loop
      vertex 31.326402325401148 38.16262419483242 0.10000000000000009
      vertex 31.256550309968464 37.94764179689674 0
      vertex 31.326402325401148 38.16262419483242 0
    endloop
  endfacet
  facet normal 0.9048270524660232 -0.4257792915650645 0
    outer loop
      vertex 31.422647975921045 38.36715661338309 0.10000000000000009
      vertex 31.326402325401148 38.16262419483242 0
      vertex 31.422647975921045 38.36715661338309 0
    endloop
  endfacet
  facet normal 0.8443279255020157 -0.5358267949789955 0
    outer loop
      vertex 31.543769410125094 38.55801345412645 0.10000000000000009
      vertex 31.422647975921045 38.36715661338309 0
      vertex 31.543769410125094 38.55801345412645 0
    endloop
  endfacet
  facet normal 0.7705132427757823 -0.6374239897486981 0
    outer loop
      vertex 31.68785647064146 38.73218479067164 0.10000000000000009
      vertex 31.543769410125094 38.55801345412645 0
      vertex 31.68785647064146 38.73218479067164 0
    endloop
  endfacet
  facet normal 0.6845471059286956 -0.728968627421405 0
    outer loop
      vertex 31.85263681845236 38.886923836996424 0.10000000000000009
      vertex 31.68785647064146 38.73218479067164 0
      vertex 31.85263681845236 38.886923836996424 0
    endloop
  endfacet
  facet normal 0.5877852522924824 -0.8090169943749408 0
    outer loop
      vertex 32.035511769037804 39.01979026590363 0.10000000000000009
      vertex 31.85263681845236 38.886923836996424 0
      vertex 32.035511769037804 39.01979026590363 0
    endloop
  endfacet
  facet normal 0.4817536741017077 -0.8763066800438677 0
    outer loop
      vertex 32.233597275182866 39.128688694438836 0.10000000000000009
      vertex 32.035511769037804 39.01979026590363 0
      vertex 32.233597275182866 39.128688694438836 0
    endloop
  endfacet
  facet normal 0.3681245526846642 -0.9297764858882569 0
    outer loop
      vertex 32.44376941012509 39.211901729331274 0.10000000000000009
      vertex 32.233597275182866 39.128688694438836 0
      vertex 32.44376941012509 39.211901729331274 0
    endloop
  endfacet
  facet normal 0.2486898871648706 -0.9685831611286272 0
    outer loop
      vertex 32.662713633745696 39.26811705131164 0.10000000000000009
      vertex 32.44376941012509 39.211901729331274 0
      vertex 32.662713633745696 39.26811705131164 0
    endloop
  endfacet
  facet normal 0.1253332335642983 -0.9921147013144787 0
    outer loop
      vertex 32.88697706484724 39.29644811117089 0.10000000000000009
      vertex 32.662713633745696 39.26811705131164 0
      vertex 32.88697706484724 39.29644811117089 0
    endloop
  endfacet
  facet normal 0.951056516295152 0.30901699437495245 0
    outer loop
      vertex 31.326402325401148 36.83737580516758 0.10000000000000009
      vertex 31.326402325401148 36.83737580516758 0
      vertex 31.256550309968464 37.05235820310326 0.10000000000000009
    endloop
  endfacet
  facet normal 0.9822872507286885 0.18738131458572582 0
    outer loop
      vertex 31.256550309968464 37.05235820310326 0.10000000000000009
      vertex 31.256550309968464 37.05235820310326 0
      vertex 31.21419353763394 37.274400179584255 0.10000000000000009
    endloop
  endfacet
  facet normal 0.9048270524660232 0.4257792915650645 0
    outer loop
      vertex 31.326402325401148 36.83737580516758 0.10000000000000009
      vertex 31.422647975921045 36.63284338661691 0.10000000000000009
      vertex 31.422647975921045 36.63284338661691 0
    endloop
  endfacet
  facet normal 0.9980267284282714 0.06279051952931326 0
    outer loop
      vertex 31.2 37.5 0.10000000000000009
      vertex 31.21419353763394 37.274400179584255 0.10000000000000009
      vertex 31.21419353763394 37.274400179584255 0
    endloop
  endfacet
  facet normal 0.9980267284282714 -0.06279051952931326 0
    outer loop
      vertex 31.2 37.5 0.10000000000000009
      vertex 31.2 37.5 0
      vertex 31.21419353763394 37.725599820415745 0.10000000000000009
    endloop
  endfacet
  facet normal 0.9822872507286885 -0.18738131458572582 0
    outer loop
      vertex 31.21419353763394 37.725599820415745 0.10000000000000009
      vertex 31.21419353763394 37.725599820415745 0
      vertex 31.256550309968464 37.94764179689674 0.10000000000000009
    endloop
  endfacet
  facet normal 0.951056516295152 -0.30901699437495245 0
    outer loop
      vertex 31.256550309968464 37.94764179689674 0.10000000000000009
      vertex 31.256550309968464 37.94764179689674 0
      vertex 31.326402325401148 38.16262419483242 0.10000000000000009
    endloop
  endfacet
  facet normal 0.9048270524660232 -0.4257792915650645 0
    outer loop
      vertex 31.326402325401148 38.16262419483242 0.10000000000000009
      vertex 31.326402325401148 38.16262419483242 0
      vertex 31.422647975921045 38.36715661338309 0.10000000000000009
    endloop
  endfacet
  facet normal 0.8443279255020157 -0.5358267949789955 0
    outer loop
      vertex 31.422647975921045 38.36715661338309 0.10000000000000009
      vertex 31.422647975921045 38.36715661338309 0
      vertex 31.543769410125094 38.55801345412645 0.10000000000000009
    endloop
  endfacet
  facet normal 0.7705132427757823 -0.6374239897486981 0
    outer loop
      vertex 31.543769410125094 38.55801345412645 0.10000000000000009
      vertex 31.543769410125094 38.55801345412645 0
      vertex 31.68785647064146 38.73218479067164 0.10000000000000009
    endloop
  endfacet
  facet normal 0.6845471059286956 -0.728968627421405 0
    outer loop
      vertex 31.68785647064146 38.73218479067164 0.10000000000000009
      vertex 31.68785647064146 38.73218479067164 0
      vertex 31.85263681845236 38.886923836996424 0.10000000000000009
    endloop
  endfacet
  facet normal 0.5877852522924824 -0.8090169943749408 0
    outer loop
      vertex 31.85263681845236 38.886923836996424 0.10000000000000009
      vertex 31.85263681845236 38.886923836996424 0
      vertex 32.035511769037804 39.01979026590363 0.10000000000000009
    endloop
  endfacet
  facet normal 0.4817536741017077 -0.8763066800438677 0
    outer loop
      vertex 32.035511769037804 39.01979026590363 0.10000000000000009
      vertex 32.035511769037804 39.01979026590363 0
      vertex 32.233597275182866 39.128688694438836 0.10000000000000009
    endloop
  endfacet
  facet normal 0.3681245526846642 -0.9297764858882569 0
    outer loop
      vertex 32.233597275182866 39.128688694438836 0.10000000000000009
      vertex 32.233597275182866 39.128688694438836 0
      vertex 32.44376941012509 39.211901729331274 0.10000000000000009
    endloop
  endfacet
  facet normal 0.2486898871648706 -0.9685831611286272 0
    outer loop
      vertex 32.44376941012509 39.211901729331274 0.10000000000000009
      vertex 32.44376941012509 39.211901729331274 0
      vertex 32.662713633745696 39.26811705131164 0.10000000000000009
    endloop
  endfacet
  facet normal 0.1253332335642983 -0.9921147013144787 0
    outer loop
      vertex 32.662713633745696 39.26811705131164 0.10000000000000009
      vertex 32.662713633745696 39.26811705131164 0
      vertex 32.88697706484724 39.29644811117089 0.10000000000000009
    endloop
  endfacet
  facet normal 0 1 0
    outer loop
      vertex 32.88697706484724 35.70355188882911 0.10000000000000009
      vertex 33.11302293515276 35.70355188882911 0
      vertex 32.88697706484724 35.70355188882911 0
    endloop
  endfacet
  facet normal -0.1253332335642983 0.9921147013144787 0
    outer loop
      vertex 33.11302293515276 35.70355188882911 0.10000000000000009
      vertex 33.337286366254304 35.73188294868836 0
      vertex 33.11302293515276 35.70355188882911 0
    endloop
  endfacet
  facet normal -0.2486898871648706 0.9685831611286272 0
    outer loop
      vertex 33.337286366254304 35.73188294868836 0.10000000000000009
      vertex 33.55623058987491 35.788098270668726 0
      vertex 33.337286366254304 35.73188294868836 0
    endloop
  endfacet
  facet normal -0.3681245526846642 0.9297764858882569 0
    outer loop
      vertex 33.55623058987491 35.788098270668726 0.10000000000000009
      vertex 33.766402724817134 35.871311305561164 0
      vertex 33.55623058987491 35.788098270668726 0
    endloop
  endfacet
  facet normal -0.4817536741017077 0.8763066800438677 0
    outer loop
      vertex 33.766402724817134 35.871311305561164 0.10000000000000009
      vertex 33.964488230962196 35.98020973409637 0
      vertex 33.766402724817134 35.871311305561164 0
    endloop
  endfacet
  facet normal -0.5877852522924824 0.8090169943749408 0
    outer loop
      vertex 33.964488230962196 35.98020973409637 0.10000000000000009
      vertex 34.14736318154764 36.113076163003576 0
      vertex 33.964488230962196 35.98020973409637 0
    endloop
  endfacet
  facet normal -0.6845471059286878 0.7289686274214123 0
    outer loop
      vertex 34.14736318154764 36.113076163003576 0.10000000000000009
      vertex 34.31214352935854 36.26781520932836 0
      vertex 34.14736318154764 36.113076163003576 0
    endloop
  endfacet
  facet normal -0.7705132427757901 0.6374239897486887 0
    outer loop
      vertex 34.31214352935854 36.26781520932836 0.10000000000000009
      vertex 34.456230589874906 36.44198654587355 0
      vertex 34.31214352935854 36.26781520932836 0
    endloop
  endfacet
  facet normal -0.8443279255020157 0.5358267949789955 0
    outer loop
      vertex 34.456230589874906 36.44198654587355 0.10000000000000009
      vertex 34.577352024078955 36.63284338661691 0
      vertex 34.456230589874906 36.44198654587355 0
    endloop
  endfacet
  facet normal 0 1 0
    outer loop
      vertex 32.88697706484724 35.70355188882911 0.10000000000000009
      vertex 33.11302293515276 35.70355188882911 0.10000000000000009
      vertex 33.11302293515276 35.70355188882911 0
    endloop
  endfacet
  facet normal -0.1253332335642983 0.9921147013144787 0
    outer loop
      vertex 33.11302293515276 35.70355188882911 0.10000000000000009
      vertex 33.337286366254304 35.73188294868836 0.10000000000000009
      vertex 33.337286366254304 35.73188294868836 0
    endloop
  endfacet
  facet normal -0.2486898871648706 0.9685831611286272 0
    outer loop
      vertex 33.337286366254304 35.73188294868836 0.10000000000000009
      vertex 33.55623058987491 35.788098270668726 0.10000000000000009
      vertex 33.55623058987491 35.788098270668726 0
    endloop
  endfacet
  facet normal -0.3681245526846642 0.9297764858882569 0
    outer loop
      vertex 33.55623058987491 35.788098270668726 0.10000000000000009
      vertex 33.766402724817134 35.871311305561164 0.10000000000000009
      vertex 33.766402724817134 35.871311305561164 0
    endloop
  endfacet
  facet normal -0.4817536741017077 0.8763066800438677 0
    outer loop
      vertex 33.766402724817134 35.871311305561164 0.10000000000000009
      vertex 33.964488230962196 35.98020973409637 0.10000000000000009
      vertex 33.964488230962196 35.98020973409637 0
    endloop
  endfacet
  facet normal -0.5877852522924824 0.8090169943749408 0
    outer loop
      vertex 33.964488230962196 35.98020973409637 0.10000000000000009
      vertex 34.14736318154764 36.113076163003576 0.10000000000000009
      vertex 34.14736318154764 36.113076163003576 0
    endloop
  endfacet
  facet normal -0.6845471059286878 0.7289686274214123 0
    outer loop
      vertex 34.14736318154764 36.113076163003576 0.10000000000000009
      vertex 34.31214352935854 36.26781520932836 0.10000000000000009
      vertex 34.31214352935854 36.26781520932836 0
    endloop
  endfacet
  facet normal -0.7705132427757901 0.6374239897486887 0
    outer loop
      vertex 34.31214352935854 36.26781520932836 0.10000000000000009
      vertex 34.456230589874906 36.44198654587355 0.10000000000000009
      vertex 34.456230589874906 36.44198654587355 0
    endloop
  endfacet
  facet normal 0 -1 0
    outer loop
      vertex 33.11302293515276 39.29644811117089 0.10000000000000009
      vertex 32.88697706484724 39.29644811117089 0
      vertex 33.11302293515276 39.29644811117089 0
    endloop
  endfacet
  facet normal -0.1253332335642983 -0.9921147013144787 0
    outer loop
      vertex 33.337286366254304 39.26811705131164 0.10000000000000009
      vertex 33.11302293515276 39.29644811117089 0
      vertex 33.337286366254304 39.26811705131164 0
    endloop
  endfacet
  facet normal -0.2486898871648706 -0.9685831611286272 0
    outer loop
      vertex 33.55623058987491 39.211901729331274 0.10000000000000009
      vertex 33.337286366254304 39.26811705131164 0
      vertex 33.55623058987491 39.211901729331274 0
    endloop
  endfacet
  facet normal -0.3681245526846642 -0.9297764858882569 0
    outer loop
      vertex 33.766402724817134 39.128688694438836 0.10000000000000009
      vertex 33.55623058987491 39.211901729331274 0
      vertex 33.766402724817134 39.128688694438836 0
    endloop
  endfacet
  facet normal -0.5877852522924824 -0.8090169943749408 0
    outer loop
      vertex 34.14736318154764 38.886923836996424 0.10000000000000009
      vertex 33.964488230962196 39.01979026590363 0
      vertex 34.14736318154764 38.886923836996424 0
    endloop
  endfacet
  facet normal -0.4817536741017077 -0.8763066800438677 0
    outer loop
      vertex 33.964488230962196 39.01979026590363 0.10000000000000009
      vertex 33.766402724817134 39.128688694438836 0
      vertex 33.964488230962196 39.01979026590363 0
    endloop
  endfacet
  facet normal -0.9048270524660232 0.4257792915650645 0
    outer loop
      vertex 34.577352024078955 36.63284338661691 0.10000000000000009
      vertex 34.67359767459885 36.83737580516758 0
      vertex 34.577352024078955 36.63284338661691 0
    endloop
  endfacet
  facet normal -0.9510565162951473 0.30901699437496666 0
    outer loop
      vertex 34.67359767459885 36.83737580516758 0.10000000000000009
      vertex 34.74344969003154 37.05235820310326 0
      vertex 34.67359767459885 36.83737580516758 0
    endloop
  endfacet
  facet normal -0.9822872507286914 0.18738131458571064 0
    outer loop
      vertex 34.74344969003154 37.05235820310326 0.10000000000000009
      vertex 34.78580646236606 37.274400179584255 0
      vertex 34.74344969003154 37.05235820310326 0
    endloop
  endfacet
  facet normal -0.9980267284282726 0.06279051952929761 0
    outer loop
      vertex 34.78580646236606 37.274400179584255 0.10000000000000009
      vertex 34.8 37.5 0
      vertex 34.78580646236606 37.274400179584255 0
    endloop
  endfacet
  facet normal -0.9980267284282726 -0.06279051952929761 0
    outer loop
      vertex 34.8 37.5 0.10000000000000009
      vertex 34.78580646236606 37.725599820415745 0
      vertex 34.8 37.5 0
    endloop
  endfacet
  facet normal -0.9822872507286914 -0.18738131458571064 0
    outer loop
      vertex 34.78580646236606 37.725599820415745 0.10000000000000009
      vertex 34.74344969003154 37.94764179689674 0
      vertex 34.78580646236606 37.725599820415745 0
    endloop
  endfacet
  facet normal -0.7705132427757901 -0.6374239897486887 0
    outer loop
      vertex 34.456230589874906 38.55801345412645 0.10000000000000009
      vertex 34.31214352935854 38.73218479067164 0
      vertex 34.456230589874906 38.55801345412645 0
    endloop
  endfacet
  facet normal -0.9048270524660232 -0.4257792915650645 0
    outer loop
      vertex 34.67359767459885 38.16262419483242 0.10000000000000009
      vertex 34.577352024078955 38.36715661338309 0
      vertex 34.67359767459885 38.16262419483242 0
    endloop
  endfacet
  facet normal -0.9510565162951473 -0.30901699437496666 0
    outer loop
      vertex 34.74344969003154 37.94764179689674 0.10000000000000009
      vertex 34.67359767459885 38.16262419483242 0
      vertex 34.74344969003154 37.94764179689674 0
    endloop
  endfacet
  facet normal -0.8443279255020157 -0.5358267949789955 0
    outer loop
      vertex 34.577352024078955 38.36715661338309 0.10000000000000009
      vertex 34.456230589874906 38.55801345412645 0
      vertex 34.577352024078955 38.36715661338309 0
    endloop
  endfacet
  facet normal -0.6845471059286878 -0.7289686274214123 0
    outer loop
      vertex 34.31214352935854 38.73218479067164 0.10000000000000009
      vertex 34.14736318154764 38.886923836996424 0
      vertex 34.31214352935854 38.73218479067164 0
    endloop
  endfacet
  facet normal 0 -1 0
    outer loop
      vertex 32.88697706484724 39.29644811117089 0.10000000000000009
      vertex 32.88697706484724 39.29644811117089 0
      vertex 33.11302293515276 39.29644811117089 0.10000000000000009
    endloop
  endfacet
  facet normal -0.1253332335642983 -0.9921147013144787 0
    outer loop
      vertex 33.11302293515276 39.29644811117089 0.10000000000000009
      vertex 33.11302293515276 39.29644811117089 0
      vertex 33.337286366254304 39.26811705131164 0.10000000000000009
    endloop
  endfacet
  facet normal -0.2486898871648706 -0.9685831611286272 0
    outer loop
      vertex 33.337286366254304 39.26811705131164 0.10000000000000009
      vertex 33.337286366254304 39.26811705131164 0
      vertex 33.55623058987491 39.211901729331274 0.10000000000000009
    endloop
  endfacet
  facet normal -0.3681245526846642 -0.9297764858882569 0
    outer loop
      vertex 33.766402724817134 39.128688694438836 0.10000000000000009
      vertex 33.55623058987491 39.211901729331274 0.10000000000000009
      vertex 33.55623058987491 39.211901729331274 0
    endloop
  endfacet
  facet normal -0.4817536741017077 -0.8763066800438677 0
    outer loop
      vertex 33.766402724817134 39.128688694438836 0.10000000000000009
      vertex 33.766402724817134 39.128688694438836 0
      vertex 33.964488230962196 39.01979026590363 0.10000000000000009
    endloop
  endfacet
  facet normal -0.5877852522924824 -0.8090169943749408 0
    outer loop
      vertex 33.964488230962196 39.01979026590363 0.10000000000000009
      vertex 33.964488230962196 39.01979026590363 0
      vertex 34.14736318154764 38.886923836996424 0.10000000000000009
    endloop
  endfacet
  facet normal -0.8443279255020157 0.5358267949789955 0
    outer loop
      vertex 34.456230589874906 36.44198654587355 0.10000000000000009
      vertex 34.577352024078955 36.63284338661691 0.10000000000000009
      vertex 34.577352024078955 36.63284338661691 0
    endloop
  endfacet
  facet normal -0.9048270524660232 0.4257792915650645 0
    outer loop
      vertex 34.577352024078955 36.63284338661691 0.10000000000000009
      vertex 34.67359767459885 36.83737580516758 0.10000000000000009
      vertex 34.67359767459885 36.83737580516758 0
    endloop
  endfacet
  facet normal -0.9510565162951473 0.30901699437496666 0
    outer loop
      vertex 34.67359767459885 36.83737580516758 0.10000000000000009
      vertex 34.74344969003154 37.05235820310326 0.10000000000000009
      vertex 34.74344969003154 37.05235820310326 0
    endloop
  endfacet
  facet normal -0.9822872507286914 0.18738131458571064 0
    outer loop
      vertex 34.74344969003154 37.05235820310326 0.10000000000000009
      vertex 34.78580646236606 37.274400179584255 0.10000000000000009
      vertex 34.78580646236606 37.274400179584255 0
    endloop
  endfacet
  facet normal -0.9980267284282726 0.06279051952929761 0
    outer loop
      vertex 34.78580646236606 37.274400179584255 0.10000000000000009
      vertex 34.8 37.5 0.10000000000000009
      vertex 34.8 37.5 0
    endloop
  endfacet
  facet normal -0.9980267284282726 -0.06279051952929761 0
    outer loop
      vertex 34.8 37.5 0.10000000000000009
      vertex 34.78580646236606 37.725599820415745 0.10000000000000009
      vertex 34.78580646236606 37.725599820415745 0
    endloop
  endfacet
  facet normal -0.9822872507286914 -0.18738131458571064 0
    outer loop
      vertex 34.78580646236606 37.725599820415745 0.10000000000000009
      vertex 34.74344969003154 37.94764179689674 0.10000000000000009
      vertex 34.74344969003154 37.94764179689674 0
    endloop
  endfacet
  facet normal -0.9048270524660232 -0.4257792915650645 0
    outer loop
      vertex 34.67359767459885 38.16262419483242 0.10000000000000009
      vertex 34.577352024078955 38.36715661338309 0.10000000000000009
      vertex 34.577352024078955 38.36715661338309 0
    endloop
  endfacet
  facet normal -0.9510565162951473 -0.30901699437496666 0
    outer loop
      vertex 34.67359767459885 38.16262419483242 0.10000000000000009
      vertex 34.67359767459885 38.16262419483242 0
      vertex 34.74344969003154 37.94764179689674 0.10000000000000009
    endloop
  endfacet
  facet normal -0.8443279255020157 -0.5358267949789955 0
    outer loop
      vertex 34.577352024078955 38.36715661338309 0.10000000000000009
      vertex 34.456230589874906 38.55801345412645 0.10000000000000009
      vertex 34.456230589874906 38.55801345412645 0
    endloop
  endfacet
  facet normal -0.6845471059286878 -0.7289686274214123 0
    outer loop
      vertex 34.31214352935854 38.73218479067164 0.10000000000000009
      vertex 34.14736318154764 38.886923836996424 0.10000000000000009
      vertex 34.14736318154764 38.886923836996424 0
    endloop
  endfacet
  facet normal -0.7705132427757901 -0.6374239897486887 0
    outer loop
      vertex 34.31214352935854 38.73218479067164 0.10000000000000009
      vertex 34.31214352935854 38.73218479067164 0
      vertex 34.456230589874906 38.55801345412645 0.10000000000000009
    endloop
  endfacet
  facet normal 0.7705132427757901 0.6374239897486887 0
    outer loop
      vertex -34.456230589874906 36.44198654587355 0.10000000000000009
      vertex -34.31214352935854 36.26781520932836 0
      vertex -34.456230589874906 36.44198654587355 0
    endloop
  endfacet
  facet normal 0.6845471059286878 0.7289686274214123 0
    outer loop
      vertex -34.31214352935854 36.26781520932836 0.10000000000000009
      vertex -34.14736318154764 36.113076163003576 0
      vertex -34.31214352935854 36.26781520932836 0
    endloop
  endfacet
  facet normal 0.3681245526846642 0.9297764858882569 0
    outer loop
      vertex -33.766402724817134 35.871311305561164 0.10000000000000009
      vertex -33.55623058987491 35.788098270668726 0
      vertex -33.766402724817134 35.871311305561164 0
    endloop
  endfacet
  facet normal 0.5877852522924824 0.8090169943749408 0
    outer loop
      vertex -34.14736318154764 36.113076163003576 0.10000000000000009
      vertex -33.964488230962196 35.98020973409637 0
      vertex -34.14736318154764 36.113076163003576 0
    endloop
  endfacet
  facet normal 0.4817536741017077 0.8763066800438677 0
    outer loop
      vertex -33.964488230962196 35.98020973409637 0.10000000000000009
      vertex -33.766402724817134 35.871311305561164 0
      vertex -33.964488230962196 35.98020973409637 0
    endloop
  endfacet
  facet normal 0.2486898871648706 0.9685831611286272 0
    outer loop
      vertex -33.55623058987491 35.788098270668726 0.10000000000000009
      vertex -33.337286366254304 35.73188294868836 0
      vertex -33.55623058987491 35.788098270668726 0
    endloop
  endfacet
  facet normal 0.1253332335642983 0.9921147013144787 0
    outer loop
      vertex -33.337286366254304 35.73188294868836 0.10000000000000009
      vertex -33.11302293515276 35.70355188882911 0
      vertex -33.337286366254304 35.73188294868836 0
    endloop
  endfacet
  facet normal 0 1 0
    outer loop
      vertex -33.11302293515276 35.70355188882911 0.10000000000000009
      vertex -32.88697706484724 35.70355188882911 0
      vertex -33.11302293515276 35.70355188882911 0
    endloop
  endfacet
  facet normal 0.8443279255020157 0.5358267949789955 0
    outer loop
      vertex -34.456230589874906 36.44198654587355 0.10000000000000009
      vertex -34.456230589874906 36.44198654587355 0
      vertex -34.577352024078955 36.63284338661691 0.10000000000000009
    endloop
  endfacet
  facet normal 0.6845471059286878 0.7289686274214123 0
    outer loop
      vertex -34.31214352935854 36.26781520932836 0.10000000000000009
      vertex -34.14736318154764 36.113076163003576 0.10000000000000009
      vertex -34.14736318154764 36.113076163003576 0
    endloop
  endfacet
  facet normal 0.7705132427757901 0.6374239897486887 0
    outer loop
      vertex -34.456230589874906 36.44198654587355 0.10000000000000009
      vertex -34.31214352935854 36.26781520932836 0.10000000000000009
      vertex -34.31214352935854 36.26781520932836 0
    endloop
  endfacet
  facet normal 0.3681245526846642 0.9297764858882569 0
    outer loop
      vertex -33.766402724817134 35.871311305561164 0.10000000000000009
      vertex -33.55623058987491 35.788098270668726 0.10000000000000009
      vertex -33.55623058987491 35.788098270668726 0
    endloop
  endfacet
  facet normal 0.5877852522924824 0.8090169943749408 0
    outer loop
      vertex -34.14736318154764 36.113076163003576 0.10000000000000009
      vertex -33.964488230962196 35.98020973409637 0.10000000000000009
      vertex -33.964488230962196 35.98020973409637 0
    endloop
  endfacet
  facet normal 0.4817536741017077 0.8763066800438677 0
    outer loop
      vertex -33.964488230962196 35.98020973409637 0.10000000000000009
      vertex -33.766402724817134 35.871311305561164 0.10000000000000009
      vertex -33.766402724817134 35.871311305561164 0
    endloop
  endfacet
  facet normal 0.2486898871648706 0.9685831611286272 0
    outer loop
      vertex -33.55623058987491 35.788098270668726 0.10000000000000009
      vertex -33.337286366254304 35.73188294868836 0.10000000000000009
      vertex -33.337286366254304 35.73188294868836 0
    endloop
  endfacet
  facet normal 0.1253332335642983 0.9921147013144787 0
    outer loop
      vertex -33.337286366254304 35.73188294868836 0.10000000000000009
      vertex -33.11302293515276 35.70355188882911 0.10000000000000009
      vertex -33.11302293515276 35.70355188882911 0
    endloop
  endfacet
  facet normal 0 1 0
    outer loop
      vertex -33.11302293515276 35.70355188882911 0.10000000000000009
      vertex -32.88697706484724 35.70355188882911 0.10000000000000009
      vertex -32.88697706484724 35.70355188882911 0
    endloop
  endfacet
  facet normal 0.8443279255020157 0.5358267949789955 0
    outer loop
      vertex -34.577352024078955 36.63284338661691 0.10000000000000009
      vertex -34.456230589874906 36.44198654587355 0
      vertex -34.577352024078955 36.63284338661691 0
    endloop
  endfacet
  facet normal 0.9048270524660232 0.4257792915650645 0
    outer loop
      vertex -34.67359767459885 36.83737580516758 0.10000000000000009
      vertex -34.577352024078955 36.63284338661691 0
      vertex -34.67359767459885 36.83737580516758 0
    endloop
  endfacet
  facet normal 0.9510565162951473 0.30901699437496666 0
    outer loop
      vertex -34.74344969003154 37.05235820310326 0.10000000000000009
      vertex -34.67359767459885 36.83737580516758 0
      vertex -34.74344969003154 37.05235820310326 0
    endloop
  endfacet
  facet normal 0.9822872507286914 0.18738131458571064 0
    outer loop
      vertex -34.78580646236606 37.274400179584255 0.10000000000000009
      vertex -34.74344969003154 37.05235820310326 0
      vertex -34.78580646236606 37.274400179584255 0
    endloop
  endfacet
  facet normal 0.9980267284282726 0.06279051952929761 0
    outer loop
      vertex -34.8 37.5 0.10000000000000009
      vertex -34.78580646236606 37.274400179584255 0
      vertex -34.8 37.5 0
    endloop
  endfacet
  facet normal 0.9980267284282726 -0.06279051952929761 0
    outer loop
      vertex -34.78580646236606 37.725599820415745 0.10000000000000009
      vertex -34.8 37.5 0
      vertex -34.78580646236606 37.725599820415745 0
    endloop
  endfacet
  facet normal 0.9822872507286914 -0.18738131458571064 0
    outer loop
      vertex -34.74344969003154 37.94764179689674 0.10000000000000009
      vertex -34.78580646236606 37.725599820415745 0
      vertex -34.74344969003154 37.94764179689674 0
    endloop
  endfacet
  facet normal 0.9510565162951473 -0.30901699437496666 0
    outer loop
      vertex -34.67359767459885 38.16262419483242 0.10000000000000009
      vertex -34.74344969003154 37.94764179689674 0
      vertex -34.67359767459885 38.16262419483242 0
    endloop
  endfacet
  facet normal 0.9048270524660232 -0.4257792915650645 0
    outer loop
      vertex -34.577352024078955 38.36715661338309 0.10000000000000009
      vertex -34.67359767459885 38.16262419483242 0
      vertex -34.577352024078955 38.36715661338309 0
    endloop
  endfacet
  facet normal 0.8443279255020157 -0.5358267949789955 0
    outer loop
      vertex -34.456230589874906 38.55801345412645 0.10000000000000009
      vertex -34.577352024078955 38.36715661338309 0
      vertex -34.456230589874906 38.55801345412645 0
    endloop
  endfacet
  facet normal 0.7705132427757901 -0.6374239897486887 0
    outer loop
      vertex -34.31214352935854 38.73218479067164 0.10000000000000009
      vertex -34.456230589874906 38.55801345412645 0
      vertex -34.31214352935854 38.73218479067164 0
    endloop
  endfacet
  facet normal 0.6845471059286878 -0.7289686274214123 0
    outer loop
      vertex -34.14736318154764 38.886923836996424 0.10000000000000009
      vertex -34.31214352935854 38.73218479067164 0
      vertex -34.14736318154764 38.886923836996424 0
    endloop
  endfacet
  facet normal 0.5877852522924824 -0.8090169943749408 0
    outer loop
      vertex -33.964488230962196 39.01979026590363 0.10000000000000009
      vertex -34.14736318154764 38.886923836996424 0
      vertex -33.964488230962196 39.01979026590363 0
    endloop
  endfacet
  facet normal 0.4817536741017077 -0.8763066800438677 0
    outer loop
      vertex -33.766402724817134 39.128688694438836 0.10000000000000009
      vertex -33.964488230962196 39.01979026590363 0
      vertex -33.766402724817134 39.128688694438836 0
    endloop
  endfacet
  facet normal 0.3681245526846642 -0.9297764858882569 0
    outer loop
      vertex -33.55623058987491 39.211901729331274 0.10000000000000009
      vertex -33.766402724817134 39.128688694438836 0
      vertex -33.55623058987491 39.211901729331274 0
    endloop
  endfacet
  facet normal 0.2486898871648706 -0.9685831611286272 0
    outer loop
      vertex -33.337286366254304 39.26811705131164 0.10000000000000009
      vertex -33.55623058987491 39.211901729331274 0
      vertex -33.337286366254304 39.26811705131164 0
    endloop
  endfacet
  facet normal 0.1253332335642983 -0.9921147013144787 0
    outer loop
      vertex -33.11302293515276 39.29644811117089 0.10000000000000009
      vertex -33.337286366254304 39.26811705131164 0
      vertex -33.11302293515276 39.29644811117089 0
    endloop
  endfacet
  facet normal 0 -1 0
    outer loop
      vertex -32.88697706484724 39.29644811117089 0.10000000000000009
      vertex -33.11302293515276 39.29644811117089 0
      vertex -32.88697706484724 39.29644811117089 0
    endloop
  endfacet
  facet normal 0.9510565162951473 0.30901699437496666 0
    outer loop
      vertex -34.74344969003154 37.05235820310326 0.10000000000000009
      vertex -34.67359767459885 36.83737580516758 0.10000000000000009
      vertex -34.67359767459885 36.83737580516758 0
    endloop
  endfacet
  facet normal 0.9048270524660232 0.4257792915650645 0
    outer loop
      vertex -34.577352024078955 36.63284338661691 0.10000000000000009
      vertex -34.577352024078955 36.63284338661691 0
      vertex -34.67359767459885 36.83737580516758 0.10000000000000009
    endloop
  endfacet
  facet normal 0.9822872507286914 0.18738131458571064 0
    outer loop
      vertex -34.74344969003154 37.05235820310326 0.10000000000000009
      vertex -34.74344969003154 37.05235820310326 0
      vertex -34.78580646236606 37.274400179584255 0.10000000000000009
    endloop
  endfacet
  facet normal 0.9980267284282726 0.06279051952929761 0
    outer loop
      vertex -34.78580646236606 37.274400179584255 0.10000000000000009
      vertex -34.78580646236606 37.274400179584255 0
      vertex -34.8 37.5 0.10000000000000009
    endloop
  endfacet
  facet normal 0.9980267284282726 -0.06279051952929761 0
    outer loop
      vertex -34.8 37.5 0.10000000000000009
      vertex -34.8 37.5 0
      vertex -34.78580646236606 37.725599820415745 0.10000000000000009
    endloop
  endfacet
  facet normal 0.9822872507286914 -0.18738131458571064 0
    outer loop
      vertex -34.78580646236606 37.725599820415745 0.10000000000000009
      vertex -34.78580646236606 37.725599820415745 0
      vertex -34.74344969003154 37.94764179689674 0.10000000000000009
    endloop
  endfacet
  facet normal 0.9510565162951473 -0.30901699437496666 0
    outer loop
      vertex -34.74344969003154 37.94764179689674 0.10000000000000009
      vertex -34.74344969003154 37.94764179689674 0
      vertex -34.67359767459885 38.16262419483242 0.10000000000000009
    endloop
  endfacet
  facet normal 0.9048270524660232 -0.4257792915650645 0
    outer loop
      vertex -34.67359767459885 38.16262419483242 0.10000000000000009
      vertex -34.67359767459885 38.16262419483242 0
      vertex -34.577352024078955 38.36715661338309 0.10000000000000009
    endloop
  endfacet
  facet normal 0.8443279255020157 -0.5358267949789955 0
    outer loop
      vertex -34.577352024078955 38.36715661338309 0.10000000000000009
      vertex -34.577352024078955 38.36715661338309 0
      vertex -34.456230589874906 38.55801345412645 0.10000000000000009
    endloop
  endfacet
  facet normal 0.7705132427757901 -0.6374239897486887 0
    outer loop
      vertex -34.456230589874906 38.55801345412645 0.10000000000000009
      vertex -34.456230589874906 38.55801345412645 0
      vertex -34.31214352935854 38.73218479067164 0.10000000000000009
    endloop
  endfacet
  facet normal 0.6845471059286878 -0.7289686274214123 0
    outer loop
      vertex -34.31214352935854 38.73218479067164 0.10000000000000009
      vertex -34.31214352935854 38.73218479067164 0
      vertex -34.14736318154764 38.886923836996424 0.10000000000000009
    endloop
  endfacet
  facet normal 0.5877852522924824 -0.8090169943749408 0
    outer loop
      vertex -34.14736318154764 38.886923836996424 0.10000000000000009
      vertex -34.14736318154764 38.886923836996424 0
      vertex -33.964488230962196 39.01979026590363 0.10000000000000009
    endloop
  endfacet
  facet normal 0.4817536741017077 -0.8763066800438677 0
    outer loop
      vertex -33.964488230962196 39.01979026590363 0.10000000000000009
      vertex -33.964488230962196 39.01979026590363 0
      vertex -33.766402724817134 39.128688694438836 0.10000000000000009
    endloop
  endfacet
  facet normal 0.3681245526846642 -0.9297764858882569 0
    outer loop
      vertex -33.766402724817134 39.128688694438836 0.10000000000000009
      vertex -33.766402724817134 39.128688694438836 0
      vertex -33.55623058987491 39.211901729331274 0.10000000000000009
    endloop
  endfacet
  facet normal 0.2486898871648706 -0.9685831611286272 0
    outer loop
      vertex -33.55623058987491 39.211901729331274 0.10000000000000009
      vertex -33.55623058987491 39.211901729331274 0
      vertex -33.337286366254304 39.26811705131164 0.10000000000000009
    endloop
  endfacet
  facet normal 0.1253332335642983 -0.9921147013144787 0
    outer loop
      vertex -33.337286366254304 39.26811705131164 0.10000000000000009
      vertex -33.337286366254304 39.26811705131164 0
      vertex -33.11302293515276 39.29644811117089 0.10000000000000009
    endloop
  endfacet
  facet normal 0 -1 0
    outer loop
      vertex -33.11302293515276 39.29644811117089 0.10000000000000009
      vertex -33.11302293515276 39.29644811117089 0
      vertex -32.88697706484724 39.29644811117089 0.10000000000000009
    endloop
  endfacet
  facet normal -0.1253332335642983 0.9921147013144787 0
    outer loop
      vertex -32.88697706484724 35.70355188882911 0.10000000000000009
      vertex -32.662713633745696 35.73188294868836 0
      vertex -32.88697706484724 35.70355188882911 0
    endloop
  endfacet
  facet normal -0.2486898871648706 0.9685831611286272 0
    outer loop
      vertex -32.662713633745696 35.73188294868836 0.10000000000000009
      vertex -32.44376941012509 35.788098270668726 0
      vertex -32.662713633745696 35.73188294868836 0
    endloop
  endfacet
  facet normal -0.3681245526846642 0.9297764858882569 0
    outer loop
      vertex -32.44376941012509 35.788098270668726 0.10000000000000009
      vertex -32.233597275182866 35.871311305561164 0
      vertex -32.44376941012509 35.788098270668726 0
    endloop
  endfacet
  facet normal -0.4817536741017077 0.8763066800438677 0
    outer loop
      vertex -32.233597275182866 35.871311305561164 0.10000000000000009
      vertex -32.035511769037804 35.98020973409637 0
      vertex -32.233597275182866 35.871311305561164 0
    endloop
  endfacet
  facet normal -0.5877852522924749 0.8090169943749461 0
    outer loop
      vertex -32.035511769037804 35.98020973409637 0.10000000000000009
      vertex -31.852636818452357 36.113076163003576 0
      vertex -32.035511769037804 35.98020973409637 0
    endloop
  endfacet
  facet normal -0.6845471059287035 0.7289686274213977 0
    outer loop
      vertex -31.852636818452357 36.113076163003576 0.10000000000000009
      vertex -31.68785647064146 36.26781520932836 0
      vertex -31.852636818452357 36.113076163003576 0
    endloop
  endfacet
  facet normal -0.7705132427757823 0.6374239897486981 0
    outer loop
      vertex -31.68785647064146 36.26781520932836 0.10000000000000009
      vertex -31.543769410125094 36.44198654587355 0
      vertex -31.68785647064146 36.26781520932836 0
    endloop
  endfacet
  facet normal -0.8443279255020157 0.5358267949789955 0
    outer loop
      vertex -31.543769410125094 36.44198654587355 0.10000000000000009
      vertex -31.422647975921045 36.63284338661691 0
      vertex -31.543769410125094 36.44198654587355 0
    endloop
  endfacet
  facet normal -0.1253332335642983 0.9921147013144787 0
    outer loop
      vertex -32.88697706484724 35.70355188882911 0.10000000000000009
      vertex -32.662713633745696 35.73188294868836 0.10000000000000009
      vertex -32.662713633745696 35.73188294868836 0
    endloop
  endfacet
  facet normal -0.2486898871648706 0.9685831611286272 0
    outer loop
      vertex -32.662713633745696 35.73188294868836 0.10000000000000009
      vertex -32.44376941012509 35.788098270668726 0.10000000000000009
      vertex -32.44376941012509 35.788098270668726 0
    endloop
  endfacet
  facet normal -0.3681245526846642 0.9297764858882569 0
    outer loop
      vertex -32.44376941012509 35.788098270668726 0.10000000000000009
      vertex -32.233597275182866 35.871311305561164 0.10000000000000009
      vertex -32.233597275182866 35.871311305561164 0
    endloop
  endfacet
  facet normal -0.4817536741017077 0.8763066800438677 0
    outer loop
      vertex -32.233597275182866 35.871311305561164 0.10000000000000009
      vertex -32.035511769037804 35.98020973409637 0.10000000000000009
      vertex -32.035511769037804 35.98020973409637 0
    endloop
  endfacet
  facet normal -0.5877852522924749 0.8090169943749461 0
    outer loop
      vertex -32.035511769037804 35.98020973409637 0.10000000000000009
      vertex -31.852636818452357 36.113076163003576 0.10000000000000009
      vertex -31.852636818452357 36.113076163003576 0
    endloop
  endfacet
  facet normal -0.6845471059287035 0.7289686274213977 0
    outer loop
      vertex -31.852636818452357 36.113076163003576 0.10000000000000009
      vertex -31.68785647064146 36.26781520932836 0.10000000000000009
      vertex -31.68785647064146 36.26781520932836 0
    endloop
  endfacet
  facet normal -0.7705132427757823 0.6374239897486981 0
    outer loop
      vertex -31.68785647064146 36.26781520932836 0.10000000000000009
      vertex -31.543769410125094 36.44198654587355 0.10000000000000009
      vertex -31.543769410125094 36.44198654587355 0
    endloop
  endfacet
  facet normal -0.1253332335642983 -0.9921147013144787 0
    outer loop
      vertex -32.662713633745696 39.26811705131164 0.10000000000000009
      vertex -32.88697706484724 39.29644811117089 0
      vertex -32.662713633745696 39.26811705131164 0
    endloop
  endfacet
  facet normal -0.2486898871648706 -0.9685831611286272 0
    outer loop
      vertex -32.44376941012509 39.211901729331274 0.10000000000000009
      vertex -32.662713633745696 39.26811705131164 0
      vertex -32.44376941012509 39.211901729331274 0
    endloop
  endfacet
  facet normal -0.3681245526846642 -0.9297764858882569 0
    outer loop
      vertex -32.233597275182866 39.128688694438836 0.10000000000000009
      vertex -32.44376941012509 39.211901729331274 0
      vertex -32.233597275182866 39.128688694438836 0
    endloop
  endfacet
  facet normal -0.4817536741017077 -0.8763066800438677 0
    outer loop
      vertex -32.035511769037804 39.01979026590363 0.10000000000000009
      vertex -32.233597275182866 39.128688694438836 0
      vertex -32.035511769037804 39.01979026590363 0
    endloop
  endfacet
  facet normal -0.5877852522924749 -0.8090169943749461 0
    outer loop
      vertex -31.852636818452357 38.886923836996424 0.10000000000000009
      vertex -32.035511769037804 39.01979026590363 0
      vertex -31.852636818452357 38.886923836996424 0
    endloop
  endfacet
  facet normal -0.6845471059287035 -0.7289686274213977 0
    outer loop
      vertex -31.68785647064146 38.73218479067164 0.10000000000000009
      vertex -31.852636818452357 38.886923836996424 0
      vertex -31.68785647064146 38.73218479067164 0
    endloop
  endfacet
  facet normal -0.9048270524660232 0.4257792915650645 0
    outer loop
      vertex -31.422647975921045 36.63284338661691 0.10000000000000009
      vertex -31.326402325401148 36.83737580516758 0
      vertex -31.422647975921045 36.63284338661691 0
    endloop
  endfacet
  facet normal -0.951056516295152 0.30901699437495245 0
    outer loop
      vertex -31.326402325401148 36.83737580516758 0.10000000000000009
      vertex -31.256550309968464 37.05235820310326 0
      vertex -31.326402325401148 36.83737580516758 0
    endloop
  endfacet
  facet normal -0.9822872507286885 0.18738131458572582 0
    outer loop
      vertex -31.256550309968464 37.05235820310326 0.10000000000000009
      vertex -31.21419353763394 37.274400179584255 0
      vertex -31.256550309968464 37.05235820310326 0
    endloop
  endfacet
  facet normal -0.9980267284282714 0.06279051952931326 0
    outer loop
      vertex -31.21419353763394 37.274400179584255 0.10000000000000009
      vertex -31.2 37.5 0
      vertex -31.21419353763394 37.274400179584255 0
    endloop
  endfacet
  facet normal -0.9980267284282714 -0.06279051952931326 0
    outer loop
      vertex -31.2 37.5 0.10000000000000009
      vertex -31.21419353763394 37.725599820415745 0
      vertex -31.2 37.5 0
    endloop
  endfacet
  facet normal -0.9822872507286885 -0.18738131458572582 0
    outer loop
      vertex -31.21419353763394 37.725599820415745 0.10000000000000009
      vertex -31.256550309968464 37.94764179689674 0
      vertex -31.21419353763394 37.725599820415745 0
    endloop
  endfacet
  facet normal -0.9048270524660232 -0.4257792915650645 0
    outer loop
      vertex -31.326402325401148 38.16262419483242 0.10000000000000009
      vertex -31.422647975921045 38.36715661338309 0
      vertex -31.326402325401148 38.16262419483242 0
    endloop
  endfacet
  facet normal -0.7705132427757823 -0.6374239897486981 0
    outer loop
      vertex -31.543769410125094 38.55801345412645 0.10000000000000009
      vertex -31.68785647064146 38.73218479067164 0
      vertex -31.543769410125094 38.55801345412645 0
    endloop
  endfacet
  facet normal -0.8443279255020157 -0.5358267949789955 0
    outer loop
      vertex -31.422647975921045 38.36715661338309 0.10000000000000009
      vertex -31.543769410125094 38.55801345412645 0
      vertex -31.422647975921045 38.36715661338309 0
    endloop
  endfacet
  facet normal -0.951056516295152 -0.30901699437495245 0
    outer loop
      vertex -31.256550309968464 37.94764179689674 0.10000000000000009
      vertex -31.326402325401148 38.16262419483242 0
      vertex -31.256550309968464 37.94764179689674 0
    endloop
  endfacet
  facet normal -0.1253332335642983 -0.9921147013144787 0
    outer loop
      vertex -32.88697706484724 39.29644811117089 0.10000000000000009
      vertex -32.88697706484724 39.29644811117089 0
      vertex -32.662713633745696 39.26811705131164 0.10000000000000009
    endloop
  endfacet
  facet normal -0.2486898871648706 -0.9685831611286272 0
    outer loop
      vertex -32.662713633745696 39.26811705131164 0.10000000000000009
      vertex -32.662713633745696 39.26811705131164 0
      vertex -32.44376941012509 39.211901729331274 0.10000000000000009
    endloop
  endfacet
  facet normal -0.3681245526846642 -0.9297764858882569 0
    outer loop
      vertex -32.233597275182866 39.128688694438836 0.10000000000000009
      vertex -32.44376941012509 39.211901729331274 0.10000000000000009
      vertex -32.44376941012509 39.211901729331274 0
    endloop
  endfacet
  facet normal -0.5877852522924749 -0.8090169943749461 0
    outer loop
      vertex -32.035511769037804 39.01979026590363 0.10000000000000009
      vertex -32.035511769037804 39.01979026590363 0
      vertex -31.852636818452357 38.886923836996424 0.10000000000000009
    endloop
  endfacet
  facet normal -0.4817536741017077 -0.8763066800438677 0
    outer loop
      vertex -32.233597275182866 39.128688694438836 0.10000000000000009
      vertex -32.233597275182866 39.128688694438836 0
      vertex -32.035511769037804 39.01979026590363 0.10000000000000009
    endloop
  endfacet
  facet normal -0.6845471059287035 -0.7289686274213977 0
    outer loop
      vertex -31.68785647064146 38.73218479067164 0.10000000000000009
      vertex -31.852636818452357 38.886923836996424 0.10000000000000009
      vertex -31.852636818452357 38.886923836996424 0
    endloop
  endfacet
  facet normal -0.8443279255020157 0.5358267949789955 0
    outer loop
      vertex -31.543769410125094 36.44198654587355 0.10000000000000009
      vertex -31.422647975921045 36.63284338661691 0.10000000000000009
      vertex -31.422647975921045 36.63284338661691 0
    endloop
  endfacet
  facet normal -0.9048270524660232 0.4257792915650645 0
    outer loop
      vertex -31.422647975921045 36.63284338661691 0.10000000000000009
      vertex -31.326402325401148 36.83737580516758 0.10000000000000009
      vertex -31.326402325401148 36.83737580516758 0
    endloop
  endfacet
  facet normal -0.951056516295152 0.30901699437495245 0
    outer loop
      vertex -31.326402325401148 36.83737580516758 0.10000000000000009
      vertex -31.256550309968464 37.05235820310326 0.10000000000000009
      vertex -31.256550309968464 37.05235820310326 0
    endloop
  endfacet
  facet normal -0.9822872507286885 0.18738131458572582 0
    outer loop
      vertex -31.256550309968464 37.05235820310326 0.10000000000000009
      vertex -31.21419353763394 37.274400179584255 0.10000000000000009
      vertex -31.21419353763394 37.274400179584255 0
    endloop
  endfacet
  facet normal -0.9980267284282714 0.06279051952931326 0
    outer loop
      vertex -31.21419353763394 37.274400179584255 0.10000000000000009
      vertex -31.2 37.5 0.10000000000000009
      vertex -31.2 37.5 0
    endloop
  endfacet
  facet normal -0.9980267284282714 -0.06279051952931326 0
    outer loop
      vertex -31.2 37.5 0.10000000000000009
      vertex -31.21419353763394 37.725599820415745 0.10000000000000009
      vertex -31.21419353763394 37.725599820415745 0
    endloop
  endfacet
  facet normal -0.9822872507286885 -0.18738131458572582 0
    outer loop
      vertex -31.21419353763394 37.725599820415745 0.10000000000000009
      vertex -31.256550309968464 37.94764179689674 0.10000000000000009
      vertex -31.256550309968464 37.94764179689674 0
    endloop
  endfacet
  facet normal -0.9048270524660232 -0.4257792915650645 0
    outer loop
      vertex -31.422647975921045 38.36715661338309 0.10000000000000009
      vertex -31.422647975921045 38.36715661338309 0
      vertex -31.326402325401148 38.16262419483242 0.10000000000000009
    endloop
  endfacet
  facet normal -0.8443279255020157 -0.5358267949789955 0
    outer loop
      vertex -31.422647975921045 38.36715661338309 0.10000000000000009
      vertex -31.543769410125094 38.55801345412645 0.10000000000000009
      vertex -31.543769410125094 38.55801345412645 0
    endloop
  endfacet
  facet normal -0.951056516295152 -0.30901699437495245 0
    outer loop
      vertex -31.256550309968464 37.94764179689674 0.10000000000000009
      vertex -31.326402325401148 38.16262419483242 0.10000000000000009
      vertex -31.326402325401148 38.16262419483242 0
    endloop
  endfacet
  facet normal -0.7705132427757823 -0.6374239897486981 0
    outer loop
      vertex -31.68785647064146 38.73218479067164 0.10000000000000009
      vertex -31.68785647064146 38.73218479067164 0
      vertex -31.543769410125094 38.55801345412645 0.10000000000000009
    endloop
  endfacet
  facet normal 1 0 0
    outer loop
      vertex -35.6 -22.9 1.5
      vertex -35.6 22.9 1.5
      vertex -35.6 -22.9 2
    endloop
  endfacet
  facet normal 0 1 0
    outer loop
      vertex -35.6 -22.9 1.5
      vertex -35.6 -22.9 2
      vertex 35.6 -22.9 2
    endloop
  endfacet
  facet normal 1 0 0
    outer loop
      vertex -35.6 22.9 1.5
      vertex -35.6 22.9 2
      vertex -35.6 -22.9 2
    endloop
  endfacet
  facet normal 0 -1 0
    outer loop
      vertex -35.6 22.9 1.5
      vertex 35.6 22.9 1.5
      vertex -35.6 22.9 2
    endloop
  endfacet
  facet normal 0 1 0
    outer loop
      vertex -35.6 -22.9 1.5
      vertex 35.6 -22.9 2
      vertex 35.6 -22.9 1.5
    endloop
  endfacet
  facet normal -1 0 0
    outer loop
      vertex 35.6 -22.9 1.5
      vertex 35.6 -22.9 2
      vertex 35.6 22.9 2
    endloop
  endfacet
  facet normal 0 -1 0
    outer loop
      vertex 35.6 22.9 1.5
      vertex 35.6 22.9 2
      vertex -35.6 22.9 2
    endloop
  endfacet
  facet normal -1 0 0
    outer loop
      vertex 35.6 -22.9 1.5
      vertex 35.6 22.9 2
      vertex 35.6 22.9 1.5
    endloop
  endfacet
  facet normal 0 1 0
    outer loop
      vertex 38.6 -25.9 1.5
      vertex -23.31 -25.9 0
      vertex -38.6 -25.9 0
    endloop
  endfacet
  facet normal 1 0 0
    outer loop
      vertex -38.6 -25.9 1.5
      vertex -38.6 -25.9 0
      vertex -38.6 25.9 1.5
    endloop
  endfacet
  facet normal 0 0 -1
    outer loop
      vertex -38.6 -25.9 1.5
      vertex -35.6 22.9 1.5
      vertex -35.6 -22.9 1.5
    endloop
  endfacet
  facet normal 0 1 0
    outer loop
      vertex -38.6 -25.9 1.5
      vertex 38.6 -25.9 1.5
      vertex -38.6 -25.9 0
    endloop
  endfacet
  facet normal 0 0 -1
    outer loop
      vertex -38.6 -25.9 1.5
      vertex -35.6 -22.9 1.5
      vertex 38.6 -25.9 1.5
    endloop
  endfacet
  facet normal 1 0 0
    outer loop
      vertex -38.6 25.9 1.5
      vertex -38.6 -25.9 0
      vertex -38.6 25.9 0
    endloop
  endfacet
  facet normal 0 -1 0
    outer loop
      vertex -38.6 25.9 1.5
      vertex -38.6 25.9 0
      vertex 38.6 25.9 0
    endloop
  endfacet
  facet normal 0 0 -1
    outer loop
      vertex -38.6 -25.9 1.5
      vertex -38.6 25.9 1.5
      vertex -35.6 22.9 1.5
    endloop
  endfacet
  facet normal 0 0 -1
    outer loop
      vertex -35.6 22.9 1.5
      vertex -38.6 25.9 1.5
      vertex 35.6 22.9 1.5
    endloop
  endfacet
  facet normal 0 1 0
    outer loop
      vertex 38.6 -25.9 1.5
      vertex 38.6 -25.9 0
      vertex -23.31 -25.9 0
    endloop
  endfacet
  facet normal -1 0 0
    outer loop
      vertex 38.6 -25.9 1.5
      vertex 38.6 25.9 0
      vertex 38.6 -25.9 0
    endloop
  endfacet
  facet normal 0 0 -1
    outer loop
      vertex -35.6 -22.9 1.5
      vertex 35.6 -22.9 1.5
      vertex 38.6 -25.9 1.5
    endloop
  endfacet
  facet normal 0 0 -1
    outer loop
      vertex 38.6 -25.9 1.5
      vertex 35.6 -22.9 1.5
      vertex 38.6 25.9 1.5
    endloop
  endfacet
  facet normal 0 -1 0
    outer loop
      vertex -38.6 25.9 1.5
      vertex 38.6 25.9 0
      vertex 38.6 25.9 1.5
    endloop
  endfacet
  facet normal 0 0 -1
    outer loop
      vertex -38.6 25.9 1.5
      vertex 38.6 25.9 1.5
      vertex 35.6 22.9 1.5
    endloop
  endfacet
  facet normal -1 0 0
    outer loop
      vertex 38.6 -25.9 1.5
      vertex 38.6 25.9 1.5
      vertex 38.6 25.9 0
    endloop
  endfacet
  facet normal 0 0 -1
    outer loop
      vertex 35.6 -22.9 1.5
      vertex 35.6 22.9 1.5
      vertex 38.6 25.9 1.5
    endloop
  endfacet
  facet normal 0 0 -1
    outer loop
      vertex -40.5 -45 0
      vertex -34.31214352935854 -38.73218479067164 0
      vertex -34.14736318154764 -38.886923836996424 0
    endloop
  endfacet
  facet normal 0 0 -1
    outer loop
      vertex -40.5 -45 0
      vertex -34.14736318154764 -38.886923836996424 0
      vertex -33.964488230962196 -39.01979026590363 0
    endloop
  endfacet
  facet normal 0 0 -1
    outer loop
      vertex -40.5 -45 0
      vertex -33.964488230962196 -39.01979026590363 0
      vertex -33.766402724817134 -39.128688694438836 0
    endloop
  endfacet
  facet normal 0 0 -1
    outer loop
      vertex -40.5 -45 0
      vertex -33.55623058987491 -39.211901729331274 0
      vertex -33.337286366254304 -39.26811705131164 0
    endloop
  endfacet
  facet normal 0 0 -1
    outer loop
      vertex -40.5 -45 0
      vertex -33.766402724817134 -39.128688694438836 0
      vertex -33.55623058987491 -39.211901729331274 0
    endloop
  endfacet
  facet normal 0 0 -1
    outer loop
      vertex -40.5 -45 0
      vertex -33.337286366254304 -39.26811705131164 0
      vertex -33.11302293515276 -39.29644811117089 0
    endloop
  endfacet
  facet normal 0 0 -1
    outer loop
      vertex -40.5 -45 0
      vertex -34.67359767459885 -38.16262419483242 0
      vertex -34.577352024078955 -38.36715661338309 0
    endloop
  endfacet
  facet normal 0 0 -1
    outer loop
      vertex -40.5 -45 0
      vertex -34.577352024078955 -38.36715661338309 0
      vertex -34.456230589874906 -38.55801345412645 0
    endloop
  endfacet
  facet normal 0 0 -1
    outer loop
      vertex -40.5 -45 0
      vertex -34.456230589874906 -38.55801345412645 0
      vertex -34.31214352935854 -38.73218479067164 0
    endloop
  endfacet
  facet normal 0 0 -1
    outer loop
      vertex -40.5 -45 0
      vertex -34.74344969003154 -37.94764179689674 0
      vertex -34.67359767459885 -38.16262419483242 0
    endloop
  endfacet
  facet normal 0 0 -1
    outer loop
      vertex -40.5 -45 0
      vertex -34.78580646236606 -37.725599820415745 0
      vertex -34.74344969003154 -37.94764179689674 0
    endloop
  endfacet
  facet normal 0 0 -1
    outer loop
      vertex -40.5 -45 0
      vertex -34.8 -37.5 0
      vertex -34.78580646236606 -37.725599820415745 0
    endloop
  endfacet
  facet normal 0 0 -1
    outer loop
      vertex -40.5 -45 0
      vertex -34.78580646236606 -37.274400179584255 0
      vertex -34.8 -37.5 0
    endloop
  endfacet
  facet normal 0 0 -1
    outer loop
      vertex -40.5 -45 0
      vertex -38.6 -25.9 0
      vertex -34.78580646236606 -37.274400179584255 0
    endloop
  endfacet
  facet normal 0 0 -1
    outer loop
      vertex -34.74344969003154 -37.05235820310326 0
      vertex -34.78580646236606 -37.274400179584255 0
      vertex -38.6 -25.9 0
    endloop
  endfacet
  facet normal 0 0 -1
    outer loop
      vertex -34.67359767459885 -36.83737580516758 0
      vertex -34.74344969003154 -37.05235820310326 0
      vertex -38.6 -25.9 0
    endloop
  endfacet
  facet normal 0 0 -1
    outer loop
      vertex -34.577352024078955 -36.63284338661691 0
      vertex -34.67359767459885 -36.83737580516758 0
      vertex -38.6 -25.9 0
    endloop
  endfacet
  facet normal 0 0 -1
    outer loop
      vertex -34.456230589874906 -36.44198654587355 0
      vertex -34.577352024078955 -36.63284338661691 0
      vertex -38.6 -25.9 0
    endloop
  endfacet
  facet normal 0 0 -1
    outer loop
      vertex -34.31214352935854 -36.26781520932836 0
      vertex -34.456230589874906 -36.44198654587355 0
      vertex -38.6 -25.9 0
    endloop
  endfacet
  facet normal 0 0 -1
    outer loop
      vertex -34.14736318154764 -36.113076163003576 0
      vertex -34.31214352935854 -36.26781520932836 0
      vertex -38.6 -25.9 0
    endloop
  endfacet
  facet normal 0 0 -1
    outer loop
      vertex -33.964488230962196 -35.98020973409637 0
      vertex -34.14736318154764 -36.113076163003576 0
      vertex -38.6 -25.9 0
    endloop
  endfacet
  facet normal 0 0 -1
    outer loop
      vertex -33.766402724817134 -35.871311305561164 0
      vertex -33.964488230962196 -35.98020973409637 0
      vertex -38.6 -25.9 0
    endloop
  endfacet
  facet normal 0 0 -1
    outer loop
      vertex -33.55623058987491 -35.788098270668726 0
      vertex -33.766402724817134 -35.871311305561164 0
      vertex -38.6 -25.9 0
    endloop
  endfacet
  facet normal 0 0 -1
    outer loop
      vertex -33.337286366254304 -35.73188294868836 0
      vertex -33.55623058987491 -35.788098270668726 0
      vertex -38.6 -25.9 0
    endloop
  endfacet
  facet normal 0 0 -1
    outer loop
      vertex -33.11302293515276 -35.70355188882911 0
      vertex -33.337286366254304 -35.73188294868836 0
      vertex -38.6 -25.9 0
    endloop
  endfacet
  facet normal 0 0 -1
    outer loop
      vertex -32.88697706484724 -35.70355188882911 0
      vertex -33.11302293515276 -35.70355188882911 0
      vertex -38.6 -25.9 0
    endloop
  endfacet
  facet normal 0 0 -1
    outer loop
      vertex -32.662713633745696 -35.73188294868836 0
      vertex -32.88697706484724 -35.70355188882911 0
      vertex -38.6 -25.9 0
    endloop
  endfacet
  facet normal 0 0 -1
    outer loop
      vertex -32.44376941012509 -35.788098270668726 0
      vertex -32.662713633745696 -35.73188294868836 0
      vertex -38.6 -25.9 0
    endloop
  endfacet
  facet normal 0 0 -1
    outer loop
      vertex -32.44376941012509 -35.788098270668726 0
      vertex -38.6 -25.9 0
      vertex -23.31 -25.9 0
    endloop
  endfacet
  facet normal 0 0 -1
    outer loop
      vertex -32.44376941012509 -35.788098270668726 0
      vertex -23.31 -25.9 0
      vertex -32.233597275182866 -35.871311305561164 0
    endloop
  endfacet
  facet normal 0 0 -1
    outer loop
      vertex -23.31 -25.9 0
      vertex -32.035511769037804 -35.98020973409637 0
      vertex -32.233597275182866 -35.871311305561164 0
    endloop
  endfacet
  facet normal 0 0 -1
    outer loop
      vertex -23.31 -25.9 0
      vertex -31.68785647064146 -36.26781520932836 0
      vertex -31.852636818452357 -36.113076163003576 0
    endloop
  endfacet
  facet normal 0 0 -1
    outer loop
      vertex -23.31 -25.9 0
      vertex -31.543769410125094 -36.44198654587355 0
      vertex -31.68785647064146 -36.26781520932836 0
    endloop
  endfacet
  facet normal 0 0 -1
    outer loop
      vertex -23.31 -25.9 0
      vertex -31.852636818452357 -36.113076163003576 0
      vertex -32.035511769037804 -35.98020973409637 0
    endloop
  endfacet
  facet normal 0 0 -1
    outer loop
      vertex -23.31 -25.9 0
      vertex -31.422647975921045 -36.63284338661691 0
      vertex -31.543769410125094 -36.44198654587355 0
    endloop
  endfacet
  facet normal 0 0 -1
    outer loop
      vertex -40.5 -45 0
      vertex -38.6 25.9 0
      vertex -38.6 -25.9 0
    endloop
  endfacet
  facet normal 0 0 -1
    outer loop
      vertex -40.5 -45 0
      vertex -33.11302293515276 -39.29644811117089 0
      vertex 40.5 -45 0
    endloop
  endfacet
  facet normal 0 0 -1
    outer loop
      vertex -31.68785647064146 -38.73218479067164 0
      vertex -31.543769410125094 -38.55801345412645 0
      vertex 31.68785647064146 -38.73218479067164 0
    endloop
  endfacet
  facet normal 0 0 -1
    outer loop
      vertex -31.543769410125094 -38.55801345412645 0
      vertex -31.422647975921045 -38.36715661338309 0
      vertex 31.543769410125094 -38.55801345412645 0
    endloop
  endfacet
  facet normal 0 0 -1
    outer loop
      vertex -31.422647975921045 -38.36715661338309 0
      vertex -31.326402325401148 -38.16262419483242 0
      vertex 31.422647975921045 -38.36715661338309 0
    endloop
  endfacet
  facet normal 0 0 -1
    outer loop
      vertex -31.326402325401148 -38.16262419483242 0
      vertex -31.256550309968464 -37.94764179689674 0
      vertex 31.326402325401148 -38.16262419483242 0
    endloop
  endfacet
  facet normal 0 0 -1
    outer loop
      vertex -31.256550309968464 -37.94764179689674 0
      vertex -31.21419353763394 -37.725599820415745 0
      vertex 31.256550309968464 -37.94764179689674 0
    endloop
  endfacet
  facet normal 0 0 -1
    outer loop
      vertex -31.21419353763394 -37.725599820415745 0
      vertex -31.2 -37.5 0
      vertex 31.256550309968464 -37.94764179689674 0
    endloop
  endfacet
  facet normal 0 0 -1
    outer loop
      vertex -31.2 -37.5 0
      vertex -31.21419353763394 -37.274400179584255 0
      vertex 31.256550309968464 -37.05235820310326 0
    endloop
  endfacet
  facet normal 0 0 -1
    outer loop
      vertex -31.326402325401148 -36.83737580516758 0
      vertex -31.422647975921045 -36.63284338661691 0
      vertex 31.326402325401148 -36.83737580516758 0
    endloop
  endfacet
  facet normal 0 0 -1
    outer loop
      vertex -31.21419353763394 -37.274400179584255 0
      vertex -31.256550309968464 -37.05235820310326 0
      vertex 31.326402325401148 -36.83737580516758 0
    endloop
  endfacet
  facet normal 0 0 -1
    outer loop
      vertex -31.256550309968464 -37.05235820310326 0
      vertex -31.326402325401148 -36.83737580516758 0
      vertex 31.326402325401148 -36.83737580516758 0
    endloop
  endfacet
  facet normal 0 0 -1
    outer loop
      vertex 40.5 -45 0
      vertex -33.11302293515276 -39.29644811117089 0
      vertex -32.88697706484724 -39.29644811117089 0
    endloop
  endfacet
  facet normal 0 0 -1
    outer loop
      vertex 40.5 -45 0
      vertex -32.88697706484724 -39.29644811117089 0
      vertex -32.662713633745696 -39.26811705131164 0
    endloop
  endfacet
  facet normal 0 0 -1
    outer loop
      vertex 40.5 -45 0
      vertex -32.662713633745696 -39.26811705131164 0
      vertex -32.44376941012509 -39.211901729331274 0
    endloop
  endfacet
  facet normal 0 0 -1
    outer loop
      vertex 40.5 -45 0
      vertex -32.44376941012509 -39.211901729331274 0
      vertex -32.233597275182866 -39.128688694438836 0
    endloop
  endfacet
  facet normal 0 0 -1
    outer loop
      vertex 40.5 -45 0
      vertex -32.233597275182866 -39.128688694438836 0
      vertex -32.035511769037804 -39.01979026590363 0
    endloop
  endfacet
  facet normal 0 0 -1
    outer loop
      vertex 40.5 -45 0
      vertex -32.035511769037804 -39.01979026590363 0
      vertex -31.852636818452357 -38.886923836996424 0
    endloop
  endfacet
  facet normal 0 0 -1
    outer loop
      vertex 40.5 -45 0
      vertex -31.852636818452357 -38.886923836996424 0
      vertex -31.68785647064146 -38.73218479067164 0
    endloop
  endfacet
  facet normal 0 0 -1
    outer loop
      vertex -23.31 -25.9 0
      vertex 31.422647975921045 -36.63284338661691 0
      vertex -31.422647975921045 -36.63284338661691 0
    endloop
  endfacet
  facet normal 0 0 1
    outer loop
      vertex -40.5 -45 2
      vertex -34.11246117974981 -40.923803458662555 2
      vertex -34.53280544963426 -40.75737738887767 2
    endloop
  endfacet
  facet normal 0 0 1
    outer loop
      vertex -40.5 -45 2
      vertex -33.67457273250861 -41.03623410262328 2
      vertex -34.11246117974981 -40.923803458662555 2
    endloop
  endfacet
  facet normal 0 0 1
    outer loop
      vertex -40.5 -45 2
      vertex -33.226045870305526 -41.09289622234178 2
      vertex -33.67457273250861 -41.03623410262328 2
    endloop
  endfacet
  facet normal 0 0 1
    outer loop
      vertex -40.5 -45 2
      vertex -32.773954129694474 -41.09289622234178 2
      vertex -33.226045870305526 -41.09289622234178 2
    endloop
  endfacet
  facet normal 0 0 1
    outer loop
      vertex -40.5 -45 2
      vertex -35.62428705871708 -39.96436958134328 2
      vertex -35.91246117974981 -39.616026908252906 2
    endloop
  endfacet
  facet normal 0 0 1
    outer loop
      vertex -40.5 -45 2
      vertex -36.15470404815791 -39.234313226766176 2
      vertex -36.347195349197705 -38.82524838966484 2
    endloop
  endfacet
  facet normal 0 0 1
    outer loop
      vertex -40.5 -45 2
      vertex -35.91246117974981 -39.616026908252906 2
      vertex -36.15470404815791 -39.234313226766176 2
    endloop
  endfacet
  facet normal 0 0 1
    outer loop
      vertex -40.5 -45 2
      vertex -35.29472636309528 -40.27384767399284 2
      vertex -35.62428705871708 -39.96436958134328 2
    endloop
  endfacet
  facet normal 0 0 1
    outer loop
      vertex -40.5 -45 2
      vertex -34.928976461924385 -40.53958053180725 2
      vertex -35.29472636309528 -40.27384767399284 2
    endloop
  endfacet
  facet normal 0 0 1
    outer loop
      vertex -40.5 -45 2
      vertex -36.48689938006307 -38.39528359379348 2
      vertex -36.57161292473212 -37.9511996408315 2
    endloop
  endfacet
  facet normal 0 0 1
    outer loop
      vertex -40.5 -45 2
      vertex -36.347195349197705 -38.82524838966484 2
      vertex -36.48689938006307 -38.39528359379348 2
    endloop
  endfacet
  facet normal 0 0 1
    outer loop
      vertex -40.5 -45 2
      vertex -36.57161292473212 -37.9511996408315 2
      vertex -36.6 -37.5 2
    endloop
  endfacet
  facet normal 0 0 1
    outer loop
      vertex -40.5 -45 2
      vertex -34.53280544963426 -40.75737738887767 2
      vertex -34.928976461924385 -40.53958053180725 2
    endloop
  endfacet
  facet normal 0 0 1
    outer loop
      vertex -40.5 -45 2
      vertex -32.32542726749139 -41.03623410262328 2
      vertex -32.773954129694474 -41.09289622234178 2
    endloop
  endfacet
  facet normal 0 0 1
    outer loop
      vertex -40.5 -45 2
      vertex -31.88753882025019 -40.923803458662555 2
      vertex -32.32542726749139 -41.03623410262328 2
    endloop
  endfacet
  facet normal 0 0 1
    outer loop
      vertex -40.5 -45 2
      vertex -31.46719455036574 -40.75737738887767 2
      vertex -31.88753882025019 -40.923803458662555 2
    endloop
  endfacet
  facet normal 0 0 1
    outer loop
      vertex -36.57161292473212 -37.0488003591685 2
      vertex -36.48689938006307 -36.60471640620652 2
      vertex -35.6 -22.9 2
    endloop
  endfacet
  facet normal 0 0 1
    outer loop
      vertex -36.48689938006307 -36.60471640620652 2
      vertex -36.347195349197705 -36.17475161033516 2
      vertex -35.6 -22.9 2
    endloop
  endfacet
  facet normal 0 0 1
    outer loop
      vertex -36.347195349197705 -36.17475161033516 2
      vertex -36.15470404815791 -35.765686773233824 2
      vertex -35.6 -22.9 2
    endloop
  endfacet
  facet normal 0 0 1
    outer loop
      vertex -36.15470404815791 -35.765686773233824 2
      vertex -35.91246117974981 -35.383973091747094 2
      vertex -35.6 -22.9 2
    endloop
  endfacet
  facet normal 0 0 1
    outer loop
      vertex -35.91246117974981 -35.383973091747094 2
      vertex -35.62428705871708 -35.03563041865672 2
      vertex -35.6 -22.9 2
    endloop
  endfacet
  facet normal 0 0 1
    outer loop
      vertex -35.62428705871708 -35.03563041865672 2
      vertex -35.29472636309528 -34.72615232600716 2
      vertex -35.6 -22.9 2
    endloop
  endfacet
  facet normal 0 0 1
    outer loop
      vertex -35.29472636309528 -34.72615232600716 2
      vertex -34.928976461924385 -34.46041946819275 2
      vertex -35.6 -22.9 2
    endloop
  endfacet
  facet normal 0 0 1
    outer loop
      vertex -34.53280544963426 -34.24262261112233 2
      vertex -35.6 -22.9 2
      vertex -34.928976461924385 -34.46041946819275 2
    endloop
  endfacet
  facet normal 0 0 1
    outer loop
      vertex -34.53280544963426 -34.24262261112233 2
      vertex -34.11246117974981 -34.076196541337445 2
      vertex -35.6 -22.9 2
    endloop
  endfacet
  facet normal 0 0 1
    outer loop
      vertex -34.11246117974981 -34.076196541337445 2
      vertex -33.67457273250861 -33.96376589737672 2
      vertex -35.6 -22.9 2
    endloop
  endfacet
  facet normal 0 0 1
    outer loop
      vertex -33.67457273250861 -33.96376589737672 2
      vertex -33.226045870305526 -33.90710377765822 2
      vertex -35.6 -22.9 2
    endloop
  endfacet
  facet normal 0 0 1
    outer loop
      vertex -33.226045870305526 -33.90710377765822 2
      vertex -32.773954129694474 -33.90710377765822 2
      vertex -35.6 -22.9 2
    endloop
  endfacet
  facet normal 0 0 1
    outer loop
      vertex -32.773954129694474 -33.90710377765822 2
      vertex -32.32542726749139 -33.96376589737672 2
      vertex -35.6 -22.9 2
    endloop
  endfacet
  facet normal 0 0 1
    outer loop
      vertex -31.88753882025019 -34.076196541337445 2
      vertex -35.6 -22.9 2
      vertex -32.32542726749139 -33.96376589737672 2
    endloop
  endfacet
  facet normal 0 0 1
    outer loop
      vertex -31.88753882025019 -34.076196541337445 2
      vertex -31.46719455036574 -34.24262261112233 2
      vertex -35.6 -22.9 2
    endloop
  endfacet
  facet normal 0 0 1
    outer loop
      vertex -35.6 -22.9 2
      vertex -30.37571294128292 -35.03563041865672 2
      vertex -30.087538820250188 -35.383973091747094 2
    endloop
  endfacet
  facet normal 0 0 1
    outer loop
      vertex -35.6 -22.9 2
      vertex -30.087538820250188 -35.383973091747094 2
      vertex -29.84529595184209 -35.765686773233824 2
    endloop
  endfacet
  facet normal 0 0 1
    outer loop
      vertex -31.46719455036574 -34.24262261112233 2
      vertex -31.07102353807561 -34.46041946819275 2
      vertex -35.6 -22.9 2
    endloop
  endfacet
  facet normal 0 0 1
    outer loop
      vertex -30.705273636904717 -34.72615232600716 2
      vertex -35.6 -22.9 2
      vertex -31.07102353807561 -34.46041946819275 2
    endloop
  endfacet
  facet normal 0 0 1
    outer loop
      vertex -30.705273636904717 -34.72615232600716 2
      vertex -30.37571294128292 -35.03563041865672 2
      vertex -35.6 -22.9 2
    endloop
  endfacet
  facet normal -1 0 0
    outer loop
      vertex -40.5 -45 0
      vertex -40.5 -45 2
      vertex -40.5 45 2
    endloop
  endfacet
  facet normal 0 0 1
    outer loop
      vertex -40.5 -45 2
      vertex -36.6 -37.5 2
      vertex -35.6 22.9 2
    endloop
  endfacet
  facet normal 0 0 1
    outer loop
      vertex -36.6 -37.5 2
      vertex -36.57161292473212 -37.0488003591685 2
      vertex -35.6 22.9 2
    endloop
  endfacet
  facet normal 0 0 1
    outer loop
      vertex -36.57161292473212 -37.0488003591685 2
      vertex -35.6 -22.9 2
      vertex -35.6 22.9 2
    endloop
  endfacet
  facet normal 0 -1 0
    outer loop
      vertex -40.5 -45 0
      vertex 40.5 -45 2
      vertex -40.5 -45 2
    endloop
  endfacet
  facet normal 0 0 1
    outer loop
      vertex -40.5 -45 2
      vertex 30.705273636904717 -40.27384767399284 2
      vertex -31.46719455036574 -40.75737738887767 2
    endloop
  endfacet
  facet normal 0 0 1
    outer loop
      vertex -31.46719455036574 -40.75737738887767 2
      vertex 30.705273636904717 -40.27384767399284 2
      vertex -31.071023538075615 -40.53958053180725 2
    endloop
  endfacet
  facet normal 0 0 1
    outer loop
      vertex -31.071023538075615 -40.53958053180725 2
      vertex 30.705273636904717 -40.27384767399284 2
      vertex -30.705273636904717 -40.27384767399284 2
    endloop
  endfacet
  facet normal 0 0 1
    outer loop
      vertex -30.705273636904717 -40.27384767399284 2
      vertex 30.705273636904717 -40.27384767399284 2
      vertex -30.375712941282917 -39.96436958134328 2
    endloop
  endfacet
  facet normal 0 0 1
    outer loop
      vertex -35.6 -22.9 2
      vertex -29.84529595184209 -35.765686773233824 2
      vertex 29.84529595184209 -35.765686773233824 2
    endloop
  endfacet
  facet normal 0 0 1
    outer loop
      vertex -30.375712941282917 -39.96436958134328 2
      vertex 30.375712941282917 -39.96436958134328 2
      vertex -30.087538820250188 -39.616026908252906 2
    endloop
  endfacet
  facet normal 0 0 1
    outer loop
      vertex -30.087538820250188 -39.616026908252906 2
      vertex 30.087538820250188 -39.616026908252906 2
      vertex -29.84529595184209 -39.234313226766176 2
    endloop
  endfacet
  facet normal 0 0 1
    outer loop
      vertex -29.84529595184209 -39.234313226766176 2
      vertex 29.84529595184209 -39.234313226766176 2
      vertex -29.652804650802295 -38.82524838966484 2
    endloop
  endfacet
  facet normal 0 0 1
    outer loop
      vertex -29.652804650802295 -38.82524838966484 2
      vertex 29.652804650802295 -38.82524838966484 2
      vertex -29.513100619936928 -38.39528359379348 2
    endloop
  endfacet
  facet normal 0 0 1
    outer loop
      vertex -29.513100619936928 -38.39528359379348 2
      vertex 29.4 -37.5 2
      vertex -29.428387075267878 -37.9511996408315 2
    endloop
  endfacet
  facet normal 0 0 1
    outer loop
      vertex -29.428387075267878 -37.9511996408315 2
      vertex 29.4 -37.5 2
      vertex -29.4 -37.5 2
    endloop
  endfacet
  facet normal 0 0 1
    outer loop
      vertex -29.4 -37.5 2
      vertex 29.4 -37.5 2
      vertex -29.428387075267878 -37.0488003591685 2
    endloop
  endfacet
  facet normal 0 0 1
    outer loop
      vertex -29.428387075267878 -37.0488003591685 2
      vertex 29.4 -37.5 2
      vertex -29.513100619936928 -36.60471640620652 2
    endloop
  endfacet
  facet normal 0 0 1
    outer loop
      vertex -29.652804650802295 -36.17475161033516 2
      vertex -29.513100619936928 -36.60471640620652 2
      vertex 29.513100619936928 -36.60471640620652 2
    endloop
  endfacet
  facet normal 0 0 1
    outer loop
      vertex -29.652804650802295 -36.17475161033516 2
      vertex 29.652804650802295 -36.17475161033516 2
      vertex -29.84529595184209 -35.765686773233824 2
    endloop
  endfacet
  facet normal 0 0 -1
    outer loop
      vertex -40.5 -45 0
      vertex -40.5 45 0
      vertex -38.6 25.9 0
    endloop
  endfacet
  facet normal -1 0 0
    outer loop
      vertex -40.5 -45 0
      vertex -40.5 45 2
      vertex -40.5 45 0
    endloop
  endfacet
  facet normal 0 0 -1
    outer loop
      vertex -34.456230589874906 36.44198654587355 0
      vertex -34.31214352935854 36.26781520932836 0
      vertex -38.6 25.9 0
    endloop
  endfacet
  facet normal 0 0 -1
    outer loop
      vertex -34.577352024078955 36.63284338661691 0
      vertex -34.456230589874906 36.44198654587355 0
      vertex -38.6 25.9 0
    endloop
  endfacet
  facet normal 0 0 -1
    outer loop
      vertex -34.14736318154764 36.113076163003576 0
      vertex -33.964488230962196 35.98020973409637 0
      vertex -38.6 25.9 0
    endloop
  endfacet
  facet normal 0 0 -1
    outer loop
      vertex -33.964488230962196 35.98020973409637 0
      vertex -33.766402724817134 35.871311305561164 0
      vertex -38.6 25.9 0
    endloop
  endfacet
  facet normal 0 0 -1
    outer loop
      vertex -34.31214352935854 36.26781520932836 0
      vertex -34.14736318154764 36.113076163003576 0
      vertex -38.6 25.9 0
    endloop
  endfacet
  facet normal 0 0 -1
    outer loop
      vertex -34.67359767459885 36.83737580516758 0
      vertex -34.577352024078955 36.63284338661691 0
      vertex -38.6 25.9 0
    endloop
  endfacet
  facet normal 0 0 -1
    outer loop
      vertex -34.74344969003154 37.05235820310326 0
      vertex -34.67359767459885 36.83737580516758 0
      vertex -38.6 25.9 0
    endloop
  endfacet
  facet normal 0 0 -1
    outer loop
      vertex -34.78580646236606 37.274400179584255 0
      vertex -34.74344969003154 37.05235820310326 0
      vertex -38.6 25.9 0
    endloop
  endfacet
  facet normal 0 0 -1
    outer loop
      vertex -33.766402724817134 35.871311305561164 0
      vertex -33.55623058987491 35.788098270668726 0
      vertex -38.6 25.9 0
    endloop
  endfacet
  facet normal 0 0 -1
    outer loop
      vertex -33.55623058987491 35.788098270668726 0
      vertex -33.337286366254304 35.73188294868836 0
      vertex -38.6 25.9 0
    endloop
  endfacet
  facet normal 0 0 -1
    outer loop
      vertex -33.337286366254304 35.73188294868836 0
      vertex -33.11302293515276 35.70355188882911 0
      vertex -38.6 25.9 0
    endloop
  endfacet
  facet normal 0 0 -1
    outer loop
      vertex -33.11302293515276 35.70355188882911 0
      vertex -32.88697706484724 35.70355188882911 0
      vertex -38.6 25.9 0
    endloop
  endfacet
  facet normal 0 0 -1
    outer loop
      vertex -32.88697706484724 35.70355188882911 0
      vertex -32.662713633745696 35.73188294868836 0
      vertex -38.6 25.9 0
    endloop
  endfacet
  facet normal 0 0 -1
    outer loop
      vertex -32.662713633745696 35.73188294868836 0
      vertex -32.44376941012509 35.788098270668726 0
      vertex -38.6 25.9 0
    endloop
  endfacet
  facet normal 0 0 -1
    outer loop
      vertex -32.44376941012509 35.788098270668726 0
      vertex -32.233597275182866 35.871311305561164 0
      vertex -38.6 25.9 0
    endloop
  endfacet
  facet normal 0 0 -1
    outer loop
      vertex -32.233597275182866 35.871311305561164 0
      vertex -32.035511769037804 35.98020973409637 0
      vertex -38.6 25.9 0
    endloop
  endfacet
  facet normal 0 0 -1
    outer loop
      vertex -32.035511769037804 35.98020973409637 0
      vertex -31.852636818452357 36.113076163003576 0
      vertex -38.6 25.9 0
    endloop
  endfacet
  facet normal 0 0 -1
    outer loop
      vertex -31.852636818452357 36.113076163003576 0
      vertex -31.68785647064146 36.26781520932836 0
      vertex -38.6 25.9 0
    endloop
  endfacet
  facet normal 0 0 -1
    outer loop
      vertex -40.5 45 0
      vertex -34.78580646236606 37.274400179584255 0
      vertex -38.6 25.9 0
    endloop
  endfacet
  facet normal 0 0 -1
    outer loop
      vertex -40.5 45 0
      vertex -34.8 37.5 0
      vertex -34.78580646236606 37.274400179584255 0
    endloop
  endfacet
  facet normal 0 0 -1
    outer loop
      vertex -40.5 45 0
      vertex -34.78580646236606 37.725599820415745 0
      vertex -34.8 37.5 0
    endloop
  endfacet
  facet normal 0 0 -1
    outer loop
      vertex -40.5 45 0
      vertex -34.74344969003154 37.94764179689674 0
      vertex -34.78580646236606 37.725599820415745 0
    endloop
  endfacet
  facet normal 0 0 -1
    outer loop
      vertex -40.5 45 0
      vertex -34.67359767459885 38.16262419483242 0
      vertex -34.74344969003154 37.94764179689674 0
    endloop
  endfacet
  facet normal 0 0 -1
    outer loop
      vertex -40.5 45 0
      vertex -34.577352024078955 38.36715661338309 0
      vertex -34.67359767459885 38.16262419483242 0
    endloop
  endfacet
  facet normal 0 0 -1
    outer loop
      vertex -40.5 45 0
      vertex -34.456230589874906 38.55801345412645 0
      vertex -34.577352024078955 38.36715661338309 0
    endloop
  endfacet
  facet normal 0 0 -1
    outer loop
      vertex -40.5 45 0
      vertex -34.31214352935854 38.73218479067164 0
      vertex -34.456230589874906 38.55801345412645 0
    endloop
  endfacet
  facet normal 0 0 -1
    outer loop
      vertex -40.5 45 0
      vertex -34.14736318154764 38.886923836996424 0
      vertex -34.31214352935854 38.73218479067164 0
    endloop
  endfacet
  facet normal 0 0 -1
    outer loop
      vertex -40.5 45 0
      vertex -33.964488230962196 39.01979026590363 0
      vertex -34.14736318154764 38.886923836996424 0
    endloop
  endfacet
  facet normal 0 0 -1
    outer loop
      vertex -40.5 45 0
      vertex -33.766402724817134 39.128688694438836 0
      vertex -33.964488230962196 39.01979026590363 0
    endloop
  endfacet
  facet normal 0 0 -1
    outer loop
      vertex -40.5 45 0
      vertex -33.55623058987491 39.211901729331274 0
      vertex -33.766402724817134 39.128688694438836 0
    endloop
  endfacet
  facet normal 0 0 -1
    outer loop
      vertex -40.5 45 0
      vertex -33.337286366254304 39.26811705131164 0
      vertex -33.55623058987491 39.211901729331274 0
    endloop
  endfacet
  facet normal 0 0 -1
    outer loop
      vertex -40.5 45 0
      vertex -33.11302293515276 39.29644811117089 0
      vertex -33.337286366254304 39.26811705131164 0
    endloop
  endfacet
  facet normal 0 0 -1
    outer loop
      vertex -31.68785647064146 36.26781520932836 0
      vertex 31.68785647064146 38.73218479067164 0
      vertex -38.6 25.9 0
    endloop
  endfacet
  facet normal 0 0 -1
    outer loop
      vertex -40.5 45 0
      vertex 40.5 45 0
      vertex -33.11302293515276 39.29644811117089 0
    endloop
  endfacet
  facet normal 0 0 -1
    outer loop
      vertex 40.5 45 0
      vertex -31.68785647064146 36.26781520932836 0
      vertex -31.543769410125094 36.44198654587355 0
    endloop
  endfacet
  facet normal 0 0 -1
    outer loop
      vertex 40.5 45 0
      vertex -31.543769410125094 36.44198654587355 0
      vertex -31.422647975921045 36.63284338661691 0
    endloop
  endfacet
  facet normal 0 0 -1
    outer loop
      vertex 40.5 45 0
      vertex -32.88697706484724 39.29644811117089 0
      vertex -33.11302293515276 39.29644811117089 0
    endloop
  endfacet
  facet normal 0 0 -1
    outer loop
      vertex 40.5 45 0
      vertex -32.662713633745696 39.26811705131164 0
      vertex -32.88697706484724 39.29644811117089 0
    endloop
  endfacet
  facet normal 0 0 -1
    outer loop
      vertex 40.5 45 0
      vertex -32.233597275182866 39.128688694438836 0
      vertex -32.44376941012509 39.211901729331274 0
    endloop
  endfacet
  facet normal 0 0 -1
    outer loop
      vertex 40.5 45 0
      vertex -32.035511769037804 39.01979026590363 0
      vertex -32.233597275182866 39.128688694438836 0
    endloop
  endfacet
  facet normal 0 0 -1
    outer loop
      vertex 40.5 45 0
      vertex -32.44376941012509 39.211901729331274 0
      vertex -32.662713633745696 39.26811705131164 0
    endloop
  endfacet
  facet normal 0 0 -1
    outer loop
      vertex 40.5 45 0
      vertex -31.852636818452357 38.886923836996424 0
      vertex -32.035511769037804 39.01979026590363 0
    endloop
  endfacet
  facet normal 0 0 -1
    outer loop
      vertex 40.5 45 0
      vertex -31.68785647064146 38.73218479067164 0
      vertex -31.852636818452357 38.886923836996424 0
    endloop
  endfacet
  facet normal 0 0 -1
    outer loop
      vertex 40.5 45 0
      vertex -31.422647975921045 36.63284338661691 0
      vertex -31.326402325401148 36.83737580516758 0
    endloop
  endfacet
  facet normal 0 0 -1
    outer loop
      vertex 40.5 45 0
      vertex -31.326402325401148 36.83737580516758 0
      vertex -31.256550309968464 37.05235820310326 0
    endloop
  endfacet
  facet normal 0 0 -1
    outer loop
      vertex 40.5 45 0
      vertex -31.256550309968464 37.05235820310326 0
      vertex -31.21419353763394 37.274400179584255 0
    endloop
  endfacet
  facet normal 0 0 -1
    outer loop
      vertex 40.5 45 0
      vertex -31.21419353763394 37.274400179584255 0
      vertex -31.2 37.5 0
    endloop
  endfacet
  facet normal 0 0 -1
    outer loop
      vertex 40.5 45 0
      vertex -31.2 37.5 0
      vertex -31.21419353763394 37.725599820415745 0
    endloop
  endfacet
  facet normal 0 0 -1
    outer loop
      vertex 40.5 45 0
      vertex -31.21419353763394 37.725599820415745 0
      vertex -31.256550309968464 37.94764179689674 0
    endloop
  endfacet
  facet normal 0 0 -1
    outer loop
      vertex 40.5 45 0
      vertex -31.256550309968464 37.94764179689674 0
      vertex -31.326402325401148 38.16262419483242 0
    endloop
  endfacet
  facet normal 0 0 -1
    outer loop
      vertex 40.5 45 0
      vertex -31.543769410125094 38.55801345412645 0
      vertex -31.68785647064146 38.73218479067164 0
    endloop
  endfacet
  facet normal 0 0 -1
    outer loop
      vertex 40.5 45 0
      vertex -31.422647975921045 38.36715661338309 0
      vertex -31.543769410125094 38.55801345412645 0
    endloop
  endfacet
  facet normal 0 0 -1
    outer loop
      vertex 40.5 45 0
      vertex -31.326402325401148 38.16262419483242 0
      vertex -31.422647975921045 38.36715661338309 0
    endloop
  endfacet
  facet normal 0 1 0
    outer loop
      vertex -40.5 45 0
      vertex -40.5 45 2
      vertex 40.5 45 0
    endloop
  endfacet
  facet normal 0 0 1
    outer loop
      vertex -40.5 -45 2
      vertex -35.6 22.9 2
      vertex -35.91246117974981 35.383973091747094 2
    endloop
  endfacet
  facet normal 0 0 1
    outer loop
      vertex -40.5 -45 2
      vertex -36.15470404815791 35.765686773233824 2
      vertex -36.347195349197705 36.17475161033516 2
    endloop
  endfacet
  facet normal 0 0 1
    outer loop
      vertex -40.5 -45 2
      vertex -35.91246117974981 35.383973091747094 2
      vertex -36.15470404815791 35.765686773233824 2
    endloop
  endfacet
  facet normal 0 0 1
    outer loop
      vertex -40.5 -45 2
      vertex -36.347195349197705 36.17475161033516 2
      vertex -36.48689938006307 36.60471640620652 2
    endloop
  endfacet
  facet normal 0 0 1
    outer loop
      vertex -40.5 -45 2
      vertex -36.48689938006307 36.60471640620652 2
      vertex -36.57161292473212 37.0488003591685 2
    endloop
  endfacet
  facet normal 0 0 1
    outer loop
      vertex -40.5 -45 2
      vertex -36.57161292473212 37.0488003591685 2
      vertex -36.6 37.5 2
    endloop
  endfacet
  facet normal 0 0 1
    outer loop
      vertex -40.5 -45 2
      vertex -36.6 37.5 2
      vertex -40.5 45 2
    endloop
  endfacet
  facet normal 0 0 1
    outer loop
      vertex -35.62428705871708 35.03563041865672 2
      vertex -35.6 22.9 2
      vertex -35.29472636309528 34.72615232600716 2
    endloop
  endfacet
  facet normal 0 0 1
    outer loop
      vertex -35.62428705871708 35.03563041865672 2
      vertex -35.91246117974981 35.383973091747094 2
      vertex -35.6 22.9 2
    endloop
  endfacet
  facet normal 0 0 1
    outer loop
      vertex -35.29472636309528 34.72615232600716 2
      vertex -35.6 22.9 2
      vertex -34.928976461924385 34.46041946819275 2
    endloop
  endfacet
  facet normal 0 0 1
    outer loop
      vertex -34.928976461924385 34.46041946819275 2
      vertex -35.6 22.9 2
      vertex -34.53280544963426 34.24262261112233 2
    endloop
  endfacet
  facet normal 0 0 1
    outer loop
      vertex -34.11246117974981 34.076196541337445 2
      vertex -34.53280544963426 34.24262261112233 2
      vertex -35.6 22.9 2
    endloop
  endfacet
  facet normal 0 0 1
    outer loop
      vertex -34.11246117974981 34.076196541337445 2
      vertex -35.6 22.9 2
      vertex -33.67457273250861 33.96376589737672 2
    endloop
  endfacet
  facet normal 0 0 1
    outer loop
      vertex -33.67457273250861 33.96376589737672 2
      vertex -35.6 22.9 2
      vertex -33.226045870305526 33.90710377765822 2
    endloop
  endfacet
  facet normal 0 0 1
    outer loop
      vertex -33.226045870305526 33.90710377765822 2
      vertex -35.6 22.9 2
      vertex -32.773954129694474 33.90710377765822 2
    endloop
  endfacet
  facet normal 0 0 1
    outer loop
      vertex -32.773954129694474 33.90710377765822 2
      vertex -35.6 22.9 2
      vertex -32.32542726749139 33.96376589737672 2
    endloop
  endfacet
  facet normal 0 0 1
    outer loop
      vertex -32.32542726749139 33.96376589737672 2
      vertex -35.6 22.9 2
      vertex -31.88753882025019 34.076196541337445 2
    endloop
  endfacet
  facet normal 0 0 1
    outer loop
      vertex -31.88753882025019 34.076196541337445 2
      vertex -35.6 22.9 2
      vertex -31.46719455036574 34.24262261112233 2
    endloop
  endfacet
  facet normal 0 0 1
    outer loop
      vertex -40.5 45 2
      vertex -36.6 37.5 2
      vertex -36.57161292473212 37.9511996408315 2
    endloop
  endfacet
  facet normal 0 0 1
    outer loop
      vertex -40.5 45 2
      vertex -36.57161292473212 37.9511996408315 2
      vertex -36.48689938006307 38.39528359379348 2
    endloop
  endfacet
  facet normal 0 0 1
    outer loop
      vertex -40.5 45 2
      vertex -36.48689938006307 38.39528359379348 2
      vertex -36.347195349197705 38.82524838966484 2
    endloop
  endfacet
  facet normal 0 0 1
    outer loop
      vertex -40.5 45 2
      vertex -36.347195349197705 38.82524838966484 2
      vertex -36.15470404815791 39.234313226766176 2
    endloop
  endfacet
  facet normal 0 0 1
    outer loop
      vertex -40.5 45 2
      vertex -36.15470404815791 39.234313226766176 2
      vertex -35.91246117974981 39.616026908252906 2
    endloop
  endfacet
  facet normal 0 0 1
    outer loop
      vertex -40.5 45 2
      vertex -35.91246117974981 39.616026908252906 2
      vertex -35.62428705871708 39.96436958134328 2
    endloop
  endfacet
  facet normal 0 0 1
    outer loop
      vertex -40.5 45 2
      vertex -35.62428705871708 39.96436958134328 2
      vertex -35.29472636309528 40.27384767399284 2
    endloop
  endfacet
  facet normal 0 0 1
    outer loop
      vertex -40.5 45 2
      vertex -35.29472636309528 40.27384767399284 2
      vertex -34.928976461924385 40.53958053180725 2
    endloop
  endfacet
  facet normal 0 0 1
    outer loop
      vertex -40.5 45 2
      vertex -34.928976461924385 40.53958053180725 2
      vertex -34.53280544963426 40.75737738887767 2
    endloop
  endfacet
  facet normal 0 0 1
    outer loop
      vertex -40.5 45 2
      vertex -34.53280544963426 40.75737738887767 2
      vertex -34.11246117974981 40.923803458662555 2
    endloop
  endfacet
  facet normal 0 0 1
    outer loop
      vertex -40.5 45 2
      vertex -34.11246117974981 40.923803458662555 2
      vertex -33.67457273250861 41.03623410262328 2
    endloop
  endfacet
  facet normal 0 0 1
    outer loop
      vertex -40.5 45 2
      vertex -33.67457273250861 41.03623410262328 2
      vertex -33.226045870305526 41.09289622234178 2
    endloop
  endfacet
  facet normal 0 0 1
    outer loop
      vertex 35.6 22.9 2
      vertex -31.46719455036574 34.24262261112233 2
      vertex -35.6 22.9 2
    endloop
  endfacet
  facet normal 0 0 1
    outer loop
      vertex -40.5 45 2
      vertex -33.226045870305526 41.09289622234178 2
      vertex 40.5 45 2
    endloop
  endfacet
  facet normal 0 0 1
    outer loop
      vertex 35.6 22.9 2
      vertex -31.071023538075615 34.46041946819275 2
      vertex -31.46719455036574 34.24262261112233 2
    endloop
  endfacet
  facet normal 0 0 1
    outer loop
      vertex -31.071023538075615 34.46041946819275 2
      vertex 35.6 22.9 2
      vertex -30.705273636904717 34.72615232600716 2
    endloop
  endfacet
  facet normal 0 0 1
    outer loop
      vertex 35.6 22.9 2
      vertex -30.375712941282917 35.03563041865672 2
      vertex -30.705273636904717 34.72615232600716 2
    endloop
  endfacet
  facet normal 0 0 1
    outer loop
      vertex 35.6 22.9 2
      vertex -30.087538820250188 35.383973091747094 2
      vertex -30.375712941282917 35.03563041865672 2
    endloop
  endfacet
  facet normal 0 0 1
    outer loop
      vertex 35.6 22.9 2
      vertex -29.84529595184209 35.765686773233824 2
      vertex -30.087538820250188 35.383973091747094 2
    endloop
  endfacet
  facet normal 0 0 1
    outer loop
      vertex 35.6 22.9 2
      vertex -29.652804650802295 36.17475161033516 2
      vertex -29.84529595184209 35.765686773233824 2
    endloop
  endfacet
  facet normal 0 0 1
    outer loop
      vertex -29.652804650802295 36.17475161033516 2
      vertex 35.6 22.9 2
      vertex -29.513100619936928 36.60471640620652 2
    endloop
  endfacet
  facet normal 0 0 1
    outer loop
      vertex -29.513100619936928 36.60471640620652 2
      vertex 35.6 22.9 2
      vertex -29.428387075267878 37.0488003591685 2
    endloop
  endfacet
  facet normal 0 0 1
    outer loop
      vertex -29.428387075267878 37.0488003591685 2
      vertex 35.6 22.9 2
      vertex -29.4 37.5 2
    endloop
  endfacet
  facet normal 0 0 1
    outer loop
      vertex -29.4 37.5 2
      vertex 35.6 22.9 2
      vertex -29.428387075267878 37.9511996408315 2
    endloop
  endfacet
  facet normal 0 0 1
    outer loop
      vertex -29.652804650802295 38.82524838966484 2
      vertex 35.6 22.9 2
      vertex -29.84529595184209 39.234313226766176 2
    endloop
  endfacet
  facet normal 0 0 1
    outer loop
      vertex -29.428387075267878 37.9511996408315 2
      vertex 35.6 22.9 2
      vertex -29.513100619936928 38.39528359379348 2
    endloop
  endfacet
  facet normal 0 0 1
    outer loop
      vertex -29.652804650802295 38.82524838966484 2
      vertex -29.513100619936928 38.39528359379348 2
      vertex 35.6 22.9 2
    endloop
  endfacet
  facet normal 0 0 1
    outer loop
      vertex -29.84529595184209 39.234313226766176 2
      vertex 35.6 22.9 2
      vertex -30.087538820250188 39.616026908252906 2
    endloop
  endfacet
  facet normal 0 0 1
    outer loop
      vertex 40.5 45 2
      vertex -33.226045870305526 41.09289622234178 2
      vertex -32.773954129694474 41.09289622234178 2
    endloop
  endfacet
  facet normal 0 0 1
    outer loop
      vertex 40.5 45 2
      vertex -32.773954129694474 41.09289622234178 2
      vertex -32.32542726749139 41.03623410262328 2
    endloop
  endfacet
  facet normal 0 0 1
    outer loop
      vertex 40.5 45 2
      vertex -32.32542726749139 41.03623410262328 2
      vertex -31.88753882025019 40.923803458662555 2
    endloop
  endfacet
  facet normal 0 0 1
    outer loop
      vertex 40.5 45 2
      vertex -31.88753882025019 40.923803458662555 2
      vertex -31.46719455036574 40.75737738887767 2
    endloop
  endfacet
  facet normal 0 0 1
    outer loop
      vertex 40.5 45 2
      vertex -31.46719455036574 40.75737738887767 2
      vertex -31.07102353807561 40.53958053180725 2
    endloop
  endfacet
  facet normal 0 0 1
    outer loop
      vertex 40.5 45 2
      vertex -31.07102353807561 40.53958053180725 2
      vertex -30.705273636904717 40.27384767399284 2
    endloop
  endfacet
  facet normal 0 0 1
    outer loop
      vertex 40.5 45 2
      vertex -30.705273636904717 40.27384767399284 2
      vertex -30.37571294128292 39.96436958134328 2
    endloop
  endfacet
  facet normal 0 0 1
    outer loop
      vertex 40.5 45 2
      vertex -30.37571294128292 39.96436958134328 2
      vertex -30.087538820250188 39.616026908252906 2
    endloop
  endfacet
  facet normal 0 0 -1
    outer loop
      vertex 40.5 -45 0
      vertex -31.68785647064146 -38.73218479067164 0
      vertex 32.035511769037804 -39.01979026590363 0
    endloop
  endfacet
  facet normal 0 0 -1
    outer loop
      vertex -31.68785647064146 -38.73218479067164 0
      vertex 31.85263681845236 -38.886923836996424 0
      vertex 32.035511769037804 -39.01979026590363 0
    endloop
  endfacet
  facet normal 0 0 -1
    outer loop
      vertex -31.68785647064146 -38.73218479067164 0
      vertex 31.68785647064146 -38.73218479067164 0
      vertex 31.85263681845236 -38.886923836996424 0
    endloop
  endfacet
  facet normal 0 0 -1
    outer loop
      vertex -31.543769410125094 -38.55801345412645 0
      vertex 31.543769410125094 -38.55801345412645 0
      vertex 31.68785647064146 -38.73218479067164 0
    endloop
  endfacet
  facet normal 0 0 -1
    outer loop
      vertex -31.422647975921045 -38.36715661338309 0
      vertex 31.422647975921045 -38.36715661338309 0
      vertex 31.543769410125094 -38.55801345412645 0
    endloop
  endfacet
  facet normal 0 0 -1
    outer loop
      vertex -31.326402325401148 -38.16262419483242 0
      vertex 31.326402325401148 -38.16262419483242 0
      vertex 31.422647975921045 -38.36715661338309 0
    endloop
  endfacet
  facet normal 0 0 -1
    outer loop
      vertex -31.256550309968464 -37.94764179689674 0
      vertex 31.256550309968464 -37.94764179689674 0
      vertex 31.326402325401148 -38.16262419483242 0
    endloop
  endfacet
  facet normal 0 0 -1
    outer loop
      vertex -31.2 -37.5 0
      vertex 31.21419353763394 -37.725599820415745 0
      vertex 31.256550309968464 -37.94764179689674 0
    endloop
  endfacet
  facet normal 0 0 -1
    outer loop
      vertex -31.2 -37.5 0
      vertex 31.2 -37.5 0
      vertex 31.21419353763394 -37.725599820415745 0
    endloop
  endfacet
  facet normal 0 0 -1
    outer loop
      vertex -31.2 -37.5 0
      vertex 31.21419353763394 -37.274400179584255 0
      vertex 31.2 -37.5 0
    endloop
  endfacet
  facet normal 0 0 -1
    outer loop
      vertex -31.2 -37.5 0
      vertex 31.256550309968464 -37.05235820310326 0
      vertex 31.21419353763394 -37.274400179584255 0
    endloop
  endfacet
  facet normal 0 0 -1
    outer loop
      vertex -31.21419353763394 -37.274400179584255 0
      vertex 31.326402325401148 -36.83737580516758 0
      vertex 31.256550309968464 -37.05235820310326 0
    endloop
  endfacet
  facet normal 0 0 -1
    outer loop
      vertex -31.422647975921045 -36.63284338661691 0
      vertex 31.422647975921045 -36.63284338661691 0
      vertex 31.326402325401148 -36.83737580516758 0
    endloop
  endfacet
  facet normal 0 0 -1
    outer loop
      vertex -23.31 -25.9 0
      vertex 31.543769410125094 -36.44198654587355 0
      vertex 31.422647975921045 -36.63284338661691 0
    endloop
  endfacet
  facet normal 0 0 -1
    outer loop
      vertex -23.31 -25.9 0
      vertex 38.6 -25.9 0
      vertex 31.543769410125094 -36.44198654587355 0
    endloop
  endfacet
  facet normal 0 -1 0
    outer loop
      vertex -40.5 -45 0
      vertex 40.5 -45 0
      vertex 40.5 -45 2
    endloop
  endfacet
  facet normal 0 0 -1
    outer loop
      vertex 40.5 -45 0
      vertex 32.035511769037804 -39.01979026590363 0
      vertex 32.233597275182866 -39.128688694438836 0
    endloop
  endfacet
  facet normal 0 0 -1
    outer loop
      vertex 40.5 -45 0
      vertex 32.233597275182866 -39.128688694438836 0
      vertex 32.44376941012509 -39.211901729331274 0
    endloop
  endfacet
  facet normal 0 0 -1
    outer loop
      vertex 40.5 -45 0
      vertex 32.44376941012509 -39.211901729331274 0
      vertex 32.662713633745696 -39.26811705131164 0
    endloop
  endfacet
  facet normal 0 0 -1
    outer loop
      vertex 40.5 -45 0
      vertex 32.662713633745696 -39.26811705131164 0
      vertex 32.88697706484724 -39.29644811117089 0
    endloop
  endfacet
  facet normal 0 0 -1
    outer loop
      vertex 40.5 -45 0
      vertex 32.88697706484724 -39.29644811117089 0
      vertex 33.11302293515276 -39.29644811117089 0
    endloop
  endfacet
  facet normal 0 0 -1
    outer loop
      vertex 40.5 -45 0
      vertex 33.11302293515276 -39.29644811117089 0
      vertex 33.337286366254304 -39.26811705131164 0
    endloop
  endfacet
  facet normal 0 0 -1
    outer loop
      vertex 40.5 -45 0
      vertex 33.337286366254304 -39.26811705131164 0
      vertex 33.55623058987491 -39.211901729331274 0
    endloop
  endfacet
  facet normal 0 0 -1
    outer loop
      vertex 40.5 -45 0
      vertex 33.55623058987491 -39.211901729331274 0
      vertex 33.766402724817134 -39.128688694438836 0
    endloop
  endfacet
  facet normal 0 0 -1
    outer loop
      vertex 40.5 -45 0
      vertex 33.766402724817134 -39.128688694438836 0
      vertex 33.964488230962196 -39.01979026590363 0
    endloop
  endfacet
  facet normal 0 0 -1
    outer loop
      vertex 40.5 -45 0
      vertex 33.964488230962196 -39.01979026590363 0
      vertex 34.14736318154764 -38.886923836996424 0
    endloop
  endfacet
  facet normal 0 0 -1
    outer loop
      vertex 40.5 -45 0
      vertex 34.14736318154764 -38.886923836996424 0
      vertex 34.31214352935854 -38.73218479067164 0
    endloop
  endfacet
  facet normal 0 0 -1
    outer loop
      vertex 40.5 -45 0
      vertex 34.31214352935854 -38.73218479067164 0
      vertex 34.456230589874906 -38.55801345412645 0
    endloop
  endfacet
  facet normal 0 0 -1
    outer loop
      vertex 40.5 -45 0
      vertex 34.456230589874906 -38.55801345412645 0
      vertex 34.577352024078955 -38.36715661338309 0
    endloop
  endfacet
  facet normal 0 0 -1
    outer loop
      vertex 40.5 -45 0
      vertex 34.577352024078955 -38.36715661338309 0
      vertex 34.67359767459885 -38.16262419483242 0
    endloop
  endfacet
  facet normal 0 0 -1
    outer loop
      vertex 40.5 -45 0
      vertex 34.67359767459885 -38.16262419483242 0
      vertex 34.74344969003154 -37.94764179689674 0
    endloop
  endfacet
  facet normal 0 0 -1
    outer loop
      vertex 40.5 -45 0
      vertex 34.74344969003154 -37.94764179689674 0
      vertex 34.78580646236606 -37.725599820415745 0
    endloop
  endfacet
  facet normal 0 0 -1
    outer loop
      vertex 40.5 -45 0
      vertex 34.78580646236606 -37.725599820415745 0
      vertex 34.8 -37.5 0
    endloop
  endfacet
  facet normal 0 0 -1
    outer loop
      vertex 40.5 -45 0
      vertex 34.8 -37.5 0
      vertex 34.78580646236606 -37.274400179584255 0
    endloop
  endfacet
  facet normal 0 0 -1
    outer loop
      vertex 40.5 -45 0
      vertex 34.78580646236606 -37.274400179584255 0
      vertex 38.6 -25.9 0
    endloop
  endfacet
  facet normal 0 0 -1
    outer loop
      vertex 31.68785647064146 -36.26781520932836 0
      vertex 31.543769410125094 -36.44198654587355 0
      vertex 38.6 -25.9 0
    endloop
  endfacet
  facet normal 0 0 -1
    outer loop
      vertex 31.85263681845236 -36.113076163003576 0
      vertex 31.68785647064146 -36.26781520932836 0
      vertex 38.6 -25.9 0
    endloop
  endfacet
  facet normal 0 0 -1
    outer loop
      vertex 32.035511769037804 -35.98020973409637 0
      vertex 31.85263681845236 -36.113076163003576 0
      vertex 38.6 -25.9 0
    endloop
  endfacet
  facet normal 0 0 -1
    outer loop
      vertex 32.233597275182866 -35.871311305561164 0
      vertex 32.035511769037804 -35.98020973409637 0
      vertex 38.6 -25.9 0
    endloop
  endfacet
  facet normal 0 0 -1
    outer loop
      vertex 32.44376941012509 -35.788098270668726 0
      vertex 32.233597275182866 -35.871311305561164 0
      vertex 38.6 -25.9 0
    endloop
  endfacet
  facet normal 0 0 -1
    outer loop
      vertex 32.662713633745696 -35.73188294868836 0
      vertex 32.44376941012509 -35.788098270668726 0
      vertex 38.6 -25.9 0
    endloop
  endfacet
  facet normal 0 0 -1
    outer loop
      vertex 32.88697706484724 -35.70355188882911 0
      vertex 32.662713633745696 -35.73188294868836 0
      vertex 38.6 -25.9 0
    endloop
  endfacet
  facet normal 0 0 -1
    outer loop
      vertex 33.11302293515276 -35.70355188882911 0
      vertex 32.88697706484724 -35.70355188882911 0
      vertex 38.6 -25.9 0
    endloop
  endfacet
  facet normal 0 0 -1
    outer loop
      vertex 33.337286366254304 -35.73188294868836 0
      vertex 33.11302293515276 -35.70355188882911 0
      vertex 38.6 -25.9 0
    endloop
  endfacet
  facet normal 0 0 -1
    outer loop
      vertex 33.55623058987491 -35.788098270668726 0
      vertex 33.337286366254304 -35.73188294868836 0
      vertex 38.6 -25.9 0
    endloop
  endfacet
  facet normal 0 0 -1
    outer loop
      vertex 33.766402724817134 -35.871311305561164 0
      vertex 33.55623058987491 -35.788098270668726 0
      vertex 38.6 -25.9 0
    endloop
  endfacet
  facet normal 0 0 -1
    outer loop
      vertex 34.78580646236606 -37.274400179584255 0
      vertex 34.74344969003154 -37.05235820310326 0
      vertex 38.6 -25.9 0
    endloop
  endfacet
  facet normal 0 0 -1
    outer loop
      vertex 34.74344969003154 -37.05235820310326 0
      vertex 34.67359767459885 -36.83737580516758 0
      vertex 38.6 -25.9 0
    endloop
  endfacet
  facet normal 0 0 -1
    outer loop
      vertex 34.67359767459885 -36.83737580516758 0
      vertex 34.577352024078955 -36.63284338661691 0
      vertex 38.6 -25.9 0
    endloop
  endfacet
  facet normal 0 0 -1
    outer loop
      vertex 34.31214352935854 -36.26781520932836 0
      vertex 34.14736318154764 -36.113076163003576 0
      vertex 38.6 -25.9 0
    endloop
  endfacet
  facet normal 0 0 -1
    outer loop
      vertex 33.964488230962196 -35.98020973409637 0
      vertex 33.766402724817134 -35.871311305561164 0
      vertex 38.6 -25.9 0
    endloop
  endfacet
  facet normal 0 0 -1
    outer loop
      vertex 34.14736318154764 -36.113076163003576 0
      vertex 33.964488230962196 -35.98020973409637 0
      vertex 38.6 -25.9 0
    endloop
  endfacet
  facet normal 0 0 -1
    outer loop
      vertex 34.577352024078955 -36.63284338661691 0
      vertex 34.456230589874906 -36.44198654587355 0
      vertex 38.6 -25.9 0
    endloop
  endfacet
  facet normal 0 0 -1
    outer loop
      vertex 34.456230589874906 -36.44198654587355 0
      vertex 34.31214352935854 -36.26781520932836 0
      vertex 38.6 -25.9 0
    endloop
  endfacet
  facet normal 0 0 -1
    outer loop
      vertex 40.5 -45 0
      vertex 38.6 -25.9 0
      vertex 40.5 45 0
    endloop
  endfacet
  facet normal 1 0 0
    outer loop
      vertex 40.5 -45 0
      vertex 40.5 45 0
      vertex 40.5 -45 2
    endloop
  endfacet
  facet normal 0 0 1
    outer loop
      vertex -40.5 -45 2
      vertex 31.07102353807561 -40.53958053180725 2
      vertex 30.705273636904717 -40.27384767399284 2
    endloop
  endfacet
  facet normal 0 0 1
    outer loop
      vertex -40.5 -45 2
      vertex 31.46719455036574 -40.75737738887767 2
      vertex 31.07102353807561 -40.53958053180725 2
    endloop
  endfacet
  facet normal 0 0 1
    outer loop
      vertex -40.5 -45 2
      vertex 31.88753882025019 -40.923803458662555 2
      vertex 31.46719455036574 -40.75737738887767 2
    endloop
  endfacet
  facet normal 0 0 1
    outer loop
      vertex -40.5 -45 2
      vertex 32.32542726749139 -41.03623410262328 2
      vertex 31.88753882025019 -40.923803458662555 2
    endloop
  endfacet
  facet normal 0 0 1
    outer loop
      vertex -40.5 -45 2
      vertex 32.773954129694474 -41.09289622234178 2
      vertex 32.32542726749139 -41.03623410262328 2
    endloop
  endfacet
  facet normal 0 0 1
    outer loop
      vertex -40.5 -45 2
      vertex 33.226045870305526 -41.09289622234178 2
      vertex 32.773954129694474 -41.09289622234178 2
    endloop
  endfacet
  facet normal 0 0 1
    outer loop
      vertex -29.84529595184209 -39.234313226766176 2
      vertex 30.087538820250188 -39.616026908252906 2
      vertex 29.84529595184209 -39.234313226766176 2
    endloop
  endfacet
  facet normal 0 0 1
    outer loop
      vertex -29.652804650802295 -38.82524838966484 2
      vertex 29.84529595184209 -39.234313226766176 2
      vertex 29.652804650802295 -38.82524838966484 2
    endloop
  endfacet
  facet normal 0 0 1
    outer loop
      vertex -29.513100619936928 -38.39528359379348 2
      vertex 29.652804650802295 -38.82524838966484 2
      vertex 29.513100619936928 -38.39528359379348 2
    endloop
  endfacet
  facet normal 0 0 1
    outer loop
      vertex -29.513100619936928 -38.39528359379348 2
      vertex 29.513100619936928 -38.39528359379348 2
      vertex 29.428387075267878 -37.9511996408315 2
    endloop
  endfacet
  facet normal 0 0 1
    outer loop
      vertex -29.513100619936928 -38.39528359379348 2
      vertex 29.428387075267878 -37.9511996408315 2
      vertex 29.4 -37.5 2
    endloop
  endfacet
  facet normal 0 0 1
    outer loop
      vertex -29.513100619936928 -36.60471640620652 2
      vertex 29.4 -37.5 2
      vertex 29.428387075267878 -37.0488003591685 2
    endloop
  endfacet
  facet normal 0 0 1
    outer loop
      vertex -29.513100619936928 -36.60471640620652 2
      vertex 29.428387075267878 -37.0488003591685 2
      vertex 29.513100619936928 -36.60471640620652 2
    endloop
  endfacet
  facet normal 0 0 1
    outer loop
      vertex -29.652804650802295 -36.17475161033516 2
      vertex 29.513100619936928 -36.60471640620652 2
      vertex 29.652804650802295 -36.17475161033516 2
    endloop
  endfacet
  facet normal 0 0 1
    outer loop
      vertex -29.84529595184209 -35.765686773233824 2
      vertex 29.652804650802295 -36.17475161033516 2
      vertex 29.84529595184209 -35.765686773233824 2
    endloop
  endfacet
  facet normal 0 0 1
    outer loop
      vertex -35.6 -22.9 2
      vertex 29.84529595184209 -35.765686773233824 2
      vertex 30.087538820250188 -35.383973091747094 2
    endloop
  endfacet
  facet normal 0 0 1
    outer loop
      vertex -35.6 -22.9 2
      vertex 30.087538820250188 -35.383973091747094 2
      vertex 30.375712941282917 -35.03563041865672 2
    endloop
  endfacet
  facet normal 0 0 1
    outer loop
      vertex -35.6 -22.9 2
      vertex 30.375712941282917 -35.03563041865672 2
      vertex 30.705273636904717 -34.72615232600716 2
    endloop
  endfacet
  facet normal 0 0 1
    outer loop
      vertex -35.6 -22.9 2
      vertex 30.705273636904717 -34.72615232600716 2
      vertex 31.07102353807561 -34.46041946819275 2
    endloop
  endfacet
  facet normal 0 0 1
    outer loop
      vertex -35.6 -22.9 2
      vertex 31.07102353807561 -34.46041946819275 2
      vertex 31.46719455036574 -34.24262261112233 2
    endloop
  endfacet
  facet normal 0 0 1
    outer loop
      vertex -40.5 -45 2
      vertex 40.5 -45 2
      vertex 33.226045870305526 -41.09289622234178 2
    endloop
  endfacet
  facet normal 0 0 1
    outer loop
      vertex -30.375712941282917 -39.96436958134328 2
      vertex 30.705273636904717 -40.27384767399284 2
      vertex 30.375712941282917 -39.96436958134328 2
    endloop
  endfacet
  facet normal 0 0 1
    outer loop
      vertex -30.087538820250188 -39.616026908252906 2
      vertex 30.375712941282917 -39.96436958134328 2
      vertex 30.087538820250188 -39.616026908252906 2
    endloop
  endfacet
  facet normal 0 0 1
    outer loop
      vertex -35.6 -22.9 2
      vertex 31.46719455036574 -34.24262261112233 2
      vertex 35.6 -22.9 2
    endloop
  endfacet
  facet normal 0 0 1
    outer loop
      vertex 40.5 -45 2
      vertex 33.67457273250861 -41.03623410262328 2
      vertex 33.226045870305526 -41.09289622234178 2
    endloop
  endfacet
  facet normal 0 0 1
    outer loop
      vertex 40.5 -45 2
      vertex 34.11246117974981 -40.923803458662555 2
      vertex 33.67457273250861 -41.03623410262328 2
    endloop
  endfacet
  facet normal 0 0 1
    outer loop
      vertex 40.5 -45 2
      vertex 34.53280544963426 -40.75737738887767 2
      vertex 34.11246117974981 -40.923803458662555 2
    endloop
  endfacet
  facet normal 0 0 1
    outer loop
      vertex 40.5 -45 2
      vertex 34.928976461924385 -40.53958053180725 2
      vertex 34.53280544963426 -40.75737738887767 2
    endloop
  endfacet
  facet normal 0 0 1
    outer loop
      vertex 40.5 -45 2
      vertex 35.294726363095286 -40.27384767399284 2
      vertex 34.928976461924385 -40.53958053180725 2
    endloop
  endfacet
  facet normal 0 0 1
    outer loop
      vertex 40.5 -45 2
      vertex 35.62428705871708 -39.96436958134328 2
      vertex 35.294726363095286 -40.27384767399284 2
    endloop
  endfacet
  facet normal 0 0 1
    outer loop
      vertex 40.5 -45 2
      vertex 35.91246117974981 -39.616026908252906 2
      vertex 35.62428705871708 -39.96436958134328 2
    endloop
  endfacet
  facet normal 0 0 1
    outer loop
      vertex 40.5 -45 2
      vertex 36.15470404815791 -39.234313226766176 2
      vertex 35.91246117974981 -39.616026908252906 2
    endloop
  endfacet
  facet normal 0 0 1
    outer loop
      vertex 40.5 -45 2
      vertex 36.347195349197705 -38.82524838966484 2
      vertex 36.15470404815791 -39.234313226766176 2
    endloop
  endfacet
  facet normal 0 0 1
    outer loop
      vertex 40.5 -45 2
      vertex 36.48689938006307 -38.39528359379348 2
      vertex 36.347195349197705 -38.82524838966484 2
    endloop
  endfacet
  facet normal 0 0 1
    outer loop
      vertex 40.5 -45 2
      vertex 36.57161292473212 -37.9511996408315 2
      vertex 36.48689938006307 -38.39528359379348 2
    endloop
  endfacet
  facet normal 0 0 1
    outer loop
      vertex 40.5 -45 2
      vertex 36.6 -37.5 2
      vertex 36.57161292473212 -37.9511996408315 2
    endloop
  endfacet
  facet normal 0 0 1
    outer loop
      vertex 35.6 -22.9 2
      vertex 31.46719455036574 -34.24262261112233 2
      vertex 31.88753882025019 -34.076196541337445 2
    endloop
  endfacet
  facet normal 0 0 1
    outer loop
      vertex 35.6 -22.9 2
      vertex 31.88753882025019 -34.076196541337445 2
      vertex 32.32542726749139 -33.96376589737672 2
    endloop
  endfacet
  facet normal 0 0 1
    outer loop
      vertex 35.6 -22.9 2
      vertex 32.32542726749139 -33.96376589737672 2
      vertex 32.773954129694474 -33.90710377765822 2
    endloop
  endfacet
  facet normal 0 0 1
    outer loop
      vertex 35.6 -22.9 2
      vertex 32.773954129694474 -33.90710377765822 2
      vertex 33.226045870305526 -33.90710377765822 2
    endloop
  endfacet
  facet normal 0 0 1
    outer loop
      vertex 35.6 -22.9 2
      vertex 33.226045870305526 -33.90710377765822 2
      vertex 33.67457273250861 -33.96376589737672 2
    endloop
  endfacet
  facet normal 0 0 1
    outer loop
      vertex 35.6 -22.9 2
      vertex 33.67457273250861 -33.96376589737672 2
      vertex 34.11246117974981 -34.076196541337445 2
    endloop
  endfacet
  facet normal 0 0 1
    outer loop
      vertex 35.6 -22.9 2
      vertex 34.11246117974981 -34.076196541337445 2
      vertex 34.53280544963426 -34.24262261112233 2
    endloop
  endfacet
  facet normal 0 0 1
    outer loop
      vertex 35.6 -22.9 2
      vertex 34.53280544963426 -34.24262261112233 2
      vertex 34.928976461924385 -34.46041946819275 2
    endloop
  endfacet
  facet normal 0 0 1
    outer loop
      vertex 35.6 -22.9 2
      vertex 34.928976461924385 -34.46041946819275 2
      vertex 35.294726363095286 -34.72615232600716 2
    endloop
  endfacet
  facet normal 0 0 1
    outer loop
      vertex 35.6 -22.9 2
      vertex 35.62428705871708 -35.03563041865672 2
      vertex 35.91246117974981 -35.383973091747094 2
    endloop
  endfacet
  facet normal 0 0 1
    outer loop
      vertex 35.6 -22.9 2
      vertex 35.91246117974981 -35.383973091747094 2
      vertex 36.15470404815791 -35.765686773233824 2
    endloop
  endfacet
  facet normal 0 0 1
    outer loop
      vertex 35.6 -22.9 2
      vertex 36.15470404815791 -35.765686773233824 2
      vertex 36.347195349197705 -36.17475161033516 2
    endloop
  endfacet
  facet normal 0 0 1
    outer loop
      vertex 35.6 -22.9 2
      vertex 36.48689938006307 -36.60471640620652 2
      vertex 36.57161292473212 -37.0488003591685 2
    endloop
  endfacet
  facet normal 0 0 1
    outer loop
      vertex 35.6 -22.9 2
      vertex 36.347195349197705 -36.17475161033516 2
      vertex 36.48689938006307 -36.60471640620652 2
    endloop
  endfacet
  facet normal 0 0 1
    outer loop
      vertex 35.6 -22.9 2
      vertex 35.294726363095286 -34.72615232600716 2
      vertex 35.62428705871708 -35.03563041865672 2
    endloop
  endfacet
  facet normal 0 0 1
    outer loop
      vertex 40.5 -45 2
      vertex 35.6 22.9 2
      vertex 36.6 -37.5 2
    endloop
  endfacet
  facet normal 0 0 1
    outer loop
      vertex 36.6 -37.5 2
      vertex 35.6 22.9 2
      vertex 36.57161292473212 -37.0488003591685 2
    endloop
  endfacet
  facet normal 0 0 1
    outer loop
      vertex 35.6 -22.9 2
      vertex 36.57161292473212 -37.0488003591685 2
      vertex 35.6 22.9 2
    endloop
  endfacet
  facet normal 0 0 -1
    outer loop
      vertex -38.6 25.9 0
      vertex 31.543769410125094 36.44198654587355 0
      vertex 31.68785647064146 36.26781520932836 0
    endloop
  endfacet
  facet normal 0 0 -1
    outer loop
      vertex -38.6 25.9 0
      vertex 31.422647975921045 36.63284338661691 0
      vertex 31.543769410125094 36.44198654587355 0
    endloop
  endfacet
  facet normal 0 0 -1
    outer loop
      vertex -38.6 25.9 0
      vertex 31.326402325401148 36.83737580516758 0
      vertex 31.422647975921045 36.63284338661691 0
    endloop
  endfacet
  facet normal 0 0 -1
    outer loop
      vertex -38.6 25.9 0
      vertex 31.256550309968464 37.05235820310326 0
      vertex 31.326402325401148 36.83737580516758 0
    endloop
  endfacet
  facet normal 0 0 -1
    outer loop
      vertex -38.6 25.9 0
      vertex 31.21419353763394 37.274400179584255 0
      vertex 31.256550309968464 37.05235820310326 0
    endloop
  endfacet
  facet normal 0 0 -1
    outer loop
      vertex -38.6 25.9 0
      vertex 31.2 37.5 0
      vertex 31.21419353763394 37.274400179584255 0
    endloop
  endfacet
  facet normal 0 0 -1
    outer loop
      vertex -38.6 25.9 0
      vertex 31.21419353763394 37.725599820415745 0
      vertex 31.2 37.5 0
    endloop
  endfacet
  facet normal 0 0 -1
    outer loop
      vertex -38.6 25.9 0
      vertex 31.85263681845236 36.113076163003576 0
      vertex 32.035511769037804 35.98020973409637 0
    endloop
  endfacet
  facet normal 0 0 -1
    outer loop
      vertex -38.6 25.9 0
      vertex 31.68785647064146 36.26781520932836 0
      vertex 31.85263681845236 36.113076163003576 0
    endloop
  endfacet
  facet normal 0 0 -1
    outer loop
      vertex -38.6 25.9 0
      vertex 32.035511769037804 35.98020973409637 0
      vertex 32.233597275182866 35.871311305561164 0
    endloop
  endfacet
  facet normal 0 0 -1
    outer loop
      vertex -38.6 25.9 0
      vertex 32.233597275182866 35.871311305561164 0
      vertex 32.44376941012509 35.788098270668726 0
    endloop
  endfacet
  facet normal 0 0 -1
    outer loop
      vertex -38.6 25.9 0
      vertex 31.256550309968464 37.94764179689674 0
      vertex 31.21419353763394 37.725599820415745 0
    endloop
  endfacet
  facet normal 0 0 -1
    outer loop
      vertex -38.6 25.9 0
      vertex 31.326402325401148 38.16262419483242 0
      vertex 31.256550309968464 37.94764179689674 0
    endloop
  endfacet
  facet normal 0 0 -1
    outer loop
      vertex -38.6 25.9 0
      vertex 31.422647975921045 38.36715661338309 0
      vertex 31.326402325401148 38.16262419483242 0
    endloop
  endfacet
  facet normal 0 0 -1
    outer loop
      vertex -38.6 25.9 0
      vertex 31.543769410125094 38.55801345412645 0
      vertex 31.422647975921045 38.36715661338309 0
    endloop
  endfacet
  facet normal 0 0 -1
    outer loop
      vertex -38.6 25.9 0
      vertex 31.68785647064146 38.73218479067164 0
      vertex 31.543769410125094 38.55801345412645 0
    endloop
  endfacet
  facet normal 0 0 -1
    outer loop
      vertex -38.6 25.9 0
      vertex 32.44376941012509 35.788098270668726 0
      vertex 38.6 25.9 0
    endloop
  endfacet
  facet normal 0 0 -1
    outer loop
      vertex -31.68785647064146 36.26781520932836 0
      vertex 31.85263681845236 38.886923836996424 0
      vertex 31.68785647064146 38.73218479067164 0
    endloop
  endfacet
  facet normal 0 0 -1
    outer loop
      vertex -31.68785647064146 36.26781520932836 0
      vertex 32.035511769037804 39.01979026590363 0
      vertex 31.85263681845236 38.886923836996424 0
    endloop
  endfacet
  facet normal 0 0 -1
    outer loop
      vertex -31.68785647064146 36.26781520932836 0
      vertex 32.233597275182866 39.128688694438836 0
      vertex 32.035511769037804 39.01979026590363 0
    endloop
  endfacet
  facet normal 0 0 -1
    outer loop
      vertex -31.68785647064146 36.26781520932836 0
      vertex 32.44376941012509 39.211901729331274 0
      vertex 32.233597275182866 39.128688694438836 0
    endloop
  endfacet
  facet normal 0 0 -1
    outer loop
      vertex -31.68785647064146 36.26781520932836 0
      vertex 32.662713633745696 39.26811705131164 0
      vertex 32.44376941012509 39.211901729331274 0
    endloop
  endfacet
  facet normal 0 0 -1
    outer loop
      vertex -31.68785647064146 36.26781520932836 0
      vertex 32.88697706484724 39.29644811117089 0
      vertex 32.662713633745696 39.26811705131164 0
    endloop
  endfacet
  facet normal 0 0 -1
    outer loop
      vertex 40.5 45 0
      vertex 32.88697706484724 39.29644811117089 0
      vertex -31.68785647064146 36.26781520932836 0
    endloop
  endfacet
  facet normal 0 0 -1
    outer loop
      vertex 40.5 45 0
      vertex 38.6 -25.9 0
      vertex 38.6 25.9 0
    endloop
  endfacet
  facet normal 0 0 -1
    outer loop
      vertex 38.6 25.9 0
      vertex 32.44376941012509 35.788098270668726 0
      vertex 32.662713633745696 35.73188294868836 0
    endloop
  endfacet
  facet normal 0 0 -1
    outer loop
      vertex 38.6 25.9 0
      vertex 32.662713633745696 35.73188294868836 0
      vertex 32.88697706484724 35.70355188882911 0
    endloop
  endfacet
  facet normal 0 0 -1
    outer loop
      vertex 38.6 25.9 0
      vertex 32.88697706484724 35.70355188882911 0
      vertex 33.11302293515276 35.70355188882911 0
    endloop
  endfacet
  facet normal 0 0 -1
    outer loop
      vertex 38.6 25.9 0
      vertex 33.11302293515276 35.70355188882911 0
      vertex 33.337286366254304 35.73188294868836 0
    endloop
  endfacet
  facet normal 0 0 -1
    outer loop
      vertex 38.6 25.9 0
      vertex 33.337286366254304 35.73188294868836 0
      vertex 33.55623058987491 35.788098270668726 0
    endloop
  endfacet
  facet normal 0 0 -1
    outer loop
      vertex 38.6 25.9 0
      vertex 33.55623058987491 35.788098270668726 0
      vertex 33.766402724817134 35.871311305561164 0
    endloop
  endfacet
  facet normal 0 0 -1
    outer loop
      vertex 38.6 25.9 0
      vertex 33.766402724817134 35.871311305561164 0
      vertex 33.964488230962196 35.98020973409637 0
    endloop
  endfacet
  facet normal 0 0 -1
    outer loop
      vertex 38.6 25.9 0
      vertex 33.964488230962196 35.98020973409637 0
      vertex 34.14736318154764 36.113076163003576 0
    endloop
  endfacet
  facet normal 0 0 -1
    outer loop
      vertex 38.6 25.9 0
      vertex 34.14736318154764 36.113076163003576 0
      vertex 34.31214352935854 36.26781520932836 0
    endloop
  endfacet
  facet normal 0 0 -1
    outer loop
      vertex 38.6 25.9 0
      vertex 34.31214352935854 36.26781520932836 0
      vertex 34.456230589874906 36.44198654587355 0
    endloop
  endfacet
  facet normal 0 0 -1
    outer loop
      vertex 38.6 25.9 0
      vertex 34.456230589874906 36.44198654587355 0
      vertex 34.577352024078955 36.63284338661691 0
    endloop
  endfacet
  facet normal 0 0 -1
    outer loop
      vertex 38.6 25.9 0
      vertex 34.577352024078955 36.63284338661691 0
      vertex 34.67359767459885 36.83737580516758 0
    endloop
  endfacet
  facet normal 0 0 -1
    outer loop
      vertex 38.6 25.9 0
      vertex 34.67359767459885 36.83737580516758 0
      vertex 34.74344969003154 37.05235820310326 0
    endloop
  endfacet
  facet normal 0 0 -1
    outer loop
      vertex 38.6 25.9 0
      vertex 34.74344969003154 37.05235820310326 0
      vertex 34.78580646236606 37.274400179584255 0
    endloop
  endfacet
  facet normal 0 0 -1
    outer loop
      vertex 40.5 45 0
      vertex 38.6 25.9 0
      vertex 34.78580646236606 37.274400179584255 0
    endloop
  endfacet
  facet normal 0 0 -1
    outer loop
      vertex 40.5 45 0
      vertex 34.78580646236606 37.274400179584255 0
      vertex 34.8 37.5 0
    endloop
  endfacet
  facet normal 0 0 -1
    outer loop
      vertex 40.5 45 0
      vertex 34.8 37.5 0
      vertex 34.78580646236606 37.725599820415745 0
    endloop
  endfacet
  facet normal 0 0 -1
    outer loop
      vertex 40.5 45 0
      vertex 34.78580646236606 37.725599820415745 0
      vertex 34.74344969003154 37.94764179689674 0
    endloop
  endfacet
  facet normal 0 0 -1
    outer loop
      vertex 40.5 45 0
      vertex 34.74344969003154 37.94764179689674 0
      vertex 34.67359767459885 38.16262419483242 0
    endloop
  endfacet
  facet normal 0 0 -1
    outer loop
      vertex 40.5 45 0
      vertex 34.456230589874906 38.55801345412645 0
      vertex 34.31214352935854 38.73218479067164 0
    endloop
  endfacet
  facet normal 0 0 -1
    outer loop
      vertex 40.5 45 0
      vertex 34.577352024078955 38.36715661338309 0
      vertex 34.456230589874906 38.55801345412645 0
    endloop
  endfacet
  facet normal 0 0 -1
    outer loop
      vertex 40.5 45 0
      vertex 34.67359767459885 38.16262419483242 0
      vertex 34.577352024078955 38.36715661338309 0
    endloop
  endfacet
  facet normal 0 0 -1
    outer loop
      vertex 40.5 45 0
      vertex 33.11302293515276 39.29644811117089 0
      vertex 32.88697706484724 39.29644811117089 0
    endloop
  endfacet
  facet normal 0 0 -1
    outer loop
      vertex 40.5 45 0
      vertex 33.337286366254304 39.26811705131164 0
      vertex 33.11302293515276 39.29644811117089 0
    endloop
  endfacet
  facet normal 0 0 -1
    outer loop
      vertex 40.5 45 0
      vertex 33.766402724817134 39.128688694438836 0
      vertex 33.55623058987491 39.211901729331274 0
    endloop
  endfacet
  facet normal 0 0 -1
    outer loop
      vertex 40.5 45 0
      vertex 33.55623058987491 39.211901729331274 0
      vertex 33.337286366254304 39.26811705131164 0
    endloop
  endfacet
  facet normal 0 0 -1
    outer loop
      vertex 40.5 45 0
      vertex 33.964488230962196 39.01979026590363 0
      vertex 33.766402724817134 39.128688694438836 0
    endloop
  endfacet
  facet normal 0 0 -1
    outer loop
      vertex 40.5 45 0
      vertex 34.14736318154764 38.886923836996424 0
      vertex 33.964488230962196 39.01979026590363 0
    endloop
  endfacet
  facet normal 0 0 -1
    outer loop
      vertex 40.5 45 0
      vertex 34.31214352935854 38.73218479067164 0
      vertex 34.14736318154764 38.886923836996424 0
    endloop
  endfacet
  facet normal 0 1 0
    outer loop
      vertex -40.5 45 2
      vertex 40.5 45 2
      vertex 40.5 45 0
    endloop
  endfacet
  facet normal 0 0 1
    outer loop
      vertex -30.087538820250188 39.616026908252906 2
      vertex 29.84529595184209 35.765686773233824 2
      vertex 29.652804650802295 36.17475161033516 2
    endloop
  endfacet
  facet normal 0 0 1
    outer loop
      vertex -30.087538820250188 39.616026908252906 2
      vertex 29.652804650802295 36.17475161033516 2
      vertex 29.513100619936928 36.60471640620652 2
    endloop
  endfacet
  facet normal 0 0 1
    outer loop
      vertex -30.087538820250188 39.616026908252906 2
      vertex 29.513100619936928 36.60471640620652 2
      vertex 29.428387075267878 37.0488003591685 2
    endloop
  endfacet
  facet normal 0 0 1
    outer loop
      vertex -30.087538820250188 39.616026908252906 2
      vertex 29.428387075267878 37.0488003591685 2
      vertex 29.4 37.5 2
    endloop
  endfacet
  facet normal 0 0 1
    outer loop
      vertex -30.087538820250188 39.616026908252906 2
      vertex 29.4 37.5 2
      vertex 29.428387075267878 37.9511996408315 2
    endloop
  endfacet
  facet normal 0 0 1
    outer loop
      vertex -30.087538820250188 39.616026908252906 2
      vertex 29.428387075267878 37.9511996408315 2
      vertex 29.513100619936928 38.39528359379348 2
    endloop
  endfacet
  facet normal 0 0 1
    outer loop
      vertex -30.087538820250188 39.616026908252906 2
      vertex 29.513100619936928 38.39528359379348 2
      vertex 29.652804650802295 38.82524838966484 2
    endloop
  endfacet
  facet normal 0 0 1
    outer loop
      vertex -30.087538820250188 39.616026908252906 2
      vertex 29.652804650802295 38.82524838966484 2
      vertex 29.84529595184209 39.234313226766176 2
    endloop
  endfacet
  facet normal 0 0 1
    outer loop
      vertex -30.087538820250188 39.616026908252906 2
      vertex 29.84529595184209 39.234313226766176 2
      vertex 30.087538820250188 39.616026908252906 2
    endloop
  endfacet
  facet normal 0 0 1
    outer loop
      vertex -30.087538820250188 39.616026908252906 2
      vertex 35.6 22.9 2
      vertex 29.84529595184209 35.765686773233824 2
    endloop
  endfacet
  facet normal 0 0 1
    outer loop
      vertex -30.087538820250188 39.616026908252906 2
      vertex 30.087538820250188 39.616026908252906 2
      vertex 30.375712941282917 39.96436958134328 2
    endloop
  endfacet
  facet normal 0 0 1
    outer loop
      vertex -30.087538820250188 39.616026908252906 2
      vertex 30.375712941282917 39.96436958134328 2
      vertex 30.705273636904717 40.27384767399284 2
    endloop
  endfacet
  facet normal 0 0 1
    outer loop
      vertex -30.087538820250188 39.616026908252906 2
      vertex 30.705273636904717 40.27384767399284 2
      vertex 31.07102353807561 40.53958053180725 2
    endloop
  endfacet
  facet normal 0 0 1
    outer loop
      vertex -30.087538820250188 39.616026908252906 2
      vertex 31.07102353807561 40.53958053180725 2
      vertex 31.46719455036574 40.75737738887767 2
    endloop
  endfacet
  facet normal 0 0 1
    outer loop
      vertex -30.087538820250188 39.616026908252906 2
      vertex 31.46719455036574 40.75737738887767 2
      vertex 31.88753882025019 40.923803458662555 2
    endloop
  endfacet
  facet normal 0 0 1
    outer loop
      vertex -30.087538820250188 39.616026908252906 2
      vertex 31.88753882025019 40.923803458662555 2
      vertex 32.32542726749139 41.03623410262328 2
    endloop
  endfacet
  facet normal 0 0 1
    outer loop
      vertex -30.087538820250188 39.616026908252906 2
      vertex 32.32542726749139 41.03623410262328 2
      vertex 32.773954129694474 41.09289622234178 2
    endloop
  endfacet
  facet normal 0 0 1
    outer loop
      vertex 40.5 45 2
      vertex -30.087538820250188 39.616026908252906 2
      vertex 32.773954129694474 41.09289622234178 2
    endloop
  endfacet
  facet normal 1 0 0
    outer loop
      vertex 40.5 -45 2
      vertex 40.5 45 0
      vertex 40.5 45 2
    endloop
  endfacet
  facet normal 0 0 1
    outer loop
      vertex 40.5 -45 2
      vertex 34.928976461924385 34.46041946819275 2
      vertex 35.6 22.9 2
    endloop
  endfacet
  facet normal 0 0 1
    outer loop
      vertex 40.5 -45 2
      vertex 35.294726363095286 34.72615232600716 2
      vertex 34.928976461924385 34.46041946819275 2
    endloop
  endfacet
  facet normal 0 0 1
    outer loop
      vertex 40.5 -45 2
      vertex 35.62428705871708 35.03563041865672 2
      vertex 35.294726363095286 34.72615232600716 2
    endloop
  endfacet
  facet normal 0 0 1
    outer loop
      vertex 40.5 -45 2
      vertex 35.91246117974981 35.383973091747094 2
      vertex 35.62428705871708 35.03563041865672 2
    endloop
  endfacet
  facet normal 0 0 1
    outer loop
      vertex 40.5 -45 2
      vertex 36.15470404815791 35.765686773233824 2
      vertex 35.91246117974981 35.383973091747094 2
    endloop
  endfacet
  facet normal 0 0 1
    outer loop
      vertex 40.5 -45 2
      vertex 36.347195349197705 36.17475161033516 2
      vertex 36.15470404815791 35.765686773233824 2
    endloop
  endfacet
  facet normal 0 0 1
    outer loop
      vertex 40.5 -45 2
      vertex 36.48689938006307 36.60471640620652 2
      vertex 36.347195349197705 36.17475161033516 2
    endloop
  endfacet
  facet normal 0 0 1
    outer loop
      vertex 40.5 -45 2
      vertex 36.57161292473212 37.0488003591685 2
      vertex 36.48689938006307 36.60471640620652 2
    endloop
  endfacet
  facet normal 0 0 1
    outer loop
      vertex 40.5 -45 2
      vertex 36.6 37.5 2
      vertex 36.57161292473212 37.0488003591685 2
    endloop
  endfacet
  facet normal 0 0 1
    outer loop
      vertex 40.5 -45 2
      vertex 40.5 45 2
      vertex 36.6 37.5 2
    endloop
  endfacet
  facet normal 0 0 1
    outer loop
      vertex 35.6 22.9 2
      vertex 30.705273636904717 34.72615232600716 2
      vertex 30.375712941282917 35.03563041865672 2
    endloop
  endfacet
  facet normal 0 0 1
    outer loop
      vertex 35.6 22.9 2
      vertex 31.07102353807561 34.46041946819275 2
      vertex 30.705273636904717 34.72615232600716 2
    endloop
  endfacet
  facet normal 0 0 1
    outer loop
      vertex 35.6 22.9 2
      vertex 31.46719455036574 34.24262261112233 2
      vertex 31.07102353807561 34.46041946819275 2
    endloop
  endfacet
  facet normal 0 0 1
    outer loop
      vertex 35.6 22.9 2
      vertex 30.087538820250188 35.383973091747094 2
      vertex 29.84529595184209 35.765686773233824 2
    endloop
  endfacet
  facet normal 0 0 1
    outer loop
      vertex 35.6 22.9 2
      vertex 30.375712941282917 35.03563041865672 2
      vertex 30.087538820250188 35.383973091747094 2
    endloop
  endfacet
  facet normal 0 0 1
    outer loop
      vertex 35.6 22.9 2
      vertex 31.88753882025019 34.076196541337445 2
      vertex 31.46719455036574 34.24262261112233 2
    endloop
  endfacet
  facet normal 0 0 1
    outer loop
      vertex 35.6 22.9 2
      vertex 32.32542726749139 33.96376589737672 2
      vertex 31.88753882025019 34.076196541337445 2
    endloop
  endfacet
  facet normal 0 0 1
    outer loop
      vertex 35.6 22.9 2
      vertex 32.773954129694474 33.90710377765822 2
      vertex 32.32542726749139 33.96376589737672 2
    endloop
  endfacet
  facet normal 0 0 1
    outer loop
      vertex 35.6 22.9 2
      vertex 33.226045870305526 33.90710377765822 2
      vertex 32.773954129694474 33.90710377765822 2
    endloop
  endfacet
  facet normal 0 0 1
    outer loop
      vertex 35.6 22.9 2
      vertex 33.67457273250861 33.96376589737672 2
      vertex 33.226045870305526 33.90710377765822 2
    endloop
  endfacet
  facet normal 0 0 1
    outer loop
      vertex 35.6 22.9 2
      vertex 34.11246117974981 34.076196541337445 2
      vertex 33.67457273250861 33.96376589737672 2
    endloop
  endfacet
  facet normal 0 0 1
    outer loop
      vertex 35.6 22.9 2
      vertex 34.53280544963426 34.24262261112233 2
      vertex 34.11246117974981 34.076196541337445 2
    endloop
  endfacet
  facet normal 0 0 1
    outer loop
      vertex 35.6 22.9 2
      vertex 34.928976461924385 34.46041946819275 2
      vertex 34.53280544963426 34.24262261112233 2
    endloop
  endfacet
  facet normal 0 0 1
    outer loop
      vertex 40.5 45 2
      vertex 34.53280544963426 40.75737738887767 2
      vertex 34.928976461924385 40.53958053180725 2
    endloop
  endfacet
  facet normal 0 0 1
    outer loop
      vertex 40.5 45 2
      vertex 36.57161292473212 37.9511996408315 2
      vertex 36.6 37.5 2
    endloop
  endfacet
  facet normal 0 0 1
    outer loop
      vertex 40.5 45 2
      vertex 36.347195349197705 38.82524838966484 2
      vertex 36.48689938006307 38.39528359379348 2
    endloop
  endfacet
  facet normal 0 0 1
    outer loop
      vertex 40.5 45 2
      vertex 36.48689938006307 38.39528359379348 2
      vertex 36.57161292473212 37.9511996408315 2
    endloop
  endfacet
  facet normal 0 0 1
    outer loop
      vertex 40.5 45 2
      vertex 34.928976461924385 40.53958053180725 2
      vertex 35.294726363095286 40.27384767399284 2
    endloop
  endfacet
  facet normal 0 0 1
    outer loop
      vertex 40.5 45 2
      vertex 35.294726363095286 40.27384767399284 2
      vertex 35.62428705871708 39.96436958134328 2
    endloop
  endfacet
  facet normal 0 0 1
    outer loop
      vertex 40.5 45 2
      vertex 35.91246117974981 39.616026908252906 2
      vertex 36.15470404815791 39.234313226766176 2
    endloop
  endfacet
  facet normal 0 0 1
    outer loop
      vertex 40.5 45 2
      vertex 36.15470404815791 39.234313226766176 2
      vertex 36.347195349197705 38.82524838966484 2
    endloop
  endfacet
  facet normal 0 0 1
    outer loop
      vertex 40.5 45 2
      vertex 35.62428705871708 39.96436958134328 2
      vertex 35.91246117974981 39.616026908252906 2
    endloop
  endfacet
  facet normal 0 0 1
    outer loop
      vertex 40.5 45 2
      vertex 32.773954129694474 41.09289622234178 2
      vertex 33.226045870305526 41.09289622234178 2
    endloop
  endfacet
  facet normal 0 0 1
    outer loop
      vertex 40.5 45 2
      vertex 33.226045870305526 41.09289622234178 2
      vertex 33.67457273250861 41.03623410262328 2
    endloop
  endfacet
  facet normal 0 0 1
    outer loop
      vertex 40.5 45 2
      vertex 33.67457273250861 41.03623410262328 2
      vertex 34.11246117974981 40.923803458662555 2
    endloop
  endfacet
  facet normal 0 0 1
    outer loop
      vertex 40.5 45 2
      vertex 34.11246117974981 40.923803458662555 2
      vertex 34.53280544963426 40.75737738887767 2
    endloop
  endfacet
endsolid OpenSCAD_Model
