solid OpenSCAD_Model
  facet normal 0 -1 0
    outer loop
      vertex -61.5 -103.5 0
      vertex -61.35 -103.5 1.5
      vertex -61.5 -103.5 1.5
    endloop
  endfacet
  facet normal 0 -1 0
    outer loop
      vertex -61.5 -103.5 0
      vertex 61.5 -103.5 1.5
      vertex -61.35 -103.5 1.5
    endloop
  endfacet
  facet normal 0 0 -1
    outer loop
      vertex -61.5 -103.5 0
      vertex -61.5 -102 0
      vertex 61.5 103.5 0
    endloop
  endfacet
  facet normal 0 0 1
    outer loop
      vertex -60 -102 1.5
      vertex 60 -102 1.5
      vertex -60 102 1.5
    endloop
  endfacet
  facet normal 0 0 -1
    outer loop
      vertex -61.5 -102 0
      vertex -61.5 102 0
      vertex 61.5 103.5 0
    endloop
  endfacet
  facet normal 0 0 -1
    outer loop
      vertex -61.5 102 0
      vertex -61.5 103.5 0
      vertex 61.5 103.5 0
    endloop
  endfacet
  facet normal 0 1 0
    outer loop
      vertex -61.5 103.5 0
      vertex -61.5 103.5 1.5
      vertex 61.5 103.5 0
    endloop
  endfacet
  facet normal 0 0 -1
    outer loop
      vertex -61.5 -103.5 0
      vertex 61.5 -102 0
      vertex 61.5 -103.5 0
    endloop
  endfacet
  facet normal 0 -1 0
    outer loop
      vertex -61.5 -103.5 0
      vertex 61.5 -103.5 0
      vertex 61.5 -103.5 1.5
    endloop
  endfacet
  facet normal 0 0 -1
    outer loop
      vertex -61.5 -103.5 0
      vertex 61.5 102 0
      vertex 61.5 -102 0
    endloop
  endfacet
  facet normal 0 0 -1
    outer loop
      vertex -61.5 -103.5 0
      vertex 61.5 103.5 0
      vertex 61.5 102 0
    endloop
  endfacet
  facet normal 0 0 1
    outer loop
      vertex -60 102 1.5
      vertex 60 -102 1.5
      vertex 60 102 1.5
    endloop
  endfacet
  facet normal 0 1 0
    outer loop
      vertex -61.5 103.5 1.5
      vertex 49.2 103.5 1.5
      vertex 61.5 103.5 0
    endloop
  endfacet
  facet normal -1 0 0
    outer loop
      vertex -61.5 102 0
      vertex -61.5 103.5 1.5
      vertex -61.5 103.5 0
    endloop
  endfacet
  facet normal -1 0 0
    outer loop
      vertex -61.5 102 0
      vertex -61.5 103.5 15
      vertex -61.5 103.5 1.5
    endloop
  endfacet
  facet normal 0 1 0
    outer loop
      vertex -61.5 103.5 1.5
      vertex -61.5 103.5 15
      vertex 49.2 103.5 1.5
    endloop
  endfacet
  facet normal 0 -1 0
    outer loop
      vertex -60 102 1.5
      vertex 60 102 1.5
      vertex -60 102 15
    endloop
  endfacet
  facet normal -1 0 0
    outer loop
      vertex -61.5 102 0
      vertex -61.5 102 15
      vertex -61.5 103.5 15
    endloop
  endfacet
  facet normal 0 0 1
    outer loop
      vertex -61.5 102 15
      vertex -60 102 15
      vertex -61.5 103.5 15
    endloop
  endfacet
  facet normal 0 0 1
    outer loop
      vertex -61.5 103.5 15
      vertex -60 102 15
      vertex 60 102 15
    endloop
  endfacet
  facet normal 0 1 0
    outer loop
      vertex 49.2 103.5 1.5
      vertex 61.5 103.5 15
      vertex 61.5 103.5 0
    endloop
  endfacet
  facet normal 1 0 0
    outer loop
      vertex 61.5 102 0
      vertex 61.5 103.5 0
      vertex 61.5 102 15
    endloop
  endfacet
  facet normal 0 1 0
    outer loop
      vertex -61.5 103.5 15
      vertex 61.5 103.5 15
      vertex 49.2 103.5 1.5
    endloop
  endfacet
  facet normal 0 -1 0
    outer loop
      vertex -60 102 15
      vertex 60 102 1.5
      vertex 60 102 15
    endloop
  endfacet
  facet normal 0 0 1
    outer loop
      vertex -61.5 103.5 15
      vertex 60 102 15
      vertex 61.5 102 15
    endloop
  endfacet
  facet normal 0 0 1
    outer loop
      vertex -61.5 103.5 15
      vertex 61.5 102 15
      vertex 61.5 103.5 15
    endloop
  endfacet
  facet normal 1 0 0
    outer loop
      vertex 61.5 103.5 0
      vertex 61.5 103.5 15
      vertex 61.5 102 15
    endloop
  endfacet
  facet normal 0 -1 0
    outer loop
      vertex -61.35 -103.5 1.5
      vertex -54.40829402230784 -103.5 5.359647779991169
      vertex -54.67333176669068 -103.5 5.427697906598977
    endloop
  endfacet
  facet normal 0 -1 0
    outer loop
      vertex -61.35 -103.5 1.5
      vertex -54.67333176669068 -103.5 5.427697906598977
      vertex -54.9277506668839 -103.5 5.5284294751529846
    endloop
  endfacet
  facet normal 0 -1 0
    outer loop
      vertex -61.35 -103.5 1.5
      vertex -54.13681723729019 -103.5 5.32535228647734
      vertex -54.40829402230784 -103.5 5.359647779991169
    endloop
  endfacet
  facet normal 0 -1 0
    outer loop
      vertex -61.35 -103.5 1.5
      vertex -55.167538384848974 -103.5 5.660253888642974
      vertex -55.38891332503135 -103.5 5.821092197320119
    endloop
  endfacet
  facet normal 0 -1 0
    outer loop
      vertex -61.35 -103.5 1.5
      vertex -54.9277506668839 -103.5 5.5284294751529846
      vertex -55.167538384848974 -103.5 5.660253888642974
    endloop
  endfacet
  facet normal 0 -1 0
    outer loop
      vertex -61.35 -103.5 1.5
      vertex -55.38891332503135 -103.5 5.821092197320119
      vertex -55.5883842723814 -103.5 6.0084078849764335
    endloop
  endfacet
  facet normal 0 1 0
    outer loop
      vertex -60 -102 1.5
      vertex -54.11302293515276 -102 5.703551888829111
      vertex -53.88697706484724 -102 5.703551888829111
    endloop
  endfacet
  facet normal 0 1 0
    outer loop
      vertex -60 -102 1.5
      vertex -54.337286366254304 -102 5.7318829486883605
      vertex -54.11302293515276 -102 5.703551888829111
    endloop
  endfacet
  facet normal 0 1 0
    outer loop
      vertex -60 -102 1.5
      vertex -54.55623058987491 -102 5.788098270668724
      vertex -54.337286366254304 -102 5.7318829486883605
    endloop
  endfacet
  facet normal 0 1 0
    outer loop
      vertex -60 -102 1.5
      vertex -54.766402724817134 -102 5.871311305561164
      vertex -54.55623058987491 -102 5.788098270668724
    endloop
  endfacet
  facet normal 0 1 0
    outer loop
      vertex -60 -102 1.5
      vertex -54.964488230962196 -102 5.980209734096373
      vertex -54.766402724817134 -102 5.871311305561164
    endloop
  endfacet
  facet normal 0 1 0
    outer loop
      vertex -60 -102 1.5
      vertex -55.14736318154764 -102 6.113076163003579
      vertex -54.964488230962196 -102 5.980209734096373
    endloop
  endfacet
  facet normal 0 -1 0
    outer loop
      vertex -61.35 -103.5 1.5
      vertex -55.5883842723814 -103.5 6.0084078849764335
      vertex -55.762805450901205 -103.5 6.219246871320609
    endloop
  endfacet
  facet normal 0 1 0
    outer loop
      vertex -60 -102 1.5
      vertex -55.31214352935854 -102 6.267815209328361
      vertex -55.14736318154764 -102 6.113076163003579
    endloop
  endfacet
  facet normal -1 0 0
    outer loop
      vertex -61.5 -103.5 0
      vertex -61.5 -102 15
      vertex -61.5 -102 0
    endloop
  endfacet
  facet normal 0 -1 0
    outer loop
      vertex -61.35 -103.5 1.5
      vertex -55.762805450901205 -103.5 6.219246871320609
      vertex -55.90942613441137 -103.5 6.450284099588892
    endloop
  endfacet
  facet normal 0 -1 0
    outer loop
      vertex -61.35 -103.5 1.5
      vertex -55.90942613441137 -103.5 6.450284099588892
      vertex -56.025934027145986 -103.5 6.697875974676542
    endloop
  endfacet
  facet normal 0 -1 0
    outer loop
      vertex -61.35 -103.5 1.5
      vertex -56.025934027145986 -103.5 6.697875974676542
      vertex -56.110491730038184 -103.5 6.95811782480921
    endloop
  endfacet
  facet normal -1 0 0
    outer loop
      vertex -61.5 -103.5 0
      vertex -61.5 -103.5 1.5
      vertex -61.5 -102 15
    endloop
  endfacet
  facet normal 0 1 0
    outer loop
      vertex -60 -102 1.5
      vertex -55.456230589874906 -102 6.441986545873548
      vertex -55.31214352935854 -102 6.267815209328361
    endloop
  endfacet
  facet normal 0 1 0
    outer loop
      vertex -60 -102 1.5
      vertex -55.577352024078955 -102 6.632843386616912
      vertex -55.456230589874906 -102 6.441986545873548
    endloop
  endfacet
  facet normal 0 1 0
    outer loop
      vertex -60 -102 1.5
      vertex -55.67359767459885 -102 6.8373758051675795
      vertex -55.577352024078955 -102 6.632843386616912
    endloop
  endfacet
  facet normal 0 1 0
    outer loop
      vertex -60 -102 1.5
      vertex -55.74344969003154 -102 7.052358203103261
      vertex -55.67359767459885 -102 6.8373758051675795
    endloop
  endfacet
  facet normal 0 1 0
    outer loop
      vertex -60 -102 1.5
      vertex -55.78580646236606 -102 7.274400179584252
      vertex -55.74344969003154 -102 7.052358203103261
    endloop
  endfacet
  facet normal 0 1 0
    outer loop
      vertex -60 -102 1.5
      vertex -55.8 -102 7.5
      vertex -55.78580646236606 -102 7.274400179584252
    endloop
  endfacet
  facet normal 0 1 0
    outer loop
      vertex -60 -102 1.5
      vertex -55.79880817622921 -102 7.518943496370788
      vertex -55.8 -102 7.5
    endloop
  endfacet
  facet normal 0 1 0
    outer loop
      vertex -60 -102 1.5
      vertex -55.78580646236606 -102 7.725599820415748
      vertex -55.79880817622921 -102 7.518943496370788
    endloop
  endfacet
  facet normal 0 1 0
    outer loop
      vertex -60 -102 1.5
      vertex -55.78224978682652 -102 7.744244566532472
      vertex -55.78580646236606 -102 7.725599820415748
    endloop
  endfacet
  facet normal 0 1 0
    outer loop
      vertex -60 -102 1.5
      vertex -55.74344969003154 -102 7.947641796896739
      vertex -55.78224978682652 -102 7.744244566532472
    endloop
  endfacet
  facet normal 0 1 0
    outer loop
      vertex -60 -102 1.5
      vertex -55.73758425362116 -102 7.965693753975307
      vertex -55.74344969003154 -102 7.947641796896739
    endloop
  endfacet
  facet normal 0 1 0
    outer loop
      vertex -60 -102 1.5
      vertex -55.67359767459885 -102 8.16262419483242
      vertex -55.73758425362116 -102 7.965693753975307
    endloop
  endfacet
  facet normal 0 1 0
    outer loop
      vertex -60 -102 1.5
      vertex -55.66551597875367 -102 8.179798672725987
      vertex -55.67359767459885 -102 8.16262419483242
    endloop
  endfacet
  facet normal 0 -1 0
    outer loop
      vertex -61.35 -103.5 1.5
      vertex 61.5 -103.5 1.5
      vertex -54.13681723729019 -103.5 5.32535228647734
    endloop
  endfacet
  facet normal 0 -1 0
    outer loop
      vertex 61.5 -103.5 1.5
      vertex -54.04164002874049 -103.5 5.32535228647734
      vertex -54.13681723729019 -103.5 5.32535228647734
    endloop
  endfacet
  facet normal 0 -1 0
    outer loop
      vertex 61.5 -103.5 1.5
      vertex -53.86318276270981 -103.5 5.32535228647734
      vertex -54.04164002874049 -103.5 5.32535228647734
    endloop
  endfacet
  facet normal 0 1 0
    outer loop
      vertex -60 -102 1.5
      vertex -53.88697706484724 -102 5.703551888829111
      vertex 60 -102 15
    endloop
  endfacet
  facet normal 0 -1 0
    outer loop
      vertex 61.5 -103.5 1.5
      vertex -53.59170597769216 -103.5 5.359647779991169
      vertex -53.86318276270981 -103.5 5.32535228647734
    endloop
  endfacet
  facet normal 0 -1 0
    outer loop
      vertex 61.5 -103.5 1.5
      vertex -53.32666823330932 -103.5 5.427697906598977
      vertex -53.59170597769216 -103.5 5.359647779991169
    endloop
  endfacet
  facet normal 0 -1 0
    outer loop
      vertex 61.5 -103.5 1.5
      vertex -53.0722493331161 -103.5 5.5284294751529846
      vertex -53.32666823330932 -103.5 5.427697906598977
    endloop
  endfacet
  facet normal 0 -1 0
    outer loop
      vertex 61.5 -103.5 1.5
      vertex -52.832461615151026 -103.5 5.660253888642973
      vertex -53.0722493331161 -103.5 5.5284294751529846
    endloop
  endfacet
  facet normal 0 -1 0
    outer loop
      vertex 61.5 -103.5 1.5
      vertex -52.68808665416252 -103.5 5.765148437780242
      vertex -52.832461615151026 -103.5 5.660253888642973
    endloop
  endfacet
  facet normal 0 -1 0
    outer loop
      vertex 61.5 -103.5 1.5
      vertex -52.61108667496864 -103.5 5.8210921973201195
      vertex -52.68808665416252 -103.5 5.765148437780242
    endloop
  endfacet
  facet normal 0 -1 0
    outer loop
      vertex 61.5 -103.5 1.5
      vertex -52.480996926696875 -103.5 5.943254602313368
      vertex -52.61108667496864 -103.5 5.8210921973201195
    endloop
  endfacet
  facet normal 0 -1 0
    outer loop
      vertex 61.5 -103.5 1.5
      vertex -52.4116157276186 -103.5 6.0084078849764335
      vertex -52.480996926696875 -103.5 5.943254602313368
    endloop
  endfacet
  facet normal 0 -1 0
    outer loop
      vertex 61.5 -103.5 1.5
      vertex -52.297862785105686 -103.5 6.145911571722634
      vertex -52.4116157276186 -103.5 6.0084078849764335
    endloop
  endfacet
  facet normal 0 -1 0
    outer loop
      vertex 61.5 -103.5 1.5
      vertex -52.237194549098795 -103.5 6.219246871320609
      vertex -52.297862785105686 -103.5 6.145911571722634
    endloop
  endfacet
  facet normal 0 -1 0
    outer loop
      vertex 61.5 -103.5 1.5
      vertex -52.14157236420086 -103.5 6.369923324539053
      vertex -52.237194549098795 -103.5 6.219246871320609
    endloop
  endfacet
  facet normal 0 -1 0
    outer loop
      vertex 61.5 -103.5 1.5
      vertex -52.09057386558863 -103.5 6.450284099588892
      vertex -52.14157236420086 -103.5 6.369923324539053
    endloop
  endfacet
  facet normal 0 -1 0
    outer loop
      vertex 61.5 -103.5 1.5
      vertex -52.01459045728345 -103.5 6.611757061602575
      vertex -52.09057386558863 -103.5 6.450284099588892
    endloop
  endfacet
  facet normal 0 -1 0
    outer loop
      vertex 61.5 -103.5 1.5
      vertex -51.974065972854014 -103.5 6.697875974676541
      vertex -52.01459045728345 -103.5 6.611757061602575
    endloop
  endfacet
  facet normal 0 -1 0
    outer loop
      vertex 61.5 -103.5 1.5
      vertex -51.94465459793499 -103.5 6.7883948790705135
      vertex -51.974065972854014 -103.5 6.697875974676541
    endloop
  endfacet
  facet normal 0 -1 0
    outer loop
      vertex 61.5 -103.5 1.5
      vertex -51.889508269961816 -103.5 6.958117824809211
      vertex -51.94465459793499 -103.5 6.7883948790705135
    endloop
  endfacet
  facet normal 0 -1 0
    outer loop
      vertex 61.5 -103.5 1.5
      vertex -51.87167383950518 -103.5 7.051609183327524
      vertex -51.889508269961816 -103.5 6.958117824809211
    endloop
  endfacet
  facet normal 0 -1 0
    outer loop
      vertex 61.5 -103.5 1.5
      vertex -51.83823428239897 -103.5 7.226905480549358
      vertex -51.87167383950518 -103.5 7.051609183327524
    endloop
  endfacet
  facet normal 0 -1 0
    outer loop
      vertex 61.5 -103.5 1.5
      vertex -51.83225805602679 -103.5 7.321894878619148
      vertex -51.83823428239897 -103.5 7.226905480549358
    endloop
  endfacet
  facet normal 0 -1 0
    outer loop
      vertex 61.5 -103.5 1.5
      vertex -51.821052631578944 -103.5 7.5
      vertex -51.83225805602679 -103.5 7.321894878619148
    endloop
  endfacet
  facet normal 0 -1 0
    outer loop
      vertex 61.5 -103.5 1.5
      vertex -51.83823428239897 -103.5 7.773094519450643
      vertex -51.821052631578944 -103.5 7.5
    endloop
  endfacet
  facet normal 0 -1 0
    outer loop
      vertex 61.5 -103.5 1.5
      vertex -51.87167383950518 -103.5 7.948390816672477
      vertex -51.83823428239897 -103.5 7.773094519450643
    endloop
  endfacet
  facet normal 0 -1 0
    outer loop
      vertex 61.5 -103.5 1.5
      vertex -51.889508269961816 -103.5 8.041882175190791
      vertex -51.87167383950518 -103.5 7.948390816672477
    endloop
  endfacet
  facet normal 0 -1 0
    outer loop
      vertex 61.5 -103.5 1.5
      vertex -51.94465459793499 -103.5 8.211605120929486
      vertex -51.889508269961816 -103.5 8.041882175190791
    endloop
  endfacet
  facet normal 0 -1 0
    outer loop
      vertex 61.5 -103.5 1.5
      vertex -51.974065972854014 -103.5 8.302124025323458
      vertex -51.94465459793499 -103.5 8.211605120929486
    endloop
  endfacet
  facet normal 0 -1 0
    outer loop
      vertex 61.5 -103.5 1.5
      vertex -52.01459045728345 -103.5 8.388242938397424
      vertex -51.974065972854014 -103.5 8.302124025323458
    endloop
  endfacet
  facet normal 0 -1 0
    outer loop
      vertex 61.5 -103.5 1.5
      vertex -52.09057386558863 -103.5 8.549715900411108
      vertex -52.01459045728345 -103.5 8.388242938397424
    endloop
  endfacet
  facet normal 0 -1 0
    outer loop
      vertex 61.5 -103.5 1.5
      vertex -52.237194549098795 -103.5 8.780753128679391
      vertex -52.09057386558863 -103.5 8.549715900411108
    endloop
  endfacet
  facet normal 0 -1 0
    outer loop
      vertex 61.5 -103.5 1.5
      vertex -52.480996926696875 -103.5 9.056745397686633
      vertex -52.4116157276186 -103.5 8.991592115023566
    endloop
  endfacet
  facet normal 0 -1 0
    outer loop
      vertex 61.5 -103.5 1.5
      vertex -52.4116157276186 -103.5 8.991592115023566
      vertex -52.237194549098795 -103.5 8.780753128679391
    endloop
  endfacet
  facet normal 0 -1 0
    outer loop
      vertex 61.5 -103.5 1.5
      vertex -52.61108667496864 -103.5 9.17890780267988
      vertex -52.480996926696875 -103.5 9.056745397686633
    endloop
  endfacet
  facet normal 0 -1 0
    outer loop
      vertex 61.5 -103.5 1.5
      vertex -52.68808665416252 -103.5 9.234851562219758
      vertex -52.61108667496864 -103.5 9.17890780267988
    endloop
  endfacet
  facet normal 0 -1 0
    outer loop
      vertex 61.5 -103.5 1.5
      vertex -52.832461615151026 -103.5 9.339746111357025
      vertex -52.68808665416252 -103.5 9.234851562219758
    endloop
  endfacet
  facet normal 0 -1 0
    outer loop
      vertex 61.5 -103.5 1.5
      vertex -52.91586603879105 -103.5 9.385598081266588
      vertex -52.832461615151026 -103.5 9.339746111357025
    endloop
  endfacet
  facet normal 0 -1 0
    outer loop
      vertex 61.5 -103.5 1.5
      vertex -53.0722493331161 -103.5 9.471570524847015
      vertex -52.91586603879105 -103.5 9.385598081266588
    endloop
  endfacet
  facet normal 0 -1 0
    outer loop
      vertex 61.5 -103.5 1.5
      vertex -53.32666823330932 -103.5 9.572302093401024
      vertex -53.0722493331161 -103.5 9.471570524847015
    endloop
  endfacet
  facet normal 0 -1 0
    outer loop
      vertex 61.5 -103.5 1.5
      vertex -53.59170597769216 -103.5 9.64035222000883
      vertex -53.32666823330932 -103.5 9.572302093401024
    endloop
  endfacet
  facet normal 0 -1 0
    outer loop
      vertex 61.5 -103.5 1.5
      vertex -53.86318276270981 -103.5 9.67464771352266
      vertex -53.686132685524385 -103.5 9.65228108731799
    endloop
  endfacet
  facet normal 0 -1 0
    outer loop
      vertex 61.5 -103.5 1.5
      vertex -53.686132685524385 -103.5 9.65228108731799
      vertex -53.59170597769216 -103.5 9.64035222000883
    endloop
  endfacet
  facet normal 0 -1 0
    outer loop
      vertex -61.35 -103.5 1.5
      vertex -56.110491730038184 -103.5 6.95811782480921
      vertex -60 -103.5 15
    endloop
  endfacet
  facet normal 0 1 0
    outer loop
      vertex -60 -102 1.5
      vertex -60 -102 15
      vertex -55.66551597875367 -102 8.179798672725987
    endloop
  endfacet
  facet normal 0 -1 0
    outer loop
      vertex -60 -103.5 15
      vertex -56.110491730038184 -103.5 6.95811782480921
      vertex -56.16176571760103 -103.5 7.226905480549358
    endloop
  endfacet
  facet normal 0 -1 0
    outer loop
      vertex -60 -103.5 15
      vertex -56.16176571760103 -103.5 7.226905480549358
      vertex -56.178947368421056 -103.5 7.5
    endloop
  endfacet
  facet normal 0 -1 0
    outer loop
      vertex -60 -103.5 15
      vertex -56.178947368421056 -103.5 7.5
      vertex -56.16774194397321 -103.5 7.678105121380852
    endloop
  endfacet
  facet normal 0 -1 0
    outer loop
      vertex -60 -103.5 15
      vertex -56.16774194397321 -103.5 7.678105121380852
      vertex -56.16176571760103 -103.5 7.773094519450642
    endloop
  endfacet
  facet normal 0 -1 0
    outer loop
      vertex -60 -103.5 15
      vertex -56.16176571760103 -103.5 7.773094519450642
      vertex -56.12832616049482 -103.5 7.948390816672477
    endloop
  endfacet
  facet normal -1 0 0
    outer loop
      vertex -61.5 -103.5 1.5
      vertex -61.5 -103.5 15
      vertex -61.5 -102 15
    endloop
  endfacet
  facet normal 0 -1 0
    outer loop
      vertex -60 -103.5 15
      vertex -56.12832616049482 -103.5 7.948390816672477
      vertex -56.110491730038184 -103.5 8.041882175190791
    endloop
  endfacet
  facet normal 0 -1 0
    outer loop
      vertex -60 -103.5 15
      vertex -56.110491730038184 -103.5 8.041882175190791
      vertex -56.05534540206501 -103.5 8.211605120929486
    endloop
  endfacet
  facet normal 0 -1 0
    outer loop
      vertex -60 -103.5 15
      vertex -56.05534540206501 -103.5 8.211605120929486
      vertex -56.025934027145986 -103.5 8.302124025323458
    endloop
  endfacet
  facet normal 0 1 0
    outer loop
      vertex -60 -102 15
      vertex -55.577352024078955 -102 8.367156613383088
      vertex -55.66551597875367 -102 8.179798672725987
    endloop
  endfacet
  facet normal 0 -1 0
    outer loop
      vertex -60 -103.5 15
      vertex -56.025934027145986 -103.5 8.302124025323458
      vertex -55.98540954271655 -103.5 8.388242938397424
    endloop
  endfacet
  facet normal 0 -1 0
    outer loop
      vertex -60 -103.5 15
      vertex -55.98540954271655 -103.5 8.388242938397424
      vertex -55.90942613441137 -103.5 8.549715900411108
    endloop
  endfacet
  facet normal 0 1 0
    outer loop
      vertex -60 -102 15
      vertex -55.56718152197022 -102 8.383182760315737
      vertex -55.577352024078955 -102 8.367156613383088
    endloop
  endfacet
  facet normal 0 1 0
    outer loop
      vertex -60 -102 15
      vertex -55.456230589874906 -102 8.558013454126451
      vertex -55.56718152197022 -102 8.383182760315737
    endloop
  endfacet
  facet normal 0 -1 0
    outer loop
      vertex -60 -103.5 15
      vertex -55.90942613441137 -103.5 8.549715900411108
      vertex -55.85842763579914 -103.5 8.630076675460947
    endloop
  endfacet
  facet normal 0 1 0
    outer loop
      vertex -60 -102 15
      vertex -55.44413167639643 -102 8.572638528187497
      vertex -55.456230589874906 -102 8.558013454126451
    endloop
  endfacet
  facet normal 0 1 0
    outer loop
      vertex -60 -102 15
      vertex -55.31214352935854 -102 8.732184790671639
      vertex -55.44413167639643 -102 8.572638528187497
    endloop
  endfacet
  facet normal 0 -1 0
    outer loop
      vertex -60 -103.5 15
      vertex -55.85842763579914 -103.5 8.630076675460947
      vertex -55.762805450901205 -103.5 8.780753128679391
    endloop
  endfacet
  facet normal 0 -1 0
    outer loop
      vertex -60 -103.5 15
      vertex -55.762805450901205 -103.5 8.780753128679391
      vertex -55.702137214894314 -103.5 8.854088428277365
    endloop
  endfacet
  facet normal 0 1 0
    outer loop
      vertex -60 -102 15
      vertex -55.29830701160343 -102 8.745178145706543
      vertex -55.31214352935854 -102 8.732184790671639
    endloop
  endfacet
  facet normal 0 1 0
    outer loop
      vertex -60 -102 15
      vertex -55.14736318154764 -102 8.88692383699642
      vertex -55.29830701160343 -102 8.745178145706543
    endloop
  endfacet
  facet normal 0 -1 0
    outer loop
      vertex -60 -103.5 15
      vertex -55.702137214894314 -103.5 8.854088428277365
      vertex -55.5883842723814 -103.5 8.991592115023566
    endloop
  endfacet
  facet normal 0 1 0
    outer loop
      vertex -60 -102 15
      vertex -55.13200726966642 -102 8.89808056003443
      vertex -55.14736318154764 -102 8.88692383699642
    endloop
  endfacet
  facet normal 0 1 0
    outer loop
      vertex -60 -102 15
      vertex -54.964488230962196 -102 9.019790265903627
      vertex -55.13200726966642 -102 8.89808056003443
    endloop
  endfacet
  facet normal 0 -1 0
    outer loop
      vertex -60 -103.5 15
      vertex -55.5883842723814 -103.5 8.991592115023566
      vertex -55.38891332503135 -103.5 9.17890780267988
    endloop
  endfacet
  facet normal 0 -1 0
    outer loop
      vertex -60 -103.5 15
      vertex -55.38891332503135 -103.5 9.17890780267988
      vertex -55.167538384848974 -103.5 9.339746111357025
    endloop
  endfacet
  facet normal 0 1 0
    outer loop
      vertex -60 -102 15
      vertex -54.94785509685841 -102 9.028934408757728
      vertex -54.964488230962196 -102 9.019790265903627
    endloop
  endfacet
  facet normal 0 1 0
    outer loop
      vertex -60 -102 15
      vertex -54.766402724817134 -102 9.128688694438836
      vertex -54.94785509685841 -102 9.028934408757728
    endloop
  endfacet
  facet normal 0 1 0
    outer loop
      vertex -60 -102 15
      vertex -54.748754682951756 -102 9.135676048513773
      vertex -54.766402724817134 -102 9.128688694438836
    endloop
  endfacet
  facet normal 0 1 0
    outer loop
      vertex -60 -102 15
      vertex -54.55623058987491 -102 9.211901729331277
      vertex -54.748754682951756 -102 9.135676048513773
    endloop
  endfacet
  facet normal 0 1 0
    outer loop
      vertex -60 -102 15
      vertex -54.53784596041058 -102 9.216622099879247
      vertex -54.55623058987491 -102 9.211901729331277
    endloop
  endfacet
  facet normal 0 1 0
    outer loop
      vertex -60 -102 15
      vertex -54.337286366254304 -102 9.26811705131164
      vertex -54.53784596041058 -102 9.216622099879247
    endloop
  endfacet
  facet normal 0 1 0
    outer loop
      vertex -60 -102 15
      vertex -54.31845508578013 -102 9.270495995269286
      vertex -54.337286366254304 -102 9.26811705131164
    endloop
  endfacet
  facet normal 0 1 0
    outer loop
      vertex -60 -102 15
      vertex -54.11302293515276 -102 9.29644811117089
      vertex -54.31845508578013 -102 9.270495995269286
    endloop
  endfacet
  facet normal 0 1 0
    outer loop
      vertex -60 -102 15
      vertex -53.88697706484724 -102 9.29644811117089
      vertex -54.09404198421108 -102 9.29644811117089
    endloop
  endfacet
  facet normal 0 1 0
    outer loop
      vertex -60 -102 15
      vertex -54.09404198421108 -102 9.29644811117089
      vertex -54.11302293515276 -102 9.29644811117089
    endloop
  endfacet
  facet normal 0 -1 0
    outer loop
      vertex -60 -103.5 15
      vertex -55.167538384848974 -103.5 9.339746111357025
      vertex -54.9277506668839 -103.5 9.471570524847015
    endloop
  endfacet
  facet normal 0 -1 0
    outer loop
      vertex -60 -103.5 15
      vertex -54.9277506668839 -103.5 9.471570524847015
      vertex -54.67333176669068 -103.5 9.572302093401024
    endloop
  endfacet
  facet normal 0 -1 0
    outer loop
      vertex -60 -103.5 15
      vertex -54.67333176669068 -103.5 9.572302093401024
      vertex -54.40829402230784 -103.5 9.64035222000883
    endloop
  endfacet
  facet normal 0 -1 0
    outer loop
      vertex -60 -103.5 15
      vertex -54.40829402230784 -103.5 9.64035222000883
      vertex -54.313867314475615 -103.5 9.65228108731799
    endloop
  endfacet
  facet normal 0 -1 0
    outer loop
      vertex -60 -103.5 15
      vertex -54.313867314475615 -103.5 9.65228108731799
      vertex -54.13681723729019 -103.5 9.67464771352266
    endloop
  endfacet
  facet normal 0 -1 0
    outer loop
      vertex -60 -103.5 15
      vertex -54.13681723729019 -103.5 9.67464771352266
      vertex -53.86318276270981 -103.5 9.67464771352266
    endloop
  endfacet
  facet normal 0 0 1
    outer loop
      vertex -61.5 -103.5 15
      vertex -60 -103.5 15
      vertex -61.5 -102 15
    endloop
  endfacet
  facet normal 0 -1 0
    outer loop
      vertex -60 -103.5 15
      vertex -53.86318276270981 -103.5 9.67464771352266
      vertex 61.5 -103.5 1.5
    endloop
  endfacet
  facet normal 0 1 0
    outer loop
      vertex 60 -102 15
      vertex -53.88697706484724 -102 5.703551888829111
      vertex -53.662713633745696 -102 5.7318829486883605
    endloop
  endfacet
  facet normal 0 1 0
    outer loop
      vertex 60 -102 15
      vertex -53.662713633745696 -102 5.7318829486883605
      vertex -53.44376941012509 -102 5.788098270668724
    endloop
  endfacet
  facet normal 0 1 0
    outer loop
      vertex 60 -102 15
      vertex -53.44376941012509 -102 5.788098270668724
      vertex -53.233597275182866 -102 5.871311305561164
    endloop
  endfacet
  facet normal 0 1 0
    outer loop
      vertex 60 -102 15
      vertex -53.233597275182866 -102 5.871311305561164
      vertex -53.035511769037804 -102 5.9802097340963725
    endloop
  endfacet
  facet normal 0 1 0
    outer loop
      vertex 60 -102 15
      vertex -53.035511769037804 -102 9.019790265903627
      vertex -53.21696414107908 -102 9.119544551584735
    endloop
  endfacet
  facet normal 0 1 0
    outer loop
      vertex 60 -102 15
      vertex -53.21696414107908 -102 9.119544551584735
      vertex -53.233597275182866 -102 9.128688694438836
    endloop
  endfacet
  facet normal 0 1 0
    outer loop
      vertex 60 -102 15
      vertex -53.233597275182866 -102 9.128688694438836
      vertex -53.426121368259714 -102 9.20491437525634
    endloop
  endfacet
  facet normal 0 1 0
    outer loop
      vertex 60 -102 15
      vertex -53.86814578437306 -102 9.294069167213243
      vertex -53.88697706484724 -102 9.29644811117089
    endloop
  endfacet
  facet normal 0 1 0
    outer loop
      vertex 60 -102 15
      vertex -53.426121368259714 -102 9.20491437525634
      vertex -53.44376941012509 -102 9.211901729331277
    endloop
  endfacet
  facet normal 0 1 0
    outer loop
      vertex 60 -102 15
      vertex -53.44376941012509 -102 9.211901729331277
      vertex -53.64432900428137 -102 9.26339668076367
    endloop
  endfacet
  facet normal 0 1 0
    outer loop
      vertex 60 -102 15
      vertex -53.662713633745696 -102 9.26811705131164
      vertex -53.86814578437306 -102 9.294069167213243
    endloop
  endfacet
  facet normal 0 1 0
    outer loop
      vertex 60 -102 15
      vertex -53.64432900428137 -102 9.26339668076367
      vertex -53.662713633745696 -102 9.26811705131164
    endloop
  endfacet
  facet normal 0 1 0
    outer loop
      vertex 60 -102 15
      vertex -53.035511769037804 -102 5.9802097340963725
      vertex -52.85263681845236 -102 6.11307616300358
    endloop
  endfacet
  facet normal 0 1 0
    outer loop
      vertex 60 -102 15
      vertex -52.85263681845236 -102 6.11307616300358
      vertex -52.68785647064146 -102 6.267815209328361
    endloop
  endfacet
  facet normal 0 1 0
    outer loop
      vertex 60 -102 15
      vertex -52.68785647064146 -102 6.267815209328361
      vertex -52.543769410125094 -102 6.441986545873548
    endloop
  endfacet
  facet normal 0 1 0
    outer loop
      vertex 60 -102 15
      vertex -52.543769410125094 -102 6.441986545873548
      vertex -52.422647975921045 -102 6.632843386616912
    endloop
  endfacet
  facet normal 0 1 0
    outer loop
      vertex 60 -102 15
      vertex -52.422647975921045 -102 6.632843386616912
      vertex -52.32640232540115 -102 6.837375805167579
    endloop
  endfacet
  facet normal 0 1 0
    outer loop
      vertex 60 -102 15
      vertex -52.32640232540115 -102 6.837375805167579
      vertex -52.25655030996846 -102 7.052358203103262
    endloop
  endfacet
  facet normal 0 1 0
    outer loop
      vertex 60 -102 15
      vertex -52.25655030996846 -102 7.052358203103262
      vertex -52.21419353763394 -102 7.274400179584252
    endloop
  endfacet
  facet normal 0 1 0
    outer loop
      vertex 60 -102 15
      vertex -52.21419353763394 -102 7.274400179584252
      vertex -52.2 -102 7.5
    endloop
  endfacet
  facet normal 0 1 0
    outer loop
      vertex 60 -102 15
      vertex -52.2 -102 7.5
      vertex -52.21300171386315 -102 7.7066563240449595
    endloop
  endfacet
  facet normal 0 1 0
    outer loop
      vertex 60 -102 15
      vertex -52.21300171386315 -102 7.7066563240449595
      vertex -52.21419353763394 -102 7.725599820415748
    endloop
  endfacet
  facet normal 0 1 0
    outer loop
      vertex 60 -102 15
      vertex -52.21419353763394 -102 7.725599820415748
      vertex -52.25299363442892 -102 7.928997050780015
    endloop
  endfacet
  facet normal 0 1 0
    outer loop
      vertex 60 -102 15
      vertex -52.25299363442892 -102 7.928997050780015
      vertex -52.25655030996846 -102 7.947641796896739
    endloop
  endfacet
  facet normal 0 1 0
    outer loop
      vertex 60 -102 15
      vertex -52.25655030996846 -102 7.947641796896739
      vertex -52.320536888990766 -102 8.14457223775385
    endloop
  endfacet
  facet normal 0 1 0
    outer loop
      vertex 60 -102 15
      vertex -52.32640232540115 -102 8.16262419483242
      vertex -52.41456628007586 -102 8.34998213548952
    endloop
  endfacet
  facet normal 0 1 0
    outer loop
      vertex 60 -102 15
      vertex -52.320536888990766 -102 8.14457223775385
      vertex -52.32640232540115 -102 8.16262419483242
    endloop
  endfacet
  facet normal 0 1 0
    outer loop
      vertex 60 -102 15
      vertex -52.41456628007586 -102 8.34998213548952
      vertex -52.422647975921045 -102 8.367156613383088
    endloop
  endfacet
  facet normal 0 1 0
    outer loop
      vertex 60 -102 15
      vertex -52.422647975921045 -102 8.367156613383088
      vertex -52.53359890801636 -102 8.541987307193802
    endloop
  endfacet
  facet normal 0 1 0
    outer loop
      vertex 60 -102 15
      vertex -52.53359890801636 -102 8.541987307193802
      vertex -52.543769410125094 -102 8.558013454126451
    endloop
  endfacet
  facet normal 0 1 0
    outer loop
      vertex 60 -102 15
      vertex -52.543769410125094 -102 8.558013454126451
      vertex -52.67575755716298 -102 8.717559716610594
    endloop
  endfacet
  facet normal 0 1 0
    outer loop
      vertex 60 -102 15
      vertex -52.67575755716298 -102 8.717559716610594
      vertex -52.68785647064146 -102 8.73218479067164
    endloop
  endfacet
  facet normal 0 1 0
    outer loop
      vertex 60 -102 15
      vertex -52.68785647064146 -102 8.73218479067164
      vertex -52.838800300697244 -102 8.873930481961516
    endloop
  endfacet
  facet normal 0 1 0
    outer loop
      vertex 60 -102 15
      vertex -52.838800300697244 -102 8.873930481961516
      vertex -52.85263681845236 -102 8.88692383699642
    endloop
  endfacet
  facet normal 0 1 0
    outer loop
      vertex 60 -102 15
      vertex -52.85263681845236 -102 8.88692383699642
      vertex -53.02015585715658 -102 9.008633542865617
    endloop
  endfacet
  facet normal 0 1 0
    outer loop
      vertex 60 -102 15
      vertex -53.02015585715658 -102 9.008633542865617
      vertex -53.035511769037804 -102 9.019790265903627
    endloop
  endfacet
  facet normal 0 1 0
    outer loop
      vertex -60 -102 15
      vertex 60 -102 15
      vertex -53.88697706484724 -102 9.29644811117089
    endloop
  endfacet
  facet normal 0 0 1
    outer loop
      vertex -61.5 -102 15
      vertex -60 -103.5 15
      vertex 61.5 -103.5 15
    endloop
  endfacet
  facet normal 0 0 1
    outer loop
      vertex -61.5 -102 15
      vertex 61.5 -103.5 15
      vertex -60 -102 15
    endloop
  endfacet
  facet normal 0 1 0
    outer loop
      vertex -60 -102 1.5
      vertex 54.11302293515276 -102 5.703551888829111
      vertex 60 -102 1.5
    endloop
  endfacet
  facet normal 0 1 0
    outer loop
      vertex -60 -102 1.5
      vertex 52.85263681845236 -102 6.113076163003579
      vertex 53.035511769037804 -102 5.980209734096373
    endloop
  endfacet
  facet normal 0 1 0
    outer loop
      vertex -60 -102 1.5
      vertex 52.68785647064146 -102 6.267815209328361
      vertex 52.85263681845236 -102 6.113076163003579
    endloop
  endfacet
  facet normal 0 1 0
    outer loop
      vertex -60 -102 1.5
      vertex 52.543769410125094 -102 6.441986545873548
      vertex 52.68785647064146 -102 6.267815209328361
    endloop
  endfacet
  facet normal 0 1 0
    outer loop
      vertex -60 -102 1.5
      vertex 52.422647975921045 -102 6.632843386616912
      vertex 52.543769410125094 -102 6.441986545873548
    endloop
  endfacet
  facet normal 0 1 0
    outer loop
      vertex -60 -102 1.5
      vertex 52.32640232540115 -102 6.8373758051675795
      vertex 52.422647975921045 -102 6.632843386616912
    endloop
  endfacet
  facet normal 0 1 0
    outer loop
      vertex -60 -102 1.5
      vertex 52.25655030996846 -102 7.052358203103261
      vertex 52.32640232540115 -102 6.8373758051675795
    endloop
  endfacet
  facet normal 0 1 0
    outer loop
      vertex -60 -102 1.5
      vertex 52.21419353763394 -102 7.274400179584252
      vertex 52.25655030996846 -102 7.052358203103261
    endloop
  endfacet
  facet normal 0 1 0
    outer loop
      vertex -60 -102 1.5
      vertex 52.2 -102 7.5
      vertex 52.21419353763394 -102 7.274400179584252
    endloop
  endfacet
  facet normal 0 1 0
    outer loop
      vertex -60 -102 1.5
      vertex 52.20119182377079 -102 7.518943496370788
      vertex 52.2 -102 7.5
    endloop
  endfacet
  facet normal 0 1 0
    outer loop
      vertex -60 -102 1.5
      vertex 52.21419353763394 -102 7.725599820415748
      vertex 52.20119182377079 -102 7.518943496370788
    endloop
  endfacet
  facet normal 0 1 0
    outer loop
      vertex -60 -102 1.5
      vertex 52.21775021317348 -102 7.744244566532472
      vertex 52.21419353763394 -102 7.725599820415748
    endloop
  endfacet
  facet normal 0 1 0
    outer loop
      vertex -60 -102 1.5
      vertex 52.25655030996846 -102 7.947641796896739
      vertex 52.21775021317348 -102 7.744244566532472
    endloop
  endfacet
  facet normal 0 1 0
    outer loop
      vertex -60 -102 1.5
      vertex 52.26241574637884 -102 7.965693753975307
      vertex 52.25655030996846 -102 7.947641796896739
    endloop
  endfacet
  facet normal 0 1 0
    outer loop
      vertex -60 -102 1.5
      vertex 52.32640232540115 -102 8.16262419483242
      vertex 52.26241574637884 -102 7.965693753975307
    endloop
  endfacet
  facet normal 0 1 0
    outer loop
      vertex -60 -102 1.5
      vertex 52.33448402124633 -102 8.179798672725987
      vertex 52.32640232540115 -102 8.16262419483242
    endloop
  endfacet
  facet normal 0 1 0
    outer loop
      vertex -60 -102 1.5
      vertex 52.422647975921045 -102 8.367156613383088
      vertex 52.33448402124633 -102 8.179798672725987
    endloop
  endfacet
  facet normal 0 1 0
    outer loop
      vertex -60 -102 1.5
      vertex 52.43281847802978 -102 8.383182760315737
      vertex 52.422647975921045 -102 8.367156613383088
    endloop
  endfacet
  facet normal 0 1 0
    outer loop
      vertex -60 -102 1.5
      vertex 52.543769410125094 -102 8.558013454126451
      vertex 52.43281847802978 -102 8.383182760315737
    endloop
  endfacet
  facet normal 0 1 0
    outer loop
      vertex -60 -102 1.5
      vertex 52.55586832360357 -102 8.572638528187497
      vertex 52.543769410125094 -102 8.558013454126451
    endloop
  endfacet
  facet normal 0 1 0
    outer loop
      vertex -60 -102 1.5
      vertex 52.68785647064146 -102 8.732184790671639
      vertex 52.55586832360357 -102 8.572638528187497
    endloop
  endfacet
  facet normal 0 1 0
    outer loop
      vertex -60 -102 1.5
      vertex 52.70169298839657 -102 8.745178145706543
      vertex 52.68785647064146 -102 8.732184790671639
    endloop
  endfacet
  facet normal 0 1 0
    outer loop
      vertex -60 -102 1.5
      vertex 52.85263681845236 -102 8.88692383699642
      vertex 52.70169298839657 -102 8.745178145706543
    endloop
  endfacet
  facet normal 0 1 0
    outer loop
      vertex -60 -102 1.5
      vertex 52.86799273033358 -102 8.89808056003443
      vertex 52.85263681845236 -102 8.88692383699642
    endloop
  endfacet
  facet normal 0 1 0
    outer loop
      vertex -60 -102 1.5
      vertex 53.035511769037804 -102 9.019790265903627
      vertex 52.86799273033358 -102 8.89808056003443
    endloop
  endfacet
  facet normal 0 1 0
    outer loop
      vertex -60 -102 1.5
      vertex 53.05214490314159 -102 9.028934408757728
      vertex 53.035511769037804 -102 9.019790265903627
    endloop
  endfacet
  facet normal 0 1 0
    outer loop
      vertex -60 -102 1.5
      vertex 53.662713633745696 -102 5.7318829486883605
      vertex 53.88697706484724 -102 5.703551888829111
    endloop
  endfacet
  facet normal 0 1 0
    outer loop
      vertex -60 -102 1.5
      vertex 53.88697706484724 -102 5.703551888829111
      vertex 54.11302293515276 -102 5.703551888829111
    endloop
  endfacet
  facet normal 0 1 0
    outer loop
      vertex -60 -102 1.5
      vertex 53.233597275182866 -102 5.871311305561164
      vertex 53.44376941012509 -102 5.788098270668724
    endloop
  endfacet
  facet normal 0 1 0
    outer loop
      vertex -60 -102 1.5
      vertex 53.44376941012509 -102 5.788098270668724
      vertex 53.662713633745696 -102 5.7318829486883605
    endloop
  endfacet
  facet normal 0 1 0
    outer loop
      vertex -60 -102 1.5
      vertex 53.035511769037804 -102 5.980209734096373
      vertex 53.233597275182866 -102 5.871311305561164
    endloop
  endfacet
  facet normal 0 1 0
    outer loop
      vertex -60 -102 1.5
      vertex 53.233597275182866 -102 9.128688694438836
      vertex 53.05214490314159 -102 9.028934408757728
    endloop
  endfacet
  facet normal 0 1 0
    outer loop
      vertex -60 -102 1.5
      vertex 53.251245317048244 -102 9.135676048513773
      vertex 53.233597275182866 -102 9.128688694438836
    endloop
  endfacet
  facet normal 0 1 0
    outer loop
      vertex -60 -102 1.5
      vertex 53.44376941012509 -102 9.211901729331277
      vertex 53.251245317048244 -102 9.135676048513773
    endloop
  endfacet
  facet normal 0 1 0
    outer loop
      vertex -60 -102 1.5
      vertex 53.46215403958942 -102 9.216622099879247
      vertex 53.44376941012509 -102 9.211901729331277
    endloop
  endfacet
  facet normal 0 1 0
    outer loop
      vertex -60 -102 1.5
      vertex 53.662713633745696 -102 9.26811705131164
      vertex 53.46215403958942 -102 9.216622099879247
    endloop
  endfacet
  facet normal 0 1 0
    outer loop
      vertex -60 -102 1.5
      vertex 53.68154491421987 -102 9.270495995269286
      vertex 53.662713633745696 -102 9.26811705131164
    endloop
  endfacet
  facet normal 0 1 0
    outer loop
      vertex -60 -102 1.5
      vertex 53.88697706484724 -102 9.29644811117089
      vertex 53.68154491421987 -102 9.270495995269286
    endloop
  endfacet
  facet normal 0 -1 0
    outer loop
      vertex -60 -103.5 15
      vertex 61.5 -103.5 1.5
      vertex 53.86318276270981 -103.5 5.32535228647734
    endloop
  endfacet
  facet normal 1 0 0
    outer loop
      vertex 61.5 -103.5 0
      vertex 61.5 -102 0
      vertex 61.5 -103.5 1.5
    endloop
  endfacet
  facet normal 0 -1 0
    outer loop
      vertex 61.5 -103.5 1.5
      vertex 53.95835997125951 -103.5 5.32535228647734
      vertex 53.86318276270981 -103.5 5.32535228647734
    endloop
  endfacet
  facet normal 0 -1 0
    outer loop
      vertex 61.5 -103.5 1.5
      vertex 54.13681723729019 -103.5 5.32535228647734
      vertex 53.95835997125951 -103.5 5.32535228647734
    endloop
  endfacet
  facet normal 0 -1 0
    outer loop
      vertex 61.5 -103.5 1.5
      vertex 54.40829402230784 -103.5 5.359647779991169
      vertex 54.13681723729019 -103.5 5.32535228647734
    endloop
  endfacet
  facet normal 0 -1 0
    outer loop
      vertex 61.5 -103.5 1.5
      vertex 54.67333176669068 -103.5 5.427697906598977
      vertex 54.40829402230784 -103.5 5.359647779991169
    endloop
  endfacet
  facet normal 0 -1 0
    outer loop
      vertex 61.5 -103.5 1.5
      vertex 54.9277506668839 -103.5 5.5284294751529846
      vertex 54.67333176669068 -103.5 5.427697906598977
    endloop
  endfacet
  facet normal 0 1 0
    outer loop
      vertex 60 -102 1.5
      vertex 54.11302293515276 -102 5.703551888829111
      vertex 54.337286366254304 -102 5.7318829486883605
    endloop
  endfacet
  facet normal 0 1 0
    outer loop
      vertex 60 -102 1.5
      vertex 54.337286366254304 -102 5.7318829486883605
      vertex 54.55623058987491 -102 5.788098270668724
    endloop
  endfacet
  facet normal 0 1 0
    outer loop
      vertex 60 -102 1.5
      vertex 54.55623058987491 -102 5.788098270668724
      vertex 54.766402724817134 -102 5.871311305561164
    endloop
  endfacet
  facet normal 0 1 0
    outer loop
      vertex 60 -102 1.5
      vertex 54.766402724817134 -102 5.871311305561164
      vertex 54.964488230962196 -102 5.9802097340963725
    endloop
  endfacet
  facet normal 0 -1 0
    outer loop
      vertex 61.5 -103.5 1.5
      vertex 55.167538384848974 -103.5 5.660253888642973
      vertex 54.9277506668839 -103.5 5.5284294751529846
    endloop
  endfacet
  facet normal 0 -1 0
    outer loop
      vertex 61.5 -103.5 1.5
      vertex 55.31191334583748 -103.5 5.765148437780242
      vertex 55.167538384848974 -103.5 5.660253888642973
    endloop
  endfacet
  facet normal 0 -1 0
    outer loop
      vertex 61.5 -103.5 1.5
      vertex 55.38891332503136 -103.5 5.8210921973201195
      vertex 55.31191334583748 -103.5 5.765148437780242
    endloop
  endfacet
  facet normal 0 -1 0
    outer loop
      vertex 61.5 -103.5 1.5
      vertex 55.519003073303125 -103.5 5.943254602313368
      vertex 55.38891332503136 -103.5 5.8210921973201195
    endloop
  endfacet
  facet normal 0 1 0
    outer loop
      vertex 60 -102 1.5
      vertex 54.964488230962196 -102 5.9802097340963725
      vertex 55.14736318154764 -102 6.11307616300358
    endloop
  endfacet
  facet normal 0 -1 0
    outer loop
      vertex 61.5 -103.5 1.5
      vertex 55.5883842723814 -103.5 6.0084078849764335
      vertex 55.519003073303125 -103.5 5.943254602313368
    endloop
  endfacet
  facet normal 0 -1 0
    outer loop
      vertex 61.5 -103.5 1.5
      vertex 55.702137214894314 -103.5 6.145911571722634
      vertex 55.5883842723814 -103.5 6.0084078849764335
    endloop
  endfacet
  facet normal 0 1 0
    outer loop
      vertex 60 -102 1.5
      vertex 55.14736318154764 -102 6.11307616300358
      vertex 55.31214352935854 -102 6.267815209328361
    endloop
  endfacet
  facet normal 0 -1 0
    outer loop
      vertex 61.5 -103.5 1.5
      vertex 55.762805450901205 -103.5 6.219246871320609
      vertex 55.702137214894314 -103.5 6.145911571722634
    endloop
  endfacet
  facet normal 0 1 0
    outer loop
      vertex 60 -102 1.5
      vertex 55.31214352935854 -102 6.267815209328361
      vertex 55.456230589874906 -102 6.441986545873548
    endloop
  endfacet
  facet normal 0 1 0
    outer loop
      vertex 60 -102 1.5
      vertex 55.456230589874906 -102 6.441986545873548
      vertex 55.577352024078955 -102 6.632843386616912
    endloop
  endfacet
  facet normal 0 1 0
    outer loop
      vertex 60 -102 1.5
      vertex 55.577352024078955 -102 6.632843386616912
      vertex 55.67359767459885 -102 6.837375805167579
    endloop
  endfacet
  facet normal 0 1 0
    outer loop
      vertex 60 -102 1.5
      vertex 55.67359767459885 -102 6.837375805167579
      vertex 55.74344969003154 -102 7.052358203103262
    endloop
  endfacet
  facet normal 0 1 0
    outer loop
      vertex 60 -102 1.5
      vertex 55.74344969003154 -102 7.052358203103262
      vertex 55.78580646236606 -102 7.274400179584252
    endloop
  endfacet
  facet normal 0 1 0
    outer loop
      vertex 60 -102 1.5
      vertex 55.78580646236606 -102 7.274400179584252
      vertex 55.8 -102 7.5
    endloop
  endfacet
  facet normal 0 1 0
    outer loop
      vertex 60 -102 1.5
      vertex 55.8 -102 7.5
      vertex 55.78699828613685 -102 7.7066563240449595
    endloop
  endfacet
  facet normal 0 -1 0
    outer loop
      vertex 61.5 -103.5 1.5
      vertex 55.85842763579914 -103.5 6.369923324539053
      vertex 55.762805450901205 -103.5 6.219246871320609
    endloop
  endfacet
  facet normal 0 -1 0
    outer loop
      vertex 61.5 -103.5 1.5
      vertex 55.90942613441137 -103.5 6.450284099588892
      vertex 55.85842763579914 -103.5 6.369923324539053
    endloop
  endfacet
  facet normal 0 -1 0
    outer loop
      vertex 61.5 -103.5 1.5
      vertex 55.98540954271655 -103.5 6.611757061602575
      vertex 55.90942613441137 -103.5 6.450284099588892
    endloop
  endfacet
  facet normal 0 -1 0
    outer loop
      vertex 61.5 -103.5 1.5
      vertex 56.025934027145986 -103.5 6.697875974676541
      vertex 55.98540954271655 -103.5 6.611757061602575
    endloop
  endfacet
  facet normal 0 -1 0
    outer loop
      vertex 61.5 -103.5 1.5
      vertex 56.05534540206501 -103.5 6.7883948790705135
      vertex 56.025934027145986 -103.5 6.697875974676541
    endloop
  endfacet
  facet normal 0 -1 0
    outer loop
      vertex 61.5 -103.5 1.5
      vertex 56.110491730038184 -103.5 6.958117824809211
      vertex 56.05534540206501 -103.5 6.7883948790705135
    endloop
  endfacet
  facet normal 1 0 0
    outer loop
      vertex 61.5 -102 0
      vertex 61.5 -103.5 15
      vertex 61.5 -103.5 1.5
    endloop
  endfacet
  facet normal 0 1 0
    outer loop
      vertex 60 -102 1.5
      vertex 55.78699828613685 -102 7.7066563240449595
      vertex 55.78580646236606 -102 7.725599820415748
    endloop
  endfacet
  facet normal 0 1 0
    outer loop
      vertex 60 -102 1.5
      vertex 55.78580646236606 -102 7.725599820415748
      vertex 55.74700636557108 -102 7.928997050780015
    endloop
  endfacet
  facet normal 0 1 0
    outer loop
      vertex 60 -102 1.5
      vertex 55.74700636557108 -102 7.928997050780015
      vertex 55.74344969003154 -102 7.947641796896739
    endloop
  endfacet
  facet normal 0 1 0
    outer loop
      vertex 60 -102 1.5
      vertex 55.74344969003154 -102 7.947641796896739
      vertex 55.679463111009234 -102 8.14457223775385
    endloop
  endfacet
  facet normal 0 1 0
    outer loop
      vertex 60 -102 1.5
      vertex 55.679463111009234 -102 8.14457223775385
      vertex 55.67359767459885 -102 8.16262419483242
    endloop
  endfacet
  facet normal 1 0 0
    outer loop
      vertex 61.5 -102 0
      vertex 61.5 -102 7.445652173913044
      vertex 61.5 -103.5 15
    endloop
  endfacet
  facet normal 0 -1 0
    outer loop
      vertex -60 -103.5 15
      vertex 53.0722493331161 -103.5 5.5284294751529846
      vertex 52.832461615151026 -103.5 5.660253888642974
    endloop
  endfacet
  facet normal 0 -1 0
    outer loop
      vertex -60 -103.5 15
      vertex 52.832461615151026 -103.5 5.660253888642974
      vertex 52.61108667496865 -103.5 5.821092197320119
    endloop
  endfacet
  facet normal 0 -1 0
    outer loop
      vertex -60 -103.5 15
      vertex 52.61108667496865 -103.5 5.821092197320119
      vertex 52.4116157276186 -103.5 6.0084078849764335
    endloop
  endfacet
  facet normal 0 -1 0
    outer loop
      vertex -60 -103.5 15
      vertex 52.4116157276186 -103.5 6.0084078849764335
      vertex 52.237194549098795 -103.5 6.219246871320609
    endloop
  endfacet
  facet normal 0 -1 0
    outer loop
      vertex -60 -103.5 15
      vertex 52.237194549098795 -103.5 6.219246871320609
      vertex 52.09057386558863 -103.5 6.450284099588892
    endloop
  endfacet
  facet normal 0 -1 0
    outer loop
      vertex -60 -103.5 15
      vertex 52.09057386558863 -103.5 6.450284099588892
      vertex 51.974065972854014 -103.5 6.697875974676542
    endloop
  endfacet
  facet normal 0 -1 0
    outer loop
      vertex -60 -103.5 15
      vertex 51.974065972854014 -103.5 6.697875974676542
      vertex 51.889508269961816 -103.5 6.95811782480921
    endloop
  endfacet
  facet normal 0 -1 0
    outer loop
      vertex -60 -103.5 15
      vertex 51.889508269961816 -103.5 6.95811782480921
      vertex 51.83823428239897 -103.5 7.226905480549358
    endloop
  endfacet
  facet normal 0 -1 0
    outer loop
      vertex -60 -103.5 15
      vertex 51.83823428239897 -103.5 7.226905480549358
      vertex 51.821052631578944 -103.5 7.5
    endloop
  endfacet
  facet normal 0 -1 0
    outer loop
      vertex -60 -103.5 15
      vertex 51.821052631578944 -103.5 7.5
      vertex 51.83225805602679 -103.5 7.678105121380852
    endloop
  endfacet
  facet normal 0 -1 0
    outer loop
      vertex -60 -103.5 15
      vertex 51.83225805602679 -103.5 7.678105121380852
      vertex 51.83823428239897 -103.5 7.773094519450642
    endloop
  endfacet
  facet normal 0 -1 0
    outer loop
      vertex -60 -103.5 15
      vertex 51.83823428239897 -103.5 7.773094519450642
      vertex 51.87167383950518 -103.5 7.948390816672477
    endloop
  endfacet
  facet normal 0 -1 0
    outer loop
      vertex -60 -103.5 15
      vertex 51.87167383950518 -103.5 7.948390816672477
      vertex 51.889508269961816 -103.5 8.041882175190791
    endloop
  endfacet
  facet normal 0 -1 0
    outer loop
      vertex -60 -103.5 15
      vertex 51.889508269961816 -103.5 8.041882175190791
      vertex 51.94465459793499 -103.5 8.211605120929486
    endloop
  endfacet
  facet normal 0 -1 0
    outer loop
      vertex -60 -103.5 15
      vertex 51.94465459793499 -103.5 8.211605120929486
      vertex 51.974065972854014 -103.5 8.302124025323458
    endloop
  endfacet
  facet normal 0 -1 0
    outer loop
      vertex -60 -103.5 15
      vertex 51.974065972854014 -103.5 8.302124025323458
      vertex 52.01459045728345 -103.5 8.388242938397424
    endloop
  endfacet
  facet normal 0 -1 0
    outer loop
      vertex -60 -103.5 15
      vertex 52.01459045728345 -103.5 8.388242938397424
      vertex 52.09057386558863 -103.5 8.549715900411108
    endloop
  endfacet
  facet normal 0 -1 0
    outer loop
      vertex -60 -103.5 15
      vertex 52.09057386558863 -103.5 8.549715900411108
      vertex 52.14157236420086 -103.5 8.630076675460947
    endloop
  endfacet
  facet normal 0 -1 0
    outer loop
      vertex -60 -103.5 15
      vertex 52.14157236420086 -103.5 8.630076675460947
      vertex 52.237194549098795 -103.5 8.780753128679391
    endloop
  endfacet
  facet normal 0 -1 0
    outer loop
      vertex -60 -103.5 15
      vertex 52.237194549098795 -103.5 8.780753128679391
      vertex 52.297862785105686 -103.5 8.854088428277365
    endloop
  endfacet
  facet normal 0 -1 0
    outer loop
      vertex -60 -103.5 15
      vertex 52.297862785105686 -103.5 8.854088428277365
      vertex 52.4116157276186 -103.5 8.991592115023566
    endloop
  endfacet
  facet normal 0 -1 0
    outer loop
      vertex -60 -103.5 15
      vertex 52.4116157276186 -103.5 8.991592115023566
      vertex 52.61108667496865 -103.5 9.17890780267988
    endloop
  endfacet
  facet normal 0 -1 0
    outer loop
      vertex -60 -103.5 15
      vertex 52.61108667496865 -103.5 9.17890780267988
      vertex 52.832461615151026 -103.5 9.339746111357025
    endloop
  endfacet
  facet normal 0 -1 0
    outer loop
      vertex -60 -103.5 15
      vertex 53.86318276270981 -103.5 5.32535228647734
      vertex 53.59170597769216 -103.5 5.359647779991169
    endloop
  endfacet
  facet normal 0 -1 0
    outer loop
      vertex -60 -103.5 15
      vertex 53.59170597769216 -103.5 5.359647779991169
      vertex 53.32666823330932 -103.5 5.427697906598977
    endloop
  endfacet
  facet normal 0 -1 0
    outer loop
      vertex -60 -103.5 15
      vertex 53.32666823330932 -103.5 5.427697906598977
      vertex 53.0722493331161 -103.5 5.5284294751529846
    endloop
  endfacet
  facet normal 0 1 0
    outer loop
      vertex -60 -102 1.5
      vertex 60 -102 15
      vertex 53.88697706484724 -102 9.29644811117089
    endloop
  endfacet
  facet normal 0 -1 0
    outer loop
      vertex -60 -103.5 15
      vertex 52.832461615151026 -103.5 9.339746111357025
      vertex 53.0722493331161 -103.5 9.471570524847015
    endloop
  endfacet
  facet normal 0 -1 0
    outer loop
      vertex -60 -103.5 15
      vertex 53.0722493331161 -103.5 9.471570524847015
      vertex 53.32666823330932 -103.5 9.572302093401024
    endloop
  endfacet
  facet normal 0 -1 0
    outer loop
      vertex -60 -103.5 15
      vertex 53.32666823330932 -103.5 9.572302093401024
      vertex 53.59170597769216 -103.5 9.64035222000883
    endloop
  endfacet
  facet normal 0 -1 0
    outer loop
      vertex -60 -103.5 15
      vertex 53.59170597769216 -103.5 9.64035222000883
      vertex 53.686132685524385 -103.5 9.65228108731799
    endloop
  endfacet
  facet normal 0 -1 0
    outer loop
      vertex -60 -103.5 15
      vertex 53.686132685524385 -103.5 9.65228108731799
      vertex 53.86318276270981 -103.5 9.67464771352266
    endloop
  endfacet
  facet normal 0 -1 0
    outer loop
      vertex -60 -103.5 15
      vertex 53.86318276270981 -103.5 9.67464771352266
      vertex 54.13681723729019 -103.5 9.67464771352266
    endloop
  endfacet
  facet normal 0 -1 0
    outer loop
      vertex -60 -103.5 15
      vertex 54.13681723729019 -103.5 9.67464771352266
      vertex 61.5 -103.5 15
    endloop
  endfacet
  facet normal 0 0 1
    outer loop
      vertex -60 -102 15
      vertex 61.5 -103.5 15
      vertex 60 -102 15
    endloop
  endfacet
  facet normal 0 -1 0
    outer loop
      vertex 61.5 -103.5 1.5
      vertex 61.5 -103.5 15
      vertex 56.110491730038184 -103.5 6.958117824809211
    endloop
  endfacet
  facet normal 0 1 0
    outer loop
      vertex 60 -102 1.5
      vertex 55.67359767459885 -102 8.16262419483242
      vertex 60 -102 15
    endloop
  endfacet
  facet normal 0 -1 0
    outer loop
      vertex 61.5 -103.5 15
      vertex 56.12832616049482 -103.5 7.051609183327524
      vertex 56.110491730038184 -103.5 6.958117824809211
    endloop
  endfacet
  facet normal 0 -1 0
    outer loop
      vertex 61.5 -103.5 15
      vertex 56.16176571760103 -103.5 7.226905480549358
      vertex 56.12832616049482 -103.5 7.051609183327524
    endloop
  endfacet
  facet normal 0 -1 0
    outer loop
      vertex 61.5 -103.5 15
      vertex 56.16774194397321 -103.5 7.321894878619148
      vertex 56.16176571760103 -103.5 7.226905480549358
    endloop
  endfacet
  facet normal 0 -1 0
    outer loop
      vertex 61.5 -103.5 15
      vertex 56.178947368421056 -103.5 7.5
      vertex 56.16774194397321 -103.5 7.321894878619148
    endloop
  endfacet
  facet normal 0 -1 0
    outer loop
      vertex 61.5 -103.5 15
      vertex 56.16176571760103 -103.5 7.773094519450643
      vertex 56.178947368421056 -103.5 7.5
    endloop
  endfacet
  facet normal 0 -1 0
    outer loop
      vertex 61.5 -103.5 15
      vertex 56.12832616049482 -103.5 7.948390816672477
      vertex 56.16176571760103 -103.5 7.773094519450643
    endloop
  endfacet
  facet normal 0 1 0
    outer loop
      vertex 60 -102 15
      vertex 55.67359767459885 -102 8.16262419483242
      vertex 55.58543371992414 -102 8.34998213548952
    endloop
  endfacet
  facet normal 0 1 0
    outer loop
      vertex 60 -102 15
      vertex 55.58543371992414 -102 8.34998213548952
      vertex 55.577352024078955 -102 8.367156613383088
    endloop
  endfacet
  facet normal 0 1 0
    outer loop
      vertex 60 -102 15
      vertex 55.577352024078955 -102 8.367156613383088
      vertex 55.46640109198364 -102 8.541987307193802
    endloop
  endfacet
  facet normal 0 1 0
    outer loop
      vertex 60 -102 15
      vertex 55.46640109198364 -102 8.541987307193802
      vertex 55.456230589874906 -102 8.558013454126451
    endloop
  endfacet
  facet normal 0 1 0
    outer loop
      vertex 60 -102 15
      vertex 55.456230589874906 -102 8.558013454126451
      vertex 55.32424244283702 -102 8.717559716610594
    endloop
  endfacet
  facet normal 0 1 0
    outer loop
      vertex 60 -102 15
      vertex 54.97984414284342 -102 9.008633542865617
      vertex 54.964488230962196 -102 9.019790265903627
    endloop
  endfacet
  facet normal 0 1 0
    outer loop
      vertex 60 -102 15
      vertex 55.32424244283702 -102 8.717559716610594
      vertex 55.31214352935854 -102 8.73218479067164
    endloop
  endfacet
  facet normal 0 1 0
    outer loop
      vertex 60 -102 15
      vertex 55.31214352935854 -102 8.73218479067164
      vertex 55.161199699302756 -102 8.873930481961516
    endloop
  endfacet
  facet normal 0 1 0
    outer loop
      vertex 60 -102 15
      vertex 55.161199699302756 -102 8.873930481961516
      vertex 55.14736318154764 -102 8.88692383699642
    endloop
  endfacet
  facet normal 0 1 0
    outer loop
      vertex 60 -102 15
      vertex 55.14736318154764 -102 8.88692383699642
      vertex 54.97984414284342 -102 9.008633542865617
    endloop
  endfacet
  facet normal 0 -1 0
    outer loop
      vertex 61.5 -103.5 15
      vertex 55.5883842723814 -103.5 8.991592115023566
      vertex 55.762805450901205 -103.5 8.780753128679391
    endloop
  endfacet
  facet normal 0 1 0
    outer loop
      vertex 60 -102 15
      vertex 54.964488230962196 -102 9.019790265903627
      vertex 54.78303585892092 -102 9.119544551584735
    endloop
  endfacet
  facet normal 0 1 0
    outer loop
      vertex 60 -102 15
      vertex 54.766402724817134 -102 9.128688694438836
      vertex 54.573878631740286 -102 9.20491437525634
    endloop
  endfacet
  facet normal 0 1 0
    outer loop
      vertex 60 -102 15
      vertex 54.78303585892092 -102 9.119544551584735
      vertex 54.766402724817134 -102 9.128688694438836
    endloop
  endfacet
  facet normal 0 1 0
    outer loop
      vertex 60 -102 15
      vertex 54.337286366254304 -102 9.26811705131164
      vertex 54.13185421562694 -102 9.294069167213243
    endloop
  endfacet
  facet normal 0 1 0
    outer loop
      vertex 60 -102 15
      vertex 53.90595801578892 -102 9.29644811117089
      vertex 53.88697706484724 -102 9.29644811117089
    endloop
  endfacet
  facet normal 0 1 0
    outer loop
      vertex 60 -102 15
      vertex 54.13185421562694 -102 9.294069167213243
      vertex 54.11302293515276 -102 9.29644811117089
    endloop
  endfacet
  facet normal 0 1 0
    outer loop
      vertex 60 -102 15
      vertex 54.11302293515276 -102 9.29644811117089
      vertex 53.90595801578892 -102 9.29644811117089
    endloop
  endfacet
  facet normal 0 1 0
    outer loop
      vertex 60 -102 15
      vertex 54.55623058987491 -102 9.211901729331277
      vertex 54.35567099571863 -102 9.26339668076367
    endloop
  endfacet
  facet normal 0 1 0
    outer loop
      vertex 60 -102 15
      vertex 54.573878631740286 -102 9.20491437525634
      vertex 54.55623058987491 -102 9.211901729331277
    endloop
  endfacet
  facet normal 0 1 0
    outer loop
      vertex 60 -102 15
      vertex 54.35567099571863 -102 9.26339668076367
      vertex 54.337286366254304 -102 9.26811705131164
    endloop
  endfacet
  facet normal 0 -1 0
    outer loop
      vertex 61.5 -103.5 15
      vertex 55.519003073303125 -103.5 9.056745397686633
      vertex 55.5883842723814 -103.5 8.991592115023566
    endloop
  endfacet
  facet normal 0 -1 0
    outer loop
      vertex 61.5 -103.5 15
      vertex 55.38891332503136 -103.5 9.17890780267988
      vertex 55.519003073303125 -103.5 9.056745397686633
    endloop
  endfacet
  facet normal 0 -1 0
    outer loop
      vertex 61.5 -103.5 15
      vertex 55.31191334583748 -103.5 9.234851562219758
      vertex 55.38891332503136 -103.5 9.17890780267988
    endloop
  endfacet
  facet normal 0 -1 0
    outer loop
      vertex 61.5 -103.5 15
      vertex 55.167538384848974 -103.5 9.339746111357025
      vertex 55.31191334583748 -103.5 9.234851562219758
    endloop
  endfacet
  facet normal 0 -1 0
    outer loop
      vertex 61.5 -103.5 15
      vertex 55.08413396120895 -103.5 9.385598081266588
      vertex 55.167538384848974 -103.5 9.339746111357025
    endloop
  endfacet
  facet normal 0 -1 0
    outer loop
      vertex 61.5 -103.5 15
      vertex 56.110491730038184 -103.5 8.041882175190791
      vertex 56.12832616049482 -103.5 7.948390816672477
    endloop
  endfacet
  facet normal 0 -1 0
    outer loop
      vertex 61.5 -103.5 15
      vertex 56.05534540206501 -103.5 8.211605120929486
      vertex 56.110491730038184 -103.5 8.041882175190791
    endloop
  endfacet
  facet normal 0 -1 0
    outer loop
      vertex 61.5 -103.5 15
      vertex 56.025934027145986 -103.5 8.302124025323458
      vertex 56.05534540206501 -103.5 8.211605120929486
    endloop
  endfacet
  facet normal 0 -1 0
    outer loop
      vertex 61.5 -103.5 15
      vertex 55.98540954271655 -103.5 8.388242938397424
      vertex 56.025934027145986 -103.5 8.302124025323458
    endloop
  endfacet
  facet normal 0 -1 0
    outer loop
      vertex 61.5 -103.5 15
      vertex 55.90942613441137 -103.5 8.549715900411108
      vertex 55.98540954271655 -103.5 8.388242938397424
    endloop
  endfacet
  facet normal 0 -1 0
    outer loop
      vertex 61.5 -103.5 15
      vertex 55.762805450901205 -103.5 8.780753128679391
      vertex 55.90942613441137 -103.5 8.549715900411108
    endloop
  endfacet
  facet normal 0 -1 0
    outer loop
      vertex 61.5 -103.5 15
      vertex 54.13681723729019 -103.5 9.67464771352266
      vertex 54.313867314475615 -103.5 9.65228108731799
    endloop
  endfacet
  facet normal 0 -1 0
    outer loop
      vertex 61.5 -103.5 15
      vertex 54.9277506668839 -103.5 9.471570524847015
      vertex 55.08413396120895 -103.5 9.385598081266588
    endloop
  endfacet
  facet normal 0 -1 0
    outer loop
      vertex 61.5 -103.5 15
      vertex 54.67333176669068 -103.5 9.572302093401024
      vertex 54.9277506668839 -103.5 9.471570524847015
    endloop
  endfacet
  facet normal 0 -1 0
    outer loop
      vertex 61.5 -103.5 15
      vertex 54.40829402230784 -103.5 9.64035222000883
      vertex 54.67333176669068 -103.5 9.572302093401024
    endloop
  endfacet
  facet normal 0 -1 0
    outer loop
      vertex 61.5 -103.5 15
      vertex 54.313867314475615 -103.5 9.65228108731799
      vertex 54.40829402230784 -103.5 9.64035222000883
    endloop
  endfacet
  facet normal 0 0 1
    outer loop
      vertex 60 -102 15
      vertex 61.5 -103.5 15
      vertex 61.5 -102 15
    endloop
  endfacet
  facet normal 1 0 0
    outer loop
      vertex 61.5 -103.5 15
      vertex 61.5 -102 14.891304347826088
      vertex 61.5 -102 15
    endloop
  endfacet
  facet normal 1 0 0
    outer loop
      vertex 61.5 -102 0
      vertex 61.5 102 0
      vertex 61.5 -102 7.445652173913044
    endloop
  endfacet
  facet normal 1 0 0
    outer loop
      vertex 61.5 -102 7.445652173913044
      vertex 61.5 102 0
      vertex 61.5 -103.5 15
    endloop
  endfacet
  facet normal 1 0 0
    outer loop
      vertex 61.5 -103.5 15
      vertex 61.5 102 0
      vertex 61.5 -102 14.891304347826088
    endloop
  endfacet
  facet normal -1 0 0
    outer loop
      vertex 60 -102 1.5
      vertex 60 -102 15
      vertex 60 102 15
    endloop
  endfacet
  facet normal 0 0 1
    outer loop
      vertex 60 -102 15
      vertex 61.5 -102 15
      vertex 61.5 102 15
    endloop
  endfacet
  facet normal 1 0 0
    outer loop
      vertex 61.5 -102 14.891304347826088
      vertex 61.5 102 15
      vertex 61.5 -102 15
    endloop
  endfacet
  facet normal -1 0 0
    outer loop
      vertex 60 -102 1.5
      vertex 60 102 15
      vertex 60 102 1.5
    endloop
  endfacet
  facet normal 1 0 0
    outer loop
      vertex 61.5 -102 14.891304347826088
      vertex 61.5 102 0
      vertex 61.5 102 15
    endloop
  endfacet
  facet normal 0 0 1
    outer loop
      vertex 60 -102 15
      vertex 61.5 102 15
      vertex 60 102 15
    endloop
  endfacet
  facet normal 0 -1 0
    outer loop
      vertex -61.5 -103.5 1.5
      vertex -61.35 -103.5 1.5
      vertex -61.5 -103.5 15
    endloop
  endfacet
  facet normal 1 0 0
    outer loop
      vertex -60 -102 1.5
      vertex -60 102 1.5
      vertex -60 -102 15
    endloop
  endfacet
  facet normal 0 -1 0
    outer loop
      vertex -61.35 -103.5 1.5
      vertex -60 -103.5 15
      vertex -61.5 -103.5 15
    endloop
  endfacet
  facet normal -1 0 0
    outer loop
      vertex -61.5 -102 0
      vertex -61.5 -102 15
      vertex -61.5 102 15
    endloop
  endfacet
  facet normal 0 0 1
    outer loop
      vertex -61.5 -102 15
      vertex -60 -102 15
      vertex -60 102 15
    endloop
  endfacet
  facet normal -1 0 0
    outer loop
      vertex -61.5 -102 0
      vertex -61.5 102 15
      vertex -61.5 102 0
    endloop
  endfacet
  facet normal 1 0 0
    outer loop
      vertex -60 -102 15
      vertex -60 102 1.5
      vertex -60 102 15
    endloop
  endfacet
  facet normal 0 0 1
    outer loop
      vertex -61.5 -102 15
      vertex -60 102 15
      vertex -61.5 102 15
    endloop
  endfacet
  facet normal 0 -0.6870284404387169 0.7266305264908326
    outer loop
      vertex -53.88697706484724 -103.1 5.703551888829111
      vertex -54.04164002874049 -103.5 5.32535228647734
      vertex -53.86318276270981 -103.5 5.32535228647734
    endloop
  endfacet
  facet normal 0 -0.6870284404387167 0.7266305264908326
    outer loop
      vertex -54.11302293515276 -103.1 5.703551888829111
      vertex -54.04164002874049 -103.5 5.32535228647734
      vertex -53.88697706484724 -103.1 5.703551888829111
    endloop
  endfacet
  facet normal -0.4271027073368362 -0.6870284404387154 0.5878564445626937
    outer loop
      vertex -53.035511769037804 -103.1 5.9802097340963725
      vertex -52.832461615151026 -103.5 5.660253888642973
      vertex -52.68808665416252 -103.5 5.765148437780242
    endloop
  endfacet
  facet normal -0.427102707336836 -0.6870284404387154 0.5878564445626939
    outer loop
      vertex -53.035511769037804 -103.1 5.9802097340963725
      vertex -52.68808665416252 -103.5 5.765148437780242
      vertex -52.85263681845236 -103.1 6.11307616300358
    endloop
  endfacet
  facet normal -0.4974128239887332 -0.6870284404387197 0.5296908575385215
    outer loop
      vertex -52.85263681845236 -103.1 6.11307616300358
      vertex -52.61108667496864 -103.5 5.8210921973201195
      vertex -52.480996926696875 -103.5 5.943254602313368
    endloop
  endfacet
  facet normal -0.49741282398872955 -0.6870284404387184 0.5296908575385265
    outer loop
      vertex -52.85263681845236 -103.1 6.11307616300358
      vertex -52.480996926696875 -103.5 5.943254602313368
      vertex -52.68785647064146 -103.1 6.267815209328361
    endloop
  endfacet
  facet normal -0.5598784432663334 -0.687028440438716 0.46317172926897476
    outer loop
      vertex -52.68785647064146 -103.1 6.267815209328361
      vertex -52.4116157276186 -103.5 6.0084078849764335
      vertex -52.297862785105686 -103.5 6.145911571722634
    endloop
  endfacet
  facet normal -0.5598784432663337 -0.6870284404387162 0.46317172926897426
    outer loop
      vertex -52.68785647064146 -103.1 6.267815209328361
      vertex -52.297862785105686 -103.5 6.145911571722634
      vertex -52.543769410125094 -103.1 6.441986545873548
    endloop
  endfacet
  facet normal -0.6135144450384409 -0.6870284404387159 0.38934810614348647
    outer loop
      vertex -52.543769410125094 -103.1 6.441986545873548
      vertex -52.237194549098795 -103.5 6.219246871320609
      vertex -52.14157236420086 -103.5 6.369923324539053
    endloop
  endfacet
  facet normal -0.6135144450384417 -0.6870284404387164 0.3893481061434844
    outer loop
      vertex -52.543769410125094 -103.1 6.441986545873548
      vertex -52.14157236420086 -103.5 6.369923324539053
      vertex -52.422647975921045 -103.1 6.632843386616912
    endloop
  endfacet
  facet normal -0.6574749575165298 -0.6870284404387155 0.3093842307988296
    outer loop
      vertex -52.422647975921045 -103.1 6.632843386616912
      vertex -52.09057386558863 -103.5 6.450284099588892
      vertex -52.01459045728345 -103.5 6.611757061602575
    endloop
  endfacet
  facet normal -0.6574749575165322 -0.6870284404387174 0.30938423079882077
    outer loop
      vertex -52.422647975921045 -103.1 6.632843386616912
      vertex -52.01459045728345 -103.5 6.611757061602575
      vertex -52.32640232540115 -103.1 6.837375805167579
    endloop
  endfacet
  facet normal -0.6910666971580829 -0.6870284404387155 0.22454118131729206
    outer loop
      vertex -52.32640232540115 -103.1 6.837375805167579
      vertex -51.94465459793499 -103.5 6.7883948790705135
      vertex -52.25655030996846 -103.1 7.052358203103262
    endloop
  endfacet
  facet normal -0.6910666971580786 -0.6870284404387171 0.22454118131730022
    outer loop
      vertex -52.25655030996846 -103.1 7.052358203103262
      vertex -51.94465459793499 -103.5 6.7883948790705135
      vertex -51.889508269961816 -103.5 6.958117824809211
    endloop
  endfacet
  facet normal -0.7137599021622226 -0.6870284404387149 0.1361569832719622
    outer loop
      vertex -52.25655030996846 -103.1 7.052358203103262
      vertex -51.87167383950518 -103.5 7.051609183327524
      vertex -52.21419353763394 -103.1 7.274400179584252
    endloop
  endfacet
  facet normal -0.7137599021622153 -0.6870284404387189 0.13615698327198086
    outer loop
      vertex -52.21419353763394 -103.1 7.274400179584252
      vertex -51.87167383950518 -103.5 7.051609183327524
      vertex -51.83823428239897 -103.5 7.226905480549358
    endloop
  endfacet
  facet normal -0.7251966871297568 -0.687028440438719 0.045625508264205764
    outer loop
      vertex -52.21419353763394 -103.1 7.274400179584252
      vertex -51.83225805602679 -103.5 7.321894878619148
      vertex -52.2 -103.1 7.5
    endloop
  endfacet
  facet normal -0.7251966871297569 -0.687028440438719 0.04562550826420593
    outer loop
      vertex -52.2 -103.1 7.5
      vertex -51.83225805602679 -103.5 7.321894878619148
      vertex -51.821052631578944 -103.5 7.5
    endloop
  endfacet
  facet normal 0.7251966871297569 -0.687028440438719 -0.04562550826420593
    outer loop
      vertex -55.8 -103.1 7.5
      vertex -56.16774194397321 -103.5 7.678105121380852
      vertex -56.178947368421056 -103.5 7.5
    endloop
  endfacet
  facet normal 0.7251966871297568 -0.687028440438719 -0.045625508264205764
    outer loop
      vertex -55.8 -103.1 7.5
      vertex -55.78580646236606 -103.1 7.725599820415748
      vertex -56.16774194397321 -103.5 7.678105121380852
    endloop
  endfacet
  facet normal 0.7137599021622153 -0.6870284404387189 -0.1361569832719802
    outer loop
      vertex -55.78580646236606 -103.1 7.725599820415748
      vertex -56.12832616049482 -103.5 7.948390816672477
      vertex -56.16176571760103 -103.5 7.773094519450642
    endloop
  endfacet
  facet normal 0.7137599021622227 -0.6870284404387149 -0.13615698327196168
    outer loop
      vertex -55.78580646236606 -103.1 7.725599820415748
      vertex -55.74344969003154 -103.1 7.947641796896739
      vertex -56.12832616049482 -103.5 7.948390816672477
    endloop
  endfacet
  facet normal 0.6910666971580773 -0.6870284404387174 -0.22454118131730336
    outer loop
      vertex -55.74344969003154 -103.1 7.947641796896739
      vertex -56.05534540206501 -103.5 8.211605120929486
      vertex -56.110491730038184 -103.5 8.041882175190791
    endloop
  endfacet
  facet normal 0.691066697158082 -0.6870284404387154 -0.22454118131729456
    outer loop
      vertex -55.74344969003154 -103.1 7.947641796896739
      vertex -55.67359767459885 -103.1 8.16262419483242
      vertex -56.05534540206501 -103.5 8.211605120929486
    endloop
  endfacet
  facet normal 0.6574749575165331 -0.6870284404387175 -0.3093842307988185
    outer loop
      vertex -55.67359767459885 -103.1 8.16262419483242
      vertex -55.577352024078955 -103.1 8.367156613383088
      vertex -55.98540954271655 -103.5 8.388242938397424
    endloop
  endfacet
  facet normal 0.6574749575165306 -0.6870284404387155 -0.3093842307988282
    outer loop
      vertex -55.577352024078955 -103.1 8.367156613383088
      vertex -55.90942613441137 -103.5 8.549715900411108
      vertex -55.98540954271655 -103.5 8.388242938397424
    endloop
  endfacet
  facet normal 0.6135144450384408 -0.6870284404387165 -0.38934810614348564
    outer loop
      vertex -55.577352024078955 -103.1 8.367156613383088
      vertex -55.456230589874906 -103.1 8.558013454126451
      vertex -55.85842763579914 -103.5 8.630076675460947
    endloop
  endfacet
  facet normal 0.6135144450384405 -0.6870284404387164 -0.38934810614348625
    outer loop
      vertex -55.456230589874906 -103.1 8.558013454126451
      vertex -55.762805450901205 -103.5 8.780753128679391
      vertex -55.85842763579914 -103.5 8.630076675460947
    endloop
  endfacet
  facet normal 0.5598784432663342 -0.6870284404387157 -0.4631717292689746
    outer loop
      vertex -55.456230589874906 -103.1 8.558013454126451
      vertex -55.31214352935854 -103.1 8.732184790671639
      vertex -55.702137214894314 -103.5 8.854088428277365
    endloop
  endfacet
  facet normal 0.5598784432663361 -0.6870284404387166 -0.46317172926897104
    outer loop
      vertex -55.31214352935854 -103.1 8.732184790671639
      vertex -55.5883842723814 -103.5 8.991592115023566
      vertex -55.702137214894314 -103.5 8.854088428277365
    endloop
  endfacet
  facet normal -0.7137599021622152 -0.6870284404387191 -0.13615698327198086
    outer loop
      vertex -52.21419353763394 -103.1 7.725599820415748
      vertex -51.83823428239897 -103.5 7.773094519450643
      vertex -51.87167383950518 -103.5 7.948390816672477
    endloop
  endfacet
  facet normal -0.7137599021622227 -0.6870284404387149 -0.13615698327196168
    outer loop
      vertex -52.21419353763394 -103.1 7.725599820415748
      vertex -51.87167383950518 -103.5 7.948390816672477
      vertex -52.25655030996846 -103.1 7.947641796896739
    endloop
  endfacet
  facet normal -0.6910666971580773 -0.6870284404387174 -0.22454118131730336
    outer loop
      vertex -52.25655030996846 -103.1 7.947641796896739
      vertex -51.889508269961816 -103.5 8.041882175190791
      vertex -51.94465459793499 -103.5 8.211605120929486
    endloop
  endfacet
  facet normal -0.691066697158082 -0.6870284404387154 -0.22454118131729456
    outer loop
      vertex -52.25655030996846 -103.1 7.947641796896739
      vertex -51.94465459793499 -103.5 8.211605120929486
      vertex -52.32640232540115 -103.1 8.16262419483242
    endloop
  endfacet
  facet normal -0.6574749575165331 -0.6870284404387175 -0.3093842307988185
    outer loop
      vertex -52.32640232540115 -103.1 8.16262419483242
      vertex -52.01459045728345 -103.5 8.388242938397424
      vertex -52.422647975921045 -103.1 8.367156613383088
    endloop
  endfacet
  facet normal -0.6574749575165306 -0.6870284404387155 -0.3093842307988282
    outer loop
      vertex -52.422647975921045 -103.1 8.367156613383088
      vertex -52.01459045728345 -103.5 8.388242938397424
      vertex -52.09057386558863 -103.5 8.549715900411108
    endloop
  endfacet
  facet normal -0.6135144450384418 -0.6870284404387152 -0.3893481061434863
    outer loop
      vertex -52.422647975921045 -103.1 8.367156613383088
      vertex -52.09057386558863 -103.5 8.549715900411108
      vertex -52.543769410125094 -103.1 8.558013454126451
    endloop
  endfacet
  facet normal -0.6135144450384425 -0.6870284404387162 -0.3893481061434833
    outer loop
      vertex -52.543769410125094 -103.1 8.558013454126451
      vertex -52.09057386558863 -103.5 8.549715900411108
      vertex -52.237194549098795 -103.5 8.780753128679391
    endloop
  endfacet
  facet normal -0.49741282398872794 -0.6870284404387186 -0.5296908575385278
    outer loop
      vertex -52.68785647064146 -103.1 8.73218479067164
      vertex -52.480996926696875 -103.5 9.056745397686633
      vertex -52.85263681845236 -103.1 8.88692383699642
    endloop
  endfacet
  facet normal -0.4974128239887311 -0.6870284404387198 -0.5296908575385233
    outer loop
      vertex -52.85263681845236 -103.1 8.88692383699642
      vertex -52.480996926696875 -103.5 9.056745397686633
      vertex -52.61108667496864 -103.5 9.17890780267988
    endloop
  endfacet
  facet normal -0.42710270733680833 -0.6870284404387185 -0.5878564445627104
    outer loop
      vertex -52.85263681845236 -103.1 8.88692383699642
      vertex -52.61108667496864 -103.5 9.17890780267988
      vertex -52.68808665416252 -103.5 9.234851562219758
    endloop
  endfacet
  facet normal -0.35005692585143616 -0.6870284404387156 -0.6367511842876998
    outer loop
      vertex -53.035511769037804 -103.1 9.019790265903627
      vertex -52.832461615151026 -103.5 9.339746111357025
      vertex -52.91586603879105 -103.5 9.385598081266588
    endloop
  endfacet
  facet normal 0.09107095349163011 -0.6870284404387175 -0.7209008277554334
    outer loop
      vertex -54.337286366254304 -103.1 9.26811705131164
      vertex -54.11302293515276 -103.1 9.29644811117089
      vertex -54.313867314475615 -103.5 9.65228108731799
    endloop
  endfacet
  facet normal 0.09107095349162768 -0.6870284404387169 -0.7209008277554342
    outer loop
      vertex -54.11302293515276 -103.1 9.29644811117089
      vertex -54.13681723729019 -103.5 9.67464771352266
      vertex -54.313867314475615 -103.5 9.65228108731799
    endloop
  endfacet
  facet normal -0.09107095349163011 -0.6870284404387175 -0.7209008277554334
    outer loop
      vertex -53.662713633745696 -103.1 9.26811705131164
      vertex -53.686132685524385 -103.5 9.65228108731799
      vertex -53.88697706484724 -103.1 9.29644811117089
    endloop
  endfacet
  facet normal -0.09107095349162768 -0.6870284404387169 -0.7209008277554342
    outer loop
      vertex -53.88697706484724 -103.1 9.29644811117089
      vertex -53.686132685524385 -103.5 9.65228108731799
      vertex -53.86318276270981 -103.5 9.67464771352266
    endloop
  endfacet
  facet normal 0 -0.6870284404387169 0.7266305264908326
    outer loop
      vertex 54.11302293515276 -103.1 5.703551888829111
      vertex 53.95835997125951 -103.5 5.32535228647734
      vertex 54.13681723729019 -103.5 5.32535228647734
    endloop
  endfacet
  facet normal 0 -0.6870284404387167 0.7266305264908326
    outer loop
      vertex 53.88697706484724 -103.1 5.703551888829111
      vertex 53.95835997125951 -103.5 5.32535228647734
      vertex 54.11302293515276 -103.1 5.703551888829111
    endloop
  endfacet
  facet normal -0.4271027073368362 -0.6870284404387154 0.5878564445626937
    outer loop
      vertex 54.964488230962196 -103.1 5.9802097340963725
      vertex 55.167538384848974 -103.5 5.660253888642973
      vertex 55.31191334583748 -103.5 5.765148437780242
    endloop
  endfacet
  facet normal -0.427102707336836 -0.6870284404387154 0.5878564445626939
    outer loop
      vertex 54.964488230962196 -103.1 5.9802097340963725
      vertex 55.31191334583748 -103.5 5.765148437780242
      vertex 55.14736318154764 -103.1 6.11307616300358
    endloop
  endfacet
  facet normal -0.4974128239887332 -0.6870284404387197 0.5296908575385215
    outer loop
      vertex 55.14736318154764 -103.1 6.11307616300358
      vertex 55.38891332503136 -103.5 5.8210921973201195
      vertex 55.519003073303125 -103.5 5.943254602313368
    endloop
  endfacet
  facet normal -0.49741282398872955 -0.6870284404387184 0.5296908575385265
    outer loop
      vertex 55.14736318154764 -103.1 6.11307616300358
      vertex 55.519003073303125 -103.5 5.943254602313368
      vertex 55.31214352935854 -103.1 6.267815209328361
    endloop
  endfacet
  facet normal -0.5598784432663334 -0.687028440438716 0.46317172926897476
    outer loop
      vertex 55.31214352935854 -103.1 6.267815209328361
      vertex 55.5883842723814 -103.5 6.0084078849764335
      vertex 55.702137214894314 -103.5 6.145911571722634
    endloop
  endfacet
  facet normal -0.5598784432663337 -0.6870284404387162 0.46317172926897426
    outer loop
      vertex 55.31214352935854 -103.1 6.267815209328361
      vertex 55.702137214894314 -103.5 6.145911571722634
      vertex 55.456230589874906 -103.1 6.441986545873548
    endloop
  endfacet
  facet normal -0.6135144450384409 -0.6870284404387159 0.38934810614348647
    outer loop
      vertex 55.456230589874906 -103.1 6.441986545873548
      vertex 55.762805450901205 -103.5 6.219246871320609
      vertex 55.85842763579914 -103.5 6.369923324539053
    endloop
  endfacet
  facet normal -0.6135144450384417 -0.6870284404387164 0.3893481061434844
    outer loop
      vertex 55.456230589874906 -103.1 6.441986545873548
      vertex 55.85842763579914 -103.5 6.369923324539053
      vertex 55.577352024078955 -103.1 6.632843386616912
    endloop
  endfacet
  facet normal -0.6574749575165298 -0.6870284404387155 0.3093842307988296
    outer loop
      vertex 55.577352024078955 -103.1 6.632843386616912
      vertex 55.90942613441137 -103.5 6.450284099588892
      vertex 55.98540954271655 -103.5 6.611757061602575
    endloop
  endfacet
  facet normal -0.6574749575165322 -0.6870284404387174 0.30938423079882077
    outer loop
      vertex 55.577352024078955 -103.1 6.632843386616912
      vertex 55.98540954271655 -103.5 6.611757061602575
      vertex 55.67359767459885 -103.1 6.837375805167579
    endloop
  endfacet
  facet normal -0.6910666971580829 -0.6870284404387155 0.22454118131729206
    outer loop
      vertex 55.67359767459885 -103.1 6.837375805167579
      vertex 56.05534540206501 -103.5 6.7883948790705135
      vertex 55.74344969003154 -103.1 7.052358203103262
    endloop
  endfacet
  facet normal -0.6910666971580786 -0.6870284404387171 0.22454118131730022
    outer loop
      vertex 55.74344969003154 -103.1 7.052358203103262
      vertex 56.05534540206501 -103.5 6.7883948790705135
      vertex 56.110491730038184 -103.5 6.958117824809211
    endloop
  endfacet
  facet normal -0.7137599021622226 -0.6870284404387149 0.1361569832719622
    outer loop
      vertex 55.74344969003154 -103.1 7.052358203103262
      vertex 56.12832616049482 -103.5 7.051609183327524
      vertex 55.78580646236606 -103.1 7.274400179584252
    endloop
  endfacet
  facet normal -0.7137599021622153 -0.6870284404387189 0.13615698327198086
    outer loop
      vertex 55.78580646236606 -103.1 7.274400179584252
      vertex 56.12832616049482 -103.5 7.051609183327524
      vertex 56.16176571760103 -103.5 7.226905480549358
    endloop
  endfacet
  facet normal -0.7251966871297568 -0.687028440438719 0.045625508264205764
    outer loop
      vertex 55.78580646236606 -103.1 7.274400179584252
      vertex 56.16774194397321 -103.5 7.321894878619148
      vertex 55.8 -103.1 7.5
    endloop
  endfacet
  facet normal -0.7251966871297569 -0.687028440438719 0.04562550826420593
    outer loop
      vertex 55.8 -103.1 7.5
      vertex 56.16774194397321 -103.5 7.321894878619148
      vertex 56.178947368421056 -103.5 7.5
    endloop
  endfacet
  facet normal 0.7251966871297569 -0.687028440438719 -0.04562550826420593
    outer loop
      vertex 52.2 -103.1 7.5
      vertex 51.83225805602679 -103.5 7.678105121380852
      vertex 51.821052631578944 -103.5 7.5
    endloop
  endfacet
  facet normal 0.7251966871297568 -0.687028440438719 -0.045625508264205764
    outer loop
      vertex 52.2 -103.1 7.5
      vertex 52.21419353763394 -103.1 7.725599820415748
      vertex 51.83225805602679 -103.5 7.678105121380852
    endloop
  endfacet
  facet normal 0.7137599021622153 -0.6870284404387189 -0.1361569832719802
    outer loop
      vertex 52.21419353763394 -103.1 7.725599820415748
      vertex 51.87167383950518 -103.5 7.948390816672477
      vertex 51.83823428239897 -103.5 7.773094519450642
    endloop
  endfacet
  facet normal 0.7137599021622227 -0.6870284404387149 -0.13615698327196168
    outer loop
      vertex 52.21419353763394 -103.1 7.725599820415748
      vertex 52.25655030996846 -103.1 7.947641796896739
      vertex 51.87167383950518 -103.5 7.948390816672477
    endloop
  endfacet
  facet normal 0.6910666971580773 -0.6870284404387174 -0.22454118131730336
    outer loop
      vertex 52.25655030996846 -103.1 7.947641796896739
      vertex 51.94465459793499 -103.5 8.211605120929486
      vertex 51.889508269961816 -103.5 8.041882175190791
    endloop
  endfacet
  facet normal 0.691066697158082 -0.6870284404387154 -0.22454118131729456
    outer loop
      vertex 52.25655030996846 -103.1 7.947641796896739
      vertex 52.32640232540115 -103.1 8.16262419483242
      vertex 51.94465459793499 -103.5 8.211605120929486
    endloop
  endfacet
  facet normal 0.6574749575165331 -0.6870284404387175 -0.3093842307988185
    outer loop
      vertex 52.32640232540115 -103.1 8.16262419483242
      vertex 52.422647975921045 -103.1 8.367156613383088
      vertex 52.01459045728345 -103.5 8.388242938397424
    endloop
  endfacet
  facet normal 0.6574749575165306 -0.6870284404387155 -0.3093842307988282
    outer loop
      vertex 52.422647975921045 -103.1 8.367156613383088
      vertex 52.09057386558863 -103.5 8.549715900411108
      vertex 52.01459045728345 -103.5 8.388242938397424
    endloop
  endfacet
  facet normal 0.6135144450384408 -0.6870284404387165 -0.38934810614348564
    outer loop
      vertex 52.422647975921045 -103.1 8.367156613383088
      vertex 52.543769410125094 -103.1 8.558013454126451
      vertex 52.14157236420086 -103.5 8.630076675460947
    endloop
  endfacet
  facet normal 0.6135144450384405 -0.6870284404387164 -0.38934810614348625
    outer loop
      vertex 52.543769410125094 -103.1 8.558013454126451
      vertex 52.237194549098795 -103.5 8.780753128679391
      vertex 52.14157236420086 -103.5 8.630076675460947
    endloop
  endfacet
  facet normal 0.5598784432663342 -0.6870284404387157 -0.4631717292689746
    outer loop
      vertex 52.543769410125094 -103.1 8.558013454126451
      vertex 52.68785647064146 -103.1 8.732184790671639
      vertex 52.297862785105686 -103.5 8.854088428277365
    endloop
  endfacet
  facet normal 0.5598784432663361 -0.6870284404387166 -0.46317172926897104
    outer loop
      vertex 52.68785647064146 -103.1 8.732184790671639
      vertex 52.4116157276186 -103.5 8.991592115023566
      vertex 52.297862785105686 -103.5 8.854088428277365
    endloop
  endfacet
  facet normal -0.7137599021622152 -0.6870284404387191 -0.13615698327198086
    outer loop
      vertex 55.78580646236606 -103.1 7.725599820415748
      vertex 56.16176571760103 -103.5 7.773094519450643
      vertex 56.12832616049482 -103.5 7.948390816672477
    endloop
  endfacet
  facet normal -0.7137599021622227 -0.6870284404387149 -0.13615698327196168
    outer loop
      vertex 55.78580646236606 -103.1 7.725599820415748
      vertex 56.12832616049482 -103.5 7.948390816672477
      vertex 55.74344969003154 -103.1 7.947641796896739
    endloop
  endfacet
  facet normal -0.6910666971580773 -0.6870284404387174 -0.22454118131730336
    outer loop
      vertex 55.74344969003154 -103.1 7.947641796896739
      vertex 56.110491730038184 -103.5 8.041882175190791
      vertex 56.05534540206501 -103.5 8.211605120929486
    endloop
  endfacet
  facet normal -0.691066697158082 -0.6870284404387154 -0.22454118131729456
    outer loop
      vertex 55.74344969003154 -103.1 7.947641796896739
      vertex 56.05534540206501 -103.5 8.211605120929486
      vertex 55.67359767459885 -103.1 8.16262419483242
    endloop
  endfacet
  facet normal -0.6574749575165331 -0.6870284404387175 -0.3093842307988185
    outer loop
      vertex 55.67359767459885 -103.1 8.16262419483242
      vertex 55.98540954271655 -103.5 8.388242938397424
      vertex 55.577352024078955 -103.1 8.367156613383088
    endloop
  endfacet
  facet normal -0.6574749575165306 -0.6870284404387155 -0.3093842307988282
    outer loop
      vertex 55.577352024078955 -103.1 8.367156613383088
      vertex 55.98540954271655 -103.5 8.388242938397424
      vertex 55.90942613441137 -103.5 8.549715900411108
    endloop
  endfacet
  facet normal -0.6135144450384418 -0.6870284404387152 -0.3893481061434863
    outer loop
      vertex 55.577352024078955 -103.1 8.367156613383088
      vertex 55.90942613441137 -103.5 8.549715900411108
      vertex 55.456230589874906 -103.1 8.558013454126451
    endloop
  endfacet
  facet normal -0.6135144450384425 -0.6870284404387162 -0.3893481061434833
    outer loop
      vertex 55.456230589874906 -103.1 8.558013454126451
      vertex 55.90942613441137 -103.5 8.549715900411108
      vertex 55.762805450901205 -103.5 8.780753128679391
    endloop
  endfacet
  facet normal -0.49741282398872794 -0.6870284404387186 -0.5296908575385278
    outer loop
      vertex 55.31214352935854 -103.1 8.73218479067164
      vertex 55.519003073303125 -103.5 9.056745397686633
      vertex 55.14736318154764 -103.1 8.88692383699642
    endloop
  endfacet
  facet normal -0.4974128239887311 -0.6870284404387198 -0.5296908575385233
    outer loop
      vertex 55.14736318154764 -103.1 8.88692383699642
      vertex 55.519003073303125 -103.5 9.056745397686633
      vertex 55.38891332503136 -103.5 9.17890780267988
    endloop
  endfacet
  facet normal -0.42710270733680833 -0.6870284404387185 -0.5878564445627104
    outer loop
      vertex 55.14736318154764 -103.1 8.88692383699642
      vertex 55.38891332503136 -103.5 9.17890780267988
      vertex 55.31191334583748 -103.5 9.234851562219758
    endloop
  endfacet
  facet normal -0.35005692585143616 -0.6870284404387156 -0.6367511842876998
    outer loop
      vertex 54.964488230962196 -103.1 9.019790265903627
      vertex 55.167538384848974 -103.5 9.339746111357025
      vertex 55.08413396120895 -103.5 9.385598081266588
    endloop
  endfacet
  facet normal 0.09107095349163011 -0.6870284404387175 -0.7209008277554334
    outer loop
      vertex 53.662713633745696 -103.1 9.26811705131164
      vertex 53.88697706484724 -103.1 9.29644811117089
      vertex 53.686132685524385 -103.5 9.65228108731799
    endloop
  endfacet
  facet normal 0.09107095349162768 -0.6870284404387169 -0.7209008277554342
    outer loop
      vertex 53.88697706484724 -103.1 9.29644811117089
      vertex 53.86318276270981 -103.5 9.67464771352266
      vertex 53.686132685524385 -103.5 9.65228108731799
    endloop
  endfacet
  facet normal -0.09107095349163011 -0.6870284404387175 -0.7209008277554334
    outer loop
      vertex 54.337286366254304 -103.1 9.26811705131164
      vertex 54.313867314475615 -103.5 9.65228108731799
      vertex 54.11302293515276 -103.1 9.29644811117089
    endloop
  endfacet
  facet normal -0.09107095349162768 -0.6870284404387169 -0.7209008277554342
    outer loop
      vertex 54.11302293515276 -103.1 9.29644811117089
      vertex 54.313867314475615 -103.5 9.65228108731799
      vertex 54.13681723729019 -103.5 9.67464771352266
    endloop
  endfacet
  facet normal 0.18070566364354154 -0.6870284404387162 0.7038020923210534
    outer loop
      vertex 53.662713633745696 -103.1 5.7318829486883605
      vertex 53.32666823330932 -103.5 5.427697906598977
      vertex 53.59170597769216 -103.5 5.359647779991169
    endloop
  endfacet
  facet normal 0.09107095349163166 -0.6870284404387169 0.7209008277554338
    outer loop
      vertex 53.88697706484724 -103.1 5.703551888829111
      vertex 53.59170597769216 -103.5 5.359647779991169
      vertex 53.86318276270981 -103.5 5.32535228647734
    endloop
  endfacet
  facet normal 0.26749053753146596 -0.687028440438717 0.6756039774597776
    outer loop
      vertex 53.44376941012509 -103.1 5.788098270668724
      vertex 53.0722493331161 -103.5 5.5284294751529846
      vertex 53.32666823330932 -103.5 5.427697906598977
    endloop
  endfacet
  facet normal 0.09107095349163025 -0.6870284404387164 0.7209008277554345
    outer loop
      vertex 53.88697706484724 -103.1 5.703551888829111
      vertex 53.662713633745696 -103.1 5.7318829486883605
      vertex 53.59170597769216 -103.5 5.359647779991169
    endloop
  endfacet
  facet normal 0 -0.6870284404387168 0.7266305264908326
    outer loop
      vertex 53.88697706484724 -103.1 5.703551888829111
      vertex 53.86318276270981 -103.5 5.32535228647734
      vertex 53.95835997125951 -103.5 5.32535228647734
    endloop
  endfacet
  facet normal -0.09107095349163191 -0.6870284404387164 0.7209008277554343
    outer loop
      vertex 54.337286366254304 -103.1 5.7318829486883605
      vertex 54.13681723729019 -103.5 5.32535228647734
      vertex 54.40829402230784 -103.5 5.359647779991169
    endloop
  endfacet
  facet normal -0.09107095349163019 -0.6870284404387169 0.7209008277554341
    outer loop
      vertex 54.11302293515276 -103.1 5.703551888829111
      vertex 54.13681723729019 -103.5 5.32535228647734
      vertex 54.337286366254304 -103.1 5.7318829486883605
    endloop
  endfacet
  facet normal -0.1807056636435415 -0.6870284404387166 0.7038020923210531
    outer loop
      vertex 54.55623058987491 -103.1 5.788098270668724
      vertex 54.40829402230784 -103.5 5.359647779991169
      vertex 54.67333176669068 -103.5 5.427697906598977
    endloop
  endfacet
  facet normal -0.26749053753146584 -0.6870284404387174 0.6756039774597772
    outer loop
      vertex 54.766402724817134 -103.1 5.871311305561164
      vertex 54.67333176669068 -103.5 5.427697906598977
      vertex 54.9277506668839 -103.5 5.5284294751529846
    endloop
  endfacet
  facet normal 0.42710270733683275 -0.6870284404387155 0.5878564445626959
    outer loop
      vertex 53.035511769037804 -103.1 5.980209734096373
      vertex 52.61108667496865 -103.5 5.821092197320119
      vertex 52.832461615151026 -103.5 5.660253888642974
    endloop
  endfacet
  facet normal 0.35005692585142933 -0.6870284404387175 0.6367511842877016
    outer loop
      vertex 53.233597275182866 -103.1 5.871311305561164
      vertex 52.832461615151026 -103.5 5.660253888642974
      vertex 53.0722493331161 -103.5 5.5284294751529846
    endloop
  endfacet
  facet normal 0.2674905375314669 -0.6870284404387174 0.6756039774597767
    outer loop
      vertex 53.44376941012509 -103.1 5.788098270668724
      vertex 53.233597275182866 -103.1 5.871311305561164
      vertex 53.0722493331161 -103.5 5.5284294751529846
    endloop
  endfacet
  facet normal 0.18070566364354232 -0.6870284404387166 0.7038020923210527
    outer loop
      vertex 53.662713633745696 -103.1 5.7318829486883605
      vertex 53.44376941012509 -103.1 5.788098270668724
      vertex 53.32666823330932 -103.5 5.427697906598977
    endloop
  endfacet
  facet normal 0.35005692585142595 -0.687028440438716 0.636751184287705
    outer loop
      vertex 53.233597275182866 -103.1 5.871311305561164
      vertex 53.035511769037804 -103.1 5.980209734096373
      vertex 52.832461615151026 -103.5 5.660253888642974
    endloop
  endfacet
  facet normal 0.4271027073368323 -0.6870284404387152 0.5878564445626966
    outer loop
      vertex 53.035511769037804 -103.1 5.980209734096373
      vertex 52.85263681845236 -103.1 6.113076163003579
      vertex 52.61108667496865 -103.5 5.821092197320119
    endloop
  endfacet
  facet normal 0.49741282398873127 -0.6870284404387152 0.529690857538529
    outer loop
      vertex 52.85263681845236 -103.1 6.113076163003579
      vertex 52.4116157276186 -103.5 6.0084078849764335
      vertex 52.61108667496865 -103.5 5.821092197320119
    endloop
  endfacet
  facet normal 0.49741282398873254 -0.6870284404387159 0.5296908575385267
    outer loop
      vertex 52.85263681845236 -103.1 6.113076163003579
      vertex 52.68785647064146 -103.1 6.267815209328361
      vertex 52.4116157276186 -103.5 6.0084078849764335
    endloop
  endfacet
  facet normal 0.5598784432663341 -0.687028440438716 0.463171729268974
    outer loop
      vertex 52.68785647064146 -103.1 6.267815209328361
      vertex 52.237194549098795 -103.5 6.219246871320609
      vertex 52.4116157276186 -103.5 6.0084078849764335
    endloop
  endfacet
  facet normal 0.5598784432663338 -0.6870284404387159 0.4631717292689744
    outer loop
      vertex 52.68785647064146 -103.1 6.267815209328361
      vertex 52.543769410125094 -103.1 6.441986545873548
      vertex 52.237194549098795 -103.5 6.219246871320609
    endloop
  endfacet
  facet normal 0.613514445038443 -0.6870284404387158 0.38934810614348353
    outer loop
      vertex 52.543769410125094 -103.1 6.441986545873548
      vertex 52.09057386558863 -103.5 6.450284099588892
      vertex 52.237194549098795 -103.5 6.219246871320609
    endloop
  endfacet
  facet normal 0.6135144450384425 -0.6870284404387154 0.389348106143485
    outer loop
      vertex 52.543769410125094 -103.1 6.441986545873548
      vertex 52.422647975921045 -103.1 6.632843386616912
      vertex 52.09057386558863 -103.5 6.450284099588892
    endloop
  endfacet
  facet normal 0.6574749575165295 -0.6870284404387156 0.30938423079883065
    outer loop
      vertex 52.422647975921045 -103.1 6.632843386616912
      vertex 51.974065972854014 -103.5 6.697875974676542
      vertex 52.09057386558863 -103.5 6.450284099588892
    endloop
  endfacet
  facet normal 0.6574749575165311 -0.6870284404387192 0.3093842307988188
    outer loop
      vertex 52.422647975921045 -103.1 6.632843386616912
      vertex 52.32640232540115 -103.1 6.8373758051675795
      vertex 51.974065972854014 -103.5 6.697875974676542
    endloop
  endfacet
  facet normal 0.6910666971580807 -0.6870284404387196 0.22454118131728654
    outer loop
      vertex 52.32640232540115 -103.1 6.8373758051675795
      vertex 51.889508269961816 -103.5 6.95811782480921
      vertex 51.974065972854014 -103.5 6.697875974676542
    endloop
  endfacet
  facet normal 0.6910666971580804 -0.6870284404387175 0.22454118131729311
    outer loop
      vertex 52.32640232540115 -103.1 6.8373758051675795
      vertex 52.25655030996846 -103.1 7.052358203103261
      vertex 51.889508269961816 -103.5 6.95811782480921
    endloop
  endfacet
  facet normal 0.7137599021622192 -0.6870284404387178 0.13615698327196643
    outer loop
      vertex 52.25655030996846 -103.1 7.052358203103261
      vertex 51.83823428239897 -103.5 7.226905480549358
      vertex 51.889508269961816 -103.5 6.95811782480921
    endloop
  endfacet
  facet normal 0.7137599021622185 -0.6870284404387195 0.13615698327196085
    outer loop
      vertex 52.25655030996846 -103.1 7.052358203103261
      vertex 52.21419353763394 -103.1 7.274400179584252
      vertex 51.83823428239897 -103.5 7.226905480549358
    endloop
  endfacet
  facet normal 0.7251966871297567 -0.687028440438719 0.04562550826420572
    outer loop
      vertex 52.21419353763394 -103.1 7.274400179584252
      vertex 51.821052631578944 -103.5 7.5
      vertex 51.83823428239897 -103.5 7.226905480549358
    endloop
  endfacet
  facet normal 0.7251966871297568 -0.6870284404387191 0.045625508264205764
    outer loop
      vertex 52.21419353763394 -103.1 7.274400179584252
      vertex 52.2 -103.1 7.5
      vertex 51.821052631578944 -103.5 7.5
    endloop
  endfacet
  facet normal -0.18070566364354237 -0.6870284404387162 0.7038020923210531
    outer loop
      vertex 54.337286366254304 -103.1 5.7318829486883605
      vertex 54.40829402230784 -103.5 5.359647779991169
      vertex 54.55623058987491 -103.1 5.788098270668724
    endloop
  endfacet
  facet normal -0.26749053753146707 -0.6870284404387169 0.6756039774597772
    outer loop
      vertex 54.55623058987491 -103.1 5.788098270668724
      vertex 54.67333176669068 -103.5 5.427697906598977
      vertex 54.766402724817134 -103.1 5.871311305561164
    endloop
  endfacet
  facet normal -0.35005692585142795 -0.6870284404387161 0.6367511842877038
    outer loop
      vertex 54.964488230962196 -103.1 5.9802097340963725
      vertex 54.9277506668839 -103.5 5.5284294751529846
      vertex 55.167538384848974 -103.5 5.660253888642973
    endloop
  endfacet
  facet normal -0.350056925851423 -0.6870284404387177 0.6367511842877048
    outer loop
      vertex 54.766402724817134 -103.1 5.871311305561164
      vertex 54.9277506668839 -103.5 5.5284294751529846
      vertex 54.964488230962196 -103.1 5.9802097340963725
    endloop
  endfacet
  facet normal -0.42710270733680833 -0.6870284404387185 0.5878564445627104
    outer loop
      vertex 55.14736318154764 -103.1 6.11307616300358
      vertex 55.31191334583748 -103.5 5.765148437780242
      vertex 55.38891332503136 -103.5 5.8210921973201195
    endloop
  endfacet
  facet normal -0.4974128239887447 -0.6870284404387167 0.5296908575385145
    outer loop
      vertex 55.31214352935854 -103.1 6.267815209328361
      vertex 55.519003073303125 -103.5 5.943254602313368
      vertex 55.5883842723814 -103.5 6.0084078849764335
    endloop
  endfacet
  facet normal -0.5598784432663348 -0.687028440438716 0.46317172926897304
    outer loop
      vertex 55.456230589874906 -103.1 6.441986545873548
      vertex 55.702137214894314 -103.5 6.145911571722634
      vertex 55.762805450901205 -103.5 6.219246871320609
    endloop
  endfacet
  facet normal -0.6135144450384467 -0.6870284404387155 0.38934810614347803
    outer loop
      vertex 55.577352024078955 -103.1 6.632843386616912
      vertex 55.85842763579914 -103.5 6.369923324539053
      vertex 55.90942613441137 -103.5 6.450284099588892
    endloop
  endfacet
  facet normal -0.6574749575165243 -0.6870284404387187 0.3093842307988342
    outer loop
      vertex 55.67359767459885 -103.1 6.837375805167579
      vertex 55.98540954271655 -103.5 6.611757061602575
      vertex 56.025934027145986 -103.5 6.697875974676541
    endloop
  endfacet
  facet normal -0.6910666971580904 -0.6870284404387187 0.2245411813172591
    outer loop
      vertex 55.67359767459885 -103.1 6.837375805167579
      vertex 56.025934027145986 -103.5 6.697875974676541
      vertex 56.05534540206501 -103.5 6.7883948790705135
    endloop
  endfacet
  facet normal -0.7137599021622248 -0.687028440438717 0.13615698327194034
    outer loop
      vertex 55.74344969003154 -103.1 7.052358203103262
      vertex 56.110491730038184 -103.5 6.958117824809211
      vertex 56.12832616049482 -103.5 7.051609183327524
    endloop
  endfacet
  facet normal -0.7251966871297569 -0.687028440438719 0.045625508264204806
    outer loop
      vertex 55.78580646236606 -103.1 7.274400179584252
      vertex 56.16176571760103 -103.5 7.226905480549358
      vertex 56.16774194397321 -103.5 7.321894878619148
    endloop
  endfacet
  facet normal 0.7251966871297569 -0.687028440438719 -0.045625508264204806
    outer loop
      vertex 52.21419353763394 -103.1 7.725599820415748
      vertex 51.83823428239897 -103.5 7.773094519450642
      vertex 51.83225805602679 -103.5 7.678105121380852
    endloop
  endfacet
  facet normal 0.7137599021622251 -0.687028440438717 -0.13615698327193906
    outer loop
      vertex 52.25655030996846 -103.1 7.947641796896739
      vertex 51.889508269961816 -103.5 8.041882175190791
      vertex 51.87167383950518 -103.5 7.948390816672477
    endloop
  endfacet
  facet normal 0.6910666971580902 -0.6870284404387189 -0.224541181317259
    outer loop
      vertex 52.32640232540115 -103.1 8.16262419483242
      vertex 51.974065972854014 -103.5 8.302124025323458
      vertex 51.94465459793499 -103.5 8.211605120929486
    endloop
  endfacet
  facet normal 0.657474957516524 -0.6870284404387191 -0.30938423079883415
    outer loop
      vertex 52.32640232540115 -103.1 8.16262419483242
      vertex 52.01459045728345 -103.5 8.388242938397424
      vertex 51.974065972854014 -103.5 8.302124025323458
    endloop
  endfacet
  facet normal 0.6135144450384467 -0.6870284404387155 -0.38934810614347803
    outer loop
      vertex 52.422647975921045 -103.1 8.367156613383088
      vertex 52.14157236420086 -103.5 8.630076675460947
      vertex 52.09057386558863 -103.5 8.549715900411108
    endloop
  endfacet
  facet normal 0.5598784432663295 -0.6870284404387161 -0.46317172926897954
    outer loop
      vertex 52.543769410125094 -103.1 8.558013454126451
      vertex 52.297862785105686 -103.5 8.854088428277365
      vertex 52.237194549098795 -103.5 8.780753128679391
    endloop
  endfacet
  facet normal 0.49741282398873315 -0.6870284404387151 -0.5296908575385273
    outer loop
      vertex 52.68785647064146 -103.1 8.732184790671639
      vertex 52.85263681845236 -103.1 8.88692383699642
      vertex 52.61108667496865 -103.5 9.17890780267988
    endloop
  endfacet
  facet normal 0.49741282398872905 -0.6870284404387165 -0.5296908575385292
    outer loop
      vertex 52.68785647064146 -103.1 8.732184790671639
      vertex 52.61108667496865 -103.5 9.17890780267988
      vertex 52.4116157276186 -103.5 8.991592115023566
    endloop
  endfacet
  facet normal 0.4271027073368329 -0.6870284404387152 -0.5878564445626961
    outer loop
      vertex 52.85263681845236 -103.1 8.88692383699642
      vertex 52.832461615151026 -103.5 9.339746111357025
      vertex 52.61108667496865 -103.5 9.17890780267988
    endloop
  endfacet
  facet normal 0.4271027073368345 -0.6870284404387148 -0.5878564445626957
    outer loop
      vertex 52.85263681845236 -103.1 8.88692383699642
      vertex 53.035511769037804 -103.1 9.019790265903627
      vertex 52.832461615151026 -103.5 9.339746111357025
    endloop
  endfacet
  facet normal 0.3500569258514253 -0.6870284404387177 -0.6367511842877037
    outer loop
      vertex 53.035511769037804 -103.1 9.019790265903627
      vertex 53.233597275182866 -103.1 9.128688694438836
      vertex 53.0722493331161 -103.5 9.471570524847015
    endloop
  endfacet
  facet normal 0.3500569258514319 -0.6870284404387154 -0.6367511842877023
    outer loop
      vertex 53.035511769037804 -103.1 9.019790265903627
      vertex 53.0722493331161 -103.5 9.471570524847015
      vertex 52.832461615151026 -103.5 9.339746111357025
    endloop
  endfacet
  facet normal 0.2674905375314694 -0.6870284404387176 -0.6756039774597756
    outer loop
      vertex 53.233597275182866 -103.1 9.128688694438836
      vertex 53.44376941012509 -103.1 9.211901729331277
      vertex 53.32666823330932 -103.5 9.572302093401024
    endloop
  endfacet
  facet normal 0.18070566364353968 -0.6870284404387164 -0.7038020923210537
    outer loop
      vertex 53.44376941012509 -103.1 9.211901729331277
      vertex 53.662713633745696 -103.1 9.26811705131164
      vertex 53.59170597769216 -103.5 9.64035222000883
    endloop
  endfacet
  facet normal -0.7251966871297568 -0.6870284404387191 -0.045625508264205764
    outer loop
      vertex 55.8 -103.1 7.5
      vertex 56.178947368421056 -103.5 7.5
      vertex 55.78580646236606 -103.1 7.725599820415748
    endloop
  endfacet
  facet normal -0.7251966871297567 -0.687028440438719 -0.04562550826420557
    outer loop
      vertex 55.78580646236606 -103.1 7.725599820415748
      vertex 56.178947368421056 -103.5 7.5
      vertex 56.16176571760103 -103.5 7.773094519450643
    endloop
  endfacet
  facet normal -0.7137599021622251 -0.687028440438717 -0.13615698327193906
    outer loop
      vertex 55.74344969003154 -103.1 7.947641796896739
      vertex 56.12832616049482 -103.5 7.948390816672477
      vertex 56.110491730038184 -103.5 8.041882175190791
    endloop
  endfacet
  facet normal -0.6910666971580902 -0.6870284404387189 -0.224541181317259
    outer loop
      vertex 55.67359767459885 -103.1 8.16262419483242
      vertex 56.05534540206501 -103.5 8.211605120929486
      vertex 56.025934027145986 -103.5 8.302124025323458
    endloop
  endfacet
  facet normal -0.657474957516524 -0.6870284404387191 -0.30938423079883415
    outer loop
      vertex 55.67359767459885 -103.1 8.16262419483242
      vertex 56.025934027145986 -103.5 8.302124025323458
      vertex 55.98540954271655 -103.5 8.388242938397424
    endloop
  endfacet
  facet normal -0.5598784432663357 -0.6870284404387167 -0.4631717292689712
    outer loop
      vertex 55.456230589874906 -103.1 8.558013454126451
      vertex 55.762805450901205 -103.5 8.780753128679391
      vertex 55.31214352935854 -103.1 8.73218479067164
    endloop
  endfacet
  facet normal -0.5598784432663345 -0.6870284404387156 -0.46317172926897443
    outer loop
      vertex 55.31214352935854 -103.1 8.73218479067164
      vertex 55.762805450901205 -103.5 8.780753128679391
      vertex 55.5883842723814 -103.5 8.991592115023566
    endloop
  endfacet
  facet normal -0.49741282398874864 -0.6870284404387161 -0.5296908575385113
    outer loop
      vertex 55.31214352935854 -103.1 8.73218479067164
      vertex 55.5883842723814 -103.5 8.991592115023566
      vertex 55.519003073303125 -103.5 9.056745397686633
    endloop
  endfacet
  facet normal -0.42710270733683403 -0.6870284404387156 -0.587856444562695
    outer loop
      vertex 55.14736318154764 -103.1 8.88692383699642
      vertex 55.31191334583748 -103.5 9.234851562219758
      vertex 54.964488230962196 -103.1 9.019790265903627
    endloop
  endfacet
  facet normal -0.26749053753146945 -0.6870284404387175 -0.6756039774597757
    outer loop
      vertex 54.766402724817134 -103.1 9.128688694438836
      vertex 54.9277506668839 -103.5 9.471570524847015
      vertex 54.55623058987491 -103.1 9.211901729331277
    endloop
  endfacet
  facet normal -0.18070566364353946 -0.6870284404387174 -0.7038020923210528
    outer loop
      vertex 54.55623058987491 -103.1 9.211901729331277
      vertex 54.67333176669068 -103.5 9.572302093401024
      vertex 54.337286366254304 -103.1 9.26811705131164
    endloop
  endfacet
  facet normal -0.35005692585142567 -0.6870284404387167 -0.6367511842877044
    outer loop
      vertex 54.964488230962196 -103.1 9.019790265903627
      vertex 55.08413396120895 -103.5 9.385598081266588
      vertex 54.766402724817134 -103.1 9.128688694438836
    endloop
  endfacet
  facet normal -0.4271027073368317 -0.6870284404387148 -0.5878564445626976
    outer loop
      vertex 54.964488230962196 -103.1 9.019790265903627
      vertex 55.31191334583748 -103.5 9.234851562219758
      vertex 55.167538384848974 -103.5 9.339746111357025
    endloop
  endfacet
  facet normal -0.3500569258514289 -0.6870284404387175 -0.6367511842877019
    outer loop
      vertex 54.766402724817134 -103.1 9.128688694438836
      vertex 55.08413396120895 -103.5 9.385598081266588
      vertex 54.9277506668839 -103.5 9.471570524847015
    endloop
  endfacet
  facet normal 0.2674905375314698 -0.6870284404387176 -0.6756039774597756
    outer loop
      vertex 53.233597275182866 -103.1 9.128688694438836
      vertex 53.32666823330932 -103.5 9.572302093401024
      vertex 53.0722493331161 -103.5 9.471570524847015
    endloop
  endfacet
  facet normal 0.18070566364353682 -0.6870284404387172 -0.7038020923210536
    outer loop
      vertex 53.44376941012509 -103.1 9.211901729331277
      vertex 53.59170597769216 -103.5 9.64035222000883
      vertex 53.32666823330932 -103.5 9.572302093401024
    endloop
  endfacet
  facet normal 0.09107095349163913 -0.6870284404387166 -0.7209008277554331
    outer loop
      vertex 53.662713633745696 -103.1 9.26811705131164
      vertex 53.686132685524385 -103.5 9.65228108731799
      vertex 53.59170597769216 -103.5 9.64035222000883
    endloop
  endfacet
  facet normal 0 -0.6870284404387167 -0.7266305264908326
    outer loop
      vertex 53.88697706484724 -103.1 9.29644811117089
      vertex 54.11302293515276 -103.1 9.29644811117089
      vertex 54.13681723729019 -103.5 9.67464771352266
    endloop
  endfacet
  facet normal -0.2674905375314699 -0.6870284404387176 -0.6756039774597754
    outer loop
      vertex 54.55623058987491 -103.1 9.211901729331277
      vertex 54.9277506668839 -103.5 9.471570524847015
      vertex 54.67333176669068 -103.5 9.572302093401024
    endloop
  endfacet
  facet normal 0 -0.6870284404387168 -0.7266305264908326
    outer loop
      vertex 53.88697706484724 -103.1 9.29644811117089
      vertex 54.13681723729019 -103.5 9.67464771352266
      vertex 53.86318276270981 -103.5 9.67464771352266
    endloop
  endfacet
  facet normal -0.09107095349163913 -0.6870284404387166 -0.7209008277554331
    outer loop
      vertex 54.337286366254304 -103.1 9.26811705131164
      vertex 54.40829402230784 -103.5 9.64035222000883
      vertex 54.313867314475615 -103.5 9.65228108731799
    endloop
  endfacet
  facet normal -0.1807056636435371 -0.6870284404387165 -0.7038020923210544
    outer loop
      vertex 54.337286366254304 -103.1 9.26811705131164
      vertex 54.67333176669068 -103.5 9.572302093401024
      vertex 54.40829402230784 -103.5 9.64035222000883
    endloop
  endfacet
  facet normal 0.18070566364354154 -0.6870284404387162 0.7038020923210534
    outer loop
      vertex -54.337286366254304 -103.1 5.7318829486883605
      vertex -54.67333176669068 -103.5 5.427697906598977
      vertex -54.40829402230784 -103.5 5.359647779991169
    endloop
  endfacet
  facet normal 0.09107095349163166 -0.6870284404387169 0.7209008277554338
    outer loop
      vertex -54.11302293515276 -103.1 5.703551888829111
      vertex -54.40829402230784 -103.5 5.359647779991169
      vertex -54.13681723729019 -103.5 5.32535228647734
    endloop
  endfacet
  facet normal 0 -0.6870284404387168 0.7266305264908326
    outer loop
      vertex -54.11302293515276 -103.1 5.703551888829111
      vertex -54.13681723729019 -103.5 5.32535228647734
      vertex -54.04164002874049 -103.5 5.32535228647734
    endloop
  endfacet
  facet normal 0.26749053753146596 -0.687028440438717 0.6756039774597776
    outer loop
      vertex -54.55623058987491 -103.1 5.788098270668724
      vertex -54.9277506668839 -103.5 5.5284294751529846
      vertex -54.67333176669068 -103.5 5.427697906598977
    endloop
  endfacet
  facet normal 0.09107095349163025 -0.6870284404387164 0.7209008277554345
    outer loop
      vertex -54.11302293515276 -103.1 5.703551888829111
      vertex -54.337286366254304 -103.1 5.7318829486883605
      vertex -54.40829402230784 -103.5 5.359647779991169
    endloop
  endfacet
  facet normal -0.09107095349163191 -0.6870284404387164 0.7209008277554343
    outer loop
      vertex -53.662713633745696 -103.1 5.7318829486883605
      vertex -53.86318276270981 -103.5 5.32535228647734
      vertex -53.59170597769216 -103.5 5.359647779991169
    endloop
  endfacet
  facet normal -0.1807056636435415 -0.6870284404387166 0.7038020923210531
    outer loop
      vertex -53.44376941012509 -103.1 5.788098270668724
      vertex -53.59170597769216 -103.5 5.359647779991169
      vertex -53.32666823330932 -103.5 5.427697906598977
    endloop
  endfacet
  facet normal -0.09107095349163019 -0.6870284404387169 0.7209008277554341
    outer loop
      vertex -53.88697706484724 -103.1 5.703551888829111
      vertex -53.86318276270981 -103.5 5.32535228647734
      vertex -53.662713633745696 -103.1 5.7318829486883605
    endloop
  endfacet
  facet normal -0.26749053753146584 -0.6870284404387174 0.6756039774597772
    outer loop
      vertex -53.233597275182866 -103.1 5.871311305561164
      vertex -53.32666823330932 -103.5 5.427697906598977
      vertex -53.0722493331161 -103.5 5.5284294751529846
    endloop
  endfacet
  facet normal 0.35005692585142933 -0.6870284404387175 0.6367511842877016
    outer loop
      vertex -54.766402724817134 -103.1 5.871311305561164
      vertex -55.167538384848974 -103.5 5.660253888642974
      vertex -54.9277506668839 -103.5 5.5284294751529846
    endloop
  endfacet
  facet normal 0.42710270733683275 -0.6870284404387155 0.5878564445626959
    outer loop
      vertex -54.964488230962196 -103.1 5.980209734096373
      vertex -55.38891332503135 -103.5 5.821092197320119
      vertex -55.167538384848974 -103.5 5.660253888642974
    endloop
  endfacet
  facet normal 0.35005692585142595 -0.687028440438716 0.636751184287705
    outer loop
      vertex -54.766402724817134 -103.1 5.871311305561164
      vertex -54.964488230962196 -103.1 5.980209734096373
      vertex -55.167538384848974 -103.5 5.660253888642974
    endloop
  endfacet
  facet normal 0.18070566364354232 -0.6870284404387166 0.7038020923210527
    outer loop
      vertex -54.337286366254304 -103.1 5.7318829486883605
      vertex -54.55623058987491 -103.1 5.788098270668724
      vertex -54.67333176669068 -103.5 5.427697906598977
    endloop
  endfacet
  facet normal 0.2674905375314669 -0.6870284404387174 0.6756039774597767
    outer loop
      vertex -54.55623058987491 -103.1 5.788098270668724
      vertex -54.766402724817134 -103.1 5.871311305561164
      vertex -54.9277506668839 -103.5 5.5284294751529846
    endloop
  endfacet
  facet normal 0.4271027073368323 -0.6870284404387152 0.5878564445626966
    outer loop
      vertex -54.964488230962196 -103.1 5.980209734096373
      vertex -55.14736318154764 -103.1 6.113076163003579
      vertex -55.38891332503135 -103.5 5.821092197320119
    endloop
  endfacet
  facet normal 0.49741282398873127 -0.6870284404387152 0.529690857538529
    outer loop
      vertex -55.14736318154764 -103.1 6.113076163003579
      vertex -55.5883842723814 -103.5 6.0084078849764335
      vertex -55.38891332503135 -103.5 5.821092197320119
    endloop
  endfacet
  facet normal 0.49741282398873254 -0.6870284404387159 0.5296908575385267
    outer loop
      vertex -55.14736318154764 -103.1 6.113076163003579
      vertex -55.31214352935854 -103.1 6.267815209328361
      vertex -55.5883842723814 -103.5 6.0084078849764335
    endloop
  endfacet
  facet normal 0.5598784432663341 -0.687028440438716 0.463171729268974
    outer loop
      vertex -55.31214352935854 -103.1 6.267815209328361
      vertex -55.762805450901205 -103.5 6.219246871320609
      vertex -55.5883842723814 -103.5 6.0084078849764335
    endloop
  endfacet
  facet normal 0.5598784432663338 -0.6870284404387159 0.4631717292689744
    outer loop
      vertex -55.31214352935854 -103.1 6.267815209328361
      vertex -55.456230589874906 -103.1 6.441986545873548
      vertex -55.762805450901205 -103.5 6.219246871320609
    endloop
  endfacet
  facet normal 0.613514445038443 -0.6870284404387158 0.38934810614348353
    outer loop
      vertex -55.456230589874906 -103.1 6.441986545873548
      vertex -55.90942613441137 -103.5 6.450284099588892
      vertex -55.762805450901205 -103.5 6.219246871320609
    endloop
  endfacet
  facet normal 0.6135144450384425 -0.6870284404387154 0.389348106143485
    outer loop
      vertex -55.456230589874906 -103.1 6.441986545873548
      vertex -55.577352024078955 -103.1 6.632843386616912
      vertex -55.90942613441137 -103.5 6.450284099588892
    endloop
  endfacet
  facet normal 0.6574749575165295 -0.6870284404387156 0.30938423079883065
    outer loop
      vertex -55.577352024078955 -103.1 6.632843386616912
      vertex -56.025934027145986 -103.5 6.697875974676542
      vertex -55.90942613441137 -103.5 6.450284099588892
    endloop
  endfacet
  facet normal 0.6574749575165311 -0.6870284404387192 0.3093842307988188
    outer loop
      vertex -55.577352024078955 -103.1 6.632843386616912
      vertex -55.67359767459885 -103.1 6.8373758051675795
      vertex -56.025934027145986 -103.5 6.697875974676542
    endloop
  endfacet
  facet normal 0.6910666971580807 -0.6870284404387196 0.22454118131728654
    outer loop
      vertex -55.67359767459885 -103.1 6.8373758051675795
      vertex -56.110491730038184 -103.5 6.95811782480921
      vertex -56.025934027145986 -103.5 6.697875974676542
    endloop
  endfacet
  facet normal 0.6910666971580804 -0.6870284404387175 0.22454118131729311
    outer loop
      vertex -55.67359767459885 -103.1 6.8373758051675795
      vertex -55.74344969003154 -103.1 7.052358203103261
      vertex -56.110491730038184 -103.5 6.95811782480921
    endloop
  endfacet
  facet normal 0.7137599021622192 -0.6870284404387178 0.13615698327196643
    outer loop
      vertex -55.74344969003154 -103.1 7.052358203103261
      vertex -56.16176571760103 -103.5 7.226905480549358
      vertex -56.110491730038184 -103.5 6.95811782480921
    endloop
  endfacet
  facet normal 0.7137599021622185 -0.6870284404387195 0.13615698327196085
    outer loop
      vertex -55.74344969003154 -103.1 7.052358203103261
      vertex -55.78580646236606 -103.1 7.274400179584252
      vertex -56.16176571760103 -103.5 7.226905480549358
    endloop
  endfacet
  facet normal 0.7251966871297567 -0.687028440438719 0.04562550826420572
    outer loop
      vertex -55.78580646236606 -103.1 7.274400179584252
      vertex -56.178947368421056 -103.5 7.5
      vertex -56.16176571760103 -103.5 7.226905480549358
    endloop
  endfacet
  facet normal 0.7251966871297568 -0.6870284404387191 0.045625508264205764
    outer loop
      vertex -55.78580646236606 -103.1 7.274400179584252
      vertex -55.8 -103.1 7.5
      vertex -56.178947368421056 -103.5 7.5
    endloop
  endfacet
  facet normal -0.18070566364354237 -0.6870284404387162 0.7038020923210531
    outer loop
      vertex -53.662713633745696 -103.1 5.7318829486883605
      vertex -53.59170597769216 -103.5 5.359647779991169
      vertex -53.44376941012509 -103.1 5.788098270668724
    endloop
  endfacet
  facet normal -0.26749053753146707 -0.6870284404387169 0.6756039774597772
    outer loop
      vertex -53.44376941012509 -103.1 5.788098270668724
      vertex -53.32666823330932 -103.5 5.427697906598977
      vertex -53.233597275182866 -103.1 5.871311305561164
    endloop
  endfacet
  facet normal -0.35005692585142795 -0.6870284404387161 0.6367511842877038
    outer loop
      vertex -53.035511769037804 -103.1 5.9802097340963725
      vertex -53.0722493331161 -103.5 5.5284294751529846
      vertex -52.832461615151026 -103.5 5.660253888642973
    endloop
  endfacet
  facet normal -0.350056925851423 -0.6870284404387177 0.6367511842877048
    outer loop
      vertex -53.233597275182866 -103.1 5.871311305561164
      vertex -53.0722493331161 -103.5 5.5284294751529846
      vertex -53.035511769037804 -103.1 5.9802097340963725
    endloop
  endfacet
  facet normal -0.42710270733680833 -0.6870284404387185 0.5878564445627104
    outer loop
      vertex -52.85263681845236 -103.1 6.11307616300358
      vertex -52.68808665416252 -103.5 5.765148437780242
      vertex -52.61108667496864 -103.5 5.8210921973201195
    endloop
  endfacet
  facet normal -0.4974128239887447 -0.6870284404387167 0.5296908575385145
    outer loop
      vertex -52.68785647064146 -103.1 6.267815209328361
      vertex -52.480996926696875 -103.5 5.943254602313368
      vertex -52.4116157276186 -103.5 6.0084078849764335
    endloop
  endfacet
  facet normal -0.5598784432663348 -0.687028440438716 0.46317172926897304
    outer loop
      vertex -52.543769410125094 -103.1 6.441986545873548
      vertex -52.297862785105686 -103.5 6.145911571722634
      vertex -52.237194549098795 -103.5 6.219246871320609
    endloop
  endfacet
  facet normal -0.6135144450384467 -0.6870284404387155 0.38934810614347803
    outer loop
      vertex -52.422647975921045 -103.1 6.632843386616912
      vertex -52.14157236420086 -103.5 6.369923324539053
      vertex -52.09057386558863 -103.5 6.450284099588892
    endloop
  endfacet
  facet normal -0.6574749575165243 -0.6870284404387187 0.3093842307988342
    outer loop
      vertex -52.32640232540115 -103.1 6.837375805167579
      vertex -52.01459045728345 -103.5 6.611757061602575
      vertex -51.974065972854014 -103.5 6.697875974676541
    endloop
  endfacet
  facet normal -0.6910666971580904 -0.6870284404387187 0.2245411813172591
    outer loop
      vertex -52.32640232540115 -103.1 6.837375805167579
      vertex -51.974065972854014 -103.5 6.697875974676541
      vertex -51.94465459793499 -103.5 6.7883948790705135
    endloop
  endfacet
  facet normal -0.7137599021622248 -0.687028440438717 0.13615698327194034
    outer loop
      vertex -52.25655030996846 -103.1 7.052358203103262
      vertex -51.889508269961816 -103.5 6.958117824809211
      vertex -51.87167383950518 -103.5 7.051609183327524
    endloop
  endfacet
  facet normal -0.7251966871297569 -0.687028440438719 0.045625508264204806
    outer loop
      vertex -52.21419353763394 -103.1 7.274400179584252
      vertex -51.83823428239897 -103.5 7.226905480549358
      vertex -51.83225805602679 -103.5 7.321894878619148
    endloop
  endfacet
  facet normal 0.7251966871297569 -0.687028440438719 -0.045625508264204806
    outer loop
      vertex -55.78580646236606 -103.1 7.725599820415748
      vertex -56.16176571760103 -103.5 7.773094519450642
      vertex -56.16774194397321 -103.5 7.678105121380852
    endloop
  endfacet
  facet normal 0.7137599021622251 -0.687028440438717 -0.13615698327193906
    outer loop
      vertex -55.74344969003154 -103.1 7.947641796896739
      vertex -56.110491730038184 -103.5 8.041882175190791
      vertex -56.12832616049482 -103.5 7.948390816672477
    endloop
  endfacet
  facet normal 0.6910666971580902 -0.6870284404387189 -0.224541181317259
    outer loop
      vertex -55.67359767459885 -103.1 8.16262419483242
      vertex -56.025934027145986 -103.5 8.302124025323458
      vertex -56.05534540206501 -103.5 8.211605120929486
    endloop
  endfacet
  facet normal 0.657474957516524 -0.6870284404387191 -0.30938423079883415
    outer loop
      vertex -55.67359767459885 -103.1 8.16262419483242
      vertex -55.98540954271655 -103.5 8.388242938397424
      vertex -56.025934027145986 -103.5 8.302124025323458
    endloop
  endfacet
  facet normal 0.6135144450384467 -0.6870284404387155 -0.38934810614347803
    outer loop
      vertex -55.577352024078955 -103.1 8.367156613383088
      vertex -55.85842763579914 -103.5 8.630076675460947
      vertex -55.90942613441137 -103.5 8.549715900411108
    endloop
  endfacet
  facet normal 0.5598784432663295 -0.6870284404387161 -0.46317172926897954
    outer loop
      vertex -55.456230589874906 -103.1 8.558013454126451
      vertex -55.702137214894314 -103.5 8.854088428277365
      vertex -55.762805450901205 -103.5 8.780753128679391
    endloop
  endfacet
  facet normal 0.49741282398873315 -0.6870284404387151 -0.5296908575385273
    outer loop
      vertex -55.31214352935854 -103.1 8.732184790671639
      vertex -55.14736318154764 -103.1 8.88692383699642
      vertex -55.38891332503135 -103.5 9.17890780267988
    endloop
  endfacet
  facet normal 0.49741282398872905 -0.6870284404387165 -0.5296908575385292
    outer loop
      vertex -55.31214352935854 -103.1 8.732184790671639
      vertex -55.38891332503135 -103.5 9.17890780267988
      vertex -55.5883842723814 -103.5 8.991592115023566
    endloop
  endfacet
  facet normal 0.4271027073368345 -0.6870284404387148 -0.5878564445626957
    outer loop
      vertex -55.14736318154764 -103.1 8.88692383699642
      vertex -54.964488230962196 -103.1 9.019790265903627
      vertex -55.167538384848974 -103.5 9.339746111357025
    endloop
  endfacet
  facet normal 0.4271027073368329 -0.6870284404387152 -0.5878564445626961
    outer loop
      vertex -55.14736318154764 -103.1 8.88692383699642
      vertex -55.167538384848974 -103.5 9.339746111357025
      vertex -55.38891332503135 -103.5 9.17890780267988
    endloop
  endfacet
  facet normal 0.3500569258514253 -0.6870284404387177 -0.6367511842877037
    outer loop
      vertex -54.964488230962196 -103.1 9.019790265903627
      vertex -54.766402724817134 -103.1 9.128688694438836
      vertex -54.9277506668839 -103.5 9.471570524847015
    endloop
  endfacet
  facet normal 0.3500569258514319 -0.6870284404387154 -0.6367511842877023
    outer loop
      vertex -54.964488230962196 -103.1 9.019790265903627
      vertex -54.9277506668839 -103.5 9.471570524847015
      vertex -55.167538384848974 -103.5 9.339746111357025
    endloop
  endfacet
  facet normal 0.2674905375314694 -0.6870284404387176 -0.6756039774597756
    outer loop
      vertex -54.766402724817134 -103.1 9.128688694438836
      vertex -54.55623058987491 -103.1 9.211901729331277
      vertex -54.67333176669068 -103.5 9.572302093401024
    endloop
  endfacet
  facet normal 0.18070566364353968 -0.6870284404387164 -0.7038020923210537
    outer loop
      vertex -54.55623058987491 -103.1 9.211901729331277
      vertex -54.337286366254304 -103.1 9.26811705131164
      vertex -54.40829402230784 -103.5 9.64035222000883
    endloop
  endfacet
  facet normal -0.7251966871297568 -0.6870284404387191 -0.045625508264205764
    outer loop
      vertex -52.2 -103.1 7.5
      vertex -51.821052631578944 -103.5 7.5
      vertex -52.21419353763394 -103.1 7.725599820415748
    endloop
  endfacet
  facet normal -0.7251966871297567 -0.687028440438719 -0.04562550826420557
    outer loop
      vertex -52.21419353763394 -103.1 7.725599820415748
      vertex -51.821052631578944 -103.5 7.5
      vertex -51.83823428239897 -103.5 7.773094519450643
    endloop
  endfacet
  facet normal -0.7137599021622251 -0.687028440438717 -0.13615698327193906
    outer loop
      vertex -52.25655030996846 -103.1 7.947641796896739
      vertex -51.87167383950518 -103.5 7.948390816672477
      vertex -51.889508269961816 -103.5 8.041882175190791
    endloop
  endfacet
  facet normal -0.6910666971580902 -0.6870284404387189 -0.224541181317259
    outer loop
      vertex -52.32640232540115 -103.1 8.16262419483242
      vertex -51.94465459793499 -103.5 8.211605120929486
      vertex -51.974065972854014 -103.5 8.302124025323458
    endloop
  endfacet
  facet normal -0.657474957516524 -0.6870284404387191 -0.30938423079883415
    outer loop
      vertex -52.32640232540115 -103.1 8.16262419483242
      vertex -51.974065972854014 -103.5 8.302124025323458
      vertex -52.01459045728345 -103.5 8.388242938397424
    endloop
  endfacet
  facet normal -0.5598784432663357 -0.6870284404387167 -0.4631717292689712
    outer loop
      vertex -52.543769410125094 -103.1 8.558013454126451
      vertex -52.237194549098795 -103.5 8.780753128679391
      vertex -52.68785647064146 -103.1 8.73218479067164
    endloop
  endfacet
  facet normal -0.5598784432663345 -0.6870284404387156 -0.46317172926897443
    outer loop
      vertex -52.68785647064146 -103.1 8.73218479067164
      vertex -52.237194549098795 -103.5 8.780753128679391
      vertex -52.4116157276186 -103.5 8.991592115023566
    endloop
  endfacet
  facet normal -0.42710270733683403 -0.6870284404387156 -0.587856444562695
    outer loop
      vertex -52.85263681845236 -103.1 8.88692383699642
      vertex -52.68808665416252 -103.5 9.234851562219758
      vertex -53.035511769037804 -103.1 9.019790265903627
    endloop
  endfacet
  facet normal -0.49741282398874864 -0.6870284404387161 -0.5296908575385113
    outer loop
      vertex -52.68785647064146 -103.1 8.73218479067164
      vertex -52.4116157276186 -103.5 8.991592115023566
      vertex -52.480996926696875 -103.5 9.056745397686633
    endloop
  endfacet
  facet normal -0.35005692585142567 -0.6870284404387167 -0.6367511842877044
    outer loop
      vertex -53.035511769037804 -103.1 9.019790265903627
      vertex -52.91586603879105 -103.5 9.385598081266588
      vertex -53.233597275182866 -103.1 9.128688694438836
    endloop
  endfacet
  facet normal -0.4271027073368317 -0.6870284404387148 -0.5878564445626976
    outer loop
      vertex -53.035511769037804 -103.1 9.019790265903627
      vertex -52.68808665416252 -103.5 9.234851562219758
      vertex -52.832461615151026 -103.5 9.339746111357025
    endloop
  endfacet
  facet normal -0.18070566364353946 -0.6870284404387174 -0.7038020923210528
    outer loop
      vertex -53.44376941012509 -103.1 9.211901729331277
      vertex -53.32666823330932 -103.5 9.572302093401024
      vertex -53.662713633745696 -103.1 9.26811705131164
    endloop
  endfacet
  facet normal -0.26749053753146945 -0.6870284404387175 -0.6756039774597757
    outer loop
      vertex -53.233597275182866 -103.1 9.128688694438836
      vertex -53.0722493331161 -103.5 9.471570524847015
      vertex -53.44376941012509 -103.1 9.211901729331277
    endloop
  endfacet
  facet normal -0.3500569258514289 -0.6870284404387175 -0.6367511842877019
    outer loop
      vertex -53.233597275182866 -103.1 9.128688694438836
      vertex -52.91586603879105 -103.5 9.385598081266588
      vertex -53.0722493331161 -103.5 9.471570524847015
    endloop
  endfacet
  facet normal 0.2674905375314698 -0.6870284404387176 -0.6756039774597756
    outer loop
      vertex -54.766402724817134 -103.1 9.128688694438836
      vertex -54.67333176669068 -103.5 9.572302093401024
      vertex -54.9277506668839 -103.5 9.471570524847015
    endloop
  endfacet
  facet normal 0.18070566364353682 -0.6870284404387172 -0.7038020923210536
    outer loop
      vertex -54.55623058987491 -103.1 9.211901729331277
      vertex -54.40829402230784 -103.5 9.64035222000883
      vertex -54.67333176669068 -103.5 9.572302093401024
    endloop
  endfacet
  facet normal 0 -0.6870284404387167 -0.7266305264908326
    outer loop
      vertex -54.11302293515276 -103.1 9.29644811117089
      vertex -53.88697706484724 -103.1 9.29644811117089
      vertex -53.86318276270981 -103.5 9.67464771352266
    endloop
  endfacet
  facet normal 0.09107095349163913 -0.6870284404387166 -0.7209008277554331
    outer loop
      vertex -54.337286366254304 -103.1 9.26811705131164
      vertex -54.313867314475615 -103.5 9.65228108731799
      vertex -54.40829402230784 -103.5 9.64035222000883
    endloop
  endfacet
  facet normal 0 -0.6870284404387168 -0.7266305264908326
    outer loop
      vertex -54.11302293515276 -103.1 9.29644811117089
      vertex -53.86318276270981 -103.5 9.67464771352266
      vertex -54.13681723729019 -103.5 9.67464771352266
    endloop
  endfacet
  facet normal -0.2674905375314699 -0.6870284404387176 -0.6756039774597754
    outer loop
      vertex -53.44376941012509 -103.1 9.211901729331277
      vertex -53.0722493331161 -103.5 9.471570524847015
      vertex -53.32666823330932 -103.5 9.572302093401024
    endloop
  endfacet
  facet normal -0.09107095349163913 -0.6870284404387166 -0.7209008277554331
    outer loop
      vertex -53.662713633745696 -103.1 9.26811705131164
      vertex -53.59170597769216 -103.5 9.64035222000883
      vertex -53.686132685524385 -103.5 9.65228108731799
    endloop
  endfacet
  facet normal -0.1807056636435371 -0.6870284404387165 -0.7038020923210544
    outer loop
      vertex -53.662713633745696 -103.1 9.26811705131164
      vertex -53.32666823330932 -103.5 9.572302093401024
      vertex -53.59170597769216 -103.5 9.64035222000883
    endloop
  endfacet
  facet normal 0.9980267284282727 -2.8320451069090255e-16 -0.06279051952929687
    outer loop
      vertex -55.8 -103.1 7.5
      vertex -55.79880817622921 -102 7.518943496370788
      vertex -55.78580646236606 -103.1 7.725599820415748
    endloop
  endfacet
  facet normal 0.9980267284282727 0 -0.06279051952929537
    outer loop
      vertex -55.78580646236606 -103.1 7.725599820415748
      vertex -55.79880817622921 -102 7.518943496370788
      vertex -55.78580646236606 -102 7.725599820415748
    endloop
  endfacet
  facet normal 0.9822872507286908 -2.0502349642319083e-15 -0.18738131458571355
    outer loop
      vertex -55.78580646236606 -103.1 7.725599820415748
      vertex -55.78224978682652 -102 7.744244566532472
      vertex -55.74344969003154 -103.1 7.947641796896739
    endloop
  endfacet
  facet normal 0.9822872507286927 0 -0.1873813145857028
    outer loop
      vertex -55.74344969003154 -103.1 7.947641796896739
      vertex -55.78224978682652 -102 7.744244566532472
      vertex -55.74344969003154 -102 7.947641796896739
    endloop
  endfacet
  facet normal 0.9510565162951484 -2.9755005095530624e-15 -0.30901699437496316
    outer loop
      vertex -55.74344969003154 -103.1 7.947641796896739
      vertex -55.73758425362116 -102 7.965693753975307
      vertex -55.67359767459885 -103.1 8.16262419483242
    endloop
  endfacet
  facet normal 0.9510565162951533 0 -0.3090169943749482
    outer loop
      vertex -55.67359767459885 -103.1 8.16262419483242
      vertex -55.73758425362116 -102 7.965693753975307
      vertex -55.67359767459885 -102 8.16262419483242
    endloop
  endfacet
  facet normal 0.9048270524660219 -2.2883098877688236e-15 -0.4257792915650676
    outer loop
      vertex -55.67359767459885 -103.1 8.16262419483242
      vertex -55.66551597875367 -102 8.179798672725987
      vertex -55.577352024078955 -103.1 8.367156613383088
    endloop
  endfacet
  facet normal 0.9048270524660271 0 -0.42577929156505656
    outer loop
      vertex -55.577352024078955 -103.1 8.367156613383088
      vertex -55.66551597875367 -102 8.179798672725987
      vertex -55.577352024078955 -102 8.367156613383088
    endloop
  endfacet
  facet normal 0.8443279255020135 1.3421146788400315e-15 -0.5358267949789991
    outer loop
      vertex -55.577352024078955 -103.1 8.367156613383088
      vertex -55.56718152197022 -102 8.383182760315737
      vertex -55.456230589874906 -103.1 8.558013454126451
    endloop
  endfacet
  facet normal 0.8443279255020097 0 -0.5358267949790051
    outer loop
      vertex -55.456230589874906 -103.1 8.558013454126451
      vertex -55.56718152197022 -102 8.383182760315737
      vertex -55.456230589874906 -102 8.558013454126451
    endloop
  endfacet
  facet normal 0.7705132427757933 -1.5435626910635897e-15 -0.6374239897486847
    outer loop
      vertex -55.456230589874906 -103.1 8.558013454126451
      vertex -55.44413167639643 -102 8.572638528187497
      vertex -55.31214352935854 -103.1 8.732184790671639
    endloop
  endfacet
  facet normal 0.7705132427757985 0 -0.6374239897486786
    outer loop
      vertex -55.31214352935854 -103.1 8.732184790671639
      vertex -55.44413167639643 -102 8.572638528187497
      vertex -55.31214352935854 -102 8.732184790671639
    endloop
  endfacet
  facet normal 0.6845471059286794 -2.1295932720775107e-15 -0.7289686274214202
    outer loop
      vertex -55.31214352935854 -103.1 8.732184790671639
      vertex -55.29830701160343 -102 8.745178145706543
      vertex -55.14736318154764 -103.1 8.88692383699642
    endloop
  endfacet
  facet normal 0.6845471059286877 0 -0.7289686274214124
    outer loop
      vertex -55.14736318154764 -103.1 8.88692383699642
      vertex -55.29830701160343 -102 8.745178145706543
      vertex -55.14736318154764 -102 8.88692383699642
    endloop
  endfacet
  facet normal 0.5877852522924824 -1.1912466870016272e-15 -0.8090169943749408
    outer loop
      vertex -55.14736318154764 -103.1 8.88692383699642
      vertex -55.13200726966642 -102 8.89808056003443
      vertex -54.964488230962196 -103.1 9.019790265903627
    endloop
  endfacet
  facet normal 0.5877852522924875 0 -0.8090169943749369
    outer loop
      vertex -54.964488230962196 -103.1 9.019790265903627
      vertex -55.13200726966642 -102 8.89808056003443
      vertex -54.964488230962196 -102 9.019790265903627
    endloop
  endfacet
  facet normal 0.4817536741017198 -7.212013251466549e-16 -0.8763066800438611
    outer loop
      vertex -54.964488230962196 -103.1 9.019790265903627
      vertex -54.94785509685841 -102 9.028934408757728
      vertex -54.766402724817134 -103.1 9.128688694438836
    endloop
  endfacet
  facet normal 0.4817536741017232 0 -0.8763066800438593
    outer loop
      vertex -54.766402724817134 -103.1 9.128688694438836
      vertex -54.94785509685841 -102 9.028934408757728
      vertex -54.766402724817134 -102 9.128688694438836
    endloop
  endfacet
  facet normal 0.36812455268467775 -8.38058613622651e-16 -0.9297764858882515
    outer loop
      vertex -54.766402724817134 -103.1 9.128688694438836
      vertex -54.748754682951756 -102 9.135676048513773
      vertex -54.55623058987491 -103.1 9.211901729331277
    endloop
  endfacet
  facet normal 0.24868988716484844 -2.581325178275791e-16 -0.9685831611286327
    outer loop
      vertex -54.55623058987491 -103.1 9.211901729331277
      vertex -54.53784596041058 -102 9.216622099879247
      vertex -54.337286366254304 -103.1 9.26811705131164
    endloop
  endfacet
  facet normal 0.36812455268468186 0 -0.9297764858882498
    outer loop
      vertex -54.55623058987491 -103.1 9.211901729331277
      vertex -54.748754682951756 -102 9.135676048513773
      vertex -54.55623058987491 -102 9.211901729331277
    endloop
  endfacet
  facet normal 0.2486898871648498 0 -0.9685831611286325
    outer loop
      vertex -54.337286366254304 -103.1 9.26811705131164
      vertex -54.53784596041058 -102 9.216622099879247
      vertex -54.337286366254304 -102 9.26811705131164
    endloop
  endfacet
  facet normal 0.12533323356430603 -2.7382976553331203e-16 -0.9921147013144775
    outer loop
      vertex -54.337286366254304 -103.1 9.26811705131164
      vertex -54.31845508578013 -102 9.270495995269286
      vertex -54.11302293515276 -103.1 9.29644811117089
    endloop
  endfacet
  facet normal 0 0 -1
    outer loop
      vertex -54.11302293515276 -103.1 9.29644811117089
      vertex -54.09404198421108 -102 9.29644811117089
      vertex -53.88697706484724 -103.1 9.29644811117089
    endloop
  endfacet
  facet normal 0.12533323356430748 0 -0.9921147013144774
    outer loop
      vertex -54.11302293515276 -103.1 9.29644811117089
      vertex -54.31845508578013 -102 9.270495995269286
      vertex -54.11302293515276 -102 9.29644811117089
    endloop
  endfacet
  facet normal 0 0 -1
    outer loop
      vertex -53.88697706484724 -103.1 9.29644811117089
      vertex -54.09404198421108 -102 9.29644811117089
      vertex -53.88697706484724 -102 9.29644811117089
    endloop
  endfacet
  facet normal -0.9980267284282727 0 -0.06279051952929537
    outer loop
      vertex -52.2 -103.1 7.5
      vertex -52.21300171386315 -102 7.7066563240449595
      vertex -52.2 -102 7.5
    endloop
  endfacet
  facet normal -0.9980267284282727 2.842945973371339e-16 -0.06279051952929687
    outer loop
      vertex -52.2 -103.1 7.5
      vertex -52.21419353763394 -103.1 7.725599820415748
      vertex -52.21300171386315 -102 7.7066563240449595
    endloop
  endfacet
  facet normal -0.9822872507286927 0 -0.1873813145857028
    outer loop
      vertex -52.21419353763394 -103.1 7.725599820415748
      vertex -52.25299363442892 -102 7.928997050780015
      vertex -52.21419353763394 -102 7.725599820415748
    endloop
  endfacet
  facet normal -0.9822872507286908 2.0511070335488936e-15 -0.18738131458571355
    outer loop
      vertex -52.21419353763394 -103.1 7.725599820415748
      vertex -52.25655030996846 -103.1 7.947641796896739
      vertex -52.25299363442892 -102 7.928997050780015
    endloop
  endfacet
  facet normal -0.9510565162951484 2.7278328235293024e-15 -0.30901699437496316
    outer loop
      vertex -52.25655030996846 -103.1 7.947641796896739
      vertex -52.32640232540115 -103.1 8.16262419483242
      vertex -52.320536888990766 -102 8.14457223775385
    endloop
  endfacet
  facet normal -0.9510565162951529 0 -0.30901699437494945
    outer loop
      vertex -52.25655030996846 -103.1 7.947641796896739
      vertex -52.320536888990766 -102 8.14457223775385
      vertex -52.25655030996846 -102 7.947641796896739
    endloop
  endfacet
  facet normal -0.9048270524660219 2.2883098877688236e-15 -0.4257792915650676
    outer loop
      vertex -52.32640232540115 -103.1 8.16262419483242
      vertex -52.422647975921045 -103.1 8.367156613383088
      vertex -52.41456628007586 -102 8.34998213548952
    endloop
  endfacet
  facet normal -0.9048270524660271 0 -0.42577929156505656
    outer loop
      vertex -52.32640232540115 -103.1 8.16262419483242
      vertex -52.41456628007586 -102 8.34998213548952
      vertex -52.32640232540115 -102 8.16262419483242
    endloop
  endfacet
  facet normal -0.8443279255020097 0 -0.5358267949790051
    outer loop
      vertex -52.422647975921045 -103.1 8.367156613383088
      vertex -52.53359890801636 -102 8.541987307193802
      vertex -52.422647975921045 -102 8.367156613383088
    endloop
  endfacet
  facet normal -0.8443279255020135 -1.3394984708890763e-15 -0.5358267949789991
    outer loop
      vertex -52.422647975921045 -103.1 8.367156613383088
      vertex -52.543769410125094 -103.1 8.558013454126451
      vertex -52.53359890801636 -102 8.541987307193802
    endloop
  endfacet
  facet normal -0.7705132427757965 1.632513761396058e-15 -0.637423989748681
    outer loop
      vertex -52.543769410125094 -103.1 8.558013454126451
      vertex -52.68785647064146 -103.1 8.73218479067164
      vertex -52.67575755716298 -102 8.717559716610594
    endloop
  endfacet
  facet normal -0.7705132427758019 0 -0.6374239897486743
    outer loop
      vertex -52.543769410125094 -103.1 8.558013454126451
      vertex -52.67575755716298 -102 8.717559716610594
      vertex -52.543769410125094 -102 8.558013454126451
    endloop
  endfacet
  facet normal -0.6845471059286832 0 -0.7289686274214168
    outer loop
      vertex -52.68785647064146 -103.1 8.73218479067164
      vertex -52.838800300697244 -102 8.873930481961516
      vertex -52.68785647064146 -102 8.73218479067164
    endloop
  endfacet
  facet normal -0.6845471059286753 2.0232008154053444e-15 -0.7289686274214241
    outer loop
      vertex -52.68785647064146 -103.1 8.73218479067164
      vertex -52.85263681845236 -103.1 8.88692383699642
      vertex -52.838800300697244 -102 8.873930481961516
    endloop
  endfacet
  facet normal -0.5877852522924824 1.199967380171478e-15 -0.8090169943749408
    outer loop
      vertex -52.85263681845236 -103.1 8.88692383699642
      vertex -53.035511769037804 -103.1 9.019790265903627
      vertex -53.02015585715658 -102 9.008633542865617
    endloop
  endfacet
  facet normal -0.5877852522924875 0 -0.8090169943749369
    outer loop
      vertex -52.85263681845236 -103.1 8.88692383699642
      vertex -53.02015585715658 -102 9.008633542865617
      vertex -52.85263681845236 -102 8.88692383699642
    endloop
  endfacet
  facet normal -0.4817536741017198 7.255616717315803e-16 -0.8763066800438611
    outer loop
      vertex -53.035511769037804 -103.1 9.019790265903627
      vertex -53.233597275182866 -103.1 9.128688694438836
      vertex -53.21696414107908 -102 9.119544551584735
    endloop
  endfacet
  facet normal -0.4817536741017232 0 -0.8763066800438593
    outer loop
      vertex -53.035511769037804 -103.1 9.019790265903627
      vertex -53.21696414107908 -102 9.119544551584735
      vertex -53.035511769037804 -102 9.019790265903627
    endloop
  endfacet
  facet normal -0.36812455268467775 8.37186544305666e-16 -0.9297764858882515
    outer loop
      vertex -53.233597275182866 -103.1 9.128688694438836
      vertex -53.44376941012509 -103.1 9.211901729331277
      vertex -53.426121368259714 -102 9.20491437525634
    endloop
  endfacet
  facet normal -0.24868988716484844 2.6510907236345957e-16 -0.9685831611286327
    outer loop
      vertex -53.44376941012509 -103.1 9.211901729331277
      vertex -53.662713633745696 -103.1 9.26811705131164
      vertex -53.64432900428137 -102 9.26339668076367
    endloop
  endfacet
  facet normal -0.2486898871648498 0 -0.9685831611286325
    outer loop
      vertex -53.44376941012509 -103.1 9.211901729331277
      vertex -53.64432900428137 -102 9.26339668076367
      vertex -53.44376941012509 -102 9.211901729331277
    endloop
  endfacet
  facet normal -0.36812455268468186 0 -0.9297764858882498
    outer loop
      vertex -53.233597275182866 -103.1 9.128688694438836
      vertex -53.426121368259714 -102 9.20491437525634
      vertex -53.233597275182866 -102 9.128688694438836
    endloop
  endfacet
  facet normal -0.12533323356430603 2.7557390416728217e-16 -0.9921147013144775
    outer loop
      vertex -53.662713633745696 -103.1 9.26811705131164
      vertex -53.88697706484724 -103.1 9.29644811117089
      vertex -53.86814578437306 -102 9.294069167213243
    endloop
  endfacet
  facet normal -0.12533323356430748 0 -0.9921147013144774
    outer loop
      vertex -53.662713633745696 -103.1 9.26811705131164
      vertex -53.86814578437306 -102 9.294069167213243
      vertex -53.662713633745696 -102 9.26811705131164
    endloop
  endfacet
  facet normal 0.9980267284282727 -2.8320451069090255e-16 -0.06279051952929687
    outer loop
      vertex 52.2 -103.1 7.5
      vertex 52.20119182377079 -102 7.518943496370788
      vertex 52.21419353763394 -103.1 7.725599820415748
    endloop
  endfacet
  facet normal 0.9980267284282727 0 -0.06279051952929537
    outer loop
      vertex 52.21419353763394 -103.1 7.725599820415748
      vertex 52.20119182377079 -102 7.518943496370788
      vertex 52.21419353763394 -102 7.725599820415748
    endloop
  endfacet
  facet normal 0.9822872507286908 -2.0502349642319083e-15 -0.18738131458571355
    outer loop
      vertex 52.21419353763394 -103.1 7.725599820415748
      vertex 52.21775021317348 -102 7.744244566532472
      vertex 52.25655030996846 -103.1 7.947641796896739
    endloop
  endfacet
  facet normal 0.9822872507286927 0 -0.1873813145857028
    outer loop
      vertex 52.25655030996846 -103.1 7.947641796896739
      vertex 52.21775021317348 -102 7.744244566532472
      vertex 52.25655030996846 -102 7.947641796896739
    endloop
  endfacet
  facet normal 0.9510565162951484 -2.9755005095530624e-15 -0.30901699437496316
    outer loop
      vertex 52.25655030996846 -103.1 7.947641796896739
      vertex 52.26241574637884 -102 7.965693753975307
      vertex 52.32640232540115 -103.1 8.16262419483242
    endloop
  endfacet
  facet normal 0.9510565162951533 0 -0.3090169943749482
    outer loop
      vertex 52.32640232540115 -103.1 8.16262419483242
      vertex 52.26241574637884 -102 7.965693753975307
      vertex 52.32640232540115 -102 8.16262419483242
    endloop
  endfacet
  facet normal 0.9048270524660219 -2.2883098877688236e-15 -0.4257792915650676
    outer loop
      vertex 52.32640232540115 -103.1 8.16262419483242
      vertex 52.33448402124633 -102 8.179798672725987
      vertex 52.422647975921045 -103.1 8.367156613383088
    endloop
  endfacet
  facet normal 0.9048270524660271 0 -0.42577929156505656
    outer loop
      vertex 52.422647975921045 -103.1 8.367156613383088
      vertex 52.33448402124633 -102 8.179798672725987
      vertex 52.422647975921045 -102 8.367156613383088
    endloop
  endfacet
  facet normal 0.8443279255020135 1.3421146788400315e-15 -0.5358267949789991
    outer loop
      vertex 52.422647975921045 -103.1 8.367156613383088
      vertex 52.43281847802978 -102 8.383182760315737
      vertex 52.543769410125094 -103.1 8.558013454126451
    endloop
  endfacet
  facet normal 0.8443279255020097 0 -0.5358267949790051
    outer loop
      vertex 52.543769410125094 -103.1 8.558013454126451
      vertex 52.43281847802978 -102 8.383182760315737
      vertex 52.543769410125094 -102 8.558013454126451
    endloop
  endfacet
  facet normal 0.7705132427757933 -1.5435626910635897e-15 -0.6374239897486847
    outer loop
      vertex 52.543769410125094 -103.1 8.558013454126451
      vertex 52.55586832360357 -102 8.572638528187497
      vertex 52.68785647064146 -103.1 8.732184790671639
    endloop
  endfacet
  facet normal 0.6845471059286794 -2.1295932720775107e-15 -0.7289686274214202
    outer loop
      vertex 52.68785647064146 -103.1 8.732184790671639
      vertex 52.70169298839657 -102 8.745178145706543
      vertex 52.85263681845236 -103.1 8.88692383699642
    endloop
  endfacet
  facet normal 0.7705132427757985 0 -0.6374239897486786
    outer loop
      vertex 52.68785647064146 -103.1 8.732184790671639
      vertex 52.55586832360357 -102 8.572638528187497
      vertex 52.68785647064146 -102 8.732184790671639
    endloop
  endfacet
  facet normal 0.6845471059286877 0 -0.7289686274214124
    outer loop
      vertex 52.85263681845236 -103.1 8.88692383699642
      vertex 52.70169298839657 -102 8.745178145706543
      vertex 52.85263681845236 -102 8.88692383699642
    endloop
  endfacet
  facet normal 0.5877852522924824 -1.1912466870016272e-15 -0.8090169943749408
    outer loop
      vertex 52.85263681845236 -103.1 8.88692383699642
      vertex 52.86799273033358 -102 8.89808056003443
      vertex 53.035511769037804 -103.1 9.019790265903627
    endloop
  endfacet
  facet normal 0.5877852522924875 0 -0.8090169943749369
    outer loop
      vertex 53.035511769037804 -103.1 9.019790265903627
      vertex 52.86799273033358 -102 8.89808056003443
      vertex 53.035511769037804 -102 9.019790265903627
    endloop
  endfacet
  facet normal 0.4817536741017198 -7.212013251466549e-16 -0.8763066800438611
    outer loop
      vertex 53.035511769037804 -103.1 9.019790265903627
      vertex 53.05214490314159 -102 9.028934408757728
      vertex 53.233597275182866 -103.1 9.128688694438836
    endloop
  endfacet
  facet normal 0.4817536741017232 0 -0.8763066800438593
    outer loop
      vertex 53.233597275182866 -103.1 9.128688694438836
      vertex 53.05214490314159 -102 9.028934408757728
      vertex 53.233597275182866 -102 9.128688694438836
    endloop
  endfacet
  facet normal 0.36812455268467775 -8.38058613622651e-16 -0.9297764858882515
    outer loop
      vertex 53.233597275182866 -103.1 9.128688694438836
      vertex 53.251245317048244 -102 9.135676048513773
      vertex 53.44376941012509 -103.1 9.211901729331277
    endloop
  endfacet
  facet normal 0.24868988716484844 -2.581325178275791e-16 -0.9685831611286327
    outer loop
      vertex 53.44376941012509 -103.1 9.211901729331277
      vertex 53.46215403958942 -102 9.216622099879247
      vertex 53.662713633745696 -103.1 9.26811705131164
    endloop
  endfacet
  facet normal 0.36812455268468186 0 -0.9297764858882498
    outer loop
      vertex 53.44376941012509 -103.1 9.211901729331277
      vertex 53.251245317048244 -102 9.135676048513773
      vertex 53.44376941012509 -102 9.211901729331277
    endloop
  endfacet
  facet normal 0.2486898871648498 0 -0.9685831611286325
    outer loop
      vertex 53.662713633745696 -103.1 9.26811705131164
      vertex 53.46215403958942 -102 9.216622099879247
      vertex 53.662713633745696 -102 9.26811705131164
    endloop
  endfacet
  facet normal 0.12533323356430603 -2.7382976553331203e-16 -0.9921147013144775
    outer loop
      vertex 53.662713633745696 -103.1 9.26811705131164
      vertex 53.68154491421987 -102 9.270495995269286
      vertex 53.88697706484724 -103.1 9.29644811117089
    endloop
  endfacet
  facet normal -0.9980267284282727 0 -0.06279051952929537
    outer loop
      vertex 55.8 -103.1 7.5
      vertex 55.78699828613685 -102 7.7066563240449595
      vertex 55.8 -102 7.5
    endloop
  endfacet
  facet normal -0.9980267284282727 2.842945973371339e-16 -0.06279051952929687
    outer loop
      vertex 55.8 -103.1 7.5
      vertex 55.78580646236606 -103.1 7.725599820415748
      vertex 55.78699828613685 -102 7.7066563240449595
    endloop
  endfacet
  facet normal -0.9822872507286927 0 -0.1873813145857028
    outer loop
      vertex 55.78580646236606 -103.1 7.725599820415748
      vertex 55.74700636557108 -102 7.928997050780015
      vertex 55.78580646236606 -102 7.725599820415748
    endloop
  endfacet
  facet normal -0.9822872507286908 2.0511070335488936e-15 -0.18738131458571355
    outer loop
      vertex 55.78580646236606 -103.1 7.725599820415748
      vertex 55.74344969003154 -103.1 7.947641796896739
      vertex 55.74700636557108 -102 7.928997050780015
    endloop
  endfacet
  facet normal -0.9510565162951484 2.7278328235293024e-15 -0.30901699437496316
    outer loop
      vertex 55.74344969003154 -103.1 7.947641796896739
      vertex 55.67359767459885 -103.1 8.16262419483242
      vertex 55.679463111009234 -102 8.14457223775385
    endloop
  endfacet
  facet normal -0.9510565162951529 0 -0.30901699437494945
    outer loop
      vertex 55.74344969003154 -103.1 7.947641796896739
      vertex 55.679463111009234 -102 8.14457223775385
      vertex 55.74344969003154 -102 7.947641796896739
    endloop
  endfacet
  facet normal -0.9048270524660219 2.2883098877688236e-15 -0.4257792915650676
    outer loop
      vertex 55.67359767459885 -103.1 8.16262419483242
      vertex 55.577352024078955 -103.1 8.367156613383088
      vertex 55.58543371992414 -102 8.34998213548952
    endloop
  endfacet
  facet normal -0.9048270524660271 0 -0.42577929156505656
    outer loop
      vertex 55.67359767459885 -103.1 8.16262419483242
      vertex 55.58543371992414 -102 8.34998213548952
      vertex 55.67359767459885 -102 8.16262419483242
    endloop
  endfacet
  facet normal -0.8443279255020097 0 -0.5358267949790051
    outer loop
      vertex 55.577352024078955 -103.1 8.367156613383088
      vertex 55.46640109198364 -102 8.541987307193802
      vertex 55.577352024078955 -102 8.367156613383088
    endloop
  endfacet
  facet normal -0.8443279255020135 -1.3394984708890763e-15 -0.5358267949789991
    outer loop
      vertex 55.577352024078955 -103.1 8.367156613383088
      vertex 55.456230589874906 -103.1 8.558013454126451
      vertex 55.46640109198364 -102 8.541987307193802
    endloop
  endfacet
  facet normal -0.7705132427757965 1.632513761396058e-15 -0.637423989748681
    outer loop
      vertex 55.456230589874906 -103.1 8.558013454126451
      vertex 55.31214352935854 -103.1 8.73218479067164
      vertex 55.32424244283702 -102 8.717559716610594
    endloop
  endfacet
  facet normal -0.7705132427758019 0 -0.6374239897486743
    outer loop
      vertex 55.456230589874906 -103.1 8.558013454126451
      vertex 55.32424244283702 -102 8.717559716610594
      vertex 55.456230589874906 -102 8.558013454126451
    endloop
  endfacet
  facet normal -0.6845471059286832 0 -0.7289686274214168
    outer loop
      vertex 55.31214352935854 -103.1 8.73218479067164
      vertex 55.161199699302756 -102 8.873930481961516
      vertex 55.31214352935854 -102 8.73218479067164
    endloop
  endfacet
  facet normal -0.6845471059286753 2.0232008154053444e-15 -0.7289686274214241
    outer loop
      vertex 55.31214352935854 -103.1 8.73218479067164
      vertex 55.14736318154764 -103.1 8.88692383699642
      vertex 55.161199699302756 -102 8.873930481961516
    endloop
  endfacet
  facet normal -0.5877852522924824 1.199967380171478e-15 -0.8090169943749408
    outer loop
      vertex 55.14736318154764 -103.1 8.88692383699642
      vertex 54.964488230962196 -103.1 9.019790265903627
      vertex 54.97984414284342 -102 9.008633542865617
    endloop
  endfacet
  facet normal -0.5877852522924875 0 -0.8090169943749369
    outer loop
      vertex 55.14736318154764 -103.1 8.88692383699642
      vertex 54.97984414284342 -102 9.008633542865617
      vertex 55.14736318154764 -102 8.88692383699642
    endloop
  endfacet
  facet normal -0.4817536741017198 7.255616717315803e-16 -0.8763066800438611
    outer loop
      vertex 54.964488230962196 -103.1 9.019790265903627
      vertex 54.766402724817134 -103.1 9.128688694438836
      vertex 54.78303585892092 -102 9.119544551584735
    endloop
  endfacet
  facet normal -0.4817536741017232 0 -0.8763066800438593
    outer loop
      vertex 54.964488230962196 -103.1 9.019790265903627
      vertex 54.78303585892092 -102 9.119544551584735
      vertex 54.964488230962196 -102 9.019790265903627
    endloop
  endfacet
  facet normal -0.36812455268467775 8.37186544305666e-16 -0.9297764858882515
    outer loop
      vertex 54.766402724817134 -103.1 9.128688694438836
      vertex 54.55623058987491 -103.1 9.211901729331277
      vertex 54.573878631740286 -102 9.20491437525634
    endloop
  endfacet
  facet normal -0.24868988716484844 2.6510907236345957e-16 -0.9685831611286327
    outer loop
      vertex 54.55623058987491 -103.1 9.211901729331277
      vertex 54.337286366254304 -103.1 9.26811705131164
      vertex 54.35567099571863 -102 9.26339668076367
    endloop
  endfacet
  facet normal -0.36812455268468186 0 -0.9297764858882498
    outer loop
      vertex 54.766402724817134 -103.1 9.128688694438836
      vertex 54.573878631740286 -102 9.20491437525634
      vertex 54.766402724817134 -102 9.128688694438836
    endloop
  endfacet
  facet normal -0.2486898871648498 0 -0.9685831611286325
    outer loop
      vertex 54.55623058987491 -103.1 9.211901729331277
      vertex 54.35567099571863 -102 9.26339668076367
      vertex 54.55623058987491 -102 9.211901729331277
    endloop
  endfacet
  facet normal 0 0 -1
    outer loop
      vertex 53.88697706484724 -103.1 9.29644811117089
      vertex 53.90595801578892 -102 9.29644811117089
      vertex 54.11302293515276 -103.1 9.29644811117089
    endloop
  endfacet
  facet normal -0.12533323356430603 2.7557390416728217e-16 -0.9921147013144775
    outer loop
      vertex 54.337286366254304 -103.1 9.26811705131164
      vertex 54.11302293515276 -103.1 9.29644811117089
      vertex 54.13185421562694 -102 9.294069167213243
    endloop
  endfacet
  facet normal 0.12533323356430748 0 -0.9921147013144774
    outer loop
      vertex 53.88697706484724 -103.1 9.29644811117089
      vertex 53.68154491421987 -102 9.270495995269286
      vertex 53.88697706484724 -102 9.29644811117089
    endloop
  endfacet
  facet normal 0 0 -1
    outer loop
      vertex 54.11302293515276 -103.1 9.29644811117089
      vertex 53.90595801578892 -102 9.29644811117089
      vertex 54.11302293515276 -102 9.29644811117089
    endloop
  endfacet
  facet normal -0.12533323356430748 0 -0.9921147013144774
    outer loop
      vertex 54.337286366254304 -103.1 9.26811705131164
      vertex 54.13185421562694 -102 9.294069167213243
      vertex 54.337286366254304 -102 9.26811705131164
    endloop
  endfacet
  facet normal 0.12533323356430603 0 0.9921147013144775
    outer loop
      vertex 53.88697706484724 -103.1 5.703551888829111
      vertex 53.88697706484724 -102 5.703551888829111
      vertex 53.662713633745696 -103.1 5.7318829486883605
    endloop
  endfacet
  facet normal 0.12533323356430603 0 0.9921147013144775
    outer loop
      vertex 53.662713633745696 -103.1 5.7318829486883605
      vertex 53.88697706484724 -102 5.703551888829111
      vertex 53.662713633745696 -102 5.7318829486883605
    endloop
  endfacet
  facet normal 0.3681245526846743 0 0.9297764858882529
    outer loop
      vertex 53.233597275182866 -103.1 5.871311305561164
      vertex 53.44376941012509 -102 5.788098270668724
      vertex 53.233597275182866 -102 5.871311305561164
    endloop
  endfacet
  facet normal 0.24868988716485213 0 0.9685831611286317
    outer loop
      vertex 53.662713633745696 -103.1 5.7318829486883605
      vertex 53.662713633745696 -102 5.7318829486883605
      vertex 53.44376941012509 -103.1 5.788098270668724
    endloop
  endfacet
  facet normal 0.3681245526846743 0 0.9297764858882529
    outer loop
      vertex 53.44376941012509 -103.1 5.788098270668724
      vertex 53.44376941012509 -102 5.788098270668724
      vertex 53.233597275182866 -103.1 5.871311305561164
    endloop
  endfacet
  facet normal 0.24868988716485213 0 0.9685831611286317
    outer loop
      vertex 53.44376941012509 -103.1 5.788098270668724
      vertex 53.662713633745696 -102 5.7318829486883605
      vertex 53.44376941012509 -102 5.788098270668724
    endloop
  endfacet
  facet normal 0.4817536741017198 0 0.8763066800438611
    outer loop
      vertex 53.233597275182866 -103.1 5.871311305561164
      vertex 53.233597275182866 -102 5.871311305561164
      vertex 53.035511769037804 -103.1 5.980209734096373
    endloop
  endfacet
  facet normal 0.4817536741017198 0 0.8763066800438611
    outer loop
      vertex 53.035511769037804 -103.1 5.980209734096373
      vertex 53.233597275182866 -102 5.871311305561164
      vertex 53.035511769037804 -102 5.980209734096373
    endloop
  endfacet
  facet normal 0.5877852522924798 0 0.8090169943749426
    outer loop
      vertex 53.035511769037804 -103.1 5.980209734096373
      vertex 53.035511769037804 -102 5.980209734096373
      vertex 52.85263681845236 -103.1 6.113076163003579
    endloop
  endfacet
  facet normal 0.5877852522924798 0 0.8090169943749426
    outer loop
      vertex 52.85263681845236 -103.1 6.113076163003579
      vertex 53.035511769037804 -102 5.980209734096373
      vertex 52.85263681845236 -102 6.113076163003579
    endloop
  endfacet
  facet normal 0.6845471059286794 0 0.7289686274214202
    outer loop
      vertex 52.85263681845236 -103.1 6.113076163003579
      vertex 52.85263681845236 -102 6.113076163003579
      vertex 52.68785647064146 -103.1 6.267815209328361
    endloop
  endfacet
  facet normal 0.7705132427757933 0 0.6374239897486847
    outer loop
      vertex 52.68785647064146 -103.1 6.267815209328361
      vertex 52.68785647064146 -102 6.267815209328361
      vertex 52.543769410125094 -103.1 6.441986545873548
    endloop
  endfacet
  facet normal 0.6845471059286794 0 0.7289686274214202
    outer loop
      vertex 52.68785647064146 -103.1 6.267815209328361
      vertex 52.85263681845236 -102 6.113076163003579
      vertex 52.68785647064146 -102 6.267815209328361
    endloop
  endfacet
  facet normal 0.7705132427757933 0 0.6374239897486847
    outer loop
      vertex 52.543769410125094 -103.1 6.441986545873548
      vertex 52.68785647064146 -102 6.267815209328361
      vertex 52.543769410125094 -102 6.441986545873548
    endloop
  endfacet
  facet normal 0.8443279255020146 0 0.5358267949789973
    outer loop
      vertex 52.543769410125094 -103.1 6.441986545873548
      vertex 52.543769410125094 -102 6.441986545873548
      vertex 52.422647975921045 -103.1 6.632843386616912
    endloop
  endfacet
  facet normal 0.8443279255020146 0 0.5358267949789973
    outer loop
      vertex 52.422647975921045 -103.1 6.632843386616912
      vertex 52.543769410125094 -102 6.441986545873548
      vertex 52.422647975921045 -102 6.632843386616912
    endloop
  endfacet
  facet normal 0.9048270524660212 0 0.42577929156506916
    outer loop
      vertex 52.32640232540115 -103.1 6.8373758051675795
      vertex 52.422647975921045 -102 6.632843386616912
      vertex 52.32640232540115 -102 6.8373758051675795
    endloop
  endfacet
  facet normal 0.9048270524660212 0 0.42577929156506916
    outer loop
      vertex 52.422647975921045 -103.1 6.632843386616912
      vertex 52.422647975921045 -102 6.632843386616912
      vertex 52.32640232540115 -103.1 6.8373758051675795
    endloop
  endfacet
  facet normal 0.9510565162951488 0 0.309016994374962
    outer loop
      vertex 52.32640232540115 -103.1 6.8373758051675795
      vertex 52.32640232540115 -102 6.8373758051675795
      vertex 52.25655030996846 -103.1 7.052358203103261
    endloop
  endfacet
  facet normal 0.9510565162951488 0 0.309016994374962
    outer loop
      vertex 52.25655030996846 -103.1 7.052358203103261
      vertex 52.32640232540115 -102 6.8373758051675795
      vertex 52.25655030996846 -102 7.052358203103261
    endloop
  endfacet
  facet normal 0.9822872507286908 0 0.18738131458571355
    outer loop
      vertex 52.25655030996846 -103.1 7.052358203103261
      vertex 52.25655030996846 -102 7.052358203103261
      vertex 52.21419353763394 -103.1 7.274400179584252
    endloop
  endfacet
  facet normal 0.9822872507286908 0 0.18738131458571355
    outer loop
      vertex 52.21419353763394 -103.1 7.274400179584252
      vertex 52.25655030996846 -102 7.052358203103261
      vertex 52.21419353763394 -102 7.274400179584252
    endloop
  endfacet
  facet normal 0.9980267284282727 0 0.06279051952929687
    outer loop
      vertex 52.21419353763394 -103.1 7.274400179584252
      vertex 52.21419353763394 -102 7.274400179584252
      vertex 52.2 -103.1 7.5
    endloop
  endfacet
  facet normal 0.9980267284282727 0 0.06279051952929687
    outer loop
      vertex 52.2 -103.1 7.5
      vertex 52.21419353763394 -102 7.274400179584252
      vertex 52.2 -102 7.5
    endloop
  endfacet
  facet normal 0 0 1
    outer loop
      vertex 53.88697706484724 -103.1 5.703551888829111
      vertex 54.11302293515276 -103.1 5.703551888829111
      vertex 54.11302293515276 -102 5.703551888829111
    endloop
  endfacet
  facet normal -0.12533323356430603 0 0.9921147013144775
    outer loop
      vertex 54.11302293515276 -103.1 5.703551888829111
      vertex 54.337286366254304 -103.1 5.7318829486883605
      vertex 54.337286366254304 -102 5.7318829486883605
    endloop
  endfacet
  facet normal 0 0 1
    outer loop
      vertex 53.88697706484724 -103.1 5.703551888829111
      vertex 54.11302293515276 -102 5.703551888829111
      vertex 53.88697706484724 -102 5.703551888829111
    endloop
  endfacet
  facet normal -0.12533323356430603 0 0.9921147013144775
    outer loop
      vertex 54.11302293515276 -103.1 5.703551888829111
      vertex 54.337286366254304 -102 5.7318829486883605
      vertex 54.11302293515276 -102 5.703551888829111
    endloop
  endfacet
  facet normal -0.24868988716485213 0 0.9685831611286317
    outer loop
      vertex 54.337286366254304 -103.1 5.7318829486883605
      vertex 54.55623058987491 -103.1 5.788098270668724
      vertex 54.55623058987491 -102 5.788098270668724
    endloop
  endfacet
  facet normal -0.3681245526846743 0 0.9297764858882529
    outer loop
      vertex 54.55623058987491 -103.1 5.788098270668724
      vertex 54.766402724817134 -103.1 5.871311305561164
      vertex 54.766402724817134 -102 5.871311305561164
    endloop
  endfacet
  facet normal -0.24868988716485213 0 0.9685831611286317
    outer loop
      vertex 54.337286366254304 -103.1 5.7318829486883605
      vertex 54.55623058987491 -102 5.788098270668724
      vertex 54.337286366254304 -102 5.7318829486883605
    endloop
  endfacet
  facet normal -0.3681245526846743 0 0.9297764858882529
    outer loop
      vertex 54.55623058987491 -103.1 5.788098270668724
      vertex 54.766402724817134 -102 5.871311305561164
      vertex 54.55623058987491 -102 5.788098270668724
    endloop
  endfacet
  facet normal -0.4817536741017168 0 0.8763066800438628
    outer loop
      vertex 54.766402724817134 -103.1 5.871311305561164
      vertex 54.964488230962196 -103.1 5.9802097340963725
      vertex 54.964488230962196 -102 5.9802097340963725
    endloop
  endfacet
  facet normal -0.4817536741017168 0 0.8763066800438628
    outer loop
      vertex 54.766402724817134 -103.1 5.871311305561164
      vertex 54.964488230962196 -102 5.9802097340963725
      vertex 54.766402724817134 -102 5.871311305561164
    endloop
  endfacet
  facet normal -0.5877852522924849 0 0.8090169943749389
    outer loop
      vertex 54.964488230962196 -103.1 5.9802097340963725
      vertex 55.14736318154764 -103.1 6.11307616300358
      vertex 55.14736318154764 -102 6.11307616300358
    endloop
  endfacet
  facet normal -0.5877852522924849 0 0.8090169943749389
    outer loop
      vertex 54.964488230962196 -103.1 5.9802097340963725
      vertex 55.14736318154764 -102 6.11307616300358
      vertex 54.964488230962196 -102 5.9802097340963725
    endloop
  endfacet
  facet normal -0.6845471059286773 0 0.7289686274214221
    outer loop
      vertex 55.14736318154764 -103.1 6.11307616300358
      vertex 55.31214352935854 -102 6.267815209328361
      vertex 55.14736318154764 -102 6.11307616300358
    endloop
  endfacet
  facet normal -0.6845471059286773 0 0.7289686274214221
    outer loop
      vertex 55.14736318154764 -103.1 6.11307616300358
      vertex 55.31214352935854 -103.1 6.267815209328361
      vertex 55.31214352935854 -102 6.267815209328361
    endloop
  endfacet
  facet normal -0.7705132427757933 0 0.6374239897486847
    outer loop
      vertex 55.31214352935854 -103.1 6.267815209328361
      vertex 55.456230589874906 -102 6.441986545873548
      vertex 55.31214352935854 -102 6.267815209328361
    endloop
  endfacet
  facet normal -0.7705132427757933 0 0.6374239897486847
    outer loop
      vertex 55.31214352935854 -103.1 6.267815209328361
      vertex 55.456230589874906 -103.1 6.441986545873548
      vertex 55.456230589874906 -102 6.441986545873548
    endloop
  endfacet
  facet normal -0.8443279255020146 0 0.5358267949789973
    outer loop
      vertex 55.456230589874906 -103.1 6.441986545873548
      vertex 55.577352024078955 -102 6.632843386616912
      vertex 55.456230589874906 -102 6.441986545873548
    endloop
  endfacet
  facet normal -0.8443279255020146 0 0.5358267949789973
    outer loop
      vertex 55.456230589874906 -103.1 6.441986545873548
      vertex 55.577352024078955 -103.1 6.632843386616912
      vertex 55.577352024078955 -102 6.632843386616912
    endloop
  endfacet
  facet normal -0.9048270524660205 0 0.4257792915650706
    outer loop
      vertex 55.577352024078955 -103.1 6.632843386616912
      vertex 55.67359767459885 -103.1 6.837375805167579
      vertex 55.67359767459885 -102 6.837375805167579
    endloop
  endfacet
  facet normal -0.9048270524660205 0 0.4257792915650706
    outer loop
      vertex 55.577352024078955 -103.1 6.632843386616912
      vertex 55.67359767459885 -102 6.837375805167579
      vertex 55.577352024078955 -102 6.632843386616912
    endloop
  endfacet
  facet normal -0.9510565162951496 0 0.3090169943749597
    outer loop
      vertex 55.67359767459885 -103.1 6.837375805167579
      vertex 55.74344969003154 -102 7.052358203103262
      vertex 55.67359767459885 -102 6.837375805167579
    endloop
  endfacet
  facet normal -0.9510565162951496 0 0.3090169943749597
    outer loop
      vertex 55.67359767459885 -103.1 6.837375805167579
      vertex 55.74344969003154 -103.1 7.052358203103262
      vertex 55.74344969003154 -102 7.052358203103262
    endloop
  endfacet
  facet normal -0.9822872507286907 0 0.18738131458571428
    outer loop
      vertex 55.74344969003154 -103.1 7.052358203103262
      vertex 55.78580646236606 -102 7.274400179584252
      vertex 55.74344969003154 -102 7.052358203103262
    endloop
  endfacet
  facet normal -0.9822872507286907 0 0.18738131458571428
    outer loop
      vertex 55.74344969003154 -103.1 7.052358203103262
      vertex 55.78580646236606 -103.1 7.274400179584252
      vertex 55.78580646236606 -102 7.274400179584252
    endloop
  endfacet
  facet normal -0.9980267284282727 0 0.06279051952929687
    outer loop
      vertex 55.78580646236606 -103.1 7.274400179584252
      vertex 55.8 -102 7.5
      vertex 55.78580646236606 -102 7.274400179584252
    endloop
  endfacet
  facet normal -0.9980267284282727 0 0.06279051952929687
    outer loop
      vertex 55.78580646236606 -103.1 7.274400179584252
      vertex 55.8 -103.1 7.5
      vertex 55.8 -102 7.5
    endloop
  endfacet
  facet normal 0.9980267284282716 0 -0.06279051952931325
    outer loop
      vertex 52.2 -103.1 7.5
      vertex 52.2 -102 7.5
      vertex 52.20119182377079 -102 7.518943496370788
    endloop
  endfacet
  facet normal 0.9822872507286686 0 -0.1873813145858303
    outer loop
      vertex 52.21419353763394 -103.1 7.725599820415748
      vertex 52.21419353763394 -102 7.725599820415748
      vertex 52.21775021317348 -102 7.744244566532472
    endloop
  endfacet
  facet normal 0.9510565162950951 0 -0.30901699437512714
    outer loop
      vertex 52.25655030996846 -103.1 7.947641796896739
      vertex 52.25655030996846 -102 7.947641796896739
      vertex 52.26241574637884 -102 7.965693753975307
    endloop
  endfacet
  facet normal 0.9048270524659654 0 -0.4257792915651875
    outer loop
      vertex 52.32640232540115 -103.1 8.16262419483242
      vertex 52.32640232540115 -102 8.16262419483242
      vertex 52.33448402124633 -102 8.179798672725987
    endloop
  endfacet
  facet normal 0.8443279255020552 0 -0.5358267949789334
    outer loop
      vertex 52.422647975921045 -103.1 8.367156613383088
      vertex 52.422647975921045 -102 8.367156613383088
      vertex 52.43281847802978 -102 8.383182760315737
    endloop
  endfacet
  facet normal 0.7705132427757362 0 -0.6374239897487537
    outer loop
      vertex 52.543769410125094 -103.1 8.558013454126451
      vertex 52.543769410125094 -102 8.558013454126451
      vertex 52.55586832360357 -102 8.572638528187497
    endloop
  endfacet
  facet normal 0.6845471059285894 0 -0.7289686274215046
    outer loop
      vertex 52.68785647064146 -103.1 8.732184790671639
      vertex 52.68785647064146 -102 8.732184790671639
      vertex 52.70169298839657 -102 8.745178145706543
    endloop
  endfacet
  facet normal 0.5877852522924265 0 -0.8090169943749812
    outer loop
      vertex 52.85263681845236 -103.1 8.88692383699642
      vertex 52.85263681845236 -102 8.88692383699642
      vertex 52.86799273033358 -102 8.89808056003443
    endloop
  endfacet
  facet normal 0.4817536741016832 0 -0.8763066800438812
    outer loop
      vertex 53.035511769037804 -103.1 9.019790265903627
      vertex 53.035511769037804 -102 9.019790265903627
      vertex 53.05214490314159 -102 9.028934408757728
    endloop
  endfacet
  facet normal 0.3681245526846326 0 -0.9297764858882693
    outer loop
      vertex 53.233597275182866 -103.1 9.128688694438836
      vertex 53.233597275182866 -102 9.128688694438836
      vertex 53.251245317048244 -102 9.135676048513773
    endloop
  endfacet
  facet normal 0.24868988716483395 0 -0.9685831611286365
    outer loop
      vertex 53.44376941012509 -103.1 9.211901729331277
      vertex 53.44376941012509 -102 9.211901729331277
      vertex 53.46215403958942 -102 9.216622099879247
    endloop
  endfacet
  facet normal 0.12533323356429027 0 -0.9921147013144795
    outer loop
      vertex 53.662713633745696 -103.1 9.26811705131164
      vertex 53.662713633745696 -102 9.26811705131164
      vertex 53.68154491421987 -102 9.270495995269286
    endloop
  endfacet
  facet normal -0.9980267284282716 0 -0.06279051952931325
    outer loop
      vertex 55.78580646236606 -103.1 7.725599820415748
      vertex 55.78580646236606 -102 7.725599820415748
      vertex 55.78699828613685 -102 7.7066563240449595
    endloop
  endfacet
  facet normal -0.9822872507286686 0 -0.1873813145858303
    outer loop
      vertex 55.74344969003154 -103.1 7.947641796896739
      vertex 55.74344969003154 -102 7.947641796896739
      vertex 55.74700636557108 -102 7.928997050780015
    endloop
  endfacet
  facet normal -0.9510565162950996 0 -0.30901699437511343
    outer loop
      vertex 55.67359767459885 -103.1 8.16262419483242
      vertex 55.67359767459885 -102 8.16262419483242
      vertex 55.679463111009234 -102 8.14457223775385
    endloop
  endfacet
  facet normal -0.9048270524659654 0 -0.4257792915651875
    outer loop
      vertex 55.577352024078955 -103.1 8.367156613383088
      vertex 55.577352024078955 -102 8.367156613383088
      vertex 55.58543371992414 -102 8.34998213548952
    endloop
  endfacet
  facet normal -0.8443279255020552 0 -0.5358267949789334
    outer loop
      vertex 55.456230589874906 -103.1 8.558013454126451
      vertex 55.456230589874906 -102 8.558013454126451
      vertex 55.46640109198364 -102 8.541987307193802
    endloop
  endfacet
  facet normal -0.7705132427757362 0 -0.6374239897487537
    outer loop
      vertex 55.31214352935854 -103.1 8.73218479067164
      vertex 55.31214352935854 -102 8.73218479067164
      vertex 55.32424244283702 -102 8.717559716610594
    endloop
  endfacet
  facet normal -0.6845471059285894 0 -0.7289686274215046
    outer loop
      vertex 55.14736318154764 -103.1 8.88692383699642
      vertex 55.14736318154764 -102 8.88692383699642
      vertex 55.161199699302756 -102 8.873930481961516
    endloop
  endfacet
  facet normal -0.4817536741016832 0 -0.8763066800438812
    outer loop
      vertex 54.766402724817134 -103.1 9.128688694438836
      vertex 54.766402724817134 -102 9.128688694438836
      vertex 54.78303585892092 -102 9.119544551584735
    endloop
  endfacet
  facet normal -0.5877852522924265 0 -0.8090169943749812
    outer loop
      vertex 54.964488230962196 -103.1 9.019790265903627
      vertex 54.964488230962196 -102 9.019790265903627
      vertex 54.97984414284342 -102 9.008633542865617
    endloop
  endfacet
  facet normal -0.3681245526846326 0 -0.9297764858882693
    outer loop
      vertex 54.55623058987491 -103.1 9.211901729331277
      vertex 54.55623058987491 -102 9.211901729331277
      vertex 54.573878631740286 -102 9.20491437525634
    endloop
  endfacet
  facet normal 0 0 -1
    outer loop
      vertex 53.88697706484724 -103.1 9.29644811117089
      vertex 53.88697706484724 -102 9.29644811117089
      vertex 53.90595801578892 -102 9.29644811117089
    endloop
  endfacet
  facet normal -0.12533323356429027 0 -0.9921147013144795
    outer loop
      vertex 54.11302293515276 -103.1 9.29644811117089
      vertex 54.11302293515276 -102 9.29644811117089
      vertex 54.13185421562694 -102 9.294069167213243
    endloop
  endfacet
  facet normal -0.24868988716483395 0 -0.9685831611286365
    outer loop
      vertex 54.337286366254304 -103.1 9.26811705131164
      vertex 54.337286366254304 -102 9.26811705131164
      vertex 54.35567099571863 -102 9.26339668076367
    endloop
  endfacet
  facet normal 0.12533323356430603 0 0.9921147013144775
    outer loop
      vertex -54.11302293515276 -103.1 5.703551888829111
      vertex -54.11302293515276 -102 5.703551888829111
      vertex -54.337286366254304 -103.1 5.7318829486883605
    endloop
  endfacet
  facet normal 0 0 1
    outer loop
      vertex -54.11302293515276 -103.1 5.703551888829111
      vertex -53.88697706484724 -103.1 5.703551888829111
      vertex -53.88697706484724 -102 5.703551888829111
    endloop
  endfacet
  facet normal 0.12533323356430603 0 0.9921147013144775
    outer loop
      vertex -54.337286366254304 -103.1 5.7318829486883605
      vertex -54.11302293515276 -102 5.703551888829111
      vertex -54.337286366254304 -102 5.7318829486883605
    endloop
  endfacet
  facet normal 0 0 1
    outer loop
      vertex -54.11302293515276 -103.1 5.703551888829111
      vertex -53.88697706484724 -102 5.703551888829111
      vertex -54.11302293515276 -102 5.703551888829111
    endloop
  endfacet
  facet normal 0.24868988716485213 0 0.9685831611286317
    outer loop
      vertex -54.337286366254304 -103.1 5.7318829486883605
      vertex -54.337286366254304 -102 5.7318829486883605
      vertex -54.55623058987491 -103.1 5.788098270668724
    endloop
  endfacet
  facet normal 0.3681245526846743 0 0.9297764858882529
    outer loop
      vertex -54.55623058987491 -103.1 5.788098270668724
      vertex -54.55623058987491 -102 5.788098270668724
      vertex -54.766402724817134 -103.1 5.871311305561164
    endloop
  endfacet
  facet normal 0.24868988716485213 0 0.9685831611286317
    outer loop
      vertex -54.55623058987491 -103.1 5.788098270668724
      vertex -54.337286366254304 -102 5.7318829486883605
      vertex -54.55623058987491 -102 5.788098270668724
    endloop
  endfacet
  facet normal 0.3681245526846743 0 0.9297764858882529
    outer loop
      vertex -54.766402724817134 -103.1 5.871311305561164
      vertex -54.55623058987491 -102 5.788098270668724
      vertex -54.766402724817134 -102 5.871311305561164
    endloop
  endfacet
  facet normal 0.4817536741017198 0 0.8763066800438611
    outer loop
      vertex -54.766402724817134 -103.1 5.871311305561164
      vertex -54.766402724817134 -102 5.871311305561164
      vertex -54.964488230962196 -103.1 5.980209734096373
    endloop
  endfacet
  facet normal 0.4817536741017198 0 0.8763066800438611
    outer loop
      vertex -54.964488230962196 -103.1 5.980209734096373
      vertex -54.766402724817134 -102 5.871311305561164
      vertex -54.964488230962196 -102 5.980209734096373
    endloop
  endfacet
  facet normal 0.5877852522924798 0 0.8090169943749426
    outer loop
      vertex -54.964488230962196 -103.1 5.980209734096373
      vertex -54.964488230962196 -102 5.980209734096373
      vertex -55.14736318154764 -103.1 6.113076163003579
    endloop
  endfacet
  facet normal 0.5877852522924798 0 0.8090169943749426
    outer loop
      vertex -55.14736318154764 -103.1 6.113076163003579
      vertex -54.964488230962196 -102 5.980209734096373
      vertex -55.14736318154764 -102 6.113076163003579
    endloop
  endfacet
  facet normal 0.6845471059286794 0 0.7289686274214202
    outer loop
      vertex -55.14736318154764 -103.1 6.113076163003579
      vertex -55.14736318154764 -102 6.113076163003579
      vertex -55.31214352935854 -103.1 6.267815209328361
    endloop
  endfacet
  facet normal 0.7705132427757933 0 0.6374239897486847
    outer loop
      vertex -55.31214352935854 -103.1 6.267815209328361
      vertex -55.31214352935854 -102 6.267815209328361
      vertex -55.456230589874906 -103.1 6.441986545873548
    endloop
  endfacet
  facet normal 0.6845471059286794 0 0.7289686274214202
    outer loop
      vertex -55.31214352935854 -103.1 6.267815209328361
      vertex -55.14736318154764 -102 6.113076163003579
      vertex -55.31214352935854 -102 6.267815209328361
    endloop
  endfacet
  facet normal 0.7705132427757933 0 0.6374239897486847
    outer loop
      vertex -55.456230589874906 -103.1 6.441986545873548
      vertex -55.31214352935854 -102 6.267815209328361
      vertex -55.456230589874906 -102 6.441986545873548
    endloop
  endfacet
  facet normal 0.8443279255020146 0 0.5358267949789973
    outer loop
      vertex -55.456230589874906 -103.1 6.441986545873548
      vertex -55.456230589874906 -102 6.441986545873548
      vertex -55.577352024078955 -103.1 6.632843386616912
    endloop
  endfacet
  facet normal 0.8443279255020146 0 0.5358267949789973
    outer loop
      vertex -55.577352024078955 -103.1 6.632843386616912
      vertex -55.456230589874906 -102 6.441986545873548
      vertex -55.577352024078955 -102 6.632843386616912
    endloop
  endfacet
  facet normal 0.9048270524660212 0 0.42577929156506916
    outer loop
      vertex -55.577352024078955 -103.1 6.632843386616912
      vertex -55.577352024078955 -102 6.632843386616912
      vertex -55.67359767459885 -103.1 6.8373758051675795
    endloop
  endfacet
  facet normal 0.9048270524660212 0 0.42577929156506916
    outer loop
      vertex -55.67359767459885 -103.1 6.8373758051675795
      vertex -55.577352024078955 -102 6.632843386616912
      vertex -55.67359767459885 -102 6.8373758051675795
    endloop
  endfacet
  facet normal 0.9510565162951488 0 0.309016994374962
    outer loop
      vertex -55.67359767459885 -103.1 6.8373758051675795
      vertex -55.67359767459885 -102 6.8373758051675795
      vertex -55.74344969003154 -103.1 7.052358203103261
    endloop
  endfacet
  facet normal 0.9510565162951488 0 0.309016994374962
    outer loop
      vertex -55.74344969003154 -103.1 7.052358203103261
      vertex -55.67359767459885 -102 6.8373758051675795
      vertex -55.74344969003154 -102 7.052358203103261
    endloop
  endfacet
  facet normal 0.9822872507286908 0 0.18738131458571355
    outer loop
      vertex -55.74344969003154 -103.1 7.052358203103261
      vertex -55.74344969003154 -102 7.052358203103261
      vertex -55.78580646236606 -103.1 7.274400179584252
    endloop
  endfacet
  facet normal 0.9822872507286908 0 0.18738131458571355
    outer loop
      vertex -55.78580646236606 -103.1 7.274400179584252
      vertex -55.74344969003154 -102 7.052358203103261
      vertex -55.78580646236606 -102 7.274400179584252
    endloop
  endfacet
  facet normal 0.9980267284282727 0 0.06279051952929687
    outer loop
      vertex -55.78580646236606 -103.1 7.274400179584252
      vertex -55.78580646236606 -102 7.274400179584252
      vertex -55.8 -103.1 7.5
    endloop
  endfacet
  facet normal 0.9980267284282727 0 0.06279051952929687
    outer loop
      vertex -55.8 -103.1 7.5
      vertex -55.78580646236606 -102 7.274400179584252
      vertex -55.8 -102 7.5
    endloop
  endfacet
  facet normal -0.12533323356430603 0 0.9921147013144775
    outer loop
      vertex -53.88697706484724 -103.1 5.703551888829111
      vertex -53.662713633745696 -103.1 5.7318829486883605
      vertex -53.662713633745696 -102 5.7318829486883605
    endloop
  endfacet
  facet normal -0.12533323356430603 0 0.9921147013144775
    outer loop
      vertex -53.88697706484724 -103.1 5.703551888829111
      vertex -53.662713633745696 -102 5.7318829486883605
      vertex -53.88697706484724 -102 5.703551888829111
    endloop
  endfacet
  facet normal -0.24868988716485213 0 0.9685831611286317
    outer loop
      vertex -53.662713633745696 -103.1 5.7318829486883605
      vertex -53.44376941012509 -103.1 5.788098270668724
      vertex -53.44376941012509 -102 5.788098270668724
    endloop
  endfacet
  facet normal -0.24868988716485213 0 0.9685831611286317
    outer loop
      vertex -53.662713633745696 -103.1 5.7318829486883605
      vertex -53.44376941012509 -102 5.788098270668724
      vertex -53.662713633745696 -102 5.7318829486883605
    endloop
  endfacet
  facet normal -0.3681245526846743 0 0.9297764858882529
    outer loop
      vertex -53.44376941012509 -103.1 5.788098270668724
      vertex -53.233597275182866 -102 5.871311305561164
      vertex -53.44376941012509 -102 5.788098270668724
    endloop
  endfacet
  facet normal -0.3681245526846743 0 0.9297764858882529
    outer loop
      vertex -53.44376941012509 -103.1 5.788098270668724
      vertex -53.233597275182866 -103.1 5.871311305561164
      vertex -53.233597275182866 -102 5.871311305561164
    endloop
  endfacet
  facet normal -0.4817536741017168 0 0.8763066800438628
    outer loop
      vertex -53.233597275182866 -103.1 5.871311305561164
      vertex -53.035511769037804 -103.1 5.9802097340963725
      vertex -53.035511769037804 -102 5.9802097340963725
    endloop
  endfacet
  facet normal -0.4817536741017168 0 0.8763066800438628
    outer loop
      vertex -53.233597275182866 -103.1 5.871311305561164
      vertex -53.035511769037804 -102 5.9802097340963725
      vertex -53.233597275182866 -102 5.871311305561164
    endloop
  endfacet
  facet normal -0.5877852522924849 0 0.8090169943749389
    outer loop
      vertex -53.035511769037804 -103.1 5.9802097340963725
      vertex -52.85263681845236 -103.1 6.11307616300358
      vertex -52.85263681845236 -102 6.11307616300358
    endloop
  endfacet
  facet normal -0.5877852522924849 0 0.8090169943749389
    outer loop
      vertex -53.035511769037804 -103.1 5.9802097340963725
      vertex -52.85263681845236 -102 6.11307616300358
      vertex -53.035511769037804 -102 5.9802097340963725
    endloop
  endfacet
  facet normal -0.6845471059286773 0 0.7289686274214221
    outer loop
      vertex -52.85263681845236 -103.1 6.11307616300358
      vertex -52.68785647064146 -102 6.267815209328361
      vertex -52.85263681845236 -102 6.11307616300358
    endloop
  endfacet
  facet normal -0.6845471059286773 0 0.7289686274214221
    outer loop
      vertex -52.85263681845236 -103.1 6.11307616300358
      vertex -52.68785647064146 -103.1 6.267815209328361
      vertex -52.68785647064146 -102 6.267815209328361
    endloop
  endfacet
  facet normal -0.7705132427757933 0 0.6374239897486847
    outer loop
      vertex -52.68785647064146 -103.1 6.267815209328361
      vertex -52.543769410125094 -102 6.441986545873548
      vertex -52.68785647064146 -102 6.267815209328361
    endloop
  endfacet
  facet normal -0.7705132427757933 0 0.6374239897486847
    outer loop
      vertex -52.68785647064146 -103.1 6.267815209328361
      vertex -52.543769410125094 -103.1 6.441986545873548
      vertex -52.543769410125094 -102 6.441986545873548
    endloop
  endfacet
  facet normal -0.8443279255020146 0 0.5358267949789973
    outer loop
      vertex -52.543769410125094 -103.1 6.441986545873548
      vertex -52.422647975921045 -102 6.632843386616912
      vertex -52.543769410125094 -102 6.441986545873548
    endloop
  endfacet
  facet normal -0.8443279255020146 0 0.5358267949789973
    outer loop
      vertex -52.543769410125094 -103.1 6.441986545873548
      vertex -52.422647975921045 -103.1 6.632843386616912
      vertex -52.422647975921045 -102 6.632843386616912
    endloop
  endfacet
  facet normal -0.9048270524660205 0 0.4257792915650706
    outer loop
      vertex -52.422647975921045 -103.1 6.632843386616912
      vertex -52.32640232540115 -102 6.837375805167579
      vertex -52.422647975921045 -102 6.632843386616912
    endloop
  endfacet
  facet normal -0.9048270524660205 0 0.4257792915650706
    outer loop
      vertex -52.422647975921045 -103.1 6.632843386616912
      vertex -52.32640232540115 -103.1 6.837375805167579
      vertex -52.32640232540115 -102 6.837375805167579
    endloop
  endfacet
  facet normal -0.9510565162951496 0 0.3090169943749597
    outer loop
      vertex -52.32640232540115 -103.1 6.837375805167579
      vertex -52.25655030996846 -102 7.052358203103262
      vertex -52.32640232540115 -102 6.837375805167579
    endloop
  endfacet
  facet normal -0.9510565162951496 0 0.3090169943749597
    outer loop
      vertex -52.32640232540115 -103.1 6.837375805167579
      vertex -52.25655030996846 -103.1 7.052358203103262
      vertex -52.25655030996846 -102 7.052358203103262
    endloop
  endfacet
  facet normal -0.9822872507286907 0 0.18738131458571428
    outer loop
      vertex -52.25655030996846 -103.1 7.052358203103262
      vertex -52.21419353763394 -102 7.274400179584252
      vertex -52.25655030996846 -102 7.052358203103262
    endloop
  endfacet
  facet normal -0.9822872507286907 0 0.18738131458571428
    outer loop
      vertex -52.25655030996846 -103.1 7.052358203103262
      vertex -52.21419353763394 -103.1 7.274400179584252
      vertex -52.21419353763394 -102 7.274400179584252
    endloop
  endfacet
  facet normal -0.9980267284282727 0 0.06279051952929687
    outer loop
      vertex -52.21419353763394 -103.1 7.274400179584252
      vertex -52.2 -102 7.5
      vertex -52.21419353763394 -102 7.274400179584252
    endloop
  endfacet
  facet normal -0.9980267284282727 0 0.06279051952929687
    outer loop
      vertex -52.21419353763394 -103.1 7.274400179584252
      vertex -52.2 -103.1 7.5
      vertex -52.2 -102 7.5
    endloop
  endfacet
  facet normal 0.9980267284282716 0 -0.06279051952931325
    outer loop
      vertex -55.8 -103.1 7.5
      vertex -55.8 -102 7.5
      vertex -55.79880817622921 -102 7.518943496370788
    endloop
  endfacet
  facet normal 0.9822872507286686 0 -0.1873813145858303
    outer loop
      vertex -55.78580646236606 -103.1 7.725599820415748
      vertex -55.78580646236606 -102 7.725599820415748
      vertex -55.78224978682652 -102 7.744244566532472
    endloop
  endfacet
  facet normal 0.9510565162950951 0 -0.30901699437512714
    outer loop
      vertex -55.74344969003154 -103.1 7.947641796896739
      vertex -55.74344969003154 -102 7.947641796896739
      vertex -55.73758425362116 -102 7.965693753975307
    endloop
  endfacet
  facet normal 0.9048270524659654 0 -0.4257792915651875
    outer loop
      vertex -55.67359767459885 -103.1 8.16262419483242
      vertex -55.67359767459885 -102 8.16262419483242
      vertex -55.66551597875367 -102 8.179798672725987
    endloop
  endfacet
  facet normal 0.8443279255020552 0 -0.5358267949789334
    outer loop
      vertex -55.577352024078955 -103.1 8.367156613383088
      vertex -55.577352024078955 -102 8.367156613383088
      vertex -55.56718152197022 -102 8.383182760315737
    endloop
  endfacet
  facet normal 0.7705132427757362 0 -0.6374239897487537
    outer loop
      vertex -55.456230589874906 -103.1 8.558013454126451
      vertex -55.456230589874906 -102 8.558013454126451
      vertex -55.44413167639643 -102 8.572638528187497
    endloop
  endfacet
  facet normal 0.6845471059285894 0 -0.7289686274215046
    outer loop
      vertex -55.31214352935854 -103.1 8.732184790671639
      vertex -55.31214352935854 -102 8.732184790671639
      vertex -55.29830701160343 -102 8.745178145706543
    endloop
  endfacet
  facet normal 0.5877852522924265 0 -0.8090169943749812
    outer loop
      vertex -55.14736318154764 -103.1 8.88692383699642
      vertex -55.14736318154764 -102 8.88692383699642
      vertex -55.13200726966642 -102 8.89808056003443
    endloop
  endfacet
  facet normal 0.4817536741016832 0 -0.8763066800438812
    outer loop
      vertex -54.964488230962196 -103.1 9.019790265903627
      vertex -54.964488230962196 -102 9.019790265903627
      vertex -54.94785509685841 -102 9.028934408757728
    endloop
  endfacet
  facet normal 0.3681245526846326 0 -0.9297764858882693
    outer loop
      vertex -54.766402724817134 -103.1 9.128688694438836
      vertex -54.766402724817134 -102 9.128688694438836
      vertex -54.748754682951756 -102 9.135676048513773
    endloop
  endfacet
  facet normal 0.24868988716483395 0 -0.9685831611286365
    outer loop
      vertex -54.55623058987491 -103.1 9.211901729331277
      vertex -54.55623058987491 -102 9.211901729331277
      vertex -54.53784596041058 -102 9.216622099879247
    endloop
  endfacet
  facet normal 0.12533323356429027 0 -0.9921147013144795
    outer loop
      vertex -54.337286366254304 -103.1 9.26811705131164
      vertex -54.337286366254304 -102 9.26811705131164
      vertex -54.31845508578013 -102 9.270495995269286
    endloop
  endfacet
  facet normal 0 0 -1
    outer loop
      vertex -54.11302293515276 -103.1 9.29644811117089
      vertex -54.11302293515276 -102 9.29644811117089
      vertex -54.09404198421108 -102 9.29644811117089
    endloop
  endfacet
  facet normal -0.12533323356429027 0 -0.9921147013144795
    outer loop
      vertex -53.88697706484724 -103.1 9.29644811117089
      vertex -53.88697706484724 -102 9.29644811117089
      vertex -53.86814578437306 -102 9.294069167213243
    endloop
  endfacet
  facet normal -0.9980267284282716 0 -0.06279051952931325
    outer loop
      vertex -52.21419353763394 -103.1 7.725599820415748
      vertex -52.21419353763394 -102 7.725599820415748
      vertex -52.21300171386315 -102 7.7066563240449595
    endloop
  endfacet
  facet normal -0.9822872507286686 0 -0.1873813145858303
    outer loop
      vertex -52.25655030996846 -103.1 7.947641796896739
      vertex -52.25655030996846 -102 7.947641796896739
      vertex -52.25299363442892 -102 7.928997050780015
    endloop
  endfacet
  facet normal -0.9510565162950996 0 -0.30901699437511343
    outer loop
      vertex -52.32640232540115 -103.1 8.16262419483242
      vertex -52.32640232540115 -102 8.16262419483242
      vertex -52.320536888990766 -102 8.14457223775385
    endloop
  endfacet
  facet normal -0.9048270524659654 0 -0.4257792915651875
    outer loop
      vertex -52.422647975921045 -103.1 8.367156613383088
      vertex -52.422647975921045 -102 8.367156613383088
      vertex -52.41456628007586 -102 8.34998213548952
    endloop
  endfacet
  facet normal -0.8443279255020552 0 -0.5358267949789334
    outer loop
      vertex -52.543769410125094 -103.1 8.558013454126451
      vertex -52.543769410125094 -102 8.558013454126451
      vertex -52.53359890801636 -102 8.541987307193802
    endloop
  endfacet
  facet normal -0.7705132427757362 0 -0.6374239897487537
    outer loop
      vertex -52.68785647064146 -103.1 8.73218479067164
      vertex -52.68785647064146 -102 8.73218479067164
      vertex -52.67575755716298 -102 8.717559716610594
    endloop
  endfacet
  facet normal -0.6845471059285894 0 -0.7289686274215046
    outer loop
      vertex -52.85263681845236 -103.1 8.88692383699642
      vertex -52.85263681845236 -102 8.88692383699642
      vertex -52.838800300697244 -102 8.873930481961516
    endloop
  endfacet
  facet normal -0.5877852522924265 0 -0.8090169943749812
    outer loop
      vertex -53.035511769037804 -103.1 9.019790265903627
      vertex -53.035511769037804 -102 9.019790265903627
      vertex -53.02015585715658 -102 9.008633542865617
    endloop
  endfacet
  facet normal -0.4817536741016832 0 -0.8763066800438812
    outer loop
      vertex -53.233597275182866 -103.1 9.128688694438836
      vertex -53.233597275182866 -102 9.128688694438836
      vertex -53.21696414107908 -102 9.119544551584735
    endloop
  endfacet
  facet normal -0.3681245526846326 0 -0.9297764858882693
    outer loop
      vertex -53.44376941012509 -103.1 9.211901729331277
      vertex -53.44376941012509 -102 9.211901729331277
      vertex -53.426121368259714 -102 9.20491437525634
    endloop
  endfacet
  facet normal -0.24868988716483395 0 -0.9685831611286365
    outer loop
      vertex -53.662713633745696 -103.1 9.26811705131164
      vertex -53.662713633745696 -102 9.26811705131164
      vertex -53.64432900428137 -102 9.26339668076367
    endloop
  endfacet
endsolid OpenSCAD_Model
