solid OpenSCAD_Model
  facet normal 0 -1 0
    outer loop
      vertex -0.12269986054916919 -1.950258435834777 -1.8327641819063265
      vertex 0.12269986054916919 -1.950258435834777 -1.7172358180936742
      vertex -0.12269986054916919 -1.950258435834777 -1.7312358180936744
    endloop
  endfacet
  facet normal 0 -1 0
    outer loop
      vertex -0.12269986054916919 -1.950258435834777 -1.1327641819063263
      vertex 0.12269986054916919 -1.950258435834777 -1.017235818093674
      vertex -0.12269986054916919 -1.950258435834777 -1.0312358180936743
    endloop
  endfacet
  facet normal 0 -1 0
    outer loop
      vertex -0.12269986054916919 -1.950258435834777 -0.4327641819063266
      vertex 0.12269986054916919 -1.950258435834777 -0.31723581809367385
      vertex -0.12269986054916919 -1.950258435834777 -0.3312358180936741
    endloop
  endfacet
  facet normal -0.48452571498971025 -0.5159674803200777 -0.7064080908128532
    outer loop
      vertex -1.1096246601958315 -1.0420069139203807 -2.7463026028703688
      vertex -0.9246872168298597 -0.8683390949336506 -3
      vertex -0.970276842403363 -1.1728632248767756 -2.7463026028703688
    endloop
  endfacet
  facet normal -0.7705132427757894 -0.6374239897486894 0
    outer loop
      vertex -1.1096246601958315 -1.0420069139203807 -2.7463026028703688
      vertex -1.1096246601958315 -1.0420069139203807 -2.6522899951086485
      vertex -1.2314730342393692 -0.8947175314667035 -2.7463026028703688
    endloop
  endfacet
  facet normal -0.7705132427757895 -0.6374239897486895 0
    outer loop
      vertex -1.1096246601958315 -1.0420069139203807 -2.6522899951086485
      vertex -1.1096246601958315 -1.0420069139203807 -2.580594702298069
      vertex -1.2314730342393692 -0.8947175314667035 -2.666289995108648
    endloop
  endfacet
  facet normal -0.6845471059286891 -0.7289686274214112 0
    outer loop
      vertex -1.1096246601958315 -1.0420069139203807 -2.7463026028703688
      vertex -0.970276842403363 -1.1728632248767756 -2.7463026028703688
      vertex -0.970276842403363 -1.1728632248767756 -2.6382899951086483
    endloop
  endfacet
  facet normal -0.684547105928689 -0.7289686274214112 0
    outer loop
      vertex -1.1096246601958315 -1.0420069139203807 -2.7463026028703688
      vertex -0.970276842403363 -1.1728632248767756 -2.6382899951086483
      vertex -1.1096246601958315 -1.0420069139203807 -2.6522899951086485
    endloop
  endfacet
  facet normal -0.7705132427757894 -0.6374239897486895 0
    outer loop
      vertex -1.1096246601958315 -1.0420069139203807 -2.580594702298069
      vertex -1.1096246601958315 -1.0420069139203807 -2.5514052977019315
      vertex -1.2314730342393692 -0.8947175314667035 -2.5945947022980693
    endloop
  endfacet
  facet normal -0.7705132427757895 -0.6374239897486895 0
    outer loop
      vertex -1.1096246601958315 -1.0420069139203807 -2.5514052977019315
      vertex -1.1096246601958315 -1.0420069139203807 -2.479710004891352
      vertex -1.2314730342393692 -0.8947175314667035 -2.5654052977019317
    endloop
  endfacet
  facet normal -0.684547105928689 -0.7289686274214112 0
    outer loop
      vertex -1.1096246601958315 -1.0420069139203807 -2.6522899951086485
      vertex -0.970276842403363 -1.1728632248767756 -2.6382899951086483
      vertex -0.970276842403363 -1.1728632248767756 -2.566594702298069
    endloop
  endfacet
  facet normal -0.6845471059286888 -0.7289686274214112 0
    outer loop
      vertex -1.1096246601958315 -1.0420069139203807 -2.580594702298069
      vertex -0.970276842403363 -1.1728632248767756 -2.566594702298069
      vertex -0.970276842403363 -1.1728632248767756 -2.5374052977019312
    endloop
  endfacet
  facet normal -0.684547105928689 -0.7289686274214112 0
    outer loop
      vertex -1.1096246601958315 -1.0420069139203807 -2.5514052977019315
      vertex -0.970276842403363 -1.1728632248767756 -2.5374052977019312
      vertex -0.970276842403363 -1.1728632248767756 -2.465710004891352
    endloop
  endfacet
  facet normal -0.684547105928689 -0.7289686274214112 0
    outer loop
      vertex -1.1096246601958315 -1.0420069139203807 -2.6522899951086485
      vertex -0.970276842403363 -1.1728632248767756 -2.566594702298069
      vertex -1.1096246601958315 -1.0420069139203807 -2.580594702298069
    endloop
  endfacet
  facet normal -0.6845471059286891 -0.7289686274214113 0
    outer loop
      vertex -1.1096246601958315 -1.0420069139203807 -2.580594702298069
      vertex -0.970276842403363 -1.1728632248767756 -2.5374052977019312
      vertex -1.1096246601958315 -1.0420069139203807 -2.5514052977019315
    endloop
  endfacet
  facet normal -0.684547105928689 -0.7289686274214112 0
    outer loop
      vertex -1.1096246601958315 -1.0420069139203807 -2.5514052977019315
      vertex -0.970276842403363 -1.1728632248767756 -2.465710004891352
      vertex -1.1096246601958315 -1.0420069139203807 -2.479710004891352
    endloop
  endfacet
  facet normal -0.7705132427757894 -0.6374239897486895 0
    outer loop
      vertex -1.1096246601958315 -1.0420069139203807 -2.479710004891352
      vertex -1.1096246601958315 -1.0420069139203807 -2.1661391134213854
      vertex -1.2314730342393692 -0.8947175314667035 -2.4937100048913514
    endloop
  endfacet
  facet normal -0.684547105928689 -0.7289686274214113 0
    outer loop
      vertex -1.1096246601958315 -1.0420069139203807 -2.479710004891352
      vertex -0.970276842403363 -1.1728632248767756 -2.465710004891352
      vertex -0.970276842403363 -1.1728632248767756 -2.152139113421385
    endloop
  endfacet
  facet normal -0.6845471059286891 -0.7289686274214113 0
    outer loop
      vertex -1.1096246601958315 -1.0420069139203807 -2.479710004891352
      vertex -0.970276842403363 -1.1728632248767756 -2.152139113421385
      vertex -1.1096246601958315 -1.0420069139203807 -2.1661391134213854
    endloop
  endfacet
  facet normal -0.7705132427757895 -0.6374239897486893 0
    outer loop
      vertex -1.5809117862987512 -1.1485996457709655 -1.9307641819063264
      vertex -1.424488116993034 -1.3376833806507191 -1.9167641819063261
      vertex -1.424488116993034 -1.3376833806507191 -1.815235818093674
    endloop
  endfacet
  facet normal -0.8443279255020153 -0.5358267949789965 0
    outer loop
      vertex -1.5809117862987512 -1.1485996457709655 -1.9307641819063264
      vertex -1.5809117862987512 -1.1485996457709655 -1.8292358180936743
      vertex -1.7124035323436124 -0.941401808337234 -1.9447641819063257
    endloop
  endfacet
  facet normal -0.8443279255020152 -0.5358267949789964 0
    outer loop
      vertex -1.5809117862987512 -1.1485996457709655 -1.8292358180936743
      vertex -1.7124035323436124 -0.941401808337234 -1.8432358180936745
      vertex -1.7124035323436124 -0.941401808337234 -1.9447641819063257
    endloop
  endfacet
  facet normal -0.7705132427757895 -0.6374239897486893 0
    outer loop
      vertex -1.5809117862987512 -1.1485996457709655 -1.9307641819063264
      vertex -1.424488116993034 -1.3376833806507191 -1.815235818093674
      vertex -1.5809117862987512 -1.1485996457709655 -1.8292358180936743
    endloop
  endfacet
  facet normal -0.45062206700200935 -0.22764846035985156 0.8632009796256175
    outer loop
      vertex -1.5809117862987512 -1.1485996457709655 -1.8292358180936743
      vertex -1.2314730342393692 -0.8947175314667035 -1.579860886578615
      vertex -1.7124035323436124 -0.941401808337234 -1.8432358180936745
    endloop
  endfacet
  facet normal -0.5877852522924727 -0.8090169943749477 0
    outer loop
      vertex -1.2455994191343815 -1.5056710495242935 -1.902764181906326
      vertex -1.0470668743509552 -1.6499133865025815 -1.8887641819063266
      vertex -1.0470668743509552 -1.6499133865025815 -1.7872358180936736
    endloop
  endfacet
  facet normal -0.5877852522924727 -0.8090169943749477 0
    outer loop
      vertex -1.2455994191343815 -1.5056710495242935 -1.902764181906326
      vertex -1.0470668743509552 -1.6499133865025815 -1.7872358180936736
      vertex -1.2455994191343815 -1.5056710495242935 -1.8012358180936738
    endloop
  endfacet
  facet normal -0.3351748142815013 -0.37754723233621235 0.8632009796256184
    outer loop
      vertex -1.2455994191343815 -1.5056710495242935 -1.8012358180936738
      vertex -1.0470668743509552 -1.6499133865025815 -1.7872358180936736
      vertex -0.8156271791909037 -1.2852227821423332 -1.5378608865786152
    endloop
  endfacet
  facet normal -0.6845471059286888 -0.7289686274214114 0
    outer loop
      vertex -1.2455994191343815 -1.5056710495242935 -1.902764181906326
      vertex -1.2455994191343815 -1.5056710495242935 -1.8012358180936738
      vertex -1.424488116993034 -1.3376833806507191 -1.9167641819063261
    endloop
  endfacet
  facet normal -0.30805433555567074 -0.39998324354743714 -0.8632009796256176
    outer loop
      vertex -1.2455994191343815 -1.5056710495242935 -1.902764181906326
      vertex -1.424488116993034 -1.3376833806507191 -1.9167641819063261
      vertex -1.1096246601958315 -1.0420069139203807 -2.1661391134213854
    endloop
  endfacet
  facet normal -0.34233814576542 -0.36548094498539263 -0.8655797322063857
    outer loop
      vertex -1.424488116993034 -1.3376833806507191 -1.9167641819063261
      vertex -1.2314730342393692 -0.8947175314667035 -2.1801391134213848
      vertex -1.1096246601958315 -1.0420069139203807 -2.1661391134213854
    endloop
  endfacet
  facet normal -0.355756428393782 -0.35821981021416544 -0.8632009796256184
    outer loop
      vertex -1.5809117862987512 -1.1485996457709655 -1.9307641819063264
      vertex -1.2314730342393692 -0.8947175314667035 -2.1801391134213848
      vertex -1.424488116993034 -1.3376833806507191 -1.9167641819063261
    endloop
  endfacet
  facet normal -0.2938317985934521 -0.40550536535150644 -0.8655797322063857
    outer loop
      vertex -1.2455994191343815 -1.5056710495242935 -1.902764181906326
      vertex -1.1096246601958315 -1.0420069139203807 -2.1661391134213854
      vertex -0.970276842403363 -1.1728632248767756 -2.152139113421385
    endloop
  endfacet
  facet normal -0.25549404182310725 -0.43543870219155556 -0.8632009796256177
    outer loop
      vertex -1.2455994191343815 -1.5056710495242935 -1.902764181906326
      vertex -0.970276842403363 -1.1728632248767756 -2.152139113421385
      vertex -1.0470668743509552 -1.6499133865025815 -1.8887641819063266
    endloop
  endfacet
  facet normal -0.6845471059286888 -0.7289686274214114 0
    outer loop
      vertex -1.2455994191343815 -1.5056710495242935 -1.8012358180936738
      vertex -1.424488116993034 -1.3376833806507191 -1.815235818093674
      vertex -1.424488116993034 -1.3376833806507191 -1.9167641819063261
    endloop
  endfacet
  facet normal -0.41853685975657456 -0.2823313050274063 0.8632009796256184
    outer loop
      vertex -1.5809117862987512 -1.1485996457709655 -1.8292358180936743
      vertex -1.424488116993034 -1.3376833806507191 -1.815235818093674
      vertex -1.1096246601958315 -1.0420069139203807 -1.5658608865786157
    endloop
  endfacet
  facet normal -0.42315504442978846 -0.26779009609607557 0.8655797322063857
    outer loop
      vertex -1.5809117862987512 -1.1485996457709655 -1.8292358180936743
      vertex -1.1096246601958315 -1.0420069139203807 -1.5658608865786157
      vertex -1.2314730342393692 -0.8947175314667035 -1.579860886578615
    endloop
  endfacet
  facet normal -0.37985107621097847 -0.3325616163581334 0.8632009796256184
    outer loop
      vertex -1.2455994191343815 -1.5056710495242935 -1.8012358180936738
      vertex -0.970276842403363 -1.1728632248767756 -1.5518608865786154
      vertex -1.424488116993034 -1.3376833806507191 -1.815235818093674
    endloop
  endfacet
  facet normal -0.3432641617993342 -0.36461135804815653 0.8655797322063863
    outer loop
      vertex -1.2455994191343815 -1.5056710495242935 -1.8012358180936738
      vertex -0.8156271791909037 -1.2852227821423332 -1.5378608865786152
      vertex -0.970276842403363 -1.1728632248767756 -1.5518608865786154
    endloop
  endfacet
  facet normal -0.3862553418539589 -0.31871388122076155 0.8655797322063863
    outer loop
      vertex -1.424488116993034 -1.3376833806507191 -1.815235818093674
      vertex -0.970276842403363 -1.1728632248767756 -1.5518608865786154
      vertex -1.1096246601958315 -1.0420069139203807 -1.5658608865786157
    endloop
  endfacet
  facet normal -0.7705132427757895 -0.6374239897486896 0
    outer loop
      vertex -1.1096246601958315 -1.0420069139203807 -1.5658608865786157
      vertex -1.1096246601958315 -1.0420069139203807 -1.4661391134213853
      vertex -1.2314730342393692 -0.8947175314667035 -1.579860886578615
    endloop
  endfacet
  facet normal -0.684547105928689 -0.7289686274214113 0
    outer loop
      vertex -1.1096246601958315 -1.0420069139203807 -1.5658608865786157
      vertex -0.970276842403363 -1.1728632248767756 -1.5518608865786154
      vertex -0.970276842403363 -1.1728632248767756 -1.452139113421385
    endloop
  endfacet
  facet normal -0.9822872507286885 -0.18738131458572554 0
    outer loop
      vertex -1.4743621612915423 -0.3785518623971119 -2.7463026028703688
      vertex -1.4743621612915423 -0.3785518623971119 -2.7082899951086485
      vertex -1.5101815042651463 -0.1907802907746243 -2.7463026028703688
    endloop
  endfacet
  facet normal -0.9822872507286885 -0.18738131458572554 0
    outer loop
      vertex -1.4743621612915423 -0.3785518623971119 -2.7082899951086485
      vertex -1.5101815042651463 -0.1907802907746243 -2.722289995108648
      vertex -1.5101815042651463 -0.1907802907746243 -2.7463026028703688
    endloop
  endfacet
  facet normal -0.9822872507286885 -0.18738131458572552 0
    outer loop
      vertex -1.4743621612915423 -0.3785518623971119 -2.7082899951086485
      vertex -1.4743621612915423 -0.3785518623971119 -2.636594702298069
      vertex -1.5101815042651463 -0.1907802907746243 -2.722289995108648
    endloop
  endfacet
  facet normal -0.9822872507286886 -0.18738131458572554 0
    outer loop
      vertex -1.4743621612915423 -0.3785518623971119 -2.636594702298069
      vertex -1.4743621612915423 -0.3785518623971119 -2.6074052977019315
      vertex -1.5101815042651463 -0.1907802907746243 -2.6505947022980685
    endloop
  endfacet
  facet normal -0.9822872507286885 -0.18738131458572554 0
    outer loop
      vertex -1.4743621612915423 -0.3785518623971119 -2.636594702298069
      vertex -1.5101815042651463 -0.1907802907746243 -2.6505947022980685
      vertex -1.5101815042651463 -0.1907802907746243 -2.722289995108648
    endloop
  endfacet
  facet normal -0.9822872507286885 -0.18738131458572554 0
    outer loop
      vertex -1.5101815042651463 -0.1907802907746243 -2.6505947022980685
      vertex -1.4743621612915423 -0.3785518623971119 -2.6074052977019315
      vertex -1.5101815042651463 -0.1907802907746243 -2.6214052977019318
    endloop
  endfacet
  facet normal -0.9980267284282716 -0.06279051952931339 0
    outer loop
      vertex -1.5101815042651463 -0.1907802907746243 -2.7463026028703688
      vertex -1.5101815042651463 -0.1907802907746243 -2.722289995108648
      vertex -1.5221843827777863 0 -2.7463026028703688
    endloop
  endfacet
  facet normal -0.9980267284282716 -0.06279051952931339 0
    outer loop
      vertex -1.5101815042651463 -0.1907802907746243 -2.722289995108648
      vertex -1.5101815042651463 -0.1907802907746243 -2.6505947022980685
      vertex -1.5221843827777863 0 -2.736289995108648
    endloop
  endfacet
  facet normal -0.9980267284282714 -0.06279051952931337 0
    outer loop
      vertex -1.5101815042651463 -0.1907802907746243 -2.6505947022980685
      vertex -1.5101815042651463 -0.1907802907746243 -2.6214052977019318
      vertex -1.5221843827777863 0 -2.6645947022980687
    endloop
  endfacet
  facet normal -0.9980267284282717 -0.0627905195293134 0
    outer loop
      vertex -1.5101815042651463 -0.1907802907746243 -2.722289995108648
      vertex -1.5221843827777863 0 -2.736289995108648
      vertex -1.5221843827777863 0 -2.7463026028703688
    endloop
  endfacet
  facet normal -0.9980267284282716 -0.0627905195293134 0
    outer loop
      vertex -1.5101815042651463 -0.1907802907746243 -2.6505947022980685
      vertex -1.5221843827777863 0 -2.6645947022980687
      vertex -1.5221843827777863 0 -2.736289995108648
    endloop
  endfacet
  facet normal -0.9980267284282716 -0.06279051952931339 0
    outer loop
      vertex -1.5101815042651463 -0.1907802907746243 -2.6214052977019318
      vertex -1.5221843827777863 0 -2.635405297701931
      vertex -1.5221843827777863 0 -2.6645947022980687
    endloop
  endfacet
  facet normal -0.9822872507286885 -0.18738131458572552 0
    outer loop
      vertex -1.4743621612915423 -0.3785518623971119 -2.6074052977019315
      vertex -1.4743621612915423 -0.3785518623971119 -2.535710004891352
      vertex -1.5101815042651463 -0.1907802907746243 -2.6214052977019318
    endloop
  endfacet
  facet normal -0.9822872507286885 -0.18738131458572554 0
    outer loop
      vertex -1.4743621612915423 -0.3785518623971119 -2.535710004891352
      vertex -1.5101815042651463 -0.1907802907746243 -2.5497100048913524
      vertex -1.5101815042651463 -0.1907802907746243 -2.6214052977019318
    endloop
  endfacet
  facet normal -0.9822872507286885 -0.18738131458572554 0
    outer loop
      vertex -1.4743621612915423 -0.3785518623971119 -2.535710004891352
      vertex -1.4743621612915423 -0.3785518623971119 -2.2221391134213846
      vertex -1.5101815042651463 -0.1907802907746243 -2.5497100048913524
    endloop
  endfacet
  facet normal -0.9822872507286885 -0.18738131458572554 0
    outer loop
      vertex -1.5101815042651463 -0.1907802907746243 -2.5497100048913524
      vertex -1.4743621612915423 -0.3785518623971119 -2.2221391134213846
      vertex -1.5101815042651463 -0.1907802907746243 -2.236139113421385
    endloop
  endfacet
  facet normal -0.9980267284282716 -0.06279051952931339 0
    outer loop
      vertex -1.5101815042651463 -0.1907802907746243 -2.6214052977019318
      vertex -1.5101815042651463 -0.1907802907746243 -2.5497100048913524
      vertex -1.5221843827777863 0 -2.635405297701931
    endloop
  endfacet
  facet normal -0.9980267284282716 -0.06279051952931339 0
    outer loop
      vertex -1.5101815042651463 -0.1907802907746243 -2.5497100048913524
      vertex -1.5101815042651463 -0.1907802907746243 -2.236139113421385
      vertex -1.5221843827777863 0 -2.5637100048913517
    endloop
  endfacet
  facet normal -0.9980267284282716 -0.06279051952931339 0
    outer loop
      vertex -1.5101815042651463 -0.1907802907746243 -2.5497100048913524
      vertex -1.5221843827777863 0 -2.5637100048913517
      vertex -1.5221843827777863 0 -2.635405297701931
    endloop
  endfacet
  facet normal -0.9980267284282716 -0.06279051952931339 0
    outer loop
      vertex -1.5101815042651463 -0.1907802907746243 -2.236139113421385
      vertex -1.5221843827777863 0 -2.250139113421385
      vertex -1.5221843827777863 0 -2.5637100048913517
    endloop
  endfacet
  facet normal -0.597619343134378 -0.37926076773873424 -0.7064080908128533
    outer loop
      vertex -1.2314730342393692 -0.8947175314667035 -2.7463026028703688
      vertex -1.3339003428866194 -0.7333179190634505 -2.7463026028703688
      vertex -1.1115836190721828 -0.6110982658862087 -3
    endloop
  endfacet
  facet normal -0.8443279255020151 -0.5358267949789968 0
    outer loop
      vertex -1.2314730342393692 -0.8947175314667035 -2.7463026028703688
      vertex -1.2314730342393692 -0.8947175314667035 -2.666289995108648
      vertex -1.3339003428866194 -0.7333179190634505 -2.7463026028703688
    endloop
  endfacet
  facet normal -0.844327925502015 -0.5358267949789967 0
    outer loop
      vertex -1.2314730342393692 -0.8947175314667035 -2.666289995108648
      vertex -1.3339003428866194 -0.7333179190634505 -2.680289995108648
      vertex -1.3339003428866194 -0.7333179190634505 -2.7463026028703688
    endloop
  endfacet
  facet normal -0.8443279255020151 -0.5358267949789967 0
    outer loop
      vertex -1.3339003428866194 -0.7333179190634505 -2.680289995108648
      vertex -1.2314730342393692 -0.8947175314667035 -2.5945947022980693
      vertex -1.3339003428866194 -0.7333179190634505 -2.6085947022980687
    endloop
  endfacet
  facet normal -0.8443279255020151 -0.5358267949789967 0
    outer loop
      vertex -1.2314730342393692 -0.8947175314667035 -2.666289995108648
      vertex -1.2314730342393692 -0.8947175314667035 -2.5945947022980693
      vertex -1.3339003428866194 -0.7333179190634505 -2.680289995108648
    endloop
  endfacet
  facet normal -0.6404409144982938 -0.30136861858980757 -0.7064080908128534
    outer loop
      vertex -1.3339003428866194 -0.7333179190634505 -2.7463026028703688
      vertex -1.4152912462931073 -0.5603534450136751 -2.7463026028703688
      vertex -1.1115836190721828 -0.6110982658862087 -3
    endloop
  endfacet
  facet normal -0.6404409144982937 -0.30136861858980696 -0.7064080908128535
    outer loop
      vertex -1.4152912462931073 -0.5603534450136751 -2.7463026028703688
      vertex -1.1794093719109227 -0.4669612041780626 -3
      vertex -1.1115836190721828 -0.6110982658862087 -3
    endloop
  endfacet
  facet normal -0.9048270524660189 -0.4257792915650737 0
    outer loop
      vertex -1.3339003428866194 -0.7333179190634505 -2.7463026028703688
      vertex -1.3339003428866194 -0.7333179190634505 -2.680289995108648
      vertex -1.4152912462931073 -0.5603534450136751 -2.7463026028703688
    endloop
  endfacet
  facet normal -0.9048270524660189 -0.4257792915650737 0
    outer loop
      vertex -1.3339003428866194 -0.7333179190634505 -2.680289995108648
      vertex -1.3339003428866194 -0.7333179190634505 -2.6085947022980687
      vertex -1.4152912462931073 -0.5603534450136751 -2.6942899951086483
    endloop
  endfacet
  facet normal -0.904827052466019 -0.42577929156507377 0
    outer loop
      vertex -1.3339003428866194 -0.7333179190634505 -2.680289995108648
      vertex -1.4152912462931073 -0.5603534450136751 -2.6942899951086483
      vertex -1.4152912462931073 -0.5603534450136751 -2.7463026028703688
    endloop
  endfacet
  facet normal -0.9048270524660189 -0.4257792915650737 0
    outer loop
      vertex -1.4152912462931073 -0.5603534450136751 -2.6942899951086483
      vertex -1.3339003428866194 -0.7333179190634505 -2.6085947022980687
      vertex -1.4152912462931073 -0.5603534450136751 -2.622594702298069
    endloop
  endfacet
  facet normal -0.9510565162951542 -0.3090169943749457 0
    outer loop
      vertex -1.4743621612915423 -0.3785518623971119 -2.7463026028703688
      vertex -1.4152912462931073 -0.5603534450136751 -2.7463026028703688
      vertex -1.4152912462931073 -0.5603534450136751 -2.6942899951086483
    endloop
  endfacet
  facet normal -0.9510565162951541 -0.30901699437494573 0
    outer loop
      vertex -1.4743621612915423 -0.3785518623971119 -2.7082899951086485
      vertex -1.4152912462931073 -0.5603534450136751 -2.6942899951086483
      vertex -1.4152912462931073 -0.5603534450136751 -2.622594702298069
    endloop
  endfacet
  facet normal -0.5453729577287422 -0.45117174802102095 -0.7064080908128532
    outer loop
      vertex -1.1096246601958315 -1.0420069139203807 -2.7463026028703688
      vertex -1.2314730342393692 -0.8947175314667035 -2.7463026028703688
      vertex -1.0262275285328077 -0.7455979428889197 -3
    endloop
  endfacet
  facet normal -0.5976193431343785 -0.3792607677387339 -0.706408090812853
    outer loop
      vertex -1.2314730342393692 -0.8947175314667035 -2.7463026028703688
      vertex -1.1115836190721828 -0.6110982658862087 -3
      vertex -1.0262275285328077 -0.7455979428889197 -3
    endloop
  endfacet
  facet normal -0.5453729577287418 -0.451171748021021 -0.7064080908128533
    outer loop
      vertex -1.1096246601958315 -1.0420069139203807 -2.7463026028703688
      vertex -1.0262275285328077 -0.7455979428889197 -3
      vertex -0.9246872168298597 -0.8683390949336506 -3
    endloop
  endfacet
  facet normal -0.7705132427757895 -0.6374239897486894 0
    outer loop
      vertex -1.1096246601958315 -1.0420069139203807 -2.6522899951086485
      vertex -1.2314730342393692 -0.8947175314667035 -2.666289995108648
      vertex -1.2314730342393692 -0.8947175314667035 -2.7463026028703688
    endloop
  endfacet
  facet normal -0.844327925502015 -0.5358267949789965 0
    outer loop
      vertex -1.2314730342393692 -0.8947175314667035 -2.5654052977019317
      vertex -1.3339003428866194 -0.7333179190634505 -2.579405297701932
      vertex -1.3339003428866194 -0.7333179190634505 -2.6085947022980687
    endloop
  endfacet
  facet normal -0.8443279255020151 -0.5358267949789967 0
    outer loop
      vertex -1.2314730342393692 -0.8947175314667035 -2.5945947022980693
      vertex -1.2314730342393692 -0.8947175314667035 -2.5654052977019317
      vertex -1.3339003428866194 -0.7333179190634505 -2.6085947022980687
    endloop
  endfacet
  facet normal -0.8443279255020151 -0.5358267949789967 0
    outer loop
      vertex -1.2314730342393692 -0.8947175314667035 -2.5654052977019317
      vertex -1.2314730342393692 -0.8947175314667035 -2.4937100048913514
      vertex -1.3339003428866194 -0.7333179190634505 -2.579405297701932
    endloop
  endfacet
  facet normal -0.844327925502015 -0.5358267949789967 0
    outer loop
      vertex -1.2314730342393692 -0.8947175314667035 -2.4937100048913514
      vertex -1.3339003428866194 -0.7333179190634505 -2.5077100048913517
      vertex -1.3339003428866194 -0.7333179190634505 -2.579405297701932
    endloop
  endfacet
  facet normal -0.844327925502015 -0.5358267949789967 0
    outer loop
      vertex -1.2314730342393692 -0.8947175314667035 -2.4937100048913514
      vertex -1.2314730342393692 -0.8947175314667035 -2.1801391134213848
      vertex -1.3339003428866194 -0.7333179190634505 -2.5077100048913517
    endloop
  endfacet
  facet normal -0.844327925502015 -0.5358267949789967 0
    outer loop
      vertex -1.3339003428866194 -0.7333179190634505 -2.5077100048913517
      vertex -1.2314730342393692 -0.8947175314667035 -2.1801391134213848
      vertex -1.3339003428866194 -0.7333179190634505 -2.194139113421385
    endloop
  endfacet
  facet normal -0.9048270524660189 -0.42577929156507377 0
    outer loop
      vertex -1.3339003428866194 -0.7333179190634505 -2.6085947022980687
      vertex -1.3339003428866194 -0.7333179190634505 -2.579405297701932
      vertex -1.4152912462931073 -0.5603534450136751 -2.622594702298069
    endloop
  endfacet
  facet normal -0.904827052466019 -0.4257792915650737 0
    outer loop
      vertex -1.3339003428866194 -0.7333179190634505 -2.579405297701932
      vertex -1.3339003428866194 -0.7333179190634505 -2.5077100048913517
      vertex -1.4152912462931073 -0.5603534450136751 -2.5934052977019313
    endloop
  endfacet
  facet normal -0.904827052466019 -0.4257792915650737 0
    outer loop
      vertex -1.3339003428866194 -0.7333179190634505 -2.579405297701932
      vertex -1.4152912462931073 -0.5603534450136751 -2.5934052977019313
      vertex -1.4152912462931073 -0.5603534450136751 -2.622594702298069
    endloop
  endfacet
  facet normal -0.9048270524660189 -0.4257792915650737 0
    outer loop
      vertex -1.3339003428866194 -0.7333179190634505 -2.5077100048913517
      vertex -1.4152912462931073 -0.5603534450136751 -2.521710004891352
      vertex -1.4152912462931073 -0.5603534450136751 -2.5934052977019313
    endloop
  endfacet
  facet normal -0.9510565162951541 -0.3090169943749457 0
    outer loop
      vertex -1.4743621612915423 -0.3785518623971119 -2.636594702298069
      vertex -1.4152912462931073 -0.5603534450136751 -2.622594702298069
      vertex -1.4152912462931073 -0.5603534450136751 -2.5934052977019313
    endloop
  endfacet
  facet normal -0.9510565162951541 -0.30901699437494573 0
    outer loop
      vertex -1.4743621612915423 -0.3785518623971119 -2.6074052977019315
      vertex -1.4152912462931073 -0.5603534450136751 -2.5934052977019313
      vertex -1.4152912462931073 -0.5603534450136751 -2.521710004891352
    endloop
  endfacet
  facet normal -0.904827052466019 -0.4257792915650737 0
    outer loop
      vertex -1.3339003428866194 -0.7333179190634505 -2.5077100048913517
      vertex -1.3339003428866194 -0.7333179190634505 -2.194139113421385
      vertex -1.4152912462931073 -0.5603534450136751 -2.521710004891352
    endloop
  endfacet
  facet normal -0.904827052466019 -0.4257792915650737 0
    outer loop
      vertex -1.4152912462931073 -0.5603534450136751 -2.521710004891352
      vertex -1.3339003428866194 -0.7333179190634505 -2.194139113421385
      vertex -1.4152912462931073 -0.5603534450136751 -2.2081391134213852
    endloop
  endfacet
  facet normal -0.9510565162951541 -0.30901699437494573 0
    outer loop
      vertex -1.4743621612915423 -0.3785518623971119 -2.535710004891352
      vertex -1.4152912462931073 -0.5603534450136751 -2.521710004891352
      vertex -1.4152912462931073 -0.5603534450136751 -2.2081391134213852
    endloop
  endfacet
  facet normal -0.7705132427757895 -0.6374239897486895 0
    outer loop
      vertex -1.1096246601958315 -1.0420069139203807 -2.580594702298069
      vertex -1.2314730342393692 -0.8947175314667035 -2.5945947022980693
      vertex -1.2314730342393692 -0.8947175314667035 -2.666289995108648
    endloop
  endfacet
  facet normal -0.7705132427757894 -0.6374239897486895 0
    outer loop
      vertex -1.1096246601958315 -1.0420069139203807 -2.5514052977019315
      vertex -1.2314730342393692 -0.8947175314667035 -2.5654052977019317
      vertex -1.2314730342393692 -0.8947175314667035 -2.5945947022980693
    endloop
  endfacet
  facet normal -0.7705132427757895 -0.6374239897486895 0
    outer loop
      vertex -1.1096246601958315 -1.0420069139203807 -2.479710004891352
      vertex -1.2314730342393692 -0.8947175314667035 -2.4937100048913514
      vertex -1.2314730342393692 -0.8947175314667035 -2.5654052977019317
    endloop
  endfacet
  facet normal -0.7705132427757894 -0.6374239897486895 0
    outer loop
      vertex -1.1096246601958315 -1.0420069139203807 -2.1661391134213854
      vertex -1.2314730342393692 -0.8947175314667035 -2.1801391134213848
      vertex -1.2314730342393692 -0.8947175314667035 -2.4937100048913514
    endloop
  endfacet
  facet normal -0.6731623500597145 -0.21872370629683044 -0.706408090812853
    outer loop
      vertex -1.4743621612915423 -0.3785518623971119 -2.7463026028703688
      vertex -1.2286351344096187 -0.3154598853309266 -3
      vertex -1.4152912462931073 -0.5603534450136751 -2.7463026028703688
    endloop
  endfacet
  facet normal -0.6731623500597139 -0.21872370629683124 -0.7064080908128536
    outer loop
      vertex -1.4152912462931073 -0.5603534450136751 -2.7463026028703688
      vertex -1.2286351344096187 -0.3154598853309266 -3
      vertex -1.1794093719109227 -0.4669612041780626 -3
    endloop
  endfacet
  facet normal -0.6952676132329965 -0.13262939049634614 -0.706408090812853
    outer loop
      vertex -1.4743621612915423 -0.3785518623971119 -2.7463026028703688
      vertex -1.2584845868876218 -0.15898357564552024 -3
      vertex -1.2286351344096187 -0.3154598853309266 -3
    endloop
  endfacet
  facet normal -0.9510565162951541 -0.3090169943749457 0
    outer loop
      vertex -1.4743621612915423 -0.3785518623971119 -2.7463026028703688
      vertex -1.4152912462931073 -0.5603534450136751 -2.6942899951086483
      vertex -1.4743621612915423 -0.3785518623971119 -2.7082899951086485
    endloop
  endfacet
  facet normal -0.9510565162951542 -0.3090169943749457 0
    outer loop
      vertex -1.4743621612915423 -0.3785518623971119 -2.7082899951086485
      vertex -1.4152912462931073 -0.5603534450136751 -2.622594702298069
      vertex -1.4743621612915423 -0.3785518623971119 -2.636594702298069
    endloop
  endfacet
  facet normal -0.6952676132329959 -0.13262939049634723 -0.7064080908128534
    outer loop
      vertex -1.4743621612915423 -0.3785518623971119 -2.7463026028703688
      vertex -1.5101815042651463 -0.1907802907746243 -2.7463026028703688
      vertex -1.2584845868876218 -0.15898357564552024 -3
    endloop
  endfacet
  facet normal -0.7064080908128535 -0.044443429978777524 -0.7064080908128536
    outer loop
      vertex -1.5101815042651463 -0.1907802907746243 -2.7463026028703688
      vertex -1.2684869856481553 0 -3
      vertex -1.2584845868876218 -0.15898357564552024 -3
    endloop
  endfacet
  facet normal -0.7064080908128538 -0.044443429978776705 -0.7064080908128533
    outer loop
      vertex -1.5101815042651463 -0.1907802907746243 -2.7463026028703688
      vertex -1.5221843827777863 0 -2.7463026028703688
      vertex -1.2684869856481553 0 -3
    endloop
  endfacet
  facet normal -0.9510565162951541 -0.3090169943749457 0
    outer loop
      vertex -1.4743621612915423 -0.3785518623971119 -2.636594702298069
      vertex -1.4152912462931073 -0.5603534450136751 -2.5934052977019313
      vertex -1.4743621612915423 -0.3785518623971119 -2.6074052977019315
    endloop
  endfacet
  facet normal -0.9510565162951542 -0.3090169943749457 0
    outer loop
      vertex -1.4743621612915423 -0.3785518623971119 -2.6074052977019315
      vertex -1.4152912462931073 -0.5603534450136751 -2.521710004891352
      vertex -1.4743621612915423 -0.3785518623971119 -2.535710004891352
    endloop
  endfacet
  facet normal -0.9510565162951542 -0.30901699437494573 0
    outer loop
      vertex -1.4743621612915423 -0.3785518623971119 -2.535710004891352
      vertex -1.4152912462931073 -0.5603534450136751 -2.2081391134213852
      vertex -1.4743621612915423 -0.3785518623971119 -2.2221391134213846
    endloop
  endfacet
  facet normal -0.904827052466019 -0.4257792915650737 0
    outer loop
      vertex -1.7124035323436124 -0.941401808337234 -1.9447641819063257
      vertex -1.7124035323436124 -0.941401808337234 -1.8432358180936745
      vertex -1.8168896517431292 -0.7193575020198422 -1.958764181906326
    endloop
  endfacet
  facet normal -0.904827052466019 -0.42577929156507377 0
    outer loop
      vertex -1.8168896517431292 -0.7193575020198422 -1.958764181906326
      vertex -1.7124035323436124 -0.941401808337234 -1.8432358180936745
      vertex -1.8168896517431292 -0.7193575020198422 -1.8572358180936739
    endloop
  endfacet
  facet normal -0.951056516295154 -0.3090169943749463 0
    outer loop
      vertex -1.8168896517431292 -0.7193575020198422 -1.958764181906326
      vertex -1.8168896517431292 -0.7193575020198422 -1.8572358180936739
      vertex -1.8927223359773873 -0.48596849817225585 -1.9727641819063262
    endloop
  endfacet
  facet normal -0.951056516295154 -0.30901699437494623 0
    outer loop
      vertex -1.8168896517431292 -0.7193575020198422 -1.8572358180936739
      vertex -1.8927223359773873 -0.48596849817225585 -1.8712358180936741
      vertex -1.8927223359773873 -0.48596849817225585 -1.9727641819063262
    endloop
  endfacet
  facet normal -0.46264346922200605 -0.20210168024932307 -0.8632009796256184
    outer loop
      vertex -1.8168896517431292 -0.7193575020198422 -1.958764181906326
      vertex -1.8927223359773873 -0.48596849817225585 -1.9727641819063262
      vertex -1.4743621612915423 -0.3785518623971119 -2.2221391134213846
    endloop
  endfacet
  facet normal -0.4224743783697043 -0.26886265418360705 -0.8655797322063855
    outer loop
      vertex -1.7124035323436124 -0.941401808337234 -1.9447641819063257
      vertex -1.4152912462931073 -0.5603534450136751 -2.2081391134213852
      vertex -1.3339003428866194 -0.7333179190634505 -2.194139113421385
    endloop
  endfacet
  facet normal -0.43366533018785836 -0.2584926501207144 -0.8632009796256175
    outer loop
      vertex -1.7124035323436124 -0.941401808337234 -1.9447641819063257
      vertex -1.8168896517431292 -0.7193575020198422 -1.958764181906326
      vertex -1.4152912462931073 -0.5603534450136751 -2.2081391134213852
    endloop
  endfacet
  facet normal -0.397848029837538 -0.3108070364836733 -0.8632009796256177
    outer loop
      vertex -1.5809117862987512 -1.1485996457709655 -1.9307641819063264
      vertex -1.7124035323436124 -0.941401808337234 -1.9447641819063257
      vertex -1.3339003428866194 -0.7333179190634505 -2.194139113421385
    endloop
  endfacet
  facet normal -0.4528404675427936 -0.21379251191083784 -0.8655797322063857
    outer loop
      vertex -1.8168896517431292 -0.7193575020198422 -1.958764181906326
      vertex -1.4743621612915423 -0.3785518623971119 -2.2221391134213846
      vertex -1.4152912462931073 -0.5603534450136751 -2.2081391134213852
    endloop
  endfacet
  facet normal -0.47560069506224495 -0.16937546348182614 0.8632009796256177
    outer loop
      vertex -1.7124035323436124 -0.941401808337234 -1.8432358180936745
      vertex -1.3339003428866194 -0.7333179190634505 -1.5938608865786152
      vertex -1.8168896517431292 -0.7193575020198422 -1.8572358180936739
    endloop
  endfacet
  facet normal -0.49307881605126735 -0.10843131436468668 0.8632009796256183
    outer loop
      vertex -1.8168896517431292 -0.7193575020198422 -1.8572358180936739
      vertex -1.4152912462931073 -0.5603534450136751 -1.6078608865786155
      vertex -1.8927223359773873 -0.48596849817225585 -1.8712358180936741
    endloop
  endfacet
  facet normal -0.4764575393633295 -0.15414259754319004 0.8655797322063864
    outer loop
      vertex -1.8168896517431292 -0.7193575020198422 -1.8572358180936739
      vertex -1.3339003428866194 -0.7333179190634505 -1.5938608865786152
      vertex -1.4152912462931073 -0.5603534450136751 -1.6078608865786155
    endloop
  endfacet
  facet normal -0.484325444376711 -0.14252344615071025 -0.8632009796256184
    outer loop
      vertex -1.8927223359773873 -0.48596849817225585 -1.9727641819063262
      vertex -1.938705658315764 -0.24491548080498307 -1.9867641819063264
      vertex -1.5101815042651463 -0.1907802907746243 -2.236139113421385
    endloop
  endfacet
  facet normal -0.9822872507286886 -0.18738131458572513 0
    outer loop
      vertex -1.8927223359773873 -0.48596849817225585 -1.9727641819063262
      vertex -1.8927223359773873 -0.48596849817225585 -1.8712358180936741
      vertex -1.938705658315764 -0.24491548080498307 -1.9867641819063264
    endloop
  endfacet
  facet normal -0.9822872507286886 -0.18738131458572513 0
    outer loop
      vertex -1.938705658315764 -0.24491548080498307 -1.9867641819063264
      vertex -1.8927223359773873 -0.48596849817225585 -1.8712358180936741
      vertex -1.938705658315764 -0.24491548080498307 -1.8852358180936744
    endloop
  endfacet
  facet normal -0.4983693179515989 -0.08069753216692012 -0.8632009796256183
    outer loop
      vertex -1.938705658315764 -0.24491548080498307 -1.9867641819063264
      vertex -1.9541144342958772 0 -2.0007641819063267
      vertex -1.5221843827777863 0 -2.250139113421385
    endloop
  endfacet
  facet normal -0.9980267284282716 -0.06279051952931333 0
    outer loop
      vertex -1.938705658315764 -0.24491548080498307 -1.9867641819063264
      vertex -1.938705658315764 -0.24491548080498307 -1.8852358180936744
      vertex -1.9541144342958772 0 -2.0007641819063267
    endloop
  endfacet
  facet normal -0.9980267284282716 -0.06279051952931332 0
    outer loop
      vertex -1.938705658315764 -0.24491548080498307 -1.8852358180936744
      vertex -1.9541144342958772 0 -1.8992358180936737
      vertex -1.9541144342958772 0 -2.0007641819063267
    endloop
  endfacet
  facet normal -0.4760649920289448 -0.15535073401178798 -0.8655797322063864
    outer loop
      vertex -1.8927223359773873 -0.48596849817225585 -1.9727641819063262
      vertex -1.5101815042651463 -0.1907802907746243 -2.236139113421385
      vertex -1.4743621612915423 -0.3785518623971119 -2.2221391134213846
    endloop
  endfacet
  facet normal -0.4917816872033613 -0.09445898223533726 -0.8655797322063863
    outer loop
      vertex -1.938705658315764 -0.24491548080498307 -1.9867641819063264
      vertex -1.5221843827777863 0 -2.250139113421385
      vertex -1.5101815042651463 -0.1907802907746243 -2.236139113421385
    endloop
  endfacet
  facet normal -0.5027807895601543 -0.045777138646294575 0.8632009796256176
    outer loop
      vertex -1.938705658315764 -0.24491548080498307 -1.8852358180936744
      vertex -1.8927223359773873 -0.48596849817225585 -1.8712358180936741
      vertex -1.4743621612915423 -0.3785518623971119 -1.6218608865786148
    endloop
  endfacet
  facet normal -0.5045536096709898 0.01759896989448561 0.8632009796256185
    outer loop
      vertex -1.938705658315764 -0.24491548080498307 -1.8852358180936744
      vertex -1.5101815042651463 -0.1907802907746243 -1.635860886578616
      vertex -1.9541144342958772 0 -1.8992358180936737
    endloop
  endfacet
  facet normal -0.4920197195345706 -0.09321117305690442 0.8655797322063856
    outer loop
      vertex -1.8927223359773873 -0.48596849817225585 -1.8712358180936741
      vertex -1.4152912462931073 -0.5603534450136751 -1.6078608865786155
      vertex -1.4743621612915423 -0.3785518623971119 -1.6218608865786148
    endloop
  endfacet
  facet normal -0.4998224548104168 -0.030809752689846474 0.8655797322063863
    outer loop
      vertex -1.938705658315764 -0.24491548080498307 -1.8852358180936744
      vertex -1.4743621612915423 -0.3785518623971119 -1.6218608865786148
      vertex -1.5101815042651463 -0.1907802907746243 -1.635860886578616
    endloop
  endfacet
  facet normal -0.9822872507286884 -0.18738131458572552 0
    outer loop
      vertex -1.4743621612915423 -0.3785518623971119 -1.6218608865786148
      vertex -1.4743621612915423 -0.3785518623971119 -1.5221391134213853
      vertex -1.5101815042651463 -0.1907802907746243 -1.635860886578616
    endloop
  endfacet
  facet normal -0.9822872507286886 -0.18738131458572554 0
    outer loop
      vertex -1.4743621612915423 -0.3785518623971119 -1.5221391134213853
      vertex -1.5101815042651463 -0.1907802907746243 -1.5361391134213846
      vertex -1.5101815042651463 -0.1907802907746243 -1.635860886578616
    endloop
  endfacet
  facet normal -0.4997426913944409 0.03207755588197059 0.8655797322063865
    outer loop
      vertex -1.5101815042651463 -0.1907802907746243 -1.635860886578616
      vertex -1.5221843827777863 0 -1.6498608865786153
      vertex -1.9541144342958772 0 -1.8992358180936737
    endloop
  endfacet
  facet normal -0.9980267284282716 -0.06279051952931339 0
    outer loop
      vertex -1.5101815042651463 -0.1907802907746243 -1.635860886578616
      vertex -1.5101815042651463 -0.1907802907746243 -1.5361391134213846
      vertex -1.5221843827777863 0 -1.6498608865786153
    endloop
  endfacet
  facet normal -0.9980267284282716 -0.06279051952931339 0
    outer loop
      vertex -1.5101815042651463 -0.1907802907746243 -1.5361391134213846
      vertex -1.5221843827777863 0 -1.5501391134213849
      vertex -1.5221843827777863 0 -1.6498608865786153
    endloop
  endfacet
  facet normal -0.38544561587576504 -0.3196926717891305 -0.8655797322063864
    outer loop
      vertex -1.5809117862987512 -1.1485996457709655 -1.9307641819063264
      vertex -1.3339003428866194 -0.7333179190634505 -2.194139113421385
      vertex -1.2314730342393692 -0.8947175314667035 -2.1801391134213848
    endloop
  endfacet
  facet normal -0.45338133917439305 -0.21264310118589771 0.8655797322063855
    outer loop
      vertex -1.7124035323436124 -0.941401808337234 -1.8432358180936745
      vertex -1.2314730342393692 -0.8947175314667035 -1.579860886578615
      vertex -1.3339003428866194 -0.7333179190634505 -1.5938608865786152
    endloop
  endfacet
  facet normal -0.8443279255020151 -0.5358267949789967 0
    outer loop
      vertex -1.3339003428866194 -0.7333179190634505 -1.5938608865786152
      vertex -1.2314730342393692 -0.8947175314667035 -1.4801391134213855
      vertex -1.3339003428866194 -0.7333179190634505 -1.4941391134213848
    endloop
  endfacet
  facet normal -0.8443279255020152 -0.5358267949789967 0
    outer loop
      vertex -1.2314730342393692 -0.8947175314667035 -1.579860886578615
      vertex -1.2314730342393692 -0.8947175314667035 -1.4801391134213855
      vertex -1.3339003428866194 -0.7333179190634505 -1.5938608865786152
    endloop
  endfacet
  facet normal -0.9048270524660191 -0.42577929156507377 0
    outer loop
      vertex -1.3339003428866194 -0.7333179190634505 -1.5938608865786152
      vertex -1.3339003428866194 -0.7333179190634505 -1.4941391134213848
      vertex -1.4152912462931073 -0.5603534450136751 -1.6078608865786155
    endloop
  endfacet
  facet normal -0.9048270524660191 -0.42577929156507377 0
    outer loop
      vertex -1.4152912462931073 -0.5603534450136751 -1.6078608865786155
      vertex -1.3339003428866194 -0.7333179190634505 -1.4941391134213848
      vertex -1.4152912462931073 -0.5603534450136751 -1.508139113421385
    endloop
  endfacet
  facet normal -0.9510565162951541 -0.30901699437494573 0
    outer loop
      vertex -1.4743621612915423 -0.3785518623971119 -1.6218608865786148
      vertex -1.4152912462931073 -0.5603534450136751 -1.6078608865786155
      vertex -1.4152912462931073 -0.5603534450136751 -1.508139113421385
    endloop
  endfacet
  facet normal -0.7705132427757894 -0.6374239897486894 0
    outer loop
      vertex -1.2314730342393692 -0.8947175314667035 -1.579860886578615
      vertex -1.1096246601958315 -1.0420069139203807 -1.4661391134213853
      vertex -1.2314730342393692 -0.8947175314667035 -1.4801391134213855
    endloop
  endfacet
  facet normal -0.9510565162951542 -0.3090169943749457 0
    outer loop
      vertex -1.4743621612915423 -0.3785518623971119 -1.6218608865786148
      vertex -1.4152912462931073 -0.5603534450136751 -1.508139113421385
      vertex -1.4743621612915423 -0.3785518623971119 -1.5221391134213853
    endloop
  endfacet
  facet normal -0.587785252292472 -0.809016994374948 0
    outer loop
      vertex -0.8156271791909037 -1.2852227821423332 -2.7463026028703688
      vertex -0.8156271791909037 -1.2852227821423332 -2.624289995108648
      vertex -0.970276842403363 -1.1728632248767756 -2.7463026028703688
    endloop
  endfacet
  facet normal -0.4817536741017159 -0.8763066800438634 0
    outer loop
      vertex -0.8156271791909037 -1.2852227821423332 -2.7463026028703688
      vertex -0.6481145881305429 -1.3773136083786317 -2.610289995108648
      vertex -0.8156271791909037 -1.2852227821423332 -2.624289995108648
    endloop
  endfacet
  facet normal -0.4845257149897102 -0.5159674803200777 -0.7064080908128532
    outer loop
      vertex -0.8085640353361359 -0.9773860207306464 -3
      vertex -0.970276842403363 -1.1728632248767756 -2.7463026028703688
      vertex -0.9246872168298597 -0.8683390949336506 -3
    endloop
  endfacet
  facet normal -0.41603721228365753 -0.5726260972304553 -0.706408090812853
    outer loop
      vertex -0.8156271791909037 -1.2852227821423332 -2.7463026028703688
      vertex -0.970276842403363 -1.1728632248767756 -2.7463026028703688
      vertex -0.6796893159924198 -1.0710189851186112 -3
    endloop
  endfacet
  facet normal -0.4160372122836578 -0.5726260972304549 -0.7064080908128533
    outer loop
      vertex -0.8085640353361359 -0.9773860207306464 -3
      vertex -0.6796893159924198 -1.0710189851186112 -3
      vertex -0.970276842403363 -1.1728632248767756 -2.7463026028703688
    endloop
  endfacet
  facet normal -0.5877852522924722 -0.8090169943749482 0
    outer loop
      vertex -0.970276842403363 -1.1728632248767756 -2.7463026028703688
      vertex -0.8156271791909037 -1.2852227821423332 -2.624289995108648
      vertex -0.970276842403363 -1.1728632248767756 -2.6382899951086483
    endloop
  endfacet
  facet normal -0.3409875542113094 -0.6202540585172572 -0.706408090812853
    outer loop
      vertex -0.8156271791909037 -1.2852227821423332 -2.7463026028703688
      vertex -0.6796893159924198 -1.0710189851186112 -3
      vertex -0.6481145881305429 -1.3773136083786317 -2.7463026028703688
    endloop
  endfacet
  facet normal -0.26056031871295654 -0.6581002427794281 -0.7064080908128534
    outer loop
      vertex -0.6481145881305429 -1.3773136083786317 -2.7463026028703688
      vertex -0.5400954901087858 -1.1477613403155265 -3
      vertex -0.470380842850476 -1.4476833762435302 -2.7463026028703688
    endloop
  endfacet
  facet normal -0.4817536741017158 -0.8763066800438633 0
    outer loop
      vertex -0.8156271791909037 -1.2852227821423332 -2.7463026028703688
      vertex -0.6481145881305429 -1.3773136083786317 -2.7463026028703688
      vertex -0.6481145881305429 -1.3773136083786317 -2.610289995108648
    endloop
  endfacet
  facet normal -0.36812455268467875 -0.9297764858882511 0
    outer loop
      vertex -0.6481145881305429 -1.3773136083786317 -2.7463026028703688
      vertex -0.470380842850476 -1.4476833762435302 -2.5962899951086484
      vertex -0.6481145881305429 -1.3773136083786317 -2.610289995108648
    endloop
  endfacet
  facet normal -0.36812455268467875 -0.929776485888251 0
    outer loop
      vertex -0.6481145881305429 -1.3773136083786317 -2.7463026028703688
      vertex -0.470380842850476 -1.4476833762435302 -2.7463026028703688
      vertex -0.470380842850476 -1.4476833762435302 -2.5962899951086484
    endloop
  endfacet
  facet normal -0.3409875542113089 -0.6202540585172575 -0.7064080908128533
    outer loop
      vertex -0.6481145881305429 -1.3773136083786317 -2.7463026028703688
      vertex -0.6796893159924198 -1.0710189851186112 -3
      vertex -0.5400954901087858 -1.1477613403155265 -3
    endloop
  endfacet
  facet normal -0.5877852522924721 -0.8090169943749481 0
    outer loop
      vertex -0.970276842403363 -1.1728632248767756 -2.6382899951086483
      vertex -0.8156271791909037 -1.2852227821423332 -2.624289995108648
      vertex -0.8156271791909037 -1.2852227821423332 -2.5525947022980686
    endloop
  endfacet
  facet normal -0.5877852522924722 -0.8090169943749481 0
    outer loop
      vertex -0.8156271791909037 -1.2852227821423332 -2.5525947022980686
      vertex -0.8156271791909037 -1.2852227821423332 -2.523405297701931
      vertex -0.970276842403363 -1.1728632248767756 -2.566594702298069
    endloop
  endfacet
  facet normal -0.5877852522924721 -0.8090169943749481 0
    outer loop
      vertex -0.8156271791909037 -1.2852227821423332 -2.523405297701931
      vertex -0.8156271791909037 -1.2852227821423332 -2.4517100048913516
      vertex -0.970276842403363 -1.1728632248767756 -2.5374052977019312
    endloop
  endfacet
  facet normal -0.4817536741017159 -0.8763066800438633 0
    outer loop
      vertex -0.8156271791909037 -1.2852227821423332 -2.624289995108648
      vertex -0.6481145881305429 -1.3773136083786317 -2.5385947022980684
      vertex -0.8156271791909037 -1.2852227821423332 -2.5525947022980686
    endloop
  endfacet
  facet normal -0.4817536741017159 -0.8763066800438633 0
    outer loop
      vertex -0.8156271791909037 -1.2852227821423332 -2.5525947022980686
      vertex -0.6481145881305429 -1.3773136083786317 -2.5094052977019317
      vertex -0.8156271791909037 -1.2852227821423332 -2.523405297701931
    endloop
  endfacet
  facet normal -0.4817536741017159 -0.8763066800438633 0
    outer loop
      vertex -0.8156271791909037 -1.2852227821423332 -2.523405297701931
      vertex -0.6481145881305429 -1.3773136083786317 -2.4377100048913523
      vertex -0.8156271791909037 -1.2852227821423332 -2.4517100048913516
    endloop
  endfacet
  facet normal -0.5877852522924721 -0.8090169943749481 0
    outer loop
      vertex -0.8156271791909037 -1.2852227821423332 -2.4517100048913516
      vertex -0.8156271791909037 -1.2852227821423332 -2.138139113421385
      vertex -0.970276842403363 -1.1728632248767756 -2.465710004891352
    endloop
  endfacet
  facet normal -0.5877852522924721 -0.8090169943749481 0
    outer loop
      vertex -0.970276842403363 -1.1728632248767756 -2.6382899951086483
      vertex -0.8156271791909037 -1.2852227821423332 -2.5525947022980686
      vertex -0.970276842403363 -1.1728632248767756 -2.566594702298069
    endloop
  endfacet
  facet normal -0.5877852522924721 -0.8090169943749481 0
    outer loop
      vertex -0.8156271791909037 -1.2852227821423332 -2.523405297701931
      vertex -0.970276842403363 -1.1728632248767756 -2.5374052977019312
      vertex -0.970276842403363 -1.1728632248767756 -2.566594702298069
    endloop
  endfacet
  facet normal -0.5877852522924721 -0.8090169943749481 0
    outer loop
      vertex -0.8156271791909037 -1.2852227821423332 -2.4517100048913516
      vertex -0.970276842403363 -1.1728632248767756 -2.465710004891352
      vertex -0.970276842403363 -1.1728632248767756 -2.5374052977019312
    endloop
  endfacet
  facet normal -0.5877852522924721 -0.8090169943749481 0
    outer loop
      vertex -0.970276842403363 -1.1728632248767756 -2.465710004891352
      vertex -0.8156271791909037 -1.2852227821423332 -2.138139113421385
      vertex -0.970276842403363 -1.1728632248767756 -2.152139113421385
    endloop
  endfacet
  facet normal -0.4817536741017159 -0.8763066800438633 0
    outer loop
      vertex -0.8156271791909037 -1.2852227821423332 -2.624289995108648
      vertex -0.6481145881305429 -1.3773136083786317 -2.610289995108648
      vertex -0.6481145881305429 -1.3773136083786317 -2.5385947022980684
    endloop
  endfacet
  facet normal -0.48175367410171593 -0.8763066800438633 0
    outer loop
      vertex -0.8156271791909037 -1.2852227821423332 -2.5525947022980686
      vertex -0.6481145881305429 -1.3773136083786317 -2.5385947022980684
      vertex -0.6481145881305429 -1.3773136083786317 -2.5094052977019317
    endloop
  endfacet
  facet normal -0.4817536741017159 -0.8763066800438633 0
    outer loop
      vertex -0.8156271791909037 -1.2852227821423332 -2.523405297701931
      vertex -0.6481145881305429 -1.3773136083786317 -2.5094052977019317
      vertex -0.6481145881305429 -1.3773136083786317 -2.4377100048913523
    endloop
  endfacet
  facet normal -0.36812455268467875 -0.9297764858882511 0
    outer loop
      vertex -0.6481145881305429 -1.3773136083786317 -2.610289995108648
      vertex -0.470380842850476 -1.4476833762435302 -2.524594702298069
      vertex -0.6481145881305429 -1.3773136083786317 -2.5385947022980684
    endloop
  endfacet
  facet normal -0.36812455268467875 -0.9297764858882511 0
    outer loop
      vertex -0.6481145881305429 -1.3773136083786317 -2.610289995108648
      vertex -0.470380842850476 -1.4476833762435302 -2.5962899951086484
      vertex -0.470380842850476 -1.4476833762435302 -2.524594702298069
    endloop
  endfacet
  facet normal -0.3681245526846788 -0.9297764858882512 0
    outer loop
      vertex -0.6481145881305429 -1.3773136083786317 -2.5385947022980684
      vertex -0.470380842850476 -1.4476833762435302 -2.4954052977019314
      vertex -0.6481145881305429 -1.3773136083786317 -2.5094052977019317
    endloop
  endfacet
  facet normal -0.36812455268467875 -0.9297764858882511 0
    outer loop
      vertex -0.6481145881305429 -1.3773136083786317 -2.5094052977019317
      vertex -0.470380842850476 -1.4476833762435302 -2.423710004891352
      vertex -0.6481145881305429 -1.3773136083786317 -2.4377100048913523
    endloop
  endfacet
  facet normal -0.36812455268467875 -0.9297764858882511 0
    outer loop
      vertex -0.6481145881305429 -1.3773136083786317 -2.5385947022980684
      vertex -0.470380842850476 -1.4476833762435302 -2.524594702298069
      vertex -0.470380842850476 -1.4476833762435302 -2.4954052977019314
    endloop
  endfacet
  facet normal -0.36812455268467875 -0.9297764858882511 0
    outer loop
      vertex -0.6481145881305429 -1.3773136083786317 -2.5094052977019317
      vertex -0.470380842850476 -1.4476833762435302 -2.4954052977019314
      vertex -0.470380842850476 -1.4476833762435302 -2.423710004891352
    endloop
  endfacet
  facet normal -0.4817536741017158 -0.8763066800438633 0
    outer loop
      vertex -0.8156271791909037 -1.2852227821423332 -2.4517100048913516
      vertex -0.6481145881305429 -1.3773136083786317 -2.4377100048913523
      vertex -0.6481145881305429 -1.3773136083786317 -2.1241391134213856
    endloop
  endfacet
  facet normal -0.36812455268467875 -0.929776485888251 0
    outer loop
      vertex -0.6481145881305429 -1.3773136083786317 -2.4377100048913523
      vertex -0.470380842850476 -1.4476833762435302 -2.423710004891352
      vertex -0.470380842850476 -1.4476833762435302 -2.1101391134213845
    endloop
  endfacet
  facet normal -0.24868988716485455 -0.9685831611286312 0
    outer loop
      vertex -0.28522891068676176 -1.4952223124609376 -2.582289995108648
      vertex -0.470380842850476 -1.4476833762435302 -2.5962899951086484
      vertex -0.470380842850476 -1.4476833762435302 -2.7463026028703688
    endloop
  endfacet
  facet normal -0.24868988716485452 -0.9685831611286312 0
    outer loop
      vertex -0.28522891068676176 -1.4952223124609376 -2.7463026028703688
      vertex -0.28522891068676176 -1.4952223124609376 -2.582289995108648
      vertex -0.470380842850476 -1.4476833762435302 -2.7463026028703688
    endloop
  endfacet
  facet normal -0.12533323356430442 -0.9921147013144778 0
    outer loop
      vertex -0.28522891068676176 -1.4952223124609376 -2.7463026028703688
      vertex -0.09557874821402501 -1.519180699608322 -2.568289995108648
      vertex -0.28522891068676176 -1.4952223124609376 -2.582289995108648
    endloop
  endfacet
  facet normal -0.1253332335643044 -0.9921147013144779 0
    outer loop
      vertex -0.28522891068676176 -1.4952223124609376 -2.7463026028703688
      vertex -0.09557874821402501 -1.519180699608322 -2.7463026028703688
      vertex -0.09557874821402501 -1.519180699608322 -2.568289995108648
    endloop
  endfacet
  facet normal -0.24868988716485457 -0.9685831611286312 0
    outer loop
      vertex -0.28522891068676176 -1.4952223124609376 -2.510594702298069
      vertex -0.470380842850476 -1.4476833762435302 -2.524594702298069
      vertex -0.470380842850476 -1.4476833762435302 -2.5962899951086484
    endloop
  endfacet
  facet normal -0.2486898871648545 -0.9685831611286312 0
    outer loop
      vertex -0.28522891068676176 -1.4952223124609376 -2.481405297701931
      vertex -0.470380842850476 -1.4476833762435302 -2.4954052977019314
      vertex -0.470380842850476 -1.4476833762435302 -2.524594702298069
    endloop
  endfacet
  facet normal -0.24868988716485457 -0.9685831611286312 0
    outer loop
      vertex -0.28522891068676176 -1.4952223124609376 -2.409710004891352
      vertex -0.470380842850476 -1.4476833762435302 -2.423710004891352
      vertex -0.470380842850476 -1.4476833762435302 -2.4954052977019314
    endloop
  endfacet
  facet normal -0.24868988716485452 -0.9685831611286312 0
    outer loop
      vertex -0.28522891068676176 -1.4952223124609376 -2.582289995108648
      vertex -0.28522891068676176 -1.4952223124609376 -2.510594702298069
      vertex -0.470380842850476 -1.4476833762435302 -2.5962899951086484
    endloop
  endfacet
  facet normal -0.2486898871648545 -0.9685831611286312 0
    outer loop
      vertex -0.28522891068676176 -1.4952223124609376 -2.510594702298069
      vertex -0.28522891068676176 -1.4952223124609376 -2.481405297701931
      vertex -0.470380842850476 -1.4476833762435302 -2.524594702298069
    endloop
  endfacet
  facet normal -0.24868988716485452 -0.9685831611286312 0
    outer loop
      vertex -0.28522891068676176 -1.4952223124609376 -2.481405297701931
      vertex -0.28522891068676176 -1.4952223124609376 -2.409710004891352
      vertex -0.470380842850476 -1.4476833762435302 -2.4954052977019314
    endloop
  endfacet
  facet normal -0.24868988716485452 -0.9685831611286312 0
    outer loop
      vertex -0.28522891068676176 -1.4952223124609376 -2.409710004891352
      vertex -0.28522891068676176 -1.4952223124609376 -2.096139113421385
      vertex -0.470380842850476 -1.4476833762435302 -2.423710004891352
    endloop
  endfacet
  facet normal -0.12533323356430442 -0.9921147013144779 0
    outer loop
      vertex -0.28522891068676176 -1.4952223124609376 -2.582289995108648
      vertex -0.09557874821402501 -1.519180699608322 -2.568289995108648
      vertex -0.09557874821402501 -1.519180699608322 -2.4965947022980686
    endloop
  endfacet
  facet normal -0.12533323356430442 -0.9921147013144779 0
    outer loop
      vertex -0.28522891068676176 -1.4952223124609376 -2.582289995108648
      vertex -0.09557874821402501 -1.519180699608322 -2.4965947022980686
      vertex -0.28522891068676176 -1.4952223124609376 -2.510594702298069
    endloop
  endfacet
  facet normal -0.12533323356430442 -0.9921147013144779 0
    outer loop
      vertex -0.28522891068676176 -1.4952223124609376 -2.510594702298069
      vertex -0.09557874821402501 -1.519180699608322 -2.467405297701932
      vertex -0.28522891068676176 -1.4952223124609376 -2.481405297701931
    endloop
  endfacet
  facet normal -0.12533323356430442 -0.9921147013144779 0
    outer loop
      vertex -0.28522891068676176 -1.4952223124609376 -2.510594702298069
      vertex -0.09557874821402501 -1.519180699608322 -2.4965947022980686
      vertex -0.09557874821402501 -1.519180699608322 -2.467405297701932
    endloop
  endfacet
  facet normal -0.12533323356430442 -0.9921147013144778 0
    outer loop
      vertex -0.28522891068676176 -1.4952223124609376 -2.481405297701931
      vertex -0.09557874821402501 -1.519180699608322 -2.467405297701932
      vertex -0.09557874821402501 -1.519180699608322 -2.3957100048913524
    endloop
  endfacet
  facet normal 0 -1 0
    outer loop
      vertex -0.09557874821402501 -1.519180699608322 -2.7463026028703688
      vertex 0.09557874821402501 -1.519180699608322 -2.5542899951086486
      vertex -0.09557874821402501 -1.519180699608322 -2.568289995108648
    endloop
  endfacet
  facet normal 0 -1 0
    outer loop
      vertex -0.09557874821402501 -1.519180699608322 -2.568289995108648
      vertex 0.09557874821402501 -1.519180699608322 -2.4825947022980692
      vertex -0.09557874821402501 -1.519180699608322 -2.4965947022980686
    endloop
  endfacet
  facet normal 0 -1 0
    outer loop
      vertex -0.09557874821402501 -1.519180699608322 -2.4965947022980686
      vertex 0.09557874821402501 -1.519180699608322 -2.4534052977019316
      vertex -0.09557874821402501 -1.519180699608322 -2.467405297701932
    endloop
  endfacet
  facet normal -0.12533323356430442 -0.9921147013144779 0
    outer loop
      vertex -0.28522891068676176 -1.4952223124609376 -2.481405297701931
      vertex -0.09557874821402501 -1.519180699608322 -2.3957100048913524
      vertex -0.28522891068676176 -1.4952223124609376 -2.409710004891352
    endloop
  endfacet
  facet normal -0.12533323356430442 -0.9921147013144778 0
    outer loop
      vertex -0.28522891068676176 -1.4952223124609376 -2.409710004891352
      vertex -0.09557874821402501 -1.519180699608322 -2.3957100048913524
      vertex -0.09557874821402501 -1.519180699608322 -2.082139113421385
    endloop
  endfacet
  facet normal 0 -1 0
    outer loop
      vertex -0.09557874821402501 -1.519180699608322 -2.467405297701932
      vertex 0.09557874821402501 -1.519180699608322 -2.381710004891352
      vertex -0.09557874821402501 -1.519180699608322 -2.3957100048913524
    endloop
  endfacet
  facet normal -0.26056031871295565 -0.658100242779428 -0.7064080908128536
    outer loop
      vertex -0.5400954901087858 -1.1477613403155265 -3
      vertex -0.39198403570872997 -1.206402813536275 -3
      vertex -0.470380842850476 -1.4476833762435302 -2.7463026028703688
    endloop
  endfacet
  facet normal -0.1760238913373101 -0.6855677930829379 -0.7064080908128535
    outer loop
      vertex -0.470380842850476 -1.4476833762435302 -2.7463026028703688
      vertex -0.39198403570872997 -1.206402813536275 -3
      vertex -0.2376907589056348 -1.246018593717448 -3
    endloop
  endfacet
  facet normal -0.17602389133730978 -0.685567793082938 -0.7064080908128535
    outer loop
      vertex -0.28522891068676176 -1.4952223124609376 -2.7463026028703688
      vertex -0.470380842850476 -1.4476833762435302 -2.7463026028703688
      vertex -0.2376907589056348 -1.246018593717448 -3
    endloop
  endfacet
  facet normal -0.08871146204369909 -0.7022235297511821 -0.706408090812853
    outer loop
      vertex -0.28522891068676176 -1.4952223124609376 -2.7463026028703688
      vertex -0.07964895684502085 -1.2659839163402684 -3
      vertex -0.09557874821402501 -1.519180699608322 -2.7463026028703688
    endloop
  endfacet
  facet normal -0.08871146204369998 -0.7022235297511815 -0.7064080908128534
    outer loop
      vertex -0.28522891068676176 -1.4952223124609376 -2.7463026028703688
      vertex -0.2376907589056348 -1.246018593717448 -3
      vertex -0.07964895684502085 -1.2659839163402684 -3
    endloop
  endfacet
  facet normal 0 -0.707804781867246 -0.7064080908128532
    outer loop
      vertex -0.09557874821402501 -1.519180699608322 -2.7463026028703688
      vertex -0.07964895684502085 -1.2659839163402684 -3
      vertex 0.09557874821402501 -1.519180699608322 -2.7463026028703688
    endloop
  endfacet
  facet normal -0.19890445442624602 -0.46402703238364273 -0.8632009796256183
    outer loop
      vertex -1.0470668743509552 -1.6499133865025815 -1.8887641819063266
      vertex -0.8156271791909037 -1.2852227821423332 -2.138139113421385
      vertex -0.8320214594715809 -1.7681356037652418 -1.8747641819063263
    endloop
  endfacet
  facet normal -0.18375544876775154 -0.4658386654644329 -0.8655797322063857
    outer loop
      vertex -0.8320214594715809 -1.7681356037652418 -1.8747641819063263
      vertex -0.8156271791909037 -1.2852227821423332 -2.138139113421385
      vertex -0.6481145881305429 -1.3773136083786317 -2.1241391134213856
    endloop
  endfacet
  facet normal -0.1391780249633247 -0.48529737907872783 -0.8632009796256175
    outer loop
      vertex -0.8320214594715809 -1.7681356037652418 -1.8747641819063263
      vertex -0.6481145881305429 -1.3773136083786317 -2.1241391134213856
      vertex -0.6038545691508126 -1.8584732663235117 -1.860764181906326
    endloop
  endfacet
  facet normal -0.12392141590717962 -0.48519605302710433 -0.8655797322063863
    outer loop
      vertex -0.6038545691508126 -1.8584732663235117 -1.860764181906326
      vertex -0.6481145881305429 -1.3773136083786317 -2.1241391134213856
      vertex -0.470380842850476 -1.4476833762435302 -2.1101391134213845
    endloop
  endfacet
  facet normal -0.4817536741017152 -0.8763066800438637 0
    outer loop
      vertex -1.0470668743509552 -1.6499133865025815 -1.8887641819063266
      vertex -0.8320214594715809 -1.7681356037652418 -1.8747641819063263
      vertex -0.8320214594715809 -1.7681356037652418 -1.7732358180936743
    endloop
  endfacet
  facet normal -0.36812455268467814 -0.9297764858882512 0
    outer loop
      vertex -0.8320214594715809 -1.7681356037652418 -1.8747641819063263
      vertex -0.6038545691508126 -1.8584732663235117 -1.759235818093674
      vertex -0.8320214594715809 -1.7681356037652418 -1.7732358180936743
    endloop
  endfacet
  facet normal -0.4817536741017152 -0.8763066800438637 0
    outer loop
      vertex -1.0470668743509552 -1.6499133865025815 -1.8887641819063266
      vertex -0.8320214594715809 -1.7681356037652418 -1.7732358180936743
      vertex -1.0470668743509552 -1.6499133865025815 -1.7872358180936736
    endloop
  endfacet
  facet normal -0.28521264530707335 -0.4165787029245664 0.8632009796256185
    outer loop
      vertex -1.0470668743509552 -1.6499133865025815 -1.7872358180936736
      vertex -0.8320214594715809 -1.7681356037652418 -1.7732358180936743
      vertex -0.6481145881305429 -1.3773136083786317 -1.5238608865786158
    endloop
  endfacet
  facet normal -0.3681245526846782 -0.9297764858882512 0
    outer loop
      vertex -0.8320214594715809 -1.7681356037652418 -1.8747641819063263
      vertex -0.6038545691508126 -1.8584732663235117 -1.860764181906326
      vertex -0.6038545691508126 -1.8584732663235117 -1.759235818093674
    endloop
  endfacet
  facet normal -0.24868988716485463 -0.9685831611286311 0
    outer loop
      vertex -0.6038545691508126 -1.8584732663235117 -1.860764181906326
      vertex -0.36616453154930145 -1.9195016952737438 -1.7452358180936738
      vertex -0.6038545691508126 -1.8584732663235117 -1.759235818093674
    endloop
  endfacet
  facet normal -0.2307525025383829 -0.44904047851574214 0.8632009796256183
    outer loop
      vertex -0.8320214594715809 -1.7681356037652418 -1.7732358180936743
      vertex -0.6038545691508126 -1.8584732663235117 -1.759235818093674
      vertex -0.470380842850476 -1.4476833762435302 -1.5098608865786156
    endloop
  endfacet
  facet normal -0.2418047294457493 -0.4385227474273011 0.8655797322063863
    outer loop
      vertex -0.8320214594715809 -1.7681356037652418 -1.7732358180936743
      vertex -0.470380842850476 -1.4476833762435302 -1.5098608865786156
      vertex -0.6481145881305429 -1.3773136083786317 -1.5238608865786158
    endloop
  endfacet
  facet normal -0.4817536741017158 -0.8763066800438633 0
    outer loop
      vertex -0.8156271791909037 -1.2852227821423332 -2.4517100048913516
      vertex -0.6481145881305429 -1.3773136083786317 -2.1241391134213856
      vertex -0.8156271791909037 -1.2852227821423332 -2.138139113421385
    endloop
  endfacet
  facet normal -0.24069154843105758 -0.43913472386886043 -0.8655797322063864
    outer loop
      vertex -1.0470668743509552 -1.6499133865025815 -1.8887641819063266
      vertex -0.970276842403363 -1.1728632248767756 -2.152139113421385
      vertex -0.8156271791909037 -1.2852227821423332 -2.138139113421385
    endloop
  endfacet
  facet normal -0.36812455268467875 -0.9297764858882511 0
    outer loop
      vertex -0.6481145881305429 -1.3773136083786317 -2.4377100048913523
      vertex -0.470380842850476 -1.4476833762435302 -2.1101391134213845
      vertex -0.6481145881305429 -1.3773136083786317 -2.1241391134213856
    endloop
  endfacet
  facet normal -0.5877852522924721 -0.8090169943749481 0
    outer loop
      vertex -0.8156271791909037 -1.2852227821423332 -1.5378608865786152
      vertex -0.8156271791909037 -1.2852227821423332 -1.4381391134213848
      vertex -0.970276842403363 -1.1728632248767756 -1.5518608865786154
    endloop
  endfacet
  facet normal -0.29485950085706014 -0.4047586959508659 0.8655797322063864
    outer loop
      vertex -1.0470668743509552 -1.6499133865025815 -1.7872358180936736
      vertex -0.6481145881305429 -1.3773136083786317 -1.5238608865786158
      vertex -0.8156271791909037 -1.2852227821423332 -1.5378608865786152
    endloop
  endfacet
  facet normal -0.07725667490581138 -0.49891429620313593 -0.8632009796256184
    outer loop
      vertex -0.6038545691508126 -1.8584732663235117 -1.860764181906326
      vertex -0.470380842850476 -1.4476833762435302 -2.1101391134213845
      vertex -0.36616453154930145 -1.9195016952737438 -1.8467641819063267
    endloop
  endfacet
  facet normal -0.014116940934128186 -0.504663036839469 -0.8632009796256183
    outer loop
      vertex -0.12269986054916919 -1.950258435834777 -1.8327641819063265
      vertex -0.36616453154930145 -1.9195016952737438 -1.8467641819063267
      vertex -0.28522891068676176 -1.4952223124609376 -2.096139113421385
    endloop
  endfacet
  facet normal -0.24868988716485452 -0.9685831611286312 0
    outer loop
      vertex -0.470380842850476 -1.4476833762435302 -2.423710004891352
      vertex -0.28522891068676176 -1.4952223124609376 -2.096139113421385
      vertex -0.470380842850476 -1.4476833762435302 -2.1101391134213845
    endloop
  endfacet
  facet normal -0.06213306829070152 -0.4969016089914616 -0.8655797322063863
    outer loop
      vertex -0.28522891068676176 -1.4952223124609376 -2.096139113421385
      vertex -0.36616453154930145 -1.9195016952737438 -1.8467641819063267
      vertex -0.470380842850476 -1.4476833762435302 -2.1101391134213845
    endloop
  endfacet
  facet normal 0.049245425629135677 -0.5024529399137576 -0.8632009796256184
    outer loop
      vertex -0.12269986054916919 -1.950258435834777 -1.8327641819063265
      vertex -0.09557874821402501 -1.519180699608322 -2.082139113421385
      vertex 0.12269986054916919 -1.950258435834777 -1.8187641819063263
    endloop
  endfacet
  facet normal -0.1253332335643044 -0.9921147013144778 0
    outer loop
      vertex -0.28522891068676176 -1.4952223124609376 -2.409710004891352
      vertex -0.09557874821402501 -1.519180699608322 -2.082139113421385
      vertex -0.28522891068676176 -1.4952223124609376 -2.096139113421385
    endloop
  endfacet
  facet normal 0 -1 0
    outer loop
      vertex -0.09557874821402501 -1.519180699608322 -2.3957100048913524
      vertex 0.09557874821402501 -1.519180699608322 -2.0681391134213847
      vertex -0.09557874821402501 -1.519180699608322 -2.082139113421385
    endloop
  endfacet
  facet normal 0.0006351549292277875 -0.5007707297473928 -0.8655797322063863
    outer loop
      vertex -0.12269986054916919 -1.950258435834777 -1.8327641819063265
      vertex -0.28522891068676176 -1.4952223124609376 -2.096139113421385
      vertex -0.09557874821402501 -1.519180699608322 -2.082139113421385
    endloop
  endfacet
  facet normal -0.2486898871648546 -0.9685831611286311 0
    outer loop
      vertex -0.6038545691508126 -1.8584732663235117 -1.860764181906326
      vertex -0.36616453154930145 -1.9195016952737438 -1.8467641819063267
      vertex -0.36616453154930145 -1.9195016952737438 -1.7452358180936738
    endloop
  endfacet
  facet normal -0.1253332335643052 -0.9921147013144777 0
    outer loop
      vertex -0.12269986054916919 -1.950258435834777 -1.7312358180936744
      vertex -0.36616453154930145 -1.9195016952737438 -1.7452358180936738
      vertex -0.36616453154930145 -1.9195016952737438 -1.8467641819063267
    endloop
  endfacet
  facet normal -0.1726532549597954 -0.4744206175169466 0.8632009796256183
    outer loop
      vertex -0.6038545691508126 -1.8584732663235117 -1.759235818093674
      vertex -0.36616453154930145 -1.9195016952737438 -1.7452358180936738
      vertex -0.28522891068676176 -1.4952223124609376 -1.4958608865786154
    endloop
  endfacet
  facet normal -0.18493655300393072 -0.46537103321601875 0.8655797322063864
    outer loop
      vertex -0.6038545691508126 -1.8584732663235117 -1.759235818093674
      vertex -0.28522891068676176 -1.4952223124609376 -1.4958608865786154
      vertex -0.470380842850476 -1.4476833762435302 -1.5098608865786156
    endloop
  endfacet
  facet normal -0.12515181664549926 -0.4848801398117394 0.8655797322063864
    outer loop
      vertex -0.36616453154930145 -1.9195016952737438 -1.7452358180936738
      vertex -0.09557874821402501 -1.519180699608322 -1.4818608865786151
      vertex -0.28522891068676176 -1.4952223124609376 -1.4958608865786154
    endloop
  endfacet
  facet normal -0.12533323356430523 -0.9921147013144778 0
    outer loop
      vertex -0.12269986054916919 -1.950258435834777 -1.8327641819063265
      vertex -0.12269986054916919 -1.950258435834777 -1.7312358180936744
      vertex -0.36616453154930145 -1.9195016952737438 -1.8467641819063267
    endloop
  endfacet
  facet normal -0.11183116241243445 -0.4923188599747704 0.8632009796256177
    outer loop
      vertex -0.12269986054916919 -1.950258435834777 -1.7312358180936744
      vertex -0.09557874821402501 -1.519180699608322 -1.4818608865786151
      vertex -0.36616453154930145 -1.9195016952737438 -1.7452358180936738
    endloop
  endfacet
  facet normal -0.06339336137649597 -0.49674239694927463 0.8655797322063857
    outer loop
      vertex -0.12269986054916919 -1.950258435834777 -1.7312358180936744
      vertex 0.09557874821402501 -1.519180699608322 -1.467860886578615
      vertex -0.09557874821402501 -1.519180699608322 -1.4818608865786151
    endloop
  endfacet
  facet normal 0 0 -1
    outer loop
      vertex -1.0262275285328077 -0.7455979428889197 -3
      vertex 0 0 -3
      vertex -0.9246872168298597 -0.8683390949336506 -3
    endloop
  endfacet
  facet normal 0 0 -1
    outer loop
      vertex -0.8085640353361359 -0.9773860207306464 -3
      vertex -0.9246872168298597 -0.8683390949336506 -3
      vertex 0 0 -3
    endloop
  endfacet
  facet normal 0 0 -1
    outer loop
      vertex -0.8085640353361359 -0.9773860207306464 -3
      vertex 0 0 -3
      vertex -0.6796893159924198 -1.0710189851186112 -3
    endloop
  endfacet
  facet normal 0 0 -1
    outer loop
      vertex -1.2286351344096187 -0.3154598853309266 -3
      vertex 0 0 -3
      vertex -1.1794093719109227 -0.4669612041780626 -3
    endloop
  endfacet
  facet normal 0 0 -1
    outer loop
      vertex -1.1115836190721828 -0.6110982658862087 -3
      vertex -1.1794093719109227 -0.4669612041780626 -3
      vertex 0 0 -3
    endloop
  endfacet
  facet normal 0 0 -1
    outer loop
      vertex -1.2286351344096187 -0.3154598853309266 -3
      vertex -1.2584845868876218 -0.15898357564552024 -3
      vertex 0 0 -3
    endloop
  endfacet
  facet normal 0 0 -1
    outer loop
      vertex -1.2584845868876218 -0.15898357564552024 -3
      vertex -1.2684869856481553 0 -3
      vertex 0 0 -3
    endloop
  endfacet
  facet normal 0 0 -1
    outer loop
      vertex -1.0262275285328077 -0.7455979428889197 -3
      vertex -1.1115836190721828 -0.6110982658862087 -3
      vertex 0 0 -3
    endloop
  endfacet
  facet normal 0 0 -1
    outer loop
      vertex -0.6796893159924198 -1.0710189851186112 -3
      vertex 0 0 -3
      vertex -0.5400954901087858 -1.1477613403155265 -3
    endloop
  endfacet
  facet normal 0 0 -1
    outer loop
      vertex -0.5400954901087858 -1.1477613403155265 -3
      vertex 0 0 -3
      vertex -0.39198403570872997 -1.206402813536275 -3
    endloop
  endfacet
  facet normal 0 0 -1
    outer loop
      vertex -0.39198403570872997 -1.206402813536275 -3
      vertex 0 0 -3
      vertex -0.2376907589056348 -1.246018593717448 -3
    endloop
  endfacet
  facet normal 0 0 -1
    outer loop
      vertex -0.2376907589056348 -1.246018593717448 -3
      vertex 0 0 -3
      vertex -0.07964895684502085 -1.2659839163402684 -3
    endloop
  endfacet
  facet normal -0.7705132427757895 -0.6374239897486893 0
    outer loop
      vertex -1.5809117862987512 -1.1485996457709655 -1.2307641819063262
      vertex -1.424488116993034 -1.3376833806507191 -1.216764181906326
      vertex -1.424488116993034 -1.3376833806507191 -1.115235818093674
    endloop
  endfacet
  facet normal -0.8443279255020153 -0.5358267949789965 0
    outer loop
      vertex -1.5809117862987512 -1.1485996457709655 -1.1292358180936741
      vertex -1.7124035323436124 -0.941401808337234 -1.1432358180936744
      vertex -1.7124035323436124 -0.941401808337234 -1.2447641819063264
    endloop
  endfacet
  facet normal -0.8443279255020153 -0.5358267949789965 0
    outer loop
      vertex -1.5809117862987512 -1.1485996457709655 -1.2307641819063262
      vertex -1.5809117862987512 -1.1485996457709655 -1.1292358180936741
      vertex -1.7124035323436124 -0.941401808337234 -1.2447641819063264
    endloop
  endfacet
  facet normal -0.7705132427757895 -0.6374239897486893 0
    outer loop
      vertex -1.5809117862987512 -1.1485996457709655 -1.2307641819063262
      vertex -1.424488116993034 -1.3376833806507191 -1.115235818093674
      vertex -1.5809117862987512 -1.1485996457709655 -1.1292358180936741
    endloop
  endfacet
  facet normal -0.4506220670020082 -0.2276484603598508 0.8632009796256183
    outer loop
      vertex -1.5809117862987512 -1.1485996457709655 -1.1292358180936741
      vertex -1.2314730342393692 -0.8947175314667035 -0.8798608865786157
      vertex -1.7124035323436124 -0.941401808337234 -1.1432358180936744
    endloop
  endfacet
  facet normal -0.5877852522924727 -0.8090169943749477 0
    outer loop
      vertex -1.2455994191343815 -1.5056710495242935 -1.2027641819063266
      vertex -1.0470668743509552 -1.6499133865025815 -1.1887641819063264
      vertex -1.0470668743509552 -1.6499133865025815 -1.0872358180936743
    endloop
  endfacet
  facet normal -0.5877852522924727 -0.8090169943749477 0
    outer loop
      vertex -1.2455994191343815 -1.5056710495242935 -1.2027641819063266
      vertex -1.0470668743509552 -1.6499133865025815 -1.0872358180936743
      vertex -1.2455994191343815 -1.5056710495242935 -1.1012358180936737
    endloop
  endfacet
  facet normal -0.33517481428149914 -0.3775472323362147 0.8632009796256183
    outer loop
      vertex -1.2455994191343815 -1.5056710495242935 -1.1012358180936737
      vertex -1.0470668743509552 -1.6499133865025815 -1.0872358180936743
      vertex -0.8156271791909037 -1.2852227821423332 -0.8378608865786155
    endloop
  endfacet
  facet normal -0.6845471059286888 -0.7289686274214114 0
    outer loop
      vertex -1.2455994191343815 -1.5056710495242935 -1.1012358180936737
      vertex -1.424488116993034 -1.3376833806507191 -1.115235818093674
      vertex -1.424488116993034 -1.3376833806507191 -1.216764181906326
    endloop
  endfacet
  facet normal -0.6845471059286888 -0.7289686274214114 0
    outer loop
      vertex -1.2455994191343815 -1.5056710495242935 -1.2027641819063266
      vertex -1.2455994191343815 -1.5056710495242935 -1.1012358180936737
      vertex -1.424488116993034 -1.3376833806507191 -1.216764181906326
    endloop
  endfacet
  facet normal -0.30805433555567296 -0.3999832435474349 -0.8632009796256178
    outer loop
      vertex -1.2455994191343815 -1.5056710495242935 -1.2027641819063266
      vertex -1.424488116993034 -1.3376833806507191 -1.216764181906326
      vertex -1.1096246601958315 -1.0420069139203807 -1.4661391134213853
    endloop
  endfacet
  facet normal -0.34233814576541716 -0.3654809449853956 -0.8655797322063855
    outer loop
      vertex -1.424488116993034 -1.3376833806507191 -1.216764181906326
      vertex -1.2314730342393692 -0.8947175314667035 -1.4801391134213855
      vertex -1.1096246601958315 -1.0420069139203807 -1.4661391134213853
    endloop
  endfacet
  facet normal -0.3557564283937831 -0.3582198102141662 -0.8632009796256175
    outer loop
      vertex -1.5809117862987512 -1.1485996457709655 -1.2307641819063262
      vertex -1.2314730342393692 -0.8947175314667035 -1.4801391134213855
      vertex -1.424488116993034 -1.3376833806507191 -1.216764181906326
    endloop
  endfacet
  facet normal -0.29383179859345104 -0.40550536535150555 -0.8655797322063864
    outer loop
      vertex -1.2455994191343815 -1.5056710495242935 -1.2027641819063266
      vertex -1.1096246601958315 -1.0420069139203807 -1.4661391134213853
      vertex -0.970276842403363 -1.1728632248767756 -1.452139113421385
    endloop
  endfacet
  facet normal -0.255494041823104 -0.4354387021915564 -0.8632009796256183
    outer loop
      vertex -1.2455994191343815 -1.5056710495242935 -1.2027641819063266
      vertex -0.970276842403363 -1.1728632248767756 -1.452139113421385
      vertex -1.0470668743509552 -1.6499133865025815 -1.1887641819063264
    endloop
  endfacet
  facet normal -0.684547105928689 -0.7289686274214113 0
    outer loop
      vertex -1.1096246601958315 -1.0420069139203807 -1.5658608865786157
      vertex -0.970276842403363 -1.1728632248767756 -1.452139113421385
      vertex -1.1096246601958315 -1.0420069139203807 -1.4661391134213853
    endloop
  endfacet
  facet normal -0.41853685975657456 -0.2823313050274063 0.8632009796256184
    outer loop
      vertex -1.5809117862987512 -1.1485996457709655 -1.1292358180936741
      vertex -1.424488116993034 -1.3376833806507191 -1.115235818093674
      vertex -1.1096246601958315 -1.0420069139203807 -0.8658608865786155
    endloop
  endfacet
  facet normal -0.4231550444297897 -0.2677900960960714 0.8655797322063864
    outer loop
      vertex -1.5809117862987512 -1.1485996457709655 -1.1292358180936741
      vertex -1.1096246601958315 -1.0420069139203807 -0.8658608865786155
      vertex -1.2314730342393692 -0.8947175314667035 -0.8798608865786157
    endloop
  endfacet
  facet normal -0.37985107621097847 -0.3325616163581334 0.8632009796256184
    outer loop
      vertex -1.2455994191343815 -1.5056710495242935 -1.1012358180936737
      vertex -0.970276842403363 -1.1728632248767756 -0.8518608865786153
      vertex -1.424488116993034 -1.3376833806507191 -1.115235818093674
    endloop
  endfacet
  facet normal -0.3432641617993326 -0.36461135804815786 0.8655797322063863
    outer loop
      vertex -1.2455994191343815 -1.5056710495242935 -1.1012358180936737
      vertex -0.8156271791909037 -1.2852227821423332 -0.8378608865786155
      vertex -0.970276842403363 -1.1728632248767756 -0.8518608865786153
    endloop
  endfacet
  facet normal -0.3862553418539589 -0.31871388122076155 0.8655797322063863
    outer loop
      vertex -1.424488116993034 -1.3376833806507191 -1.115235818093674
      vertex -0.970276842403363 -1.1728632248767756 -0.8518608865786153
      vertex -1.1096246601958315 -1.0420069139203807 -0.8658608865786155
    endloop
  endfacet
  facet normal -0.7705132427757895 -0.6374239897486896 0
    outer loop
      vertex -1.1096246601958315 -1.0420069139203807 -0.8658608865786155
      vertex -1.1096246601958315 -1.0420069139203807 -0.7661391134213851
      vertex -1.2314730342393692 -0.8947175314667035 -0.8798608865786157
    endloop
  endfacet
  facet normal -0.684547105928689 -0.7289686274214113 0
    outer loop
      vertex -1.1096246601958315 -1.0420069139203807 -0.8658608865786155
      vertex -0.970276842403363 -1.1728632248767756 -0.8518608865786153
      vertex -0.970276842403363 -1.1728632248767756 -0.7521391134213848
    endloop
  endfacet
  facet normal -0.684547105928689 -0.7289686274214113 0
    outer loop
      vertex -1.1096246601958315 -1.0420069139203807 -0.8658608865786155
      vertex -0.970276842403363 -1.1728632248767756 -0.7521391134213848
      vertex -1.1096246601958315 -1.0420069139203807 -0.7661391134213851
    endloop
  endfacet
  facet normal -0.7705132427757895 -0.6374239897486893 0
    outer loop
      vertex -1.5809117862987512 -1.1485996457709655 -0.530764181906326
      vertex -1.424488116993034 -1.3376833806507191 -0.5167641819063262
      vertex -1.424488116993034 -1.3376833806507191 -0.41523581809367416
    endloop
  endfacet
  facet normal -0.8443279255020153 -0.5358267949789965 0
    outer loop
      vertex -1.5809117862987512 -1.1485996457709655 -0.42923581809367395
      vertex -1.7124035323436124 -0.941401808337234 -0.4432358180936742
      vertex -1.7124035323436124 -0.941401808337234 -0.5447641819063263
    endloop
  endfacet
  facet normal -0.8443279255020153 -0.5358267949789965 0
    outer loop
      vertex -1.5809117862987512 -1.1485996457709655 -0.530764181906326
      vertex -1.5809117862987512 -1.1485996457709655 -0.42923581809367395
      vertex -1.7124035323436124 -0.941401808337234 -0.5447641819063263
    endloop
  endfacet
  facet normal -0.7705132427757895 -0.6374239897486893 0
    outer loop
      vertex -1.5809117862987512 -1.1485996457709655 -0.530764181906326
      vertex -1.424488116993034 -1.3376833806507191 -0.41523581809367416
      vertex -1.5809117862987512 -1.1485996457709655 -0.42923581809367395
    endloop
  endfacet
  facet normal -0.4506220670020082 -0.2276484603598508 0.8632009796256183
    outer loop
      vertex -1.5809117862987512 -1.1485996457709655 -0.42923581809367395
      vertex -1.2314730342393692 -0.8947175314667035 -0.17986088657861554
      vertex -1.7124035323436124 -0.941401808337234 -0.4432358180936742
    endloop
  endfacet
  facet normal -0.5877852522924727 -0.8090169943749477 0
    outer loop
      vertex -1.2455994191343815 -1.5056710495242935 -0.5027641819063264
      vertex -1.0470668743509552 -1.6499133865025815 -0.4887641819063262
      vertex -1.0470668743509552 -1.6499133865025815 -0.38723581809367413
    endloop
  endfacet
  facet normal -0.5877852522924727 -0.8090169943749477 0
    outer loop
      vertex -1.2455994191343815 -1.5056710495242935 -0.5027641819063264
      vertex -1.0470668743509552 -1.6499133865025815 -0.38723581809367413
      vertex -1.2455994191343815 -1.5056710495242935 -0.40123581809367437
    endloop
  endfacet
  facet normal -0.3351748142815017 -0.3775472323362129 0.8632009796256179
    outer loop
      vertex -1.2455994191343815 -1.5056710495242935 -0.40123581809367437
      vertex -1.0470668743509552 -1.6499133865025815 -0.38723581809367413
      vertex -0.8156271791909037 -1.2852227821423332 -0.13786088657861528
    endloop
  endfacet
  facet normal -0.30805433555567147 -0.39998324354743553 -0.863200979625618
    outer loop
      vertex -1.1096246601958315 -1.0420069139203807 -0.7661391134213851
      vertex -1.2455994191343815 -1.5056710495242935 -0.5027641819063264
      vertex -1.424488116993034 -1.3376833806507191 -0.5167641819063262
    endloop
  endfacet
  facet normal -0.6845471059286887 -0.7289686274214114 0
    outer loop
      vertex -1.2455994191343815 -1.5056710495242935 -0.40123581809367437
      vertex -1.424488116993034 -1.3376833806507191 -0.41523581809367416
      vertex -1.424488116993034 -1.3376833806507191 -0.5167641819063262
    endloop
  endfacet
  facet normal -0.6845471059286888 -0.7289686274214114 0
    outer loop
      vertex -1.2455994191343815 -1.5056710495242935 -0.5027641819063264
      vertex -1.2455994191343815 -1.5056710495242935 -0.40123581809367437
      vertex -1.424488116993034 -1.3376833806507191 -0.5167641819063262
    endloop
  endfacet
  facet normal -0.3557564283937841 -0.358219810214165 -0.8632009796256177
    outer loop
      vertex -1.5809117862987512 -1.1485996457709655 -0.530764181906326
      vertex -1.2314730342393692 -0.8947175314667035 -0.7801391134213853
      vertex -1.424488116993034 -1.3376833806507191 -0.5167641819063262
    endloop
  endfacet
  facet normal -0.3423381457654166 -0.36548094498539513 -0.865579732206386
    outer loop
      vertex -1.1096246601958315 -1.0420069139203807 -0.7661391134213851
      vertex -1.424488116993034 -1.3376833806507191 -0.5167641819063262
      vertex -1.2314730342393692 -0.8947175314667035 -0.7801391134213853
    endloop
  endfacet
  facet normal -0.2938317985934511 -0.40550536535150555 -0.8655797322063863
    outer loop
      vertex -1.1096246601958315 -1.0420069139203807 -0.7661391134213851
      vertex -0.970276842403363 -1.1728632248767756 -0.7521391134213848
      vertex -1.2455994191343815 -1.5056710495242935 -0.5027641819063264
    endloop
  endfacet
  facet normal -0.255494041823104 -0.4354387021915564 -0.8632009796256183
    outer loop
      vertex -1.2455994191343815 -1.5056710495242935 -0.5027641819063264
      vertex -0.970276842403363 -1.1728632248767756 -0.7521391134213848
      vertex -1.0470668743509552 -1.6499133865025815 -0.4887641819063262
    endloop
  endfacet
  facet normal -0.418536859756574 -0.2823313050274079 0.863200979625618
    outer loop
      vertex -1.5809117862987512 -1.1485996457709655 -0.42923581809367395
      vertex -1.424488116993034 -1.3376833806507191 -0.41523581809367416
      vertex -1.1096246601958315 -1.0420069139203807 -0.1658608865786153
    endloop
  endfacet
  facet normal -0.4231550444297897 -0.2677900960960714 0.8655797322063864
    outer loop
      vertex -1.5809117862987512 -1.1485996457709655 -0.42923581809367395
      vertex -1.1096246601958315 -1.0420069139203807 -0.1658608865786153
      vertex -1.2314730342393692 -0.8947175314667035 -0.17986088657861554
    endloop
  endfacet
  facet normal -0.37985107621097824 -0.33256161635813547 0.8632009796256177
    outer loop
      vertex -1.2455994191343815 -1.5056710495242935 -0.40123581809367437
      vertex -0.970276842403363 -1.1728632248767756 -0.15186088657861507
      vertex -1.424488116993034 -1.3376833806507191 -0.41523581809367416
    endloop
  endfacet
  facet normal -0.34326416179933333 -0.36461135804815886 0.8655797322063856
    outer loop
      vertex -1.2455994191343815 -1.5056710495242935 -0.40123581809367437
      vertex -0.8156271791909037 -1.2852227821423332 -0.13786088657861528
      vertex -0.970276842403363 -1.1728632248767756 -0.15186088657861507
    endloop
  endfacet
  facet normal -0.3862553418539593 -0.3187138812207621 0.865579732206386
    outer loop
      vertex -1.424488116993034 -1.3376833806507191 -0.41523581809367416
      vertex -0.970276842403363 -1.1728632248767756 -0.15186088657861507
      vertex -1.1096246601958315 -1.0420069139203807 -0.1658608865786153
    endloop
  endfacet
  facet normal -0.7705132427757894 -0.6374239897486895 0
    outer loop
      vertex -1.1096246601958315 -1.0420069139203807 -0.1658608865786153
      vertex -1.1096246601958315 -1.0420069139203807 0.14771000489135178
      vertex -1.2314730342393692 -0.8947175314667035 -0.17986088657861554
    endloop
  endfacet
  facet normal -0.684547105928689 -0.7289686274214113 0
    outer loop
      vertex -1.1096246601958315 -1.0420069139203807 -0.1658608865786153
      vertex -0.970276842403363 -1.1728632248767756 -0.15186088657861507
      vertex -0.970276842403363 -1.1728632248767756 0.16171000489135157
    endloop
  endfacet
  facet normal -0.904827052466019 -0.42577929156507377 0
    outer loop
      vertex -1.7124035323436124 -0.941401808337234 -1.2447641819063264
      vertex -1.7124035323436124 -0.941401808337234 -1.1432358180936744
      vertex -1.8168896517431292 -0.7193575020198422 -1.2587641819063258
    endloop
  endfacet
  facet normal -0.904827052466019 -0.42577929156507377 0
    outer loop
      vertex -1.7124035323436124 -0.941401808337234 -1.1432358180936744
      vertex -1.8168896517431292 -0.7193575020198422 -1.1572358180936746
      vertex -1.8168896517431292 -0.7193575020198422 -1.2587641819063258
    endloop
  endfacet
  facet normal -0.46264346922200733 -0.20210168024932343 -0.8632009796256175
    outer loop
      vertex -1.4743621612915423 -0.3785518623971119 -1.5221391134213853
      vertex -1.8168896517431292 -0.7193575020198422 -1.2587641819063258
      vertex -1.8927223359773873 -0.48596849817225585 -1.272764181906326
    endloop
  endfacet
  facet normal -0.951056516295154 -0.3090169943749463 0
    outer loop
      vertex -1.8168896517431292 -0.7193575020198422 -1.2587641819063258
      vertex -1.8168896517431292 -0.7193575020198422 -1.1572358180936746
      vertex -1.8927223359773873 -0.48596849817225585 -1.272764181906326
    endloop
  endfacet
  facet normal -0.951056516295154 -0.3090169943749463 0
    outer loop
      vertex -1.8168896517431292 -0.7193575020198422 -1.1572358180936746
      vertex -1.8927223359773873 -0.48596849817225585 -1.171235818093674
      vertex -1.8927223359773873 -0.48596849817225585 -1.272764181906326
    endloop
  endfacet
  facet normal -0.43366533018785974 -0.2584926501207116 -0.8632009796256176
    outer loop
      vertex -1.4152912462931073 -0.5603534450136751 -1.508139113421385
      vertex -1.7124035323436124 -0.941401808337234 -1.2447641819063264
      vertex -1.8168896517431292 -0.7193575020198422 -1.2587641819063258
    endloop
  endfacet
  facet normal -0.3978480298375352 -0.31080703648367525 -0.8632009796256183
    outer loop
      vertex -1.5809117862987512 -1.1485996457709655 -1.2307641819063262
      vertex -1.7124035323436124 -0.941401808337234 -1.2447641819063264
      vertex -1.3339003428866194 -0.7333179190634505 -1.4941391134213848
    endloop
  endfacet
  facet normal -0.42247437836970303 -0.26886265418360655 -0.8655797322063863
    outer loop
      vertex -1.4152912462931073 -0.5603534450136751 -1.508139113421385
      vertex -1.3339003428866194 -0.7333179190634505 -1.4941391134213848
      vertex -1.7124035323436124 -0.941401808337234 -1.2447641819063264
    endloop
  endfacet
  facet normal -0.45284046754279206 -0.2137925119108415 -0.8655797322063856
    outer loop
      vertex -1.4743621612915423 -0.3785518623971119 -1.5221391134213853
      vertex -1.4152912462931073 -0.5603534450136751 -1.508139113421385
      vertex -1.8168896517431292 -0.7193575020198422 -1.2587641819063258
    endloop
  endfacet
  facet normal -0.47560069506224567 -0.16937546348182309 0.8632009796256179
    outer loop
      vertex -1.7124035323436124 -0.941401808337234 -1.1432358180936744
      vertex -1.3339003428866194 -0.7333179190634505 -0.8938608865786155
      vertex -1.8168896517431292 -0.7193575020198422 -1.1572358180936746
    endloop
  endfacet
  facet normal -0.4930788160512675 -0.10843131436469006 0.8632009796256177
    outer loop
      vertex -1.8168896517431292 -0.7193575020198422 -1.1572358180936746
      vertex -1.4152912462931073 -0.5603534450136751 -0.9078608865786153
      vertex -1.8927223359773873 -0.48596849817225585 -1.171235818093674
    endloop
  endfacet
  facet normal -0.47645753936333 -0.15414259754319254 0.8655797322063856
    outer loop
      vertex -1.8168896517431292 -0.7193575020198422 -1.1572358180936746
      vertex -1.3339003428866194 -0.7333179190634505 -0.8938608865786155
      vertex -1.4152912462931073 -0.5603534450136751 -0.9078608865786153
    endloop
  endfacet
  facet normal -0.48432544437671093 -0.1425234461507103 -0.8632009796256184
    outer loop
      vertex -1.5101815042651463 -0.1907802907746243 -1.5361391134213846
      vertex -1.8927223359773873 -0.48596849817225585 -1.272764181906326
      vertex -1.938705658315764 -0.24491548080498307 -1.2867641819063262
    endloop
  endfacet
  facet normal -0.9822872507286886 -0.18738131458572513 0
    outer loop
      vertex -1.8927223359773873 -0.48596849817225585 -1.272764181906326
      vertex -1.8927223359773873 -0.48596849817225585 -1.171235818093674
      vertex -1.938705658315764 -0.24491548080498307 -1.2867641819063262
    endloop
  endfacet
  facet normal -0.9822872507286886 -0.18738131458572513 0
    outer loop
      vertex -1.8927223359773873 -0.48596849817225585 -1.171235818093674
      vertex -1.938705658315764 -0.24491548080498307 -1.1852358180936742
      vertex -1.938705658315764 -0.24491548080498307 -1.2867641819063262
    endloop
  endfacet
  facet normal -0.4983693179515989 -0.08069753216692012 -0.8632009796256183
    outer loop
      vertex -1.938705658315764 -0.24491548080498307 -1.2867641819063262
      vertex -1.9541144342958772 0 -1.3007641819063265
      vertex -1.5221843827777863 0 -1.5501391134213849
    endloop
  endfacet
  facet normal -0.9980267284282716 -0.06279051952931333 0
    outer loop
      vertex -1.938705658315764 -0.24491548080498307 -1.2867641819063262
      vertex -1.938705658315764 -0.24491548080498307 -1.1852358180936742
      vertex -1.9541144342958772 0 -1.3007641819063265
    endloop
  endfacet
  facet normal -0.9980267284282716 -0.06279051952931333 0
    outer loop
      vertex -1.938705658315764 -0.24491548080498307 -1.1852358180936742
      vertex -1.9541144342958772 0 -1.1992358180936744
      vertex -1.9541144342958772 0 -1.3007641819063265
    endloop
  endfacet
  facet normal -0.47606499202894714 -0.15535073401178415 -0.8655797322063857
    outer loop
      vertex -1.4743621612915423 -0.3785518623971119 -1.5221391134213853
      vertex -1.8927223359773873 -0.48596849817225585 -1.272764181906326
      vertex -1.5101815042651463 -0.1907802907746243 -1.5361391134213846
    endloop
  endfacet
  facet normal -0.4917816872033614 -0.0944589822353372 -0.8655797322063864
    outer loop
      vertex -1.5101815042651463 -0.1907802907746243 -1.5361391134213846
      vertex -1.938705658315764 -0.24491548080498307 -1.2867641819063262
      vertex -1.5221843827777863 0 -1.5501391134213849
    endloop
  endfacet
  facet normal -0.5027807895601529 -0.04577713864629428 0.8632009796256184
    outer loop
      vertex -1.8927223359773873 -0.48596849817225585 -1.171235818093674
      vertex -1.4743621612915423 -0.3785518623971119 -0.9218608865786155
      vertex -1.938705658315764 -0.24491548080498307 -1.1852358180936742
    endloop
  endfacet
  facet normal -0.5045536096709907 0.017598969894488642 0.8632009796256179
    outer loop
      vertex -1.938705658315764 -0.24491548080498307 -1.1852358180936742
      vertex -1.5101815042651463 -0.1907802907746243 -0.9358608865786153
      vertex -1.9541144342958772 0 -1.1992358180936744
    endloop
  endfacet
  facet normal -0.4920197195345702 -0.0932111730569001 0.8655797322063863
    outer loop
      vertex -1.8927223359773873 -0.48596849817225585 -1.171235818093674
      vertex -1.4152912462931073 -0.5603534450136751 -0.9078608865786153
      vertex -1.4743621612915423 -0.3785518623971119 -0.9218608865786155
    endloop
  endfacet
  facet normal -0.4998224548104168 -0.030809752689852588 0.8655797322063861
    outer loop
      vertex -1.938705658315764 -0.24491548080498307 -1.1852358180936742
      vertex -1.4743621612915423 -0.3785518623971119 -0.9218608865786155
      vertex -1.5101815042651463 -0.1907802907746243 -0.9358608865786153
    endloop
  endfacet
  facet normal -0.9822872507286884 -0.18738131458572552 0
    outer loop
      vertex -1.4743621612915423 -0.3785518623971119 -0.9218608865786155
      vertex -1.4743621612915423 -0.3785518623971119 -0.8221391134213851
      vertex -1.5101815042651463 -0.1907802907746243 -0.9358608865786153
    endloop
  endfacet
  facet normal -0.9822872507286884 -0.18738131458572552 0
    outer loop
      vertex -1.4743621612915423 -0.3785518623971119 -0.8221391134213851
      vertex -1.5101815042651463 -0.1907802907746243 -0.8361391134213849
      vertex -1.5101815042651463 -0.1907802907746243 -0.9358608865786153
    endloop
  endfacet
  facet normal -0.49974269139444144 0.03207755588197454 0.8655797322063861
    outer loop
      vertex -1.5101815042651463 -0.1907802907746243 -0.9358608865786153
      vertex -1.5221843827777863 0 -0.9498608865786156
      vertex -1.9541144342958772 0 -1.1992358180936744
    endloop
  endfacet
  facet normal -0.4917816872033614 -0.0944589822353372 -0.8655797322063864
    outer loop
      vertex -1.5101815042651463 -0.1907802907746243 -0.8361391134213849
      vertex -1.938705658315764 -0.24491548080498307 -0.5867641819063265
      vertex -1.5221843827777863 0 -0.8501391134213852
    endloop
  endfacet
  facet normal -0.9980267284282716 -0.0627905195293134 0
    outer loop
      vertex -1.5101815042651463 -0.1907802907746243 -0.9358608865786153
      vertex -1.5101815042651463 -0.1907802907746243 -0.8361391134213849
      vertex -1.5221843827777863 0 -0.9498608865786156
    endloop
  endfacet
  facet normal -0.9980267284282716 -0.06279051952931339 0
    outer loop
      vertex -1.5101815042651463 -0.1907802907746243 -0.8361391134213849
      vertex -1.5221843827777863 0 -0.8501391134213852
      vertex -1.5221843827777863 0 -0.9498608865786156
    endloop
  endfacet
  facet normal -0.3854456158757687 -0.31969267178912797 -0.8655797322063857
    outer loop
      vertex -1.5809117862987512 -1.1485996457709655 -1.2307641819063262
      vertex -1.3339003428866194 -0.7333179190634505 -1.4941391134213848
      vertex -1.2314730342393692 -0.8947175314667035 -1.4801391134213855
    endloop
  endfacet
  facet normal -0.45338133917439155 -0.212643101185899 0.865579732206386
    outer loop
      vertex -1.7124035323436124 -0.941401808337234 -1.1432358180936744
      vertex -1.2314730342393692 -0.8947175314667035 -0.8798608865786157
      vertex -1.3339003428866194 -0.7333179190634505 -0.8938608865786155
    endloop
  endfacet
  facet normal -0.8443279255020151 -0.5358267949789967 0
    outer loop
      vertex -1.2314730342393692 -0.8947175314667035 -0.8798608865786157
      vertex -1.2314730342393692 -0.8947175314667035 -0.7801391134213853
      vertex -1.3339003428866194 -0.7333179190634505 -0.8938608865786155
    endloop
  endfacet
  facet normal -0.8443279255020151 -0.5358267949789967 0
    outer loop
      vertex -1.2314730342393692 -0.8947175314667035 -0.7801391134213853
      vertex -1.3339003428866194 -0.7333179190634505 -0.7941391134213851
      vertex -1.3339003428866194 -0.7333179190634505 -0.8938608865786155
    endloop
  endfacet
  facet normal -0.9048270524660191 -0.42577929156507377 0
    outer loop
      vertex -1.3339003428866194 -0.7333179190634505 -0.8938608865786155
      vertex -1.3339003428866194 -0.7333179190634505 -0.7941391134213851
      vertex -1.4152912462931073 -0.5603534450136751 -0.9078608865786153
    endloop
  endfacet
  facet normal -0.9048270524660191 -0.4257792915650739 0
    outer loop
      vertex -1.3339003428866194 -0.7333179190634505 -0.7941391134213851
      vertex -1.4152912462931073 -0.5603534450136751 -0.8081391134213849
      vertex -1.4152912462931073 -0.5603534450136751 -0.9078608865786153
    endloop
  endfacet
  facet normal -0.9510565162951541 -0.3090169943749457 0
    outer loop
      vertex -1.4743621612915423 -0.3785518623971119 -0.9218608865786155
      vertex -1.4152912462931073 -0.5603534450136751 -0.9078608865786153
      vertex -1.4152912462931073 -0.5603534450136751 -0.8081391134213849
    endloop
  endfacet
  facet normal -0.7705132427757894 -0.6374239897486895 0
    outer loop
      vertex -1.1096246601958315 -1.0420069139203807 -0.7661391134213851
      vertex -1.2314730342393692 -0.8947175314667035 -0.7801391134213853
      vertex -1.2314730342393692 -0.8947175314667035 -0.8798608865786157
    endloop
  endfacet
  facet normal -0.9510565162951541 -0.30901699437494573 0
    outer loop
      vertex -1.4743621612915423 -0.3785518623971119 -0.9218608865786155
      vertex -1.4152912462931073 -0.5603534450136751 -0.8081391134213849
      vertex -1.4743621612915423 -0.3785518623971119 -0.8221391134213851
    endloop
  endfacet
  facet normal -0.904827052466019 -0.42577929156507377 0
    outer loop
      vertex -1.7124035323436124 -0.941401808337234 -0.5447641819063263
      vertex -1.7124035323436124 -0.941401808337234 -0.4432358180936742
      vertex -1.8168896517431292 -0.7193575020198422 -0.5587641819063265
    endloop
  endfacet
  facet normal -0.904827052466019 -0.42577929156507377 0
    outer loop
      vertex -1.7124035323436124 -0.941401808337234 -0.4432358180936742
      vertex -1.8168896517431292 -0.7193575020198422 -0.4572358180936744
      vertex -1.8168896517431292 -0.7193575020198422 -0.5587641819063265
    endloop
  endfacet
  facet normal -0.4626434692220071 -0.20210168024932185 -0.863200979625618
    outer loop
      vertex -1.4743621612915423 -0.3785518623971119 -0.8221391134213851
      vertex -1.8168896517431292 -0.7193575020198422 -0.5587641819063265
      vertex -1.8927223359773873 -0.48596849817225585 -0.5727641819063263
    endloop
  endfacet
  facet normal -0.951056516295154 -0.3090169943749463 0
    outer loop
      vertex -1.8168896517431292 -0.7193575020198422 -0.5587641819063265
      vertex -1.8168896517431292 -0.7193575020198422 -0.4572358180936744
      vertex -1.8927223359773873 -0.48596849817225585 -0.5727641819063263
    endloop
  endfacet
  facet normal -0.951056516295154 -0.30901699437494623 0
    outer loop
      vertex -1.8168896517431292 -0.7193575020198422 -0.4572358180936744
      vertex -1.8927223359773873 -0.48596849817225585 -0.4712358180936742
      vertex -1.8927223359773873 -0.48596849817225585 -0.5727641819063263
    endloop
  endfacet
  facet normal -0.4336653301878572 -0.25849265012071393 -0.8632009796256183
    outer loop
      vertex -1.4152912462931073 -0.5603534450136751 -0.8081391134213849
      vertex -1.7124035323436124 -0.941401808337234 -0.5447641819063263
      vertex -1.8168896517431292 -0.7193575020198422 -0.5587641819063265
    endloop
  endfacet
  facet normal -0.39784802983753575 -0.3108070364836756 -0.8632009796256179
    outer loop
      vertex -1.5809117862987512 -1.1485996457709655 -0.530764181906326
      vertex -1.7124035323436124 -0.941401808337234 -0.5447641819063263
      vertex -1.3339003428866194 -0.7333179190634505 -0.7941391134213851
    endloop
  endfacet
  facet normal -0.42247437836970464 -0.26886265418360505 -0.8655797322063861
    outer loop
      vertex -1.3339003428866194 -0.7333179190634505 -0.7941391134213851
      vertex -1.7124035323436124 -0.941401808337234 -0.5447641819063263
      vertex -1.4152912462931073 -0.5603534450136751 -0.8081391134213849
    endloop
  endfacet
  facet normal -0.4528404675427908 -0.21379251191084114 -0.8655797322063864
    outer loop
      vertex -1.4743621612915423 -0.3785518623971119 -0.8221391134213851
      vertex -1.4152912462931073 -0.5603534450136751 -0.8081391134213849
      vertex -1.8168896517431292 -0.7193575020198422 -0.5587641819063265
    endloop
  endfacet
  facet normal -0.4930788160512681 -0.1084313143646886 0.8632009796256176
    outer loop
      vertex -1.8168896517431292 -0.7193575020198422 -0.4572358180936744
      vertex -1.4152912462931073 -0.5603534450136751 -0.20786088657861512
      vertex -1.8927223359773873 -0.48596849817225585 -0.4712358180936742
    endloop
  endfacet
  facet normal -0.47560069506224567 -0.16937546348182309 0.8632009796256179
    outer loop
      vertex -1.7124035323436124 -0.941401808337234 -0.4432358180936742
      vertex -1.3339003428866194 -0.7333179190634505 -0.19386088657861533
      vertex -1.8168896517431292 -0.7193575020198422 -0.4572358180936744
    endloop
  endfacet
  facet normal -0.47645753936333 -0.15414259754319254 0.8655797322063856
    outer loop
      vertex -1.8168896517431292 -0.7193575020198422 -0.4572358180936744
      vertex -1.3339003428866194 -0.7333179190634505 -0.19386088657861533
      vertex -1.4152912462931073 -0.5603534450136751 -0.20786088657861512
    endloop
  endfacet
  facet normal -0.48432544437671093 -0.1425234461507103 -0.8632009796256184
    outer loop
      vertex -1.5101815042651463 -0.1907802907746243 -0.8361391134213849
      vertex -1.8927223359773873 -0.48596849817225585 -0.5727641819063263
      vertex -1.938705658315764 -0.24491548080498307 -0.5867641819063265
    endloop
  endfacet
  facet normal -0.9822872507286886 -0.18738131458572513 0
    outer loop
      vertex -1.8927223359773873 -0.48596849817225585 -0.5727641819063263
      vertex -1.8927223359773873 -0.48596849817225585 -0.4712358180936742
      vertex -1.938705658315764 -0.24491548080498307 -0.5867641819063265
    endloop
  endfacet
  facet normal -0.9822872507286886 -0.18738131458572513 0
    outer loop
      vertex -1.938705658315764 -0.24491548080498307 -0.5867641819063265
      vertex -1.8927223359773873 -0.48596849817225585 -0.4712358180936742
      vertex -1.938705658315764 -0.24491548080498307 -0.485235818093674
    endloop
  endfacet
  facet normal -0.5027807895601533 -0.04577713864629595 0.863200979625618
    outer loop
      vertex -1.8927223359773873 -0.48596849817225585 -0.4712358180936742
      vertex -1.4743621612915423 -0.3785518623971119 -0.22186088657861536
      vertex -1.938705658315764 -0.24491548080498307 -0.485235818093674
    endloop
  endfacet
  facet normal -0.49836931795159967 -0.08069753216691858 -0.863200979625618
    outer loop
      vertex -1.938705658315764 -0.24491548080498307 -0.5867641819063265
      vertex -1.9541144342958772 0 -0.6007641819063263
      vertex -1.5221843827777863 0 -0.8501391134213852
    endloop
  endfacet
  facet normal -0.9980267284282716 -0.06279051952931333 0
    outer loop
      vertex -1.938705658315764 -0.24491548080498307 -0.5867641819063265
      vertex -1.938705658315764 -0.24491548080498307 -0.485235818093674
      vertex -1.9541144342958772 0 -0.6007641819063263
    endloop
  endfacet
  facet normal -0.9980267284282716 -0.06279051952931333 0
    outer loop
      vertex -1.938705658315764 -0.24491548080498307 -0.485235818093674
      vertex -1.9541144342958772 0 -0.49923581809367423
      vertex -1.9541144342958772 0 -0.6007641819063263
    endloop
  endfacet
  facet normal -0.50455360967099 0.017598969894488708 0.8632009796256183
    outer loop
      vertex -1.938705658315764 -0.24491548080498307 -0.485235818093674
      vertex -1.5101815042651463 -0.1907802907746243 -0.2358608865786156
      vertex -1.9541144342958772 0 -0.49923581809367423
    endloop
  endfacet
  facet normal -0.47606499202894587 -0.15535073401178598 -0.865579732206386
    outer loop
      vertex -1.4743621612915423 -0.3785518623971119 -0.8221391134213851
      vertex -1.8927223359773873 -0.48596849817225585 -0.5727641819063263
      vertex -1.5101815042651463 -0.1907802907746243 -0.8361391134213849
    endloop
  endfacet
  facet normal -0.4920197195345709 -0.09321117305690037 0.8655797322063861
    outer loop
      vertex -1.8927223359773873 -0.48596849817225585 -0.4712358180936742
      vertex -1.4152912462931073 -0.5603534450136751 -0.20786088657861512
      vertex -1.4743621612915423 -0.3785518623971119 -0.22186088657861536
    endloop
  endfacet
  facet normal -0.4998224548104163 -0.03080975268985041 0.8655797322063863
    outer loop
      vertex -1.938705658315764 -0.24491548080498307 -0.485235818093674
      vertex -1.4743621612915423 -0.3785518623971119 -0.22186088657861536
      vertex -1.5101815042651463 -0.1907802907746243 -0.2358608865786156
    endloop
  endfacet
  facet normal -0.9822872507286885 -0.18738131458572552 0
    outer loop
      vertex -1.4743621612915423 -0.3785518623971119 -0.22186088657861536
      vertex -1.4743621612915423 -0.3785518623971119 0.09171000489135128
      vertex -1.5101815042651463 -0.1907802907746243 -0.2358608865786156
    endloop
  endfacet
  facet normal -0.9822872507286885 -0.18738131458572552 0
    outer loop
      vertex -1.5101815042651463 -0.1907802907746243 -0.2358608865786156
      vertex -1.4743621612915423 -0.3785518623971119 0.09171000489135128
      vertex -1.5101815042651463 -0.1907802907746243 -0.07040642180015189
    endloop
  endfacet
  facet normal -0.49974269139444144 0.03207755588197254 0.8655797322063861
    outer loop
      vertex -1.5101815042651463 -0.1907802907746243 -0.2358608865786156
      vertex -1.5221843827777863 0 -0.24986088657861538
      vertex -1.9541144342958772 0 -0.49923581809367423
    endloop
  endfacet
  facet normal -0.9980267284282716 -0.06279051952931337 0
    outer loop
      vertex -1.5101815042651463 -0.1907802907746243 -0.2358608865786156
      vertex -1.5101815042651463 -0.1907802907746243 -0.07040642180015189
      vertex -1.5221843827777863 0 -0.24986088657861538
    endloop
  endfacet
  facet normal -0.465290555601078 -0.36608577633626715 -0.8059068824825314
    outer loop
      vertex -1.5101815042651463 -0.1907802907746243 -0.07040642180015189
      vertex -1.9541144340804504 0 0.09923581811266269
      vertex -1.5221843827777863 0 -0.15013911330911345
    endloop
  endfacet
  facet normal -0.9980267284282717 -0.0627905195293134 0
    outer loop
      vertex -1.5101815042651463 -0.1907802907746243 -0.07040642180015189
      vertex -1.5221843827777863 0 -0.15013911330911345
      vertex -1.5221843827777863 0 -0.24986088657861538
    endloop
  endfacet
  facet normal -0.3854456158757674 -0.3196926717891296 -0.8655797322063855
    outer loop
      vertex -1.5809117862987512 -1.1485996457709655 -0.530764181906326
      vertex -1.3339003428866194 -0.7333179190634505 -0.7941391134213851
      vertex -1.2314730342393692 -0.8947175314667035 -0.7801391134213853
    endloop
  endfacet
  facet normal -0.45338133917439155 -0.212643101185899 0.865579732206386
    outer loop
      vertex -1.7124035323436124 -0.941401808337234 -0.4432358180936742
      vertex -1.2314730342393692 -0.8947175314667035 -0.17986088657861554
      vertex -1.3339003428866194 -0.7333179190634505 -0.19386088657861533
    endloop
  endfacet
  facet normal -0.8443279255020151 -0.5358267949789967 0
    outer loop
      vertex -1.3339003428866194 -0.7333179190634505 -0.19386088657861533
      vertex -1.2314730342393692 -0.8947175314667035 -0.17986088657861554
      vertex -1.2314730342393692 -0.8947175314667035 0.13371000489135154
    endloop
  endfacet
  facet normal -0.9048270524660189 -0.4257792915650737 0
    outer loop
      vertex -1.3339003428866194 -0.7333179190634505 -0.19386088657861533
      vertex -1.3339003428866194 -0.7333179190634505 0.11971000489135175
      vertex -1.4152912462931073 -0.5603534450136751 -0.20786088657861512
    endloop
  endfacet
  facet normal -0.9510565162951541 -0.30901699437494573 0
    outer loop
      vertex -1.4743621612915423 -0.3785518623971119 -0.22186088657861536
      vertex -1.4152912462931073 -0.5603534450136751 -0.20786088657861512
      vertex -1.4152912462931073 -0.5603534450136751 0.10571000489135152
    endloop
  endfacet
  facet normal -0.9510565162951541 -0.30901699437494573 0
    outer loop
      vertex -1.4743621612915423 -0.3785518623971119 -0.22186088657861536
      vertex -1.4152912462931073 -0.5603534450136751 0.10571000489135152
      vertex -1.4743621612915423 -0.3785518623971119 0.09171000489135128
    endloop
  endfacet
  facet normal -0.4817536741017152 -0.8763066800438637 0
    outer loop
      vertex -1.0470668743509552 -1.6499133865025815 -1.1887641819063264
      vertex -0.8320214594715809 -1.7681356037652418 -1.1747641819063261
      vertex -0.8320214594715809 -1.7681356037652418 -1.073235818093674
    endloop
  endfacet
  facet normal -0.18375544876774716 -0.46583866546443337 -0.8655797322063864
    outer loop
      vertex -0.8320214594715809 -1.7681356037652418 -1.1747641819063261
      vertex -0.8156271791909037 -1.2852227821423332 -1.4381391134213848
      vertex -0.6481145881305429 -1.3773136083786317 -1.4241391134213846
    endloop
  endfacet
  facet normal -0.19890445442624602 -0.46402703238364273 -0.8632009796256183
    outer loop
      vertex -1.0470668743509552 -1.6499133865025815 -1.1887641819063264
      vertex -0.8156271791909037 -1.2852227821423332 -1.4381391134213848
      vertex -0.8320214594715809 -1.7681356037652418 -1.1747641819063261
    endloop
  endfacet
  facet normal -0.36812455268467814 -0.9297764858882512 0
    outer loop
      vertex -0.8320214594715809 -1.7681356037652418 -1.1747641819063261
      vertex -0.6038545691508126 -1.8584732663235117 -1.1607641819063268
      vertex -0.6038545691508126 -1.8584732663235117 -1.0592358180936738
    endloop
  endfacet
  facet normal -0.12392141590718736 -0.4851960530271019 -0.8655797322063864
    outer loop
      vertex -0.6038545691508126 -1.8584732663235117 -1.1607641819063268
      vertex -0.6481145881305429 -1.3773136083786317 -1.4241391134213846
      vertex -0.470380842850476 -1.4476833762435302 -1.4101391134213852
    endloop
  endfacet
  facet normal -0.13917802496332704 -0.48529737907872544 -0.8632009796256185
    outer loop
      vertex -0.8320214594715809 -1.7681356037652418 -1.1747641819063261
      vertex -0.6481145881305429 -1.3773136083786317 -1.4241391134213846
      vertex -0.6038545691508126 -1.8584732663235117 -1.1607641819063268
    endloop
  endfacet
  facet normal -0.36812455268467814 -0.9297764858882512 0
    outer loop
      vertex -0.8320214594715809 -1.7681356037652418 -1.1747641819063261
      vertex -0.6038545691508126 -1.8584732663235117 -1.0592358180936738
      vertex -0.8320214594715809 -1.7681356037652418 -1.073235818093674
    endloop
  endfacet
  facet normal -0.48175367410171516 -0.8763066800438637 0
    outer loop
      vertex -1.0470668743509552 -1.6499133865025815 -1.1887641819063264
      vertex -0.8320214594715809 -1.7681356037652418 -1.073235818093674
      vertex -1.0470668743509552 -1.6499133865025815 -1.0872358180936743
    endloop
  endfacet
  facet normal -0.28521264530707613 -0.4165787029245649 0.8632009796256183
    outer loop
      vertex -1.0470668743509552 -1.6499133865025815 -1.0872358180936743
      vertex -0.8320214594715809 -1.7681356037652418 -1.073235818093674
      vertex -0.6481145881305429 -1.3773136083786317 -0.8238608865786157
    endloop
  endfacet
  facet normal -0.24868988716485463 -0.9685831611286311 0
    outer loop
      vertex -0.6038545691508126 -1.8584732663235117 -1.1607641819063268
      vertex -0.36616453154930145 -1.9195016952737438 -1.0452358180936745
      vertex -0.6038545691508126 -1.8584732663235117 -1.0592358180936738
    endloop
  endfacet
  facet normal -0.2307525025383829 -0.44904047851574214 0.8632009796256183
    outer loop
      vertex -0.8320214594715809 -1.7681356037652418 -1.073235818093674
      vertex -0.6038545691508126 -1.8584732663235117 -1.0592358180936738
      vertex -0.470380842850476 -1.4476833762435302 -0.8098608865786154
    endloop
  endfacet
  facet normal -0.2418047294457493 -0.4385227474273011 0.8655797322063863
    outer loop
      vertex -0.8320214594715809 -1.7681356037652418 -1.073235818093674
      vertex -0.470380842850476 -1.4476833762435302 -0.8098608865786154
      vertex -0.6481145881305429 -1.3773136083786317 -0.8238608865786157
    endloop
  endfacet
  facet normal -0.24069154843105758 -0.43913472386886043 -0.8655797322063864
    outer loop
      vertex -1.0470668743509552 -1.6499133865025815 -1.1887641819063264
      vertex -0.970276842403363 -1.1728632248767756 -1.452139113421385
      vertex -0.8156271791909037 -1.2852227821423332 -1.4381391134213848
    endloop
  endfacet
  facet normal -0.4817536741017158 -0.8763066800438633 0
    outer loop
      vertex -0.8156271791909037 -1.2852227821423332 -1.5378608865786152
      vertex -0.6481145881305429 -1.3773136083786317 -1.4241391134213846
      vertex -0.8156271791909037 -1.2852227821423332 -1.4381391134213848
    endloop
  endfacet
  facet normal -0.5877852522924721 -0.8090169943749481 0
    outer loop
      vertex -0.970276842403363 -1.1728632248767756 -1.5518608865786154
      vertex -0.8156271791909037 -1.2852227821423332 -1.4381391134213848
      vertex -0.970276842403363 -1.1728632248767756 -1.452139113421385
    endloop
  endfacet
  facet normal -0.48175367410171577 -0.8763066800438633 0
    outer loop
      vertex -0.8156271791909037 -1.2852227821423332 -1.5378608865786152
      vertex -0.6481145881305429 -1.3773136083786317 -1.5238608865786158
      vertex -0.6481145881305429 -1.3773136083786317 -1.4241391134213846
    endloop
  endfacet
  facet normal -0.3681245526846788 -0.9297764858882512 0
    outer loop
      vertex -0.6481145881305429 -1.3773136083786317 -1.5238608865786158
      vertex -0.470380842850476 -1.4476833762435302 -1.4101391134213852
      vertex -0.6481145881305429 -1.3773136083786317 -1.4241391134213846
    endloop
  endfacet
  facet normal -0.36812455268467875 -0.9297764858882511 0
    outer loop
      vertex -0.6481145881305429 -1.3773136083786317 -1.5238608865786158
      vertex -0.470380842850476 -1.4476833762435302 -1.5098608865786156
      vertex -0.470380842850476 -1.4476833762435302 -1.4101391134213852
    endloop
  endfacet
  facet normal -0.5877852522924721 -0.8090169943749481 0
    outer loop
      vertex -0.8156271791909037 -1.2852227821423332 -0.8378608865786155
      vertex -0.8156271791909037 -1.2852227821423332 -0.738139113421385
      vertex -0.970276842403363 -1.1728632248767756 -0.8518608865786153
    endloop
  endfacet
  facet normal -0.2948595008570622 -0.40475869595086544 0.8655797322063861
    outer loop
      vertex -1.0470668743509552 -1.6499133865025815 -1.0872358180936743
      vertex -0.6481145881305429 -1.3773136083786317 -0.8238608865786157
      vertex -0.8156271791909037 -1.2852227821423332 -0.8378608865786155
    endloop
  endfacet
  facet normal -0.4817536741017158 -0.8763066800438633 0
    outer loop
      vertex -0.8156271791909037 -1.2852227821423332 -0.8378608865786155
      vertex -0.6481145881305429 -1.3773136083786317 -0.7241391134213848
      vertex -0.8156271791909037 -1.2852227821423332 -0.738139113421385
    endloop
  endfacet
  facet normal -0.5877852522924721 -0.8090169943749481 0
    outer loop
      vertex -0.970276842403363 -1.1728632248767756 -0.8518608865786153
      vertex -0.8156271791909037 -1.2852227821423332 -0.738139113421385
      vertex -0.970276842403363 -1.1728632248767756 -0.7521391134213848
    endloop
  endfacet
  facet normal -0.48175367410171577 -0.8763066800438633 0
    outer loop
      vertex -0.8156271791909037 -1.2852227821423332 -0.8378608865786155
      vertex -0.6481145881305429 -1.3773136083786317 -0.8238608865786157
      vertex -0.6481145881305429 -1.3773136083786317 -0.7241391134213848
    endloop
  endfacet
  facet normal -0.3681245526846787 -0.9297764858882511 0
    outer loop
      vertex -0.6481145881305429 -1.3773136083786317 -0.8238608865786157
      vertex -0.470380842850476 -1.4476833762435302 -0.710139113421385
      vertex -0.6481145881305429 -1.3773136083786317 -0.7241391134213848
    endloop
  endfacet
  facet normal -0.36812455268467875 -0.9297764858882511 0
    outer loop
      vertex -0.6481145881305429 -1.3773136083786317 -0.8238608865786157
      vertex -0.470380842850476 -1.4476833762435302 -0.8098608865786154
      vertex -0.470380842850476 -1.4476833762435302 -0.710139113421385
    endloop
  endfacet
  facet normal -0.0772566749058084 -0.4989142962031368 -0.8632009796256183
    outer loop
      vertex -0.6038545691508126 -1.8584732663235117 -1.1607641819063268
      vertex -0.470380842850476 -1.4476833762435302 -1.4101391134213852
      vertex -0.36616453154930145 -1.9195016952737438 -1.1467641819063266
    endloop
  endfacet
  facet normal -0.014116940934128186 -0.504663036839469 -0.8632009796256183
    outer loop
      vertex -0.12269986054916919 -1.950258435834777 -1.1327641819063263
      vertex -0.36616453154930145 -1.9195016952737438 -1.1467641819063266
      vertex -0.28522891068676176 -1.4952223124609376 -1.396139113421385
    endloop
  endfacet
  facet normal -0.062133068290697556 -0.49690160899146246 -0.8655797322063863
    outer loop
      vertex -0.36616453154930145 -1.9195016952737438 -1.1467641819063266
      vertex -0.470380842850476 -1.4476833762435302 -1.4101391134213852
      vertex -0.28522891068676176 -1.4952223124609376 -1.396139113421385
    endloop
  endfacet
  facet normal -0.24868988716485452 -0.9685831611286313 0
    outer loop
      vertex -0.470380842850476 -1.4476833762435302 -1.5098608865786156
      vertex -0.28522891068676176 -1.4952223124609376 -1.396139113421385
      vertex -0.470380842850476 -1.4476833762435302 -1.4101391134213852
    endloop
  endfacet
  facet normal -0.24868988716485452 -0.9685831611286313 0
    outer loop
      vertex -0.470380842850476 -1.4476833762435302 -1.5098608865786156
      vertex -0.28522891068676176 -1.4952223124609376 -1.4958608865786154
      vertex -0.28522891068676176 -1.4952223124609376 -1.396139113421385
    endloop
  endfacet
  facet normal 0.049245425629135677 -0.5024529399137576 -0.8632009796256184
    outer loop
      vertex -0.12269986054916919 -1.950258435834777 -1.1327641819063263
      vertex -0.09557874821402501 -1.519180699608322 -1.3821391134213847
      vertex 0.12269986054916919 -1.950258435834777 -1.118764181906326
    endloop
  endfacet
  facet normal -0.1253332335643044 -0.9921147013144778 0
    outer loop
      vertex -0.28522891068676176 -1.4952223124609376 -1.4958608865786154
      vertex -0.09557874821402501 -1.519180699608322 -1.3821391134213847
      vertex -0.28522891068676176 -1.4952223124609376 -1.396139113421385
    endloop
  endfacet
  facet normal -0.1253332335643044 -0.9921147013144778 0
    outer loop
      vertex -0.28522891068676176 -1.4952223124609376 -1.4958608865786154
      vertex -0.09557874821402501 -1.519180699608322 -1.4818608865786151
      vertex -0.09557874821402501 -1.519180699608322 -1.3821391134213847
    endloop
  endfacet
  facet normal 0 -1 0
    outer loop
      vertex -0.09557874821402501 -1.519180699608322 -1.4818608865786151
      vertex 0.09557874821402501 -1.519180699608322 -1.3681391134213854
      vertex -0.09557874821402501 -1.519180699608322 -1.3821391134213847
    endloop
  endfacet
  facet normal 0.0006351549292277875 -0.5007707297473928 -0.8655797322063863
    outer loop
      vertex -0.12269986054916919 -1.950258435834777 -1.1327641819063263
      vertex -0.28522891068676176 -1.4952223124609376 -1.396139113421385
      vertex -0.09557874821402501 -1.519180699608322 -1.3821391134213847
    endloop
  endfacet
  facet normal -0.24868988716485463 -0.9685831611286311 0
    outer loop
      vertex -0.6038545691508126 -1.8584732663235117 -1.1607641819063268
      vertex -0.36616453154930145 -1.9195016952737438 -1.1467641819063266
      vertex -0.36616453154930145 -1.9195016952737438 -1.0452358180936745
    endloop
  endfacet
  facet normal -0.17265325495979267 -0.4744206175169486 0.8632009796256177
    outer loop
      vertex -0.6038545691508126 -1.8584732663235117 -1.0592358180936738
      vertex -0.36616453154930145 -1.9195016952737438 -1.0452358180936745
      vertex -0.28522891068676176 -1.4952223124609376 -0.7958608865786152
    endloop
  endfacet
  facet normal -0.12533323356430523 -0.9921147013144778 0
    outer loop
      vertex -0.12269986054916919 -1.950258435834777 -1.0312358180936743
      vertex -0.36616453154930145 -1.9195016952737438 -1.0452358180936745
      vertex -0.36616453154930145 -1.9195016952737438 -1.1467641819063266
    endloop
  endfacet
  facet normal -0.18493655300393072 -0.46537103321601875 0.8655797322063864
    outer loop
      vertex -0.6038545691508126 -1.8584732663235117 -1.0592358180936738
      vertex -0.28522891068676176 -1.4952223124609376 -0.7958608865786152
      vertex -0.470380842850476 -1.4476833762435302 -0.8098608865786154
    endloop
  endfacet
  facet normal -0.12515181664549743 -0.48488013981174105 0.8655797322063856
    outer loop
      vertex -0.36616453154930145 -1.9195016952737438 -1.0452358180936745
      vertex -0.09557874821402501 -1.519180699608322 -0.7818608865786154
      vertex -0.28522891068676176 -1.4952223124609376 -0.7958608865786152
    endloop
  endfacet
  facet normal -0.24868988716485452 -0.9685831611286312 0
    outer loop
      vertex -0.28522891068676176 -1.4952223124609376 -0.7958608865786152
      vertex -0.28522891068676176 -1.4952223124609376 -0.6961391134213852
      vertex -0.470380842850476 -1.4476833762435302 -0.8098608865786154
    endloop
  endfacet
  facet normal -0.12533323356430523 -0.9921147013144778 0
    outer loop
      vertex -0.12269986054916919 -1.950258435834777 -1.1327641819063263
      vertex -0.12269986054916919 -1.950258435834777 -1.0312358180936743
      vertex -0.36616453154930145 -1.9195016952737438 -1.1467641819063266
    endloop
  endfacet
  facet normal -0.1118311624124375 -0.4923188599747694 0.8632009796256179
    outer loop
      vertex -0.12269986054916919 -1.950258435834777 -1.0312358180936743
      vertex -0.09557874821402501 -1.519180699608322 -0.7818608865786154
      vertex -0.36616453154930145 -1.9195016952737438 -1.0452358180936745
    endloop
  endfacet
  facet normal -0.1253332335643044 -0.9921147013144778 0
    outer loop
      vertex -0.28522891068676176 -1.4952223124609376 -0.7958608865786152
      vertex -0.09557874821402501 -1.519180699608322 -0.7818608865786154
      vertex -0.09557874821402501 -1.519180699608322 -0.682139113421385
    endloop
  endfacet
  facet normal -0.06339336137649396 -0.496742396949274 0.8655797322063861
    outer loop
      vertex -0.12269986054916919 -1.950258435834777 -1.0312358180936743
      vertex 0.09557874821402501 -1.519180699608322 -0.7678608865786156
      vertex -0.09557874821402501 -1.519180699608322 -0.7818608865786154
    endloop
  endfacet
  facet normal -0.4817536741017152 -0.8763066800438637 0
    outer loop
      vertex -1.0470668743509552 -1.6499133865025815 -0.4887641819063262
      vertex -0.8320214594715809 -1.7681356037652418 -0.47476418190632597
      vertex -0.8320214594715809 -1.7681356037652418 -0.3732358180936739
    endloop
  endfacet
  facet normal -0.36812455268467814 -0.9297764858882512 0
    outer loop
      vertex -0.8320214594715809 -1.7681356037652418 -0.47476418190632597
      vertex -0.6038545691508126 -1.8584732663235117 -0.3592358180936741
      vertex -0.8320214594715809 -1.7681356037652418 -0.3732358180936739
    endloop
  endfacet
  facet normal -0.19890445442624635 -0.4640270323836433 -0.8632009796256179
    outer loop
      vertex -1.0470668743509552 -1.6499133865025815 -0.4887641819063262
      vertex -0.8156271791909037 -1.2852227821423332 -0.738139113421385
      vertex -0.8320214594715809 -1.7681356037652418 -0.47476418190632597
    endloop
  endfacet
  facet normal -0.18375544876774752 -0.4658386654644339 -0.865579732206386
    outer loop
      vertex -0.8320214594715809 -1.7681356037652418 -0.47476418190632597
      vertex -0.8156271791909037 -1.2852227821423332 -0.738139113421385
      vertex -0.6481145881305429 -1.3773136083786317 -0.7241391134213848
    endloop
  endfacet
  facet normal -0.48175367410171516 -0.8763066800438637 0
    outer loop
      vertex -1.0470668743509552 -1.6499133865025815 -0.4887641819063262
      vertex -0.8320214594715809 -1.7681356037652418 -0.3732358180936739
      vertex -1.0470668743509552 -1.6499133865025815 -0.38723581809367413
    endloop
  endfacet
  facet normal -0.36812455268467814 -0.9297764858882513 0
    outer loop
      vertex -0.8320214594715809 -1.7681356037652418 -0.47476418190632597
      vertex -0.6038545691508126 -1.8584732663235117 -0.4607641819063266
      vertex -0.6038545691508126 -1.8584732663235117 -0.3592358180936741
    endloop
  endfacet
  facet normal -0.24868988716485466 -0.9685831611286313 0
    outer loop
      vertex -0.6038545691508126 -1.8584732663235117 -0.4607641819063266
      vertex -0.36616453154930145 -1.9195016952737438 -0.3452358180936743
      vertex -0.6038545691508126 -1.8584732663235117 -0.3592358180936741
    endloop
  endfacet
  facet normal -0.12392141590718546 -0.4851960530271025 -0.8655797322063864
    outer loop
      vertex -0.6038545691508126 -1.8584732663235117 -0.4607641819063266
      vertex -0.6481145881305429 -1.3773136083786317 -0.7241391134213848
      vertex -0.470380842850476 -1.4476833762435302 -0.710139113421385
    endloop
  endfacet
  facet normal -0.13917802496332732 -0.48529737907872605 -0.8632009796256181
    outer loop
      vertex -0.8320214594715809 -1.7681356037652418 -0.47476418190632597
      vertex -0.6481145881305429 -1.3773136083786317 -0.7241391134213848
      vertex -0.6038545691508126 -1.8584732663235117 -0.4607641819063266
    endloop
  endfacet
  facet normal -0.28521264530707613 -0.4165787029245649 0.8632009796256183
    outer loop
      vertex -1.0470668743509552 -1.6499133865025815 -0.38723581809367413
      vertex -0.8320214594715809 -1.7681356037652418 -0.3732358180936739
      vertex -0.6481145881305429 -1.3773136083786317 -0.12386088657861549
    endloop
  endfacet
  facet normal -0.23075250253838164 -0.4490404785157433 0.863200979625618
    outer loop
      vertex -0.8320214594715809 -1.7681356037652418 -0.3732358180936739
      vertex -0.6038545691508126 -1.8584732663235117 -0.3592358180936741
      vertex -0.470380842850476 -1.4476833762435302 -0.10986088657861526
    endloop
  endfacet
  facet normal -0.2418047294457493 -0.4385227474273011 0.8655797322063863
    outer loop
      vertex -0.8320214594715809 -1.7681356037652418 -0.3732358180936739
      vertex -0.470380842850476 -1.4476833762435302 -0.10986088657861526
      vertex -0.6481145881305429 -1.3773136083786317 -0.12386088657861549
    endloop
  endfacet
  facet normal -0.24069154843105986 -0.4391347238688599 -0.8655797322063862
    outer loop
      vertex -1.0470668743509552 -1.6499133865025815 -0.4887641819063262
      vertex -0.970276842403363 -1.1728632248767756 -0.7521391134213848
      vertex -0.8156271791909037 -1.2852227821423332 -0.738139113421385
    endloop
  endfacet
  facet normal -0.2948595008570622 -0.40475869595086544 0.8655797322063861
    outer loop
      vertex -1.0470668743509552 -1.6499133865025815 -0.38723581809367413
      vertex -0.6481145881305429 -1.3773136083786317 -0.12386088657861549
      vertex -0.8156271791909037 -1.2852227821423332 -0.13786088657861528
    endloop
  endfacet
  facet normal -0.5877852522924722 -0.8090169943749482 0
    outer loop
      vertex -0.8156271791909037 -1.2852227821423332 -0.13786088657861528
      vertex -0.8156271791909037 -1.2852227821423332 0.1757100048913518
      vertex -0.970276842403363 -1.1728632248767756 -0.15186088657861507
    endloop
  endfacet
  facet normal -0.4817536741017159 -0.8763066800438633 0
    outer loop
      vertex -0.8156271791909037 -1.2852227821423332 -0.13786088657861528
      vertex -0.6481145881305429 -1.3773136083786317 -0.12386088657861549
      vertex -0.6481145881305429 -1.3773136083786317 0.18971000489135204
    endloop
  endfacet
  facet normal -0.36812455268467875 -0.9297764858882511 0
    outer loop
      vertex -0.6481145881305429 -1.3773136083786317 -0.12386088657861549
      vertex -0.470380842850476 -1.4476833762435302 -0.10986088657861526
      vertex -0.470380842850476 -1.4476833762435302 0.20371000489135138
    endloop
  endfacet
  facet normal -0.24868988716485463 -0.9685831611286311 0
    outer loop
      vertex -0.6038545691508126 -1.8584732663235117 -0.4607641819063266
      vertex -0.36616453154930145 -1.9195016952737438 -0.4467641819063264
      vertex -0.36616453154930145 -1.9195016952737438 -0.3452358180936743
    endloop
  endfacet
  facet normal -0.0772566749058084 -0.4989142962031368 -0.8632009796256183
    outer loop
      vertex -0.6038545691508126 -1.8584732663235117 -0.4607641819063266
      vertex -0.470380842850476 -1.4476833762435302 -0.710139113421385
      vertex -0.36616453154930145 -1.9195016952737438 -0.4467641819063264
    endloop
  endfacet
  facet normal -0.12533323356430523 -0.9921147013144778 0
    outer loop
      vertex -0.12269986054916919 -1.950258435834777 -0.3312358180936741
      vertex -0.36616453154930145 -1.9195016952737438 -0.3452358180936743
      vertex -0.36616453154930145 -1.9195016952737438 -0.4467641819063264
    endloop
  endfacet
  facet normal -0.01411694093412983 -0.5046630368394694 -0.8632009796256179
    outer loop
      vertex -0.12269986054916919 -1.950258435834777 -0.4327641819063266
      vertex -0.36616453154930145 -1.9195016952737438 -0.4467641819063264
      vertex -0.28522891068676176 -1.4952223124609376 -0.6961391134213852
    endloop
  endfacet
  facet normal -0.062133068290699714 -0.4969016089914627 -0.865579732206386
    outer loop
      vertex -0.36616453154930145 -1.9195016952737438 -0.4467641819063264
      vertex -0.470380842850476 -1.4476833762435302 -0.710139113421385
      vertex -0.28522891068676176 -1.4952223124609376 -0.6961391134213852
    endloop
  endfacet
  facet normal -0.24868988716485452 -0.9685831611286313 0
    outer loop
      vertex -0.470380842850476 -1.4476833762435302 -0.8098608865786154
      vertex -0.28522891068676176 -1.4952223124609376 -0.6961391134213852
      vertex -0.470380842850476 -1.4476833762435302 -0.710139113421385
    endloop
  endfacet
  facet normal -0.12533323356430523 -0.9921147013144778 0
    outer loop
      vertex -0.12269986054916919 -1.950258435834777 -0.4327641819063266
      vertex -0.12269986054916919 -1.950258435834777 -0.3312358180936741
      vertex -0.36616453154930145 -1.9195016952737438 -0.4467641819063264
    endloop
  endfacet
  facet normal 0.049245425629135677 -0.5024529399137576 -0.8632009796256184
    outer loop
      vertex -0.12269986054916919 -1.950258435834777 -0.4327641819063266
      vertex -0.09557874821402501 -1.519180699608322 -0.682139113421385
      vertex 0.12269986054916919 -1.950258435834777 -0.41876418190632636
    endloop
  endfacet
  facet normal 0.0006351549292277875 -0.5007707297473928 -0.8655797322063863
    outer loop
      vertex -0.12269986054916919 -1.950258435834777 -0.4327641819063266
      vertex -0.28522891068676176 -1.4952223124609376 -0.6961391134213852
      vertex -0.09557874821402501 -1.519180699608322 -0.682139113421385
    endloop
  endfacet
  facet normal -0.12533323356430442 -0.9921147013144779 0
    outer loop
      vertex -0.28522891068676176 -1.4952223124609376 -0.7958608865786152
      vertex -0.09557874821402501 -1.519180699608322 -0.682139113421385
      vertex -0.28522891068676176 -1.4952223124609376 -0.6961391134213852
    endloop
  endfacet
  facet normal 0 -1 0
    outer loop
      vertex -0.09557874821402501 -1.519180699608322 -0.7818608865786154
      vertex 0.09557874821402501 -1.519180699608322 -0.6681391134213852
      vertex -0.09557874821402501 -1.519180699608322 -0.682139113421385
    endloop
  endfacet
  facet normal -0.17265325495979403 -0.47442061751694753 0.8632009796256179
    outer loop
      vertex -0.6038545691508126 -1.8584732663235117 -0.3592358180936741
      vertex -0.36616453154930145 -1.9195016952737438 -0.3452358180936743
      vertex -0.28522891068676176 -1.4952223124609376 -0.09586088657861547
    endloop
  endfacet
  facet normal -0.18493655300392892 -0.4653710332160202 0.8655797322063861
    outer loop
      vertex -0.6038545691508126 -1.8584732663235117 -0.3592358180936741
      vertex -0.28522891068676176 -1.4952223124609376 -0.09586088657861547
      vertex -0.470380842850476 -1.4476833762435302 -0.10986088657861526
    endloop
  endfacet
  facet normal -0.12515181664549732 -0.48488013981174044 0.865579732206386
    outer loop
      vertex -0.36616453154930145 -1.9195016952737438 -0.3452358180936743
      vertex -0.09557874821402501 -1.519180699608322 -0.08186088657861568
      vertex -0.28522891068676176 -1.4952223124609376 -0.09586088657861547
    endloop
  endfacet
  facet normal -0.24868988716485452 -0.9685831611286312 0
    outer loop
      vertex -0.28522891068676176 -1.4952223124609376 -0.09586088657861547
      vertex -0.28522891068676176 -1.4952223124609376 0.21771000489135162
      vertex -0.470380842850476 -1.4476833762435302 -0.10986088657861526
    endloop
  endfacet
  facet normal -0.11183116241243744 -0.4923188599747687 0.8632009796256184
    outer loop
      vertex -0.12269986054916919 -1.950258435834777 -0.3312358180936741
      vertex -0.09557874821402501 -1.519180699608322 -0.08186088657861568
      vertex -0.36616453154930145 -1.9195016952737438 -0.3452358180936743
    endloop
  endfacet
  facet normal -0.06339336137649602 -0.49674239694927325 0.8655797322063864
    outer loop
      vertex -0.12269986054916919 -1.950258435834777 -0.3312358180936741
      vertex 0.09557874821402501 -1.519180699608322 -0.06786088657861544
      vertex -0.09557874821402501 -1.519180699608322 -0.08186088657861568
    endloop
  endfacet
  facet normal -0.7705132427757888 -0.6374239897486904 0
    outer loop
      vertex -3.161638414017295 -2.2970647659589853 2.428
      vertex -2.848809395962877 -2.675210089969315 2.428
      vertex -2.848809395962877 -2.675210089969315 3.01
    endloop
  endfacet
  facet normal -0.8443279255020156 -0.5358267949789959 0
    outer loop
      vertex -3.161638414017295 -2.2970647659589853 2.428
      vertex -3.161638414017295 -2.2970647659589853 3.01
      vertex -3.4246065056114188 -1.8826933583895038 2.428
    endloop
  endfacet
  facet normal -0.8443279255020156 -0.5358267949789959 0
    outer loop
      vertex -3.161638414017295 -2.2970647659589853 3.01
      vertex -3.4246065056114188 -1.8826933583895038 3.01
      vertex -3.4246065056114188 -1.8826933583895038 2.428
    endloop
  endfacet
  facet normal -0.7705132427757888 -0.6374239897486904 0
    outer loop
      vertex -3.161638414017295 -2.2970647659589853 2.428
      vertex -2.848809395962877 -2.675210089969315 3.01
      vertex -3.161638414017295 -2.2970647659589853 3.01
    endloop
  endfacet
  facet normal -0.5877852522924726 -0.8090169943749479 0
    outer loop
      vertex -2.4910529519378795 -3.011165752767785 2.428
      vertex -2.0940111147779197 -3.2996335328618747 2.428
      vertex -2.0940111147779197 -3.2996335328618747 3.01
    endloop
  endfacet
  facet normal -0.5877852522924726 -0.8090169943749479 0
    outer loop
      vertex -2.4910529519378795 -3.011165752767785 2.428
      vertex -2.0940111147779197 -3.2996335328618747 3.01
      vertex -2.4910529519378795 -3.011165752767785 3.01
    endloop
  endfacet
  facet normal -0.5453729577287413 -0.45117174802102117 -0.7064080908128536
    outer loop
      vertex -3.161638414017295 -2.2970647659589853 2.428
      vertex -1.5809117862987512 -1.1485996457709655 0.47411443429587674
      vertex -2.848809395962877 -2.675210089969315 2.428
    endloop
  endfacet
  facet normal -0.4845257149897103 -0.5159674803200772 -0.7064080908128536
    outer loop
      vertex -2.4910529519378795 -3.011165752767785 2.428
      vertex -2.848809395962877 -2.675210089969315 2.428
      vertex -1.424488116993034 -1.3376833806507191 0.47411443429587674
    endloop
  endfacet
  facet normal -0.6845471059286894 -0.7289686274214109 0
    outer loop
      vertex -2.4910529519378795 -3.011165752767785 2.428
      vertex -2.4910529519378795 -3.011165752767785 3.01
      vertex -2.848809395962877 -2.675210089969315 2.428
    endloop
  endfacet
  facet normal -0.6845471059286894 -0.7289686274214109 0
    outer loop
      vertex -2.4910529519378795 -3.011165752767785 3.01
      vertex -2.848809395962877 -2.675210089969315 3.01
      vertex -2.848809395962877 -2.675210089969315 2.428
    endloop
  endfacet
  facet normal -0.6404409144982934 -0.3013686185898073 -0.7064080908128536
    outer loop
      vertex -3.4246065056114188 -1.8826933583895038 2.428
      vertex -1.8168896517431292 -0.7193575020198422 0.47411443429587674
      vertex -1.7124035323436124 -0.941401808337234 0.47411443429587674
    endloop
  endfacet
  facet normal -0.5976193431343776 -0.37926076773873413 -0.7064080908128537
    outer loop
      vertex -3.161638414017295 -2.2970647659589853 2.428
      vertex -1.7124035323436124 -0.941401808337234 0.47411443429587674
      vertex -1.5809117862987512 -1.1485996457709655 0.47411443429587674
    endloop
  endfacet
  facet normal -0.6731623500597141 -0.21872370629683044 -0.7064080908128535
    outer loop
      vertex -3.6335665068512872 -1.4386307518917212 2.428
      vertex -1.8927223359773873 -0.48596849817225585 0.47411443429587674
      vertex -1.8168896517431292 -0.7193575020198422 0.47411443429587674
    endloop
  endfacet
  facet normal -0.6952676132329959 -0.13262939049634673 -0.7064080908128536
    outer loop
      vertex -3.7852229936906907 -0.9718800790402529 2.428
      vertex -1.938705658315764 -0.24491548080498307 0.47411443429587674
      vertex -1.8927223359773873 -0.48596849817225585 0.47411443429587674
    endloop
  endfacet
  facet normal -0.7064080908128534 -0.044443429978776476 -0.7064080908128537
    outer loop
      vertex -3.87718425273698 -0.4898022767693003 2.428
      vertex -1.9541144342958772 0 0.47411443429587674
      vertex -1.938705658315764 -0.24491548080498307 0.47411443429587674
    endloop
  endfacet
  facet normal -0.6404409144982934 -0.30136861858980724 -0.7064080908128536
    outer loop
      vertex -3.4246065056114188 -1.8826933583895038 2.428
      vertex -3.6335665068512872 -1.4386307518917212 2.428
      vertex -1.8168896517431292 -0.7193575020198422 0.47411443429587674
    endloop
  endfacet
  facet normal -0.9048270524660192 -0.4257792915650735 0
    outer loop
      vertex -3.4246065056114188 -1.8826933583895038 2.428
      vertex -3.4246065056114188 -1.8826933583895038 3.01
      vertex -3.6335665068512872 -1.4386307518917212 2.428
    endloop
  endfacet
  facet normal -0.9048270524660192 -0.4257792915650735 0
    outer loop
      vertex -3.4246065056114188 -1.8826933583895038 3.01
      vertex -3.6335665068512872 -1.4386307518917212 3.01
      vertex -3.6335665068512872 -1.4386307518917212 2.428
    endloop
  endfacet
  facet normal -0.9510565162951536 -0.30901699437494695 0
    outer loop
      vertex -3.6335665068512872 -1.4386307518917212 2.428
      vertex -3.6335665068512872 -1.4386307518917212 3.01
      vertex -3.7852229936906907 -0.9718800790402529 2.428
    endloop
  endfacet
  facet normal -0.9510565162951536 -0.30901699437494695 0
    outer loop
      vertex -3.6335665068512872 -1.4386307518917212 3.01
      vertex -3.7852229936906907 -0.9718800790402529 3.01
      vertex -3.7852229936906907 -0.9718800790402529 2.428
    endloop
  endfacet
  facet normal -0.6952676132329959 -0.13262939049634673 -0.7064080908128536
    outer loop
      vertex -3.7852229936906907 -0.9718800790402529 2.428
      vertex -3.87718425273698 -0.4898022767693003 2.428
      vertex -1.938705658315764 -0.24491548080498307 0.47411443429587674
    endloop
  endfacet
  facet normal -0.6731623500597138 -0.2187237062968312 -0.7064080908128536
    outer loop
      vertex -3.6335665068512872 -1.4386307518917212 2.428
      vertex -3.7852229936906907 -0.9718800790402529 2.428
      vertex -1.8927223359773873 -0.48596849817225585 0.47411443429587674
    endloop
  endfacet
  facet normal -0.7064080908128536 -0.04444342997877639 -0.7064080908128536
    outer loop
      vertex -3.87718425273698 -0.4898022767693003 2.428
      vertex -3.9080000000000004 0 2.428
      vertex -1.9541144342958772 0 0.47411443429587674
    endloop
  endfacet
  facet normal -0.9822872507286886 -0.18738131458572485 0
    outer loop
      vertex -3.7852229936906907 -0.9718800790402529 2.428
      vertex -3.7852229936906907 -0.9718800790402529 3.01
      vertex -3.87718425273698 -0.4898022767693003 2.428
    endloop
  endfacet
  facet normal -0.9822872507286886 -0.18738131458572485 0
    outer loop
      vertex -3.87718425273698 -0.4898022767693003 2.428
      vertex -3.7852229936906907 -0.9718800790402529 3.01
      vertex -3.87718425273698 -0.4898022767693003 3.01
    endloop
  endfacet
  facet normal 0 0 1
    outer loop
      vertex -3.4246065056114188 -1.8826933583895038 3.01
      vertex -3.6335665068512872 1.4386307518917212 3.01
      vertex -3.6335665068512872 -1.4386307518917212 3.01
    endloop
  endfacet
  facet normal -0.9980267284282717 -0.06279051952931296 0
    outer loop
      vertex -3.87718425273698 -0.4898022767693003 2.428
      vertex -3.87718425273698 -0.4898022767693003 3.01
      vertex -3.9080000000000004 0 2.428
    endloop
  endfacet
  facet normal 0 0 1
    outer loop
      vertex -3.7852229936906907 -0.9718800790402529 3.01
      vertex -3.87718425273698 0.4898022767693003 3.01
      vertex -3.87718425273698 -0.4898022767693003 3.01
    endloop
  endfacet
  facet normal 0 0 1
    outer loop
      vertex -3.6335665068512872 -1.4386307518917212 3.01
      vertex -3.7852229936906907 0.9718800790402529 3.01
      vertex -3.7852229936906907 -0.9718800790402529 3.01
    endloop
  endfacet
  facet normal -0.9980267284282717 -0.06279051952931296 0
    outer loop
      vertex -3.87718425273698 -0.4898022767693003 3.01
      vertex -3.9080000000000004 0 3.01
      vertex -3.9080000000000004 0 2.428
    endloop
  endfacet
  facet normal 0 0 1
    outer loop
      vertex -3.161638414017295 -2.2970647659589853 3.01
      vertex -3.4246065056114188 1.8826933583895038 3.01
      vertex -3.4246065056114188 -1.8826933583895038 3.01
    endloop
  endfacet
  facet normal 0 0 1
    outer loop
      vertex -3.161638414017295 -2.2970647659589853 3.01
      vertex -2.848809395962877 -2.675210089969315 3.01
      vertex -3.161638414017295 2.2970647659589853 3.01
    endloop
  endfacet
  facet normal -0.5976193431343783 -0.37926076773873346 -0.7064080908128536
    outer loop
      vertex -3.161638414017295 -2.2970647659589853 2.428
      vertex -3.4246065056114188 -1.8826933583895038 2.428
      vertex -1.7124035323436124 -0.941401808337234 0.47411443429587674
    endloop
  endfacet
  facet normal 0 0 1
    outer loop
      vertex -2.4910529519378795 -3.011165752767785 3.01
      vertex -2.848809395962877 2.675210089969315 3.01
      vertex -2.848809395962877 -2.675210089969315 3.01
    endloop
  endfacet
  facet normal 0 0 1
    outer loop
      vertex -2.4910529519378795 -3.011165752767785 3.01
      vertex -2.0940111147779197 -3.2996335328618747 3.01
      vertex -2.4910529519378795 3.011165752767785 3.01
    endloop
  endfacet
  facet normal -0.48452571498971 -0.515967480320078 -0.7064080908128532
    outer loop
      vertex -2.4910529519378795 -3.011165752767785 2.428
      vertex -1.424488116993034 -1.3376833806507191 0.47411443429587674
      vertex -1.2455994191343815 -1.5056710495242935 0.47411443429587674
    endloop
  endfacet
  facet normal -0.4160372122836573 -0.5726260972304548 -0.7064080908128537
    outer loop
      vertex -2.0940111147779197 -3.2996335328618747 2.428
      vertex -1.2455994191343815 -1.5056710495242935 0.47411443429587674
      vertex -1.0470668743509552 -1.6499133865025815 0.47411443429587674
    endloop
  endfacet
  facet normal -0.34098755421130894 -0.6202540585172571 -0.7064080908128534
    outer loop
      vertex -1.6639454714363033 -3.536064121037205 2.428
      vertex -1.0470668743509552 -1.6499133865025815 0.47411443429587674
      vertex -0.8320214594715809 -1.7681356037652418 0.47411443429587674
    endloop
  endfacet
  facet normal -0.26056031871295565 -0.658100242779428 -0.7064080908128537
    outer loop
      vertex -1.2076384140172944 -3.7167288656814605 2.428
      vertex -0.8320214594715809 -1.7681356037652418 0.47411443429587674
      vertex -0.6038545691508126 -1.8584732663235117 0.47411443429587674
    endloop
  endfacet
  facet normal -0.1760238913373094 -0.6855677930829381 -0.7064080908128535
    outer loop
      vertex -0.7322861774010127 -3.8387785758477153 2.428
      vertex -0.6038545691508126 -1.8584732663235117 0.47411443429587674
      vertex -0.36616453154930145 -1.9195016952737438 0.47411443429587674
    endloop
  endfacet
  facet normal -0.08871146204369962 -0.7022235297511815 -0.7064080908128535
    outer loop
      vertex -0.12269986054916919 -1.950258435834777 0.47411443429587674
      vertex -0.2453853503205582 -3.9002884546976855 2.428
      vertex -0.36616453154930145 -1.9195016952737438 0.47411443429587674
    endloop
  endfacet
  facet normal -0.260560318712956 -0.6581002427794279 -0.7064080908128536
    outer loop
      vertex -1.6639454714363033 -3.536064121037205 2.428
      vertex -0.8320214594715809 -1.7681356037652418 0.47411443429587674
      vertex -1.2076384140172944 -3.7167288656814605 2.428
    endloop
  endfacet
  facet normal -0.4817536741017152 -0.8763066800438637 0
    outer loop
      vertex -2.0940111147779197 -3.2996335328618747 2.428
      vertex -1.6639454714363033 -3.536064121037205 2.428
      vertex -1.6639454714363033 -3.536064121037205 3.01
    endloop
  endfacet
  facet normal -0.3681245526846782 -0.9297764858882515 0
    outer loop
      vertex -1.6639454714363033 -3.536064121037205 2.428
      vertex -1.2076384140172944 -3.7167288656814605 3.01
      vertex -1.6639454714363033 -3.536064121037205 3.01
    endloop
  endfacet
  facet normal -0.4817536741017152 -0.8763066800438637 0
    outer loop
      vertex -2.0940111147779197 -3.2996335328618747 2.428
      vertex -1.6639454714363033 -3.536064121037205 3.01
      vertex -2.0940111147779197 -3.2996335328618747 3.01
    endloop
  endfacet
  facet normal -0.3681245526846782 -0.9297764858882515 0
    outer loop
      vertex -1.6639454714363033 -3.536064121037205 2.428
      vertex -1.2076384140172944 -3.7167288656814605 2.428
      vertex -1.2076384140172944 -3.7167288656814605 3.01
    endloop
  endfacet
  facet normal -0.2486898871648544 -0.9685831611286313 0
    outer loop
      vertex -1.2076384140172944 -3.7167288656814605 2.428
      vertex -0.7322861774010127 -3.8387785758477153 3.01
      vertex -1.2076384140172944 -3.7167288656814605 3.01
    endloop
  endfacet
  facet normal -0.4160372122836574 -0.5726260972304547 -0.7064080908128536
    outer loop
      vertex -2.4910529519378795 -3.011165752767785 2.428
      vertex -1.2455994191343815 -1.5056710495242935 0.47411443429587674
      vertex -2.0940111147779197 -3.2996335328618747 2.428
    endloop
  endfacet
  facet normal -0.3409875542113087 -0.6202540585172571 -0.7064080908128536
    outer loop
      vertex -2.0940111147779197 -3.2996335328618747 2.428
      vertex -1.0470668743509552 -1.6499133865025815 0.47411443429587674
      vertex -1.6639454714363033 -3.536064121037205 2.428
    endloop
  endfacet
  facet normal 0 0 1
    outer loop
      vertex -1.2076384140172944 -3.7167288656814605 3.01
      vertex -0.7322861774010127 -3.8387785758477153 3.01
      vertex -1.4734556219988442 2.6243572805616862e-17 3.01
    endloop
  endfacet
  facet normal 0 0 1
    outer loop
      vertex -1.6639454714363033 -3.536064121037205 3.01
      vertex -1.2076384140172944 -3.7167288656814605 3.01
      vertex -1.4734556219988442 2.6243572805616862e-17 3.01
    endloop
  endfacet
  facet normal -0.1760238913373097 -0.6855677930829381 -0.7064080908128536
    outer loop
      vertex -1.2076384140172944 -3.7167288656814605 2.428
      vertex -0.6038545691508126 -1.8584732663235117 0.47411443429587674
      vertex -0.7322861774010127 -3.8387785758477153 2.428
    endloop
  endfacet
  facet normal -0.08871146204369944 -0.7022235297511815 -0.7064080908128535
    outer loop
      vertex -0.7322861774010127 -3.8387785758477153 2.428
      vertex -0.36616453154930145 -1.9195016952737438 0.47411443429587674
      vertex -0.2453853503205582 -3.9002884546976855 2.428
    endloop
  endfacet
  facet normal 0 -0.7078047818672456 -0.7064080908128535
    outer loop
      vertex -0.12269986054916919 -1.950258435834777 0.47411443429587674
      vertex 0.2453853503205582 -3.9002884546976855 2.428
      vertex -0.2453853503205582 -3.9002884546976855 2.428
    endloop
  endfacet
  facet normal -0.2486898871648544 -0.9685831611286313 0
    outer loop
      vertex -1.2076384140172944 -3.7167288656814605 2.428
      vertex -0.7322861774010127 -3.8387785758477153 2.428
      vertex -0.7322861774010127 -3.8387785758477153 3.01
    endloop
  endfacet
  facet normal -0.12533323356430498 -0.9921147013144777 0
    outer loop
      vertex -0.7322861774010127 -3.8387785758477153 2.428
      vertex -0.2453853503205582 -3.9002884546976855 3.01
      vertex -0.7322861774010127 -3.8387785758477153 3.01
    endloop
  endfacet
  facet normal 0 0 1
    outer loop
      vertex -0.7322861774010127 -3.8387785758477153 3.01
      vertex -0.2453853503205582 -3.9002884546976855 3.01
      vertex -0.7367278109994221 -1.2760500000000001 3.01
    endloop
  endfacet
  facet normal -0.12533323356430498 -0.9921147013144777 0
    outer loop
      vertex -0.7322861774010127 -3.8387785758477153 2.428
      vertex -0.2453853503205582 -3.9002884546976855 2.428
      vertex -0.2453853503205582 -3.9002884546976855 3.01
    endloop
  endfacet
  facet normal 0 -1 0
    outer loop
      vertex -0.2453853503205582 -3.9002884546976855 2.428
      vertex 0.2453853503205582 -3.9002884546976855 3.01
      vertex -0.2453853503205582 -3.9002884546976855 3.01
    endloop
  endfacet
  facet normal 0 0 1
    outer loop
      vertex -0.2453853503205582 -3.9002884546976855 3.01
      vertex 0.2453853503205582 -3.9002884546976855 3.01
      vertex -0.7367278109994221 -1.2760500000000001 3.01
    endloop
  endfacet
  facet normal 0 0 -1
    outer loop
      vertex -1.5809117862987512 -1.1485996457709655 0.47411443429587674
      vertex -1.4152912462931073 -0.5603534450136751 0.47411443429587674
      vertex -1.424488116993034 -1.3376833806507191 0.47411443429587674
    endloop
  endfacet
  facet normal -0.7705132427757895 -0.6374239897486895 0
    outer loop
      vertex -1.1096246601958315 -1.0420069139203807 0.14771000489135178
      vertex -1.1096246601958315 -1.0420069139203807 0.21940529770193073
      vertex -1.2314730342393692 -0.8947175314667035 0.13371000489135154
    endloop
  endfacet
  facet normal -0.684547105928689 -0.7289686274214112 0
    outer loop
      vertex -1.1096246601958315 -1.0420069139203807 0.14771000489135178
      vertex -0.970276842403363 -1.1728632248767756 0.16171000489135157
      vertex -0.970276842403363 -1.1728632248767756 0.23340529770193097
    endloop
  endfacet
  facet normal -0.684547105928689 -0.7289686274214112 0
    outer loop
      vertex -1.1096246601958315 -1.0420069139203807 -0.1658608865786153
      vertex -0.970276842403363 -1.1728632248767756 0.16171000489135157
      vertex -1.1096246601958315 -1.0420069139203807 0.14771000489135178
    endloop
  endfacet
  facet normal -0.7705132427757894 -0.6374239897486895 0
    outer loop
      vertex -1.1096246601958315 -1.0420069139203807 0.21940529770193073
      vertex -1.1096246601958315 -1.0420069139203807 0.24859470229806835
      vertex -1.2314730342393692 -0.8947175314667035 0.20540529770193094
    endloop
  endfacet
  facet normal -0.7705132427757895 -0.6374239897486895 0
    outer loop
      vertex -1.1096246601958315 -1.0420069139203807 0.24859470229806835
      vertex -1.1096246601958315 -1.0420069139203807 0.32028999510864775
      vertex -1.2314730342393692 -0.8947175314667035 0.23459470229806856
    endloop
  endfacet
  facet normal -0.7705132427757895 -0.6374239897486895 0
    outer loop
      vertex -1.1096246601958315 -1.0420069139203807 0.32028999510864775
      vertex -1.1096246601958315 -1.0420069139203807 0.47411443429587674
      vertex -1.2314730342393692 -0.8947175314667035 0.3062899951086475
    endloop
  endfacet
  facet normal -0.6845471059286888 -0.7289686274214112 0
    outer loop
      vertex -1.1096246601958315 -1.0420069139203807 0.21940529770193073
      vertex -0.970276842403363 -1.1728632248767756 0.23340529770193097
      vertex -0.970276842403363 -1.1728632248767756 0.2625947022980686
    endloop
  endfacet
  facet normal -0.684547105928689 -0.7289686274214112 0
    outer loop
      vertex -1.1096246601958315 -1.0420069139203807 0.24859470229806835
      vertex -0.970276842403363 -1.1728632248767756 0.2625947022980686
      vertex -0.970276842403363 -1.1728632248767756 0.334289995108648
    endloop
  endfacet
  facet normal -0.684547105928689 -0.7289686274214113 0
    outer loop
      vertex -1.1096246601958315 -1.0420069139203807 0.32028999510864775
      vertex -0.970276842403363 -1.1728632248767756 0.334289995108648
      vertex -0.970276842403363 -1.1728632248767756 0.47411443429587674
    endloop
  endfacet
  facet normal -0.684547105928689 -0.7289686274214112 0
    outer loop
      vertex -1.1096246601958315 -1.0420069139203807 0.14771000489135178
      vertex -0.970276842403363 -1.1728632248767756 0.23340529770193097
      vertex -1.1096246601958315 -1.0420069139203807 0.21940529770193073
    endloop
  endfacet
  facet normal -0.6845471059286891 -0.7289686274214113 0
    outer loop
      vertex -1.1096246601958315 -1.0420069139203807 0.21940529770193073
      vertex -0.970276842403363 -1.1728632248767756 0.2625947022980686
      vertex -1.1096246601958315 -1.0420069139203807 0.24859470229806835
    endloop
  endfacet
  facet normal -0.684547105928689 -0.7289686274214112 0
    outer loop
      vertex -1.1096246601958315 -1.0420069139203807 0.24859470229806835
      vertex -0.970276842403363 -1.1728632248767756 0.334289995108648
      vertex -1.1096246601958315 -1.0420069139203807 0.32028999510864775
    endloop
  endfacet
  facet normal 0 0 -1
    outer loop
      vertex -1.2455994191343815 -1.5056710495242935 0.47411443429587674
      vertex -1.424488116993034 -1.3376833806507191 0.47411443429587674
      vertex -1.2314730342393692 -0.8947175314667035 0.47411443429587674
    endloop
  endfacet
  facet normal 0 0 -1
    outer loop
      vertex -1.424488116993034 -1.3376833806507191 0.47411443429587674
      vertex -1.3339003428866194 -0.7333179190634505 0.47411443429587674
      vertex -1.2314730342393692 -0.8947175314667035 0.47411443429587674
    endloop
  endfacet
  facet normal 0 0 -1
    outer loop
      vertex -1.2455994191343815 -1.5056710495242935 0.47411443429587674
      vertex -1.1096246601958315 -1.0420069139203807 0.47411443429587674
      vertex -0.970276842403363 -1.1728632248767756 0.47411443429587674
    endloop
  endfacet
  facet normal 0 0 -1
    outer loop
      vertex -1.2455994191343815 -1.5056710495242935 0.47411443429587674
      vertex -0.970276842403363 -1.1728632248767756 0.47411443429587674
      vertex -1.0470668743509552 -1.6499133865025815 0.47411443429587674
    endloop
  endfacet
  facet normal 0 0 -1
    outer loop
      vertex -1.2455994191343815 -1.5056710495242935 0.47411443429587674
      vertex -1.2314730342393692 -0.8947175314667035 0.47411443429587674
      vertex -1.1096246601958315 -1.0420069139203807 0.47411443429587674
    endloop
  endfacet
  facet normal -0.684547105928689 -0.7289686274214112 0
    outer loop
      vertex -1.1096246601958315 -1.0420069139203807 0.32028999510864775
      vertex -0.970276842403363 -1.1728632248767756 0.47411443429587674
      vertex -1.1096246601958315 -1.0420069139203807 0.47411443429587674
    endloop
  endfacet
  facet normal -0.545372957728742 -0.4511717480210208 -0.7064080908128533
    outer loop
      vertex -2.848809395962877 -2.675210089969315 2.428
      vertex -1.5809117862987512 -1.1485996457709655 0.47411443429587674
      vertex -1.424488116993034 -1.3376833806507191 0.47411443429587674
    endloop
  endfacet
  facet normal 0 0 -1
    outer loop
      vertex -1.5809117862987512 -1.1485996457709655 0.47411443429587674
      vertex -1.4743621612915423 -0.3785518623971119 0.47411443429587674
      vertex -1.4152912462931073 -0.5603534450136751 0.47411443429587674
    endloop
  endfacet
  facet normal 0 0 -1
    outer loop
      vertex -1.5809117862987512 -1.1485996457709655 0.47411443429587674
      vertex -1.5101815042651463 -0.1907802907746243 0.47411443429587674
      vertex -1.4743621612915423 -0.3785518623971119 0.47411443429587674
    endloop
  endfacet
  facet normal -0.85240002161086 -0.5228902400674593 0
    outer loop
      vertex -1.8135723681807896 -0.22910747003931525 0.12435355038992357
      vertex -1.8135723681807896 -0.22910747003931525 0.20364644961007627
      vertex -1.9541144340804504 0 0.09923581811266269
    endloop
  endfacet
  facet normal -0.8524000216108601 -0.5228902400674592 0
    outer loop
      vertex -1.8135723681807896 -0.22910747003931525 0.20364644961007627
      vertex -1.9541144340804504 0 0.2007641818873367
      vertex -1.9541144340804504 0 0.09923581811266269
    endloop
  endfacet
  facet normal -0.4669966492370994 -0.37430159883129593 -0.8011319758402214
    outer loop
      vertex -1.5101815042651463 -0.1907802907746243 -0.07040642180015189
      vertex -1.8135723681807896 -0.22910747003931525 0.12435355038992357
      vertex -1.9541144340804504 0 0.09923581811266269
    endloop
  endfacet
  facet normal -0.4906253755343586 -0.2906312686858948 0.8214744101576122
    outer loop
      vertex -1.8135723681807896 -0.22910747003931525 0.20364644961007627
      vertex -1.5101815042651463 -0.1907802907746243 0.3984064218001513
      vertex -1.9541144340804504 0 0.2007641818873367
    endloop
  endfacet
  facet normal -0.35101729158101624 -0.6493879288648549 -0.6745977904320041
    outer loop
      vertex -1.5101815042651463 -0.1907802907746243 -0.07040642180015189
      vertex -1.4743621612915423 -0.3785518623971119 0.09171000489135128
      vertex -1.8135723681807896 -0.22910747003931525 0.12435355038992357
    endloop
  endfacet
  facet normal -0.40317230981172786 -0.9151240837182005 0
    outer loop
      vertex -1.8135723681807896 -0.22910747003931525 0.12435355038992357
      vertex -1.4743621612915423 -0.3785518623971119 0.1925947022980683
      vertex -1.8135723681807896 -0.22910747003931525 0.20364644961007627
    endloop
  endfacet
  facet normal -0.4031723098117278 -0.9151240837182005 0
    outer loop
      vertex -1.8135723681807896 -0.22910747003931525 0.12435355038992357
      vertex -1.4743621612915423 -0.3785518623971119 0.09171000489135128
      vertex -1.4743621612915423 -0.3785518623971119 0.16340529770193069
    endloop
  endfacet
  facet normal -0.4031723098117277 -0.9151240837182006 0
    outer loop
      vertex -1.8135723681807896 -0.22910747003931525 0.12435355038992357
      vertex -1.4743621612915423 -0.3785518623971119 0.16340529770193069
      vertex -1.4743621612915423 -0.3785518623971119 0.1925947022980683
    endloop
  endfacet
  facet normal -0.3850279875483179 -0.5839213283465241 0.7146952715014444
    outer loop
      vertex -1.8135723681807896 -0.22910747003931525 0.20364644961007627
      vertex -1.4743621612915423 -0.3785518623971119 0.2642899951086477
      vertex -1.5101815042651463 -0.1907802907746243 0.3984064218001513
    endloop
  endfacet
  facet normal -0.40317230981172786 -0.9151240837182005 0
    outer loop
      vertex -1.8135723681807896 -0.22910747003931525 0.20364644961007627
      vertex -1.4743621612915423 -0.3785518623971119 0.1925947022980683
      vertex -1.4743621612915423 -0.3785518623971119 0.2642899951086477
    endloop
  endfacet
  facet normal -0.9822872507286884 -0.18738131458572552 0
    outer loop
      vertex -1.4743621612915423 -0.3785518623971119 0.2642899951086477
      vertex -1.4743621612915423 -0.3785518623971119 0.47411443429587674
      vertex -1.5101815042651463 -0.1907802907746243 0.3984064218001513
    endloop
  endfacet
  facet normal -0.48316250927670673 -0.2573246173462537 0.8368620142753765
    outer loop
      vertex -1.5101815042651463 -0.1907802907746243 0.3984064218001513
      vertex -1.5221843827777863 0 0.45013911330911327
      vertex -1.9541144340804504 0 0.2007641818873367
    endloop
  endfacet
  facet normal 0 0 -1
    outer loop
      vertex -1.8168896517431292 -0.7193575020198422 0.47411443429587674
      vertex -1.8927223359773873 -0.48596849817225585 0.47411443429587674
      vertex -1.8168896517431292 0.7193575020198422 0.47411443429587674
    endloop
  endfacet
  facet normal 0 0 -1
    outer loop
      vertex -1.8927223359773873 -0.48596849817225585 0.47411443429587674
      vertex -1.938705658315764 -0.24491548080498307 0.47411443429587674
      vertex -1.8927223359773873 0.48596849817225585 0.47411443429587674
    endloop
  endfacet
  facet normal 0 0 -1
    outer loop
      vertex -1.7124035323436124 -0.941401808337234 0.47411443429587674
      vertex -1.8168896517431292 -0.7193575020198422 0.47411443429587674
      vertex -1.7124035323436124 0.941401808337234 0.47411443429587674
    endloop
  endfacet
  facet normal 0 0 -1
    outer loop
      vertex -1.5809117862987512 -1.1485996457709655 0.47411443429587674
      vertex -1.7124035323436124 -0.941401808337234 0.47411443429587674
      vertex -1.5809117862987512 1.1485996457709655 0.47411443429587674
    endloop
  endfacet
  facet normal 0 0 -1
    outer loop
      vertex -1.5809117862987512 -1.1485996457709655 0.47411443429587674
      vertex -1.5221843827777863 0 0.47411443429587674
      vertex -1.5101815042651463 -0.1907802907746243 0.47411443429587674
    endloop
  endfacet
  facet normal -0.9822872507286885 -0.18738131458572554 0
    outer loop
      vertex -1.4743621612915423 -0.3785518623971119 0.47411443429587674
      vertex -1.5101815042651463 -0.1907802907746243 0.47411443429587674
      vertex -1.5101815042651463 -0.1907802907746243 0.3984064218001513
    endloop
  endfacet
  facet normal -0.9980267284282716 -0.06279051952931339 0
    outer loop
      vertex -1.5101815042651463 -0.1907802907746243 0.3984064218001513
      vertex -1.5101815042651463 -0.1907802907746243 0.47411443429587674
      vertex -1.5221843827777863 0 0.45013911330911327
    endloop
  endfacet
  facet normal -0.9980267284282716 -0.06279051952931339 0
    outer loop
      vertex -1.5101815042651463 -0.1907802907746243 0.47411443429587674
      vertex -1.5221843827777863 0 0.47411443429587674
      vertex -1.5221843827777863 0 0.45013911330911327
    endloop
  endfacet
  facet normal -0.8443279255020151 -0.5358267949789967 0
    outer loop
      vertex -1.3339003428866194 -0.7333179190634505 -0.19386088657861533
      vertex -1.2314730342393692 -0.8947175314667035 0.13371000489135154
      vertex -1.3339003428866194 -0.7333179190634505 0.11971000489135175
    endloop
  endfacet
  facet normal -0.8443279255020151 -0.5358267949789967 0
    outer loop
      vertex -1.3339003428866194 -0.7333179190634505 0.11971000489135175
      vertex -1.2314730342393692 -0.8947175314667035 0.20540529770193094
      vertex -1.3339003428866194 -0.7333179190634505 0.19140529770193115
    endloop
  endfacet
  facet normal -0.8443279255020151 -0.5358267949789967 0
    outer loop
      vertex -1.2314730342393692 -0.8947175314667035 0.13371000489135154
      vertex -1.2314730342393692 -0.8947175314667035 0.20540529770193094
      vertex -1.3339003428866194 -0.7333179190634505 0.11971000489135175
    endloop
  endfacet
  facet normal -0.8443279255020151 -0.5358267949789967 0
    outer loop
      vertex -1.3339003428866194 -0.7333179190634505 0.19140529770193115
      vertex -1.2314730342393692 -0.8947175314667035 0.23459470229806856
      vertex -1.3339003428866194 -0.7333179190634505 0.22059470229806877
    endloop
  endfacet
  facet normal -0.844327925502015 -0.5358267949789968 0
    outer loop
      vertex -1.2314730342393692 -0.8947175314667035 0.3062899951086475
      vertex -1.3339003428866194 -0.7333179190634505 0.2922899951086477
      vertex -1.3339003428866194 -0.7333179190634505 0.22059470229806877
    endloop
  endfacet
  facet normal -0.8443279255020151 -0.5358267949789968 0
    outer loop
      vertex -1.3339003428866194 -0.7333179190634505 0.19140529770193115
      vertex -1.2314730342393692 -0.8947175314667035 0.20540529770193094
      vertex -1.2314730342393692 -0.8947175314667035 0.23459470229806856
    endloop
  endfacet
  facet normal -0.844327925502015 -0.5358267949789967 0
    outer loop
      vertex -1.2314730342393692 -0.8947175314667035 0.23459470229806856
      vertex -1.2314730342393692 -0.8947175314667035 0.3062899951086475
      vertex -1.3339003428866194 -0.7333179190634505 0.22059470229806877
    endloop
  endfacet
  facet normal -0.8443279255020151 -0.5358267949789967 0
    outer loop
      vertex -1.2314730342393692 -0.8947175314667035 0.3062899951086475
      vertex -1.2314730342393692 -0.8947175314667035 0.47411443429587674
      vertex -1.3339003428866194 -0.7333179190634505 0.2922899951086477
    endloop
  endfacet
  facet normal -0.904827052466019 -0.4257792915650737 0
    outer loop
      vertex -1.4152912462931073 -0.5603534450136751 -0.20786088657861512
      vertex -1.3339003428866194 -0.7333179190634505 0.11971000489135175
      vertex -1.4152912462931073 -0.5603534450136751 0.10571000489135152
    endloop
  endfacet
  facet normal -0.9048270524660189 -0.4257792915650737 0
    outer loop
      vertex -1.3339003428866194 -0.7333179190634505 0.11971000489135175
      vertex -1.3339003428866194 -0.7333179190634505 0.19140529770193115
      vertex -1.4152912462931073 -0.5603534450136751 0.10571000489135152
    endloop
  endfacet
  facet normal -0.9048270524660189 -0.4257792915650737 0
    outer loop
      vertex -1.3339003428866194 -0.7333179190634505 0.19140529770193115
      vertex -1.4152912462931073 -0.5603534450136751 0.17740529770193092
      vertex -1.4152912462931073 -0.5603534450136751 0.10571000489135152
    endloop
  endfacet
  facet normal -0.9510565162951541 -0.30901699437494573 0
    outer loop
      vertex -1.4743621612915423 -0.3785518623971119 0.09171000489135128
      vertex -1.4152912462931073 -0.5603534450136751 0.10571000489135152
      vertex -1.4152912462931073 -0.5603534450136751 0.17740529770193092
    endloop
  endfacet
  facet normal -0.9510565162951541 -0.3090169943749457 0
    outer loop
      vertex -1.4743621612915423 -0.3785518623971119 0.16340529770193069
      vertex -1.4152912462931073 -0.5603534450136751 0.17740529770193092
      vertex -1.4152912462931073 -0.5603534450136751 0.20659470229806853
    endloop
  endfacet
  facet normal -0.904827052466019 -0.42577929156507377 0
    outer loop
      vertex -1.3339003428866194 -0.7333179190634505 0.19140529770193115
      vertex -1.3339003428866194 -0.7333179190634505 0.22059470229806877
      vertex -1.4152912462931073 -0.5603534450136751 0.17740529770193092
    endloop
  endfacet
  facet normal -0.904827052466019 -0.4257792915650737 0
    outer loop
      vertex -1.3339003428866194 -0.7333179190634505 0.22059470229806877
      vertex -1.3339003428866194 -0.7333179190634505 0.2922899951086477
      vertex -1.4152912462931073 -0.5603534450136751 0.20659470229806853
    endloop
  endfacet
  facet normal -0.904827052466019 -0.42577929156507377 0
    outer loop
      vertex -1.3339003428866194 -0.7333179190634505 0.22059470229806877
      vertex -1.4152912462931073 -0.5603534450136751 0.20659470229806853
      vertex -1.4152912462931073 -0.5603534450136751 0.17740529770193092
    endloop
  endfacet
  facet normal -0.904827052466019 -0.42577929156507377 0
    outer loop
      vertex -1.3339003428866194 -0.7333179190634505 0.2922899951086477
      vertex -1.4152912462931073 -0.5603534450136751 0.27828999510864794
      vertex -1.4152912462931073 -0.5603534450136751 0.20659470229806853
    endloop
  endfacet
  facet normal -0.9048270524660189 -0.4257792915650737 0
    outer loop
      vertex -1.3339003428866194 -0.7333179190634505 0.2922899951086477
      vertex -1.3339003428866194 -0.7333179190634505 0.47411443429587674
      vertex -1.4152912462931073 -0.5603534450136751 0.27828999510864794
    endloop
  endfacet
  facet normal -0.9510565162951541 -0.30901699437494573 0
    outer loop
      vertex -1.4743621612915423 -0.3785518623971119 0.1925947022980683
      vertex -1.4152912462931073 -0.5603534450136751 0.20659470229806853
      vertex -1.4152912462931073 -0.5603534450136751 0.27828999510864794
    endloop
  endfacet
  facet normal -0.9510565162951542 -0.30901699437494573 0
    outer loop
      vertex -1.4743621612915423 -0.3785518623971119 0.2642899951086477
      vertex -1.4152912462931073 -0.5603534450136751 0.27828999510864794
      vertex -1.4152912462931073 -0.5603534450136751 0.47411443429587674
    endloop
  endfacet
  facet normal -0.7705132427757894 -0.6374239897486895 0
    outer loop
      vertex -1.2314730342393692 -0.8947175314667035 -0.17986088657861554
      vertex -1.1096246601958315 -1.0420069139203807 0.14771000489135178
      vertex -1.2314730342393692 -0.8947175314667035 0.13371000489135154
    endloop
  endfacet
  facet normal -0.7705132427757895 -0.6374239897486895 0
    outer loop
      vertex -1.1096246601958315 -1.0420069139203807 0.21940529770193073
      vertex -1.2314730342393692 -0.8947175314667035 0.20540529770193094
      vertex -1.2314730342393692 -0.8947175314667035 0.13371000489135154
    endloop
  endfacet
  facet normal -0.7705132427757894 -0.6374239897486894 0
    outer loop
      vertex -1.1096246601958315 -1.0420069139203807 0.24859470229806835
      vertex -1.2314730342393692 -0.8947175314667035 0.23459470229806856
      vertex -1.2314730342393692 -0.8947175314667035 0.20540529770193094
    endloop
  endfacet
  facet normal -0.7705132427757895 -0.6374239897486895 0
    outer loop
      vertex -1.1096246601958315 -1.0420069139203807 0.32028999510864775
      vertex -1.2314730342393692 -0.8947175314667035 0.3062899951086475
      vertex -1.2314730342393692 -0.8947175314667035 0.23459470229806856
    endloop
  endfacet
  facet normal 0 0 -1
    outer loop
      vertex -1.424488116993034 -1.3376833806507191 0.47411443429587674
      vertex -1.4152912462931073 -0.5603534450136751 0.47411443429587674
      vertex -1.3339003428866194 -0.7333179190634505 0.47411443429587674
    endloop
  endfacet
  facet normal -0.844327925502015 -0.5358267949789965 0
    outer loop
      vertex -1.3339003428866194 -0.7333179190634505 0.2922899951086477
      vertex -1.2314730342393692 -0.8947175314667035 0.47411443429587674
      vertex -1.3339003428866194 -0.7333179190634505 0.47411443429587674
    endloop
  endfacet
  facet normal -0.904827052466019 -0.4257792915650737 0
    outer loop
      vertex -1.4152912462931073 -0.5603534450136751 0.27828999510864794
      vertex -1.3339003428866194 -0.7333179190634505 0.47411443429587674
      vertex -1.4152912462931073 -0.5603534450136751 0.47411443429587674
    endloop
  endfacet
  facet normal -0.7705132427757893 -0.6374239897486895 0
    outer loop
      vertex -1.1096246601958315 -1.0420069139203807 0.47411443429587674
      vertex -1.2314730342393692 -0.8947175314667035 0.47411443429587674
      vertex -1.2314730342393692 -0.8947175314667035 0.3062899951086475
    endloop
  endfacet
  facet normal -0.9510565162951542 -0.3090169943749457 0
    outer loop
      vertex -1.4743621612915423 -0.3785518623971119 0.09171000489135128
      vertex -1.4152912462931073 -0.5603534450136751 0.17740529770193092
      vertex -1.4743621612915423 -0.3785518623971119 0.16340529770193069
    endloop
  endfacet
  facet normal -0.9510565162951541 -0.3090169943749457 0
    outer loop
      vertex -1.4743621612915423 -0.3785518623971119 0.16340529770193069
      vertex -1.4152912462931073 -0.5603534450136751 0.20659470229806853
      vertex -1.4743621612915423 -0.3785518623971119 0.1925947022980683
    endloop
  endfacet
  facet normal -0.9510565162951542 -0.3090169943749457 0
    outer loop
      vertex -1.4743621612915423 -0.3785518623971119 0.1925947022980683
      vertex -1.4152912462931073 -0.5603534450136751 0.27828999510864794
      vertex -1.4743621612915423 -0.3785518623971119 0.2642899951086477
    endloop
  endfacet
  facet normal -0.9510565162951541 -0.3090169943749457 0
    outer loop
      vertex -1.4743621612915423 -0.3785518623971119 0.2642899951086477
      vertex -1.4152912462931073 -0.5603534450136751 0.47411443429587674
      vertex -1.4743621612915423 -0.3785518623971119 0.47411443429587674
    endloop
  endfacet
  facet normal 0 0 -1
    outer loop
      vertex -1.0470668743509552 -1.6499133865025815 0.47411443429587674
      vertex -0.8156271791909037 -1.2852227821423332 0.47411443429587674
      vertex -0.8320214594715809 -1.7681356037652418 0.47411443429587674
    endloop
  endfacet
  facet normal 0 0 -1
    outer loop
      vertex -0.8320214594715809 -1.7681356037652418 0.47411443429587674
      vertex -0.8156271791909037 -1.2852227821423332 0.47411443429587674
      vertex -0.6481145881305429 -1.3773136083786317 0.47411443429587674
    endloop
  endfacet
  facet normal 0 0 -1
    outer loop
      vertex -0.8320214594715809 -1.7681356037652418 0.47411443429587674
      vertex -0.470380842850476 -1.4476833762435302 0.47411443429587674
      vertex -0.6038545691508126 -1.8584732663235117 0.47411443429587674
    endloop
  endfacet
  facet normal 0 0 -1
    outer loop
      vertex -0.8320214594715809 -1.7681356037652418 0.47411443429587674
      vertex -0.6481145881305429 -1.3773136083786317 0.47411443429587674
      vertex -0.470380842850476 -1.4476833762435302 0.47411443429587674
    endloop
  endfacet
  facet normal -0.4817536741017158 -0.8763066800438634 0
    outer loop
      vertex -0.8156271791909037 -1.2852227821423332 -0.13786088657861528
      vertex -0.6481145881305429 -1.3773136083786317 0.18971000489135204
      vertex -0.8156271791909037 -1.2852227821423332 0.1757100048913518
    endloop
  endfacet
  facet normal -0.5877852522924721 -0.8090169943749481 0
    outer loop
      vertex -0.8156271791909037 -1.2852227821423332 0.1757100048913518
      vertex -0.8156271791909037 -1.2852227821423332 0.2474052977019312
      vertex -0.970276842403363 -1.1728632248767756 0.16171000489135157
    endloop
  endfacet
  facet normal -0.5877852522924722 -0.8090169943749481 0
    outer loop
      vertex -0.8156271791909037 -1.2852227821423332 0.2474052977019312
      vertex -0.8156271791909037 -1.2852227821423332 0.2765947022980688
      vertex -0.970276842403363 -1.1728632248767756 0.23340529770193097
    endloop
  endfacet
  facet normal -0.5877852522924722 -0.8090169943749481 0
    outer loop
      vertex -0.8156271791909037 -1.2852227821423332 0.2765947022980688
      vertex -0.8156271791909037 -1.2852227821423332 0.3482899951086478
      vertex -0.970276842403363 -1.1728632248767756 0.2625947022980686
    endloop
  endfacet
  facet normal -0.4817536741017159 -0.8763066800438633 0
    outer loop
      vertex -0.8156271791909037 -1.2852227821423332 0.1757100048913518
      vertex -0.6481145881305429 -1.3773136083786317 0.261405297701931
      vertex -0.8156271791909037 -1.2852227821423332 0.2474052977019312
    endloop
  endfacet
  facet normal -0.4817536741017159 -0.8763066800438633 0
    outer loop
      vertex -0.8156271791909037 -1.2852227821423332 0.2474052977019312
      vertex -0.6481145881305429 -1.3773136083786317 0.2905947022980686
      vertex -0.8156271791909037 -1.2852227821423332 0.2765947022980688
    endloop
  endfacet
  facet normal -0.4817536741017158 -0.8763066800438633 0
    outer loop
      vertex -0.8156271791909037 -1.2852227821423332 0.2765947022980688
      vertex -0.6481145881305429 -1.3773136083786317 0.36228999510864757
      vertex -0.8156271791909037 -1.2852227821423332 0.3482899951086478
    endloop
  endfacet
  facet normal -0.5877852522924721 -0.8090169943749481 0
    outer loop
      vertex -0.970276842403363 -1.1728632248767756 -0.15186088657861507
      vertex -0.8156271791909037 -1.2852227821423332 0.1757100048913518
      vertex -0.970276842403363 -1.1728632248767756 0.16171000489135157
    endloop
  endfacet
  facet normal -0.5877852522924721 -0.8090169943749481 0
    outer loop
      vertex -0.8156271791909037 -1.2852227821423332 0.2474052977019312
      vertex -0.970276842403363 -1.1728632248767756 0.23340529770193097
      vertex -0.970276842403363 -1.1728632248767756 0.16171000489135157
    endloop
  endfacet
  facet normal -0.5877852522924721 -0.8090169943749481 0
    outer loop
      vertex -0.8156271791909037 -1.2852227821423332 0.2765947022980688
      vertex -0.970276842403363 -1.1728632248767756 0.2625947022980686
      vertex -0.970276842403363 -1.1728632248767756 0.23340529770193097
    endloop
  endfacet
  facet normal -0.5877852522924721 -0.8090169943749481 0
    outer loop
      vertex -0.8156271791909037 -1.2852227821423332 0.3482899951086478
      vertex -0.970276842403363 -1.1728632248767756 0.334289995108648
      vertex -0.970276842403363 -1.1728632248767756 0.2625947022980686
    endloop
  endfacet
  facet normal -0.36812455268467875 -0.929776485888251 0
    outer loop
      vertex -0.6481145881305429 -1.3773136083786317 -0.12386088657861549
      vertex -0.470380842850476 -1.4476833762435302 0.20371000489135138
      vertex -0.6481145881305429 -1.3773136083786317 0.18971000489135204
    endloop
  endfacet
  facet normal -0.4817536741017159 -0.8763066800438631 0
    outer loop
      vertex -0.8156271791909037 -1.2852227821423332 0.1757100048913518
      vertex -0.6481145881305429 -1.3773136083786317 0.18971000489135204
      vertex -0.6481145881305429 -1.3773136083786317 0.261405297701931
    endloop
  endfacet
  facet normal -0.4817536741017159 -0.8763066800438633 0
    outer loop
      vertex -0.8156271791909037 -1.2852227821423332 0.2474052977019312
      vertex -0.6481145881305429 -1.3773136083786317 0.261405297701931
      vertex -0.6481145881305429 -1.3773136083786317 0.2905947022980686
    endloop
  endfacet
  facet normal -0.4817536741017158 -0.8763066800438631 0
    outer loop
      vertex -0.8156271791909037 -1.2852227821423332 0.2765947022980688
      vertex -0.6481145881305429 -1.3773136083786317 0.2905947022980686
      vertex -0.6481145881305429 -1.3773136083786317 0.36228999510864757
    endloop
  endfacet
  facet normal -0.36812455268467875 -0.929776485888251 0
    outer loop
      vertex -0.6481145881305429 -1.3773136083786317 0.18971000489135204
      vertex -0.470380842850476 -1.4476833762435302 0.2754052977019308
      vertex -0.6481145881305429 -1.3773136083786317 0.261405297701931
    endloop
  endfacet
  facet normal -0.36812455268467886 -0.9297764858882511 0
    outer loop
      vertex -0.6481145881305429 -1.3773136083786317 0.261405297701931
      vertex -0.470380842850476 -1.4476833762435302 0.3045947022980684
      vertex -0.6481145881305429 -1.3773136083786317 0.2905947022980686
    endloop
  endfacet
  facet normal -0.36812455268467875 -0.9297764858882511 0
    outer loop
      vertex -0.6481145881305429 -1.3773136083786317 0.18971000489135204
      vertex -0.470380842850476 -1.4476833762435302 0.20371000489135138
      vertex -0.470380842850476 -1.4476833762435302 0.2754052977019308
    endloop
  endfacet
  facet normal -0.36812455268467875 -0.9297764858882511 0
    outer loop
      vertex -0.6481145881305429 -1.3773136083786317 0.261405297701931
      vertex -0.470380842850476 -1.4476833762435302 0.2754052977019308
      vertex -0.470380842850476 -1.4476833762435302 0.3045947022980684
    endloop
  endfacet
  facet normal -0.36812455268467875 -0.929776485888251 0
    outer loop
      vertex -0.6481145881305429 -1.3773136083786317 0.2905947022980686
      vertex -0.470380842850476 -1.4476833762435302 0.3762899951086478
      vertex -0.6481145881305429 -1.3773136083786317 0.36228999510864757
    endloop
  endfacet
  facet normal -0.36812455268467875 -0.9297764858882511 0
    outer loop
      vertex -0.6481145881305429 -1.3773136083786317 0.2905947022980686
      vertex -0.470380842850476 -1.4476833762435302 0.3045947022980684
      vertex -0.470380842850476 -1.4476833762435302 0.3762899951086478
    endloop
  endfacet
  facet normal 0 0 -1
    outer loop
      vertex -1.0470668743509552 -1.6499133865025815 0.47411443429587674
      vertex -0.970276842403363 -1.1728632248767756 0.47411443429587674
      vertex -0.8156271791909037 -1.2852227821423332 0.47411443429587674
    endloop
  endfacet
  facet normal -0.5877852522924721 -0.8090169943749481 0
    outer loop
      vertex -0.8156271791909037 -1.2852227821423332 0.3482899951086478
      vertex -0.8156271791909037 -1.2852227821423332 0.47411443429587674
      vertex -0.970276842403363 -1.1728632248767756 0.334289995108648
    endloop
  endfacet
  facet normal -0.4817536741017158 -0.8763066800438633 0
    outer loop
      vertex -0.8156271791909037 -1.2852227821423332 0.3482899951086478
      vertex -0.6481145881305429 -1.3773136083786317 0.47411443429587674
      vertex -0.8156271791909037 -1.2852227821423332 0.47411443429587674
    endloop
  endfacet
  facet normal -0.5877852522924721 -0.809016994374948 0
    outer loop
      vertex -0.970276842403363 -1.1728632248767756 0.334289995108648
      vertex -0.8156271791909037 -1.2852227821423332 0.47411443429587674
      vertex -0.970276842403363 -1.1728632248767756 0.47411443429587674
    endloop
  endfacet
  facet normal -0.4817536741017158 -0.8763066800438633 0
    outer loop
      vertex -0.8156271791909037 -1.2852227821423332 0.3482899951086478
      vertex -0.6481145881305429 -1.3773136083786317 0.36228999510864757
      vertex -0.6481145881305429 -1.3773136083786317 0.47411443429587674
    endloop
  endfacet
  facet normal -0.36812455268467875 -0.9297764858882511 0
    outer loop
      vertex -0.6481145881305429 -1.3773136083786317 0.36228999510864757
      vertex -0.470380842850476 -1.4476833762435302 0.47411443429587674
      vertex -0.6481145881305429 -1.3773136083786317 0.47411443429587674
    endloop
  endfacet
  facet normal -0.36812455268467875 -0.929776485888251 0
    outer loop
      vertex -0.6481145881305429 -1.3773136083786317 0.36228999510864757
      vertex -0.470380842850476 -1.4476833762435302 0.3762899951086478
      vertex -0.470380842850476 -1.4476833762435302 0.47411443429587674
    endloop
  endfacet
  facet normal -0.24868988716485452 -0.9685831611286312 0
    outer loop
      vertex -0.470380842850476 -1.4476833762435302 -0.10986088657861526
      vertex -0.28522891068676176 -1.4952223124609376 0.21771000489135162
      vertex -0.470380842850476 -1.4476833762435302 0.20371000489135138
    endloop
  endfacet
  facet normal -0.24868988716485457 -0.9685831611286312 0
    outer loop
      vertex -0.28522891068676176 -1.4952223124609376 0.289405297701931
      vertex -0.470380842850476 -1.4476833762435302 0.2754052977019308
      vertex -0.470380842850476 -1.4476833762435302 0.20371000489135138
    endloop
  endfacet
  facet normal -0.2486898871648545 -0.9685831611286312 0
    outer loop
      vertex -0.28522891068676176 -1.4952223124609376 0.31859470229806863
      vertex -0.470380842850476 -1.4476833762435302 0.3045947022980684
      vertex -0.470380842850476 -1.4476833762435302 0.2754052977019308
    endloop
  endfacet
  facet normal -0.24868988716485457 -0.9685831611286312 0
    outer loop
      vertex -0.28522891068676176 -1.4952223124609376 0.39028999510864804
      vertex -0.470380842850476 -1.4476833762435302 0.3762899951086478
      vertex -0.470380842850476 -1.4476833762435302 0.3045947022980684
    endloop
  endfacet
  facet normal -0.24868988716485452 -0.9685831611286312 0
    outer loop
      vertex -0.28522891068676176 -1.4952223124609376 0.21771000489135162
      vertex -0.28522891068676176 -1.4952223124609376 0.289405297701931
      vertex -0.470380842850476 -1.4476833762435302 0.20371000489135138
    endloop
  endfacet
  facet normal -0.2486898871648545 -0.9685831611286312 0
    outer loop
      vertex -0.28522891068676176 -1.4952223124609376 0.289405297701931
      vertex -0.28522891068676176 -1.4952223124609376 0.31859470229806863
      vertex -0.470380842850476 -1.4476833762435302 0.2754052977019308
    endloop
  endfacet
  facet normal -0.24868988716485452 -0.9685831611286312 0
    outer loop
      vertex -0.28522891068676176 -1.4952223124609376 0.31859470229806863
      vertex -0.28522891068676176 -1.4952223124609376 0.39028999510864804
      vertex -0.470380842850476 -1.4476833762435302 0.3045947022980684
    endloop
  endfacet
  facet normal -0.12533323356430442 -0.9921147013144778 0
    outer loop
      vertex -0.28522891068676176 -1.4952223124609376 -0.09586088657861547
      vertex -0.09557874821402501 -1.519180699608322 -0.08186088657861568
      vertex -0.09557874821402501 -1.519180699608322 0.2317100048913514
    endloop
  endfacet
  facet normal -0.12533323356430442 -0.9921147013144778 0
    outer loop
      vertex -0.28522891068676176 -1.4952223124609376 -0.09586088657861547
      vertex -0.09557874821402501 -1.519180699608322 0.2317100048913514
      vertex -0.28522891068676176 -1.4952223124609376 0.21771000489135162
    endloop
  endfacet
  facet normal 0 -1 0
    outer loop
      vertex -0.09557874821402501 -1.519180699608322 -0.08186088657861568
      vertex 0.09557874821402501 -1.519180699608322 0.24571000489135209
      vertex -0.09557874821402501 -1.519180699608322 0.2317100048913514
    endloop
  endfacet
  facet normal -0.12533323356430442 -0.9921147013144779 0
    outer loop
      vertex -0.28522891068676176 -1.4952223124609376 0.21771000489135162
      vertex -0.09557874821402501 -1.519180699608322 0.30340529770193037
      vertex -0.28522891068676176 -1.4952223124609376 0.289405297701931
    endloop
  endfacet
  facet normal -0.12533323356430445 -0.9921147013144779 0
    outer loop
      vertex -0.28522891068676176 -1.4952223124609376 0.21771000489135162
      vertex -0.09557874821402501 -1.519180699608322 0.2317100048913514
      vertex -0.09557874821402501 -1.519180699608322 0.30340529770193037
    endloop
  endfacet
  facet normal -0.12533323356430442 -0.9921147013144779 0
    outer loop
      vertex -0.28522891068676176 -1.4952223124609376 0.289405297701931
      vertex -0.09557874821402501 -1.519180699608322 0.3325947022980684
      vertex -0.28522891068676176 -1.4952223124609376 0.31859470229806863
    endloop
  endfacet
  facet normal -0.12533323356430442 -0.9921147013144779 0
    outer loop
      vertex -0.28522891068676176 -1.4952223124609376 0.31859470229806863
      vertex -0.09557874821402501 -1.519180699608322 0.4042899951086474
      vertex -0.28522891068676176 -1.4952223124609376 0.39028999510864804
    endloop
  endfacet
  facet normal -0.1253332335643044 -0.9921147013144778 0
    outer loop
      vertex -0.28522891068676176 -1.4952223124609376 0.289405297701931
      vertex -0.09557874821402501 -1.519180699608322 0.30340529770193037
      vertex -0.09557874821402501 -1.519180699608322 0.3325947022980684
    endloop
  endfacet
  facet normal -0.12533323356430445 -0.9921147013144779 0
    outer loop
      vertex -0.28522891068676176 -1.4952223124609376 0.31859470229806863
      vertex -0.09557874821402501 -1.519180699608322 0.3325947022980684
      vertex -0.09557874821402501 -1.519180699608322 0.4042899951086474
    endloop
  endfacet
  facet normal 0 -1 0
    outer loop
      vertex -0.09557874821402501 -1.519180699608322 0.2317100048913514
      vertex 0.09557874821402501 -1.519180699608322 0.31740529770193104
      vertex -0.09557874821402501 -1.519180699608322 0.30340529770193037
    endloop
  endfacet
  facet normal 0 -1 0
    outer loop
      vertex -0.09557874821402501 -1.519180699608322 0.30340529770193037
      vertex 0.09557874821402501 -1.519180699608322 0.34659470229806866
      vertex -0.09557874821402501 -1.519180699608322 0.3325947022980684
    endloop
  endfacet
  facet normal 0 0 -1
    outer loop
      vertex -0.6038545691508126 -1.8584732663235117 0.47411443429587674
      vertex -0.28522891068676176 -1.4952223124609376 0.47411443429587674
      vertex -0.36616453154930145 -1.9195016952737438 0.47411443429587674
    endloop
  endfacet
  facet normal 0 0 -1
    outer loop
      vertex -0.6038545691508126 -1.8584732663235117 0.47411443429587674
      vertex -0.470380842850476 -1.4476833762435302 0.47411443429587674
      vertex -0.28522891068676176 -1.4952223124609376 0.47411443429587674
    endloop
  endfacet
  facet normal -0.24868988716485452 -0.9685831611286312 0
    outer loop
      vertex -0.28522891068676176 -1.4952223124609376 0.47411443429587674
      vertex -0.470380842850476 -1.4476833762435302 0.47411443429587674
      vertex -0.470380842850476 -1.4476833762435302 0.3762899951086478
    endloop
  endfacet
  facet normal 0 0 -1
    outer loop
      vertex -0.36616453154930145 -1.9195016952737438 0.47411443429587674
      vertex -0.28522891068676176 -1.4952223124609376 0.47411443429587674
      vertex -0.09557874821402501 -1.519180699608322 0.47411443429587674
    endloop
  endfacet
  facet normal -0.24868988716485452 -0.9685831611286313 0
    outer loop
      vertex -0.28522891068676176 -1.4952223124609376 0.39028999510864804
      vertex -0.28522891068676176 -1.4952223124609376 0.47411443429587674
      vertex -0.470380842850476 -1.4476833762435302 0.3762899951086478
    endloop
  endfacet
  facet normal 0 0 -1
    outer loop
      vertex -0.12269986054916919 -1.950258435834777 0.47411443429587674
      vertex -0.36616453154930145 -1.9195016952737438 0.47411443429587674
      vertex -0.09557874821402501 -1.519180699608322 0.47411443429587674
    endloop
  endfacet
  facet normal -0.12533323356430442 -0.9921147013144778 0
    outer loop
      vertex -0.28522891068676176 -1.4952223124609376 0.39028999510864804
      vertex -0.09557874821402501 -1.519180699608322 0.47411443429587674
      vertex -0.28522891068676176 -1.4952223124609376 0.47411443429587674
    endloop
  endfacet
  facet normal -0.12533323356430442 -0.9921147013144778 0
    outer loop
      vertex -0.28522891068676176 -1.4952223124609376 0.39028999510864804
      vertex -0.09557874821402501 -1.519180699608322 0.4042899951086474
      vertex -0.09557874821402501 -1.519180699608322 0.47411443429587674
    endloop
  endfacet
  facet normal 0 0 -1
    outer loop
      vertex -0.12269986054916919 -1.950258435834777 0.47411443429587674
      vertex -0.09557874821402501 -1.519180699608322 0.47411443429587674
      vertex 0.09557874821402501 -1.519180699608322 0.47411443429587674
    endloop
  endfacet
  facet normal 0 -1 0
    outer loop
      vertex -0.09557874821402501 -1.519180699608322 0.3325947022980684
      vertex 0.09557874821402501 -1.519180699608322 0.4182899951086476
      vertex -0.09557874821402501 -1.519180699608322 0.4042899951086474
    endloop
  endfacet
  facet normal 0 -1 0
    outer loop
      vertex -0.09557874821402501 -1.519180699608322 0.4042899951086474
      vertex 0.09557874821402501 -1.519180699608322 0.47411443429587674
      vertex -0.09557874821402501 -1.519180699608322 0.47411443429587674
    endloop
  endfacet
  facet normal 0 0 1
    outer loop
      vertex -0.7367278109994221 -1.2760500000000001 1.5
      vertex 0.7367278109994221 -1.2760500000000001 1.5
      vertex -1.4734556219988442 2.6243572805616862e-17 1.5
    endloop
  endfacet
  facet normal 0 0 1
    outer loop
      vertex -2.0940111147779197 -3.2996335328618747 3.01
      vertex -1.6639454714363033 -3.536064121037205 3.01
      vertex -2.0940111147779197 3.2996335328618747 3.01
    endloop
  endfacet
  facet normal 0 0 1
    outer loop
      vertex -0.7322861774010127 -3.8387785758477153 3.01
      vertex -0.7367278109994221 -1.2760500000000001 3.01
      vertex -1.4734556219988442 2.6243572805616862e-17 3.01
    endloop
  endfacet
  facet normal 0.8660254037844386 0.5 0
    outer loop
      vertex -0.7367278109994221 -1.2760500000000001 1.5
      vertex -1.4734556219988442 2.6243572805616862e-17 1.5
      vertex -1.4734556219988442 2.6243572805616862e-17 3.01
    endloop
  endfacet
  facet normal 0.8660254037844386 0.5 0
    outer loop
      vertex -0.7367278109994221 -1.2760500000000001 1.5
      vertex -1.4734556219988442 2.6243572805616862e-17 3.01
      vertex -0.7367278109994221 -1.2760500000000001 3.01
    endloop
  endfacet
  facet normal 0 1 0
    outer loop
      vertex -0.7367278109994221 -1.2760500000000001 1.5
      vertex -0.7367278109994221 -1.2760500000000001 3.01
      vertex 0.7367278109994221 -1.2760500000000001 1.5
    endloop
  endfacet
  facet normal -0.9980267284282717 0.06279051952931339 0
    outer loop
      vertex -1.5221843827777863 0 -2.7463026028703688
      vertex -1.5221843827777863 0 -2.736289995108648
      vertex -1.5101815042651463 0.1907802907746243 -2.7463026028703688
    endloop
  endfacet
  facet normal -0.9980267284282716 0.06279051952931339 0
    outer loop
      vertex -1.5221843827777863 0 -2.736289995108648
      vertex -1.5221843827777863 0 -2.6645947022980687
      vertex -1.5101815042651463 0.1907802907746243 -2.7463026028703688
    endloop
  endfacet
  facet normal -0.9980267284282716 0.06279051952931339 0
    outer loop
      vertex -1.5221843827777863 0 -2.6645947022980687
      vertex -1.5221843827777863 0 -2.635405297701931
      vertex -1.5101815042651463 0.1907802907746243 -2.678594702298069
    endloop
  endfacet
  facet normal -0.9980267284282716 0.06279051952931337 0
    outer loop
      vertex -1.5221843827777863 0 -2.6645947022980687
      vertex -1.5101815042651463 0.1907802907746243 -2.678594702298069
      vertex -1.5101815042651463 0.1907802907746243 -2.7463026028703688
    endloop
  endfacet
  facet normal -0.9980267284282716 0.06279051952931337 0
    outer loop
      vertex -1.5221843827777863 0 -2.635405297701931
      vertex -1.5101815042651463 0.1907802907746243 -2.6494052977019313
      vertex -1.5101815042651463 0.1907802907746243 -2.678594702298069
    endloop
  endfacet
  facet normal -0.9822872507286885 0.18738131458572552 0
    outer loop
      vertex -1.5101815042651463 0.1907802907746243 -2.7463026028703688
      vertex -1.5101815042651463 0.1907802907746243 -2.678594702298069
      vertex -1.4743621612915423 0.3785518623971119 -2.7463026028703688
    endloop
  endfacet
  facet normal -0.9822872507286886 0.18738131458572554 0
    outer loop
      vertex -1.5101815042651463 0.1907802907746243 -2.678594702298069
      vertex -1.5101815042651463 0.1907802907746243 -2.6494052977019313
      vertex -1.4743621612915423 0.3785518623971119 -2.692594702298069
    endloop
  endfacet
  facet normal -0.9822872507286885 0.18738131458572552 0
    outer loop
      vertex -1.5101815042651463 0.1907802907746243 -2.6494052977019313
      vertex -1.5101815042651463 0.1907802907746243 -2.577710004891352
      vertex -1.4743621612915423 0.3785518623971119 -2.6634052977019316
    endloop
  endfacet
  facet normal -0.9822872507286885 0.18738131458572552 0
    outer loop
      vertex -1.5101815042651463 0.1907802907746243 -2.678594702298069
      vertex -1.4743621612915423 0.3785518623971119 -2.692594702298069
      vertex -1.4743621612915423 0.3785518623971119 -2.7463026028703688
    endloop
  endfacet
  facet normal -0.9822872507286885 0.18738131458572552 0
    outer loop
      vertex -1.5101815042651463 0.1907802907746243 -2.6494052977019313
      vertex -1.4743621612915423 0.3785518623971119 -2.6634052977019316
      vertex -1.4743621612915423 0.3785518623971119 -2.692594702298069
    endloop
  endfacet
  facet normal -0.9980267284282716 0.06279051952931339 0
    outer loop
      vertex -1.5221843827777863 0 -2.635405297701931
      vertex -1.5221843827777863 0 -2.5637100048913517
      vertex -1.5101815042651463 0.1907802907746243 -2.6494052977019313
    endloop
  endfacet
  facet normal -0.9980267284282716 0.06279051952931339 0
    outer loop
      vertex -1.5221843827777863 0 -2.5637100048913517
      vertex -1.5221843827777863 0 -2.250139113421385
      vertex -1.5101815042651463 0.1907802907746243 -2.577710004891352
    endloop
  endfacet
  facet normal -0.9980267284282716 0.06279051952931339 0
    outer loop
      vertex -1.5101815042651463 0.1907802907746243 -2.6494052977019313
      vertex -1.5221843827777863 0 -2.5637100048913517
      vertex -1.5101815042651463 0.1907802907746243 -2.577710004891352
    endloop
  endfacet
  facet normal -0.9980267284282716 0.06279051952931339 0
    outer loop
      vertex -1.5101815042651463 0.1907802907746243 -2.577710004891352
      vertex -1.5221843827777863 0 -2.250139113421385
      vertex -1.5101815042651463 0.1907802907746243 -2.2641391134213853
    endloop
  endfacet
  facet normal -0.9822872507286885 0.18738131458572552 0
    outer loop
      vertex -1.4743621612915423 0.3785518623971119 -2.6634052977019316
      vertex -1.5101815042651463 0.1907802907746243 -2.577710004891352
      vertex -1.4743621612915423 0.3785518623971119 -2.591710004891352
    endloop
  endfacet
  facet normal -0.9822872507286885 0.18738131458572552 0
    outer loop
      vertex -1.5101815042651463 0.1907802907746243 -2.577710004891352
      vertex -1.5101815042651463 0.1907802907746243 -2.2641391134213853
      vertex -1.4743621612915423 0.3785518623971119 -2.591710004891352
    endloop
  endfacet
  facet normal -0.9822872507286885 0.18738131458572554 0
    outer loop
      vertex -1.5101815042651463 0.1907802907746243 -2.2641391134213853
      vertex -1.4743621612915423 0.3785518623971119 -2.2781391134213855
      vertex -1.4743621612915423 0.3785518623971119 -2.591710004891352
    endloop
  endfacet
  facet normal -0.7064080908128535 0.044443429978777524 -0.7064080908128536
    outer loop
      vertex -1.5101815042651463 0.1907802907746243 -2.7463026028703688
      vertex -1.2584845868876218 0.15898357564552024 -3
      vertex -1.2684869856481553 0 -3
    endloop
  endfacet
  facet normal -0.7064080908128538 0.044443429978776705 -0.7064080908128533
    outer loop
      vertex -1.5221843827777863 0 -2.7463026028703688
      vertex -1.5101815042651463 0.1907802907746243 -2.7463026028703688
      vertex -1.2684869856481553 0 -3
    endloop
  endfacet
  facet normal -0.6952676132329961 0.13262939049634606 -0.7064080908128536
    outer loop
      vertex -1.5101815042651463 0.1907802907746243 -2.7463026028703688
      vertex -1.2286351344096187 0.3154598853309266 -3
      vertex -1.2584845868876218 0.15898357564552024 -3
    endloop
  endfacet
  facet normal -0.6952676132329962 0.13262939049634728 -0.7064080908128532
    outer loop
      vertex -1.5101815042651463 0.1907802907746243 -2.7463026028703688
      vertex -1.4743621612915423 0.3785518623971119 -2.7463026028703688
      vertex -1.2286351344096187 0.3154598853309266 -3
    endloop
  endfacet
  facet normal -0.6731623500597143 0.21872370629683036 -0.7064080908128535
    outer loop
      vertex -1.4743621612915423 0.3785518623971119 -2.7463026028703688
      vertex -1.4152912462931073 0.5603534450136751 -2.7463026028703688
      vertex -1.1794093719109227 0.4669612041780626 -3
    endloop
  endfacet
  facet normal -0.6731623500597143 0.21872370629683136 -0.7064080908128532
    outer loop
      vertex -1.4743621612915423 0.3785518623971119 -2.7463026028703688
      vertex -1.1794093719109227 0.4669612041780626 -3
      vertex -1.2286351344096187 0.3154598853309266 -3
    endloop
  endfacet
  facet normal -0.9510565162951542 0.30901699437494573 0
    outer loop
      vertex -1.4743621612915423 0.3785518623971119 -2.7463026028703688
      vertex -1.4743621612915423 0.3785518623971119 -2.692594702298069
      vertex -1.4152912462931073 0.5603534450136751 -2.7463026028703688
    endloop
  endfacet
  facet normal -0.9510565162951541 0.3090169943749457 0
    outer loop
      vertex -1.4743621612915423 0.3785518623971119 -2.692594702298069
      vertex -1.4743621612915423 0.3785518623971119 -2.6634052977019316
      vertex -1.4152912462931073 0.5603534450136751 -2.7065947022980694
    endloop
  endfacet
  facet normal -0.9510565162951542 0.3090169943749457 0
    outer loop
      vertex -1.4743621612915423 0.3785518623971119 -2.6634052977019316
      vertex -1.4743621612915423 0.3785518623971119 -2.591710004891352
      vertex -1.4152912462931073 0.5603534450136751 -2.677405297701931
    endloop
  endfacet
  facet normal -0.9510565162951541 0.30901699437494573 0
    outer loop
      vertex -1.4743621612915423 0.3785518623971119 -2.591710004891352
      vertex -1.4743621612915423 0.3785518623971119 -2.2781391134213855
      vertex -1.4152912462931073 0.5603534450136751 -2.6057100048913515
    endloop
  endfacet
  facet normal -0.6404409144982935 0.30136861858980746 -0.7064080908128535
    outer loop
      vertex -1.1794093719109227 0.4669612041780626 -3
      vertex -1.4152912462931073 0.5603534450136751 -2.7463026028703688
      vertex -1.3339003428866194 0.7333179190634505 -2.7463026028703688
    endloop
  endfacet
  facet normal -0.9510565162951542 0.30901699437494573 0
    outer loop
      vertex -1.4743621612915423 0.3785518623971119 -2.692594702298069
      vertex -1.4152912462931073 0.5603534450136751 -2.7065947022980694
      vertex -1.4152912462931073 0.5603534450136751 -2.7463026028703688
    endloop
  endfacet
  facet normal -0.9510565162951542 0.3090169943749457 0
    outer loop
      vertex -1.4743621612915423 0.3785518623971119 -2.6634052977019316
      vertex -1.4152912462931073 0.5603534450136751 -2.677405297701931
      vertex -1.4152912462931073 0.5603534450136751 -2.7065947022980694
    endloop
  endfacet
  facet normal -0.9510565162951542 0.3090169943749457 0
    outer loop
      vertex -1.4743621612915423 0.3785518623971119 -2.591710004891352
      vertex -1.4152912462931073 0.5603534450136751 -2.6057100048913515
      vertex -1.4152912462931073 0.5603534450136751 -2.677405297701931
    endloop
  endfacet
  facet normal -0.904827052466019 0.42577929156507377 0
    outer loop
      vertex -1.4152912462931073 0.5603534450136751 -2.7463026028703688
      vertex -1.4152912462931073 0.5603534450136751 -2.7065947022980694
      vertex -1.3339003428866194 0.7333179190634505 -2.7463026028703688
    endloop
  endfacet
  facet normal -0.904827052466019 0.4257792915650738 0
    outer loop
      vertex -1.4152912462931073 0.5603534450136751 -2.7065947022980694
      vertex -1.3339003428866194 0.7333179190634505 -2.7205947022980688
      vertex -1.3339003428866194 0.7333179190634505 -2.7463026028703688
    endloop
  endfacet
  facet normal -0.9048270524660191 0.4257792915650738 0
    outer loop
      vertex -1.4152912462931073 0.5603534450136751 -2.7065947022980694
      vertex -1.4152912462931073 0.5603534450136751 -2.677405297701931
      vertex -1.3339003428866194 0.7333179190634505 -2.7205947022980688
    endloop
  endfacet
  facet normal -0.9048270524660189 0.4257792915650737 0
    outer loop
      vertex -1.4152912462931073 0.5603534450136751 -2.677405297701931
      vertex -1.4152912462931073 0.5603534450136751 -2.6057100048913515
      vertex -1.3339003428866194 0.7333179190634505 -2.691405297701931
    endloop
  endfacet
  facet normal -0.904827052466019 0.42577929156507377 0
    outer loop
      vertex -1.4152912462931073 0.5603534450136751 -2.677405297701931
      vertex -1.3339003428866194 0.7333179190634505 -2.691405297701931
      vertex -1.3339003428866194 0.7333179190634505 -2.7205947022980688
    endloop
  endfacet
  facet normal -0.9048270524660189 0.4257792915650737 0
    outer loop
      vertex -1.3339003428866194 0.7333179190634505 -2.691405297701931
      vertex -1.4152912462931073 0.5603534450136751 -2.6057100048913515
      vertex -1.3339003428866194 0.7333179190634505 -2.6197100048913518
    endloop
  endfacet
  facet normal -0.8443279255020151 0.5358267949789967 0
    outer loop
      vertex -1.3339003428866194 0.7333179190634505 -2.7463026028703688
      vertex -1.3339003428866194 0.7333179190634505 -2.7205947022980688
      vertex -1.2314730342393692 0.8947175314667035 -2.7463026028703688
    endloop
  endfacet
  facet normal -0.8443279255020151 0.5358267949789967 0
    outer loop
      vertex -1.3339003428866194 0.7333179190634505 -2.7205947022980688
      vertex -1.2314730342393692 0.8947175314667035 -2.734594702298069
      vertex -1.2314730342393692 0.8947175314667035 -2.7463026028703688
    endloop
  endfacet
  facet normal -0.8443279255020151 0.5358267949789967 0
    outer loop
      vertex -1.3339003428866194 0.7333179190634505 -2.7205947022980688
      vertex -1.3339003428866194 0.7333179190634505 -2.691405297701931
      vertex -1.2314730342393692 0.8947175314667035 -2.734594702298069
    endloop
  endfacet
  facet normal -0.8443279255020151 0.5358267949789967 0
    outer loop
      vertex -1.3339003428866194 0.7333179190634505 -2.691405297701931
      vertex -1.3339003428866194 0.7333179190634505 -2.6197100048913518
      vertex -1.2314730342393692 0.8947175314667035 -2.7054052977019314
    endloop
  endfacet
  facet normal -0.8443279255020151 0.5358267949789967 0
    outer loop
      vertex -1.3339003428866194 0.7333179190634505 -2.691405297701931
      vertex -1.2314730342393692 0.8947175314667035 -2.7054052977019314
      vertex -1.2314730342393692 0.8947175314667035 -2.734594702298069
    endloop
  endfacet
  facet normal -0.8443279255020151 0.5358267949789967 0
    outer loop
      vertex -1.2314730342393692 0.8947175314667035 -2.7054052977019314
      vertex -1.3339003428866194 0.7333179190634505 -2.6197100048913518
      vertex -1.2314730342393692 0.8947175314667035 -2.633710004891352
    endloop
  endfacet
  facet normal -0.640440914498294 0.30136861858980707 -0.7064080908128533
    outer loop
      vertex -1.1794093719109227 0.4669612041780626 -3
      vertex -1.3339003428866194 0.7333179190634505 -2.7463026028703688
      vertex -1.1115836190721828 0.6110982658862087 -3
    endloop
  endfacet
  facet normal -0.5976193431343783 0.37926076773873385 -0.7064080908128534
    outer loop
      vertex -1.3339003428866194 0.7333179190634505 -2.7463026028703688
      vertex -1.0262275285328077 0.7455979428889197 -3
      vertex -1.1115836190721828 0.6110982658862087 -3
    endloop
  endfacet
  facet normal -0.5976193431343783 0.3792607677387344 -0.7064080908128532
    outer loop
      vertex -1.3339003428866194 0.7333179190634505 -2.7463026028703688
      vertex -1.2314730342393692 0.8947175314667035 -2.7463026028703688
      vertex -1.0262275285328077 0.7455979428889197 -3
    endloop
  endfacet
  facet normal -0.5453729577287417 0.4511717480210211 -0.706408090812853
    outer loop
      vertex -1.2314730342393692 0.8947175314667035 -2.7463026028703688
      vertex -0.9246872168298597 0.8683390949336506 -3
      vertex -1.0262275285328077 0.7455979428889197 -3
    endloop
  endfacet
  facet normal -0.5453729577287421 0.45117174802102084 -0.7064080908128533
    outer loop
      vertex -1.2314730342393692 0.8947175314667035 -2.7463026028703688
      vertex -1.1096246601958315 1.0420069139203807 -2.7463026028703688
      vertex -0.9246872168298597 0.8683390949336506 -3
    endloop
  endfacet
  facet normal -0.7705132427757895 0.6374239897486896 0
    outer loop
      vertex -1.2314730342393692 0.8947175314667035 -2.7463026028703688
      vertex -1.2314730342393692 0.8947175314667035 -2.734594702298069
      vertex -1.1096246601958315 1.0420069139203807 -2.7463026028703688
    endloop
  endfacet
  facet normal -0.7705132427757894 0.6374239897486895 0
    outer loop
      vertex -1.2314730342393692 0.8947175314667035 -2.734594702298069
      vertex -1.2314730342393692 0.8947175314667035 -2.7054052977019314
      vertex -1.1096246601958315 1.0420069139203807 -2.7463026028703688
    endloop
  endfacet
  facet normal -0.7705132427757895 0.6374239897486895 0
    outer loop
      vertex -1.2314730342393692 0.8947175314667035 -2.7054052977019314
      vertex -1.2314730342393692 0.8947175314667035 -2.633710004891352
      vertex -1.1096246601958315 1.0420069139203807 -2.7194052977019316
    endloop
  endfacet
  facet normal -0.904827052466019 0.4257792915650737 0
    outer loop
      vertex -1.4152912462931073 0.5603534450136751 -2.6057100048913515
      vertex -1.4152912462931073 0.5603534450136751 -2.292139113421385
      vertex -1.3339003428866194 0.7333179190634505 -2.6197100048913518
    endloop
  endfacet
  facet normal -0.9510565162951541 0.3090169943749456 0
    outer loop
      vertex -1.4743621612915423 0.3785518623971119 -2.2781391134213855
      vertex -1.4152912462931073 0.5603534450136751 -2.292139113421385
      vertex -1.4152912462931073 0.5603534450136751 -2.6057100048913515
    endloop
  endfacet
  facet normal -0.904827052466019 0.4257792915650737 0
    outer loop
      vertex -1.4152912462931073 0.5603534450136751 -2.292139113421385
      vertex -1.3339003428866194 0.7333179190634505 -2.306139113421385
      vertex -1.3339003428866194 0.7333179190634505 -2.6197100048913518
    endloop
  endfacet
  facet normal -0.844327925502015 0.5358267949789967 0
    outer loop
      vertex -1.2314730342393692 0.8947175314667035 -2.633710004891352
      vertex -1.3339003428866194 0.7333179190634505 -2.6197100048913518
      vertex -1.3339003428866194 0.7333179190634505 -2.306139113421385
    endloop
  endfacet
  facet normal -0.844327925502015 0.5358267949789967 0
    outer loop
      vertex -1.2314730342393692 0.8947175314667035 -2.633710004891352
      vertex -1.3339003428866194 0.7333179190634505 -2.306139113421385
      vertex -1.2314730342393692 0.8947175314667035 -2.3201391134213853
    endloop
  endfacet
  facet normal -0.7705132427757894 0.6374239897486895 0
    outer loop
      vertex -1.2314730342393692 0.8947175314667035 -2.633710004891352
      vertex -1.2314730342393692 0.8947175314667035 -2.3201391134213853
      vertex -1.1096246601958315 1.0420069139203807 -2.647710004891352
    endloop
  endfacet
  facet normal -0.5045536096709912 -0.017598969894485474 -0.8632009796256177
    outer loop
      vertex -1.9541144342958772 0 -2.0007641819063267
      vertex -1.938705658315764 0.24491548080498307 -2.014764181906326
      vertex -1.5101815042651463 0.1907802907746243 -2.2641391134213853
    endloop
  endfacet
  facet normal -0.9980267284282716 0.06279051952931333 0
    outer loop
      vertex -1.9541144342958772 0 -2.0007641819063267
      vertex -1.9541144342958772 0 -1.8992358180936737
      vertex -1.938705658315764 0.24491548080498307 -2.014764181906326
    endloop
  endfacet
  facet normal -0.9980267284282716 0.06279051952931333 0
    outer loop
      vertex -1.9541144342958772 0 -1.8992358180936737
      vertex -1.938705658315764 0.24491548080498307 -1.913235818093674
      vertex -1.938705658315764 0.24491548080498307 -2.014764181906326
    endloop
  endfacet
  facet normal -0.5027807895601543 0.045777138646294645 -0.8632009796256176
    outer loop
      vertex -1.4743621612915423 0.3785518623971119 -2.2781391134213855
      vertex -1.938705658315764 0.24491548080498307 -2.014764181906326
      vertex -1.8927223359773873 0.48596849817225585 -2.0287641819063262
    endloop
  endfacet
  facet normal -0.9822872507286886 0.18738131458572513 0
    outer loop
      vertex -1.938705658315764 0.24491548080498307 -2.014764181906326
      vertex -1.938705658315764 0.24491548080498307 -1.913235818093674
      vertex -1.8927223359773873 0.48596849817225585 -2.0287641819063262
    endloop
  endfacet
  facet normal -0.9822872507286886 0.18738131458572513 0
    outer loop
      vertex -1.938705658315764 0.24491548080498307 -1.913235818093674
      vertex -1.8927223359773873 0.48596849817225585 -1.9272358180936742
      vertex -1.8927223359773873 0.48596849817225585 -2.0287641819063262
    endloop
  endfacet
  facet normal -0.49974269139444083 -0.03207755588197459 -0.8655797322063864
    outer loop
      vertex -1.9541144342958772 0 -2.0007641819063267
      vertex -1.5101815042651463 0.1907802907746243 -2.2641391134213853
      vertex -1.5221843827777863 0 -2.250139113421385
    endloop
  endfacet
  facet normal -0.4998224548104177 0.030809752689850752 -0.8655797322063855
    outer loop
      vertex -1.5101815042651463 0.1907802907746243 -2.2641391134213853
      vertex -1.938705658315764 0.24491548080498307 -2.014764181906326
      vertex -1.4743621612915423 0.3785518623971119 -2.2781391134213855
    endloop
  endfacet
  facet normal -0.4920197195345706 0.09321117305690452 -0.8655797322063856
    outer loop
      vertex -1.4743621612915423 0.3785518623971119 -2.2781391134213855
      vertex -1.8927223359773873 0.48596849817225585 -2.0287641819063262
      vertex -1.4152912462931073 0.5603534450136751 -2.292139113421385
    endloop
  endfacet
  facet normal -0.4983693179515989 0.08069753216692012 0.8632009796256183
    outer loop
      vertex -1.9541144342958772 0 -1.8992358180936737
      vertex -1.5221843827777863 0 -1.6498608865786153
      vertex -1.938705658315764 0.24491548080498307 -1.913235818093674
    endloop
  endfacet
  facet normal -0.484325444376711 0.14252344615071025 0.8632009796256184
    outer loop
      vertex -1.938705658315764 0.24491548080498307 -1.913235818093674
      vertex -1.5101815042651463 0.1907802907746243 -1.6638608865786155
      vertex -1.8927223359773873 0.48596849817225585 -1.9272358180936742
    endloop
  endfacet
  facet normal -0.4917816872033613 0.09445898223533726 0.8655797322063863
    outer loop
      vertex -1.938705658315764 0.24491548080498307 -1.913235818093674
      vertex -1.5221843827777863 0 -1.6498608865786153
      vertex -1.5101815042651463 0.1907802907746243 -1.6638608865786155
    endloop
  endfacet
  facet normal -0.9980267284282716 0.0627905195293134 0
    outer loop
      vertex -1.5221843827777863 0 -1.6498608865786153
      vertex -1.5221843827777863 0 -1.5501391134213849
      vertex -1.5101815042651463 0.1907802907746243 -1.6638608865786155
    endloop
  endfacet
  facet normal -0.9980267284282716 0.06279051952931339 0
    outer loop
      vertex -1.5221843827777863 0 -1.5501391134213849
      vertex -1.5101815042651463 0.1907802907746243 -1.5641391134213851
      vertex -1.5101815042651463 0.1907802907746243 -1.6638608865786155
    endloop
  endfacet
  facet normal -0.4760649920289448 0.15535073401178798 0.8655797322063864
    outer loop
      vertex -1.8927223359773873 0.48596849817225585 -1.9272358180936742
      vertex -1.5101815042651463 0.1907802907746243 -1.6638608865786155
      vertex -1.4743621612915423 0.3785518623971119 -1.6778608865786158
    endloop
  endfacet
  facet normal -0.49201971953457113 0.09321117305689625 -0.8655797322063863
    outer loop
      vertex -1.4743621612915423 0.3785518623971119 -1.5781391134213845
      vertex -1.8927223359773873 0.48596849817225585 -1.328764181906326
      vertex -1.4152912462931073 0.5603534450136751 -1.5921391134213856
    endloop
  endfacet
  facet normal -0.9822872507286884 0.18738131458572552 0
    outer loop
      vertex -1.5101815042651463 0.1907802907746243 -1.6638608865786155
      vertex -1.5101815042651463 0.1907802907746243 -1.5641391134213851
      vertex -1.4743621612915423 0.3785518623971119 -1.6778608865786158
    endloop
  endfacet
  facet normal -0.9822872507286886 0.18738131458572554 0
    outer loop
      vertex -1.5101815042651463 0.1907802907746243 -1.5641391134213851
      vertex -1.4743621612915423 0.3785518623971119 -1.5781391134213845
      vertex -1.4743621612915423 0.3785518623971119 -1.6778608865786158
    endloop
  endfacet
  facet normal -0.951056516295154 0.3090169943749463 0
    outer loop
      vertex -1.8927223359773873 0.48596849817225585 -2.0287641819063262
      vertex -1.8927223359773873 0.48596849817225585 -1.9272358180936742
      vertex -1.8168896517431292 0.7193575020198422 -2.0427641819063265
    endloop
  endfacet
  facet normal -0.951056516295154 0.30901699437494623 0
    outer loop
      vertex -1.8927223359773873 0.48596849817225585 -1.9272358180936742
      vertex -1.8168896517431292 0.7193575020198422 -1.9412358180936735
      vertex -1.8168896517431292 0.7193575020198422 -2.0427641819063265
    endloop
  endfacet
  facet normal -0.904827052466019 0.42577929156507377 0
    outer loop
      vertex -1.8168896517431292 0.7193575020198422 -2.0427641819063265
      vertex -1.8168896517431292 0.7193575020198422 -1.9412358180936735
      vertex -1.7124035323436124 0.941401808337234 -2.056764181906326
    endloop
  endfacet
  facet normal -0.904827052466019 0.4257792915650737 0
    outer loop
      vertex -1.8168896517431292 0.7193575020198422 -1.9412358180936735
      vertex -1.7124035323436124 0.941401808337234 -1.9552358180936746
      vertex -1.7124035323436124 0.941401808337234 -2.056764181906326
    endloop
  endfacet
  facet normal -0.4930788160512673 0.1084313143646867 -0.8632009796256183
    outer loop
      vertex -1.4152912462931073 0.5603534450136751 -2.292139113421385
      vertex -1.8927223359773873 0.48596849817225585 -2.0287641819063262
      vertex -1.8168896517431292 0.7193575020198422 -2.0427641819063265
    endloop
  endfacet
  facet normal -0.4764575393633295 0.15414259754319 -0.8655797322063864
    outer loop
      vertex -1.4152912462931073 0.5603534450136751 -2.292139113421385
      vertex -1.8168896517431292 0.7193575020198422 -2.0427641819063265
      vertex -1.3339003428866194 0.7333179190634505 -2.306139113421385
    endloop
  endfacet
  facet normal -0.47560069506224495 0.16937546348182622 -0.8632009796256177
    outer loop
      vertex -1.3339003428866194 0.7333179190634505 -2.306139113421385
      vertex -1.8168896517431292 0.7193575020198422 -2.0427641819063265
      vertex -1.7124035323436124 0.941401808337234 -2.056764181906326
    endloop
  endfacet
  facet normal -0.397848029837538 0.31080703648367325 0.8632009796256177
    outer loop
      vertex -1.7124035323436124 0.941401808337234 -1.9552358180936746
      vertex -1.3339003428866194 0.7333179190634505 -1.7058608865786153
      vertex -1.5809117862987512 1.1485996457709655 -1.969235818093674
    endloop
  endfacet
  facet normal -0.4626434692220069 0.20210168024932007 0.8632009796256186
    outer loop
      vertex -1.8927223359773873 0.48596849817225585 -1.9272358180936742
      vertex -1.4743621612915423 0.3785518623971119 -1.6778608865786158
      vertex -1.8168896517431292 0.7193575020198422 -1.9412358180936735
    endloop
  endfacet
  facet normal -0.45284046754279234 0.21379251191083742 0.8655797322063865
    outer loop
      vertex -1.4743621612915423 0.3785518623971119 -1.6778608865786158
      vertex -1.4152912462931073 0.5603534450136751 -1.691860886578615
      vertex -1.8168896517431292 0.7193575020198422 -1.9412358180936735
    endloop
  endfacet
  facet normal -0.4764575393633292 0.15414259754319434 -0.8655797322063856
    outer loop
      vertex -1.4152912462931073 0.5603534450136751 -1.5921391134213856
      vertex -1.8168896517431292 0.7193575020198422 -1.3427641819063263
      vertex -1.3339003428866194 0.7333179190634505 -1.606139113421385
    endloop
  endfacet
  facet normal -0.4336653301878559 0.25849265012071676 0.863200979625618
    outer loop
      vertex -1.8168896517431292 0.7193575020198422 -1.9412358180936735
      vertex -1.4152912462931073 0.5603534450136751 -1.691860886578615
      vertex -1.7124035323436124 0.941401808337234 -1.9552358180936746
    endloop
  endfacet
  facet normal -0.4224743783697043 0.26886265418360705 0.8655797322063855
    outer loop
      vertex -1.7124035323436124 0.941401808337234 -1.9552358180936746
      vertex -1.4152912462931073 0.5603534450136751 -1.691860886578615
      vertex -1.3339003428866194 0.7333179190634505 -1.7058608865786153
    endloop
  endfacet
  facet normal -0.9510565162951542 0.3090169943749457 0
    outer loop
      vertex -1.4743621612915423 0.3785518623971119 -1.6778608865786158
      vertex -1.4743621612915423 0.3785518623971119 -1.5781391134213845
      vertex -1.4152912462931073 0.5603534450136751 -1.691860886578615
    endloop
  endfacet
  facet normal -0.45338133917439294 0.21264310118589763 -0.8655797322063855
    outer loop
      vertex -1.3339003428866194 0.7333179190634505 -2.306139113421385
      vertex -1.7124035323436124 0.941401808337234 -2.056764181906326
      vertex -1.2314730342393692 0.8947175314667035 -2.3201391134213853
    endloop
  endfacet
  facet normal -0.9510565162951542 0.3090169943749457 0
    outer loop
      vertex -1.4743621612915423 0.3785518623971119 -1.5781391134213845
      vertex -1.4152912462931073 0.5603534450136751 -1.5921391134213856
      vertex -1.4152912462931073 0.5603534450136751 -1.691860886578615
    endloop
  endfacet
  facet normal -0.904827052466019 0.42577929156507377 0
    outer loop
      vertex -1.4152912462931073 0.5603534450136751 -1.691860886578615
      vertex -1.4152912462931073 0.5603534450136751 -1.5921391134213856
      vertex -1.3339003428866194 0.7333179190634505 -1.7058608865786153
    endloop
  endfacet
  facet normal -0.9048270524660191 0.42577929156507377 0
    outer loop
      vertex -1.4152912462931073 0.5603534450136751 -1.5921391134213856
      vertex -1.3339003428866194 0.7333179190634505 -1.606139113421385
      vertex -1.3339003428866194 0.7333179190634505 -1.7058608865786153
    endloop
  endfacet
  facet normal -0.38544561587576504 0.3196926717891305 0.8655797322063864
    outer loop
      vertex -1.3339003428866194 0.7333179190634505 -1.7058608865786153
      vertex -1.2314730342393692 0.8947175314667035 -1.7198608865786156
      vertex -1.5809117862987512 1.1485996457709655 -1.969235818093674
    endloop
  endfacet
  facet normal -0.4533813391743919 0.2126431011858969 -0.8655797322063864
    outer loop
      vertex -1.3339003428866194 0.7333179190634505 -1.606139113421385
      vertex -1.7124035323436124 0.941401808337234 -1.3567641819063265
      vertex -1.2314730342393692 0.8947175314667035 -1.6201391134213852
    endloop
  endfacet
  facet normal -0.8443279255020151 0.5358267949789967 0
    outer loop
      vertex -1.3339003428866194 0.7333179190634505 -1.7058608865786153
      vertex -1.3339003428866194 0.7333179190634505 -1.606139113421385
      vertex -1.2314730342393692 0.8947175314667035 -1.7198608865786156
    endloop
  endfacet
  facet normal -0.8443279255020151 0.5358267949789967 0
    outer loop
      vertex -1.2314730342393692 0.8947175314667035 -1.7198608865786156
      vertex -1.3339003428866194 0.7333179190634505 -1.606139113421385
      vertex -1.2314730342393692 0.8947175314667035 -1.6201391134213852
    endloop
  endfacet
  facet normal -0.7705132427757895 0.6374239897486896 0
    outer loop
      vertex -1.2314730342393692 0.8947175314667035 -1.7198608865786156
      vertex -1.2314730342393692 0.8947175314667035 -1.6201391134213852
      vertex -1.1096246601958315 1.0420069139203807 -1.733860886578615
    endloop
  endfacet
  facet normal -0.7705132427757894 0.6374239897486895 0
    outer loop
      vertex -1.2314730342393692 0.8947175314667035 -2.7054052977019314
      vertex -1.1096246601958315 1.0420069139203807 -2.7194052977019316
      vertex -1.1096246601958315 1.0420069139203807 -2.7463026028703688
    endloop
  endfacet
  facet normal -0.7705132427757895 0.6374239897486895 0
    outer loop
      vertex -1.2314730342393692 0.8947175314667035 -2.633710004891352
      vertex -1.1096246601958315 1.0420069139203807 -2.647710004891352
      vertex -1.1096246601958315 1.0420069139203807 -2.7194052977019316
    endloop
  endfacet
  facet normal -0.6845471059286891 0.7289686274214113 0
    outer loop
      vertex -1.1096246601958315 1.0420069139203807 -2.7463026028703688
      vertex -1.1096246601958315 1.0420069139203807 -2.7194052977019316
      vertex -0.970276842403363 1.1728632248767756 -2.7463026028703688
    endloop
  endfacet
  facet normal -0.684547105928689 0.7289686274214112 0
    outer loop
      vertex -1.1096246601958315 1.0420069139203807 -2.7194052977019316
      vertex -1.1096246601958315 1.0420069139203807 -2.647710004891352
      vertex -0.970276842403363 1.1728632248767756 -2.733405297701932
    endloop
  endfacet
  facet normal -0.684547105928689 0.7289686274214113 0
    outer loop
      vertex -1.1096246601958315 1.0420069139203807 -2.7194052977019316
      vertex -0.970276842403363 1.1728632248767756 -2.733405297701932
      vertex -0.970276842403363 1.1728632248767756 -2.7463026028703688
    endloop
  endfacet
  facet normal -0.684547105928689 0.7289686274214112 0
    outer loop
      vertex -1.1096246601958315 1.0420069139203807 -2.647710004891352
      vertex -0.970276842403363 1.1728632248767756 -2.6617100048913525
      vertex -0.970276842403363 1.1728632248767756 -2.733405297701932
    endloop
  endfacet
  facet normal -0.684547105928689 0.7289686274214113 0
    outer loop
      vertex -1.1096246601958315 1.0420069139203807 -2.647710004891352
      vertex -1.1096246601958315 1.0420069139203807 -2.3341391134213847
      vertex -0.970276842403363 1.1728632248767756 -2.6617100048913525
    endloop
  endfacet
  facet normal -0.684547105928689 0.7289686274214113 0
    outer loop
      vertex -1.1096246601958315 1.0420069139203807 -2.3341391134213847
      vertex -0.970276842403363 1.1728632248767756 -2.348139113421385
      vertex -0.970276842403363 1.1728632248767756 -2.6617100048913525
    endloop
  endfacet
  facet normal -0.7705132427757894 0.6374239897486894 0
    outer loop
      vertex -1.2314730342393692 0.8947175314667035 -2.3201391134213853
      vertex -1.1096246601958315 1.0420069139203807 -2.3341391134213847
      vertex -1.1096246601958315 1.0420069139203807 -2.647710004891352
    endloop
  endfacet
  facet normal -0.386255341853959 0.3187138812207616 -0.8655797322063863
    outer loop
      vertex -1.1096246601958315 1.0420069139203807 -2.3341391134213847
      vertex -1.424488116993034 1.3376833806507191 -2.0847641819063263
      vertex -0.970276842403363 1.1728632248767756 -2.348139113421385
    endloop
  endfacet
  facet normal -0.3432641617993342 0.36461135804815653 -0.8655797322063863
    outer loop
      vertex -1.2455994191343815 1.5056710495242935 -2.0987641819063265
      vertex -0.8156271791909037 1.2852227821423332 -2.362139113421385
      vertex -0.970276842403363 1.1728632248767756 -2.348139113421385
    endloop
  endfacet
  facet normal -0.4506220670020093 0.22764846035985156 -0.8632009796256175
    outer loop
      vertex -1.2314730342393692 0.8947175314667035 -2.3201391134213853
      vertex -1.7124035323436124 0.941401808337234 -2.056764181906326
      vertex -1.5809117862987512 1.1485996457709655 -2.070764181906326
    endloop
  endfacet
  facet normal -0.8443279255020152 0.5358267949789964 0
    outer loop
      vertex -1.7124035323436124 0.941401808337234 -2.056764181906326
      vertex -1.7124035323436124 0.941401808337234 -1.9552358180936746
      vertex -1.5809117862987512 1.1485996457709655 -2.070764181906326
    endloop
  endfacet
  facet normal -0.8443279255020153 0.5358267949789965 0
    outer loop
      vertex -1.7124035323436124 0.941401808337234 -1.9552358180936746
      vertex -1.5809117862987512 1.1485996457709655 -1.969235818093674
      vertex -1.5809117862987512 1.1485996457709655 -2.070764181906326
    endloop
  endfacet
  facet normal -0.7705132427757895 0.6374239897486893 0
    outer loop
      vertex -1.5809117862987512 1.1485996457709655 -2.070764181906326
      vertex -1.5809117862987512 1.1485996457709655 -1.969235818093674
      vertex -1.424488116993034 1.3376833806507191 -2.0847641819063263
    endloop
  endfacet
  facet normal -0.7705132427757895 0.6374239897486893 0
    outer loop
      vertex -1.5809117862987512 1.1485996457709655 -1.969235818093674
      vertex -1.424488116993034 1.3376833806507191 -1.9832358180936742
      vertex -1.424488116993034 1.3376833806507191 -2.0847641819063263
    endloop
  endfacet
  facet normal -0.4185368597565745 0.28233130502740633 -0.8632009796256184
    outer loop
      vertex -1.1096246601958315 1.0420069139203807 -2.3341391134213847
      vertex -1.5809117862987512 1.1485996457709655 -2.070764181906326
      vertex -1.424488116993034 1.3376833806507191 -2.0847641819063263
    endloop
  endfacet
  facet normal -0.42315504442978846 0.2677900960960755 -0.8655797322063856
    outer loop
      vertex -1.2314730342393692 0.8947175314667035 -2.3201391134213853
      vertex -1.5809117862987512 1.1485996457709655 -2.070764181906326
      vertex -1.1096246601958315 1.0420069139203807 -2.3341391134213847
    endloop
  endfacet
  facet normal -0.35575642839378213 0.35821981021416544 0.8632009796256183
    outer loop
      vertex -1.2314730342393692 0.8947175314667035 -1.7198608865786156
      vertex -1.424488116993034 1.3376833806507191 -1.9832358180936742
      vertex -1.5809117862987512 1.1485996457709655 -1.969235818093674
    endloop
  endfacet
  facet normal -0.6845471059286888 0.7289686274214114 0
    outer loop
      vertex -1.424488116993034 1.3376833806507191 -2.0847641819063263
      vertex -1.424488116993034 1.3376833806507191 -1.9832358180936742
      vertex -1.2455994191343815 1.5056710495242935 -2.0987641819063265
    endloop
  endfacet
  facet normal -0.30805433555567074 0.39998324354743714 0.8632009796256176
    outer loop
      vertex -1.424488116993034 1.3376833806507191 -1.9832358180936742
      vertex -1.1096246601958315 1.0420069139203807 -1.733860886578615
      vertex -1.2455994191343815 1.5056710495242935 -1.9972358180936745
    endloop
  endfacet
  facet normal -0.6845471059286888 0.7289686274214114 0
    outer loop
      vertex -1.424488116993034 1.3376833806507191 -1.9832358180936742
      vertex -1.2455994191343815 1.5056710495242935 -1.9972358180936745
      vertex -1.2455994191343815 1.5056710495242935 -2.0987641819063265
    endloop
  endfacet
  facet normal -0.37985107621097847 0.3325616163581334 -0.8632009796256183
    outer loop
      vertex -1.424488116993034 1.3376833806507191 -2.0847641819063263
      vertex -1.2455994191343815 1.5056710495242935 -2.0987641819063265
      vertex -0.970276842403363 1.1728632248767756 -2.348139113421385
    endloop
  endfacet
  facet normal -0.2554940418231064 0.4354387021915545 0.8632009796256185
    outer loop
      vertex -1.2455994191343815 1.5056710495242935 -1.9972358180936745
      vertex -0.970276842403363 1.1728632248767756 -1.747860886578616
      vertex -1.0470668743509552 1.6499133865025815 -2.011235818093674
    endloop
  endfacet
  facet normal -0.34233814576542 0.3654809449853927 0.8655797322063857
    outer loop
      vertex -1.2314730342393692 0.8947175314667035 -1.7198608865786156
      vertex -1.1096246601958315 1.0420069139203807 -1.733860886578615
      vertex -1.424488116993034 1.3376833806507191 -1.9832358180936742
    endloop
  endfacet
  facet normal -0.42315504442979085 0.26779009609607224 -0.8655797322063856
    outer loop
      vertex -1.2314730342393692 0.8947175314667035 -1.6201391134213852
      vertex -1.5809117862987512 1.1485996457709655 -1.3707641819063259
      vertex -1.1096246601958315 1.0420069139203807 -1.6341391134213854
    endloop
  endfacet
  facet normal -0.684547105928689 0.7289686274214112 0
    outer loop
      vertex -1.1096246601958315 1.0420069139203807 -1.733860886578615
      vertex -1.1096246601958315 1.0420069139203807 -1.6341391134213854
      vertex -0.970276842403363 1.1728632248767756 -1.747860886578616
    endloop
  endfacet
  facet normal -0.7705132427757894 0.6374239897486894 0
    outer loop
      vertex -1.2314730342393692 0.8947175314667035 -1.6201391134213852
      vertex -1.1096246601958315 1.0420069139203807 -1.6341391134213854
      vertex -1.1096246601958315 1.0420069139203807 -1.733860886578615
    endloop
  endfacet
  facet normal -0.3862553418539571 0.31871388122076555 -0.8655797322063857
    outer loop
      vertex -1.1096246601958315 1.0420069139203807 -1.6341391134213854
      vertex -1.424488116993034 1.3376833806507191 -1.384764181906326
      vertex -0.970276842403363 1.1728632248767756 -1.6481391134213847
    endloop
  endfacet
  facet normal -0.684547105928689 0.7289686274214113 0
    outer loop
      vertex -1.1096246601958315 1.0420069139203807 -1.6341391134213854
      vertex -0.970276842403363 1.1728632248767756 -1.6481391134213847
      vertex -0.970276842403363 1.1728632248767756 -1.747860886578616
    endloop
  endfacet
  facet normal -0.29383179859344805 0.4055053653515081 0.8655797322063863
    outer loop
      vertex -1.1096246601958315 1.0420069139203807 -1.733860886578615
      vertex -0.970276842403363 1.1728632248767756 -1.747860886578616
      vertex -1.2455994191343815 1.5056710495242935 -1.9972358180936745
    endloop
  endfacet
  facet normal -0.3432641617993341 0.36461135804815653 -0.8655797322063863
    outer loop
      vertex -0.970276842403363 1.1728632248767756 -1.6481391134213847
      vertex -1.2455994191343815 1.5056710495242935 -1.3987641819063263
      vertex -0.8156271791909037 1.2852227821423332 -1.662139113421385
    endloop
  endfacet
  facet normal -0.5877852522924727 0.8090169943749477 0
    outer loop
      vertex -1.2455994191343815 1.5056710495242935 -2.0987641819063265
      vertex -1.2455994191343815 1.5056710495242935 -1.9972358180936745
      vertex -1.0470668743509552 1.6499133865025815 -2.1127641819063268
    endloop
  endfacet
  facet normal -0.3351748142815013 0.37754723233621235 -0.8632009796256184
    outer loop
      vertex -1.2455994191343815 1.5056710495242935 -2.0987641819063265
      vertex -1.0470668743509552 1.6499133865025815 -2.1127641819063268
      vertex -0.8156271791909037 1.2852227821423332 -2.362139113421385
    endloop
  endfacet
  facet normal -0.5877852522924727 0.8090169943749477 0
    outer loop
      vertex -1.2455994191343815 1.5056710495242935 -1.9972358180936745
      vertex -1.0470668743509552 1.6499133865025815 -2.011235818093674
      vertex -1.0470668743509552 1.6499133865025815 -2.1127641819063268
    endloop
  endfacet
  facet normal 0 0 -1
    outer loop
      vertex -1.2684869856481553 0 -3
      vertex -1.2584845868876218 0.15898357564552024 -3
      vertex 0 0 -3
    endloop
  endfacet
  facet normal 0 0 -1
    outer loop
      vertex -1.2584845868876218 0.15898357564552024 -3
      vertex -1.2286351344096187 0.3154598853309266 -3
      vertex 0 0 -3
    endloop
  endfacet
  facet normal 0 0 -1
    outer loop
      vertex -1.2286351344096187 0.3154598853309266 -3
      vertex -1.1794093719109227 0.4669612041780626 -3
      vertex 0 0 -3
    endloop
  endfacet
  facet normal 0 0 -1
    outer loop
      vertex -1.1794093719109227 0.4669612041780626 -3
      vertex -1.1115836190721828 0.6110982658862087 -3
      vertex 0 0 -3
    endloop
  endfacet
  facet normal 0 0 -1
    outer loop
      vertex -1.1115836190721828 0.6110982658862087 -3
      vertex -1.0262275285328077 0.7455979428889197 -3
      vertex 0 0 -3
    endloop
  endfacet
  facet normal -0.4845257149897102 0.5159674803200778 -0.7064080908128532
    outer loop
      vertex -1.1096246601958315 1.0420069139203807 -2.7463026028703688
      vertex -0.8085640353361359 0.9773860207306464 -3
      vertex -0.9246872168298597 0.8683390949336506 -3
    endloop
  endfacet
  facet normal 0 0 -1
    outer loop
      vertex -1.0262275285328077 0.7455979428889197 -3
      vertex -0.9246872168298597 0.8683390949336506 -3
      vertex 0 0 -3
    endloop
  endfacet
  facet normal 0 0 -1
    outer loop
      vertex -0.9246872168298597 0.8683390949336506 -3
      vertex -0.8085640353361359 0.9773860207306464 -3
      vertex 0 0 -3
    endloop
  endfacet
  facet normal 0 0 -1
    outer loop
      vertex -0.8085640353361359 0.9773860207306464 -3
      vertex -0.6796893159924198 1.0710189851186112 -3
      vertex 0 0 -3
    endloop
  endfacet
  facet normal 0 0 -1
    outer loop
      vertex -0.6796893159924198 1.0710189851186112 -3
      vertex -0.5400954901087862 1.1477613403155262 -3
      vertex 0 0 -3
    endloop
  endfacet
  facet normal 0 0 -1
    outer loop
      vertex -0.5400954901087862 1.1477613403155262 -3
      vertex -0.39198403570872997 1.206402813536275 -3
      vertex 0 0 -3
    endloop
  endfacet
  facet normal 0 0 -1
    outer loop
      vertex -0.39198403570872997 1.206402813536275 -3
      vertex -0.23769075890563446 1.246018593717448 -3
      vertex 0 0 -3
    endloop
  endfacet
  facet normal 0 0 -1
    outer loop
      vertex -0.23769075890563446 1.246018593717448 -3
      vertex -0.07964895684502024 1.2659839163402684 -3
      vertex 0 0 -3
    endloop
  endfacet
  facet normal -0.48452571498971025 0.5159674803200777 -0.7064080908128532
    outer loop
      vertex -1.1096246601958315 1.0420069139203807 -2.7463026028703688
      vertex -0.970276842403363 1.1728632248767756 -2.7463026028703688
      vertex -0.8085640353361359 0.9773860207306464 -3
    endloop
  endfacet
  facet normal -0.4160372122836578 0.5726260972304549 -0.7064080908128533
    outer loop
      vertex -0.8085640353361359 0.9773860207306464 -3
      vertex -0.970276842403363 1.1728632248767756 -2.7463026028703688
      vertex -0.6796893159924198 1.0710189851186112 -3
    endloop
  endfacet
  facet normal -0.41603721228365753 0.5726260972304553 -0.706408090812853
    outer loop
      vertex -0.970276842403363 1.1728632248767756 -2.7463026028703688
      vertex -0.8156271791909037 1.2852227821423332 -2.7463026028703688
      vertex -0.6796893159924198 1.0710189851186112 -3
    endloop
  endfacet
  facet normal -0.5877852522924721 0.8090169943749481 0
    outer loop
      vertex -0.970276842403363 1.1728632248767756 -2.7463026028703688
      vertex -0.970276842403363 1.1728632248767756 -2.733405297701932
      vertex -0.8156271791909037 1.2852227821423332 -2.7463026028703688
    endloop
  endfacet
  facet normal -0.5877852522924721 0.8090169943749481 0
    outer loop
      vertex -0.970276842403363 1.1728632248767756 -2.733405297701932
      vertex -0.970276842403363 1.1728632248767756 -2.6617100048913525
      vertex -0.8156271791909037 1.2852227821423332 -2.7463026028703688
    endloop
  endfacet
  facet normal -0.5877852522924722 0.809016994374948 0
    outer loop
      vertex -0.970276842403363 1.1728632248767756 -2.6617100048913525
      vertex -0.8156271791909037 1.2852227821423332 -2.675710004891352
      vertex -0.8156271791909037 1.2852227821423332 -2.7463026028703688
    endloop
  endfacet
  facet normal -0.48175367410171593 0.8763066800438631 0
    outer loop
      vertex -0.8156271791909037 1.2852227821423332 -2.7463026028703688
      vertex -0.8156271791909037 1.2852227821423332 -2.675710004891352
      vertex -0.6481145881305433 1.3773136083786315 -2.7463026028703688
    endloop
  endfacet
  facet normal -0.34098755421130894 0.6202540585172575 -0.7064080908128533
    outer loop
      vertex -0.6796893159924198 1.0710189851186112 -3
      vertex -0.6481145881305433 1.3773136083786315 -2.7463026028703688
      vertex -0.5400954901087862 1.1477613403155262 -3
    endloop
  endfacet
  facet normal -0.34098755421130944 0.6202540585172572 -0.706408090812853
    outer loop
      vertex -0.8156271791909037 1.2852227821423332 -2.7463026028703688
      vertex -0.6481145881305433 1.3773136083786315 -2.7463026028703688
      vertex -0.6796893159924198 1.0710189851186112 -3
    endloop
  endfacet
  facet normal -0.2605603187129567 0.658100242779428 -0.7064080908128533
    outer loop
      vertex -0.5400954901087862 1.1477613403155262 -3
      vertex -0.6481145881305433 1.3773136083786315 -2.7463026028703688
      vertex -0.470380842850476 1.4476833762435302 -2.7463026028703688
    endloop
  endfacet
  facet normal -0.48175367410171593 0.8763066800438633 0
    outer loop
      vertex -0.8156271791909037 1.2852227821423332 -2.675710004891352
      vertex -0.6481145881305433 1.3773136083786315 -2.689710004891352
      vertex -0.6481145881305433 1.3773136083786315 -2.7463026028703688
    endloop
  endfacet
  facet normal -0.36812455268467903 0.9297764858882511 0
    outer loop
      vertex -0.6481145881305433 1.3773136083786315 -2.7463026028703688
      vertex -0.6481145881305433 1.3773136083786315 -2.689710004891352
      vertex -0.470380842850476 1.4476833762435302 -2.7463026028703688
    endloop
  endfacet
  facet normal -0.36812455268467903 0.9297764858882511 0
    outer loop
      vertex -0.6481145881305433 1.3773136083786315 -2.689710004891352
      vertex -0.470380842850476 1.4476833762435302 -2.7037100048913523
      vertex -0.470380842850476 1.4476833762435302 -2.7463026028703688
    endloop
  endfacet
  facet normal -0.5877852522924721 0.8090169943749481 0
    outer loop
      vertex -0.970276842403363 1.1728632248767756 -2.6617100048913525
      vertex -0.970276842403363 1.1728632248767756 -2.348139113421385
      vertex -0.8156271791909037 1.2852227821423332 -2.675710004891352
    endloop
  endfacet
  facet normal -0.5877852522924721 0.8090169943749481 0
    outer loop
      vertex -0.8156271791909037 1.2852227821423332 -2.675710004891352
      vertex -0.970276842403363 1.1728632248767756 -2.348139113421385
      vertex -0.8156271791909037 1.2852227821423332 -2.362139113421385
    endloop
  endfacet
  facet normal -0.4817536741017159 0.8763066800438631 0
    outer loop
      vertex -0.8156271791909037 1.2852227821423332 -2.675710004891352
      vertex -0.8156271791909037 1.2852227821423332 -2.362139113421385
      vertex -0.6481145881305433 1.3773136083786315 -2.689710004891352
    endloop
  endfacet
  facet normal -0.2948595008570604 0.4047586959508659 -0.8655797322063865
    outer loop
      vertex -1.0470668743509552 1.6499133865025815 -2.1127641819063268
      vertex -0.6481145881305433 1.3773136083786315 -2.3761391134213845
      vertex -0.8156271791909037 1.2852227821423332 -2.362139113421385
    endloop
  endfacet
  facet normal -0.4817536741017159 0.8763066800438631 0
    outer loop
      vertex -0.6481145881305433 1.3773136083786315 -2.689710004891352
      vertex -0.8156271791909037 1.2852227821423332 -2.362139113421385
      vertex -0.6481145881305433 1.3773136083786315 -2.3761391134213845
    endloop
  endfacet
  facet normal -0.368124552684679 0.929776485888251 0
    outer loop
      vertex -0.6481145881305433 1.3773136083786315 -2.689710004891352
      vertex -0.6481145881305433 1.3773136083786315 -2.3761391134213845
      vertex -0.470380842850476 1.4476833762435302 -2.7037100048913523
    endloop
  endfacet
  facet normal -0.368124552684679 0.929776485888251 0
    outer loop
      vertex -0.6481145881305433 1.3773136083786315 -2.3761391134213845
      vertex -0.470380842850476 1.4476833762435302 -2.3901391134213847
      vertex -0.470380842850476 1.4476833762435302 -2.7037100048913523
    endloop
  endfacet
  facet normal -0.2418047294457492 0.4385227474273012 -0.8655797322063863
    outer loop
      vertex -0.6481145881305433 1.3773136083786315 -2.3761391134213845
      vertex -0.8320214594715815 1.7681356037652416 -2.126764181906326
      vertex -0.470380842850476 1.4476833762435302 -2.3901391134213847
    endloop
  endfacet
  facet normal -0.2605603187129559 0.658100242779428 -0.7064080908128535
    outer loop
      vertex -0.5400954901087862 1.1477613403155262 -3
      vertex -0.470380842850476 1.4476833762435302 -2.7463026028703688
      vertex -0.39198403570872997 1.206402813536275 -3
    endloop
  endfacet
  facet normal -0.17602389133730972 0.685567793082938 -0.7064080908128535
    outer loop
      vertex -0.39198403570872997 1.206402813536275 -3
      vertex -0.470380842850476 1.4476833762435302 -2.7463026028703688
      vertex -0.23769075890563446 1.246018593717448 -3
    endloop
  endfacet
  facet normal -0.17602389133730947 0.6855677930829384 -0.7064080908128535
    outer loop
      vertex -0.470380842850476 1.4476833762435302 -2.7463026028703688
      vertex -0.28522891068676137 1.4952223124609376 -2.7463026028703688
      vertex -0.23769075890563446 1.246018593717448 -3
    endloop
  endfacet
  facet normal -0.0887114620436999 0.7022235297511815 -0.7064080908128535
    outer loop
      vertex -0.23769075890563446 1.246018593717448 -3
      vertex -0.28522891068676137 1.4952223124609376 -2.7463026028703688
      vertex -0.07964895684502024 1.2659839163402684 -3
    endloop
  endfacet
  facet normal -0.08871146204369885 0.7022235297511821 -0.706408090812853
    outer loop
      vertex -0.07964895684502024 1.2659839163402684 -3
      vertex -0.28522891068676137 1.4952223124609376 -2.7463026028703688
      vertex -0.09557874821402428 1.519180699608322 -2.7463026028703688
    endloop
  endfacet
  facet normal 0 0.7078047818672462 -0.7064080908128532
    outer loop
      vertex -0.07964895684502024 1.2659839163402684 -3
      vertex -0.09557874821402428 1.519180699608322 -2.7463026028703688
      vertex 0.07964895684502024 1.2659839163402684 -3
    endloop
  endfacet
  facet normal -0.24868988716485402 0.9685831611286312 0
    outer loop
      vertex -0.470380842850476 1.4476833762435302 -2.7463026028703688
      vertex -0.470380842850476 1.4476833762435302 -2.7037100048913523
      vertex -0.28522891068676137 1.4952223124609376 -2.7463026028703688
    endloop
  endfacet
  facet normal -0.24868988716485405 0.9685831611286313 0
    outer loop
      vertex -0.470380842850476 1.4476833762435302 -2.7037100048913523
      vertex -0.28522891068676137 1.4952223124609376 -2.7177100048913525
      vertex -0.28522891068676137 1.4952223124609376 -2.7463026028703688
    endloop
  endfacet
  facet normal -0.12533323356430423 0.9921147013144779 0
    outer loop
      vertex -0.28522891068676137 1.4952223124609376 -2.7463026028703688
      vertex -0.28522891068676137 1.4952223124609376 -2.7177100048913525
      vertex -0.09557874821402428 1.519180699608322 -2.7463026028703688
    endloop
  endfacet
  facet normal -0.12533323356430423 0.9921147013144779 0
    outer loop
      vertex -0.28522891068676137 1.4952223124609376 -2.7177100048913525
      vertex -0.09557874821402428 1.519180699608322 -2.731710004891352
      vertex -0.09557874821402428 1.519180699608322 -2.7463026028703688
    endloop
  endfacet
  facet normal 0 1 0
    outer loop
      vertex -0.09557874821402428 1.519180699608322 -2.7463026028703688
      vertex -0.09557874821402428 1.519180699608322 -2.731710004891352
      vertex 0.09557874821402428 1.519180699608322 -2.7463026028703688
    endloop
  endfacet
  facet normal 0 1 0
    outer loop
      vertex -0.09557874821402428 1.519180699608322 -2.731710004891352
      vertex -0.09557874821402428 1.519180699608322 -2.418139113421385
      vertex 0.09557874821402428 1.519180699608322 -2.745710004891352
    endloop
  endfacet
  facet normal -0.24868988716485402 0.9685831611286314 0
    outer loop
      vertex -0.470380842850476 1.4476833762435302 -2.7037100048913523
      vertex -0.470380842850476 1.4476833762435302 -2.3901391134213847
      vertex -0.28522891068676137 1.4952223124609376 -2.7177100048913525
    endloop
  endfacet
  facet normal -0.24868988716485402 0.9685831611286314 0
    outer loop
      vertex -0.470380842850476 1.4476833762435302 -2.3901391134213847
      vertex -0.28522891068676137 1.4952223124609376 -2.404139113421385
      vertex -0.28522891068676137 1.4952223124609376 -2.7177100048913525
    endloop
  endfacet
  facet normal -0.18493655300393047 0.4653710332160189 -0.8655797322063863
    outer loop
      vertex -0.470380842850476 1.4476833762435302 -2.3901391134213847
      vertex -0.6038545691508126 1.8584732663235117 -2.1407641819063263
      vertex -0.28522891068676137 1.4952223124609376 -2.404139113421385
    endloop
  endfacet
  facet normal -0.12515181664549901 0.4848801398117392 -0.8655797322063864
    outer loop
      vertex -0.28522891068676137 1.4952223124609376 -2.404139113421385
      vertex -0.36616453154930095 1.919501695273744 -2.1547641819063266
      vertex -0.09557874821402428 1.519180699608322 -2.418139113421385
    endloop
  endfacet
  facet normal -0.1253332335643042 0.9921147013144778 0
    outer loop
      vertex -0.28522891068676137 1.4952223124609376 -2.7177100048913525
      vertex -0.28522891068676137 1.4952223124609376 -2.404139113421385
      vertex -0.09557874821402428 1.519180699608322 -2.731710004891352
    endloop
  endfacet
  facet normal -0.1253332335643042 0.9921147013144779 0
    outer loop
      vertex -0.09557874821402428 1.519180699608322 -2.731710004891352
      vertex -0.28522891068676137 1.4952223124609376 -2.404139113421385
      vertex -0.09557874821402428 1.519180699608322 -2.418139113421385
    endloop
  endfacet
  facet normal -0.0633933613764964 0.4967423969492746 -0.8655797322063856
    outer loop
      vertex -0.09557874821402428 1.519180699608322 -2.418139113421385
      vertex -0.12269986054916825 1.950258435834777 -2.168764181906326
      vertex 0.09557874821402428 1.519180699608322 -2.4321391134213854
    endloop
  endfacet
  facet normal -0.5877852522924722 0.8090169943749482 0
    outer loop
      vertex -0.970276842403363 1.1728632248767756 -1.747860886578616
      vertex -0.970276842403363 1.1728632248767756 -1.6481391134213847
      vertex -0.8156271791909037 1.2852227821423332 -1.7618608865786154
    endloop
  endfacet
  facet normal -0.5877852522924721 0.8090169943749481 0
    outer loop
      vertex -0.970276842403363 1.1728632248767756 -1.6481391134213847
      vertex -0.8156271791909037 1.2852227821423332 -1.662139113421385
      vertex -0.8156271791909037 1.2852227821423332 -1.7618608865786154
    endloop
  endfacet
  facet normal -0.24069154843106114 0.4391347238688583 0.8655797322063865
    outer loop
      vertex -1.0470668743509552 1.6499133865025815 -2.011235818093674
      vertex -0.970276842403363 1.1728632248767756 -1.747860886578616
      vertex -0.8156271791909037 1.2852227821423332 -1.7618608865786154
    endloop
  endfacet
  facet normal -0.4817536741017159 0.8763066800438631 0
    outer loop
      vertex -0.8156271791909037 1.2852227821423332 -1.7618608865786154
      vertex -0.8156271791909037 1.2852227821423332 -1.662139113421385
      vertex -0.6481145881305433 1.3773136083786315 -1.7758608865786147
    endloop
  endfacet
  facet normal -0.29485950085706375 0.4047586959508636 -0.8655797322063865
    outer loop
      vertex -0.8156271791909037 1.2852227821423332 -1.662139113421385
      vertex -1.0470668743509552 1.6499133865025815 -1.4127641819063266
      vertex -0.6481145881305433 1.3773136083786315 -1.6761391134213852
    endloop
  endfacet
  facet normal -0.481753674101716 0.8763066800438631 0
    outer loop
      vertex -0.8156271791909037 1.2852227821423332 -1.662139113421385
      vertex -0.6481145881305433 1.3773136083786315 -1.6761391134213852
      vertex -0.6481145881305433 1.3773136083786315 -1.7758608865786147
    endloop
  endfacet
  facet normal -0.3681245526846789 0.9297764858882509 0
    outer loop
      vertex -0.6481145881305433 1.3773136083786315 -1.7758608865786147
      vertex -0.6481145881305433 1.3773136083786315 -1.6761391134213852
      vertex -0.470380842850476 1.4476833762435302 -1.7898608865786159
    endloop
  endfacet
  facet normal -0.36812455268467903 0.929776485888251 0
    outer loop
      vertex -0.6481145881305433 1.3773136083786315 -1.6761391134213852
      vertex -0.470380842850476 1.4476833762435302 -1.6901391134213846
      vertex -0.470380842850476 1.4476833762435302 -1.7898608865786159
    endloop
  endfacet
  facet normal -0.48175367410171543 0.8763066800438634 0
    outer loop
      vertex -1.0470668743509552 1.6499133865025815 -2.1127641819063268
      vertex -1.0470668743509552 1.6499133865025815 -2.011235818093674
      vertex -0.8320214594715815 1.7681356037652416 -2.126764181906326
    endloop
  endfacet
  facet normal -0.2852126453070736 0.41657870292456617 -0.8632009796256185
    outer loop
      vertex -1.0470668743509552 1.6499133865025815 -2.1127641819063268
      vertex -0.8320214594715815 1.7681356037652416 -2.126764181906326
      vertex -0.6481145881305433 1.3773136083786315 -2.3761391134213845
    endloop
  endfacet
  facet normal -0.19890445442624605 0.46402703238364273 0.8632009796256184
    outer loop
      vertex -1.0470668743509552 1.6499133865025815 -2.011235818093674
      vertex -0.8156271791909037 1.2852227821423332 -1.7618608865786154
      vertex -0.8320214594715815 1.7681356037652416 -2.025235818093674
    endloop
  endfacet
  facet normal -0.36812455268467814 0.9297764858882513 0
    outer loop
      vertex -0.8320214594715815 1.7681356037652416 -2.126764181906326
      vertex -0.8320214594715815 1.7681356037652416 -2.025235818093674
      vertex -0.6038545691508126 1.8584732663235117 -2.1407641819063263
    endloop
  endfacet
  facet normal -0.4817536741017155 0.8763066800438636 0
    outer loop
      vertex -1.0470668743509552 1.6499133865025815 -2.011235818093674
      vertex -0.8320214594715815 1.7681356037652416 -2.025235818093674
      vertex -0.8320214594715815 1.7681356037652416 -2.126764181906326
    endloop
  endfacet
  facet normal -0.23075250253838275 0.44904047851574214 -0.8632009796256181
    outer loop
      vertex -0.470380842850476 1.4476833762435302 -2.3901391134213847
      vertex -0.8320214594715815 1.7681356037652416 -2.126764181906326
      vertex -0.6038545691508126 1.8584732663235117 -2.1407641819063263
    endloop
  endfacet
  facet normal -0.13917802496332476 0.48529737907872766 0.8632009796256176
    outer loop
      vertex -0.6481145881305433 1.3773136083786315 -1.7758608865786147
      vertex -0.6038545691508126 1.8584732663235117 -2.0392358180936743
      vertex -0.8320214594715815 1.7681356037652416 -2.025235818093674
    endloop
  endfacet
  facet normal -0.36812455268467814 0.9297764858882513 0
    outer loop
      vertex -0.8320214594715815 1.7681356037652416 -2.025235818093674
      vertex -0.6038545691508126 1.8584732663235117 -2.0392358180936743
      vertex -0.6038545691508126 1.8584732663235117 -2.1407641819063263
    endloop
  endfacet
  facet normal -0.24868988716485502 0.9685831611286311 0
    outer loop
      vertex -0.6038545691508126 1.8584732663235117 -2.1407641819063263
      vertex -0.6038545691508126 1.8584732663235117 -2.0392358180936743
      vertex -0.36616453154930095 1.919501695273744 -2.1547641819063266
    endloop
  endfacet
  facet normal -0.18375544876775146 0.465838665464433 0.8655797322063857
    outer loop
      vertex -0.8156271791909037 1.2852227821423332 -1.7618608865786154
      vertex -0.6481145881305433 1.3773136083786315 -1.7758608865786147
      vertex -0.8320214594715815 1.7681356037652416 -2.025235818093674
    endloop
  endfacet
  facet normal -0.28521264530707635 0.4165787029245647 -0.8632009796256183
    outer loop
      vertex -0.6481145881305433 1.3773136083786315 -1.6761391134213852
      vertex -1.0470668743509552 1.6499133865025815 -1.4127641819063266
      vertex -0.8320214594715815 1.7681356037652416 -1.4267641819063268
    endloop
  endfacet
  facet normal -0.12392141590717996 0.48519605302710417 0.8655797322063862
    outer loop
      vertex -0.6481145881305433 1.3773136083786315 -1.7758608865786147
      vertex -0.470380842850476 1.4476833762435302 -1.7898608865786159
      vertex -0.6038545691508126 1.8584732663235117 -2.0392358180936743
    endloop
  endfacet
  facet normal -0.2418047294457456 0.4385227474273029 -0.8655797322063865
    outer loop
      vertex -0.6481145881305433 1.3773136083786315 -1.6761391134213852
      vertex -0.8320214594715815 1.7681356037652416 -1.4267641819063268
      vertex -0.470380842850476 1.4476833762435302 -1.6901391134213846
    endloop
  endfacet
  facet normal -0.23075250253837984 0.4490404785157432 -0.8632009796256184
    outer loop
      vertex -0.470380842850476 1.4476833762435302 -1.6901391134213846
      vertex -0.8320214594715815 1.7681356037652416 -1.4267641819063268
      vertex -0.6038545691508126 1.8584732663235117 -1.4407641819063262
    endloop
  endfacet
  facet normal -0.06213306829070134 0.4969016089914616 0.8655797322063865
    outer loop
      vertex -0.470380842850476 1.4476833762435302 -1.7898608865786159
      vertex -0.28522891068676137 1.4952223124609376 -1.8038608865786152
      vertex -0.36616453154930095 1.919501695273744 -2.0532358180936736
    endloop
  endfacet
  facet normal -0.1726532549597955 0.47442061751694636 -0.8632009796256184
    outer loop
      vertex -0.28522891068676137 1.4952223124609376 -2.404139113421385
      vertex -0.6038545691508126 1.8584732663235117 -2.1407641819063263
      vertex -0.36616453154930095 1.919501695273744 -2.1547641819063266
    endloop
  endfacet
  facet normal -0.24868988716485502 0.9685831611286312 0
    outer loop
      vertex -0.6038545691508126 1.8584732663235117 -2.0392358180936743
      vertex -0.36616453154930095 1.919501695273744 -2.0532358180936736
      vertex -0.36616453154930095 1.919501695273744 -2.1547641819063266
    endloop
  endfacet
  facet normal -0.12533323356430412 0.9921147013144779 0
    outer loop
      vertex -0.36616453154930095 1.919501695273744 -2.1547641819063266
      vertex -0.36616453154930095 1.919501695273744 -2.0532358180936736
      vertex -0.12269986054916825 1.950258435834777 -2.168764181906326
    endloop
  endfacet
  facet normal -0.07725667490581166 0.4989142962031358 0.8632009796256184
    outer loop
      vertex -0.6038545691508126 1.8584732663235117 -2.0392358180936743
      vertex -0.470380842850476 1.4476833762435302 -1.7898608865786159
      vertex -0.36616453154930095 1.919501695273744 -2.0532358180936736
    endloop
  endfacet
  facet normal -0.014116940934127678 0.504663036839469 0.8632009796256183
    outer loop
      vertex -0.36616453154930095 1.919501695273744 -2.0532358180936736
      vertex -0.28522891068676137 1.4952223124609376 -1.8038608865786152
      vertex -0.12269986054916825 1.950258435834777 -2.067235818093674
    endloop
  endfacet
  facet normal 0.0006351549292278501 0.5007707297473928 0.8655797322063864
    outer loop
      vertex -0.28522891068676137 1.4952223124609376 -1.8038608865786152
      vertex -0.09557874821402428 1.519180699608322 -1.8178608865786154
      vertex -0.12269986054916825 1.950258435834777 -2.067235818093674
    endloop
  endfacet
  facet normal -0.11183116241243386 0.4923188599747704 -0.8632009796256177
    outer loop
      vertex -0.09557874821402428 1.519180699608322 -2.418139113421385
      vertex -0.36616453154930095 1.919501695273744 -2.1547641819063266
      vertex -0.12269986054916825 1.950258435834777 -2.168764181906326
    endloop
  endfacet
  facet normal -0.1253332335643041 0.9921147013144778 0
    outer loop
      vertex -0.36616453154930095 1.919501695273744 -2.0532358180936736
      vertex -0.12269986054916825 1.950258435834777 -2.067235818093674
      vertex -0.12269986054916825 1.950258435834777 -2.168764181906326
    endloop
  endfacet
  facet normal 0.04924542562913609 0.5024529399137576 0.8632009796256184
    outer loop
      vertex -0.09557874821402428 1.519180699608322 -1.8178608865786154
      vertex 0.12269986054916825 1.950258435834777 -2.081235818093674
      vertex -0.12269986054916825 1.950258435834777 -2.067235818093674
    endloop
  endfacet
  facet normal -0.248689887164854 0.9685831611286313 0
    outer loop
      vertex -0.470380842850476 1.4476833762435302 -1.7898608865786159
      vertex -0.470380842850476 1.4476833762435302 -1.6901391134213846
      vertex -0.28522891068676137 1.4952223124609376 -1.8038608865786152
    endloop
  endfacet
  facet normal -0.24868988716485402 0.9685831611286313 0
    outer loop
      vertex -0.470380842850476 1.4476833762435302 -1.6901391134213846
      vertex -0.28522891068676137 1.4952223124609376 -1.7041391134213848
      vertex -0.28522891068676137 1.4952223124609376 -1.8038608865786152
    endloop
  endfacet
  facet normal -0.18493655300393047 0.4653710332160189 -0.8655797322063863
    outer loop
      vertex -0.470380842850476 1.4476833762435302 -1.6901391134213846
      vertex -0.6038545691508126 1.8584732663235117 -1.4407641819063262
      vertex -0.28522891068676137 1.4952223124609376 -1.7041391134213848
    endloop
  endfacet
  facet normal -0.12515181664549901 0.4848801398117392 -0.8655797322063864
    outer loop
      vertex -0.28522891068676137 1.4952223124609376 -1.7041391134213848
      vertex -0.36616453154930095 1.919501695273744 -1.4547641819063264
      vertex -0.09557874821402428 1.519180699608322 -1.718139113421385
    endloop
  endfacet
  facet normal -0.1726532549597955 0.47442061751694636 -0.8632009796256184
    outer loop
      vertex -0.28522891068676137 1.4952223124609376 -1.7041391134213848
      vertex -0.6038545691508126 1.8584732663235117 -1.4407641819063262
      vertex -0.36616453154930095 1.919501695273744 -1.4547641819063264
    endloop
  endfacet
  facet normal -0.1253332335643042 0.9921147013144779 0
    outer loop
      vertex -0.28522891068676137 1.4952223124609376 -1.8038608865786152
      vertex -0.28522891068676137 1.4952223124609376 -1.7041391134213848
      vertex -0.09557874821402428 1.519180699608322 -1.8178608865786154
    endloop
  endfacet
  facet normal -0.1253332335643042 0.9921147013144779 0
    outer loop
      vertex -0.28522891068676137 1.4952223124609376 -1.7041391134213848
      vertex -0.09557874821402428 1.519180699608322 -1.718139113421385
      vertex -0.09557874821402428 1.519180699608322 -1.8178608865786154
    endloop
  endfacet
  facet normal 0 1 0
    outer loop
      vertex -0.09557874821402428 1.519180699608322 -1.8178608865786154
      vertex -0.09557874821402428 1.519180699608322 -1.718139113421385
      vertex 0.09557874821402428 1.519180699608322 -1.8318608865786157
    endloop
  endfacet
  facet normal -0.06339336137649243 0.4967423969492735 -0.8655797322063864
    outer loop
      vertex -0.09557874821402428 1.519180699608322 -1.718139113421385
      vertex -0.12269986054916825 1.950258435834777 -1.4687641819063266
      vertex 0.09557874821402428 1.519180699608322 -1.7321391134213844
    endloop
  endfacet
  facet normal -0.11183116241243676 0.4923188599747688 -0.8632009796256184
    outer loop
      vertex -0.09557874821402428 1.519180699608322 -1.718139113421385
      vertex -0.36616453154930095 1.919501695273744 -1.4547641819063264
      vertex -0.12269986054916825 1.950258435834777 -1.4687641819063266
    endloop
  endfacet
  facet normal -0.50455360967099 -0.017598969894488708 -0.8632009796256183
    outer loop
      vertex -1.9541144342958772 0 -1.3007641819063265
      vertex -1.938705658315764 0.24491548080498307 -1.3147641819063267
      vertex -1.5101815042651463 0.1907802907746243 -1.5641391134213851
    endloop
  endfacet
  facet normal -0.9980267284282716 0.06279051952931333 0
    outer loop
      vertex -1.9541144342958772 0 -1.3007641819063265
      vertex -1.9541144342958772 0 -1.1992358180936744
      vertex -1.938705658315764 0.24491548080498307 -1.3147641819063267
    endloop
  endfacet
  facet normal -0.9980267284282716 0.06279051952931332 0
    outer loop
      vertex -1.9541144342958772 0 -1.1992358180936744
      vertex -1.938705658315764 0.24491548080498307 -1.2132358180936738
      vertex -1.938705658315764 0.24491548080498307 -1.3147641819063267
    endloop
  endfacet
  facet normal -0.5027807895601524 0.0457771386462973 -0.8632009796256185
    outer loop
      vertex -1.4743621612915423 0.3785518623971119 -1.5781391134213845
      vertex -1.938705658315764 0.24491548080498307 -1.3147641819063267
      vertex -1.8927223359773873 0.48596849817225585 -1.328764181906326
    endloop
  endfacet
  facet normal -0.9822872507286886 0.18738131458572516 0
    outer loop
      vertex -1.938705658315764 0.24491548080498307 -1.3147641819063267
      vertex -1.938705658315764 0.24491548080498307 -1.2132358180936738
      vertex -1.8927223359773873 0.48596849817225585 -1.328764181906326
    endloop
  endfacet
  facet normal -0.9822872507286886 0.18738131458572513 0
    outer loop
      vertex -1.8927223359773873 0.48596849817225585 -1.328764181906326
      vertex -1.938705658315764 0.24491548080498307 -1.2132358180936738
      vertex -1.8927223359773873 0.48596849817225585 -1.227235818093674
    endloop
  endfacet
  facet normal -0.484325444376711 0.14252344615071025 0.8632009796256184
    outer loop
      vertex -1.938705658315764 0.24491548080498307 -1.2132358180936738
      vertex -1.5101815042651463 0.1907802907746243 -0.9638608865786154
      vertex -1.8927223359773873 0.48596849817225585 -1.227235818093674
    endloop
  endfacet
  facet normal -0.49974269139444083 -0.03207755588197459 -0.8655797322063864
    outer loop
      vertex -1.9541144342958772 0 -1.3007641819063265
      vertex -1.5101815042651463 0.1907802907746243 -1.5641391134213851
      vertex -1.5221843827777863 0 -1.5501391134213849
    endloop
  endfacet
  facet normal -0.49982245481041593 0.030809752689854444 -0.8655797322063864
    outer loop
      vertex -1.5101815042651463 0.1907802907746243 -1.5641391134213851
      vertex -1.938705658315764 0.24491548080498307 -1.3147641819063267
      vertex -1.4743621612915423 0.3785518623971119 -1.5781391134213845
    endloop
  endfacet
  facet normal -0.49836931795159967 0.08069753216691701 0.863200979625618
    outer loop
      vertex -1.9541144342958772 0 -1.1992358180936744
      vertex -1.5221843827777863 0 -0.9498608865786156
      vertex -1.938705658315764 0.24491548080498307 -1.2132358180936738
    endloop
  endfacet
  facet normal -0.49178168720336163 0.09445898223533523 0.8655797322063864
    outer loop
      vertex -1.938705658315764 0.24491548080498307 -1.2132358180936738
      vertex -1.5221843827777863 0 -0.9498608865786156
      vertex -1.5101815042651463 0.1907802907746243 -0.9638608865786154
    endloop
  endfacet
  facet normal -0.49974269139444155 -0.03207755588197254 -0.865579732206386
    outer loop
      vertex -1.9541144342958772 0 -0.6007641819063263
      vertex -1.5101815042651463 0.1907802907746243 -0.8641391134213849
      vertex -1.5221843827777863 0 -0.8501391134213852
    endloop
  endfacet
  facet normal -0.9980267284282716 0.0627905195293134 0
    outer loop
      vertex -1.5221843827777863 0 -0.9498608865786156
      vertex -1.5221843827777863 0 -0.8501391134213852
      vertex -1.5101815042651463 0.1907802907746243 -0.9638608865786154
    endloop
  endfacet
  facet normal -0.9980267284282716 0.0627905195293134 0
    outer loop
      vertex -1.5101815042651463 0.1907802907746243 -0.9638608865786154
      vertex -1.5221843827777863 0 -0.8501391134213852
      vertex -1.5101815042651463 0.1907802907746243 -0.8641391134213849
    endloop
  endfacet
  facet normal -0.4760649920289448 0.15535073401178798 0.8655797322063864
    outer loop
      vertex -1.8927223359773873 0.48596849817225585 -1.227235818093674
      vertex -1.5101815042651463 0.1907802907746243 -0.9638608865786154
      vertex -1.4743621612915423 0.3785518623971119 -0.9778608865786156
    endloop
  endfacet
  facet normal -0.9822872507286884 0.18738131458572552 0
    outer loop
      vertex -1.5101815042651463 0.1907802907746243 -0.9638608865786154
      vertex -1.5101815042651463 0.1907802907746243 -0.8641391134213849
      vertex -1.4743621612915423 0.3785518623971119 -0.9778608865786156
    endloop
  endfacet
  facet normal -0.4998224548104165 0.030809752689850454 -0.8655797322063864
    outer loop
      vertex -1.5101815042651463 0.1907802907746243 -0.8641391134213849
      vertex -1.938705658315764 0.24491548080498307 -0.6147641819063265
      vertex -1.4743621612915423 0.3785518623971119 -0.8781391134213852
    endloop
  endfacet
  facet normal -0.4920197195345704 0.09321117305690234 -0.8655797322063861
    outer loop
      vertex -1.4743621612915423 0.3785518623971119 -0.8781391134213852
      vertex -1.8927223359773873 0.48596849817225585 -0.6287641819063263
      vertex -1.4152912462931073 0.5603534450136751 -0.892139113421385
    endloop
  endfacet
  facet normal -0.9822872507286884 0.1873813145857255 0
    outer loop
      vertex -1.5101815042651463 0.1907802907746243 -0.8641391134213849
      vertex -1.4743621612915423 0.3785518623971119 -0.8781391134213852
      vertex -1.4743621612915423 0.3785518623971119 -0.9778608865786156
    endloop
  endfacet
  facet normal -0.951056516295154 0.3090169943749463 0
    outer loop
      vertex -1.8927223359773873 0.48596849817225585 -1.328764181906326
      vertex -1.8927223359773873 0.48596849817225585 -1.227235818093674
      vertex -1.8168896517431292 0.7193575020198422 -1.3427641819063263
    endloop
  endfacet
  facet normal -0.951056516295154 0.30901699437494623 0
    outer loop
      vertex -1.8927223359773873 0.48596849817225585 -1.227235818093674
      vertex -1.8168896517431292 0.7193575020198422 -1.2412358180936742
      vertex -1.8168896517431292 0.7193575020198422 -1.3427641819063263
    endloop
  endfacet
  facet normal -0.462643469222006 0.20210168024932304 0.8632009796256185
    outer loop
      vertex -1.8927223359773873 0.48596849817225585 -1.227235818093674
      vertex -1.4743621612915423 0.3785518623971119 -0.9778608865786156
      vertex -1.8168896517431292 0.7193575020198422 -1.2412358180936742
    endloop
  endfacet
  facet normal -0.904827052466019 0.42577929156507377 0
    outer loop
      vertex -1.8168896517431292 0.7193575020198422 -1.3427641819063263
      vertex -1.8168896517431292 0.7193575020198422 -1.2412358180936742
      vertex -1.7124035323436124 0.941401808337234 -1.3567641819063265
    endloop
  endfacet
  facet normal -0.904827052466019 0.42577929156507377 0
    outer loop
      vertex -1.8168896517431292 0.7193575020198422 -1.2412358180936742
      vertex -1.7124035323436124 0.941401808337234 -1.2552358180936736
      vertex -1.7124035323436124 0.941401808337234 -1.3567641819063265
    endloop
  endfacet
  facet normal -0.4930788160512686 0.10843131436468705 -0.8632009796256175
    outer loop
      vertex -1.4152912462931073 0.5603534450136751 -1.5921391134213856
      vertex -1.8927223359773873 0.48596849817225585 -1.328764181906326
      vertex -1.8168896517431292 0.7193575020198422 -1.3427641819063263
    endloop
  endfacet
  facet normal -0.4756006950622451 0.16937546348182284 -0.8632009796256184
    outer loop
      vertex -1.3339003428866194 0.7333179190634505 -1.606139113421385
      vertex -1.8168896517431292 0.7193575020198422 -1.3427641819063263
      vertex -1.7124035323436124 0.941401808337234 -1.3567641819063265
    endloop
  endfacet
  facet normal -0.4336653301878591 0.2584926501207113 0.8632009796256181
    outer loop
      vertex -1.8168896517431292 0.7193575020198422 -1.2412358180936742
      vertex -1.4152912462931073 0.5603534450136751 -0.9918608865786154
      vertex -1.7124035323436124 0.941401808337234 -1.2552358180936736
    endloop
  endfacet
  facet normal -0.39784802983753526 0.3108070364836753 0.8632009796256183
    outer loop
      vertex -1.7124035323436124 0.941401808337234 -1.2552358180936736
      vertex -1.3339003428866194 0.7333179190634505 -1.0058608865786152
      vertex -1.5809117862987512 1.1485996457709655 -1.2692358180936738
    endloop
  endfacet
  facet normal -0.4528404675427921 0.21379251191083945 0.865579732206386
    outer loop
      vertex -1.4743621612915423 0.3785518623971119 -0.9778608865786156
      vertex -1.4152912462931073 0.5603534450136751 -0.9918608865786154
      vertex -1.8168896517431292 0.7193575020198422 -1.2412358180936742
    endloop
  endfacet
  facet normal -0.4764575393633295 0.15414259754319 -0.8655797322063864
    outer loop
      vertex -1.4152912462931073 0.5603534450136751 -0.892139113421385
      vertex -1.8168896517431292 0.7193575020198422 -0.6427641819063266
      vertex -1.3339003428866194 0.7333179190634505 -0.9061391134213852
    endloop
  endfacet
  facet normal -0.422474378369704 0.26886265418360483 0.8655797322063864
    outer loop
      vertex -1.7124035323436124 0.941401808337234 -1.2552358180936736
      vertex -1.4152912462931073 0.5603534450136751 -0.9918608865786154
      vertex -1.3339003428866194 0.7333179190634505 -1.0058608865786152
    endloop
  endfacet
  facet normal -0.9510565162951541 0.30901699437494573 0
    outer loop
      vertex -1.4743621612915423 0.3785518623971119 -0.9778608865786156
      vertex -1.4743621612915423 0.3785518623971119 -0.8781391134213852
      vertex -1.4152912462931073 0.5603534450136751 -0.9918608865786154
    endloop
  endfacet
  facet normal -0.9048270524660191 0.42577929156507377 0
    outer loop
      vertex -1.4152912462931073 0.5603534450136751 -0.9918608865786154
      vertex -1.4152912462931073 0.5603534450136751 -0.892139113421385
      vertex -1.3339003428866194 0.7333179190634505 -1.0058608865786152
    endloop
  endfacet
  facet normal -0.904827052466019 0.4257792915650738 0
    outer loop
      vertex -1.4152912462931073 0.5603534450136751 -0.892139113421385
      vertex -1.3339003428866194 0.7333179190634505 -0.9061391134213852
      vertex -1.3339003428866194 0.7333179190634505 -1.0058608865786152
    endloop
  endfacet
  facet normal -0.9510565162951541 0.30901699437494573 0
    outer loop
      vertex -1.4743621612915423 0.3785518623971119 -0.8781391134213852
      vertex -1.4152912462931073 0.5603534450136751 -0.892139113421385
      vertex -1.4152912462931073 0.5603534450136751 -0.9918608865786154
    endloop
  endfacet
  facet normal -0.38544561587576504 0.3196926717891305 0.8655797322063864
    outer loop
      vertex -1.3339003428866194 0.7333179190634505 -1.0058608865786152
      vertex -1.2314730342393692 0.8947175314667035 -1.0198608865786154
      vertex -1.5809117862987512 1.1485996457709655 -1.2692358180936738
    endloop
  endfacet
  facet normal -0.8443279255020151 0.5358267949789968 0
    outer loop
      vertex -1.3339003428866194 0.7333179190634505 -1.0058608865786152
      vertex -1.3339003428866194 0.7333179190634505 -0.9061391134213852
      vertex -1.2314730342393692 0.8947175314667035 -1.0198608865786154
    endloop
  endfacet
  facet normal -0.8443279255020151 0.5358267949789967 0
    outer loop
      vertex -1.2314730342393692 0.8947175314667035 -1.0198608865786154
      vertex -1.3339003428866194 0.7333179190634505 -0.9061391134213852
      vertex -1.2314730342393692 0.8947175314667035 -0.920139113421385
    endloop
  endfacet
  facet normal -0.45338133917439155 0.21264310118589905 -0.865579732206386
    outer loop
      vertex -1.3339003428866194 0.7333179190634505 -0.9061391134213852
      vertex -1.7124035323436124 0.941401808337234 -0.6567641819063263
      vertex -1.2314730342393692 0.8947175314667035 -0.920139113421385
    endloop
  endfacet
  facet normal -0.7705132427757895 0.6374239897486896 0
    outer loop
      vertex -1.2314730342393692 0.8947175314667035 -1.0198608865786154
      vertex -1.2314730342393692 0.8947175314667035 -0.920139113421385
      vertex -1.1096246601958315 1.0420069139203807 -1.0338608865786156
    endloop
  endfacet
  facet normal -0.9980267284282716 0.06279051952931333 0
    outer loop
      vertex -1.9541144342958772 0 -0.6007641819063263
      vertex -1.9541144342958772 0 -0.49923581809367423
      vertex -1.938705658315764 0.24491548080498307 -0.6147641819063265
    endloop
  endfacet
  facet normal -0.50455360967099 -0.017598969894488708 -0.8632009796256183
    outer loop
      vertex -1.9541144342958772 0 -0.6007641819063263
      vertex -1.938705658315764 0.24491548080498307 -0.6147641819063265
      vertex -1.5101815042651463 0.1907802907746243 -0.8641391134213849
    endloop
  endfacet
  facet normal -0.9980267284282716 0.06279051952931333 0
    outer loop
      vertex -1.9541144342958772 0 -0.49923581809367423
      vertex -1.938705658315764 0.24491548080498307 -0.5132358180936745
      vertex -1.938705658315764 0.24491548080498307 -0.6147641819063265
    endloop
  endfacet
  facet normal -0.49836931795159956 0.08069753216692013 0.8632009796256179
    outer loop
      vertex -1.9541144342958772 0 -0.49923581809367423
      vertex -1.5221843827777863 0 -0.24986088657861538
      vertex -1.938705658315764 0.24491548080498307 -0.5132358180936745
    endloop
  endfacet
  facet normal -0.9822872507286886 0.18738131458572513 0
    outer loop
      vertex -1.938705658315764 0.24491548080498307 -0.6147641819063265
      vertex -1.938705658315764 0.24491548080498307 -0.5132358180936745
      vertex -1.8927223359773873 0.48596849817225585 -0.6287641819063263
    endloop
  endfacet
  facet normal -0.5027807895601534 0.045777138646295915 -0.863200979625618
    outer loop
      vertex -1.4743621612915423 0.3785518623971119 -0.8781391134213852
      vertex -1.938705658315764 0.24491548080498307 -0.6147641819063265
      vertex -1.8927223359773873 0.48596849817225585 -0.6287641819063263
    endloop
  endfacet
  facet normal -0.9822872507286886 0.18738131458572513 0
    outer loop
      vertex -1.8927223359773873 0.48596849817225585 -0.6287641819063263
      vertex -1.938705658315764 0.24491548080498307 -0.5132358180936745
      vertex -1.8927223359773873 0.48596849817225585 -0.5272358180936743
    endloop
  endfacet
  facet normal -0.48432544437671193 0.14252344615070883 0.863200979625618
    outer loop
      vertex -1.938705658315764 0.24491548080498307 -0.5132358180936745
      vertex -1.5101815042651463 0.1907802907746243 -0.2638608865786156
      vertex -1.8927223359773873 0.48596849817225585 -0.5272358180936743
    endloop
  endfacet
  facet normal -0.5027807895601529 0.045777138646294235 -0.8632009796256184
    outer loop
      vertex -1.4743621612915423 0.3785518623971119 -0.178139113421385
      vertex -1.938705658315764 0.24491548080498307 0.08523581809367364
      vertex -1.8927223359773873 0.48596849817225585 0.07123581809367341
    endloop
  endfacet
  facet normal -0.49178168720336196 0.09445898223533723 0.8655797322063861
    outer loop
      vertex -1.938705658315764 0.24491548080498307 -0.5132358180936745
      vertex -1.5221843827777863 0 -0.24986088657861538
      vertex -1.5101815042651463 0.1907802907746243 -0.2638608865786156
    endloop
  endfacet
  facet normal -0.9980267284282717 0.06279051952931339 0
    outer loop
      vertex -1.5221843827777863 0 -0.24986088657861538
      vertex -1.5221843827777863 0 -0.15013911330911345
      vertex -1.5101815042651463 0.1907802907746243 -0.2638608865786156
    endloop
  endfacet
  facet normal -0.9980267284282716 0.0627905195293134 0
    outer loop
      vertex -1.5101815042651463 0.1907802907746243 -0.2638608865786156
      vertex -1.5221843827777863 0 -0.15013911330911345
      vertex -1.5101815042651463 0.1907802907746243 -0.1641391134213852
    endloop
  endfacet
  facet normal -0.49974269143308847 -0.032077556385916764 -0.8655797321653974
    outer loop
      vertex -1.5221843827777863 0 -0.15013911330911345
      vertex -1.9541144340804504 0 0.09923581811266269
      vertex -1.5101815042651463 0.1907802907746243 -0.1641391134213852
    endloop
  endfacet
  facet normal -0.47606499202894603 0.15535073401178615 0.865579732206386
    outer loop
      vertex -1.8927223359773873 0.48596849817225585 -0.5272358180936743
      vertex -1.5101815042651463 0.1907802907746243 -0.2638608865786156
      vertex -1.4743621612915423 0.3785518623971119 -0.2778608865786154
    endloop
  endfacet
  facet normal -0.9822872507286884 0.18738131458572552 0
    outer loop
      vertex -1.5101815042651463 0.1907802907746243 -0.2638608865786156
      vertex -1.5101815042651463 0.1907802907746243 -0.1641391134213852
      vertex -1.4743621612915423 0.3785518623971119 -0.2778608865786154
    endloop
  endfacet
  facet normal -0.9822872507286884 0.18738131458572552 0
    outer loop
      vertex -1.5101815042651463 0.1907802907746243 -0.1641391134213852
      vertex -1.4743621612915423 0.3785518623971119 -0.178139113421385
      vertex -1.4743621612915423 0.3785518623971119 -0.2778608865786154
    endloop
  endfacet
  facet normal -0.4998224548104168 0.0308097526898526 -0.8655797322063861
    outer loop
      vertex -1.5101815042651463 0.1907802907746243 -0.1641391134213852
      vertex -1.938705658315764 0.24491548080498307 0.08523581809367364
      vertex -1.4743621612915423 0.3785518623971119 -0.178139113421385
    endloop
  endfacet
  facet normal -0.4920197195345702 0.09321117305690015 -0.8655797322063863
    outer loop
      vertex -1.4743621612915423 0.3785518623971119 -0.178139113421385
      vertex -1.8927223359773873 0.48596849817225585 0.07123581809367341
      vertex -1.4152912462931073 0.5603534450136751 -0.19213911342138523
    endloop
  endfacet
  facet normal -0.951056516295154 0.3090169943749463 0
    outer loop
      vertex -1.8927223359773873 0.48596849817225585 -0.6287641819063263
      vertex -1.8927223359773873 0.48596849817225585 -0.5272358180936743
      vertex -1.8168896517431292 0.7193575020198422 -0.6427641819063266
    endloop
  endfacet
  facet normal -0.9510565162951539 0.3090169943749462 0
    outer loop
      vertex -1.8927223359773873 0.48596849817225585 -0.5272358180936743
      vertex -1.8168896517431292 0.7193575020198422 -0.541235818093674
      vertex -1.8168896517431292 0.7193575020198422 -0.6427641819063266
    endloop
  endfacet
  facet normal -0.46264346922200705 0.20210168024932176 0.8632009796256181
    outer loop
      vertex -1.8927223359773873 0.48596849817225585 -0.5272358180936743
      vertex -1.4743621612915423 0.3785518623971119 -0.2778608865786154
      vertex -1.8168896517431292 0.7193575020198422 -0.541235818093674
    endloop
  endfacet
  facet normal -0.9048270524660189 0.4257792915650737 0
    outer loop
      vertex -1.8168896517431292 0.7193575020198422 -0.6427641819063266
      vertex -1.8168896517431292 0.7193575020198422 -0.541235818093674
      vertex -1.7124035323436124 0.941401808337234 -0.6567641819063263
    endloop
  endfacet
  facet normal -0.904827052466019 0.42577929156507377 0
    outer loop
      vertex -1.8168896517431292 0.7193575020198422 -0.541235818093674
      vertex -1.7124035323436124 0.941401808337234 -0.5552358180936743
      vertex -1.7124035323436124 0.941401808337234 -0.6567641819063263
    endloop
  endfacet
  facet normal -0.4930788160512673 0.1084313143646867 -0.8632009796256183
    outer loop
      vertex -1.4152912462931073 0.5603534450136751 -0.892139113421385
      vertex -1.8927223359773873 0.48596849817225585 -0.6287641819063263
      vertex -1.8168896517431292 0.7193575020198422 -0.6427641819063266
    endloop
  endfacet
  facet normal -0.47560069506224506 0.16937546348182447 -0.863200979625618
    outer loop
      vertex -1.3339003428866194 0.7333179190634505 -0.9061391134213852
      vertex -1.8168896517431292 0.7193575020198422 -0.6427641819063266
      vertex -1.7124035323436124 0.941401808337234 -0.6567641819063263
    endloop
  endfacet
  facet normal -0.43366533018785713 0.2584926501207139 0.8632009796256183
    outer loop
      vertex -1.8168896517431292 0.7193575020198422 -0.541235818093674
      vertex -1.4152912462931073 0.5603534450136751 -0.29186088657861564
      vertex -1.7124035323436124 0.941401808337234 -0.5552358180936743
    endloop
  endfacet
  facet normal -0.4224743783697046 0.26886265418360505 0.8655797322063861
    outer loop
      vertex -1.7124035323436124 0.941401808337234 -0.5552358180936743
      vertex -1.4152912462931073 0.5603534450136751 -0.29186088657861564
      vertex -1.3339003428866194 0.7333179190634505 -0.30586088657861543
    endloop
  endfacet
  facet normal -0.3978480298375366 0.31080703648367436 0.8632009796256179
    outer loop
      vertex -1.7124035323436124 0.941401808337234 -0.5552358180936743
      vertex -1.3339003428866194 0.7333179190634505 -0.30586088657861543
      vertex -1.5809117862987512 1.1485996457709655 -0.5692358180936741
    endloop
  endfacet
  facet normal -0.4528404675427908 0.21379251191084114 0.8655797322063864
    outer loop
      vertex -1.4743621612915423 0.3785518623971119 -0.2778608865786154
      vertex -1.4152912462931073 0.5603534450136751 -0.29186088657861564
      vertex -1.8168896517431292 0.7193575020198422 -0.541235818093674
    endloop
  endfacet
  facet normal -0.49307881605126735 0.10843131436468835 -0.863200979625618
    outer loop
      vertex -1.4152912462931073 0.5603534450136751 -0.19213911342138523
      vertex -1.8927223359773873 0.48596849817225585 0.07123581809367341
      vertex -1.8168896517431292 0.7193575020198422 0.05723581809367362
    endloop
  endfacet
  facet normal -0.4764575393633301 0.1541425975431903 -0.8655797322063858
    outer loop
      vertex -1.4152912462931073 0.5603534450136751 -0.19213911342138523
      vertex -1.8168896517431292 0.7193575020198422 0.05723581809367362
      vertex -1.3339003428866194 0.7333179190634505 -0.20613911342138547
    endloop
  endfacet
  facet normal -0.4756006950622456 0.16937546348182483 -0.8632009796256177
    outer loop
      vertex -1.3339003428866194 0.7333179190634505 -0.20613911342138547
      vertex -1.8168896517431292 0.7193575020198422 0.05723581809367362
      vertex -1.7124035323436124 0.941401808337234 0.04323581809367383
    endloop
  endfacet
  facet normal -0.9510565162951541 0.30901699437494573 0
    outer loop
      vertex -1.4743621612915423 0.3785518623971119 -0.2778608865786154
      vertex -1.4743621612915423 0.3785518623971119 -0.178139113421385
      vertex -1.4152912462931073 0.5603534450136751 -0.29186088657861564
    endloop
  endfacet
  facet normal -0.38544561587576687 0.3196926717891292 0.865579732206386
    outer loop
      vertex -1.3339003428866194 0.7333179190634505 -0.30586088657861543
      vertex -1.2314730342393692 0.8947175314667035 -0.3198608865786152
      vertex -1.5809117862987512 1.1485996457709655 -0.5692358180936741
    endloop
  endfacet
  facet normal -0.9510565162951541 0.3090169943749457 0
    outer loop
      vertex -1.4743621612915423 0.3785518623971119 -0.178139113421385
      vertex -1.4152912462931073 0.5603534450136751 -0.19213911342138523
      vertex -1.4152912462931073 0.5603534450136751 -0.29186088657861564
    endloop
  endfacet
  facet normal -0.9048270524660191 0.42577929156507377 0
    outer loop
      vertex -1.4152912462931073 0.5603534450136751 -0.29186088657861564
      vertex -1.4152912462931073 0.5603534450136751 -0.19213911342138523
      vertex -1.3339003428866194 0.7333179190634505 -0.30586088657861543
    endloop
  endfacet
  facet normal -0.904827052466019 0.4257792915650738 0
    outer loop
      vertex -1.4152912462931073 0.5603534450136751 -0.19213911342138523
      vertex -1.3339003428866194 0.7333179190634505 -0.20613911342138547
      vertex -1.3339003428866194 0.7333179190634505 -0.30586088657861543
    endloop
  endfacet
  facet normal -0.8443279255020151 0.5358267949789968 0
    outer loop
      vertex -1.3339003428866194 0.7333179190634505 -0.30586088657861543
      vertex -1.3339003428866194 0.7333179190634505 -0.20613911342138547
      vertex -1.2314730342393692 0.8947175314667035 -0.3198608865786152
    endloop
  endfacet
  facet normal -0.8443279255020151 0.5358267949789968 0
    outer loop
      vertex -1.3339003428866194 0.7333179190634505 -0.20613911342138547
      vertex -1.2314730342393692 0.8947175314667035 -0.22013911342138526
      vertex -1.2314730342393692 0.8947175314667035 -0.3198608865786152
    endloop
  endfacet
  facet normal -0.45338133917439205 0.2126431011858994 -0.8655797322063856
    outer loop
      vertex -1.3339003428866194 0.7333179190634505 -0.20613911342138547
      vertex -1.7124035323436124 0.941401808337234 0.04323581809367383
      vertex -1.2314730342393692 0.8947175314667035 -0.22013911342138526
    endloop
  endfacet
  facet normal -0.7705132427757895 0.6374239897486894 0
    outer loop
      vertex -1.2314730342393692 0.8947175314667035 -0.3198608865786152
      vertex -1.2314730342393692 0.8947175314667035 -0.22013911342138526
      vertex -1.1096246601958315 1.0420069139203807 -0.33386088657861546
    endloop
  endfacet
  facet normal -0.8443279255020153 0.5358267949789964 0
    outer loop
      vertex -1.7124035323436124 0.941401808337234 -1.3567641819063265
      vertex -1.7124035323436124 0.941401808337234 -1.2552358180936736
      vertex -1.5809117862987512 1.1485996457709655 -1.3707641819063259
    endloop
  endfacet
  facet normal -0.4506220670020076 0.22764846035985423 -0.8632009796256177
    outer loop
      vertex -1.2314730342393692 0.8947175314667035 -1.6201391134213852
      vertex -1.7124035323436124 0.941401808337234 -1.3567641819063265
      vertex -1.5809117862987512 1.1485996457709655 -1.3707641819063259
    endloop
  endfacet
  facet normal -0.7705132427757895 0.6374239897486893 0
    outer loop
      vertex -1.5809117862987512 1.1485996457709655 -1.3707641819063259
      vertex -1.5809117862987512 1.1485996457709655 -1.2692358180936738
      vertex -1.424488116993034 1.3376833806507191 -1.384764181906326
    endloop
  endfacet
  facet normal -0.8443279255020153 0.5358267949789965 0
    outer loop
      vertex -1.7124035323436124 0.941401808337234 -1.2552358180936736
      vertex -1.5809117862987512 1.1485996457709655 -1.2692358180936738
      vertex -1.5809117862987512 1.1485996457709655 -1.3707641819063259
    endloop
  endfacet
  facet normal -0.7705132427757895 0.6374239897486893 0
    outer loop
      vertex -1.5809117862987512 1.1485996457709655 -1.2692358180936738
      vertex -1.424488116993034 1.3376833806507191 -1.283235818093674
      vertex -1.424488116993034 1.3376833806507191 -1.384764181906326
    endloop
  endfacet
  facet normal -0.4506220670020082 0.22764846035985087 -0.8632009796256183
    outer loop
      vertex -1.2314730342393692 0.8947175314667035 -0.920139113421385
      vertex -1.7124035323436124 0.941401808337234 -0.6567641819063263
      vertex -1.5809117862987512 1.1485996457709655 -0.6707641819063266
    endloop
  endfacet
  facet normal -0.41853685975657556 0.2823313050274071 -0.8632009796256175
    outer loop
      vertex -1.1096246601958315 1.0420069139203807 -1.6341391134213854
      vertex -1.5809117862987512 1.1485996457709655 -1.3707641819063259
      vertex -1.424488116993034 1.3376833806507191 -1.384764181906326
    endloop
  endfacet
  facet normal -0.35575642839378213 0.35821981021416544 0.8632009796256183
    outer loop
      vertex -1.2314730342393692 0.8947175314667035 -1.0198608865786154
      vertex -1.424488116993034 1.3376833806507191 -1.283235818093674
      vertex -1.5809117862987512 1.1485996457709655 -1.2692358180936738
    endloop
  endfacet
  facet normal -0.6845471059286888 0.7289686274214114 0
    outer loop
      vertex -1.424488116993034 1.3376833806507191 -1.384764181906326
      vertex -1.424488116993034 1.3376833806507191 -1.283235818093674
      vertex -1.2455994191343815 1.5056710495242935 -1.3987641819063263
    endloop
  endfacet
  facet normal -0.6845471059286888 0.7289686274214114 0
    outer loop
      vertex -1.424488116993034 1.3376833806507191 -1.283235818093674
      vertex -1.2455994191343815 1.5056710495242935 -1.2972358180936743
      vertex -1.2455994191343815 1.5056710495242935 -1.3987641819063263
    endloop
  endfacet
  facet normal -0.30805433555566974 0.3999832435474362 0.8632009796256184
    outer loop
      vertex -1.424488116993034 1.3376833806507191 -1.283235818093674
      vertex -1.1096246601958315 1.0420069139203807 -1.0338608865786156
      vertex -1.2455994191343815 1.5056710495242935 -1.2972358180936743
    endloop
  endfacet
  facet normal -0.3798510762109785 0.33256161635813336 -0.8632009796256183
    outer loop
      vertex -0.970276842403363 1.1728632248767756 -1.6481391134213847
      vertex -1.424488116993034 1.3376833806507191 -1.384764181906326
      vertex -1.2455994191343815 1.5056710495242935 -1.3987641819063263
    endloop
  endfacet
  facet normal -0.29383179859345526 0.405505365351504 0.8655797322063858
    outer loop
      vertex -1.1096246601958315 1.0420069139203807 -1.0338608865786156
      vertex -0.970276842403363 1.1728632248767756 -1.047860886578615
      vertex -1.2455994191343815 1.5056710495242935 -1.2972358180936743
    endloop
  endfacet
  facet normal -0.2554940418231048 0.43543870219155745 0.8632009796256175
    outer loop
      vertex -1.2455994191343815 1.5056710495242935 -1.2972358180936743
      vertex -0.970276842403363 1.1728632248767756 -1.047860886578615
      vertex -1.0470668743509552 1.6499133865025815 -1.3112358180936745
    endloop
  endfacet
  facet normal -0.3423381457654161 0.36548094498539474 0.8655797322063864
    outer loop
      vertex -1.2314730342393692 0.8947175314667035 -1.0198608865786154
      vertex -1.1096246601958315 1.0420069139203807 -1.0338608865786156
      vertex -1.424488116993034 1.3376833806507191 -1.283235818093674
    endloop
  endfacet
  facet normal -0.418536859756574 0.28233130502740794 -0.863200979625618
    outer loop
      vertex -1.1096246601958315 1.0420069139203807 -0.9341391134213852
      vertex -1.5809117862987512 1.1485996457709655 -0.6707641819063266
      vertex -1.424488116993034 1.3376833806507191 -0.6847641819063264
    endloop
  endfacet
  facet normal -0.42315504442978985 0.2677900960960713 -0.8655797322063864
    outer loop
      vertex -1.2314730342393692 0.8947175314667035 -0.920139113421385
      vertex -1.5809117862987512 1.1485996457709655 -0.6707641819063266
      vertex -1.1096246601958315 1.0420069139203807 -0.9341391134213852
    endloop
  endfacet
  facet normal -0.7705132427757894 0.6374239897486895 0
    outer loop
      vertex -1.2314730342393692 0.8947175314667035 -0.920139113421385
      vertex -1.1096246601958315 1.0420069139203807 -0.9341391134213852
      vertex -1.1096246601958315 1.0420069139203807 -1.0338608865786156
    endloop
  endfacet
  facet normal -0.684547105928689 0.7289686274214113 0
    outer loop
      vertex -1.1096246601958315 1.0420069139203807 -1.0338608865786156
      vertex -1.1096246601958315 1.0420069139203807 -0.9341391134213852
      vertex -0.970276842403363 1.1728632248767756 -1.047860886578615
    endloop
  endfacet
  facet normal -0.684547105928689 0.7289686274214112 0
    outer loop
      vertex -1.1096246601958315 1.0420069139203807 -0.9341391134213852
      vertex -0.970276842403363 1.1728632248767756 -0.948139113421385
      vertex -0.970276842403363 1.1728632248767756 -1.047860886578615
    endloop
  endfacet
  facet normal -0.38625534185395805 0.31871388122076355 -0.8655797322063861
    outer loop
      vertex -1.1096246601958315 1.0420069139203807 -0.9341391134213852
      vertex -1.424488116993034 1.3376833806507191 -0.6847641819063264
      vertex -0.970276842403363 1.1728632248767756 -0.948139113421385
    endloop
  endfacet
  facet normal -0.3798510762109778 0.33256161635813497 -0.863200979625618
    outer loop
      vertex -1.424488116993034 1.3376833806507191 -0.6847641819063264
      vertex -1.2455994191343815 1.5056710495242935 -0.6987641819063262
      vertex -0.970276842403363 1.1728632248767756 -0.948139113421385
    endloop
  endfacet
  facet normal -0.343264161799333 0.3646113580481584 -0.865579732206386
    outer loop
      vertex -1.2455994191343815 1.5056710495242935 -0.6987641819063262
      vertex -0.8156271791909037 1.2852227821423332 -0.9621391134213848
      vertex -0.970276842403363 1.1728632248767756 -0.948139113421385
    endloop
  endfacet
  facet normal -0.5877852522924727 0.8090169943749477 0
    outer loop
      vertex -1.2455994191343815 1.5056710495242935 -1.3987641819063263
      vertex -1.2455994191343815 1.5056710495242935 -1.2972358180936743
      vertex -1.0470668743509552 1.6499133865025815 -1.4127641819063266
    endloop
  endfacet
  facet normal -0.5877852522924727 0.8090169943749477 0
    outer loop
      vertex -1.2455994191343815 1.5056710495242935 -1.2972358180936743
      vertex -1.0470668743509552 1.6499133865025815 -1.3112358180936745
      vertex -1.0470668743509552 1.6499133865025815 -1.4127641819063266
    endloop
  endfacet
  facet normal -0.33517481428150137 0.37754723233621235 -0.8632009796256184
    outer loop
      vertex -0.8156271791909037 1.2852227821423332 -1.662139113421385
      vertex -1.2455994191343815 1.5056710495242935 -1.3987641819063263
      vertex -1.0470668743509552 1.6499133865025815 -1.4127641819063266
    endloop
  endfacet
  facet normal -0.3351748142815013 0.37754723233621235 -0.8632009796256184
    outer loop
      vertex -1.2455994191343815 1.5056710495242935 -0.6987641819063262
      vertex -1.0470668743509552 1.6499133865025815 -0.7127641819063264
      vertex -0.8156271791909037 1.2852227821423332 -0.9621391134213848
    endloop
  endfacet
  facet normal -0.8443279255020153 0.5358267949789965 0
    outer loop
      vertex -1.7124035323436124 0.941401808337234 -0.6567641819063263
      vertex -1.7124035323436124 0.941401808337234 -0.5552358180936743
      vertex -1.5809117862987512 1.1485996457709655 -0.6707641819063266
    endloop
  endfacet
  facet normal -0.8443279255020151 0.5358267949789964 0
    outer loop
      vertex -1.7124035323436124 0.941401808337234 -0.5552358180936743
      vertex -1.5809117862987512 1.1485996457709655 -0.5692358180936741
      vertex -1.5809117862987512 1.1485996457709655 -0.6707641819063266
    endloop
  endfacet
  facet normal -0.7705132427757895 0.6374239897486893 0
    outer loop
      vertex -1.5809117862987512 1.1485996457709655 -0.6707641819063266
      vertex -1.5809117862987512 1.1485996457709655 -0.5692358180936741
      vertex -1.424488116993034 1.3376833806507191 -0.6847641819063264
    endloop
  endfacet
  facet normal -0.7705132427757895 0.6374239897486893 0
    outer loop
      vertex -1.5809117862987512 1.1485996457709655 -0.5692358180936741
      vertex -1.424488116993034 1.3376833806507191 -0.5832358180936743
      vertex -1.424488116993034 1.3376833806507191 -0.6847641819063264
    endloop
  endfacet
  facet normal -0.45062206700200874 0.2276484603598511 -0.8632009796256179
    outer loop
      vertex -1.2314730342393692 0.8947175314667035 -0.22013911342138526
      vertex -1.7124035323436124 0.941401808337234 0.04323581809367383
      vertex -1.5809117862987512 1.1485996457709655 0.029235818093673593
    endloop
  endfacet
  facet normal -0.35575642839378263 0.35821981021416593 0.8632009796256179
    outer loop
      vertex -1.2314730342393692 0.8947175314667035 -0.3198608865786152
      vertex -1.424488116993034 1.3376833806507191 -0.5832358180936743
      vertex -1.5809117862987512 1.1485996457709655 -0.5692358180936741
    endloop
  endfacet
  facet normal -0.3423381457654166 0.3654809449853951 0.865579732206386
    outer loop
      vertex -1.2314730342393692 0.8947175314667035 -0.3198608865786152
      vertex -1.1096246601958315 1.0420069139203807 -0.33386088657861546
      vertex -1.424488116993034 1.3376833806507191 -0.5832358180936743
    endloop
  endfacet
  facet normal -0.6845471059286888 0.7289686274214114 0
    outer loop
      vertex -1.424488116993034 1.3376833806507191 -0.6847641819063264
      vertex -1.424488116993034 1.3376833806507191 -0.5832358180936743
      vertex -1.2455994191343815 1.5056710495242935 -0.6987641819063262
    endloop
  endfacet
  facet normal -0.6845471059286887 0.7289686274214114 0
    outer loop
      vertex -1.424488116993034 1.3376833806507191 -0.5832358180936743
      vertex -1.2455994191343815 1.5056710495242935 -0.5972358180936741
      vertex -1.2455994191343815 1.5056710495242935 -0.6987641819063262
    endloop
  endfacet
  facet normal -0.30805433555567135 0.3999832435474356 0.863200979625618
    outer loop
      vertex -1.424488116993034 1.3376833806507191 -0.5832358180936743
      vertex -1.1096246601958315 1.0420069139203807 -0.33386088657861546
      vertex -1.2455994191343815 1.5056710495242935 -0.5972358180936741
    endloop
  endfacet
  facet normal -0.2938317985934532 0.4055053653515048 0.8655797322063861
    outer loop
      vertex -1.1096246601958315 1.0420069139203807 -0.33386088657861546
      vertex -0.970276842403363 1.1728632248767756 -0.34786088657861525
      vertex -1.2455994191343815 1.5056710495242935 -0.5972358180936741
    endloop
  endfacet
  facet normal -0.25549404182310437 0.4354387021915569 0.8632009796256179
    outer loop
      vertex -1.2455994191343815 1.5056710495242935 -0.5972358180936741
      vertex -0.970276842403363 1.1728632248767756 -0.34786088657861525
      vertex -1.0470668743509552 1.6499133865025815 -0.6112358180936743
    endloop
  endfacet
  facet normal -0.4185368597565745 0.28233130502740633 -0.8632009796256184
    outer loop
      vertex -1.1096246601958315 1.0420069139203807 -0.23413911342138505
      vertex -1.5809117862987512 1.1485996457709655 0.029235818093673593
      vertex -1.424488116993034 1.3376833806507191 0.015235818093673359
    endloop
  endfacet
  facet normal -0.42315504442978913 0.2677900960960734 -0.865579732206386
    outer loop
      vertex -1.2314730342393692 0.8947175314667035 -0.22013911342138526
      vertex -1.5809117862987512 1.1485996457709655 0.029235818093673593
      vertex -1.1096246601958315 1.0420069139203807 -0.23413911342138505
    endloop
  endfacet
  facet normal -0.7705132427757894 0.6374239897486895 0
    outer loop
      vertex -1.2314730342393692 0.8947175314667035 -0.22013911342138526
      vertex -1.1096246601958315 1.0420069139203807 -0.23413911342138505
      vertex -1.1096246601958315 1.0420069139203807 -0.33386088657861546
    endloop
  endfacet
  facet normal -0.684547105928689 0.7289686274214113 0
    outer loop
      vertex -1.1096246601958315 1.0420069139203807 -0.33386088657861546
      vertex -1.1096246601958315 1.0420069139203807 -0.23413911342138505
      vertex -0.970276842403363 1.1728632248767756 -0.34786088657861525
    endloop
  endfacet
  facet normal -0.684547105928689 0.7289686274214113 0
    outer loop
      vertex -1.1096246601958315 1.0420069139203807 -0.23413911342138505
      vertex -0.970276842403363 1.1728632248767756 -0.24813911342138528
      vertex -0.970276842403363 1.1728632248767756 -0.34786088657861525
    endloop
  endfacet
  facet normal -0.386255341853959 0.3187138812207616 -0.8655797322063863
    outer loop
      vertex -1.1096246601958315 1.0420069139203807 -0.23413911342138505
      vertex -1.424488116993034 1.3376833806507191 0.015235818093673359
      vertex -0.970276842403363 1.1728632248767756 -0.24813911342138528
    endloop
  endfacet
  facet normal -0.3798510762109778 0.3325616163581349 -0.863200979625618
    outer loop
      vertex -1.2455994191343815 1.5056710495242935 0.0012358180936735685
      vertex -0.970276842403363 1.1728632248767756 -0.24813911342138528
      vertex -1.424488116993034 1.3376833806507191 0.015235818093673359
    endloop
  endfacet
  facet normal -0.343264161799333 0.3646113580481584 -0.865579732206386
    outer loop
      vertex -1.2455994191343815 1.5056710495242935 0.0012358180936735685
      vertex -0.8156271791909037 1.2852227821423332 -0.2621391134213851
      vertex -0.970276842403363 1.1728632248767756 -0.24813911342138528
    endloop
  endfacet
  facet normal -0.5877852522924727 0.8090169943749477 0
    outer loop
      vertex -1.2455994191343815 1.5056710495242935 -0.6987641819063262
      vertex -1.2455994191343815 1.5056710495242935 -0.5972358180936741
      vertex -1.0470668743509552 1.6499133865025815 -0.7127641819063264
    endloop
  endfacet
  facet normal -0.5877852522924727 0.8090169943749477 0
    outer loop
      vertex -1.2455994191343815 1.5056710495242935 -0.5972358180936741
      vertex -1.0470668743509552 1.6499133865025815 -0.6112358180936743
      vertex -1.0470668743509552 1.6499133865025815 -0.7127641819063264
    endloop
  endfacet
  facet normal -0.3351748142815004 0.3775472323362138 -0.8632009796256181
    outer loop
      vertex -1.2455994191343815 1.5056710495242935 0.0012358180936735685
      vertex -1.0470668743509552 1.6499133865025815 -0.012764181906326222
      vertex -0.8156271791909037 1.2852227821423332 -0.2621391134213851
    endloop
  endfacet
  facet normal -0.24069154843105856 0.4391347238688614 0.8655797322063856
    outer loop
      vertex -1.0470668743509552 1.6499133865025815 -1.3112358180936745
      vertex -0.970276842403363 1.1728632248767756 -1.047860886578615
      vertex -0.8156271791909037 1.2852227821423332 -1.0618608865786152
    endloop
  endfacet
  facet normal -0.5877852522924721 0.8090169943749481 0
    outer loop
      vertex -0.970276842403363 1.1728632248767756 -1.047860886578615
      vertex -0.970276842403363 1.1728632248767756 -0.948139113421385
      vertex -0.8156271791909037 1.2852227821423332 -1.0618608865786152
    endloop
  endfacet
  facet normal -0.5877852522924721 0.8090169943749481 0
    outer loop
      vertex -0.970276842403363 1.1728632248767756 -0.948139113421385
      vertex -0.8156271791909037 1.2852227821423332 -0.9621391134213848
      vertex -0.8156271791909037 1.2852227821423332 -1.0618608865786152
    endloop
  endfacet
  facet normal -0.4817536741017159 0.8763066800438631 0
    outer loop
      vertex -0.8156271791909037 1.2852227821423332 -1.0618608865786152
      vertex -0.8156271791909037 1.2852227821423332 -0.9621391134213848
      vertex -0.6481145881305433 1.3773136083786315 -1.0758608865786154
    endloop
  endfacet
  facet normal -0.29485950085706386 0.4047586959508636 -0.8655797322063864
    outer loop
      vertex -1.0470668743509552 1.6499133865025815 -0.7127641819063264
      vertex -0.6481145881305433 1.3773136083786315 -0.976139113421385
      vertex -0.8156271791909037 1.2852227821423332 -0.9621391134213848
    endloop
  endfacet
  facet normal -0.481753674101716 0.8763066800438631 0
    outer loop
      vertex -0.8156271791909037 1.2852227821423332 -0.9621391134213848
      vertex -0.6481145881305433 1.3773136083786315 -0.976139113421385
      vertex -0.6481145881305433 1.3773136083786315 -1.0758608865786154
    endloop
  endfacet
  facet normal -0.3681245526846789 0.929776485888251 0
    outer loop
      vertex -0.6481145881305433 1.3773136083786315 -1.0758608865786154
      vertex -0.6481145881305433 1.3773136083786315 -0.976139113421385
      vertex -0.470380842850476 1.4476833762435302 -1.0898608865786157
    endloop
  endfacet
  facet normal -0.36812455268467903 0.9297764858882509 0
    outer loop
      vertex -0.6481145881305433 1.3773136083786315 -0.976139113421385
      vertex -0.470380842850476 1.4476833762435302 -0.9901391134213853
      vertex -0.470380842850476 1.4476833762435302 -1.0898608865786157
    endloop
  endfacet
  facet normal -0.4817536741017155 0.8763066800438636 0
    outer loop
      vertex -1.0470668743509552 1.6499133865025815 -1.4127641819063266
      vertex -1.0470668743509552 1.6499133865025815 -1.3112358180936745
      vertex -0.8320214594715815 1.7681356037652416 -1.4267641819063268
    endloop
  endfacet
  facet normal -0.1989044544262494 0.4640270323836423 0.8632009796256178
    outer loop
      vertex -1.0470668743509552 1.6499133865025815 -1.3112358180936745
      vertex -0.8156271791909037 1.2852227821423332 -1.0618608865786152
      vertex -0.8320214594715815 1.7681356037652416 -1.3252358180936739
    endloop
  endfacet
  facet normal -0.18375544876774708 0.4658386654644334 0.8655797322063863
    outer loop
      vertex -0.8156271791909037 1.2852227821423332 -1.0618608865786152
      vertex -0.6481145881305433 1.3773136083786315 -1.0758608865786154
      vertex -0.8320214594715815 1.7681356037652416 -1.3252358180936739
    endloop
  endfacet
  facet normal -0.48175367410171543 0.8763066800438634 0
    outer loop
      vertex -1.0470668743509552 1.6499133865025815 -1.3112358180936745
      vertex -0.8320214594715815 1.7681356037652416 -1.3252358180936739
      vertex -0.8320214594715815 1.7681356037652416 -1.4267641819063268
    endloop
  endfacet
  facet normal -0.36812455268467814 0.9297764858882513 0
    outer loop
      vertex -0.8320214594715815 1.7681356037652416 -1.4267641819063268
      vertex -0.8320214594715815 1.7681356037652416 -1.3252358180936739
      vertex -0.6038545691508126 1.8584732663235117 -1.4407641819063262
    endloop
  endfacet
  facet normal -0.1391780249633242 0.4852973790787265 0.8632009796256184
    outer loop
      vertex -0.6481145881305433 1.3773136083786315 -1.0758608865786154
      vertex -0.6038545691508126 1.8584732663235117 -1.339235818093674
      vertex -0.8320214594715815 1.7681356037652416 -1.3252358180936739
    endloop
  endfacet
  facet normal -0.12392141590718382 0.485196053027103 0.8655797322063863
    outer loop
      vertex -0.6481145881305433 1.3773136083786315 -1.0758608865786154
      vertex -0.470380842850476 1.4476833762435302 -1.0898608865786157
      vertex -0.6038545691508126 1.8584732663235117 -1.339235818093674
    endloop
  endfacet
  facet normal -0.36812455268467814 0.9297764858882513 0
    outer loop
      vertex -0.8320214594715815 1.7681356037652416 -1.3252358180936739
      vertex -0.6038545691508126 1.8584732663235117 -1.339235818093674
      vertex -0.6038545691508126 1.8584732663235117 -1.4407641819063262
    endloop
  endfacet
  facet normal -0.24868988716485502 0.9685831611286311 0
    outer loop
      vertex -0.6038545691508126 1.8584732663235117 -1.4407641819063262
      vertex -0.6038545691508126 1.8584732663235117 -1.339235818093674
      vertex -0.36616453154930095 1.919501695273744 -1.4547641819063264
    endloop
  endfacet
  facet normal -0.28521264530707524 0.41657870292456606 -0.8632009796256179
    outer loop
      vertex -1.0470668743509552 1.6499133865025815 -0.7127641819063264
      vertex -0.8320214594715815 1.7681356037652416 -0.7267641819063262
      vertex -0.6481145881305433 1.3773136083786315 -0.976139113421385
    endloop
  endfacet
  facet normal -0.24180472944574943 0.4385227474273018 -0.865579732206386
    outer loop
      vertex -0.6481145881305433 1.3773136083786315 -0.976139113421385
      vertex -0.8320214594715815 1.7681356037652416 -0.7267641819063262
      vertex -0.470380842850476 1.4476833762435302 -0.9901391134213853
    endloop
  endfacet
  facet normal -0.23075250253838298 0.44904047851574275 -0.8632009796256178
    outer loop
      vertex -0.470380842850476 1.4476833762435302 -0.9901391134213853
      vertex -0.8320214594715815 1.7681356037652416 -0.7267641819063262
      vertex -0.6038545691508126 1.8584732663235117 -0.7407641819063264
    endloop
  endfacet
  facet normal -0.06213306829069739 0.49690160899146224 0.8655797322063865
    outer loop
      vertex -0.470380842850476 1.4476833762435302 -1.0898608865786157
      vertex -0.28522891068676137 1.4952223124609376 -1.103860886578616
      vertex -0.36616453154930095 1.919501695273744 -1.3532358180936743
    endloop
  endfacet
  facet normal -0.24868988716485496 0.9685831611286311 0
    outer loop
      vertex -0.6038545691508126 1.8584732663235117 -1.339235818093674
      vertex -0.36616453154930095 1.919501695273744 -1.3532358180936743
      vertex -0.36616453154930095 1.919501695273744 -1.4547641819063264
    endloop
  endfacet
  facet normal -0.1253332335643041 0.9921147013144778 0
    outer loop
      vertex -0.36616453154930095 1.919501695273744 -1.4547641819063264
      vertex -0.36616453154930095 1.919501695273744 -1.3532358180936743
      vertex -0.12269986054916825 1.950258435834777 -1.4687641819063266
    endloop
  endfacet
  facet normal -0.07725667490580868 0.4989142962031367 0.8632009796256181
    outer loop
      vertex -0.6038545691508126 1.8584732663235117 -1.339235818093674
      vertex -0.470380842850476 1.4476833762435302 -1.0898608865786157
      vertex -0.36616453154930095 1.919501695273744 -1.3532358180936743
    endloop
  endfacet
  facet normal -0.014116940934130752 0.5046630368394686 0.8632009796256185
    outer loop
      vertex -0.36616453154930095 1.919501695273744 -1.3532358180936743
      vertex -0.28522891068676137 1.4952223124609376 -1.103860886578616
      vertex -0.12269986054916825 1.950258435834777 -1.3672358180936737
    endloop
  endfacet
  facet normal 0.0006351549292238232 0.5007707297473926 0.8655797322063865
    outer loop
      vertex -0.28522891068676137 1.4952223124609376 -1.103860886578616
      vertex -0.09557874821402428 1.519180699608322 -1.1178608865786153
      vertex -0.12269986054916825 1.950258435834777 -1.3672358180936737
    endloop
  endfacet
  facet normal -0.12533323356430412 0.9921147013144779 0
    outer loop
      vertex -0.36616453154930095 1.919501695273744 -1.3532358180936743
      vertex -0.12269986054916825 1.950258435834777 -1.3672358180936737
      vertex -0.12269986054916825 1.950258435834777 -1.4687641819063266
    endloop
  endfacet
  facet normal 0.04924542562913609 0.5024529399137576 0.8632009796256184
    outer loop
      vertex -0.09557874821402428 1.519180699608322 -1.1178608865786153
      vertex 0.12269986054916825 1.950258435834777 -1.381235818093674
      vertex -0.12269986054916825 1.950258435834777 -1.3672358180936737
    endloop
  endfacet
  facet normal -0.24868988716485402 0.9685831611286313 0
    outer loop
      vertex -0.470380842850476 1.4476833762435302 -1.0898608865786157
      vertex -0.470380842850476 1.4476833762435302 -0.9901391134213853
      vertex -0.28522891068676137 1.4952223124609376 -1.103860886578616
    endloop
  endfacet
  facet normal -0.24868988716485405 0.9685831611286313 0
    outer loop
      vertex -0.470380842850476 1.4476833762435302 -0.9901391134213853
      vertex -0.28522891068676137 1.4952223124609376 -1.0041391134213846
      vertex -0.28522891068676137 1.4952223124609376 -1.103860886578616
    endloop
  endfacet
  facet normal -0.18493655300392678 0.4653710332160209 -0.8655797322063861
    outer loop
      vertex -0.470380842850476 1.4476833762435302 -0.9901391134213853
      vertex -0.6038545691508126 1.8584732663235117 -0.7407641819063264
      vertex -0.28522891068676137 1.4952223124609376 -1.0041391134213846
    endloop
  endfacet
  facet normal -0.12515181664549901 0.4848801398117392 -0.8655797322063864
    outer loop
      vertex -0.28522891068676137 1.4952223124609376 -1.0041391134213846
      vertex -0.36616453154930095 1.919501695273744 -0.7547641819063262
      vertex -0.09557874821402428 1.519180699608322 -1.0181391134213849
    endloop
  endfacet
  facet normal -0.17265325495979392 0.47442061751694675 -0.8632009796256185
    outer loop
      vertex -0.28522891068676137 1.4952223124609376 -1.0041391134213846
      vertex -0.6038545691508126 1.8584732663235117 -0.7407641819063264
      vertex -0.36616453154930095 1.919501695273744 -0.7547641819063262
    endloop
  endfacet
  facet normal -0.1253332335643042 0.9921147013144778 0
    outer loop
      vertex -0.28522891068676137 1.4952223124609376 -1.103860886578616
      vertex -0.28522891068676137 1.4952223124609376 -1.0041391134213846
      vertex -0.09557874821402428 1.519180699608322 -1.1178608865786153
    endloop
  endfacet
  facet normal -0.1253332335643042 0.9921147013144779 0
    outer loop
      vertex -0.28522891068676137 1.4952223124609376 -1.0041391134213846
      vertex -0.09557874821402428 1.519180699608322 -1.0181391134213849
      vertex -0.09557874821402428 1.519180699608322 -1.1178608865786153
    endloop
  endfacet
  facet normal 0 1 0
    outer loop
      vertex -0.09557874821402428 1.519180699608322 -1.1178608865786153
      vertex -0.09557874821402428 1.519180699608322 -1.0181391134213849
      vertex 0.09557874821402428 1.519180699608322 -1.1318608865786155
    endloop
  endfacet
  facet normal -0.06339336137649645 0.4967423969492732 -0.8655797322063864
    outer loop
      vertex -0.09557874821402428 1.519180699608322 -1.0181391134213849
      vertex -0.12269986054916825 1.950258435834777 -0.7687641819063264
      vertex 0.09557874821402428 1.519180699608322 -1.032139113421385
    endloop
  endfacet
  facet normal -0.11183116241243679 0.4923188599747687 -0.8632009796256184
    outer loop
      vertex -0.36616453154930095 1.919501695273744 -0.7547641819063262
      vertex -0.12269986054916825 1.950258435834777 -0.7687641819063264
      vertex -0.09557874821402428 1.519180699608322 -1.0181391134213849
    endloop
  endfacet
  facet normal -0.2406915484310582 0.43913472386886093 0.8655797322063858
    outer loop
      vertex -1.0470668743509552 1.6499133865025815 -0.6112358180936743
      vertex -0.970276842403363 1.1728632248767756 -0.34786088657861525
      vertex -0.8156271791909037 1.2852227821423332 -0.3618608865786155
    endloop
  endfacet
  facet normal -0.5877852522924721 0.8090169943749481 0
    outer loop
      vertex -0.970276842403363 1.1728632248767756 -0.34786088657861525
      vertex -0.970276842403363 1.1728632248767756 -0.24813911342138528
      vertex -0.8156271791909037 1.2852227821423332 -0.3618608865786155
    endloop
  endfacet
  facet normal -0.5877852522924721 0.8090169943749481 0
    outer loop
      vertex -0.970276842403363 1.1728632248767756 -0.24813911342138528
      vertex -0.8156271791909037 1.2852227821423332 -0.2621391134213851
      vertex -0.8156271791909037 1.2852227821423332 -0.3618608865786155
    endloop
  endfacet
  facet normal -0.4817536741017159 0.8763066800438634 0
    outer loop
      vertex -0.6481145881305433 1.3773136083786315 -0.37586088657861527
      vertex -0.8156271791909037 1.2852227821423332 -0.3618608865786155
      vertex -0.8156271791909037 1.2852227821423332 -0.2621391134213851
    endloop
  endfacet
  facet normal -0.2948595008570624 0.40475869595086533 -0.865579732206386
    outer loop
      vertex -1.0470668743509552 1.6499133865025815 -0.012764181906326222
      vertex -0.6481145881305433 1.3773136083786315 -0.27613911342138486
      vertex -0.8156271791909037 1.2852227821423332 -0.2621391134213851
    endloop
  endfacet
  facet normal -0.4817536741017159 0.8763066800438631 0
    outer loop
      vertex -0.6481145881305433 1.3773136083786315 -0.37586088657861527
      vertex -0.8156271791909037 1.2852227821423332 -0.2621391134213851
      vertex -0.6481145881305433 1.3773136083786315 -0.27613911342138486
    endloop
  endfacet
  facet normal -0.3681245526846789 0.929776485888251 0
    outer loop
      vertex -0.6481145881305433 1.3773136083786315 -0.37586088657861527
      vertex -0.6481145881305433 1.3773136083786315 -0.27613911342138486
      vertex -0.470380842850476 1.4476833762435302 -0.3898608865786155
    endloop
  endfacet
  facet normal -0.36812455268467903 0.9297764858882509 0
    outer loop
      vertex -0.6481145881305433 1.3773136083786315 -0.27613911342138486
      vertex -0.470380842850476 1.4476833762435302 -0.2901391134213851
      vertex -0.470380842850476 1.4476833762435302 -0.3898608865786155
    endloop
  endfacet
  facet normal -0.4817536741017155 0.8763066800438636 0
    outer loop
      vertex -1.0470668743509552 1.6499133865025815 -0.7127641819063264
      vertex -1.0470668743509552 1.6499133865025815 -0.6112358180936743
      vertex -0.8320214594715815 1.7681356037652416 -0.7267641819063262
    endloop
  endfacet
  facet normal -0.19890445442624774 0.4640270323836425 0.8632009796256181
    outer loop
      vertex -1.0470668743509552 1.6499133865025815 -0.6112358180936743
      vertex -0.8156271791909037 1.2852227821423332 -0.3618608865786155
      vertex -0.8320214594715815 1.7681356037652416 -0.6252358180936741
    endloop
  endfacet
  facet normal -0.1837554487677493 0.46583866546443325 0.8655797322063861
    outer loop
      vertex -0.6481145881305433 1.3773136083786315 -0.37586088657861527
      vertex -0.8320214594715815 1.7681356037652416 -0.6252358180936741
      vertex -0.8156271791909037 1.2852227821423332 -0.3618608865786155
    endloop
  endfacet
  facet normal -0.4817536741017154 0.8763066800438636 0
    outer loop
      vertex -1.0470668743509552 1.6499133865025815 -0.6112358180936743
      vertex -0.8320214594715815 1.7681356037652416 -0.6252358180936741
      vertex -0.8320214594715815 1.7681356037652416 -0.7267641819063262
    endloop
  endfacet
  facet normal -0.36812455268467814 0.9297764858882513 0
    outer loop
      vertex -0.8320214594715815 1.7681356037652416 -0.7267641819063262
      vertex -0.8320214594715815 1.7681356037652416 -0.6252358180936741
      vertex -0.6038545691508126 1.8584732663235117 -0.7407641819063264
    endloop
  endfacet
  facet normal -0.13917802496332599 0.4852973790787265 0.863200979625618
    outer loop
      vertex -0.6481145881305433 1.3773136083786315 -0.37586088657861527
      vertex -0.6038545691508126 1.8584732663235117 -0.6392358180936739
      vertex -0.8320214594715815 1.7681356037652416 -0.6252358180936741
    endloop
  endfacet
  facet normal -0.12392141590718382 0.485196053027103 0.8655797322063863
    outer loop
      vertex -0.6481145881305433 1.3773136083786315 -0.37586088657861527
      vertex -0.470380842850476 1.4476833762435302 -0.3898608865786155
      vertex -0.6038545691508126 1.8584732663235117 -0.6392358180936739
    endloop
  endfacet
  facet normal -0.36812455268467814 0.9297764858882513 0
    outer loop
      vertex -0.8320214594715815 1.7681356037652416 -0.6252358180936741
      vertex -0.6038545691508126 1.8584732663235117 -0.6392358180936739
      vertex -0.6038545691508126 1.8584732663235117 -0.7407641819063264
    endloop
  endfacet
  facet normal -0.248689887164855 0.9685831611286311 0
    outer loop
      vertex -0.36616453154930095 1.919501695273744 -0.7547641819063262
      vertex -0.6038545691508126 1.8584732663235117 -0.7407641819063264
      vertex -0.6038545691508126 1.8584732663235117 -0.6392358180936739
    endloop
  endfacet
  facet normal -0.28521264530707635 0.4165787029245648 -0.8632009796256183
    outer loop
      vertex -1.0470668743509552 1.6499133865025815 -0.012764181906326222
      vertex -0.8320214594715815 1.7681356037652416 -0.026764181906326456
      vertex -0.6481145881305433 1.3773136083786315 -0.27613911342138486
    endloop
  endfacet
  facet normal -0.36812455268467814 0.9297764858882513 0
    outer loop
      vertex -0.8320214594715815 1.7681356037652416 -0.026764181906326456
      vertex -0.8320214594715815 1.7681356037652416 0.07476418190632561
      vertex -0.6038545691508126 1.8584732663235117 -0.04076418190632669
    endloop
  endfacet
  facet normal -0.2418047294457492 0.4385227474273012 -0.8655797322063863
    outer loop
      vertex -0.6481145881305433 1.3773136083786315 -0.27613911342138486
      vertex -0.8320214594715815 1.7681356037652416 -0.026764181906326456
      vertex -0.470380842850476 1.4476833762435302 -0.2901391134213851
    endloop
  endfacet
  facet normal -0.23075250253838278 0.44904047851574214 -0.8632009796256181
    outer loop
      vertex -0.8320214594715815 1.7681356037652416 -0.026764181906326456
      vertex -0.6038545691508126 1.8584732663235117 -0.04076418190632669
      vertex -0.470380842850476 1.4476833762435302 -0.2901391134213851
    endloop
  endfacet
  facet normal -0.248689887164855 0.9685831611286311 0
    outer loop
      vertex -0.6038545691508126 1.8584732663235117 -0.04076418190632669
      vertex -0.6038545691508126 1.8584732663235117 0.06076418190632582
      vertex -0.36616453154930095 1.919501695273744 -0.05476418190632648
    endloop
  endfacet
  facet normal -0.06213306829069957 0.4969016089914625 0.8655797322063861
    outer loop
      vertex -0.470380842850476 1.4476833762435302 -0.3898608865786155
      vertex -0.28522891068676137 1.4952223124609376 -0.4038608865786153
      vertex -0.36616453154930095 1.919501695273744 -0.6532358180936741
    endloop
  endfacet
  facet normal -0.07725667490580868 0.4989142962031367 0.8632009796256181
    outer loop
      vertex -0.6038545691508126 1.8584732663235117 -0.6392358180936739
      vertex -0.470380842850476 1.4476833762435302 -0.3898608865786155
      vertex -0.36616453154930095 1.919501695273744 -0.6532358180936741
    endloop
  endfacet
  facet normal -0.24868988716485502 0.9685831611286311 0
    outer loop
      vertex -0.36616453154930095 1.919501695273744 -0.7547641819063262
      vertex -0.6038545691508126 1.8584732663235117 -0.6392358180936739
      vertex -0.36616453154930095 1.919501695273744 -0.6532358180936741
    endloop
  endfacet
  facet normal -0.014116940934127792 0.5046630368394697 0.8632009796256179
    outer loop
      vertex -0.28522891068676137 1.4952223124609376 -0.4038608865786153
      vertex -0.12269986054916825 1.950258435834777 -0.6672358180936744
      vertex -0.36616453154930095 1.919501695273744 -0.6532358180936741
    endloop
  endfacet
  facet normal -0.1253332335643041 0.9921147013144778 0
    outer loop
      vertex -0.36616453154930095 1.919501695273744 -0.7547641819063262
      vertex -0.36616453154930095 1.919501695273744 -0.6532358180936741
      vertex -0.12269986054916825 1.950258435834777 -0.7687641819063264
    endloop
  endfacet
  facet normal -0.12533323356430423 0.9921147013144779 0
    outer loop
      vertex -0.28522891068676137 1.4952223124609376 -0.4038608865786153
      vertex -0.28522891068676137 1.4952223124609376 -0.30413911342138533
      vertex -0.09557874821402428 1.519180699608322 -0.41786088657861553
    endloop
  endfacet
  facet normal 0.0006351549292277314 0.5007707297473935 0.865579732206386
    outer loop
      vertex -0.28522891068676137 1.4952223124609376 -0.4038608865786153
      vertex -0.09557874821402428 1.519180699608322 -0.41786088657861553
      vertex -0.12269986054916825 1.950258435834777 -0.6672358180936744
    endloop
  endfacet
  facet normal 0 1 0
    outer loop
      vertex -0.09557874821402428 1.519180699608322 -0.41786088657861553
      vertex -0.09557874821402428 1.519180699608322 -0.3181391134213851
      vertex 0.09557874821402428 1.519180699608322 -0.4318608865786153
    endloop
  endfacet
  facet normal -0.1253332335643041 0.9921147013144778 0
    outer loop
      vertex -0.36616453154930095 1.919501695273744 -0.6532358180936741
      vertex -0.12269986054916825 1.950258435834777 -0.6672358180936744
      vertex -0.12269986054916825 1.950258435834777 -0.7687641819063264
    endloop
  endfacet
  facet normal 0.04924542562913449 0.5024529399137582 0.863200979625618
    outer loop
      vertex -0.09557874821402428 1.519180699608322 -0.41786088657861553
      vertex 0.12269986054916825 1.950258435834777 -0.6812358180936742
      vertex -0.12269986054916825 1.950258435834777 -0.6672358180936744
    endloop
  endfacet
  facet normal -0.24868988716485402 0.9685831611286313 0
    outer loop
      vertex -0.470380842850476 1.4476833762435302 -0.3898608865786155
      vertex -0.470380842850476 1.4476833762435302 -0.2901391134213851
      vertex -0.28522891068676137 1.4952223124609376 -0.4038608865786153
    endloop
  endfacet
  facet normal -0.1849365530039304 0.4653710332160189 -0.8655797322063863
    outer loop
      vertex -0.6038545691508126 1.8584732663235117 -0.04076418190632669
      vertex -0.28522891068676137 1.4952223124609376 -0.30413911342138533
      vertex -0.470380842850476 1.4476833762435302 -0.2901391134213851
    endloop
  endfacet
  facet normal -0.24868988716485402 0.9685831611286314 0
    outer loop
      vertex -0.470380842850476 1.4476833762435302 -0.2901391134213851
      vertex -0.28522891068676137 1.4952223124609376 -0.30413911342138533
      vertex -0.28522891068676137 1.4952223124609376 -0.4038608865786153
    endloop
  endfacet
  facet normal -0.1251518166454971 0.48488013981174044 -0.8655797322063861
    outer loop
      vertex -0.28522891068676137 1.4952223124609376 -0.30413911342138533
      vertex -0.36616453154930095 1.919501695273744 -0.05476418190632648
      vertex -0.09557874821402428 1.519180699608322 -0.3181391134213851
    endloop
  endfacet
  facet normal -0.17265325495979406 0.47442061751694736 -0.863200979625618
    outer loop
      vertex -0.6038545691508126 1.8584732663235117 -0.04076418190632669
      vertex -0.36616453154930095 1.919501695273744 -0.05476418190632648
      vertex -0.28522891068676137 1.4952223124609376 -0.30413911342138533
    endloop
  endfacet
  facet normal -0.1253332335643041 0.9921147013144778 0
    outer loop
      vertex -0.36616453154930095 1.919501695273744 -0.05476418190632648
      vertex -0.36616453154930095 1.919501695273744 0.04676418190632603
      vertex -0.12269986054916825 1.950258435834777 -0.06876418190632627
    endloop
  endfacet
  facet normal -0.1253332335643042 0.9921147013144779 0
    outer loop
      vertex -0.09557874821402428 1.519180699608322 -0.41786088657861553
      vertex -0.28522891068676137 1.4952223124609376 -0.30413911342138533
      vertex -0.09557874821402428 1.519180699608322 -0.3181391134213851
    endloop
  endfacet
  facet normal -0.06339336137649443 0.4967423969492741 -0.8655797322063862
    outer loop
      vertex -0.09557874821402428 1.519180699608322 -0.3181391134213851
      vertex -0.12269986054916825 1.950258435834777 -0.06876418190632627
      vertex 0.09557874821402428 1.519180699608322 -0.3321391134213849
    endloop
  endfacet
  facet normal -0.11183116241243532 0.4923188599747696 -0.863200979625618
    outer loop
      vertex -0.36616453154930095 1.919501695273744 -0.05476418190632648
      vertex -0.12269986054916825 1.950258435834777 -0.06876418190632627
      vertex -0.09557874821402428 1.519180699608322 -0.3181391134213851
    endloop
  endfacet
  facet normal -0.1253332335643041 0.9921147013144778 0
    outer loop
      vertex -0.12269986054916825 1.950258435834777 -0.06876418190632627
      vertex -0.36616453154930095 1.919501695273744 0.04676418190632603
      vertex -0.12269986054916825 1.950258435834777 0.032764181906325796
    endloop
  endfacet
  facet normal 0 1 0
    outer loop
      vertex -0.12269986054916825 1.950258435834777 -2.168764181906326
      vertex -0.12269986054916825 1.950258435834777 -2.067235818093674
      vertex 0.12269986054916825 1.950258435834777 -2.182764181906326
    endloop
  endfacet
  facet normal 0 1 0
    outer loop
      vertex -0.12269986054916825 1.950258435834777 -1.4687641819063266
      vertex -0.12269986054916825 1.950258435834777 -1.3672358180936737
      vertex 0.12269986054916825 1.950258435834777 -1.482764181906326
    endloop
  endfacet
  facet normal 0 1 0
    outer loop
      vertex -0.12269986054916825 1.950258435834777 -0.7687641819063264
      vertex -0.12269986054916825 1.950258435834777 -0.6672358180936744
      vertex 0.12269986054916825 1.950258435834777 -0.7827641819063262
    endloop
  endfacet
  facet normal 0 1 0
    outer loop
      vertex -0.12269986054916825 1.950258435834777 -0.06876418190632627
      vertex -0.12269986054916825 1.950258435834777 0.032764181906325796
      vertex 0.12269986054916825 1.950258435834777 -0.0827641819063265
    endloop
  endfacet
  facet normal -0.7064080908128535 0.04444342997877665 -0.7064080908128535
    outer loop
      vertex -1.9541144342958772 0 0.47411443429587674
      vertex -3.9080000000000004 0 2.428
      vertex -1.938705658315764 0.24491548080498307 0.47411443429587674
    endloop
  endfacet
  facet normal -0.6952676132329959 0.13262939049634676 -0.7064080908128537
    outer loop
      vertex -3.87718425273698 0.4898022767693003 2.428
      vertex -1.8927223359773873 0.48596849817225585 0.47411443429587674
      vertex -1.938705658315764 0.24491548080498307 0.47411443429587674
    endloop
  endfacet
  facet normal -0.6731623500597139 0.21872370629683105 -0.7064080908128536
    outer loop
      vertex -3.7852229936906907 0.9718800790402529 2.428
      vertex -1.8168896517431292 0.7193575020198422 0.47411443429587674
      vertex -1.8927223359773873 0.48596849817225585 0.47411443429587674
    endloop
  endfacet
  facet normal -0.6404409144982935 0.30136861858980735 -0.7064080908128535
    outer loop
      vertex -3.6335665068512872 1.4386307518917212 2.428
      vertex -1.7124035323436124 0.941401808337234 0.47411443429587674
      vertex -1.8168896517431292 0.7193575020198422 0.47411443429587674
    endloop
  endfacet
  facet normal -0.5976193431343781 0.3792607677387341 -0.7064080908128533
    outer loop
      vertex -3.4246065056114188 1.8826933583895038 2.428
      vertex -1.5809117862987512 1.1485996457709655 0.47411443429587674
      vertex -1.7124035323436124 0.941401808337234 0.47411443429587674
    endloop
  endfacet
  facet normal -0.5453729577287421 0.45117174802102017 -0.7064080908128537
    outer loop
      vertex -3.161638414017295 2.2970647659589853 2.428
      vertex -1.424488116993034 1.3376833806507191 0.47411443429587674
      vertex -1.5809117862987512 1.1485996457709655 0.47411443429587674
    endloop
  endfacet
  facet normal -0.7064080908128536 0.04444342997877639 -0.7064080908128537
    outer loop
      vertex -3.9080000000000004 0 2.428
      vertex -3.87718425273698 0.4898022767693003 2.428
      vertex -1.938705658315764 0.24491548080498307 0.47411443429587674
    endloop
  endfacet
  facet normal -0.6952676132329959 0.13262939049634673 -0.7064080908128537
    outer loop
      vertex -3.87718425273698 0.4898022767693003 2.428
      vertex -3.7852229936906907 0.9718800790402529 2.428
      vertex -1.8927223359773873 0.48596849817225585 0.47411443429587674
    endloop
  endfacet
  facet normal -0.9980267284282717 0.06279051952931296 0
    outer loop
      vertex -3.9080000000000004 0 2.428
      vertex -3.9080000000000004 0 3.01
      vertex -3.87718425273698 0.4898022767693003 2.428
    endloop
  endfacet
  facet normal 0 0 1
    outer loop
      vertex -3.87718425273698 -0.4898022767693003 3.01
      vertex -3.87718425273698 0.4898022767693003 3.01
      vertex -3.9080000000000004 0 3.01
    endloop
  endfacet
  facet normal 0 0 1
    outer loop
      vertex -3.7852229936906907 -0.9718800790402529 3.01
      vertex -3.7852229936906907 0.9718800790402529 3.01
      vertex -3.87718425273698 0.4898022767693003 3.01
    endloop
  endfacet
  facet normal -0.9980267284282717 0.06279051952931296 0
    outer loop
      vertex -3.9080000000000004 0 3.01
      vertex -3.87718425273698 0.4898022767693003 3.01
      vertex -3.87718425273698 0.4898022767693003 2.428
    endloop
  endfacet
  facet normal 0 0 1
    outer loop
      vertex -3.6335665068512872 -1.4386307518917212 3.01
      vertex -3.6335665068512872 1.4386307518917212 3.01
      vertex -3.7852229936906907 0.9718800790402529 3.01
    endloop
  endfacet
  facet normal 0 0 1
    outer loop
      vertex -3.4246065056114188 -1.8826933583895038 3.01
      vertex -3.4246065056114188 1.8826933583895038 3.01
      vertex -3.6335665068512872 1.4386307518917212 3.01
    endloop
  endfacet
  facet normal -0.9822872507286886 0.18738131458572485 0
    outer loop
      vertex -3.87718425273698 0.4898022767693003 2.428
      vertex -3.87718425273698 0.4898022767693003 3.01
      vertex -3.7852229936906907 0.9718800790402529 2.428
    endloop
  endfacet
  facet normal -0.9822872507286886 0.18738131458572485 0
    outer loop
      vertex -3.7852229936906907 0.9718800790402529 2.428
      vertex -3.87718425273698 0.4898022767693003 3.01
      vertex -3.7852229936906907 0.9718800790402529 3.01
    endloop
  endfacet
  facet normal 0 0 1
    outer loop
      vertex -3.161638414017295 -2.2970647659589853 3.01
      vertex -3.161638414017295 2.2970647659589853 3.01
      vertex -3.4246065056114188 1.8826933583895038 3.01
    endloop
  endfacet
  facet normal 0 0 1
    outer loop
      vertex -2.848809395962877 -2.675210089969315 3.01
      vertex -2.848809395962877 2.675210089969315 3.01
      vertex -3.161638414017295 2.2970647659589853 3.01
    endloop
  endfacet
  facet normal -0.6731623500597138 0.2187237062968312 -0.7064080908128535
    outer loop
      vertex -3.7852229936906907 0.9718800790402529 2.428
      vertex -3.6335665068512872 1.4386307518917212 2.428
      vertex -1.8168896517431292 0.7193575020198422 0.47411443429587674
    endloop
  endfacet
  facet normal -0.9510565162951536 0.30901699437494695 0
    outer loop
      vertex -3.7852229936906907 0.9718800790402529 2.428
      vertex -3.7852229936906907 0.9718800790402529 3.01
      vertex -3.6335665068512872 1.4386307518917212 2.428
    endloop
  endfacet
  facet normal -0.9510565162951536 0.30901699437494695 0
    outer loop
      vertex -3.7852229936906907 0.9718800790402529 3.01
      vertex -3.6335665068512872 1.4386307518917212 3.01
      vertex -3.6335665068512872 1.4386307518917212 2.428
    endloop
  endfacet
  facet normal -0.9048270524660192 0.4257792915650735 0
    outer loop
      vertex -3.6335665068512872 1.4386307518917212 2.428
      vertex -3.6335665068512872 1.4386307518917212 3.01
      vertex -3.4246065056114188 1.8826933583895038 2.428
    endloop
  endfacet
  facet normal -0.9048270524660192 0.4257792915650735 0
    outer loop
      vertex -3.6335665068512872 1.4386307518917212 3.01
      vertex -3.4246065056114188 1.8826933583895038 3.01
      vertex -3.4246065056114188 1.8826933583895038 2.428
    endloop
  endfacet
  facet normal 0 0 1
    outer loop
      vertex -2.4910529519378795 -3.011165752767785 3.01
      vertex -2.4910529519378795 3.011165752767785 3.01
      vertex -2.848809395962877 2.675210089969315 3.01
    endloop
  endfacet
  facet normal -0.6404409144982935 0.30136861858980724 -0.7064080908128536
    outer loop
      vertex -3.6335665068512872 1.4386307518917212 2.428
      vertex -3.4246065056114188 1.8826933583895038 2.428
      vertex -1.7124035323436124 0.941401808337234 0.47411443429587674
    endloop
  endfacet
  facet normal -0.5976193431343783 0.37926076773873346 -0.7064080908128537
    outer loop
      vertex -3.4246065056114188 1.8826933583895038 2.428
      vertex -3.161638414017295 2.2970647659589853 2.428
      vertex -1.5809117862987512 1.1485996457709655 0.47411443429587674
    endloop
  endfacet
  facet normal 0 0 1
    outer loop
      vertex -2.0940111147779197 -3.2996335328618747 3.01
      vertex -2.0940111147779197 3.2996335328618747 3.01
      vertex -2.4910529519378795 3.011165752767785 3.01
    endloop
  endfacet
  facet normal -0.8443279255020156 0.5358267949789959 0
    outer loop
      vertex -3.4246065056114188 1.8826933583895038 2.428
      vertex -3.4246065056114188 1.8826933583895038 3.01
      vertex -3.161638414017295 2.2970647659589853 2.428
    endloop
  endfacet
  facet normal -0.7705132427757888 0.6374239897486904 0
    outer loop
      vertex -3.161638414017295 2.2970647659589853 2.428
      vertex -3.161638414017295 2.2970647659589853 3.01
      vertex -2.848809395962877 2.675210089969315 2.428
    endloop
  endfacet
  facet normal -0.8443279255020156 0.5358267949789959 0
    outer loop
      vertex -3.4246065056114188 1.8826933583895038 3.01
      vertex -3.161638414017295 2.2970647659589853 3.01
      vertex -3.161638414017295 2.2970647659589853 2.428
    endloop
  endfacet
  facet normal -0.7705132427757888 0.6374239897486904 0
    outer loop
      vertex -3.161638414017295 2.2970647659589853 3.01
      vertex -2.848809395962877 2.675210089969315 3.01
      vertex -2.848809395962877 2.675210089969315 2.428
    endloop
  endfacet
  facet normal -0.5453729577287413 0.45117174802102117 -0.7064080908128536
    outer loop
      vertex -3.161638414017295 2.2970647659589853 2.428
      vertex -2.848809395962877 2.675210089969315 2.428
      vertex -1.424488116993034 1.3376833806507191 0.47411443429587674
    endloop
  endfacet
  facet normal -0.48452571498971025 0.5159674803200771 -0.7064080908128535
    outer loop
      vertex -2.848809395962877 2.675210089969315 2.428
      vertex -2.4910529519378795 3.011165752767785 2.428
      vertex -1.2455994191343815 1.5056710495242935 0.47411443429587674
    endloop
  endfacet
  facet normal -0.6845471059286894 0.7289686274214109 0
    outer loop
      vertex -2.848809395962877 2.675210089969315 2.428
      vertex -2.848809395962877 2.675210089969315 3.01
      vertex -2.4910529519378795 3.011165752767785 2.428
    endloop
  endfacet
  facet normal -0.6845471059286894 0.7289686274214109 0
    outer loop
      vertex -2.848809395962877 2.675210089969315 3.01
      vertex -2.4910529519378795 3.011165752767785 3.01
      vertex -2.4910529519378795 3.011165752767785 2.428
    endloop
  endfacet
  facet normal -0.5877852522924726 0.8090169943749479 0
    outer loop
      vertex -2.4910529519378795 3.011165752767785 2.428
      vertex -2.4910529519378795 3.011165752767785 3.01
      vertex -2.0940111147779197 3.2996335328618747 2.428
    endloop
  endfacet
  facet normal -0.5877852522924726 0.8090169943749479 0
    outer loop
      vertex -2.4910529519378795 3.011165752767785 3.01
      vertex -2.0940111147779197 3.2996335328618747 3.01
      vertex -2.0940111147779197 3.2996335328618747 2.428
    endloop
  endfacet
  facet normal -0.998026728483284 0.06279051865491365 0
    outer loop
      vertex -1.9541144340804504 0 0.09923581811266269
      vertex -1.9541144340804504 0 0.2007641818873367
      vertex -1.938705658315764 0.24491548080498307 0.08523581809367364
    endloop
  endfacet
  facet normal -0.9980267284832841 0.06279051865491365 0
    outer loop
      vertex -1.9541144340804504 0 0.2007641818873367
      vertex -1.938705658315764 0.24491548080498307 0.1867641819063257
      vertex -1.938705658315764 0.24491548080498307 0.08523581809367364
    endloop
  endfacet
  facet normal -0.5045536097142072 -0.017598970400465444 -0.8632009795900414
    outer loop
      vertex -1.5101815042651463 0.1907802907746243 -0.1641391134213852
      vertex -1.9541144340804504 0 0.09923581811266269
      vertex -1.938705658315764 0.24491548080498307 0.08523581809367364
    endloop
  endfacet
  facet normal -0.49836931801847095 0.0806975316663044 0.8632009796338105
    outer loop
      vertex -1.9541144340804504 0 0.2007641818873367
      vertex -1.5221843827777863 0 0.45013911330911327
      vertex -1.938705658315764 0.24491548080498307 0.1867641819063257
    endloop
  endfacet
  facet normal -0.9822872507286886 0.18738131458572513 0
    outer loop
      vertex -1.938705658315764 0.24491548080498307 0.08523581809367364
      vertex -1.938705658315764 0.24491548080498307 0.1867641819063257
      vertex -1.8927223359773873 0.48596849817225585 0.07123581809367341
    endloop
  endfacet
  facet normal -0.9822872507286886 0.18738131458572513 0
    outer loop
      vertex -1.938705658315764 0.24491548080498307 0.1867641819063257
      vertex -1.8927223359773873 0.48596849817225585 0.17276418190632548
      vertex -1.8927223359773873 0.48596849817225585 0.07123581809367341
    endloop
  endfacet
  facet normal -0.48432544437671166 0.14252344615071036 0.8632009796256179
    outer loop
      vertex -1.938705658315764 0.24491548080498307 0.1867641819063257
      vertex -1.5101815042651463 0.1907802907746243 0.43613911342138456
      vertex -1.8927223359773873 0.48596849817225585 0.17276418190632548
    endloop
  endfacet
  facet normal -0.49178168727524 0.09445898173151565 0.8655797322205293
    outer loop
      vertex -1.938705658315764 0.24491548080498307 0.1867641819063257
      vertex -1.5221843827777863 0 0.45013911330911327
      vertex -1.5101815042651463 0.1907802907746243 0.43613911342138456
    endloop
  endfacet
  facet normal -0.4760649920289455 0.15535073401178803 0.865579732206386
    outer loop
      vertex -1.8927223359773873 0.48596849817225585 0.17276418190632548
      vertex -1.5101815042651463 0.1907802907746243 0.43613911342138456
      vertex -1.4743621612915423 0.3785518623971119 0.4221391134213843
    endloop
  endfacet
  facet normal 0 0 -1
    outer loop
      vertex -1.938705658315764 -0.24491548080498307 0.47411443429587674
      vertex -1.9541144342958772 0 0.47411443429587674
      vertex -1.938705658315764 0.24491548080498307 0.47411443429587674
    endloop
  endfacet
  facet normal 0 0 -1
    outer loop
      vertex -1.938705658315764 -0.24491548080498307 0.47411443429587674
      vertex -1.938705658315764 0.24491548080498307 0.47411443429587674
      vertex -1.8927223359773873 0.48596849817225585 0.47411443429587674
    endloop
  endfacet
  facet normal 0 0 -1
    outer loop
      vertex -1.8927223359773873 -0.48596849817225585 0.47411443429587674
      vertex -1.8927223359773873 0.48596849817225585 0.47411443429587674
      vertex -1.8168896517431292 0.7193575020198422 0.47411443429587674
    endloop
  endfacet
  facet normal 0 0 -1
    outer loop
      vertex -1.8168896517431292 -0.7193575020198422 0.47411443429587674
      vertex -1.8168896517431292 0.7193575020198422 0.47411443429587674
      vertex -1.7124035323436124 0.941401808337234 0.47411443429587674
    endloop
  endfacet
  facet normal 0 0 -1
    outer loop
      vertex -1.5809117862987512 -1.1485996457709655 0.47411443429587674
      vertex -1.5809117862987512 1.1485996457709655 0.47411443429587674
      vertex -1.5221843827777863 0 0.47411443429587674
    endloop
  endfacet
  facet normal -0.9980267284282716 0.06279051952931339 0
    outer loop
      vertex -1.5221843827777863 0 0.45013911330911327
      vertex -1.5221843827777863 0 0.47411443429587674
      vertex -1.5101815042651463 0.1907802907746243 0.43613911342138456
    endloop
  endfacet
  facet normal -0.9980267284282716 0.06279051952931339 0
    outer loop
      vertex -1.5221843827777863 0 0.47411443429587674
      vertex -1.5101815042651463 0.1907802907746243 0.47411443429587674
      vertex -1.5101815042651463 0.1907802907746243 0.43613911342138456
    endloop
  endfacet
  facet normal 0 0 -1
    outer loop
      vertex -1.7124035323436124 -0.941401808337234 0.47411443429587674
      vertex -1.7124035323436124 0.941401808337234 0.47411443429587674
      vertex -1.5809117862987512 1.1485996457709655 0.47411443429587674
    endloop
  endfacet
  facet normal -0.9822872507286885 0.18738131458572554 0
    outer loop
      vertex -1.5101815042651463 0.1907802907746243 0.43613911342138456
      vertex -1.5101815042651463 0.1907802907746243 0.47411443429587674
      vertex -1.4743621612915423 0.3785518623971119 0.4221391134213843
    endloop
  endfacet
  facet normal -0.9822872507286885 0.18738131458572554 0
    outer loop
      vertex -1.5101815042651463 0.1907802907746243 0.47411443429587674
      vertex -1.4743621612915423 0.3785518623971119 0.47411443429587674
      vertex -1.4743621612915423 0.3785518623971119 0.4221391134213843
    endloop
  endfacet
  facet normal 0 0 -1
    outer loop
      vertex -1.5221843827777863 0 0.47411443429587674
      vertex -1.5809117862987512 1.1485996457709655 0.47411443429587674
      vertex -1.5101815042651463 0.1907802907746243 0.47411443429587674
    endloop
  endfacet
  facet normal -0.951056516295154 0.3090169943749463 0
    outer loop
      vertex -1.8927223359773873 0.48596849817225585 0.07123581809367341
      vertex -1.8927223359773873 0.48596849817225585 0.17276418190632548
      vertex -1.8168896517431292 0.7193575020198422 0.05723581809367362
    endloop
  endfacet
  facet normal -0.951056516295154 0.30901699437494623 0
    outer loop
      vertex -1.8927223359773873 0.48596849817225585 0.17276418190632548
      vertex -1.8168896517431292 0.7193575020198422 0.15876418190632569
      vertex -1.8168896517431292 0.7193575020198422 0.05723581809367362
    endloop
  endfacet
  facet normal -0.46264346922200705 0.20210168024932176 0.8632009796256181
    outer loop
      vertex -1.8927223359773873 0.48596849817225585 0.17276418190632548
      vertex -1.4743621612915423 0.3785518623971119 0.4221391134213843
      vertex -1.8168896517431292 0.7193575020198422 0.15876418190632569
    endloop
  endfacet
  facet normal -0.904827052466019 0.42577929156507377 0
    outer loop
      vertex -1.8168896517431292 0.7193575020198422 0.05723581809367362
      vertex -1.8168896517431292 0.7193575020198422 0.15876418190632569
      vertex -1.7124035323436124 0.941401808337234 0.04323581809367383
    endloop
  endfacet
  facet normal -0.904827052466019 0.42577929156507377 0
    outer loop
      vertex -1.8168896517431292 0.7193575020198422 0.15876418190632569
      vertex -1.7124035323436124 0.941401808337234 0.1447641819063259
      vertex -1.7124035323436124 0.941401808337234 0.04323581809367383
    endloop
  endfacet
  facet normal -0.4528404675427921 0.21379251191083945 0.865579732206386
    outer loop
      vertex -1.4743621612915423 0.3785518623971119 0.4221391134213843
      vertex -1.4152912462931073 0.5603534450136751 0.40813911342138454
      vertex -1.8168896517431292 0.7193575020198422 0.15876418190632569
    endloop
  endfacet
  facet normal -0.4336653301878584 0.2584926501207127 0.8632009796256179
    outer loop
      vertex -1.8168896517431292 0.7193575020198422 0.15876418190632569
      vertex -1.4152912462931073 0.5603534450136751 0.40813911342138454
      vertex -1.7124035323436124 0.941401808337234 0.1447641819063259
    endloop
  endfacet
  facet normal -0.422474378369703 0.26886265418360655 0.8655797322063863
    outer loop
      vertex -1.7124035323436124 0.941401808337234 0.1447641819063259
      vertex -1.4152912462931073 0.5603534450136751 0.40813911342138454
      vertex -1.3339003428866194 0.7333179190634505 0.3941391134213843
    endloop
  endfacet
  facet normal -0.39784802983753526 0.3108070364836753 0.8632009796256183
    outer loop
      vertex -1.7124035323436124 0.941401808337234 0.1447641819063259
      vertex -1.3339003428866194 0.7333179190634505 0.3941391134213843
      vertex -1.5809117862987512 1.1485996457709655 0.13076418190632566
    endloop
  endfacet
  facet normal 0 0 -1
    outer loop
      vertex -1.5101815042651463 0.1907802907746243 0.47411443429587674
      vertex -1.424488116993034 1.3376833806507191 0.47411443429587674
      vertex -1.4743621612915423 0.3785518623971119 0.47411443429587674
    endloop
  endfacet
  facet normal 0 0 -1
    outer loop
      vertex -1.5101815042651463 0.1907802907746243 0.47411443429587674
      vertex -1.5809117862987512 1.1485996457709655 0.47411443429587674
      vertex -1.424488116993034 1.3376833806507191 0.47411443429587674
    endloop
  endfacet
  facet normal -0.9510565162951541 0.3090169943749457 0
    outer loop
      vertex -1.4743621612915423 0.3785518623971119 0.4221391134213843
      vertex -1.4743621612915423 0.3785518623971119 0.47411443429587674
      vertex -1.4152912462931073 0.5603534450136751 0.40813911342138454
    endloop
  endfacet
  facet normal -0.38544561587576687 0.3196926717891292 0.865579732206386
    outer loop
      vertex -1.2314730342393692 0.8947175314667035 0.3801391134213845
      vertex -1.5809117862987512 1.1485996457709655 0.13076418190632566
      vertex -1.3339003428866194 0.7333179190634505 0.3941391134213843
    endloop
  endfacet
  facet normal -0.9510565162951542 0.30901699437494573 0
    outer loop
      vertex -1.4743621612915423 0.3785518623971119 0.47411443429587674
      vertex -1.4152912462931073 0.5603534450136751 0.47411443429587674
      vertex -1.4152912462931073 0.5603534450136751 0.40813911342138454
    endloop
  endfacet
  facet normal -0.904827052466019 0.42577929156507377 0
    outer loop
      vertex -1.4152912462931073 0.5603534450136751 0.40813911342138454
      vertex -1.4152912462931073 0.5603534450136751 0.47411443429587674
      vertex -1.3339003428866194 0.7333179190634505 0.3941391134213843
    endloop
  endfacet
  facet normal -0.904827052466019 0.4257792915650737 0
    outer loop
      vertex -1.4152912462931073 0.5603534450136751 0.47411443429587674
      vertex -1.3339003428866194 0.7333179190634505 0.47411443429587674
      vertex -1.3339003428866194 0.7333179190634505 0.3941391134213843
    endloop
  endfacet
  facet normal 0 0 -1
    outer loop
      vertex -1.4743621612915423 0.3785518623971119 0.47411443429587674
      vertex -1.424488116993034 1.3376833806507191 0.47411443429587674
      vertex -1.4152912462931073 0.5603534450136751 0.47411443429587674
    endloop
  endfacet
  facet normal 0 0 -1
    outer loop
      vertex -1.4152912462931073 0.5603534450136751 0.47411443429587674
      vertex -1.424488116993034 1.3376833806507191 0.47411443429587674
      vertex -1.3339003428866194 0.7333179190634505 0.47411443429587674
    endloop
  endfacet
  facet normal -0.8443279255020151 0.5358267949789967 0
    outer loop
      vertex -1.2314730342393692 0.8947175314667035 0.3801391134213845
      vertex -1.3339003428866194 0.7333179190634505 0.3941391134213843
      vertex -1.3339003428866194 0.7333179190634505 0.47411443429587674
    endloop
  endfacet
  facet normal -0.8443279255020152 0.5358267949789967 0
    outer loop
      vertex -1.2314730342393692 0.8947175314667035 0.3801391134213845
      vertex -1.3339003428866194 0.7333179190634505 0.47411443429587674
      vertex -1.2314730342393692 0.8947175314667035 0.47411443429587674
    endloop
  endfacet
  facet normal -0.7705132427757894 0.6374239897486894 0
    outer loop
      vertex -1.2314730342393692 0.8947175314667035 0.3801391134213845
      vertex -1.2314730342393692 0.8947175314667035 0.47411443429587674
      vertex -1.1096246601958315 1.0420069139203807 0.3661391134213843
    endloop
  endfacet
  facet normal -0.8443279255020153 0.5358267949789965 0
    outer loop
      vertex -1.7124035323436124 0.941401808337234 0.04323581809367383
      vertex -1.7124035323436124 0.941401808337234 0.1447641819063259
      vertex -1.5809117862987512 1.1485996457709655 0.029235818093673593
    endloop
  endfacet
  facet normal -0.8443279255020153 0.5358267949789965 0
    outer loop
      vertex -1.7124035323436124 0.941401808337234 0.1447641819063259
      vertex -1.5809117862987512 1.1485996457709655 0.13076418190632566
      vertex -1.5809117862987512 1.1485996457709655 0.029235818093673593
    endloop
  endfacet
  facet normal -0.7705132427757895 0.6374239897486893 0
    outer loop
      vertex -1.5809117862987512 1.1485996457709655 0.029235818093673593
      vertex -1.5809117862987512 1.1485996457709655 0.13076418190632566
      vertex -1.424488116993034 1.3376833806507191 0.015235818093673359
    endloop
  endfacet
  facet normal -0.7705132427757895 0.6374239897486893 0
    outer loop
      vertex -1.5809117862987512 1.1485996457709655 0.13076418190632566
      vertex -1.424488116993034 1.3376833806507191 0.11676418190632543
      vertex -1.424488116993034 1.3376833806507191 0.015235818093673359
    endloop
  endfacet
  facet normal -0.35575642839378263 0.35821981021416593 0.8632009796256179
    outer loop
      vertex -1.2314730342393692 0.8947175314667035 0.3801391134213845
      vertex -1.424488116993034 1.3376833806507191 0.11676418190632543
      vertex -1.5809117862987512 1.1485996457709655 0.13076418190632566
    endloop
  endfacet
  facet normal -0.3423381457654166 0.3654809449853951 0.865579732206386
    outer loop
      vertex -1.2314730342393692 0.8947175314667035 0.3801391134213845
      vertex -1.1096246601958315 1.0420069139203807 0.3661391134213843
      vertex -1.424488116993034 1.3376833806507191 0.11676418190632543
    endloop
  endfacet
  facet normal -0.6845471059286887 0.7289686274214114 0
    outer loop
      vertex -1.2455994191343815 1.5056710495242935 0.0012358180936735685
      vertex -1.424488116993034 1.3376833806507191 0.015235818093673359
      vertex -1.424488116993034 1.3376833806507191 0.11676418190632543
    endloop
  endfacet
  facet normal -0.6845471059286888 0.7289686274214114 0
    outer loop
      vertex -1.2455994191343815 1.5056710495242935 0.0012358180936735685
      vertex -1.424488116993034 1.3376833806507191 0.11676418190632543
      vertex -1.2455994191343815 1.5056710495242935 0.10276418190632564
    endloop
  endfacet
  facet normal -0.30805433555567135 0.3999832435474356 0.863200979625618
    outer loop
      vertex -1.424488116993034 1.3376833806507191 0.11676418190632543
      vertex -1.1096246601958315 1.0420069139203807 0.3661391134213843
      vertex -1.2455994191343815 1.5056710495242935 0.10276418190632564
    endloop
  endfacet
  facet normal -0.2554940418231056 0.435438702191556 0.863200979625618
    outer loop
      vertex -1.2455994191343815 1.5056710495242935 0.10276418190632564
      vertex -0.970276842403363 1.1728632248767756 0.3521391134213845
      vertex -1.0470668743509552 1.6499133865025815 0.08876418190632585
    endloop
  endfacet
  facet normal -0.2938317985934532 0.4055053653515048 0.8655797322063861
    outer loop
      vertex -1.1096246601958315 1.0420069139203807 0.3661391134213843
      vertex -0.970276842403363 1.1728632248767756 0.3521391134213845
      vertex -1.2455994191343815 1.5056710495242935 0.10276418190632564
    endloop
  endfacet
  facet normal 0 0 -1
    outer loop
      vertex -1.3339003428866194 0.7333179190634505 0.47411443429587674
      vertex -1.2455994191343815 1.5056710495242935 0.47411443429587674
      vertex -1.2314730342393692 0.8947175314667035 0.47411443429587674
    endloop
  endfacet
  facet normal 0 0 -1
    outer loop
      vertex -1.3339003428866194 0.7333179190634505 0.47411443429587674
      vertex -1.424488116993034 1.3376833806507191 0.47411443429587674
      vertex -1.2455994191343815 1.5056710495242935 0.47411443429587674
    endloop
  endfacet
  facet normal -0.7705132427757894 0.6374239897486894 0
    outer loop
      vertex -1.2314730342393692 0.8947175314667035 0.47411443429587674
      vertex -1.1096246601958315 1.0420069139203807 0.47411443429587674
      vertex -1.1096246601958315 1.0420069139203807 0.3661391134213843
    endloop
  endfacet
  facet normal 0 0 -1
    outer loop
      vertex -1.2314730342393692 0.8947175314667035 0.47411443429587674
      vertex -1.2455994191343815 1.5056710495242935 0.47411443429587674
      vertex -1.1096246601958315 1.0420069139203807 0.47411443429587674
    endloop
  endfacet
  facet normal -0.6845471059286888 0.7289686274214112 0
    outer loop
      vertex -1.1096246601958315 1.0420069139203807 0.3661391134213843
      vertex -1.1096246601958315 1.0420069139203807 0.47411443429587674
      vertex -0.970276842403363 1.1728632248767756 0.3521391134213845
    endloop
  endfacet
  facet normal -0.684547105928689 0.7289686274214112 0
    outer loop
      vertex -1.1096246601958315 1.0420069139203807 0.47411443429587674
      vertex -0.970276842403363 1.1728632248767756 0.47411443429587674
      vertex -0.970276842403363 1.1728632248767756 0.3521391134213845
    endloop
  endfacet
  facet normal 0 0 -1
    outer loop
      vertex -1.1096246601958315 1.0420069139203807 0.47411443429587674
      vertex -1.2455994191343815 1.5056710495242935 0.47411443429587674
      vertex -1.0470668743509552 1.6499133865025815 0.47411443429587674
    endloop
  endfacet
  facet normal 0 0 -1
    outer loop
      vertex -1.1096246601958315 1.0420069139203807 0.47411443429587674
      vertex -1.0470668743509552 1.6499133865025815 0.47411443429587674
      vertex -0.970276842403363 1.1728632248767756 0.47411443429587674
    endloop
  endfacet
  facet normal -0.5877852522924727 0.8090169943749477 0
    outer loop
      vertex -1.2455994191343815 1.5056710495242935 0.0012358180936735685
      vertex -1.2455994191343815 1.5056710495242935 0.10276418190632564
      vertex -1.0470668743509552 1.6499133865025815 -0.012764181906326222
    endloop
  endfacet
  facet normal -0.5877852522924727 0.8090169943749477 0
    outer loop
      vertex -1.0470668743509552 1.6499133865025815 -0.012764181906326222
      vertex -1.2455994191343815 1.5056710495242935 0.10276418190632564
      vertex -1.0470668743509552 1.6499133865025815 0.08876418190632585
    endloop
  endfacet
  facet normal -0.4845257149897101 0.5159674803200774 -0.7064080908128536
    outer loop
      vertex -2.848809395962877 2.675210089969315 2.428
      vertex -1.2455994191343815 1.5056710495242935 0.47411443429587674
      vertex -1.424488116993034 1.3376833806507191 0.47411443429587674
    endloop
  endfacet
  facet normal 0 0 1
    outer loop
      vertex -1.4734556219988442 2.6243572805616862e-17 1.5
      vertex 0.7367278109994221 1.2760500000000001 1.5
      vertex -0.7367278109994221 1.2760500000000001 1.5
    endloop
  endfacet
  facet normal -0.24069154843105758 0.43913472386886043 0.8655797322063864
    outer loop
      vertex -1.0470668743509552 1.6499133865025815 0.08876418190632585
      vertex -0.970276842403363 1.1728632248767756 0.3521391134213845
      vertex -0.8156271791909037 1.2852227821423332 0.33813911342138425
    endloop
  endfacet
  facet normal -0.48175367410171593 0.8763066800438633 0
    outer loop
      vertex -0.8156271791909037 1.2852227821423332 0.33813911342138425
      vertex -0.8156271791909037 1.2852227821423332 0.47411443429587674
      vertex -0.6481145881305433 1.3773136083786315 0.32413911342138446
    endloop
  endfacet
  facet normal -0.3681245526846789 0.929776485888251 0
    outer loop
      vertex -0.6481145881305433 1.3773136083786315 0.32413911342138446
      vertex -0.6481145881305433 1.3773136083786315 0.47411443429587674
      vertex -0.470380842850476 1.4476833762435302 0.31013911342138467
    endloop
  endfacet
  facet normal -0.5877852522924721 0.8090169943749481 0
    outer loop
      vertex -0.970276842403363 1.1728632248767756 0.3521391134213845
      vertex -0.970276842403363 1.1728632248767756 0.47411443429587674
      vertex -0.8156271791909037 1.2852227821423332 0.33813911342138425
    endloop
  endfacet
  facet normal -0.5877852522924721 0.8090169943749481 0
    outer loop
      vertex -0.8156271791909037 1.2852227821423332 0.33813911342138425
      vertex -0.970276842403363 1.1728632248767756 0.47411443429587674
      vertex -0.8156271791909037 1.2852227821423332 0.47411443429587674
    endloop
  endfacet
  facet normal 0 0 -1
    outer loop
      vertex -0.970276842403363 1.1728632248767756 0.47411443429587674
      vertex -0.8320214594715809 1.7681356037652418 0.47411443429587674
      vertex -0.8156271791909037 1.2852227821423332 0.47411443429587674
    endloop
  endfacet
  facet normal -0.481753674101716 0.8763066800438633 0
    outer loop
      vertex -0.6481145881305433 1.3773136083786315 0.32413911342138446
      vertex -0.8156271791909037 1.2852227821423332 0.47411443429587674
      vertex -0.6481145881305433 1.3773136083786315 0.47411443429587674
    endloop
  endfacet
  facet normal -0.368124552684679 0.9297764858882509 0
    outer loop
      vertex -0.6481145881305433 1.3773136083786315 0.47411443429587674
      vertex -0.470380842850476 1.4476833762435302 0.47411443429587674
      vertex -0.470380842850476 1.4476833762435302 0.31013911342138467
    endloop
  endfacet
  facet normal -0.19890445442624605 0.46402703238364273 0.8632009796256184
    outer loop
      vertex -1.0470668743509552 1.6499133865025815 0.08876418190632585
      vertex -0.8156271791909037 1.2852227821423332 0.33813911342138425
      vertex -0.8320214594715815 1.7681356037652416 0.07476418190632561
    endloop
  endfacet
  facet normal -0.4817536741017155 0.8763066800438636 0
    outer loop
      vertex -1.0470668743509552 1.6499133865025815 -0.012764181906326222
      vertex -1.0470668743509552 1.6499133865025815 0.08876418190632585
      vertex -0.8320214594715815 1.7681356037652416 -0.026764181906326456
    endloop
  endfacet
  facet normal -0.18375544876774927 0.46583866546443325 0.8655797322063861
    outer loop
      vertex -0.8156271791909037 1.2852227821423332 0.33813911342138425
      vertex -0.6481145881305433 1.3773136083786315 0.32413911342138446
      vertex -0.8320214594715815 1.7681356037652416 0.07476418190632561
    endloop
  endfacet
  facet normal -0.4817536741017155 0.8763066800438636 0
    outer loop
      vertex -0.8320214594715815 1.7681356037652416 -0.026764181906326456
      vertex -1.0470668743509552 1.6499133865025815 0.08876418190632585
      vertex -0.8320214594715815 1.7681356037652416 0.07476418190632561
    endloop
  endfacet
  facet normal -0.13917802496332599 0.4852973790787265 0.863200979625618
    outer loop
      vertex -0.6481145881305433 1.3773136083786315 0.32413911342138446
      vertex -0.6038545691508126 1.8584732663235117 0.06076418190632582
      vertex -0.8320214594715815 1.7681356037652416 0.07476418190632561
    endloop
  endfacet
  facet normal -0.12392141590718603 0.485196053027103 0.8655797322063861
    outer loop
      vertex -0.6481145881305433 1.3773136083786315 0.32413911342138446
      vertex -0.470380842850476 1.4476833762435302 0.31013911342138467
      vertex -0.6038545691508126 1.8584732663235117 0.06076418190632582
    endloop
  endfacet
  facet normal -0.36812455268467814 0.9297764858882513 0
    outer loop
      vertex -0.6038545691508126 1.8584732663235117 -0.04076418190632669
      vertex -0.8320214594715815 1.7681356037652416 0.07476418190632561
      vertex -0.6038545691508126 1.8584732663235117 0.06076418190632582
    endloop
  endfacet
  facet normal 0 0 -1
    outer loop
      vertex -1.0470668743509552 1.6499133865025815 0.47411443429587674
      vertex -0.8320214594715809 1.7681356037652418 0.47411443429587674
      vertex -0.970276842403363 1.1728632248767756 0.47411443429587674
    endloop
  endfacet
  facet normal 0 0 -1
    outer loop
      vertex -0.8156271791909037 1.2852227821423332 0.47411443429587674
      vertex -0.8320214594715809 1.7681356037652418 0.47411443429587674
      vertex -0.6481145881305433 1.3773136083786315 0.47411443429587674
    endloop
  endfacet
  facet normal 0 0 -1
    outer loop
      vertex -0.6481145881305433 1.3773136083786315 0.47411443429587674
      vertex -0.8320214594715809 1.7681356037652418 0.47411443429587674
      vertex -0.6038545691508126 1.8584732663235117 0.47411443429587674
    endloop
  endfacet
  facet normal 0 0 -1
    outer loop
      vertex -0.6481145881305433 1.3773136083786315 0.47411443429587674
      vertex -0.6038545691508126 1.8584732663235117 0.47411443429587674
      vertex -0.470380842850476 1.4476833762435302 0.47411443429587674
    endloop
  endfacet
  facet normal -0.248689887164854 0.9685831611286313 0
    outer loop
      vertex -0.470380842850476 1.4476833762435302 0.31013911342138467
      vertex -0.470380842850476 1.4476833762435302 0.47411443429587674
      vertex -0.28522891068676137 1.4952223124609376 0.29613911342138444
    endloop
  endfacet
  facet normal -0.06213306829069739 0.49690160899146224 0.8655797322063865
    outer loop
      vertex -0.470380842850476 1.4476833762435302 0.31013911342138467
      vertex -0.28522891068676137 1.4952223124609376 0.29613911342138444
      vertex -0.36616453154930095 1.919501695273744 0.04676418190632603
    endloop
  endfacet
  facet normal -0.07725667490581037 0.49891429620313693 0.863200979625618
    outer loop
      vertex -0.6038545691508126 1.8584732663235117 0.06076418190632582
      vertex -0.470380842850476 1.4476833762435302 0.31013911342138467
      vertex -0.36616453154930095 1.919501695273744 0.04676418190632603
    endloop
  endfacet
  facet normal -0.248689887164855 0.9685831611286311 0
    outer loop
      vertex -0.36616453154930095 1.919501695273744 -0.05476418190632648
      vertex -0.6038545691508126 1.8584732663235117 0.06076418190632582
      vertex -0.36616453154930095 1.919501695273744 0.04676418190632603
    endloop
  endfacet
  facet normal -0.014116940934127685 0.504663036839469 0.8632009796256183
    outer loop
      vertex -0.28522891068676137 1.4952223124609376 0.29613911342138444
      vertex -0.12269986054916825 1.950258435834777 0.032764181906325796
      vertex -0.36616453154930095 1.919501695273744 0.04676418190632603
    endloop
  endfacet
  facet normal -0.1253332335643042 0.9921147013144778 0
    outer loop
      vertex -0.28522891068676137 1.4952223124609376 0.29613911342138444
      vertex -0.28522891068676137 1.4952223124609376 0.47411443429587674
      vertex -0.09557874821402428 1.519180699608322 0.2821391134213842
    endloop
  endfacet
  facet normal 0.0006351549292278501 0.5007707297473928 0.8655797322063864
    outer loop
      vertex -0.28522891068676137 1.4952223124609376 0.29613911342138444
      vertex -0.09557874821402428 1.519180699608322 0.2821391134213842
      vertex -0.12269986054916825 1.950258435834777 0.032764181906325796
    endloop
  endfacet
  facet normal 0 1 0
    outer loop
      vertex -0.09557874821402428 1.519180699608322 0.2821391134213842
      vertex -0.09557874821402428 1.519180699608322 0.47411443429587674
      vertex 0.09557874821402428 1.519180699608322 0.2681391134213844
    endloop
  endfacet
  facet normal 0.04924542562913609 0.5024529399137576 0.8632009796256184
    outer loop
      vertex -0.09557874821402428 1.519180699608322 0.2821391134213842
      vertex 0.12269986054916825 1.950258435834777 0.01876418190632556
      vertex -0.12269986054916825 1.950258435834777 0.032764181906325796
    endloop
  endfacet
  facet normal 0 0 -1
    outer loop
      vertex -0.470380842850476 1.4476833762435302 0.47411443429587674
      vertex -0.36616453154930145 1.9195016952737438 0.47411443429587674
      vertex -0.28522891068676137 1.4952223124609376 0.47411443429587674
    endloop
  endfacet
  facet normal -0.24868988716485405 0.9685831611286313 0
    outer loop
      vertex -0.470380842850476 1.4476833762435302 0.47411443429587674
      vertex -0.28522891068676137 1.4952223124609376 0.47411443429587674
      vertex -0.28522891068676137 1.4952223124609376 0.29613911342138444
    endloop
  endfacet
  facet normal 0 0 -1
    outer loop
      vertex -0.6038545691508126 1.8584732663235117 0.47411443429587674
      vertex -0.36616453154930145 1.9195016952737438 0.47411443429587674
      vertex -0.470380842850476 1.4476833762435302 0.47411443429587674
    endloop
  endfacet
  facet normal 0 0 -1
    outer loop
      vertex -0.28522891068676137 1.4952223124609376 0.47411443429587674
      vertex -0.36616453154930145 1.9195016952737438 0.47411443429587674
      vertex -0.12269986054916919 1.950258435834777 0.47411443429587674
    endloop
  endfacet
  facet normal -0.1253332335643042 0.9921147013144779 0
    outer loop
      vertex -0.09557874821402428 1.519180699608322 0.2821391134213842
      vertex -0.28522891068676137 1.4952223124609376 0.47411443429587674
      vertex -0.09557874821402428 1.519180699608322 0.47411443429587674
    endloop
  endfacet
  facet normal 0 0 -1
    outer loop
      vertex -0.28522891068676137 1.4952223124609376 0.47411443429587674
      vertex -0.12269986054916919 1.950258435834777 0.47411443429587674
      vertex -0.09557874821402428 1.519180699608322 0.47411443429587674
    endloop
  endfacet
  facet normal 0 0 -1
    outer loop
      vertex -0.09557874821402428 1.519180699608322 0.47411443429587674
      vertex -0.12269986054916919 1.950258435834777 0.47411443429587674
      vertex 0.12269986054916919 1.950258435834777 0.47411443429587674
    endloop
  endfacet
  facet normal 0.8660254037844386 -0.5 0
    outer loop
      vertex -1.4734556219988442 2.6243572805616862e-17 1.5
      vertex -0.7367278109994221 1.2760500000000001 1.5
      vertex -0.7367278109994221 1.2760500000000001 3.01
    endloop
  endfacet
  facet normal 0 0 1
    outer loop
      vertex -1.6639454714363033 -3.536064121037205 3.01
      vertex -1.4734556219988442 2.6243572805616862e-17 3.01
      vertex -1.6639454714363033 3.536064121037205 3.01
    endloop
  endfacet
  facet normal 0.8660254037844386 -0.5 0
    outer loop
      vertex -1.4734556219988442 2.6243572805616862e-17 1.5
      vertex -0.7367278109994221 1.2760500000000001 3.01
      vertex -1.4734556219988442 2.6243572805616862e-17 3.01
    endloop
  endfacet
  facet normal 0 0 1
    outer loop
      vertex -1.6639454714363033 -3.536064121037205 3.01
      vertex -1.6639454714363033 3.536064121037205 3.01
      vertex -2.0940111147779197 3.2996335328618747 3.01
    endloop
  endfacet
  facet normal 0 0 1
    outer loop
      vertex -1.6639454714363033 3.536064121037205 3.01
      vertex -1.4734556219988442 2.6243572805616862e-17 3.01
      vertex -0.7367278109994221 1.2760500000000001 3.01
    endloop
  endfacet
  facet normal 0 -1 0
    outer loop
      vertex -0.7367278109994221 1.2760500000000001 1.5
      vertex 0.7367278109994221 1.2760500000000001 3.01
      vertex -0.7367278109994221 1.2760500000000001 3.01
    endloop
  endfacet
  facet normal -0.4160372122836574 0.5726260972304543 -0.7064080908128539
    outer loop
      vertex -2.4910529519378795 3.011165752767785 2.428
      vertex -1.0470668743509552 1.6499133865025815 0.47411443429587674
      vertex -1.2455994191343815 1.5056710495242935 0.47411443429587674
    endloop
  endfacet
  facet normal -0.34098755421130894 0.6202540585172571 -0.7064080908128534
    outer loop
      vertex -2.0940111147779197 3.2996335328618747 2.428
      vertex -0.8320214594715809 1.7681356037652418 0.47411443429587674
      vertex -1.0470668743509552 1.6499133865025815 0.47411443429587674
    endloop
  endfacet
  facet normal -0.26056031871295604 0.658100242779428 -0.7064080908128536
    outer loop
      vertex -0.8320214594715809 1.7681356037652418 0.47411443429587674
      vertex -1.6639454714363033 3.536064121037205 2.428
      vertex -0.6038545691508126 1.8584732663235117 0.47411443429587674
    endloop
  endfacet
  facet normal -0.17602389133730986 0.685567793082938 -0.7064080908128536
    outer loop
      vertex -0.6038545691508126 1.8584732663235117 0.47411443429587674
      vertex -1.2076384140172944 3.7167288656814605 2.428
      vertex -0.36616453154930145 1.9195016952737438 0.47411443429587674
    endloop
  endfacet
  facet normal -0.08871146204369962 0.7022235297511815 -0.7064080908128535
    outer loop
      vertex -0.36616453154930145 1.9195016952737438 0.47411443429587674
      vertex -0.7322861774010127 3.8387785758477153 2.428
      vertex -0.12269986054916919 1.950258435834777 0.47411443429587674
    endloop
  endfacet
  facet normal 0 0.7078047818672457 -0.7064080908128535
    outer loop
      vertex -0.12269986054916919 1.950258435834777 0.47411443429587674
      vertex -0.2453853503205582 3.9002884546976855 2.428
      vertex 0.12269986054916919 1.950258435834777 0.47411443429587674
    endloop
  endfacet
  facet normal -0.4160372122836574 0.5726260972304547 -0.7064080908128536
    outer loop
      vertex -2.4910529519378795 3.011165752767785 2.428
      vertex -2.0940111147779197 3.2996335328618747 2.428
      vertex -1.0470668743509552 1.6499133865025815 0.47411443429587674
    endloop
  endfacet
  facet normal -0.3409875542113087 0.6202540585172571 -0.7064080908128535
    outer loop
      vertex -2.0940111147779197 3.2996335328618747 2.428
      vertex -1.6639454714363033 3.536064121037205 2.428
      vertex -0.8320214594715809 1.7681356037652418 0.47411443429587674
    endloop
  endfacet
  facet normal 0 0 1
    outer loop
      vertex -1.6639454714363033 3.536064121037205 3.01
      vertex -0.7367278109994221 1.2760500000000001 3.01
      vertex -1.2076384140172944 3.7167288656814605 3.01
    endloop
  endfacet
  facet normal -0.260560318712956 0.658100242779428 -0.7064080908128535
    outer loop
      vertex -0.6038545691508126 1.8584732663235117 0.47411443429587674
      vertex -1.6639454714363033 3.536064121037205 2.428
      vertex -1.2076384140172944 3.7167288656814605 2.428
    endloop
  endfacet
  facet normal -0.4817536741017152 0.8763066800438637 0
    outer loop
      vertex -2.0940111147779197 3.2996335328618747 2.428
      vertex -2.0940111147779197 3.2996335328618747 3.01
      vertex -1.6639454714363033 3.536064121037205 2.428
    endloop
  endfacet
  facet normal -0.3681245526846782 0.9297764858882515 0
    outer loop
      vertex -1.6639454714363033 3.536064121037205 2.428
      vertex -1.6639454714363033 3.536064121037205 3.01
      vertex -1.2076384140172944 3.7167288656814605 2.428
    endloop
  endfacet
  facet normal -0.4817536741017152 0.8763066800438637 0
    outer loop
      vertex -2.0940111147779197 3.2996335328618747 3.01
      vertex -1.6639454714363033 3.536064121037205 3.01
      vertex -1.6639454714363033 3.536064121037205 2.428
    endloop
  endfacet
  facet normal -0.2486898871648544 0.9685831611286313 0
    outer loop
      vertex -1.2076384140172944 3.7167288656814605 2.428
      vertex -1.2076384140172944 3.7167288656814605 3.01
      vertex -0.7322861774010127 3.8387785758477153 2.428
    endloop
  endfacet
  facet normal -0.3681245526846782 0.9297764858882515 0
    outer loop
      vertex -1.6639454714363033 3.536064121037205 3.01
      vertex -1.2076384140172944 3.7167288656814605 3.01
      vertex -1.2076384140172944 3.7167288656814605 2.428
    endloop
  endfacet
  facet normal 0 0 1
    outer loop
      vertex -1.2076384140172944 3.7167288656814605 3.01
      vertex -0.7367278109994221 1.2760500000000001 3.01
      vertex 0.7367278109994221 1.2760500000000001 3.01
    endloop
  endfacet
  facet normal -0.17602389133730975 0.6855677930829381 -0.7064080908128535
    outer loop
      vertex -0.36616453154930145 1.9195016952737438 0.47411443429587674
      vertex -1.2076384140172944 3.7167288656814605 2.428
      vertex -0.7322861774010127 3.8387785758477153 2.428
    endloop
  endfacet
  facet normal -0.08871146204369937 0.7022235297511815 -0.7064080908128536
    outer loop
      vertex -0.12269986054916919 1.950258435834777 0.47411443429587674
      vertex -0.7322861774010127 3.8387785758477153 2.428
      vertex -0.2453853503205582 3.9002884546976855 2.428
    endloop
  endfacet
  facet normal -0.12533323356430498 0.9921147013144777 0
    outer loop
      vertex -0.7322861774010127 3.8387785758477153 2.428
      vertex -0.7322861774010127 3.8387785758477153 3.01
      vertex -0.2453853503205582 3.9002884546976855 2.428
    endloop
  endfacet
  facet normal -0.2486898871648544 0.9685831611286313 0
    outer loop
      vertex -1.2076384140172944 3.7167288656814605 3.01
      vertex -0.7322861774010127 3.8387785758477153 3.01
      vertex -0.7322861774010127 3.8387785758477153 2.428
    endloop
  endfacet
  facet normal 0 0 1
    outer loop
      vertex -1.2076384140172944 3.7167288656814605 3.01
      vertex 0.7367278109994221 1.2760500000000001 3.01
      vertex -0.7322861774010127 3.8387785758477153 3.01
    endloop
  endfacet
  facet normal 0 0 1
    outer loop
      vertex -0.7322861774010127 3.8387785758477153 3.01
      vertex 0.7367278109994221 1.2760500000000001 3.01
      vertex -0.2453853503205582 3.9002884546976855 3.01
    endloop
  endfacet
  facet normal 0 1 0
    outer loop
      vertex -0.2453853503205582 3.9002884546976855 2.428
      vertex -0.2453853503205582 3.9002884546976855 3.01
      vertex 0.2453853503205582 3.9002884546976855 2.428
    endloop
  endfacet
  facet normal -0.12533323356430498 0.9921147013144777 0
    outer loop
      vertex -0.7322861774010127 3.8387785758477153 3.01
      vertex -0.2453853503205582 3.9002884546976855 3.01
      vertex -0.2453853503205582 3.9002884546976855 2.428
    endloop
  endfacet
  facet normal 0 -1 0
    outer loop
      vertex -0.12269986054916919 -1.950258435834777 -1.8327641819063265
      vertex 0.12269986054916919 -1.950258435834777 -1.8187641819063263
      vertex 0.12269986054916919 -1.950258435834777 -1.7172358180936742
    endloop
  endfacet
  facet normal 0 -1 0
    outer loop
      vertex -0.12269986054916919 -1.950258435834777 -1.1327641819063263
      vertex 0.12269986054916919 -1.950258435834777 -1.118764181906326
      vertex 0.12269986054916919 -1.950258435834777 -1.017235818093674
    endloop
  endfacet
  facet normal 0 -1 0
    outer loop
      vertex -0.12269986054916919 -1.950258435834777 -0.4327641819063266
      vertex 0.12269986054916919 -1.950258435834777 -0.41876418190632636
      vertex 0.12269986054916919 -1.950258435834777 -0.31723581809367385
    endloop
  endfacet
  facet normal 0 -1 0
    outer loop
      vertex -0.09557874821402501 -1.519180699608322 -2.7463026028703688
      vertex 0.09557874821402501 -1.519180699608322 -2.7463026028703688
      vertex 0.09557874821402501 -1.519180699608322 -2.5542899951086486
    endloop
  endfacet
  facet normal 0.12533323356430442 -0.9921147013144778 0
    outer loop
      vertex 0.09557874821402501 -1.519180699608322 -2.7463026028703688
      vertex 0.28522891068676176 -1.4952223124609376 -2.7463026028703688
      vertex 0.28522891068676176 -1.4952223124609376 -2.5402899951086484
    endloop
  endfacet
  facet normal 0.2486898871648545 -0.9685831611286312 0
    outer loop
      vertex 0.28522891068676176 -1.4952223124609376 -2.7463026028703688
      vertex 0.470380842850476 -1.4476833762435302 -2.7463026028703688
      vertex 0.470380842850476 -1.4476833762435302 -2.526289995108648
    endloop
  endfacet
  facet normal 0 -1 0
    outer loop
      vertex -0.09557874821402501 -1.519180699608322 -2.568289995108648
      vertex 0.09557874821402501 -1.519180699608322 -2.5542899951086486
      vertex 0.09557874821402501 -1.519180699608322 -2.4825947022980692
    endloop
  endfacet
  facet normal 0 -1 0
    outer loop
      vertex -0.09557874821402501 -1.519180699608322 -2.4965947022980686
      vertex 0.09557874821402501 -1.519180699608322 -2.4825947022980692
      vertex 0.09557874821402501 -1.519180699608322 -2.4534052977019316
    endloop
  endfacet
  facet normal 0.1253332335643044 -0.9921147013144778 0
    outer loop
      vertex 0.09557874821402501 -1.519180699608322 -2.7463026028703688
      vertex 0.28522891068676176 -1.4952223124609376 -2.5402899951086484
      vertex 0.09557874821402501 -1.519180699608322 -2.5542899951086486
    endloop
  endfacet
  facet normal 0.12533323356430442 -0.9921147013144779 0
    outer loop
      vertex 0.09557874821402501 -1.519180699608322 -2.5542899951086486
      vertex 0.28522891068676176 -1.4952223124609376 -2.468594702298069
      vertex 0.09557874821402501 -1.519180699608322 -2.4825947022980692
    endloop
  endfacet
  facet normal 0.12533323356430442 -0.9921147013144779 0
    outer loop
      vertex 0.09557874821402501 -1.519180699608322 -2.4825947022980692
      vertex 0.28522891068676176 -1.4952223124609376 -2.4394052977019314
      vertex 0.09557874821402501 -1.519180699608322 -2.4534052977019316
    endloop
  endfacet
  facet normal 0.12533323356430442 -0.9921147013144779 0
    outer loop
      vertex 0.09557874821402501 -1.519180699608322 -2.5542899951086486
      vertex 0.28522891068676176 -1.4952223124609376 -2.5402899951086484
      vertex 0.28522891068676176 -1.4952223124609376 -2.468594702298069
    endloop
  endfacet
  facet normal 0.12533323356430442 -0.9921147013144779 0
    outer loop
      vertex 0.09557874821402501 -1.519180699608322 -2.4825947022980692
      vertex 0.28522891068676176 -1.4952223124609376 -2.468594702298069
      vertex 0.28522891068676176 -1.4952223124609376 -2.4394052977019314
    endloop
  endfacet
  facet normal 0 -1 0
    outer loop
      vertex -0.09557874821402501 -1.519180699608322 -2.467405297701932
      vertex 0.09557874821402501 -1.519180699608322 -2.4534052977019316
      vertex 0.09557874821402501 -1.519180699608322 -2.381710004891352
    endloop
  endfacet
  facet normal 0 -1 0
    outer loop
      vertex -0.09557874821402501 -1.519180699608322 -2.3957100048913524
      vertex 0.09557874821402501 -1.519180699608322 -2.381710004891352
      vertex 0.09557874821402501 -1.519180699608322 -2.0681391134213847
    endloop
  endfacet
  facet normal 0.12533323356430442 -0.9921147013144779 0
    outer loop
      vertex 0.09557874821402501 -1.519180699608322 -2.4534052977019316
      vertex 0.28522891068676176 -1.4952223124609376 -2.367710004891352
      vertex 0.09557874821402501 -1.519180699608322 -2.381710004891352
    endloop
  endfacet
  facet normal 0.12533323356430442 -0.9921147013144779 0
    outer loop
      vertex 0.09557874821402501 -1.519180699608322 -2.4534052977019316
      vertex 0.28522891068676176 -1.4952223124609376 -2.4394052977019314
      vertex 0.28522891068676176 -1.4952223124609376 -2.367710004891352
    endloop
  endfacet
  facet normal 0.12533323356430442 -0.9921147013144778 0
    outer loop
      vertex 0.09557874821402501 -1.519180699608322 -2.381710004891352
      vertex 0.28522891068676176 -1.4952223124609376 -2.367710004891352
      vertex 0.28522891068676176 -1.4952223124609376 -2.0541391134213853
    endloop
  endfacet
  facet normal 0.24868988716485455 -0.9685831611286313 0
    outer loop
      vertex 0.28522891068676176 -1.4952223124609376 -2.7463026028703688
      vertex 0.470380842850476 -1.4476833762435302 -2.526289995108648
      vertex 0.28522891068676176 -1.4952223124609376 -2.5402899951086484
    endloop
  endfacet
  facet normal 0.24868988716485452 -0.9685831611286312 0
    outer loop
      vertex 0.28522891068676176 -1.4952223124609376 -2.5402899951086484
      vertex 0.470380842850476 -1.4476833762435302 -2.4545947022980688
      vertex 0.28522891068676176 -1.4952223124609376 -2.468594702298069
    endloop
  endfacet
  facet normal 0.2486898871648545 -0.9685831611286312 0
    outer loop
      vertex 0.28522891068676176 -1.4952223124609376 -2.468594702298069
      vertex 0.470380842850476 -1.4476833762435302 -2.425405297701931
      vertex 0.28522891068676176 -1.4952223124609376 -2.4394052977019314
    endloop
  endfacet
  facet normal 0.24868988716485457 -0.9685831611286312 0
    outer loop
      vertex 0.28522891068676176 -1.4952223124609376 -2.5402899951086484
      vertex 0.470380842850476 -1.4476833762435302 -2.526289995108648
      vertex 0.470380842850476 -1.4476833762435302 -2.4545947022980688
    endloop
  endfacet
  facet normal 0.2486898871648545 -0.9685831611286312 0
    outer loop
      vertex 0.28522891068676176 -1.4952223124609376 -2.468594702298069
      vertex 0.470380842850476 -1.4476833762435302 -2.4545947022980688
      vertex 0.470380842850476 -1.4476833762435302 -2.425405297701931
    endloop
  endfacet
  facet normal 0.24868988716485452 -0.9685831611286312 0
    outer loop
      vertex 0.28522891068676176 -1.4952223124609376 -2.4394052977019314
      vertex 0.470380842850476 -1.4476833762435302 -2.3537100048913517
      vertex 0.28522891068676176 -1.4952223124609376 -2.367710004891352
    endloop
  endfacet
  facet normal 0.24868988716485457 -0.9685831611286312 0
    outer loop
      vertex 0.28522891068676176 -1.4952223124609376 -2.4394052977019314
      vertex 0.470380842850476 -1.4476833762435302 -2.425405297701931
      vertex 0.470380842850476 -1.4476833762435302 -2.3537100048913517
    endloop
  endfacet
  facet normal 0.2486898871648545 -0.9685831611286312 0
    outer loop
      vertex 0.28522891068676176 -1.4952223124609376 -2.367710004891352
      vertex 0.470380842850476 -1.4476833762435302 -2.3537100048913517
      vertex 0.470380842850476 -1.4476833762435302 -2.040139113421385
    endloop
  endfacet
  facet normal 0 -0.7078047818672462 -0.7064080908128532
    outer loop
      vertex -0.07964895684502085 -1.2659839163402684 -3
      vertex 0.07964895684502085 -1.2659839163402684 -3
      vertex 0.09557874821402501 -1.519180699608322 -2.7463026028703688
    endloop
  endfacet
  facet normal 0.08871146204369909 -0.7022235297511821 -0.706408090812853
    outer loop
      vertex 0.09557874821402501 -1.519180699608322 -2.7463026028703688
      vertex 0.07964895684502085 -1.2659839163402684 -3
      vertex 0.28522891068676176 -1.4952223124609376 -2.7463026028703688
    endloop
  endfacet
  facet normal 0.08871146204369998 -0.7022235297511815 -0.7064080908128534
    outer loop
      vertex 0.28522891068676176 -1.4952223124609376 -2.7463026028703688
      vertex 0.07964895684502085 -1.2659839163402684 -3
      vertex 0.2376907589056348 -1.246018593717448 -3
    endloop
  endfacet
  facet normal 0.17602389133730978 -0.685567793082938 -0.7064080908128535
    outer loop
      vertex 0.28522891068676176 -1.4952223124609376 -2.7463026028703688
      vertex 0.2376907589056348 -1.246018593717448 -3
      vertex 0.470380842850476 -1.4476833762435302 -2.7463026028703688
    endloop
  endfacet
  facet normal 0.1760238913373101 -0.6855677930829379 -0.7064080908128535
    outer loop
      vertex 0.2376907589056348 -1.246018593717448 -3
      vertex 0.39198403570872997 -1.206402813536275 -3
      vertex 0.470380842850476 -1.4476833762435302 -2.7463026028703688
    endloop
  endfacet
  facet normal 0.26056031871295565 -0.658100242779428 -0.7064080908128536
    outer loop
      vertex 0.470380842850476 -1.4476833762435302 -2.7463026028703688
      vertex 0.39198403570872997 -1.206402813536275 -3
      vertex 0.5400954901087858 -1.1477613403155265 -3
    endloop
  endfacet
  facet normal -0.5566342925920272 -0.8307576447500037 0
    outer loop
      vertex 0.470380842850476 -1.4476833762435302 -2.526289995108648
      vertex 0.7783188346094715 -1.654011716750778 -2.4656464496100767
      vertex 0.470380842850476 -1.4476833762435302 -2.4545947022980688
    endloop
  endfacet
  facet normal -0.28671277127397826 -0.6379705758746834 -0.7146952715014423
    outer loop
      vertex 0.470380842850476 -1.4476833762435302 -2.526289995108648
      vertex 0.6481145881305429 -1.3773136083786317 -2.660406421800153
      vertex 0.7783188346094715 -1.654011716750778 -2.4656464496100767
    endloop
  endfacet
  facet normal -0.5566342925920272 -0.8307576447500038 0
    outer loop
      vertex 0.470380842850476 -1.4476833762435302 -2.4545947022980688
      vertex 0.7783188346094715 -1.654011716750778 -2.3863535503899236
      vertex 0.470380842850476 -1.4476833762435302 -2.425405297701931
    endloop
  endfacet
  facet normal -0.5566342925920272 -0.8307576447500037 0
    outer loop
      vertex 0.470380842850476 -1.4476833762435302 -2.425405297701931
      vertex 0.7783188346094715 -1.654011716750778 -2.3863535503899236
      vertex 0.470380842850476 -1.4476833762435302 -2.3537100048913517
    endloop
  endfacet
  facet normal -0.5566342925920272 -0.8307576447500038 0
    outer loop
      vertex 0.470380842850476 -1.4476833762435302 -2.4545947022980688
      vertex 0.7783188346094715 -1.654011716750778 -2.4656464496100767
      vertex 0.7783188346094715 -1.654011716750778 -2.3863535503899236
    endloop
  endfacet
  facet normal -0.3602118924944541 -0.6443331542376385 0.6745977904320022
    outer loop
      vertex 0.470380842850476 -1.4476833762435302 -2.3537100048913517
      vertex 0.7783188346094715 -1.654011716750778 -2.3863535503899236
      vertex 0.6481145881305429 -1.3773136083786317 -2.1915935781998472
    endloop
  endfacet
  facet normal 0.017502125882289093 -0.5699767268910436 -0.8214744100653246
    outer loop
      vertex 0.7783188346094715 -1.654011716750778 -2.4656464496100767
      vertex 0.6481145881305429 -1.3773136083786317 -2.660406421800153
      vertex 1.0470668743509541 -1.6499133865025821 -2.4627641819063264
    endloop
  endfacet
  facet normal -0.06580397504480695 -0.5948591382373848 0.8011319757217149
    outer loop
      vertex 0.7783188346094715 -1.654011716750778 -2.3863535503899236
      vertex 1.0470668743509541 -1.6499133865025821 -2.3612358180936743
      vertex 0.6481145881305429 -1.3773136083786317 -2.1915935781998472
    endloop
  endfacet
  facet normal 0.015247939275253792 -0.9998837434161324 0
    outer loop
      vertex 0.7783188346094715 -1.654011716750778 -2.4656464496100767
      vertex 1.0470668743509541 -1.6499133865025821 -2.3612358180936743
      vertex 0.7783188346094715 -1.654011716750778 -2.3863535503899236
    endloop
  endfacet
  facet normal 0.015247939275253792 -0.9998837434161324 0
    outer loop
      vertex 0.7783188346094715 -1.654011716750778 -2.4656464496100767
      vertex 1.0470668743509541 -1.6499133865025821 -2.4627641819063264
      vertex 1.0470668743509541 -1.6499133865025821 -2.3612358180936743
    endloop
  endfacet
  facet normal 0.26056031871295654 -0.6581002427794281 -0.7064080908128534
    outer loop
      vertex 0.470380842850476 -1.4476833762435302 -2.7463026028703688
      vertex 0.5400954901087858 -1.1477613403155265 -3
      vertex 0.6481145881305429 -1.3773136083786317 -2.7463026028703688
    endloop
  endfacet
  facet normal 0.34098755421130883 -0.6202540585172576 -0.7064080908128533
    outer loop
      vertex 0.6481145881305429 -1.3773136083786317 -2.7463026028703688
      vertex 0.5400954901087858 -1.1477613403155265 -3
      vertex 0.8156271791909028 -1.2852227821423339 -2.7463026028703688
    endloop
  endfacet
  facet normal 0.36812455268467875 -0.9297764858882511 0
    outer loop
      vertex 0.470380842850476 -1.4476833762435302 -2.7463026028703688
      vertex 0.6481145881305429 -1.3773136083786317 -2.660406421800153
      vertex 0.470380842850476 -1.4476833762435302 -2.526289995108648
    endloop
  endfacet
  facet normal 0.3681245526846787 -0.929776485888251 0
    outer loop
      vertex 0.470380842850476 -1.4476833762435302 -2.7463026028703688
      vertex 0.6481145881305429 -1.3773136083786317 -2.7463026028703688
      vertex 0.6481145881305429 -1.3773136083786317 -2.660406421800153
    endloop
  endfacet
  facet normal 0.4817536741017151 -0.8763066800438636 0
    outer loop
      vertex 0.6481145881305429 -1.3773136083786317 -2.7463026028703688
      vertex 0.8156271791909028 -1.2852227821423339 -2.712139113421385
      vertex 0.6481145881305429 -1.3773136083786317 -2.660406421800153
    endloop
  endfacet
  facet normal 0.3409875542113088 -0.6202540585172575 -0.7064080908128532
    outer loop
      vertex 0.5400954901087858 -1.1477613403155265 -3
      vertex 0.679689315992419 -1.0710189851186116 -3
      vertex 0.8156271791909028 -1.2852227821423339 -2.7463026028703688
    endloop
  endfacet
  facet normal 0.48175367410171516 -0.8763066800438637 0
    outer loop
      vertex 0.6481145881305429 -1.3773136083786317 -2.7463026028703688
      vertex 0.8156271791909028 -1.2852227821423339 -2.7463026028703688
      vertex 0.8156271791909028 -1.2852227821423339 -2.712139113421385
    endloop
  endfacet
  facet normal 0.5877852522924731 -0.8090169943749475 0
    outer loop
      vertex 0.8156271791909028 -1.2852227821423339 -2.7463026028703688
      vertex 0.9702768424033635 -1.172863224876775 -2.6981391134213855
      vertex 0.8156271791909028 -1.2852227821423339 -2.712139113421385
    endloop
  endfacet
  facet normal 0.41603721228365775 -0.5726260972304549 -0.7064080908128532
    outer loop
      vertex 0.679689315992419 -1.0710189851186116 -3
      vertex 0.8085640353361363 -0.977386020730646 -3
      vertex 0.8156271791909028 -1.2852227821423339 -2.7463026028703688
    endloop
  endfacet
  facet normal 0.4160372122836582 -0.5726260972304548 -0.7064080908128532
    outer loop
      vertex 0.8156271791909028 -1.2852227821423339 -2.7463026028703688
      vertex 0.8085640353361363 -0.977386020730646 -3
      vertex 0.9702768424033635 -1.172863224876775 -2.7463026028703688
    endloop
  endfacet
  facet normal 0.48452571498971 -0.515967480320078 -0.706408090812853
    outer loop
      vertex 0.8085640353361363 -0.977386020730646 -3
      vertex 1.1096246601958315 -1.0420069139203807 -2.7463026028703688
      vertex 0.9702768424033635 -1.172863224876775 -2.7463026028703688
    endloop
  endfacet
  facet normal 0.5877852522924731 -0.8090169943749473 0
    outer loop
      vertex 0.8156271791909028 -1.2852227821423339 -2.7463026028703688
      vertex 0.9702768424033635 -1.172863224876775 -2.7463026028703688
      vertex 0.9702768424033635 -1.172863224876775 -2.6981391134213855
    endloop
  endfacet
  facet normal 0.04162505800627176 -0.5458290242780222 -0.8368620141945009
    outer loop
      vertex 0.6481145881305429 -1.3773136083786317 -2.660406421800153
      vertex 0.8156271791909028 -1.2852227821423339 -2.712139113421385
      vertex 1.0470668743509541 -1.6499133865025821 -2.4627641819063264
    endloop
  endfacet
  facet normal 0.11183116241243744 -0.4923188599747687 -0.8632009796256184
    outer loop
      vertex 0.12269986054916919 -1.950258435834777 -1.8187641819063263
      vertex 0.09557874821402501 -1.519180699608322 -2.0681391134213847
      vertex 0.36616453154930145 -1.9195016952737438 -1.804764181906326
    endloop
  endfacet
  facet normal 0.12533323356430442 -0.9921147013144778 0
    outer loop
      vertex 0.09557874821402501 -1.519180699608322 -2.381710004891352
      vertex 0.28522891068676176 -1.4952223124609376 -2.0541391134213853
      vertex 0.09557874821402501 -1.519180699608322 -2.0681391134213847
    endloop
  endfacet
  facet normal 0.06339336137649598 -0.4967423969492733 -0.8655797322063864
    outer loop
      vertex -0.09557874821402501 -1.519180699608322 -2.082139113421385
      vertex 0.09557874821402501 -1.519180699608322 -2.0681391134213847
      vertex 0.12269986054916919 -1.950258435834777 -1.8187641819063263
    endloop
  endfacet
  facet normal 0.17265325495979575 -0.4744206175169479 -0.8632009796256175
    outer loop
      vertex 0.28522891068676176 -1.4952223124609376 -2.0541391134213853
      vertex 0.6038545691508126 -1.8584732663235117 -1.7907641819063258
      vertex 0.36616453154930145 -1.9195016952737438 -1.804764181906326
    endloop
  endfacet
  facet normal 0.24868988716485452 -0.9685831611286312 0
    outer loop
      vertex 0.28522891068676176 -1.4952223124609376 -2.367710004891352
      vertex 0.470380842850476 -1.4476833762435302 -2.040139113421385
      vertex 0.28522891068676176 -1.4952223124609376 -2.0541391134213853
    endloop
  endfacet
  facet normal 0.12515181664549538 -0.48488013981174144 -0.8655797322063856
    outer loop
      vertex 0.09557874821402501 -1.519180699608322 -2.0681391134213847
      vertex 0.28522891068676176 -1.4952223124609376 -2.0541391134213853
      vertex 0.36616453154930145 -1.9195016952737438 -1.804764181906326
    endloop
  endfacet
  facet normal 0.1849365530039311 -0.46537103321602014 -0.8655797322063856
    outer loop
      vertex 0.28522891068676176 -1.4952223124609376 -2.0541391134213853
      vertex 0.470380842850476 -1.4476833762435302 -2.040139113421385
      vertex 0.6038545691508126 -1.8584732663235117 -1.7907641819063258
    endloop
  endfacet
  facet normal 0.12533323356430523 -0.9921147013144778 0
    outer loop
      vertex 0.12269986054916919 -1.950258435834777 -1.8187641819063263
      vertex 0.36616453154930145 -1.9195016952737438 -1.703235818093674
      vertex 0.12269986054916919 -1.950258435834777 -1.7172358180936742
    endloop
  endfacet
  facet normal -0.049245425629135635 -0.502452939913759 0.8632009796256176
    outer loop
      vertex -0.12269986054916919 -1.950258435834777 -1.7312358180936744
      vertex 0.12269986054916919 -1.950258435834777 -1.7172358180936742
      vertex 0.09557874821402501 -1.519180699608322 -1.467860886578615
    endloop
  endfacet
  facet normal -0.0006351549292235595 -0.500770729747394 0.8655797322063856
    outer loop
      vertex 0.12269986054916919 -1.950258435834777 -1.7172358180936742
      vertex 0.28522891068676176 -1.4952223124609376 -1.4538608865786156
      vertex 0.09557874821402501 -1.519180699608322 -1.467860886578615
    endloop
  endfacet
  facet normal 0.12533323356430523 -0.9921147013144778 0
    outer loop
      vertex 0.12269986054916919 -1.950258435834777 -1.8187641819063263
      vertex 0.36616453154930145 -1.9195016952737438 -1.804764181906326
      vertex 0.36616453154930145 -1.9195016952737438 -1.703235818093674
    endloop
  endfacet
  facet normal 0.24868988716485463 -0.9685831611286311 0
    outer loop
      vertex 0.36616453154930145 -1.9195016952737438 -1.804764181906326
      vertex 0.6038545691508126 -1.8584732663235117 -1.6892358180936746
      vertex 0.36616453154930145 -1.9195016952737438 -1.703235818093674
    endloop
  endfacet
  facet normal 0.014116940934128186 -0.504663036839469 0.8632009796256183
    outer loop
      vertex 0.12269986054916919 -1.950258435834777 -1.7172358180936742
      vertex 0.36616453154930145 -1.9195016952737438 -1.703235818093674
      vertex 0.28522891068676176 -1.4952223124609376 -1.4538608865786156
    endloop
  endfacet
  facet normal 0.07725667490581176 -0.49891429620313726 0.8632009796256176
    outer loop
      vertex 0.36616453154930145 -1.9195016952737438 -1.703235818093674
      vertex 0.6038545691508126 -1.8584732663235117 -1.6892358180936746
      vertex 0.470380842850476 -1.4476833762435302 -1.4398608865786153
    endloop
  endfacet
  facet normal 0.062133068290697556 -0.49690160899146246 0.8655797322063863
    outer loop
      vertex 0.36616453154930145 -1.9195016952737438 -1.703235818093674
      vertex 0.470380842850476 -1.4476833762435302 -1.4398608865786153
      vertex 0.28522891068676176 -1.4952223124609376 -1.4538608865786156
    endloop
  endfacet
  facet normal 0.24180472944574924 -0.4385227474273011 -0.8655797322063864
    outer loop
      vertex 0.470380842850476 -1.4476833762435302 -2.040139113421385
      vertex 0.6481145881305429 -1.3773136083786317 -2.026139113421385
      vertex 0.8320214594715809 -1.7681356037652418 -1.7767641819063265
    endloop
  endfacet
  facet normal 0.24868988716485466 -0.9685831611286313 0
    outer loop
      vertex 0.36616453154930145 -1.9195016952737438 -1.804764181906326
      vertex 0.6038545691508126 -1.8584732663235117 -1.7907641819063258
      vertex 0.6038545691508126 -1.8584732663235117 -1.6892358180936746
    endloop
  endfacet
  facet normal 0.3681245526846782 -0.9297764858882513 0
    outer loop
      vertex 0.6038545691508126 -1.8584732663235117 -1.7907641819063258
      vertex 0.8320214594715809 -1.7681356037652418 -1.6752358180936735
      vertex 0.6038545691508126 -1.8584732663235117 -1.6892358180936746
    endloop
  endfacet
  facet normal 0.2307525025383804 -0.4490404785157445 -0.8632009796256177
    outer loop
      vertex 0.470380842850476 -1.4476833762435302 -2.040139113421385
      vertex 0.8320214594715809 -1.7681356037652418 -1.7767641819063265
      vertex 0.6038545691508126 -1.8584732663235117 -1.7907641819063258
    endloop
  endfacet
  facet normal 0.12392141590718403 -0.4851960530271043 0.8655797322063855
    outer loop
      vertex 0.6038545691508126 -1.8584732663235117 -1.6892358180936746
      vertex 0.6481145881305429 -1.3773136083786317 -1.425860886578615
      vertex 0.470380842850476 -1.4476833762435302 -1.4398608865786153
    endloop
  endfacet
  facet normal 0.1391780249633213 -0.4852973790787278 0.863200979625618
    outer loop
      vertex 0.6038545691508126 -1.8584732663235117 -1.6892358180936746
      vertex 0.8320214594715809 -1.7681356037652418 -1.6752358180936735
      vertex 0.6481145881305429 -1.3773136083786317 -1.425860886578615
    endloop
  endfacet
  facet normal 0.36812455268467814 -0.9297764858882512 0
    outer loop
      vertex 0.6038545691508126 -1.8584732663235117 -1.7907641819063258
      vertex 0.8320214594715809 -1.7681356037652418 -1.7767641819063265
      vertex 0.8320214594715809 -1.7681356037652418 -1.6752358180936735
    endloop
  endfacet
  facet normal 0.48175367410171505 -0.8763066800438637 0
    outer loop
      vertex 0.8320214594715809 -1.7681356037652418 -1.7767641819063265
      vertex 1.0470668743509541 -1.6499133865025821 -1.6612358180936742
      vertex 0.8320214594715809 -1.7681356037652418 -1.6752358180936735
    endloop
  endfacet
  facet normal 0.2852126453070762 -0.41657870292456484 -0.8632009796256183
    outer loop
      vertex 0.8320214594715809 -1.7681356037652418 -1.7767641819063265
      vertex 0.6481145881305429 -1.3773136083786317 -2.026139113421385
      vertex 1.0470668743509541 -1.6499133865025821 -1.7627641819063262
    endloop
  endfacet
  facet normal 0.481753674101715 -0.8763066800438637 0
    outer loop
      vertex 0.8320214594715809 -1.7681356037652418 -1.7767641819063265
      vertex 1.0470668743509541 -1.6499133865025821 -1.7627641819063262
      vertex 1.0470668743509541 -1.6499133865025821 -1.6612358180936742
    endloop
  endfacet
  facet normal 0.18375544876775013 -0.46583866546443203 0.8655797322063865
    outer loop
      vertex 0.8320214594715809 -1.7681356037652418 -1.6752358180936735
      vertex 0.8156271791909028 -1.2852227821423339 -1.4118608865786157
      vertex 0.6481145881305429 -1.3773136083786317 -1.425860886578615
    endloop
  endfacet
  facet normal 0.19890445442624846 -0.46402703238364146 0.8632009796256185
    outer loop
      vertex 0.8320214594715809 -1.7681356037652418 -1.6752358180936735
      vertex 1.0470668743509541 -1.6499133865025821 -1.6612358180936742
      vertex 0.8156271791909028 -1.2852227821423339 -1.4118608865786157
    endloop
  endfacet
  facet normal 0.3681245526846788 -0.9297764858882511 0
    outer loop
      vertex 0.470380842850476 -1.4476833762435302 -2.3537100048913517
      vertex 0.6481145881305429 -1.3773136083786317 -2.1915935781998472
      vertex 0.6481145881305429 -1.3773136083786317 -2.026139113421385
    endloop
  endfacet
  facet normal 0.36812455268467875 -0.9297764858882511 0
    outer loop
      vertex 0.470380842850476 -1.4476833762435302 -2.3537100048913517
      vertex 0.6481145881305429 -1.3773136083786317 -2.026139113421385
      vertex 0.470380842850476 -1.4476833762435302 -2.040139113421385
    endloop
  endfacet
  facet normal 0.4817536741017151 -0.8763066800438636 0
    outer loop
      vertex 0.6481145881305429 -1.3773136083786317 -2.1915935781998472
      vertex 0.8156271791909028 -1.2852227821423339 -2.0121391134213855
      vertex 0.6481145881305429 -1.3773136083786317 -2.026139113421385
    endloop
  endfacet
  facet normal -0.05978129736782383 -0.589016377905602 0.8059068823654411
    outer loop
      vertex 0.6481145881305429 -1.3773136083786317 -2.1915935781998472
      vertex 1.0470668743509541 -1.6499133865025821 -2.3612358180936743
      vertex 0.8156271791909028 -1.2852227821423339 -2.111860886578615
    endloop
  endfacet
  facet normal 0.4817536741017151 -0.8763066800438637 0
    outer loop
      vertex 0.6481145881305429 -1.3773136083786317 -2.1915935781998472
      vertex 0.8156271791909028 -1.2852227821423339 -2.111860886578615
      vertex 0.8156271791909028 -1.2852227821423339 -2.0121391134213855
    endloop
  endfacet
  facet normal 0.24069154843106313 -0.43913472386885877 0.8655797322063857
    outer loop
      vertex 0.8156271791909028 -1.2852227821423339 -2.111860886578615
      vertex 1.0470668743509541 -1.6499133865025821 -2.3612358180936743
      vertex 0.9702768424033635 -1.172863224876775 -2.0978608865786157
    endloop
  endfacet
  facet normal 0.2948595008570608 -0.4047586959508672 -0.8655797322063857
    outer loop
      vertex 0.6481145881305429 -1.3773136083786317 -2.026139113421385
      vertex 0.8156271791909028 -1.2852227821423339 -2.0121391134213855
      vertex 1.0470668743509541 -1.6499133865025821 -1.7627641819063262
    endloop
  endfacet
  facet normal 0.5877852522924731 -0.8090169943749475 0
    outer loop
      vertex 0.8156271791909028 -1.2852227821423339 -2.111860886578615
      vertex 0.9702768424033635 -1.172863224876775 -1.9981391134213844
      vertex 0.8156271791909028 -1.2852227821423339 -2.0121391134213855
    endloop
  endfacet
  facet normal 0.5877852522924731 -0.8090169943749475 0
    outer loop
      vertex 0.8156271791909028 -1.2852227821423339 -2.111860886578615
      vertex 0.9702768424033635 -1.172863224876775 -2.0978608865786157
      vertex 0.9702768424033635 -1.172863224876775 -1.9981391134213844
    endloop
  endfacet
  facet normal 0 0 -1
    outer loop
      vertex -0.07964895684502085 -1.2659839163402684 -3
      vertex 0 0 -3
      vertex 0.07964895684502085 -1.2659839163402684 -3
    endloop
  endfacet
  facet normal 0 0 -1
    outer loop
      vertex 0.07964895684502085 -1.2659839163402684 -3
      vertex 0 0 -3
      vertex 0.2376907589056348 -1.246018593717448 -3
    endloop
  endfacet
  facet normal 0 0 -1
    outer loop
      vertex 0.2376907589056348 -1.246018593717448 -3
      vertex 0 0 -3
      vertex 0.39198403570872997 -1.206402813536275 -3
    endloop
  endfacet
  facet normal 0 0 -1
    outer loop
      vertex 0.39198403570872997 -1.206402813536275 -3
      vertex 0 0 -3
      vertex 0.5400954901087858 -1.1477613403155265 -3
    endloop
  endfacet
  facet normal 0 0 -1
    outer loop
      vertex 0.5400954901087858 -1.1477613403155265 -3
      vertex 0 0 -3
      vertex 0.679689315992419 -1.0710189851186116 -3
    endloop
  endfacet
  facet normal 0 0 -1
    outer loop
      vertex 0.679689315992419 -1.0710189851186116 -3
      vertex 0 0 -3
      vertex 0.8085640353361363 -0.977386020730646 -3
    endloop
  endfacet
  facet normal 0 0 -1
    outer loop
      vertex 0.8085640353361363 -0.977386020730646 -3
      vertex 0 0 -3
      vertex 0.9246872168298597 -0.8683390949336506 -3
    endloop
  endfacet
  facet normal 0 0 -1
    outer loop
      vertex 0.9246872168298597 -0.8683390949336506 -3
      vertex 0 0 -3
      vertex 1.0262275285328077 -0.7455979428889197 -3
    endloop
  endfacet
  facet normal 0.4845257149897102 -0.5159674803200778 -0.7064080908128533
    outer loop
      vertex 0.8085640353361363 -0.977386020730646 -3
      vertex 0.9246872168298597 -0.8683390949336506 -3
      vertex 1.1096246601958315 -1.0420069139203807 -2.7463026028703688
    endloop
  endfacet
  facet normal 0 0 -1
    outer loop
      vertex 1.0262275285328077 -0.7455979428889197 -3
      vertex 0 0 -3
      vertex 1.1115836190721828 -0.6110982658862087 -3
    endloop
  endfacet
  facet normal 0 0 -1
    outer loop
      vertex 1.1115836190721828 -0.6110982658862087 -3
      vertex 0 0 -3
      vertex 1.1794093719109227 -0.46696120417806314 -3
    endloop
  endfacet
  facet normal 0 0 -1
    outer loop
      vertex 1.1794093719109227 -0.46696120417806314 -3
      vertex 0 0 -3
      vertex 1.2286351344096187 -0.31545988533092606 -3
    endloop
  endfacet
  facet normal 0 0 -1
    outer loop
      vertex 1.2286351344096187 -0.31545988533092606 -3
      vertex 0 0 -3
      vertex 1.2584845868876218 -0.15898357564552024 -3
    endloop
  endfacet
  facet normal 0 0 -1
    outer loop
      vertex 1.2584845868876218 -0.15898357564552024 -3
      vertex 0 0 -3
      vertex 1.2684869856481553 0 -3
    endloop
  endfacet
  facet normal 0.33517481428150114 -0.37754723233621273 -0.8632009796256183
    outer loop
      vertex 0.8156271791909028 -1.2852227821423339 -2.712139113421385
      vertex 1.2455994191343822 -1.5056710495242929 -2.448764181906326
      vertex 1.0470668743509541 -1.6499133865025821 -2.4627641819063264
    endloop
  endfacet
  facet normal 0.5877852522924728 -0.8090169943749477 0
    outer loop
      vertex 1.0470668743509541 -1.6499133865025821 -2.4627641819063264
      vertex 1.2455994191343822 -1.5056710495242929 -2.347235818093674
      vertex 1.0470668743509541 -1.6499133865025821 -2.3612358180936743
    endloop
  endfacet
  facet normal 0.5877852522924729 -0.8090169943749477 0
    outer loop
      vertex 1.0470668743509541 -1.6499133865025821 -2.4627641819063264
      vertex 1.2455994191343822 -1.5056710495242929 -2.448764181906326
      vertex 1.2455994191343822 -1.5056710495242929 -2.347235818093674
    endloop
  endfacet
  facet normal 0.6845471059286886 -0.7289686274214116 0
    outer loop
      vertex 0.9702768424033635 -1.172863224876775 -2.7463026028703688
      vertex 1.1096246601958315 -1.0420069139203807 -2.6841391134213843
      vertex 0.9702768424033635 -1.172863224876775 -2.6981391134213855
    endloop
  endfacet
  facet normal 0.6845471059286885 -0.7289686274214116 0
    outer loop
      vertex 0.9702768424033635 -1.172863224876775 -2.7463026028703688
      vertex 1.1096246601958315 -1.0420069139203807 -2.7463026028703688
      vertex 1.1096246601958315 -1.0420069139203807 -2.6841391134213843
    endloop
  endfacet
  facet normal 0.7705132427757895 -0.6374239897486895 0
    outer loop
      vertex 1.1096246601958315 -1.0420069139203807 -2.7463026028703688
      vertex 1.2314730342393692 -0.8947175314667035 -2.670139113421385
      vertex 1.1096246601958315 -1.0420069139203807 -2.6841391134213843
    endloop
  endfacet
  facet normal 0.3432641617993317 -0.3646113580481602 -0.8655797322063856
    outer loop
      vertex 0.8156271791909028 -1.2852227821423339 -2.712139113421385
      vertex 0.9702768424033635 -1.172863224876775 -2.6981391134213855
      vertex 1.2455994191343822 -1.5056710495242929 -2.448764181906326
    endloop
  endfacet
  facet normal 0.37985107621097947 -0.3325616163581342 -0.8632009796256175
    outer loop
      vertex 0.9702768424033635 -1.172863224876775 -2.6981391134213855
      vertex 1.424488116993034 -1.3376833806507191 -2.434764181906326
      vertex 1.2455994191343822 -1.5056710495242929 -2.448764181906326
    endloop
  endfacet
  facet normal 0.25549404182310426 -0.43543870219155606 0.8632009796256183
    outer loop
      vertex 0.9702768424033635 -1.172863224876775 -2.0978608865786157
      vertex 1.0470668743509541 -1.6499133865025821 -2.3612358180936743
      vertex 1.2455994191343822 -1.5056710495242929 -2.347235818093674
    endloop
  endfacet
  facet normal 0.38625534185396165 -0.3187138812207586 -0.8655797322063863
    outer loop
      vertex 0.9702768424033635 -1.172863224876775 -2.6981391134213855
      vertex 1.1096246601958315 -1.0420069139203807 -2.6841391134213843
      vertex 1.424488116993034 -1.3376833806507191 -2.434764181906326
    endloop
  endfacet
  facet normal 0.6845471059286887 -0.7289686274214116 0
    outer loop
      vertex 1.2455994191343822 -1.5056710495242929 -2.448764181906326
      vertex 1.424488116993034 -1.3376833806507191 -2.333235818093674
      vertex 1.2455994191343822 -1.5056710495242929 -2.347235818093674
    endloop
  endfacet
  facet normal 0.30805433555566963 -0.39998324354743636 0.8632009796256183
    outer loop
      vertex 1.2455994191343822 -1.5056710495242929 -2.347235818093674
      vertex 1.424488116993034 -1.3376833806507191 -2.333235818093674
      vertex 1.1096246601958315 -1.0420069139203807 -2.0838608865786155
    endloop
  endfacet
  facet normal 0.6845471059286887 -0.7289686274214114 0
    outer loop
      vertex 1.2455994191343822 -1.5056710495242929 -2.448764181906326
      vertex 1.424488116993034 -1.3376833806507191 -2.434764181906326
      vertex 1.424488116993034 -1.3376833806507191 -2.333235818093674
    endloop
  endfacet
  facet normal 0.42315504442978746 -0.26779009609607457 -0.8655797322063865
    outer loop
      vertex 1.1096246601958315 -1.0420069139203807 -2.6841391134213843
      vertex 1.2314730342393692 -0.8947175314667035 -2.670139113421385
      vertex 1.5809117862987512 -1.1485996457709655 -2.4207641819063266
    endloop
  endfacet
  facet normal 0.41853685975657245 -0.28233130502740866 -0.8632009796256185
    outer loop
      vertex 1.1096246601958315 -1.0420069139203807 -2.6841391134213843
      vertex 1.5809117862987512 -1.1485996457709655 -2.4207641819063266
      vertex 1.424488116993034 -1.3376833806507191 -2.434764181906326
    endloop
  endfacet
  facet normal 0.7705132427757895 -0.6374239897486893 0
    outer loop
      vertex 1.424488116993034 -1.3376833806507191 -2.434764181906326
      vertex 1.5809117862987512 -1.1485996457709655 -2.3192358180936736
      vertex 1.424488116993034 -1.3376833806507191 -2.333235818093674
    endloop
  endfacet
  facet normal 0.4506220670020082 -0.2276484603598508 -0.8632009796256183
    outer loop
      vertex 1.5809117862987512 -1.1485996457709655 -2.4207641819063266
      vertex 1.2314730342393692 -0.8947175314667035 -2.670139113421385
      vertex 1.7124035323436124 -0.941401808337234 -2.4067641819063263
    endloop
  endfacet
  facet normal 0.7705132427757896 -0.6374239897486893 0
    outer loop
      vertex 1.424488116993034 -1.3376833806507191 -2.434764181906326
      vertex 1.5809117862987512 -1.1485996457709655 -2.4207641819063266
      vertex 1.5809117862987512 -1.1485996457709655 -2.3192358180936736
    endloop
  endfacet
  facet normal 0.8443279255020153 -0.5358267949789964 0
    outer loop
      vertex 1.5809117862987512 -1.1485996457709655 -2.4207641819063266
      vertex 1.7124035323436124 -0.941401808337234 -2.3052358180936743
      vertex 1.5809117862987512 -1.1485996457709655 -2.3192358180936736
    endloop
  endfacet
  facet normal 0.8443279255020153 -0.5358267949789965 0
    outer loop
      vertex 1.5809117862987512 -1.1485996457709655 -2.4207641819063266
      vertex 1.7124035323436124 -0.941401808337234 -2.4067641819063263
      vertex 1.7124035323436124 -0.941401808337234 -2.3052358180936743
    endloop
  endfacet
  facet normal 0.33517481428150186 -0.37754723233621373 -0.8632009796256175
    outer loop
      vertex 0.8156271791909028 -1.2852227821423339 -2.0121391134213855
      vertex 1.2455994191343822 -1.5056710495242929 -1.748764181906326
      vertex 1.0470668743509541 -1.6499133865025821 -1.7627641819063262
    endloop
  endfacet
  facet normal 0.5877852522924728 -0.8090169943749477 0
    outer loop
      vertex 1.0470668743509541 -1.6499133865025821 -1.7627641819063262
      vertex 1.2455994191343822 -1.5056710495242929 -1.647235818093674
      vertex 1.0470668743509541 -1.6499133865025821 -1.6612358180936742
    endloop
  endfacet
  facet normal 0.5877852522924729 -0.8090169943749477 0
    outer loop
      vertex 1.0470668743509541 -1.6499133865025821 -1.7627641819063262
      vertex 1.2455994191343822 -1.5056710495242929 -1.748764181906326
      vertex 1.2455994191343822 -1.5056710495242929 -1.647235818093674
    endloop
  endfacet
  facet normal 0.2938317985934507 -0.40550536535150594 0.8655797322063863
    outer loop
      vertex 0.9702768424033635 -1.172863224876775 -2.0978608865786157
      vertex 1.2455994191343822 -1.5056710495242929 -2.347235818093674
      vertex 1.1096246601958315 -1.0420069139203807 -2.0838608865786155
    endloop
  endfacet
  facet normal 0.34326416179933716 -0.36461135804815387 -0.8655797322063863
    outer loop
      vertex 0.8156271791909028 -1.2852227821423339 -2.0121391134213855
      vertex 0.9702768424033635 -1.172863224876775 -1.9981391134213844
      vertex 1.2455994191343822 -1.5056710495242929 -1.748764181906326
    endloop
  endfacet
  facet normal 0.6845471059286886 -0.7289686274214117 0
    outer loop
      vertex 0.9702768424033635 -1.172863224876775 -2.0978608865786157
      vertex 1.1096246601958315 -1.0420069139203807 -1.984139113421385
      vertex 0.9702768424033635 -1.172863224876775 -1.9981391134213844
    endloop
  endfacet
  facet normal 0.6845471059286886 -0.7289686274214116 0
    outer loop
      vertex 0.9702768424033635 -1.172863224876775 -2.0978608865786157
      vertex 1.1096246601958315 -1.0420069139203807 -2.0838608865786155
      vertex 1.1096246601958315 -1.0420069139203807 -1.984139113421385
    endloop
  endfacet
  facet normal 0.3862553418539562 -0.31871388122076455 -0.8655797322063864
    outer loop
      vertex 0.9702768424033635 -1.172863224876775 -1.9981391134213844
      vertex 1.1096246601958315 -1.0420069139203807 -1.984139113421385
      vertex 1.424488116993034 -1.3376833806507191 -1.7347641819063266
    endloop
  endfacet
  facet normal 0.7705132427757895 -0.6374239897486896 0
    outer loop
      vertex 1.1096246601958315 -1.0420069139203807 -2.0838608865786155
      vertex 1.2314730342393692 -0.8947175314667035 -1.9701391134213848
      vertex 1.1096246601958315 -1.0420069139203807 -1.984139113421385
    endloop
  endfacet
  facet normal 0.34233814576541616 -0.36548094498539463 0.8655797322063864
    outer loop
      vertex 1.424488116993034 -1.3376833806507191 -2.333235818093674
      vertex 1.2314730342393692 -0.8947175314667035 -2.0698608865786152
      vertex 1.1096246601958315 -1.0420069139203807 -2.0838608865786155
    endloop
  endfacet
  facet normal 0.35575642839378196 -0.35821981021416544 0.8632009796256184
    outer loop
      vertex 1.424488116993034 -1.3376833806507191 -2.333235818093674
      vertex 1.5809117862987512 -1.1485996457709655 -2.3192358180936736
      vertex 1.2314730342393692 -0.8947175314667035 -2.0698608865786152
    endloop
  endfacet
  facet normal 0.4231550444297898 -0.26779009609607135 -0.8655797322063864
    outer loop
      vertex 1.1096246601958315 -1.0420069139203807 -1.984139113421385
      vertex 1.2314730342393692 -0.8947175314667035 -1.9701391134213848
      vertex 1.5809117862987512 -1.1485996457709655 -1.7207641819063264
    endloop
  endfacet
  facet normal 0.37985107621097625 -0.33256161635813536 -0.8632009796256186
    outer loop
      vertex 0.9702768424033635 -1.172863224876775 -1.9981391134213844
      vertex 1.424488116993034 -1.3376833806507191 -1.7347641819063266
      vertex 1.2455994191343822 -1.5056710495242929 -1.748764181906326
    endloop
  endfacet
  facet normal 0.25549404182310437 -0.4354387021915561 0.8632009796256183
    outer loop
      vertex 1.0470668743509541 -1.6499133865025821 -1.6612358180936742
      vertex 1.2455994191343822 -1.5056710495242929 -1.647235818093674
      vertex 0.9702768424033635 -1.172863224876775 -1.3978608865786155
    endloop
  endfacet
  facet normal 0.6845471059286887 -0.7289686274214114 0
    outer loop
      vertex 1.2455994191343822 -1.5056710495242929 -1.748764181906326
      vertex 1.424488116993034 -1.3376833806507191 -1.7347641819063266
      vertex 1.424488116993034 -1.3376833806507191 -1.6332358180936737
    endloop
  endfacet
  facet normal 0.6845471059286887 -0.7289686274214116 0
    outer loop
      vertex 1.2455994191343822 -1.5056710495242929 -1.748764181906326
      vertex 1.424488116993034 -1.3376833806507191 -1.6332358180936737
      vertex 1.2455994191343822 -1.5056710495242929 -1.647235818093674
    endloop
  endfacet
  facet normal 0.30805433555566963 -0.39998324354743636 0.8632009796256183
    outer loop
      vertex 1.2455994191343822 -1.5056710495242929 -1.647235818093674
      vertex 1.424488116993034 -1.3376833806507191 -1.6332358180936737
      vertex 1.1096246601958315 -1.0420069139203807 -1.3838608865786153
    endloop
  endfacet
  facet normal 0.4185368597565745 -0.28233130502740633 -0.8632009796256184
    outer loop
      vertex 1.1096246601958315 -1.0420069139203807 -1.984139113421385
      vertex 1.5809117862987512 -1.1485996457709655 -1.7207641819063264
      vertex 1.424488116993034 -1.3376833806507191 -1.7347641819063266
    endloop
  endfacet
  facet normal 0.35575642839378396 -0.358219810214163 0.8632009796256185
    outer loop
      vertex 1.424488116993034 -1.3376833806507191 -1.6332358180936737
      vertex 1.5809117862987512 -1.1485996457709655 -1.6192358180936743
      vertex 1.2314730342393692 -0.8947175314667035 -1.369860886578616
    endloop
  endfacet
  facet normal 0.7705132427757896 -0.6374239897486893 0
    outer loop
      vertex 1.424488116993034 -1.3376833806507191 -1.7347641819063266
      vertex 1.5809117862987512 -1.1485996457709655 -1.6192358180936743
      vertex 1.424488116993034 -1.3376833806507191 -1.6332358180936737
    endloop
  endfacet
  facet normal 0.7705132427757895 -0.6374239897486893 0
    outer loop
      vertex 1.424488116993034 -1.3376833806507191 -1.7347641819063266
      vertex 1.5809117862987512 -1.1485996457709655 -1.7207641819063264
      vertex 1.5809117862987512 -1.1485996457709655 -1.6192358180936743
    endloop
  endfacet
  facet normal 0.4506220670020082 -0.2276484603598508 -0.8632009796256183
    outer loop
      vertex 1.5809117862987512 -1.1485996457709655 -1.7207641819063264
      vertex 1.2314730342393692 -0.8947175314667035 -1.9701391134213848
      vertex 1.7124035323436124 -0.941401808337234 -1.7067641819063262
    endloop
  endfacet
  facet normal 0.8443279255020153 -0.5358267949789965 0
    outer loop
      vertex 1.5809117862987512 -1.1485996457709655 -1.7207641819063264
      vertex 1.7124035323436124 -0.941401808337234 -1.605235818093674
      vertex 1.5809117862987512 -1.1485996457709655 -1.6192358180936743
    endloop
  endfacet
  facet normal 0.8443279255020153 -0.5358267949789965 0
    outer loop
      vertex 1.5809117862987512 -1.1485996457709655 -1.7207641819063264
      vertex 1.7124035323436124 -0.941401808337234 -1.7067641819063262
      vertex 1.7124035323436124 -0.941401808337234 -1.605235818093674
    endloop
  endfacet
  facet normal 0.5453729577287421 -0.4511717480210209 -0.7064080908128533
    outer loop
      vertex 0.9246872168298597 -0.8683390949336506 -3
      vertex 1.2314730342393692 -0.8947175314667035 -2.7463026028703688
      vertex 1.1096246601958315 -1.0420069139203807 -2.7463026028703688
    endloop
  endfacet
  facet normal 0.5453729577287418 -0.4511717480210211 -0.706408090812853
    outer loop
      vertex 0.9246872168298597 -0.8683390949336506 -3
      vertex 1.0262275285328077 -0.7455979428889197 -3
      vertex 1.2314730342393692 -0.8947175314667035 -2.7463026028703688
    endloop
  endfacet
  facet normal 0.5976193431343781 -0.3792607677387344 -0.7064080908128532
    outer loop
      vertex 1.0262275285328077 -0.7455979428889197 -3
      vertex 1.3339003428866194 -0.7333179190634505 -2.7463026028703688
      vertex 1.2314730342393692 -0.8947175314667035 -2.7463026028703688
    endloop
  endfacet
  facet normal 0.7705132427757895 -0.6374239897486894 0
    outer loop
      vertex 1.1096246601958315 -1.0420069139203807 -2.7463026028703688
      vertex 1.2314730342393692 -0.8947175314667035 -2.7463026028703688
      vertex 1.2314730342393692 -0.8947175314667035 -2.670139113421385
    endloop
  endfacet
  facet normal 0.5976193431343783 -0.37926076773873385 -0.7064080908128534
    outer loop
      vertex 1.0262275285328077 -0.7455979428889197 -3
      vertex 1.1115836190721828 -0.6110982658862087 -3
      vertex 1.3339003428866194 -0.7333179190634505 -2.7463026028703688
    endloop
  endfacet
  facet normal 0.8443279255020151 -0.5358267949789967 0
    outer loop
      vertex 1.2314730342393692 -0.8947175314667035 -2.7463026028703688
      vertex 1.3339003428866194 -0.7333179190634505 -2.6561391134213848
      vertex 1.2314730342393692 -0.8947175314667035 -2.670139113421385
    endloop
  endfacet
  facet normal 0.844327925502015 -0.5358267949789967 0
    outer loop
      vertex 1.2314730342393692 -0.8947175314667035 -2.7463026028703688
      vertex 1.3339003428866194 -0.7333179190634505 -2.7463026028703688
      vertex 1.3339003428866194 -0.7333179190634505 -2.6561391134213848
    endloop
  endfacet
  facet normal 0.6404409144982938 -0.3013686185898072 -0.7064080908128533
    outer loop
      vertex 1.1115836190721828 -0.6110982658862087 -3
      vertex 1.4152912462931069 -0.5603534450136758 -2.7463026028703688
      vertex 1.3339003428866194 -0.7333179190634505 -2.7463026028703688
    endloop
  endfacet
  facet normal 0.6404409144982938 -0.3013686185898081 -0.7064080908128529
    outer loop
      vertex 1.1115836190721828 -0.6110982658862087 -3
      vertex 1.1794093719109227 -0.46696120417806314 -3
      vertex 1.4152912462931069 -0.5603534450136758 -2.7463026028703688
    endloop
  endfacet
  facet normal 0.9048270524660192 -0.42577929156507316 0
    outer loop
      vertex 1.3339003428866194 -0.7333179190634505 -2.7463026028703688
      vertex 1.4152912462931069 -0.5603534450136758 -2.6421391134213845
      vertex 1.3339003428866194 -0.7333179190634505 -2.6561391134213848
    endloop
  endfacet
  facet normal 0.9048270524660192 -0.42577929156507327 0
    outer loop
      vertex 1.3339003428866194 -0.7333179190634505 -2.7463026028703688
      vertex 1.4152912462931069 -0.5603534450136758 -2.7463026028703688
      vertex 1.4152912462931069 -0.5603534450136758 -2.6421391134213845
    endloop
  endfacet
  facet normal 0.9510565162951539 -0.3090169943749469 0
    outer loop
      vertex 1.4152912462931069 -0.5603534450136758 -2.7463026028703688
      vertex 1.4743621612915425 -0.3785518623971113 -2.628139113421385
      vertex 1.4152912462931069 -0.5603534450136758 -2.6421391134213845
    endloop
  endfacet
  facet normal 0.4533813391743919 -0.21264310118589688 -0.8655797322063863
    outer loop
      vertex 1.2314730342393692 -0.8947175314667035 -2.670139113421385
      vertex 1.3339003428866194 -0.7333179190634505 -2.6561391134213848
      vertex 1.7124035323436124 -0.941401808337234 -2.4067641819063263
    endloop
  endfacet
  facet normal 0.6731623500597145 -0.21872370629682988 -0.7064080908128535
    outer loop
      vertex 1.1794093719109227 -0.46696120417806314 -3
      vertex 1.2286351344096187 -0.31545988533092606 -3
      vertex 1.4743621612915425 -0.3785518623971113 -2.7463026028703688
    endloop
  endfacet
  facet normal 0.6731623500597145 -0.21872370629683136 -0.7064080908128529
    outer loop
      vertex 1.4152912462931069 -0.5603534450136758 -2.7463026028703688
      vertex 1.1794093719109227 -0.46696120417806314 -3
      vertex 1.4743621612915425 -0.3785518623971113 -2.7463026028703688
    endloop
  endfacet
  facet normal 0.695267613232996 -0.13262939049634684 -0.7064080908128534
    outer loop
      vertex 1.2286351344096187 -0.31545988533092606 -3
      vertex 1.5101815042651463 -0.1907802907746243 -2.7463026028703688
      vertex 1.4743621612915425 -0.3785518623971113 -2.7463026028703688
    endloop
  endfacet
  facet normal 0.9510565162951538 -0.3090169943749469 0
    outer loop
      vertex 1.4152912462931069 -0.5603534450136758 -2.7463026028703688
      vertex 1.4743621612915425 -0.3785518623971113 -2.7463026028703688
      vertex 1.4743621612915425 -0.3785518623971113 -2.628139113421385
    endloop
  endfacet
  facet normal 0.6952676132329959 -0.1326293904963465 -0.7064080908128535
    outer loop
      vertex 1.2286351344096187 -0.31545988533092606 -3
      vertex 1.2584845868876218 -0.15898357564552024 -3
      vertex 1.5101815042651463 -0.1907802907746243 -2.7463026028703688
    endloop
  endfacet
  facet normal 0.7064080908128536 -0.04444342997877752 -0.7064080908128536
    outer loop
      vertex 1.2584845868876218 -0.15898357564552024 -3
      vertex 1.2684869856481553 0 -3
      vertex 1.5101815042651463 -0.1907802907746243 -2.7463026028703688
    endloop
  endfacet
  facet normal 0.7064080908128538 -0.044443429978776705 -0.7064080908128533
    outer loop
      vertex 1.5101815042651463 -0.1907802907746243 -2.7463026028703688
      vertex 1.2684869856481553 0 -3
      vertex 1.5221843827777863 0 -2.7463026028703688
    endloop
  endfacet
  facet normal 0.4756006950622452 -0.16937546348182259 -0.8632009796256183
    outer loop
      vertex 1.3339003428866194 -0.7333179190634505 -2.6561391134213848
      vertex 1.8168896517431288 -0.719357502019843 -2.392764181906326
      vertex 1.7124035323436124 -0.941401808337234 -2.4067641819063263
    endloop
  endfacet
  facet normal 0.4764575393633296 -0.15414259754318943 -0.8655797322063863
    outer loop
      vertex 1.3339003428866194 -0.7333179190634505 -2.6561391134213848
      vertex 1.4152912462931069 -0.5603534450136758 -2.6421391134213845
      vertex 1.8168896517431288 -0.719357502019843 -2.392764181906326
    endloop
  endfacet
  facet normal 0.493078816051267 -0.10843131436468724 -0.8632009796256183
    outer loop
      vertex 1.4152912462931069 -0.5603534450136758 -2.6421391134213845
      vertex 1.8927223359773875 -0.48596849817225507 -2.378764181906326
      vertex 1.8168896517431288 -0.719357502019843 -2.392764181906326
    endloop
  endfacet
  facet normal 0.9048270524660191 -0.42577929156507366 0
    outer loop
      vertex 1.7124035323436124 -0.941401808337234 -2.4067641819063263
      vertex 1.8168896517431288 -0.719357502019843 -2.291235818093674
      vertex 1.7124035323436124 -0.941401808337234 -2.3052358180936743
    endloop
  endfacet
  facet normal 0.9048270524660191 -0.42577929156507366 0
    outer loop
      vertex 1.7124035323436124 -0.941401808337234 -2.4067641819063263
      vertex 1.8168896517431288 -0.719357502019843 -2.392764181906326
      vertex 1.8168896517431288 -0.719357502019843 -2.291235818093674
    endloop
  endfacet
  facet normal 0.9510565162951538 -0.30901699437494673 0
    outer loop
      vertex 1.8168896517431288 -0.719357502019843 -2.392764181906326
      vertex 1.8927223359773875 -0.48596849817225507 -2.277235818093674
      vertex 1.8168896517431288 -0.719357502019843 -2.291235818093674
    endloop
  endfacet
  facet normal 0.9510565162951538 -0.3090169943749468 0
    outer loop
      vertex 1.8168896517431288 -0.719357502019843 -2.392764181906326
      vertex 1.8927223359773875 -0.48596849817225507 -2.378764181906326
      vertex 1.8927223359773875 -0.48596849817225507 -2.277235818093674
    endloop
  endfacet
  facet normal 0.9822872507286886 -0.187381314585725 0
    outer loop
      vertex 1.4743621612915425 -0.3785518623971113 -2.7463026028703688
      vertex 1.5101815042651463 -0.1907802907746243 -2.614139113421385
      vertex 1.4743621612915425 -0.3785518623971113 -2.628139113421385
    endloop
  endfacet
  facet normal 0.9822872507286887 -0.18738131458572502 0
    outer loop
      vertex 1.4743621612915425 -0.3785518623971113 -2.7463026028703688
      vertex 1.5101815042651463 -0.1907802907746243 -2.7463026028703688
      vertex 1.5101815042651463 -0.1907802907746243 -2.614139113421385
    endloop
  endfacet
  facet normal 0.9980267284282716 -0.06279051952931339 0
    outer loop
      vertex 1.5101815042651463 -0.1907802907746243 -2.7463026028703688
      vertex 1.5221843827777863 0 -2.6001391134213847
      vertex 1.5101815042651463 -0.1907802907746243 -2.614139113421385
    endloop
  endfacet
  facet normal 0.9980267284282716 -0.06279051952931339 0
    outer loop
      vertex 1.5101815042651463 -0.1907802907746243 -2.7463026028703688
      vertex 1.5221843827777863 0 -2.7463026028703688
      vertex 1.5221843827777863 0 -2.6001391134213847
    endloop
  endfacet
  facet normal 0.4920197195345704 -0.09321117305690561 -0.8655797322063857
    outer loop
      vertex 1.4152912462931069 -0.5603534450136758 -2.6421391134213845
      vertex 1.4743621612915425 -0.3785518623971113 -2.628139113421385
      vertex 1.8927223359773875 -0.48596849817225507 -2.378764181906326
    endloop
  endfacet
  facet normal 0.4998224548104177 -0.030809752689850266 -0.8655797322063855
    outer loop
      vertex 1.4743621612915425 -0.3785518623971113 -2.628139113421385
      vertex 1.5101815042651463 -0.1907802907746243 -2.614139113421385
      vertex 1.938705658315764 -0.24491548080498307 -2.3647641819063256
    endloop
  endfacet
  facet normal 0.4997426913944408 0.03207755588197462 -0.8655797322063864
    outer loop
      vertex 1.5101815042651463 -0.1907802907746243 -2.614139113421385
      vertex 1.5221843827777863 0 -2.6001391134213847
      vertex 1.9541144342958772 0 -2.3507641819063263
    endloop
  endfacet
  facet normal 0.5027807895601544 -0.045777138646294346 -0.8632009796256176
    outer loop
      vertex 1.4743621612915425 -0.3785518623971113 -2.628139113421385
      vertex 1.938705658315764 -0.24491548080498307 -2.3647641819063256
      vertex 1.8927223359773875 -0.48596849817225507 -2.378764181906326
    endloop
  endfacet
  facet normal 0.9822872507286887 -0.18738131458572485 0
    outer loop
      vertex 1.8927223359773875 -0.48596849817225507 -2.378764181906326
      vertex 1.938705658315764 -0.24491548080498307 -2.2632358180936745
      vertex 1.8927223359773875 -0.48596849817225507 -2.277235818093674
    endloop
  endfacet
  facet normal 0.9822872507286887 -0.18738131458572488 0
    outer loop
      vertex 1.8927223359773875 -0.48596849817225507 -2.378764181906326
      vertex 1.938705658315764 -0.24491548080498307 -2.3647641819063256
      vertex 1.938705658315764 -0.24491548080498307 -2.2632358180936745
    endloop
  endfacet
  facet normal 0.5045536096709912 0.017598969894485447 -0.8632009796256177
    outer loop
      vertex 1.5101815042651463 -0.1907802907746243 -2.614139113421385
      vertex 1.9541144342958772 0 -2.3507641819063263
      vertex 1.938705658315764 -0.24491548080498307 -2.3647641819063256
    endloop
  endfacet
  facet normal 0.9980267284282716 -0.06279051952931333 0
    outer loop
      vertex 1.938705658315764 -0.24491548080498307 -2.3647641819063256
      vertex 1.9541144342958772 0 -2.2492358180936742
      vertex 1.938705658315764 -0.24491548080498307 -2.2632358180936745
    endloop
  endfacet
  facet normal 0.9980267284282716 -0.06279051952931333 0
    outer loop
      vertex 1.938705658315764 -0.24491548080498307 -2.3647641819063256
      vertex 1.9541144342958772 0 -2.3507641819063263
      vertex 1.9541144342958772 0 -2.2492358180936742
    endloop
  endfacet
  facet normal 0.7705132427757894 -0.6374239897486895 0
    outer loop
      vertex 1.1096246601958315 -1.0420069139203807 -2.0838608865786155
      vertex 1.2314730342393692 -0.8947175314667035 -2.0698608865786152
      vertex 1.2314730342393692 -0.8947175314667035 -1.9701391134213848
    endloop
  endfacet
  facet normal 0.3854456158757674 -0.31969267178912736 0.8655797322063865
    outer loop
      vertex 1.5809117862987512 -1.1485996457709655 -2.3192358180936736
      vertex 1.3339003428866194 -0.7333179190634505 -2.055860886578616
      vertex 1.2314730342393692 -0.8947175314667035 -2.0698608865786152
    endloop
  endfacet
  facet normal 0.8443279255020151 -0.5358267949789967 0
    outer loop
      vertex 1.2314730342393692 -0.8947175314667035 -2.0698608865786152
      vertex 1.3339003428866194 -0.7333179190634505 -1.9561391134213846
      vertex 1.2314730342393692 -0.8947175314667035 -1.9701391134213848
    endloop
  endfacet
  facet normal 0.844327925502015 -0.5358267949789967 0
    outer loop
      vertex 1.2314730342393692 -0.8947175314667035 -2.0698608865786152
      vertex 1.3339003428866194 -0.7333179190634505 -2.055860886578616
      vertex 1.3339003428866194 -0.7333179190634505 -1.9561391134213846
    endloop
  endfacet
  facet normal 0.4533813391743919 -0.21264310118589688 -0.8655797322063863
    outer loop
      vertex 1.2314730342393692 -0.8947175314667035 -1.9701391134213848
      vertex 1.3339003428866194 -0.7333179190634505 -1.9561391134213846
      vertex 1.7124035323436124 -0.941401808337234 -1.7067641819063262
    endloop
  endfacet
  facet normal 0.9048270524660194 -0.4257792915650732 0
    outer loop
      vertex 1.3339003428866194 -0.7333179190634505 -2.055860886578616
      vertex 1.4152912462931069 -0.5603534450136758 -1.9421391134213852
      vertex 1.3339003428866194 -0.7333179190634505 -1.9561391134213846
    endloop
  endfacet
  facet normal 0.9048270524660192 -0.4257792915650731 0
    outer loop
      vertex 1.3339003428866194 -0.7333179190634505 -2.055860886578616
      vertex 1.4152912462931069 -0.5603534450136758 -2.0418608865786156
      vertex 1.4152912462931069 -0.5603534450136758 -1.9421391134213852
    endloop
  endfacet
  facet normal 0.9510565162951538 -0.30901699437494684 0
    outer loop
      vertex 1.4152912462931069 -0.5603534450136758 -2.0418608865786156
      vertex 1.4743621612915425 -0.3785518623971113 -1.928139113421385
      vertex 1.4152912462931069 -0.5603534450136758 -1.9421391134213852
    endloop
  endfacet
  facet normal 0.9510565162951538 -0.30901699437494695 0
    outer loop
      vertex 1.4152912462931069 -0.5603534450136758 -2.0418608865786156
      vertex 1.4743621612915425 -0.3785518623971113 -2.0278608865786154
      vertex 1.4743621612915425 -0.3785518623971113 -1.928139113421385
    endloop
  endfacet
  facet normal 0.3978480298375368 -0.31080703648367264 0.8632009796256185
    outer loop
      vertex 1.5809117862987512 -1.1485996457709655 -2.3192358180936736
      vertex 1.7124035323436124 -0.941401808337234 -2.3052358180936743
      vertex 1.3339003428866194 -0.7333179190634505 -2.055860886578616
    endloop
  endfacet
  facet normal 0.42247437836970303 -0.26886265418360655 0.8655797322063863
    outer loop
      vertex 1.7124035323436124 -0.941401808337234 -2.3052358180936743
      vertex 1.4152912462931069 -0.5603534450136758 -2.0418608865786156
      vertex 1.3339003428866194 -0.7333179190634505 -2.055860886578616
    endloop
  endfacet
  facet normal 0.433665330187857 -0.25849265012071393 0.8632009796256183
    outer loop
      vertex 1.7124035323436124 -0.941401808337234 -2.3052358180936743
      vertex 1.8168896517431288 -0.719357502019843 -2.291235818093674
      vertex 1.4152912462931069 -0.5603534450136758 -2.0418608865786156
    endloop
  endfacet
  facet normal 0.4528404675427907 -0.2137925119108412 0.8655797322063864
    outer loop
      vertex 1.8168896517431288 -0.719357502019843 -2.291235818093674
      vertex 1.4743621612915425 -0.3785518623971113 -2.0278608865786154
      vertex 1.4152912462931069 -0.5603534450136758 -2.0418608865786156
    endloop
  endfacet
  facet normal 0.4626434692220061 -0.20210168024932296 0.8632009796256183
    outer loop
      vertex 1.8168896517431288 -0.719357502019843 -2.291235818093674
      vertex 1.8927223359773875 -0.48596849817225507 -2.277235818093674
      vertex 1.4743621612915425 -0.3785518623971113 -2.0278608865786154
    endloop
  endfacet
  facet normal 0.4756006950622438 -0.16937546348182533 -0.8632009796256185
    outer loop
      vertex 1.3339003428866194 -0.7333179190634505 -1.9561391134213846
      vertex 1.8168896517431288 -0.719357502019843 -1.6927641819063268
      vertex 1.7124035323436124 -0.941401808337234 -1.7067641819063262
    endloop
  endfacet
  facet normal 0.3978480298375363 -0.31080703648367597 0.8632009796256175
    outer loop
      vertex 1.5809117862987512 -1.1485996457709655 -1.6192358180936743
      vertex 1.7124035323436124 -0.941401808337234 -1.605235818093674
      vertex 1.3339003428866194 -0.7333179190634505 -1.3558608865786148
    endloop
  endfacet
  facet normal 0.433665330187857 -0.25849265012071393 0.8632009796256183
    outer loop
      vertex 1.7124035323436124 -0.941401808337234 -1.605235818093674
      vertex 1.8168896517431288 -0.719357502019843 -1.5912358180936739
      vertex 1.4152912462931069 -0.5603534450136758 -1.3418608865786155
    endloop
  endfacet
  facet normal 0.4764575393633282 -0.15414259754319323 -0.8655797322063866
    outer loop
      vertex 1.3339003428866194 -0.7333179190634505 -1.9561391134213846
      vertex 1.4152912462931069 -0.5603534450136758 -1.9421391134213852
      vertex 1.8168896517431288 -0.719357502019843 -1.6927641819063268
    endloop
  endfacet
  facet normal 0.49307881605126813 -0.10843131436468427 -0.8632009796256181
    outer loop
      vertex 1.4152912462931069 -0.5603534450136758 -1.9421391134213852
      vertex 1.8927223359773875 -0.48596849817225507 -1.6787641819063257
      vertex 1.8168896517431288 -0.719357502019843 -1.6927641819063268
    endloop
  endfacet
  facet normal 0.9048270524660191 -0.42577929156507366 0
    outer loop
      vertex 1.7124035323436124 -0.941401808337234 -1.7067641819063262
      vertex 1.8168896517431288 -0.719357502019843 -1.5912358180936739
      vertex 1.7124035323436124 -0.941401808337234 -1.605235818093674
    endloop
  endfacet
  facet normal 0.9048270524660191 -0.42577929156507366 0
    outer loop
      vertex 1.7124035323436124 -0.941401808337234 -1.7067641819063262
      vertex 1.8168896517431288 -0.719357502019843 -1.6927641819063268
      vertex 1.8168896517431288 -0.719357502019843 -1.5912358180936739
    endloop
  endfacet
  facet normal 0.4626434692220083 -0.20210168024932035 0.8632009796256177
    outer loop
      vertex 1.8168896517431288 -0.719357502019843 -1.5912358180936739
      vertex 1.8927223359773875 -0.48596849817225507 -1.5772358180936745
      vertex 1.4743621612915425 -0.3785518623971113 -1.3278608865786152
    endloop
  endfacet
  facet normal 0.9510565162951538 -0.30901699437494673 0
    outer loop
      vertex 1.8168896517431288 -0.719357502019843 -1.6927641819063268
      vertex 1.8927223359773875 -0.48596849817225507 -1.5772358180936745
      vertex 1.8168896517431288 -0.719357502019843 -1.5912358180936739
    endloop
  endfacet
  facet normal 0.9510565162951538 -0.3090169943749468 0
    outer loop
      vertex 1.8168896517431288 -0.719357502019843 -1.6927641819063268
      vertex 1.8927223359773875 -0.48596849817225507 -1.6787641819063257
      vertex 1.8927223359773875 -0.48596849817225507 -1.5772358180936745
    endloop
  endfacet
  facet normal 0.4760649920289448 -0.1553507340117879 0.8655797322063863
    outer loop
      vertex 1.8927223359773875 -0.48596849817225507 -2.277235818093674
      vertex 1.5101815042651463 -0.1907802907746243 -2.013860886578615
      vertex 1.4743621612915425 -0.3785518623971113 -2.0278608865786154
    endloop
  endfacet
  facet normal 0.9822872507286885 -0.187381314585725 0
    outer loop
      vertex 1.4743621612915425 -0.3785518623971113 -2.0278608865786154
      vertex 1.5101815042651463 -0.1907802907746243 -2.013860886578615
      vertex 1.5101815042651463 -0.1907802907746243 -1.9141391134213848
    endloop
  endfacet
  facet normal 0.9822872507286885 -0.187381314585725 0
    outer loop
      vertex 1.4743621612915425 -0.3785518623971113 -2.0278608865786154
      vertex 1.5101815042651463 -0.1907802907746243 -1.9141391134213848
      vertex 1.4743621612915425 -0.3785518623971113 -1.928139113421385
    endloop
  endfacet
  facet normal 0.4917816872033627 -0.09445898223533719 0.8655797322063856
    outer loop
      vertex 1.938705658315764 -0.24491548080498307 -2.2632358180936745
      vertex 1.5221843827777863 0 -1.999860886578615
      vertex 1.5101815042651463 -0.1907802907746243 -2.013860886578615
    endloop
  endfacet
  facet normal 0.9980267284282716 -0.0627905195293134 0
    outer loop
      vertex 1.5101815042651463 -0.1907802907746243 -2.013860886578615
      vertex 1.5221843827777863 0 -1.9001391134213854
      vertex 1.5101815042651463 -0.1907802907746243 -1.9141391134213848
    endloop
  endfacet
  facet normal 0.9980267284282716 -0.06279051952931339 0
    outer loop
      vertex 1.5101815042651463 -0.1907802907746243 -2.013860886578615
      vertex 1.5221843827777863 0 -1.999860886578615
      vertex 1.5221843827777863 0 -1.9001391134213854
    endloop
  endfacet
  facet normal 0.48432544437671277 -0.1425234461507074 0.8632009796256177
    outer loop
      vertex 1.8927223359773875 -0.48596849817225507 -2.277235818093674
      vertex 1.938705658315764 -0.24491548080498307 -2.2632358180936745
      vertex 1.5101815042651463 -0.1907802907746243 -2.013860886578615
    endloop
  endfacet
  facet normal 0.4983693179516002 -0.08069753216692016 0.8632009796256176
    outer loop
      vertex 1.938705658315764 -0.24491548080498307 -2.2632358180936745
      vertex 1.9541144342958772 0 -2.2492358180936742
      vertex 1.5221843827777863 0 -1.999860886578615
    endloop
  endfacet
  facet normal 0.49201971953457124 -0.0932111730569017 -0.8655797322063856
    outer loop
      vertex 1.4152912462931069 -0.5603534450136758 -1.9421391134213852
      vertex 1.4743621612915425 -0.3785518623971113 -1.928139113421385
      vertex 1.8927223359773875 -0.48596849817225507 -1.6787641819063257
    endloop
  endfacet
  facet normal 0.4998224548104164 -0.030809752689849947 -0.8655797322063863
    outer loop
      vertex 1.4743621612915425 -0.3785518623971113 -1.928139113421385
      vertex 1.5101815042651463 -0.1907802907746243 -1.9141391134213848
      vertex 1.938705658315764 -0.24491548080498307 -1.6647641819063264
    endloop
  endfacet
  facet normal 0.4997426913944422 0.03207755588197045 -0.8655797322063857
    outer loop
      vertex 1.5101815042651463 -0.1907802907746243 -1.9141391134213848
      vertex 1.5221843827777863 0 -1.9001391134213854
      vertex 1.9541144342958772 0 -1.6507641819063261
    endloop
  endfacet
  facet normal 0.5027807895601537 -0.045777138646297295 -0.8632009796256177
    outer loop
      vertex 1.4743621612915425 -0.3785518623971113 -1.928139113421385
      vertex 1.938705658315764 -0.24491548080498307 -1.6647641819063264
      vertex 1.8927223359773875 -0.48596849817225507 -1.6787641819063257
    endloop
  endfacet
  facet normal 0.9822872507286887 -0.18738131458572488 0
    outer loop
      vertex 1.8927223359773875 -0.48596849817225507 -1.6787641819063257
      vertex 1.938705658315764 -0.24491548080498307 -1.5632358180936743
      vertex 1.8927223359773875 -0.48596849817225507 -1.5772358180936745
    endloop
  endfacet
  facet normal 0.9822872507286887 -0.18738131458572485 0
    outer loop
      vertex 1.8927223359773875 -0.48596849817225507 -1.6787641819063257
      vertex 1.938705658315764 -0.24491548080498307 -1.6647641819063264
      vertex 1.938705658315764 -0.24491548080498307 -1.5632358180936743
    endloop
  endfacet
  facet normal 0.50455360967099 0.017598969894488743 -0.8632009796256183
    outer loop
      vertex 1.5101815042651463 -0.1907802907746243 -1.9141391134213848
      vertex 1.9541144342958772 0 -1.6507641819063261
      vertex 1.938705658315764 -0.24491548080498307 -1.6647641819063264
    endloop
  endfacet
  facet normal 0.9980267284282716 -0.06279051952931333 0
    outer loop
      vertex 1.938705658315764 -0.24491548080498307 -1.6647641819063264
      vertex 1.9541144342958772 0 -1.549235818093674
      vertex 1.938705658315764 -0.24491548080498307 -1.5632358180936743
    endloop
  endfacet
  facet normal 0.9980267284282716 -0.06279051952931333 0
    outer loop
      vertex 1.938705658315764 -0.24491548080498307 -1.6647641819063264
      vertex 1.9541144342958772 0 -1.6507641819063261
      vertex 1.9541144342958772 0 -1.549235818093674
    endloop
  endfacet
  facet normal 0.11183116241243757 -0.49231885997477004 -0.8632009796256175
    outer loop
      vertex 0.12269986054916919 -1.950258435834777 -1.118764181906326
      vertex 0.09557874821402501 -1.519180699608322 -1.3681391134213854
      vertex 0.36616453154930145 -1.9195016952737438 -1.1047641819063259
    endloop
  endfacet
  facet normal 0 -1 0
    outer loop
      vertex -0.09557874821402501 -1.519180699608322 -1.4818608865786151
      vertex 0.09557874821402501 -1.519180699608322 -1.467860886578615
      vertex 0.09557874821402501 -1.519180699608322 -1.3681391134213854
    endloop
  endfacet
  facet normal 0.1253332335643044 -0.9921147013144779 0
    outer loop
      vertex 0.09557874821402501 -1.519180699608322 -1.467860886578615
      vertex 0.28522891068676176 -1.4952223124609376 -1.4538608865786156
      vertex 0.28522891068676176 -1.4952223124609376 -1.3541391134213852
    endloop
  endfacet
  facet normal 0.1253332335643044 -0.9921147013144779 0
    outer loop
      vertex 0.09557874821402501 -1.519180699608322 -1.467860886578615
      vertex 0.28522891068676176 -1.4952223124609376 -1.3541391134213852
      vertex 0.09557874821402501 -1.519180699608322 -1.3681391134213854
    endloop
  endfacet
  facet normal 0.06339336137649189 -0.4967423969492749 -0.8655797322063856
    outer loop
      vertex -0.09557874821402501 -1.519180699608322 -1.3821391134213847
      vertex 0.09557874821402501 -1.519180699608322 -1.3681391134213854
      vertex 0.12269986054916919 -1.950258435834777 -1.118764181906326
    endloop
  endfacet
  facet normal 0.17265325495979275 -0.4744206175169486 -0.8632009796256176
    outer loop
      vertex 0.28522891068676176 -1.4952223124609376 -1.3541391134213852
      vertex 0.6038545691508126 -1.8584732663235117 -1.0907641819063265
      vertex 0.36616453154930145 -1.9195016952737438 -1.1047641819063259
    endloop
  endfacet
  facet normal 0.24868988716485452 -0.9685831611286313 0
    outer loop
      vertex 0.28522891068676176 -1.4952223124609376 -1.4538608865786156
      vertex 0.470380842850476 -1.4476833762435302 -1.340139113421385
      vertex 0.28522891068676176 -1.4952223124609376 -1.3541391134213852
    endloop
  endfacet
  facet normal 0.24868988716485452 -0.9685831611286313 0
    outer loop
      vertex 0.28522891068676176 -1.4952223124609376 -1.4538608865786156
      vertex 0.470380842850476 -1.4476833762435302 -1.4398608865786153
      vertex 0.470380842850476 -1.4476833762435302 -1.340139113421385
    endloop
  endfacet
  facet normal 0.12515181664549932 -0.48488013981174066 -0.8655797322063855
    outer loop
      vertex 0.09557874821402501 -1.519180699608322 -1.3681391134213854
      vertex 0.28522891068676176 -1.4952223124609376 -1.3541391134213852
      vertex 0.36616453154930145 -1.9195016952737438 -1.1047641819063259
    endloop
  endfacet
  facet normal 0.18493655300393083 -0.46537103321601886 -0.8655797322063863
    outer loop
      vertex 0.28522891068676176 -1.4952223124609376 -1.3541391134213852
      vertex 0.470380842850476 -1.4476833762435302 -1.340139113421385
      vertex 0.6038545691508126 -1.8584732663235117 -1.0907641819063265
    endloop
  endfacet
  facet normal -0.049245425629135677 -0.5024529399137576 0.8632009796256184
    outer loop
      vertex -0.12269986054916919 -1.950258435834777 -1.0312358180936743
      vertex 0.12269986054916919 -1.950258435834777 -1.017235818093674
      vertex 0.09557874821402501 -1.519180699608322 -0.7678608865786156
    endloop
  endfacet
  facet normal 0.12533323356430523 -0.9921147013144778 0
    outer loop
      vertex 0.12269986054916919 -1.950258435834777 -1.118764181906326
      vertex 0.36616453154930145 -1.9195016952737438 -1.0032358180936747
      vertex 0.12269986054916919 -1.950258435834777 -1.017235818093674
    endloop
  endfacet
  facet normal -0.0006351549292277875 -0.5007707297473928 0.8655797322063863
    outer loop
      vertex 0.12269986054916919 -1.950258435834777 -1.017235818093674
      vertex 0.28522891068676176 -1.4952223124609376 -0.7538608865786154
      vertex 0.09557874821402501 -1.519180699608322 -0.7678608865786156
    endloop
  endfacet
  facet normal 0.12533323356430523 -0.9921147013144777 0
    outer loop
      vertex 0.12269986054916919 -1.950258435834777 -1.118764181906326
      vertex 0.36616453154930145 -1.9195016952737438 -1.1047641819063259
      vertex 0.36616453154930145 -1.9195016952737438 -1.0032358180936747
    endloop
  endfacet
  facet normal 0.24868988716485466 -0.9685831611286313 0
    outer loop
      vertex 0.36616453154930145 -1.9195016952737438 -1.1047641819063259
      vertex 0.6038545691508126 -1.8584732663235117 -0.989235818093674
      vertex 0.36616453154930145 -1.9195016952737438 -1.0032358180936747
    endloop
  endfacet
  facet normal 0.014116940934131475 -0.5046630368394699 0.8632009796256177
    outer loop
      vertex 0.12269986054916919 -1.950258435834777 -1.017235818093674
      vertex 0.36616453154930145 -1.9195016952737438 -1.0032358180936747
      vertex 0.28522891068676176 -1.4952223124609376 -0.7538608865786154
    endloop
  endfacet
  facet normal 0.07725667490580708 -0.4989142962031379 0.8632009796256177
    outer loop
      vertex 0.36616453154930145 -1.9195016952737438 -1.0032358180936747
      vertex 0.6038545691508126 -1.8584732663235117 -0.989235818093674
      vertex 0.470380842850476 -1.4476833762435302 -0.7398608865786152
    endloop
  endfacet
  facet normal 0.06213306829069794 -0.49690160899146363 0.8655797322063856
    outer loop
      vertex 0.36616453154930145 -1.9195016952737438 -1.0032358180936747
      vertex 0.470380842850476 -1.4476833762435302 -0.7398608865786152
      vertex 0.28522891068676176 -1.4952223124609376 -0.7538608865786154
    endloop
  endfacet
  facet normal 0.2307525025383829 -0.44904047851574214 -0.8632009796256181
    outer loop
      vertex 0.470380842850476 -1.4476833762435302 -1.340139113421385
      vertex 0.8320214594715809 -1.7681356037652418 -1.0767641819063263
      vertex 0.6038545691508126 -1.8584732663235117 -1.0907641819063265
    endloop
  endfacet
  facet normal 0.24180472944574605 -0.4385227474273041 -0.8655797322063856
    outer loop
      vertex 0.470380842850476 -1.4476833762435302 -1.340139113421385
      vertex 0.6481145881305429 -1.3773136083786317 -1.3261391134213856
      vertex 0.8320214594715809 -1.7681356037652418 -1.0767641819063263
    endloop
  endfacet
  facet normal 0.28521264530707685 -0.41657870292456606 -0.8632009796256176
    outer loop
      vertex 0.8320214594715809 -1.7681356037652418 -1.0767641819063263
      vertex 0.6481145881305429 -1.3773136083786317 -1.3261391134213856
      vertex 1.0470668743509541 -1.6499133865025821 -1.062764181906326
    endloop
  endfacet
  facet normal 0.24868988716485466 -0.9685831611286313 0
    outer loop
      vertex 0.36616453154930145 -1.9195016952737438 -1.1047641819063259
      vertex 0.6038545691508126 -1.8584732663235117 -1.0907641819063265
      vertex 0.6038545691508126 -1.8584732663235117 -0.989235818093674
    endloop
  endfacet
  facet normal 0.36812455268467814 -0.9297764858882513 0
    outer loop
      vertex 0.6038545691508126 -1.8584732663235117 -1.0907641819063265
      vertex 0.8320214594715809 -1.7681356037652418 -0.9752358180936742
      vertex 0.6038545691508126 -1.8584732663235117 -0.989235818093674
    endloop
  endfacet
  facet normal 0.12392141590718585 -0.4851960530271031 0.865579732206386
    outer loop
      vertex 0.6038545691508126 -1.8584732663235117 -0.989235818093674
      vertex 0.6481145881305429 -1.3773136083786317 -0.7258608865786154
      vertex 0.470380842850476 -1.4476833762435302 -0.7398608865786152
    endloop
  endfacet
  facet normal 0.13917802496332587 -0.48529737907872655 0.863200979625618
    outer loop
      vertex 0.6038545691508126 -1.8584732663235117 -0.989235818093674
      vertex 0.8320214594715809 -1.7681356037652418 -0.9752358180936742
      vertex 0.6481145881305429 -1.3773136083786317 -0.7258608865786154
    endloop
  endfacet
  facet normal 0.3681245526846782 -0.9297764858882512 0
    outer loop
      vertex 0.6038545691508126 -1.8584732663235117 -1.0907641819063265
      vertex 0.8320214594715809 -1.7681356037652418 -1.0767641819063263
      vertex 0.8320214594715809 -1.7681356037652418 -0.9752358180936742
    endloop
  endfacet
  facet normal 0.481753674101715 -0.8763066800438637 0
    outer loop
      vertex 0.8320214594715809 -1.7681356037652418 -1.0767641819063263
      vertex 1.0470668743509541 -1.6499133865025821 -0.961235818093674
      vertex 0.8320214594715809 -1.7681356037652418 -0.9752358180936742
    endloop
  endfacet
  facet normal 0.481753674101715 -0.8763066800438637 0
    outer loop
      vertex 0.8320214594715809 -1.7681356037652418 -1.0767641819063263
      vertex 1.0470668743509541 -1.6499133865025821 -1.062764181906326
      vertex 1.0470668743509541 -1.6499133865025821 -0.961235818093674
    endloop
  endfacet
  facet normal 0.1837554487677486 -0.4658386654644335 0.8655797322063861
    outer loop
      vertex 0.8320214594715809 -1.7681356037652418 -0.9752358180936742
      vertex 0.8156271791909028 -1.2852227821423339 -0.7118608865786156
      vertex 0.6481145881305429 -1.3773136083786317 -0.7258608865786154
    endloop
  endfacet
  facet normal 0.19890445442624574 -0.46402703238364296 0.8632009796256183
    outer loop
      vertex 0.8320214594715809 -1.7681356037652418 -0.9752358180936742
      vertex 1.0470668743509541 -1.6499133865025821 -0.961235818093674
      vertex 0.8156271791909028 -1.2852227821423339 -0.7118608865786156
    endloop
  endfacet
  facet normal 0.36812455268467875 -0.9297764858882511 0
    outer loop
      vertex 0.470380842850476 -1.4476833762435302 -1.4398608865786153
      vertex 0.6481145881305429 -1.3773136083786317 -1.3261391134213856
      vertex 0.470380842850476 -1.4476833762435302 -1.340139113421385
    endloop
  endfacet
  facet normal 0.36812455268467875 -0.929776485888251 0
    outer loop
      vertex 0.470380842850476 -1.4476833762435302 -1.4398608865786153
      vertex 0.6481145881305429 -1.3773136083786317 -1.425860886578615
      vertex 0.6481145881305429 -1.3773136083786317 -1.3261391134213856
    endloop
  endfacet
  facet normal 0.4817536741017151 -0.8763066800438637 0
    outer loop
      vertex 0.6481145881305429 -1.3773136083786317 -1.425860886578615
      vertex 0.8156271791909028 -1.2852227821423339 -1.3121391134213853
      vertex 0.6481145881305429 -1.3773136083786317 -1.3261391134213856
    endloop
  endfacet
  facet normal 0.4817536741017151 -0.8763066800438637 0
    outer loop
      vertex 0.6481145881305429 -1.3773136083786317 -1.425860886578615
      vertex 0.8156271791909028 -1.2852227821423339 -1.4118608865786157
      vertex 0.8156271791909028 -1.2852227821423339 -1.3121391134213853
    endloop
  endfacet
  facet normal 0.2406915484310587 -0.43913472386885977 0.8655797322063864
    outer loop
      vertex 1.0470668743509541 -1.6499133865025821 -1.6612358180936742
      vertex 0.9702768424033635 -1.172863224876775 -1.3978608865786155
      vertex 0.8156271791909028 -1.2852227821423339 -1.4118608865786157
    endloop
  endfacet
  facet normal 0.5877852522924732 -0.8090169943749475 0
    outer loop
      vertex 0.8156271791909028 -1.2852227821423339 -1.4118608865786157
      vertex 0.9702768424033635 -1.172863224876775 -1.298139113421385
      vertex 0.8156271791909028 -1.2852227821423339 -1.3121391134213853
    endloop
  endfacet
  facet normal 0.29485950085706414 -0.40475869595086506 -0.8655797322063856
    outer loop
      vertex 0.6481145881305429 -1.3773136083786317 -1.3261391134213856
      vertex 0.8156271791909028 -1.2852227821423339 -1.3121391134213853
      vertex 1.0470668743509541 -1.6499133865025821 -1.062764181906326
    endloop
  endfacet
  facet normal 0.5877852522924731 -0.8090169943749476 0
    outer loop
      vertex 0.8156271791909028 -1.2852227821423339 -1.4118608865786157
      vertex 0.9702768424033635 -1.172863224876775 -1.3978608865786155
      vertex 0.9702768424033635 -1.172863224876775 -1.298139113421385
    endloop
  endfacet
  facet normal 0.2406915484310588 -0.4391347238688598 0.8655797322063864
    outer loop
      vertex 0.8156271791909028 -1.2852227821423339 -0.7118608865786156
      vertex 1.0470668743509541 -1.6499133865025821 -0.961235818093674
      vertex 0.9702768424033635 -1.172863224876775 -0.6978608865786153
    endloop
  endfacet
  facet normal 0.11183116241243596 -0.49231885997476954 -0.863200979625618
    outer loop
      vertex 0.12269986054916919 -1.950258435834777 -0.41876418190632636
      vertex 0.09557874821402501 -1.519180699608322 -0.6681391134213852
      vertex 0.36616453154930145 -1.9195016952737438 -0.40476418190632657
    endloop
  endfacet
  facet normal 0.06339336137649393 -0.49674239694927413 -0.8655797322063861
    outer loop
      vertex -0.09557874821402501 -1.519180699608322 -0.682139113421385
      vertex 0.09557874821402501 -1.519180699608322 -0.6681391134213852
      vertex 0.12269986054916919 -1.950258435834777 -0.41876418190632636
    endloop
  endfacet
  facet normal 0 -1 0
    outer loop
      vertex -0.09557874821402501 -1.519180699608322 -0.7818608865786154
      vertex 0.09557874821402501 -1.519180699608322 -0.7678608865786156
      vertex 0.09557874821402501 -1.519180699608322 -0.6681391134213852
    endloop
  endfacet
  facet normal 0.1253332335643044 -0.9921147013144778 0
    outer loop
      vertex 0.09557874821402501 -1.519180699608322 -0.7678608865786156
      vertex 0.28522891068676176 -1.4952223124609376 -0.654139113421385
      vertex 0.09557874821402501 -1.519180699608322 -0.6681391134213852
    endloop
  endfacet
  facet normal 0.1253332335643044 -0.9921147013144778 0
    outer loop
      vertex 0.09557874821402501 -1.519180699608322 -0.7678608865786156
      vertex 0.28522891068676176 -1.4952223124609376 -0.7538608865786154
      vertex 0.28522891068676176 -1.4952223124609376 -0.654139113421385
    endloop
  endfacet
  facet normal 0.1253332335643052 -0.9921147013144777 0
    outer loop
      vertex 0.12269986054916919 -1.950258435834777 -0.41876418190632636
      vertex 0.36616453154930145 -1.9195016952737438 -0.40476418190632657
      vertex 0.36616453154930145 -1.9195016952737438 -0.30323581809367406
    endloop
  endfacet
  facet normal 0.1726532549597954 -0.47442061751694653 -0.8632009796256183
    outer loop
      vertex 0.36616453154930145 -1.9195016952737438 -0.40476418190632657
      vertex 0.28522891068676176 -1.4952223124609376 -0.654139113421385
      vertex 0.6038545691508126 -1.8584732663235117 -0.39076418190632634
    endloop
  endfacet
  facet normal 0.12515181664549924 -0.4848801398117394 -0.8655797322063864
    outer loop
      vertex 0.09557874821402501 -1.519180699608322 -0.6681391134213852
      vertex 0.28522891068676176 -1.4952223124609376 -0.654139113421385
      vertex 0.36616453154930145 -1.9195016952737438 -0.40476418190632657
    endloop
  endfacet
  facet normal 0.24868988716485452 -0.9685831611286313 0
    outer loop
      vertex 0.28522891068676176 -1.4952223124609376 -0.7538608865786154
      vertex 0.470380842850476 -1.4476833762435302 -0.6401391134213852
      vertex 0.28522891068676176 -1.4952223124609376 -0.654139113421385
    endloop
  endfacet
  facet normal 0.18493655300392903 -0.46537103321602014 -0.865579732206386
    outer loop
      vertex 0.28522891068676176 -1.4952223124609376 -0.654139113421385
      vertex 0.470380842850476 -1.4476833762435302 -0.6401391134213852
      vertex 0.6038545691508126 -1.8584732663235117 -0.39076418190632634
    endloop
  endfacet
  facet normal 0.24868988716485452 -0.9685831611286312 0
    outer loop
      vertex 0.28522891068676176 -1.4952223124609376 -0.7538608865786154
      vertex 0.470380842850476 -1.4476833762435302 -0.7398608865786152
      vertex 0.470380842850476 -1.4476833762435302 -0.6401391134213852
    endloop
  endfacet
  facet normal -0.049245425629135677 -0.5024529399137576 0.8632009796256184
    outer loop
      vertex -0.12269986054916919 -1.950258435834777 -0.3312358180936741
      vertex 0.12269986054916919 -1.950258435834777 -0.31723581809367385
      vertex 0.09557874821402501 -1.519180699608322 -0.06786088657861544
    endloop
  endfacet
  facet normal 0.12533323356430523 -0.9921147013144778 0
    outer loop
      vertex 0.12269986054916919 -1.950258435834777 -0.41876418190632636
      vertex 0.36616453154930145 -1.9195016952737438 -0.30323581809367406
      vertex 0.12269986054916919 -1.950258435834777 -0.31723581809367385
    endloop
  endfacet
  facet normal -0.0006351549292277875 -0.5007707297473928 0.8655797322063863
    outer loop
      vertex 0.12269986054916919 -1.950258435834777 -0.31723581809367385
      vertex 0.28522891068676176 -1.4952223124609376 -0.05386088657861521
      vertex 0.09557874821402501 -1.519180699608322 -0.06786088657861544
    endloop
  endfacet
  facet normal 0.01411694093412983 -0.5046630368394694 0.8632009796256179
    outer loop
      vertex 0.12269986054916919 -1.950258435834777 -0.31723581809367385
      vertex 0.36616453154930145 -1.9195016952737438 -0.30323581809367406
      vertex 0.28522891068676176 -1.4952223124609376 -0.05386088657861521
    endloop
  endfacet
  facet normal 0.24868988716485466 -0.9685831611286313 0
    outer loop
      vertex 0.36616453154930145 -1.9195016952737438 -0.40476418190632657
      vertex 0.6038545691508126 -1.8584732663235117 -0.28923581809367427
      vertex 0.36616453154930145 -1.9195016952737438 -0.30323581809367406
    endloop
  endfacet
  facet normal 0.07725667490581006 -0.49891429620313704 0.8632009796256179
    outer loop
      vertex 0.36616453154930145 -1.9195016952737438 -0.30323581809367406
      vertex 0.6038545691508126 -1.8584732663235117 -0.28923581809367427
      vertex 0.470380842850476 -1.4476833762435302 -0.03986088657861542
    endloop
  endfacet
  facet normal 0.062133068290699714 -0.4969016089914627 0.865579732206386
    outer loop
      vertex 0.36616453154930145 -1.9195016952737438 -0.30323581809367406
      vertex 0.470380842850476 -1.4476833762435302 -0.03986088657861542
      vertex 0.28522891068676176 -1.4952223124609376 -0.05386088657861521
    endloop
  endfacet
  facet normal 0.23075250253838167 -0.44904047851574336 -0.8632009796256178
    outer loop
      vertex 0.470380842850476 -1.4476833762435302 -0.6401391134213852
      vertex 0.8320214594715809 -1.7681356037652418 -0.37676418190632655
      vertex 0.6038545691508126 -1.8584732663235117 -0.39076418190632634
    endloop
  endfacet
  facet normal 0.24180472944574763 -0.4385227474273026 -0.865579732206386
    outer loop
      vertex 0.470380842850476 -1.4476833762435302 -0.6401391134213852
      vertex 0.6481145881305429 -1.3773136083786317 -0.6261391134213854
      vertex 0.8320214594715809 -1.7681356037652418 -0.37676418190632655
    endloop
  endfacet
  facet normal 0.2852126453070765 -0.41657870292456545 -0.8632009796256178
    outer loop
      vertex 0.8320214594715809 -1.7681356037652418 -0.37676418190632655
      vertex 0.6481145881305429 -1.3773136083786317 -0.6261391134213854
      vertex 1.0470668743509541 -1.6499133865025821 -0.3627641819063263
    endloop
  endfacet
  facet normal 0.24868988716485463 -0.9685831611286311 0
    outer loop
      vertex 0.36616453154930145 -1.9195016952737438 -0.40476418190632657
      vertex 0.6038545691508126 -1.8584732663235117 -0.39076418190632634
      vertex 0.6038545691508126 -1.8584732663235117 -0.28923581809367427
    endloop
  endfacet
  facet normal 0.36812455268467814 -0.9297764858882512 0
    outer loop
      vertex 0.6038545691508126 -1.8584732663235117 -0.39076418190632634
      vertex 0.8320214594715809 -1.7681356037652418 -0.2752358180936745
      vertex 0.6038545691508126 -1.8584732663235117 -0.28923581809367427
    endloop
  endfacet
  facet normal 0.13917802496332587 -0.48529737907872655 0.863200979625618
    outer loop
      vertex 0.6038545691508126 -1.8584732663235117 -0.28923581809367427
      vertex 0.8320214594715809 -1.7681356037652418 -0.2752358180936745
      vertex 0.6481145881305429 -1.3773136083786317 -0.025860886578615627
    endloop
  endfacet
  facet normal 0.12392141590718578 -0.4851960530271031 0.865579732206386
    outer loop
      vertex 0.470380842850476 -1.4476833762435302 -0.03986088657861542
      vertex 0.6038545691508126 -1.8584732663235117 -0.28923581809367427
      vertex 0.6481145881305429 -1.3773136083786317 -0.025860886578615627
    endloop
  endfacet
  facet normal 0.36812455268467814 -0.9297764858882512 0
    outer loop
      vertex 0.6038545691508126 -1.8584732663235117 -0.39076418190632634
      vertex 0.8320214594715809 -1.7681356037652418 -0.37676418190632655
      vertex 0.8320214594715809 -1.7681356037652418 -0.2752358180936745
    endloop
  endfacet
  facet normal 0.481753674101715 -0.8763066800438637 0
    outer loop
      vertex 0.8320214594715809 -1.7681356037652418 -0.37676418190632655
      vertex 1.0470668743509541 -1.6499133865025821 -0.26123581809367424
      vertex 0.8320214594715809 -1.7681356037652418 -0.2752358180936745
    endloop
  endfacet
  facet normal 0.481753674101715 -0.8763066800438637 0
    outer loop
      vertex 0.8320214594715809 -1.7681356037652418 -0.37676418190632655
      vertex 1.0470668743509541 -1.6499133865025821 -0.3627641819063263
      vertex 1.0470668743509541 -1.6499133865025821 -0.26123581809367424
    endloop
  endfacet
  facet normal 0.18375544876774685 -0.4658386654644343 0.8655797322063861
    outer loop
      vertex 0.8320214594715809 -1.7681356037652418 -0.2752358180936745
      vertex 0.8156271791909028 -1.2852227821423339 -0.011860886578615393
      vertex 0.6481145881305429 -1.3773136083786317 -0.025860886578615627
    endloop
  endfacet
  facet normal 0.19890445442624607 -0.46402703238364357 0.8632009796256178
    outer loop
      vertex 0.8320214594715809 -1.7681356037652418 -0.2752358180936745
      vertex 1.0470668743509541 -1.6499133865025821 -0.26123581809367424
      vertex 0.8156271791909028 -1.2852227821423339 -0.011860886578615393
    endloop
  endfacet
  facet normal 0.3681245526846788 -0.9297764858882511 0
    outer loop
      vertex 0.470380842850476 -1.4476833762435302 -0.7398608865786152
      vertex 0.6481145881305429 -1.3773136083786317 -0.6261391134213854
      vertex 0.470380842850476 -1.4476833762435302 -0.6401391134213852
    endloop
  endfacet
  facet normal 0.3681245526846788 -0.9297764858882511 0
    outer loop
      vertex 0.470380842850476 -1.4476833762435302 -0.7398608865786152
      vertex 0.6481145881305429 -1.3773136083786317 -0.7258608865786154
      vertex 0.6481145881305429 -1.3773136083786317 -0.6261391134213854
    endloop
  endfacet
  facet normal 0.4817536741017151 -0.8763066800438637 0
    outer loop
      vertex 0.6481145881305429 -1.3773136083786317 -0.7258608865786154
      vertex 0.8156271791909028 -1.2852227821423339 -0.6121391134213852
      vertex 0.6481145881305429 -1.3773136083786317 -0.6261391134213854
    endloop
  endfacet
  facet normal 0.4817536741017151 -0.8763066800438637 0
    outer loop
      vertex 0.6481145881305429 -1.3773136083786317 -0.7258608865786154
      vertex 0.8156271791909028 -1.2852227821423339 -0.7118608865786156
      vertex 0.8156271791909028 -1.2852227821423339 -0.6121391134213852
    endloop
  endfacet
  facet normal 0.5877852522924732 -0.8090169943749475 0
    outer loop
      vertex 0.8156271791909028 -1.2852227821423339 -0.7118608865786156
      vertex 0.9702768424033635 -1.172863224876775 -0.5981391134213849
      vertex 0.8156271791909028 -1.2852227821423339 -0.6121391134213852
    endloop
  endfacet
  facet normal 0.29485950085706386 -0.40475869595086444 -0.865579732206386
    outer loop
      vertex 0.6481145881305429 -1.3773136083786317 -0.6261391134213854
      vertex 0.8156271791909028 -1.2852227821423339 -0.6121391134213852
      vertex 1.0470668743509541 -1.6499133865025821 -0.3627641819063263
    endloop
  endfacet
  facet normal 0.5877852522924731 -0.8090169943749476 0
    outer loop
      vertex 0.8156271791909028 -1.2852227821423339 -0.7118608865786156
      vertex 0.9702768424033635 -1.172863224876775 -0.6978608865786153
      vertex 0.9702768424033635 -1.172863224876775 -0.5981391134213849
    endloop
  endfacet
  facet normal 0.24069154843106094 -0.43913472386885927 0.8655797322063861
    outer loop
      vertex 0.8156271791909028 -1.2852227821423339 -0.011860886578615393
      vertex 1.0470668743509541 -1.6499133865025821 -0.26123581809367424
      vertex 0.9702768424033635 -1.172863224876775 0.0021391134213843976
    endloop
  endfacet
  facet normal 0.33517481428149937 -0.3775472323362155 -0.8632009796256177
    outer loop
      vertex 0.8156271791909028 -1.2852227821423339 -1.3121391134213853
      vertex 1.2455994191343822 -1.5056710495242929 -1.0487641819063267
      vertex 1.0470668743509541 -1.6499133865025821 -1.062764181906326
    endloop
  endfacet
  facet normal 0.5877852522924728 -0.8090169943749477 0
    outer loop
      vertex 1.0470668743509541 -1.6499133865025821 -1.062764181906326
      vertex 1.2455994191343822 -1.5056710495242929 -0.9472358180936742
      vertex 1.0470668743509541 -1.6499133865025821 -0.961235818093674
    endloop
  endfacet
  facet normal 0.5877852522924728 -0.8090169943749477 0
    outer loop
      vertex 1.0470668743509541 -1.6499133865025821 -1.062764181906326
      vertex 1.2455994191343822 -1.5056710495242929 -1.0487641819063267
      vertex 1.2455994191343822 -1.5056710495242929 -0.9472358180936742
    endloop
  endfacet
  facet normal 0.2938317985934506 -0.4055053653515059 0.8655797322063864
    outer loop
      vertex 1.2455994191343822 -1.5056710495242929 -1.647235818093674
      vertex 1.1096246601958315 -1.0420069139203807 -1.3838608865786153
      vertex 0.9702768424033635 -1.172863224876775 -1.3978608865786155
    endloop
  endfacet
  facet normal 0.34326416179933406 -0.36461135804815653 -0.8655797322063864
    outer loop
      vertex 0.8156271791909028 -1.2852227821423339 -1.3121391134213853
      vertex 0.9702768424033635 -1.172863224876775 -1.298139113421385
      vertex 1.2455994191343822 -1.5056710495242929 -1.0487641819063267
    endloop
  endfacet
  facet normal 0.3798510762109786 -0.33256161635813325 -0.8632009796256183
    outer loop
      vertex 0.9702768424033635 -1.172863224876775 -1.298139113421385
      vertex 1.424488116993034 -1.3376833806507191 -1.0347641819063265
      vertex 1.2455994191343822 -1.5056710495242929 -1.0487641819063267
    endloop
  endfacet
  facet normal 0.6845471059286886 -0.7289686274214117 0
    outer loop
      vertex 0.9702768424033635 -1.172863224876775 -1.3978608865786155
      vertex 1.1096246601958315 -1.0420069139203807 -1.2841391134213849
      vertex 0.9702768424033635 -1.172863224876775 -1.298139113421385
    endloop
  endfacet
  facet normal 0.6845471059286886 -0.7289686274214116 0
    outer loop
      vertex 0.9702768424033635 -1.172863224876775 -1.3978608865786155
      vertex 1.1096246601958315 -1.0420069139203807 -1.3838608865786153
      vertex 1.1096246601958315 -1.0420069139203807 -1.2841391134213849
    endloop
  endfacet
  facet normal 0.7705132427757895 -0.6374239897486896 0
    outer loop
      vertex 1.1096246601958315 -1.0420069139203807 -1.3838608865786153
      vertex 1.2314730342393692 -0.8947175314667035 -1.2701391134213846
      vertex 1.1096246601958315 -1.0420069139203807 -1.2841391134213849
    endloop
  endfacet
  facet normal 0.386255341853959 -0.3187138812207616 -0.8655797322063864
    outer loop
      vertex 0.9702768424033635 -1.172863224876775 -1.298139113421385
      vertex 1.1096246601958315 -1.0420069139203807 -1.2841391134213849
      vertex 1.424488116993034 -1.3376833806507191 -1.0347641819063265
    endloop
  endfacet
  facet normal 0.342338145765419 -0.3654809449853918 0.8655797322063865
    outer loop
      vertex 1.424488116993034 -1.3376833806507191 -1.6332358180936737
      vertex 1.2314730342393692 -0.8947175314667035 -1.369860886578616
      vertex 1.1096246601958315 -1.0420069139203807 -1.3838608865786153
    endloop
  endfacet
  facet normal 0.4231550444297898 -0.26779009609607135 -0.8655797322063864
    outer loop
      vertex 1.1096246601958315 -1.0420069139203807 -1.2841391134213849
      vertex 1.2314730342393692 -0.8947175314667035 -1.2701391134213846
      vertex 1.5809117862987512 -1.1485996457709655 -1.0207641819063262
    endloop
  endfacet
  facet normal 0.255494041823106 -0.43543870219155567 0.8632009796256181
    outer loop
      vertex 0.9702768424033635 -1.172863224876775 -0.6978608865786153
      vertex 1.0470668743509541 -1.6499133865025821 -0.961235818093674
      vertex 1.2455994191343822 -1.5056710495242929 -0.9472358180936742
    endloop
  endfacet
  facet normal 0.2938317985934527 -0.4055053653515051 0.865579732206386
    outer loop
      vertex 0.9702768424033635 -1.172863224876775 -0.6978608865786153
      vertex 1.2455994191343822 -1.5056710495242929 -0.9472358180936742
      vertex 1.1096246601958315 -1.0420069139203807 -0.6838608865786155
    endloop
  endfacet
  facet normal 0.6845471059286887 -0.7289686274214114 0
    outer loop
      vertex 1.2455994191343822 -1.5056710495242929 -1.0487641819063267
      vertex 1.424488116993034 -1.3376833806507191 -0.9332358180936744
      vertex 1.2455994191343822 -1.5056710495242929 -0.9472358180936742
    endloop
  endfacet
  facet normal 0.6845471059286887 -0.7289686274214114 0
    outer loop
      vertex 1.2455994191343822 -1.5056710495242929 -1.0487641819063267
      vertex 1.424488116993034 -1.3376833806507191 -1.0347641819063265
      vertex 1.424488116993034 -1.3376833806507191 -0.9332358180936744
    endloop
  endfacet
  facet normal 0.30805433555567124 -0.3999832435474358 0.863200979625618
    outer loop
      vertex 1.2455994191343822 -1.5056710495242929 -0.9472358180936742
      vertex 1.424488116993034 -1.3376833806507191 -0.9332358180936744
      vertex 1.1096246601958315 -1.0420069139203807 -0.6838608865786155
    endloop
  endfacet
  facet normal 0.4185368597565745 -0.28233130502740633 -0.8632009796256184
    outer loop
      vertex 1.1096246601958315 -1.0420069139203807 -1.2841391134213849
      vertex 1.5809117862987512 -1.1485996457709655 -1.0207641819063262
      vertex 1.424488116993034 -1.3376833806507191 -1.0347641819063265
    endloop
  endfacet
  facet normal 0.3423381457654166 -0.3654809449853951 0.865579732206386
    outer loop
      vertex 1.424488116993034 -1.3376833806507191 -0.9332358180936744
      vertex 1.2314730342393692 -0.8947175314667035 -0.6698608865786153
      vertex 1.1096246601958315 -1.0420069139203807 -0.6838608865786155
    endloop
  endfacet
  facet normal 0.3557564283937825 -0.3582198102141658 0.8632009796256179
    outer loop
      vertex 1.424488116993034 -1.3376833806507191 -0.9332358180936744
      vertex 1.5809117862987512 -1.1485996457709655 -0.9192358180936742
      vertex 1.2314730342393692 -0.8947175314667035 -0.6698608865786153
    endloop
  endfacet
  facet normal 0.7705132427757895 -0.6374239897486893 0
    outer loop
      vertex 1.424488116993034 -1.3376833806507191 -1.0347641819063265
      vertex 1.5809117862987512 -1.1485996457709655 -0.9192358180936742
      vertex 1.424488116993034 -1.3376833806507191 -0.9332358180936744
    endloop
  endfacet
  facet normal 0.7705132427757895 -0.6374239897486893 0
    outer loop
      vertex 1.424488116993034 -1.3376833806507191 -1.0347641819063265
      vertex 1.5809117862987512 -1.1485996457709655 -1.0207641819063262
      vertex 1.5809117862987512 -1.1485996457709655 -0.9192358180936742
    endloop
  endfacet
  facet normal 0.45062206700200647 -0.2276484603598534 -0.8632009796256185
    outer loop
      vertex 1.5809117862987512 -1.1485996457709655 -1.0207641819063262
      vertex 1.2314730342393692 -0.8947175314667035 -1.2701391134213846
      vertex 1.7124035323436124 -0.941401808337234 -1.0067641819063269
    endloop
  endfacet
  facet normal 0.8443279255020153 -0.5358267949789965 0
    outer loop
      vertex 1.5809117862987512 -1.1485996457709655 -1.0207641819063262
      vertex 1.7124035323436124 -0.941401808337234 -0.9052358180936739
      vertex 1.5809117862987512 -1.1485996457709655 -0.9192358180936742
    endloop
  endfacet
  facet normal 0.8443279255020151 -0.5358267949789964 0
    outer loop
      vertex 1.5809117862987512 -1.1485996457709655 -1.0207641819063262
      vertex 1.7124035323436124 -0.941401808337234 -1.0067641819063269
      vertex 1.7124035323436124 -0.941401808337234 -0.9052358180936739
    endloop
  endfacet
  facet normal 0.33517481428150026 -0.37754723233621407 -0.863200979625618
    outer loop
      vertex 0.8156271791909028 -1.2852227821423339 -0.6121391134213852
      vertex 1.2455994191343822 -1.5056710495242929 -0.3487641819063265
      vertex 1.0470668743509541 -1.6499133865025821 -0.3627641819063263
    endloop
  endfacet
  facet normal 0.5877852522924728 -0.8090169943749477 0
    outer loop
      vertex 1.0470668743509541 -1.6499133865025821 -0.3627641819063263
      vertex 1.2455994191343822 -1.5056710495242929 -0.24723581809367445
      vertex 1.0470668743509541 -1.6499133865025821 -0.26123581809367424
    endloop
  endfacet
  facet normal 0.5877852522924728 -0.8090169943749477 0
    outer loop
      vertex 1.0470668743509541 -1.6499133865025821 -0.3627641819063263
      vertex 1.2455994191343822 -1.5056710495242929 -0.3487641819063265
      vertex 1.2455994191343822 -1.5056710495242929 -0.24723581809367445
    endloop
  endfacet
  facet normal 0.34326416179933406 -0.36461135804815653 -0.8655797322063864
    outer loop
      vertex 0.8156271791909028 -1.2852227821423339 -0.6121391134213852
      vertex 0.9702768424033635 -1.172863224876775 -0.5981391134213849
      vertex 1.2455994191343822 -1.5056710495242929 -0.3487641819063265
    endloop
  endfacet
  facet normal 0.3798510762109786 -0.33256161635813325 -0.8632009796256183
    outer loop
      vertex 0.9702768424033635 -1.172863224876775 -0.5981391134213849
      vertex 1.424488116993034 -1.3376833806507191 -0.3347641819063263
      vertex 1.2455994191343822 -1.5056710495242929 -0.3487641819063265
    endloop
  endfacet
  facet normal 0.6845471059286886 -0.7289686274214117 0
    outer loop
      vertex 0.9702768424033635 -1.172863224876775 -0.6978608865786153
      vertex 1.1096246601958315 -1.0420069139203807 -0.5841391134213851
      vertex 0.9702768424033635 -1.172863224876775 -0.5981391134213849
    endloop
  endfacet
  facet normal 0.6845471059286886 -0.7289686274214117 0
    outer loop
      vertex 0.9702768424033635 -1.172863224876775 -0.6978608865786153
      vertex 1.1096246601958315 -1.0420069139203807 -0.6838608865786155
      vertex 1.1096246601958315 -1.0420069139203807 -0.5841391134213851
    endloop
  endfacet
  facet normal 0.7705132427757895 -0.6374239897486896 0
    outer loop
      vertex 1.1096246601958315 -1.0420069139203807 -0.6838608865786155
      vertex 1.2314730342393692 -0.8947175314667035 -0.5701391134213853
      vertex 1.1096246601958315 -1.0420069139203807 -0.5841391134213851
    endloop
  endfacet
  facet normal 0.38625534185395805 -0.3187138812207636 -0.8655797322063861
    outer loop
      vertex 0.9702768424033635 -1.172863224876775 -0.5981391134213849
      vertex 1.1096246601958315 -1.0420069139203807 -0.5841391134213851
      vertex 1.424488116993034 -1.3376833806507191 -0.3347641819063263
    endloop
  endfacet
  facet normal 0.4231550444297891 -0.2677900960960734 -0.865579732206386
    outer loop
      vertex 1.1096246601958315 -1.0420069139203807 -0.5841391134213851
      vertex 1.2314730342393692 -0.8947175314667035 -0.5701391134213853
      vertex 1.5809117862987512 -1.1485996457709655 -0.3207641819063265
    endloop
  endfacet
  facet normal 0.418536859756574 -0.28233130502740794 -0.863200979625618
    outer loop
      vertex 1.1096246601958315 -1.0420069139203807 -0.5841391134213851
      vertex 1.5809117862987512 -1.1485996457709655 -0.3207641819063265
      vertex 1.424488116993034 -1.3376833806507191 -0.3347641819063263
    endloop
  endfacet
  facet normal 0.255494041823106 -0.43543870219155567 0.8632009796256181
    outer loop
      vertex 0.9702768424033635 -1.172863224876775 0.0021391134213843976
      vertex 1.0470668743509541 -1.6499133865025821 -0.26123581809367424
      vertex 1.2455994191343822 -1.5056710495242929 -0.24723581809367445
    endloop
  endfacet
  facet normal 0.2938317985934527 -0.4055053653515051 0.865579732206386
    outer loop
      vertex 0.9702768424033635 -1.172863224876775 0.0021391134213843976
      vertex 1.2455994191343822 -1.5056710495242929 -0.24723581809367445
      vertex 1.1096246601958315 -1.0420069139203807 0.016139113421384188
    endloop
  endfacet
  facet normal 0.6845471059286887 -0.7289686274214116 0
    outer loop
      vertex 1.2455994191343822 -1.5056710495242929 -0.3487641819063265
      vertex 1.424488116993034 -1.3376833806507191 -0.23323581809367422
      vertex 1.2455994191343822 -1.5056710495242929 -0.24723581809367445
    endloop
  endfacet
  facet normal 0.6845471059286887 -0.7289686274214114 0
    outer loop
      vertex 1.2455994191343822 -1.5056710495242929 -0.3487641819063265
      vertex 1.424488116993034 -1.3376833806507191 -0.3347641819063263
      vertex 1.424488116993034 -1.3376833806507191 -0.23323581809367422
    endloop
  endfacet
  facet normal 0.30805433555566963 -0.39998324354743636 0.8632009796256183
    outer loop
      vertex 1.2455994191343822 -1.5056710495242929 -0.24723581809367445
      vertex 1.424488116993034 -1.3376833806507191 -0.23323581809367422
      vertex 1.1096246601958315 -1.0420069139203807 0.016139113421384188
    endloop
  endfacet
  facet normal 0.34233814576541616 -0.36548094498539463 0.8655797322063864
    outer loop
      vertex 1.424488116993034 -1.3376833806507191 -0.23323581809367422
      vertex 1.2314730342393692 -0.8947175314667035 0.030139113421384423
      vertex 1.1096246601958315 -1.0420069139203807 0.016139113421384188
    endloop
  endfacet
  facet normal 0.35575642839378196 -0.35821981021416544 0.8632009796256184
    outer loop
      vertex 1.424488116993034 -1.3376833806507191 -0.23323581809367422
      vertex 1.5809117862987512 -1.1485996457709655 -0.21923581809367398
      vertex 1.2314730342393692 -0.8947175314667035 0.030139113421384423
    endloop
  endfacet
  facet normal 0.45062206700200874 -0.2276484603598512 -0.8632009796256179
    outer loop
      vertex 1.5809117862987512 -1.1485996457709655 -0.3207641819063265
      vertex 1.2314730342393692 -0.8947175314667035 -0.5701391134213853
      vertex 1.7124035323436124 -0.941401808337234 -0.30676418190632626
    endloop
  endfacet
  facet normal 0.7705132427757895 -0.6374239897486893 0
    outer loop
      vertex 1.424488116993034 -1.3376833806507191 -0.3347641819063263
      vertex 1.5809117862987512 -1.1485996457709655 -0.21923581809367398
      vertex 1.424488116993034 -1.3376833806507191 -0.23323581809367422
    endloop
  endfacet
  facet normal 0.7705132427757895 -0.6374239897486893 0
    outer loop
      vertex 1.424488116993034 -1.3376833806507191 -0.3347641819063263
      vertex 1.5809117862987512 -1.1485996457709655 -0.3207641819063265
      vertex 1.5809117862987512 -1.1485996457709655 -0.21923581809367398
    endloop
  endfacet
  facet normal 0.8443279255020152 -0.5358267949789963 0
    outer loop
      vertex 1.5809117862987512 -1.1485996457709655 -0.3207641819063265
      vertex 1.7124035323436124 -0.941401808337234 -0.30676418190632626
      vertex 1.7124035323436124 -0.941401808337234 -0.20523581809367464
    endloop
  endfacet
  facet normal 0.8443279255020153 -0.5358267949789964 0
    outer loop
      vertex 1.5809117862987512 -1.1485996457709655 -0.3207641819063265
      vertex 1.7124035323436124 -0.941401808337234 -0.20523581809367464
      vertex 1.5809117862987512 -1.1485996457709655 -0.21923581809367398
    endloop
  endfacet
  facet normal 0.7705132427757894 -0.6374239897486895 0
    outer loop
      vertex 1.1096246601958315 -1.0420069139203807 -1.3838608865786153
      vertex 1.2314730342393692 -0.8947175314667035 -1.369860886578616
      vertex 1.2314730342393692 -0.8947175314667035 -1.2701391134213846
    endloop
  endfacet
  facet normal 0.8443279255020151 -0.5358267949789968 0
    outer loop
      vertex 1.2314730342393692 -0.8947175314667035 -1.369860886578616
      vertex 1.3339003428866194 -0.7333179190634505 -1.3558608865786148
      vertex 1.3339003428866194 -0.7333179190634505 -1.2561391134213853
    endloop
  endfacet
  facet normal 0.38544561587576265 -0.3196926717891338 0.8655797322063863
    outer loop
      vertex 1.5809117862987512 -1.1485996457709655 -1.6192358180936743
      vertex 1.3339003428866194 -0.7333179190634505 -1.3558608865786148
      vertex 1.2314730342393692 -0.8947175314667035 -1.369860886578616
    endloop
  endfacet
  facet normal 0.844327925502015 -0.5358267949789967 0
    outer loop
      vertex 1.2314730342393692 -0.8947175314667035 -1.369860886578616
      vertex 1.3339003428866194 -0.7333179190634505 -1.2561391134213853
      vertex 1.2314730342393692 -0.8947175314667035 -1.2701391134213846
    endloop
  endfacet
  facet normal 0.45338133917439005 -0.21264310118590046 -0.8655797322063865
    outer loop
      vertex 1.2314730342393692 -0.8947175314667035 -1.2701391134213846
      vertex 1.3339003428866194 -0.7333179190634505 -1.2561391134213853
      vertex 1.7124035323436124 -0.941401808337234 -1.0067641819063269
    endloop
  endfacet
  facet normal 0.9048270524660192 -0.4257792915650732 0
    outer loop
      vertex 1.3339003428866194 -0.7333179190634505 -1.3558608865786148
      vertex 1.4152912462931069 -0.5603534450136758 -1.3418608865786155
      vertex 1.4152912462931069 -0.5603534450136758 -1.242139113421385
    endloop
  endfacet
  facet normal 0.9048270524660194 -0.42577929156507316 0
    outer loop
      vertex 1.3339003428866194 -0.7333179190634505 -1.3558608865786148
      vertex 1.4152912462931069 -0.5603534450136758 -1.242139113421385
      vertex 1.3339003428866194 -0.7333179190634505 -1.2561391134213853
    endloop
  endfacet
  facet normal 0.9510565162951538 -0.30901699437494684 0
    outer loop
      vertex 1.4152912462931069 -0.5603534450136758 -1.3418608865786155
      vertex 1.4743621612915425 -0.3785518623971113 -1.2281391134213848
      vertex 1.4152912462931069 -0.5603534450136758 -1.242139113421385
    endloop
  endfacet
  facet normal 0.3854456158757669 -0.3196926717891292 0.865579732206386
    outer loop
      vertex 1.5809117862987512 -1.1485996457709655 -0.9192358180936742
      vertex 1.3339003428866194 -0.7333179190634505 -0.6558608865786155
      vertex 1.2314730342393692 -0.8947175314667035 -0.6698608865786153
    endloop
  endfacet
  facet normal 0.9510565162951538 -0.30901699437494695 0
    outer loop
      vertex 1.4152912462931069 -0.5603534450136758 -1.3418608865786155
      vertex 1.4743621612915425 -0.3785518623971113 -1.3278608865786152
      vertex 1.4743621612915425 -0.3785518623971113 -1.2281391134213848
    endloop
  endfacet
  facet normal 0.42247437836970636 -0.26886265418360356 0.8655797322063856
    outer loop
      vertex 1.7124035323436124 -0.941401808337234 -1.605235818093674
      vertex 1.4152912462931069 -0.5603534450136758 -1.3418608865786155
      vertex 1.3339003428866194 -0.7333179190634505 -1.3558608865786148
    endloop
  endfacet
  facet normal 0.4528404675427907 -0.2137925119108412 0.8655797322063864
    outer loop
      vertex 1.8168896517431288 -0.719357502019843 -1.5912358180936739
      vertex 1.4743621612915425 -0.3785518623971113 -1.3278608865786152
      vertex 1.4152912462931069 -0.5603534450136758 -1.3418608865786155
    endloop
  endfacet
  facet normal 0.4764575393633296 -0.15414259754318943 -0.8655797322063863
    outer loop
      vertex 1.3339003428866194 -0.7333179190634505 -1.2561391134213853
      vertex 1.4152912462931069 -0.5603534450136758 -1.242139113421385
      vertex 1.8168896517431288 -0.719357502019843 -0.9927641819063266
    endloop
  endfacet
  facet normal 0.4756006950622452 -0.16937546348182259 -0.8632009796256183
    outer loop
      vertex 1.3339003428866194 -0.7333179190634505 -1.2561391134213853
      vertex 1.8168896517431288 -0.719357502019843 -0.9927641819063266
      vertex 1.7124035323436124 -0.941401808337234 -1.0067641819063269
    endloop
  endfacet
  facet normal 0.3978480298375352 -0.31080703648367525 0.8632009796256183
    outer loop
      vertex 1.5809117862987512 -1.1485996457709655 -0.9192358180936742
      vertex 1.7124035323436124 -0.941401808337234 -0.9052358180936739
      vertex 1.3339003428866194 -0.7333179190634505 -0.6558608865786155
    endloop
  endfacet
  facet normal 0.4336653301878583 -0.2584926501207128 0.863200979625618
    outer loop
      vertex 1.7124035323436124 -0.941401808337234 -0.9052358180936739
      vertex 1.8168896517431288 -0.719357502019843 -0.8912358180936741
      vertex 1.4152912462931069 -0.5603534450136758 -0.6418608865786153
    endloop
  endfacet
  facet normal 0.493078816051267 -0.10843131436468724 -0.8632009796256183
    outer loop
      vertex 1.4152912462931069 -0.5603534450136758 -1.242139113421385
      vertex 1.8927223359773875 -0.48596849817225507 -0.9787641819063264
      vertex 1.8168896517431288 -0.719357502019843 -0.9927641819063266
    endloop
  endfacet
  facet normal 0.9048270524660191 -0.42577929156507366 0
    outer loop
      vertex 1.7124035323436124 -0.941401808337234 -1.0067641819063269
      vertex 1.8168896517431288 -0.719357502019843 -0.8912358180936741
      vertex 1.7124035323436124 -0.941401808337234 -0.9052358180936739
    endloop
  endfacet
  facet normal 0.9048270524660189 -0.42577929156507366 0
    outer loop
      vertex 1.7124035323436124 -0.941401808337234 -1.0067641819063269
      vertex 1.8168896517431288 -0.719357502019843 -0.9927641819063266
      vertex 1.8168896517431288 -0.719357502019843 -0.8912358180936741
    endloop
  endfacet
  facet normal 0.9510565162951538 -0.3090169943749468 0
    outer loop
      vertex 1.8168896517431288 -0.719357502019843 -0.9927641819063266
      vertex 1.8927223359773875 -0.48596849817225507 -0.9787641819063264
      vertex 1.8927223359773875 -0.48596849817225507 -0.8772358180936743
    endloop
  endfacet
  facet normal 0.46264346922200716 -0.20210168024932165 0.863200979625618
    outer loop
      vertex 1.8168896517431288 -0.719357502019843 -0.8912358180936741
      vertex 1.8927223359773875 -0.48596849817225507 -0.8772358180936743
      vertex 1.4743621612915425 -0.3785518623971113 -0.6278608865786155
    endloop
  endfacet
  facet normal 0.9510565162951538 -0.30901699437494673 0
    outer loop
      vertex 1.8168896517431288 -0.719357502019843 -0.9927641819063266
      vertex 1.8927223359773875 -0.48596849817225507 -0.8772358180936743
      vertex 1.8168896517431288 -0.719357502019843 -0.8912358180936741
    endloop
  endfacet
  facet normal 0.47606499202894614 -0.15535073401178792 0.8655797322063855
    outer loop
      vertex 1.8927223359773875 -0.48596849817225507 -1.5772358180936745
      vertex 1.5101815042651463 -0.1907802907746243 -1.313860886578615
      vertex 1.4743621612915425 -0.3785518623971113 -1.3278608865786152
    endloop
  endfacet
  facet normal 0.9822872507286885 -0.187381314585725 0
    outer loop
      vertex 1.4743621612915425 -0.3785518623971113 -1.3278608865786152
      vertex 1.5101815042651463 -0.1907802907746243 -1.2141391134213855
      vertex 1.4743621612915425 -0.3785518623971113 -1.2281391134213848
    endloop
  endfacet
  facet normal 0.9822872507286886 -0.18738131458572505 0
    outer loop
      vertex 1.4743621612915425 -0.3785518623971113 -1.3278608865786152
      vertex 1.5101815042651463 -0.1907802907746243 -1.313860886578615
      vertex 1.5101815042651463 -0.1907802907746243 -1.2141391134213855
    endloop
  endfacet
  facet normal 0.49201971953457 -0.09321117305690123 -0.8655797322063864
    outer loop
      vertex 1.4152912462931069 -0.5603534450136758 -1.242139113421385
      vertex 1.4743621612915425 -0.3785518623971113 -1.2281391134213848
      vertex 1.8927223359773875 -0.48596849817225507 -0.9787641819063264
    endloop
  endfacet
  facet normal 0.49982245481041726 -0.030809752689854263 -0.8655797322063857
    outer loop
      vertex 1.4743621612915425 -0.3785518623971113 -1.2281391134213848
      vertex 1.5101815042651463 -0.1907802907746243 -1.2141391134213855
      vertex 1.938705658315764 -0.24491548080498307 -0.9647641819063262
    endloop
  endfacet
  facet normal 0.4917816872033633 -0.09445898223533328 0.8655797322063857
    outer loop
      vertex 1.938705658315764 -0.24491548080498307 -1.5632358180936743
      vertex 1.5221843827777863 0 -1.2998608865786156
      vertex 1.5101815042651463 -0.1907802907746243 -1.313860886578615
    endloop
  endfacet
  facet normal 0.9980267284282716 -0.06279051952931339 0
    outer loop
      vertex 1.5101815042651463 -0.1907802907746243 -1.313860886578615
      vertex 1.5221843827777863 0 -1.2001391134213852
      vertex 1.5101815042651463 -0.1907802907746243 -1.2141391134213855
    endloop
  endfacet
  facet normal 0.9980267284282716 -0.06279051952931339 0
    outer loop
      vertex 1.5101815042651463 -0.1907802907746243 -1.313860886578615
      vertex 1.5221843827777863 0 -1.2998608865786156
      vertex 1.5221843827777863 0 -1.2001391134213852
    endloop
  endfacet
  facet normal 0.4843254443767123 -0.14252344615071047 0.8632009796256176
    outer loop
      vertex 1.8927223359773875 -0.48596849817225507 -1.5772358180936745
      vertex 1.938705658315764 -0.24491548080498307 -1.5632358180936743
      vertex 1.5101815042651463 -0.1907802907746243 -1.313860886578615
    endloop
  endfacet
  facet normal 0.4983693179515989 -0.08069753216692012 0.8632009796256183
    outer loop
      vertex 1.938705658315764 -0.24491548080498307 -1.5632358180936743
      vertex 1.9541144342958772 0 -1.549235818093674
      vertex 1.5221843827777863 0 -1.2998608865786156
    endloop
  endfacet
  facet normal 0.49974269139444144 0.03207755588197454 -0.8655797322063861
    outer loop
      vertex 1.5101815042651463 -0.1907802907746243 -1.2141391134213855
      vertex 1.5221843827777863 0 -1.2001391134213852
      vertex 1.9541144342958772 0 -0.9507641819063264
    endloop
  endfacet
  facet normal 0.502780789560153 -0.04577713864629393 -0.8632009796256184
    outer loop
      vertex 1.4743621612915425 -0.3785518623971113 -1.2281391134213848
      vertex 1.938705658315764 -0.24491548080498307 -0.9647641819063262
      vertex 1.8927223359773875 -0.48596849817225507 -0.9787641819063264
    endloop
  endfacet
  facet normal 0.9822872507286887 -0.18738131458572482 0
    outer loop
      vertex 1.8927223359773875 -0.48596849817225507 -0.9787641819063264
      vertex 1.938705658315764 -0.24491548080498307 -0.9647641819063262
      vertex 1.938705658315764 -0.24491548080498307 -0.8632358180936741
    endloop
  endfacet
  facet normal 0.48432544437671093 -0.14252344615071025 0.8632009796256184
    outer loop
      vertex 1.8927223359773875 -0.48596849817225507 -0.8772358180936743
      vertex 1.938705658315764 -0.24491548080498307 -0.8632358180936741
      vertex 1.5101815042651463 -0.1907802907746243 -0.6138608865786157
    endloop
  endfacet
  facet normal 0.9822872507286887 -0.18738131458572485 0
    outer loop
      vertex 1.8927223359773875 -0.48596849817225507 -0.9787641819063264
      vertex 1.938705658315764 -0.24491548080498307 -0.8632358180936741
      vertex 1.8927223359773875 -0.48596849817225507 -0.8772358180936743
    endloop
  endfacet
  facet normal 0.5045536096709913 0.017598969894487032 -0.8632009796256176
    outer loop
      vertex 1.5101815042651463 -0.1907802907746243 -1.2141391134213855
      vertex 1.9541144342958772 0 -0.9507641819063264
      vertex 1.938705658315764 -0.24491548080498307 -0.9647641819063262
    endloop
  endfacet
  facet normal 0.4983693179515989 -0.08069753216692012 0.8632009796256183
    outer loop
      vertex 1.938705658315764 -0.24491548080498307 -0.8632358180936741
      vertex 1.9541144342958772 0 -0.8492358180936739
      vertex 1.5221843827777863 0 -0.5998608865786155
    endloop
  endfacet
  facet normal 0.9980267284282716 -0.06279051952931333 0
    outer loop
      vertex 1.938705658315764 -0.24491548080498307 -0.9647641819063262
      vertex 1.9541144342958772 0 -0.8492358180936739
      vertex 1.938705658315764 -0.24491548080498307 -0.8632358180936741
    endloop
  endfacet
  facet normal 0.9980267284282716 -0.06279051952931333 0
    outer loop
      vertex 1.938705658315764 -0.24491548080498307 -0.9647641819063262
      vertex 1.9541144342958772 0 -0.9507641819063264
      vertex 1.9541144342958772 0 -0.8492358180936739
    endloop
  endfacet
  facet normal 0.7705132427757895 -0.6374239897486894 0
    outer loop
      vertex 1.1096246601958315 -1.0420069139203807 -0.6838608865786155
      vertex 1.2314730342393692 -0.8947175314667035 -0.6698608865786153
      vertex 1.2314730342393692 -0.8947175314667035 -0.5701391134213853
    endloop
  endfacet
  facet normal 0.8443279255020151 -0.5358267949789968 0
    outer loop
      vertex 1.2314730342393692 -0.8947175314667035 -0.6698608865786153
      vertex 1.3339003428866194 -0.7333179190634505 -0.5561391134213851
      vertex 1.2314730342393692 -0.8947175314667035 -0.5701391134213853
    endloop
  endfacet
  facet normal 0.8443279255020151 -0.5358267949789967 0
    outer loop
      vertex 1.2314730342393692 -0.8947175314667035 -0.6698608865786153
      vertex 1.3339003428866194 -0.7333179190634505 -0.6558608865786155
      vertex 1.3339003428866194 -0.7333179190634505 -0.5561391134213851
    endloop
  endfacet
  facet normal 0.4533813391743925 -0.2126431011858973 -0.865579732206386
    outer loop
      vertex 1.2314730342393692 -0.8947175314667035 -0.5701391134213853
      vertex 1.3339003428866194 -0.7333179190634505 -0.5561391134213851
      vertex 1.7124035323436124 -0.941401808337234 -0.30676418190632626
    endloop
  endfacet
  facet normal 0.9048270524660192 -0.4257792915650732 0
    outer loop
      vertex 1.3339003428866194 -0.7333179190634505 -0.6558608865786155
      vertex 1.4152912462931069 -0.5603534450136758 -0.5421391134213849
      vertex 1.3339003428866194 -0.7333179190634505 -0.5561391134213851
    endloop
  endfacet
  facet normal 0.9048270524660192 -0.4257792915650731 0
    outer loop
      vertex 1.3339003428866194 -0.7333179190634505 -0.6558608865786155
      vertex 1.4152912462931069 -0.5603534450136758 -0.6418608865786153
      vertex 1.4152912462931069 -0.5603534450136758 -0.5421391134213849
    endloop
  endfacet
  facet normal 0.9510565162951538 -0.30901699437494684 0
    outer loop
      vertex 1.4152912462931069 -0.5603534450136758 -0.6418608865786153
      vertex 1.4743621612915425 -0.3785518623971113 -0.5281391134213851
      vertex 1.4152912462931069 -0.5603534450136758 -0.5421391134213849
    endloop
  endfacet
  facet normal 0.38544561587576504 -0.3196926717891305 0.8655797322063864
    outer loop
      vertex 1.5809117862987512 -1.1485996457709655 -0.21923581809367398
      vertex 1.3339003428866194 -0.7333179190634505 0.04413911342138466
      vertex 1.2314730342393692 -0.8947175314667035 0.030139113421384423
    endloop
  endfacet
  facet normal 0.9510565162951538 -0.30901699437494684 0
    outer loop
      vertex 1.4152912462931069 -0.5603534450136758 -0.6418608865786153
      vertex 1.4743621612915425 -0.3785518623971113 -0.6278608865786155
      vertex 1.4743621612915425 -0.3785518623971113 -0.5281391134213851
    endloop
  endfacet
  facet normal 0.42247437836970303 -0.26886265418360655 0.8655797322063863
    outer loop
      vertex 1.7124035323436124 -0.941401808337234 -0.9052358180936739
      vertex 1.4152912462931069 -0.5603534450136758 -0.6418608865786153
      vertex 1.3339003428866194 -0.7333179190634505 -0.6558608865786155
    endloop
  endfacet
  facet normal 0.4756006950622451 -0.16937546348182422 -0.8632009796256179
    outer loop
      vertex 1.3339003428866194 -0.7333179190634505 -0.5561391134213851
      vertex 1.8168896517431288 -0.719357502019843 -0.29276418190632647
      vertex 1.7124035323436124 -0.941401808337234 -0.30676418190632626
    endloop
  endfacet
  facet normal 0.4528404675427921 -0.2137925119108395 0.865579732206386
    outer loop
      vertex 1.8168896517431288 -0.719357502019843 -0.8912358180936741
      vertex 1.4743621612915425 -0.3785518623971113 -0.6278608865786155
      vertex 1.4152912462931069 -0.5603534450136758 -0.6418608865786153
    endloop
  endfacet
  facet normal 0.4764575393633296 -0.15414259754318943 -0.8655797322063863
    outer loop
      vertex 1.3339003428866194 -0.7333179190634505 -0.5561391134213851
      vertex 1.4152912462931069 -0.5603534450136758 -0.5421391134213849
      vertex 1.8168896517431288 -0.719357502019843 -0.29276418190632647
    endloop
  endfacet
  facet normal 0.493078816051267 -0.10843131436468724 -0.8632009796256183
    outer loop
      vertex 1.4152912462931069 -0.5603534450136758 -0.5421391134213849
      vertex 1.8927223359773875 -0.48596849817225507 -0.27876418190632624
      vertex 1.8168896517431288 -0.719357502019843 -0.29276418190632647
    endloop
  endfacet
  facet normal 0.397848029837538 -0.3108070364836733 0.8632009796256177
    outer loop
      vertex 1.5809117862987512 -1.1485996457709655 -0.21923581809367398
      vertex 1.7124035323436124 -0.941401808337234 -0.20523581809367464
      vertex 1.3339003428866194 -0.7333179190634505 0.04413911342138466
    endloop
  endfacet
  facet normal 0.4224743783697054 -0.26886265418360533 0.8655797322063856
    outer loop
      vertex 1.7124035323436124 -0.941401808337234 -0.20523581809367464
      vertex 1.4152912462931069 -0.5603534450136758 0.05813911342138445
      vertex 1.3339003428866194 -0.7333179190634505 0.04413911342138466
    endloop
  endfacet
  facet normal 0.43366533018785763 -0.25849265012071426 0.863200979625618
    outer loop
      vertex 1.7124035323436124 -0.941401808337234 -0.20523581809367464
      vertex 1.8168896517431288 -0.719357502019843 -0.1912358180936744
      vertex 1.4152912462931069 -0.5603534450136758 0.05813911342138445
    endloop
  endfacet
  facet normal 0.4528404675427921 -0.2137925119108395 0.865579732206386
    outer loop
      vertex 1.8168896517431288 -0.719357502019843 -0.1912358180936744
      vertex 1.4743621612915425 -0.3785518623971113 0.07213911342138424
      vertex 1.4152912462931069 -0.5603534450136758 0.05813911342138445
    endloop
  endfacet
  facet normal 0.9048270524660191 -0.42577929156507366 0
    outer loop
      vertex 1.7124035323436124 -0.941401808337234 -0.30676418190632626
      vertex 1.8168896517431288 -0.719357502019843 -0.1912358180936744
      vertex 1.7124035323436124 -0.941401808337234 -0.20523581809367464
    endloop
  endfacet
  facet normal 0.9048270524660191 -0.42577929156507366 0
    outer loop
      vertex 1.7124035323436124 -0.941401808337234 -0.30676418190632626
      vertex 1.8168896517431288 -0.719357502019843 -0.29276418190632647
      vertex 1.8168896517431288 -0.719357502019843 -0.1912358180936744
    endloop
  endfacet
  facet normal 0.9510565162951538 -0.30901699437494673 0
    outer loop
      vertex 1.8168896517431288 -0.719357502019843 -0.29276418190632647
      vertex 1.8927223359773875 -0.48596849817225507 -0.17723581809367417
      vertex 1.8168896517431288 -0.719357502019843 -0.1912358180936744
    endloop
  endfacet
  facet normal 0.9510565162951538 -0.3090169943749468 0
    outer loop
      vertex 1.8168896517431288 -0.719357502019843 -0.29276418190632647
      vertex 1.8927223359773875 -0.48596849817225507 -0.27876418190632624
      vertex 1.8927223359773875 -0.48596849817225507 -0.17723581809367417
    endloop
  endfacet
  facet normal 0.4626434692220061 -0.20210168024932296 0.8632009796256183
    outer loop
      vertex 1.8168896517431288 -0.719357502019843 -0.1912358180936744
      vertex 1.8927223359773875 -0.48596849817225507 -0.17723581809367417
      vertex 1.4743621612915425 -0.3785518623971113 0.07213911342138424
    endloop
  endfacet
  facet normal 0.9822872507286885 -0.187381314585725 0
    outer loop
      vertex 1.4743621612915425 -0.3785518623971113 -0.6278608865786155
      vertex 1.5101815042651463 -0.1907802907746243 -0.6138608865786157
      vertex 1.5101815042651463 -0.1907802907746243 -0.5141391134213853
    endloop
  endfacet
  facet normal 0.4760649920289461 -0.1553507340117861 0.865579732206386
    outer loop
      vertex 1.8927223359773875 -0.48596849817225507 -0.8772358180936743
      vertex 1.5101815042651463 -0.1907802907746243 -0.6138608865786157
      vertex 1.4743621612915425 -0.3785518623971113 -0.6278608865786155
    endloop
  endfacet
  facet normal 0.9822872507286885 -0.187381314585725 0
    outer loop
      vertex 1.4743621612915425 -0.3785518623971113 -0.6278608865786155
      vertex 1.5101815042651463 -0.1907802907746243 -0.5141391134213853
      vertex 1.4743621612915425 -0.3785518623971113 -0.5281391134213851
    endloop
  endfacet
  facet normal 0.4920197195345702 -0.0932111730569034 -0.865579732206386
    outer loop
      vertex 1.4152912462931069 -0.5603534450136758 -0.5421391134213849
      vertex 1.4743621612915425 -0.3785518623971113 -0.5281391134213851
      vertex 1.8927223359773875 -0.48596849817225507 -0.27876418190632624
    endloop
  endfacet
  facet normal 0.4998224548104168 -0.030809752689852105 -0.8655797322063861
    outer loop
      vertex 1.4743621612915425 -0.3785518623971113 -0.5281391134213851
      vertex 1.5101815042651463 -0.1907802907746243 -0.5141391134213853
      vertex 1.938705658315764 -0.24491548080498307 -0.26476418190632645
    endloop
  endfacet
  facet normal 0.9980267284282716 -0.06279051952931339 0
    outer loop
      vertex 1.5101815042651463 -0.1907802907746243 -0.6138608865786157
      vertex 1.5221843827777863 0 -0.5998608865786155
      vertex 1.5221843827777863 0 -0.5001391134213851
    endloop
  endfacet
  facet normal 0.4917816872033613 -0.09445898223533726 0.8655797322063863
    outer loop
      vertex 1.938705658315764 -0.24491548080498307 -0.8632358180936741
      vertex 1.5221843827777863 0 -0.5998608865786155
      vertex 1.5101815042651463 -0.1907802907746243 -0.6138608865786157
    endloop
  endfacet
  facet normal 0.9980267284282716 -0.0627905195293134 0
    outer loop
      vertex 1.5101815042651463 -0.1907802907746243 -0.6138608865786157
      vertex 1.5221843827777863 0 -0.5001391134213851
      vertex 1.5101815042651463 -0.1907802907746243 -0.5141391134213853
    endloop
  endfacet
  facet normal 0.49974269139444144 0.03207755588197454 -0.8655797322063861
    outer loop
      vertex 1.5101815042651463 -0.1907802907746243 -0.5141391134213853
      vertex 1.5221843827777863 0 -0.5001391134213851
      vertex 1.9541144342958772 0 -0.2507641819063262
    endloop
  endfacet
  facet normal 0.4760649920289448 -0.1553507340117879 0.8655797322063863
    outer loop
      vertex 1.8927223359773875 -0.48596849817225507 -0.17723581809367417
      vertex 1.5101815042651463 -0.1907802907746243 0.08613911342138447
      vertex 1.4743621612915425 -0.3785518623971113 0.07213911342138424
    endloop
  endfacet
  facet normal 0.5027807895601534 -0.045777138646295616 -0.863200979625618
    outer loop
      vertex 1.4743621612915425 -0.3785518623971113 -0.5281391134213851
      vertex 1.938705658315764 -0.24491548080498307 -0.26476418190632645
      vertex 1.8927223359773875 -0.48596849817225507 -0.27876418190632624
    endloop
  endfacet
  facet normal 0.9822872507286887 -0.18738131458572485 0
    outer loop
      vertex 1.8927223359773875 -0.48596849817225507 -0.27876418190632624
      vertex 1.938705658315764 -0.24491548080498307 -0.16323581809367438
      vertex 1.8927223359773875 -0.48596849817225507 -0.17723581809367417
    endloop
  endfacet
  facet normal 0.9822872507286887 -0.18738131458572485 0
    outer loop
      vertex 1.8927223359773875 -0.48596849817225507 -0.27876418190632624
      vertex 1.938705658315764 -0.24491548080498307 -0.26476418190632645
      vertex 1.938705658315764 -0.24491548080498307 -0.16323581809367438
    endloop
  endfacet
  facet normal 0.4843254443767118 -0.14252344615070883 0.863200979625618
    outer loop
      vertex 1.8927223359773875 -0.48596849817225507 -0.17723581809367417
      vertex 1.938705658315764 -0.24491548080498307 -0.16323581809367438
      vertex 1.5101815042651463 -0.1907802907746243 0.08613911342138447
    endloop
  endfacet
  facet normal 0.5045536096709907 0.017598969894488736 -0.8632009796256179
    outer loop
      vertex 1.5101815042651463 -0.1907802907746243 -0.5141391134213853
      vertex 1.9541144342958772 0 -0.2507641819063262
      vertex 1.938705658315764 -0.24491548080498307 -0.26476418190632645
    endloop
  endfacet
  facet normal 0.9980267284282716 -0.06279051952931333 0
    outer loop
      vertex 1.938705658315764 -0.24491548080498307 -0.26476418190632645
      vertex 1.9541144342958772 0 -0.1492358180936746
      vertex 1.938705658315764 -0.24491548080498307 -0.16323581809367438
    endloop
  endfacet
  facet normal 0.9980267284282716 -0.06279051952931333 0
    outer loop
      vertex 1.938705658315764 -0.24491548080498307 -0.26476418190632645
      vertex 1.9541144342958772 0 -0.2507641819063262
      vertex 1.9541144342958772 0 -0.1492358180936746
    endloop
  endfacet
  facet normal 0.4983693179516003 -0.0806975321669186 0.8632009796256177
    outer loop
      vertex 1.938705658315764 -0.24491548080498307 -0.16323581809367438
      vertex 1.9541144342958772 0 -0.1492358180936746
      vertex 1.5221843827777863 0 0.1001391134213847
    endloop
  endfacet
  facet normal 0 -0.7078047818672457 -0.7064080908128535
    outer loop
      vertex -0.12269986054916919 -1.950258435834777 0.47411443429587674
      vertex 0.12269986054916919 -1.950258435834777 0.47411443429587674
      vertex 0.2453853503205582 -3.9002884546976855 2.428
    endloop
  endfacet
  facet normal 0.08871146204369962 -0.7022235297511815 -0.7064080908128535
    outer loop
      vertex 0.12269986054916919 -1.950258435834777 0.47411443429587674
      vertex 0.36616453154930145 -1.9195016952737438 0.47411443429587674
      vertex 0.7322861774010127 -3.8387785758477153 2.428
    endloop
  endfacet
  facet normal 0.17602389133730997 -0.6855677930829381 -0.7064080908128533
    outer loop
      vertex 1.2076384140172944 -3.7167288656814605 2.428
      vertex 0.36616453154930145 -1.9195016952737438 0.47411443429587674
      vertex 0.6038545691508126 -1.8584732663235117 0.47411443429587674
    endloop
  endfacet
  facet normal 0.26056031871295565 -0.6581002427794278 -0.7064080908128537
    outer loop
      vertex 1.6639454714363033 -3.536064121037205 2.428
      vertex 0.6038545691508126 -1.8584732663235117 0.47411443429587674
      vertex 0.8320214594715809 -1.7681356037652418 0.47411443429587674
    endloop
  endfacet
  facet normal 0.34098755421130855 -0.6202540585172572 -0.7064080908128535
    outer loop
      vertex 0.8320214594715809 -1.7681356037652418 0.47411443429587674
      vertex 1.0470668743509541 -1.6499133865025821 0.47411443429587674
      vertex 2.0940111147779175 -3.299633532861876 2.428
    endloop
  endfacet
  facet normal 0.41603721228365775 -0.5726260972304545 -0.7064080908128537
    outer loop
      vertex 1.0470668743509541 -1.6499133865025821 0.47411443429587674
      vertex 1.2455994191343822 -1.5056710495242929 0.47411443429587674
      vertex 2.491052951937881 -3.0111657527677838 2.428
    endloop
  endfacet
  facet normal 0.08871146204369937 -0.7022235297511815 -0.7064080908128536
    outer loop
      vertex 0.12269986054916919 -1.950258435834777 0.47411443429587674
      vertex 0.7322861774010127 -3.8387785758477153 2.428
      vertex 0.2453853503205582 -3.9002884546976855 2.428
    endloop
  endfacet
  facet normal 0.1760238913373097 -0.6855677930829381 -0.7064080908128536
    outer loop
      vertex 0.7322861774010127 -3.8387785758477153 2.428
      vertex 0.36616453154930145 -1.9195016952737438 0.47411443429587674
      vertex 1.2076384140172944 -3.7167288656814605 2.428
    endloop
  endfacet
  facet normal 0 -1 0
    outer loop
      vertex -0.2453853503205582 -3.9002884546976855 2.428
      vertex 0.2453853503205582 -3.9002884546976855 2.428
      vertex 0.2453853503205582 -3.9002884546976855 3.01
    endloop
  endfacet
  facet normal 0.12533323356430498 -0.9921147013144777 0
    outer loop
      vertex 0.2453853503205582 -3.9002884546976855 2.428
      vertex 0.7322861774010127 -3.8387785758477153 3.01
      vertex 0.2453853503205582 -3.9002884546976855 3.01
    endloop
  endfacet
  facet normal 0 0 1
    outer loop
      vertex 0.2453853503205582 -3.9002884546976855 3.01
      vertex 0.7322861774010127 -3.8387785758477153 3.01
      vertex -0.7367278109994221 -1.2760500000000001 3.01
    endloop
  endfacet
  facet normal 0 0 1
    outer loop
      vertex 0.7322861774010127 -3.8387785758477153 3.01
      vertex 1.2076384140172944 -3.7167288656814605 3.01
      vertex -0.7367278109994221 -1.2760500000000001 3.01
    endloop
  endfacet
  facet normal 0.12533323356430498 -0.9921147013144777 0
    outer loop
      vertex 0.2453853503205582 -3.9002884546976855 2.428
      vertex 0.7322861774010127 -3.8387785758477153 2.428
      vertex 0.7322861774010127 -3.8387785758477153 3.01
    endloop
  endfacet
  facet normal 0.2486898871648544 -0.9685831611286313 0
    outer loop
      vertex 0.7322861774010127 -3.8387785758477153 2.428
      vertex 1.2076384140172944 -3.7167288656814605 3.01
      vertex 0.7322861774010127 -3.8387785758477153 3.01
    endloop
  endfacet
  facet normal 0 0 1
    outer loop
      vertex 1.2076384140172944 -3.7167288656814605 3.01
      vertex 0.7367278109994221 -1.2760500000000001 3.01
      vertex -0.7367278109994221 -1.2760500000000001 3.01
    endloop
  endfacet
  facet normal 0.260560318712956 -0.6581002427794279 -0.7064080908128536
    outer loop
      vertex 1.2076384140172944 -3.7167288656814605 2.428
      vertex 0.6038545691508126 -1.8584732663235117 0.47411443429587674
      vertex 1.6639454714363033 -3.536064121037205 2.428
    endloop
  endfacet
  facet normal 0.2486898871648544 -0.9685831611286313 0
    outer loop
      vertex 0.7322861774010127 -3.8387785758477153 2.428
      vertex 1.2076384140172944 -3.7167288656814605 2.428
      vertex 1.2076384140172944 -3.7167288656814605 3.01
    endloop
  endfacet
  facet normal 0.3681245526846782 -0.9297764858882515 0
    outer loop
      vertex 1.2076384140172944 -3.7167288656814605 2.428
      vertex 1.6639454714363033 -3.536064121037205 3.01
      vertex 1.2076384140172944 -3.7167288656814605 3.01
    endloop
  endfacet
  facet normal 0.3681245526846782 -0.9297764858882515 0
    outer loop
      vertex 1.2076384140172944 -3.7167288656814605 2.428
      vertex 1.6639454714363033 -3.536064121037205 2.428
      vertex 1.6639454714363033 -3.536064121037205 3.01
    endloop
  endfacet
  facet normal 0.48175367410171505 -0.8763066800438638 0
    outer loop
      vertex 1.6639454714363033 -3.536064121037205 2.428
      vertex 2.0940111147779175 -3.299633532861876 3.01
      vertex 1.6639454714363033 -3.536064121037205 3.01
    endloop
  endfacet
  facet normal 0.48175367410171505 -0.8763066800438638 0
    outer loop
      vertex 1.6639454714363033 -3.536064121037205 2.428
      vertex 2.0940111147779175 -3.299633532861876 2.428
      vertex 2.0940111147779175 -3.299633532861876 3.01
    endloop
  endfacet
  facet normal 0.34098755421130855 -0.6202540585172572 -0.7064080908128536
    outer loop
      vertex 1.6639454714363033 -3.536064121037205 2.428
      vertex 0.8320214594715809 -1.7681356037652418 0.47411443429587674
      vertex 2.0940111147779175 -3.299633532861876 2.428
    endloop
  endfacet
  facet normal 0.41603721228365753 -0.5726260972304545 -0.7064080908128537
    outer loop
      vertex 1.0470668743509541 -1.6499133865025821 0.47411443429587674
      vertex 2.491052951937881 -3.0111657527677838 2.428
      vertex 2.0940111147779175 -3.299633532861876 2.428
    endloop
  endfacet
  facet normal 0 0 1
    outer loop
      vertex 1.2076384140172944 -3.7167288656814605 3.01
      vertex 1.6639454714363033 -3.536064121037205 3.01
      vertex 0.7367278109994221 -1.2760500000000001 3.01
    endloop
  endfacet
  facet normal 0 -1 0
    outer loop
      vertex -0.09557874821402501 -1.519180699608322 -0.08186088657861568
      vertex 0.09557874821402501 -1.519180699608322 -0.06786088657861544
      vertex 0.09557874821402501 -1.519180699608322 0.24571000489135209
    endloop
  endfacet
  facet normal 0.12533323356430442 -0.9921147013144778 0
    outer loop
      vertex 0.09557874821402501 -1.519180699608322 -0.06786088657861544
      vertex 0.28522891068676176 -1.4952223124609376 -0.05386088657861521
      vertex 0.28522891068676176 -1.4952223124609376 0.25971000489135143
    endloop
  endfacet
  facet normal 0.12533323356430442 -0.9921147013144778 0
    outer loop
      vertex 0.09557874821402501 -1.519180699608322 -0.06786088657861544
      vertex 0.28522891068676176 -1.4952223124609376 0.25971000489135143
      vertex 0.09557874821402501 -1.519180699608322 0.24571000489135209
    endloop
  endfacet
  facet normal 0 -1 0
    outer loop
      vertex -0.09557874821402501 -1.519180699608322 0.2317100048913514
      vertex 0.09557874821402501 -1.519180699608322 0.24571000489135209
      vertex 0.09557874821402501 -1.519180699608322 0.31740529770193104
    endloop
  endfacet
  facet normal 0 -1 0
    outer loop
      vertex -0.09557874821402501 -1.519180699608322 0.30340529770193037
      vertex 0.09557874821402501 -1.519180699608322 0.31740529770193104
      vertex 0.09557874821402501 -1.519180699608322 0.34659470229806866
    endloop
  endfacet
  facet normal 0 -1 0
    outer loop
      vertex -0.09557874821402501 -1.519180699608322 0.3325947022980684
      vertex 0.09557874821402501 -1.519180699608322 0.34659470229806866
      vertex 0.09557874821402501 -1.519180699608322 0.4182899951086476
    endloop
  endfacet
  facet normal 0.12533323356430442 -0.9921147013144778 0
    outer loop
      vertex 0.09557874821402501 -1.519180699608322 0.24571000489135209
      vertex 0.28522891068676176 -1.4952223124609376 0.25971000489135143
      vertex 0.28522891068676176 -1.4952223124609376 0.33140529770193083
    endloop
  endfacet
  facet normal 0.12533323356430442 -0.9921147013144779 0
    outer loop
      vertex 0.09557874821402501 -1.519180699608322 0.24571000489135209
      vertex 0.28522891068676176 -1.4952223124609376 0.33140529770193083
      vertex 0.09557874821402501 -1.519180699608322 0.31740529770193104
    endloop
  endfacet
  facet normal 0.12533323356430442 -0.9921147013144779 0
    outer loop
      vertex 0.09557874821402501 -1.519180699608322 0.31740529770193104
      vertex 0.28522891068676176 -1.4952223124609376 0.36059470229806845
      vertex 0.09557874821402501 -1.519180699608322 0.34659470229806866
    endloop
  endfacet
  facet normal 0.1253332335643044 -0.9921147013144779 0
    outer loop
      vertex 0.09557874821402501 -1.519180699608322 0.31740529770193104
      vertex 0.28522891068676176 -1.4952223124609376 0.33140529770193083
      vertex 0.28522891068676176 -1.4952223124609376 0.36059470229806845
    endloop
  endfacet
  facet normal 0.12533323356430442 -0.9921147013144779 0
    outer loop
      vertex 0.09557874821402501 -1.519180699608322 0.34659470229806866
      vertex 0.28522891068676176 -1.4952223124609376 0.36059470229806845
      vertex 0.28522891068676176 -1.4952223124609376 0.43228999510864785
    endloop
  endfacet
  facet normal 0.24868988716485452 -0.9685831611286312 0
    outer loop
      vertex 0.28522891068676176 -1.4952223124609376 -0.05386088657861521
      vertex 0.470380842850476 -1.4476833762435302 0.27371000489135167
      vertex 0.28522891068676176 -1.4952223124609376 0.25971000489135143
    endloop
  endfacet
  facet normal 0.24868988716485446 -0.9685831611286312 0
    outer loop
      vertex 0.28522891068676176 -1.4952223124609376 -0.05386088657861521
      vertex 0.470380842850476 -1.4476833762435302 -0.03986088657861542
      vertex 0.470380842850476 -1.4476833762435302 0.27371000489135167
    endloop
  endfacet
  facet normal 0.24868988716485452 -0.9685831611286312 0
    outer loop
      vertex 0.28522891068676176 -1.4952223124609376 0.25971000489135143
      vertex 0.470380842850476 -1.4476833762435302 0.34540529770193107
      vertex 0.28522891068676176 -1.4952223124609376 0.33140529770193083
    endloop
  endfacet
  facet normal 0.2486898871648545 -0.9685831611286312 0
    outer loop
      vertex 0.28522891068676176 -1.4952223124609376 0.33140529770193083
      vertex 0.470380842850476 -1.4476833762435302 0.3745947022980687
      vertex 0.28522891068676176 -1.4952223124609376 0.36059470229806845
    endloop
  endfacet
  facet normal 0.24868988716485457 -0.9685831611286312 0
    outer loop
      vertex 0.28522891068676176 -1.4952223124609376 0.25971000489135143
      vertex 0.470380842850476 -1.4476833762435302 0.27371000489135167
      vertex 0.470380842850476 -1.4476833762435302 0.34540529770193107
    endloop
  endfacet
  facet normal 0.2486898871648545 -0.9685831611286312 0
    outer loop
      vertex 0.28522891068676176 -1.4952223124609376 0.33140529770193083
      vertex 0.470380842850476 -1.4476833762435302 0.34540529770193107
      vertex 0.470380842850476 -1.4476833762435302 0.3745947022980687
    endloop
  endfacet
  facet normal 0 0 -1
    outer loop
      vertex -0.12269986054916919 -1.950258435834777 0.47411443429587674
      vertex 0.09557874821402501 -1.519180699608322 0.47411443429587674
      vertex 0.12269986054916919 -1.950258435834777 0.47411443429587674
    endloop
  endfacet
  facet normal 0 -1 0
    outer loop
      vertex -0.09557874821402501 -1.519180699608322 0.4042899951086474
      vertex 0.09557874821402501 -1.519180699608322 0.4182899951086476
      vertex 0.09557874821402501 -1.519180699608322 0.47411443429587674
    endloop
  endfacet
  facet normal 0 0 -1
    outer loop
      vertex 0.12269986054916919 -1.950258435834777 0.47411443429587674
      vertex 0.09557874821402501 -1.519180699608322 0.47411443429587674
      vertex 0.28522891068676176 -1.4952223124609376 0.47411443429587674
    endloop
  endfacet
  facet normal 0.12533323356430442 -0.9921147013144779 0
    outer loop
      vertex 0.09557874821402501 -1.519180699608322 0.34659470229806866
      vertex 0.28522891068676176 -1.4952223124609376 0.43228999510864785
      vertex 0.09557874821402501 -1.519180699608322 0.4182899951086476
    endloop
  endfacet
  facet normal 0.12533323356430442 -0.9921147013144779 0
    outer loop
      vertex 0.09557874821402501 -1.519180699608322 0.4182899951086476
      vertex 0.28522891068676176 -1.4952223124609376 0.47411443429587674
      vertex 0.09557874821402501 -1.519180699608322 0.47411443429587674
    endloop
  endfacet
  facet normal 0.12533323356430442 -0.9921147013144777 0
    outer loop
      vertex 0.09557874821402501 -1.519180699608322 0.4182899951086476
      vertex 0.28522891068676176 -1.4952223124609376 0.43228999510864785
      vertex 0.28522891068676176 -1.4952223124609376 0.47411443429587674
    endloop
  endfacet
  facet normal 0 0 -1
    outer loop
      vertex 0.12269986054916919 -1.950258435834777 0.47411443429587674
      vertex 0.28522891068676176 -1.4952223124609376 0.47411443429587674
      vertex 0.36616453154930145 -1.9195016952737438 0.47411443429587674
    endloop
  endfacet
  facet normal 0 0 -1
    outer loop
      vertex 0.36616453154930145 -1.9195016952737438 0.47411443429587674
      vertex 0.470380842850476 -1.4476833762435302 0.47411443429587674
      vertex 0.6038545691508126 -1.8584732663235117 0.47411443429587674
    endloop
  endfacet
  facet normal 0.24868988716485452 -0.9685831611286312 0
    outer loop
      vertex 0.28522891068676176 -1.4952223124609376 0.36059470229806845
      vertex 0.470380842850476 -1.4476833762435302 0.4462899951086481
      vertex 0.28522891068676176 -1.4952223124609376 0.43228999510864785
    endloop
  endfacet
  facet normal 0.24868988716485452 -0.9685831611286312 0
    outer loop
      vertex 0.28522891068676176 -1.4952223124609376 0.43228999510864785
      vertex 0.470380842850476 -1.4476833762435302 0.47411443429587674
      vertex 0.28522891068676176 -1.4952223124609376 0.47411443429587674
    endloop
  endfacet
  facet normal 0 0 -1
    outer loop
      vertex 0.36616453154930145 -1.9195016952737438 0.47411443429587674
      vertex 0.28522891068676176 -1.4952223124609376 0.47411443429587674
      vertex 0.470380842850476 -1.4476833762435302 0.47411443429587674
    endloop
  endfacet
  facet normal 0.24868988716485457 -0.9685831611286312 0
    outer loop
      vertex 0.28522891068676176 -1.4952223124609376 0.36059470229806845
      vertex 0.470380842850476 -1.4476833762435302 0.3745947022980687
      vertex 0.470380842850476 -1.4476833762435302 0.4462899951086481
    endloop
  endfacet
  facet normal 0.24868988716485455 -0.9685831611286312 0
    outer loop
      vertex 0.28522891068676176 -1.4952223124609376 0.43228999510864785
      vertex 0.470380842850476 -1.4476833762435302 0.4462899951086481
      vertex 0.470380842850476 -1.4476833762435302 0.47411443429587674
    endloop
  endfacet
  facet normal 0 0 -1
    outer loop
      vertex 0.470380842850476 -1.4476833762435302 0.47411443429587674
      vertex 0.6481145881305429 -1.3773136083786317 0.47411443429587674
      vertex 0.6038545691508126 -1.8584732663235117 0.47411443429587674
    endloop
  endfacet
  facet normal 0 0 -1
    outer loop
      vertex 0.6038545691508126 -1.8584732663235117 0.47411443429587674
      vertex 0.6481145881305429 -1.3773136083786317 0.47411443429587674
      vertex 0.8320214594715809 -1.7681356037652418 0.47411443429587674
    endloop
  endfacet
  facet normal 0 0 -1
    outer loop
      vertex 0.8320214594715809 -1.7681356037652418 0.47411443429587674
      vertex 0.6481145881305429 -1.3773136083786317 0.47411443429587674
      vertex 0.8156271791909028 -1.2852227821423339 0.47411443429587674
    endloop
  endfacet
  facet normal 0 0 -1
    outer loop
      vertex 0.8320214594715809 -1.7681356037652418 0.47411443429587674
      vertex 0.9702768424033635 -1.172863224876775 0.47411443429587674
      vertex 1.0470668743509541 -1.6499133865025821 0.47411443429587674
    endloop
  endfacet
  facet normal 0.36812455268467875 -0.9297764858882511 0
    outer loop
      vertex 0.470380842850476 -1.4476833762435302 -0.03986088657861542
      vertex 0.6481145881305429 -1.3773136083786317 -0.025860886578615627
      vertex 0.6481145881305429 -1.3773136083786317 0.28771000489135146
    endloop
  endfacet
  facet normal 0.36812455268467875 -0.9297764858882511 0
    outer loop
      vertex 0.470380842850476 -1.4476833762435302 -0.03986088657861542
      vertex 0.6481145881305429 -1.3773136083786317 0.28771000489135146
      vertex 0.470380842850476 -1.4476833762435302 0.27371000489135167
    endloop
  endfacet
  facet normal 0.4817536741017151 -0.8763066800438637 0
    outer loop
      vertex 0.6481145881305429 -1.3773136083786317 -0.025860886578615627
      vertex 0.8156271791909028 -1.2852227821423339 0.30171000489135125
      vertex 0.6481145881305429 -1.3773136083786317 0.28771000489135146
    endloop
  endfacet
  facet normal 0.36812455268467875 -0.9297764858882511 0
    outer loop
      vertex 0.470380842850476 -1.4476833762435302 0.27371000489135167
      vertex 0.6481145881305429 -1.3773136083786317 0.3594052977019304
      vertex 0.470380842850476 -1.4476833762435302 0.34540529770193107
    endloop
  endfacet
  facet normal 0.36812455268467886 -0.9297764858882511 0
    outer loop
      vertex 0.470380842850476 -1.4476833762435302 0.34540529770193107
      vertex 0.6481145881305429 -1.3773136083786317 0.3885947022980685
      vertex 0.470380842850476 -1.4476833762435302 0.3745947022980687
    endloop
  endfacet
  facet normal 0.3681245526846787 -0.9297764858882511 0
    outer loop
      vertex 0.470380842850476 -1.4476833762435302 0.27371000489135167
      vertex 0.6481145881305429 -1.3773136083786317 0.28771000489135146
      vertex 0.6481145881305429 -1.3773136083786317 0.3594052977019304
    endloop
  endfacet
  facet normal 0.3681245526846787 -0.9297764858882511 0
    outer loop
      vertex 0.470380842850476 -1.4476833762435302 0.34540529770193107
      vertex 0.6481145881305429 -1.3773136083786317 0.3594052977019304
      vertex 0.6481145881305429 -1.3773136083786317 0.3885947022980685
    endloop
  endfacet
  facet normal 0.48175367410171516 -0.8763066800438637 0
    outer loop
      vertex 0.6481145881305429 -1.3773136083786317 0.28771000489135146
      vertex 0.8156271791909028 -1.2852227821423339 0.37340529770193065
      vertex 0.6481145881305429 -1.3773136083786317 0.3594052977019304
    endloop
  endfacet
  facet normal 0.48175367410171516 -0.8763066800438637 0
    outer loop
      vertex 0.6481145881305429 -1.3773136083786317 -0.025860886578615627
      vertex 0.8156271791909028 -1.2852227821423339 -0.011860886578615393
      vertex 0.8156271791909028 -1.2852227821423339 0.30171000489135125
    endloop
  endfacet
  facet normal 0.4817536741017152 -0.8763066800438636 0
    outer loop
      vertex 0.6481145881305429 -1.3773136083786317 0.28771000489135146
      vertex 0.8156271791909028 -1.2852227821423339 0.30171000489135125
      vertex 0.8156271791909028 -1.2852227821423339 0.37340529770193065
    endloop
  endfacet
  facet normal 0.48175367410171516 -0.8763066800438636 0
    outer loop
      vertex 0.6481145881305429 -1.3773136083786317 0.3594052977019304
      vertex 0.8156271791909028 -1.2852227821423339 0.37340529770193065
      vertex 0.8156271791909028 -1.2852227821423339 0.40259470229806826
    endloop
  endfacet
  facet normal 0.5877852522924731 -0.8090169943749475 0
    outer loop
      vertex 0.8156271791909028 -1.2852227821423339 -0.011860886578615393
      vertex 0.9702768424033635 -1.172863224876775 0.3157100048913515
      vertex 0.8156271791909028 -1.2852227821423339 0.30171000489135125
    endloop
  endfacet
  facet normal 0.5877852522924731 -0.8090169943749473 0
    outer loop
      vertex 0.8156271791909028 -1.2852227821423339 0.30171000489135125
      vertex 0.9702768424033635 -1.172863224876775 0.3874052977019309
      vertex 0.8156271791909028 -1.2852227821423339 0.37340529770193065
    endloop
  endfacet
  facet normal 0.5877852522924731 -0.8090169943749473 0
    outer loop
      vertex 0.8156271791909028 -1.2852227821423339 -0.011860886578615393
      vertex 0.9702768424033635 -1.172863224876775 0.0021391134213843976
      vertex 0.9702768424033635 -1.172863224876775 0.3157100048913515
    endloop
  endfacet
  facet normal 0.5877852522924731 -0.8090169943749475 0
    outer loop
      vertex 0.8156271791909028 -1.2852227821423339 0.30171000489135125
      vertex 0.9702768424033635 -1.172863224876775 0.3157100048913515
      vertex 0.9702768424033635 -1.172863224876775 0.3874052977019309
    endloop
  endfacet
  facet normal 0.36812455268467875 -0.9297764858882511 0
    outer loop
      vertex 0.470380842850476 -1.4476833762435302 0.3745947022980687
      vertex 0.6481145881305429 -1.3773136083786317 0.46028999510864743
      vertex 0.470380842850476 -1.4476833762435302 0.4462899951086481
    endloop
  endfacet
  facet normal 0.3681245526846787 -0.929776485888251 0
    outer loop
      vertex 0.470380842850476 -1.4476833762435302 0.4462899951086481
      vertex 0.6481145881305429 -1.3773136083786317 0.47411443429587674
      vertex 0.470380842850476 -1.4476833762435302 0.47411443429587674
    endloop
  endfacet
  facet normal 0.3681245526846787 -0.9297764858882511 0
    outer loop
      vertex 0.470380842850476 -1.4476833762435302 0.3745947022980687
      vertex 0.6481145881305429 -1.3773136083786317 0.3885947022980685
      vertex 0.6481145881305429 -1.3773136083786317 0.46028999510864743
    endloop
  endfacet
  facet normal 0.3681245526846787 -0.9297764858882511 0
    outer loop
      vertex 0.470380842850476 -1.4476833762435302 0.4462899951086481
      vertex 0.6481145881305429 -1.3773136083786317 0.46028999510864743
      vertex 0.6481145881305429 -1.3773136083786317 0.47411443429587674
    endloop
  endfacet
  facet normal 0.4817536741017151 -0.8763066800438637 0
    outer loop
      vertex 0.6481145881305429 -1.3773136083786317 0.3594052977019304
      vertex 0.8156271791909028 -1.2852227821423339 0.40259470229806826
      vertex 0.6481145881305429 -1.3773136083786317 0.3885947022980685
    endloop
  endfacet
  facet normal 0.48175367410171516 -0.8763066800438637 0
    outer loop
      vertex 0.6481145881305429 -1.3773136083786317 0.3885947022980685
      vertex 0.8156271791909028 -1.2852227821423339 0.47411443429587674
      vertex 0.6481145881305429 -1.3773136083786317 0.46028999510864743
    endloop
  endfacet
  facet normal 0.4817536741017151 -0.8763066800438638 0
    outer loop
      vertex 0.6481145881305429 -1.3773136083786317 0.46028999510864743
      vertex 0.8156271791909028 -1.2852227821423339 0.47411443429587674
      vertex 0.6481145881305429 -1.3773136083786317 0.47411443429587674
    endloop
  endfacet
  facet normal 0.48175367410171516 -0.8763066800438636 0
    outer loop
      vertex 0.6481145881305429 -1.3773136083786317 0.3885947022980685
      vertex 0.8156271791909028 -1.2852227821423339 0.40259470229806826
      vertex 0.8156271791909028 -1.2852227821423339 0.47411443429587674
    endloop
  endfacet
  facet normal 0 0 -1
    outer loop
      vertex 0.8320214594715809 -1.7681356037652418 0.47411443429587674
      vertex 0.8156271791909028 -1.2852227821423339 0.47411443429587674
      vertex 0.9702768424033635 -1.172863224876775 0.47411443429587674
    endloop
  endfacet
  facet normal 0.5877852522924731 -0.8090169943749475 0
    outer loop
      vertex 0.8156271791909028 -1.2852227821423339 0.37340529770193065
      vertex 0.9702768424033635 -1.172863224876775 0.4165947022980685
      vertex 0.8156271791909028 -1.2852227821423339 0.40259470229806826
    endloop
  endfacet
  facet normal 0.5877852522924731 -0.8090169943749475 0
    outer loop
      vertex 0.8156271791909028 -1.2852227821423339 0.40259470229806826
      vertex 0.9702768424033635 -1.172863224876775 0.47411443429587674
      vertex 0.8156271791909028 -1.2852227821423339 0.47411443429587674
    endloop
  endfacet
  facet normal 0.5877852522924731 -0.8090169943749476 0
    outer loop
      vertex 0.8156271791909028 -1.2852227821423339 0.37340529770193065
      vertex 0.9702768424033635 -1.172863224876775 0.3874052977019309
      vertex 0.9702768424033635 -1.172863224876775 0.4165947022980685
    endloop
  endfacet
  facet normal 0.5877852522924731 -0.8090169943749475 0
    outer loop
      vertex 0.8156271791909028 -1.2852227821423339 0.40259470229806826
      vertex 0.9702768424033635 -1.172863224876775 0.4165947022980685
      vertex 0.9702768424033635 -1.172863224876775 0.47411443429587674
    endloop
  endfacet
  facet normal 0.6845471059286885 -0.7289686274214117 0
    outer loop
      vertex 0.9702768424033635 -1.172863224876775 0.0021391134213843976
      vertex 1.1096246601958315 -1.0420069139203807 0.016139113421384188
      vertex 1.1096246601958315 -1.0420069139203807 0.3297100048913517
    endloop
  endfacet
  facet normal 0.6845471059286886 -0.7289686274214117 0
    outer loop
      vertex 0.9702768424033635 -1.172863224876775 0.0021391134213843976
      vertex 1.1096246601958315 -1.0420069139203807 0.3297100048913517
      vertex 0.9702768424033635 -1.172863224876775 0.3157100048913515
    endloop
  endfacet
  facet normal 0.6845471059286886 -0.7289686274214116 0
    outer loop
      vertex 0.9702768424033635 -1.172863224876775 0.3157100048913515
      vertex 1.1096246601958315 -1.0420069139203807 0.4014052977019307
      vertex 0.9702768424033635 -1.172863224876775 0.3874052977019309
    endloop
  endfacet
  facet normal 0.6845471059286885 -0.7289686274214116 0
    outer loop
      vertex 0.9702768424033635 -1.172863224876775 0.3157100048913515
      vertex 1.1096246601958315 -1.0420069139203807 0.3297100048913517
      vertex 1.1096246601958315 -1.0420069139203807 0.4014052977019307
    endloop
  endfacet
  facet normal 0.7705132427757894 -0.6374239897486894 0
    outer loop
      vertex 1.1096246601958315 -1.0420069139203807 0.016139113421384188
      vertex 1.2314730342393692 -0.8947175314667035 0.3437100048913515
      vertex 1.1096246601958315 -1.0420069139203807 0.3297100048913517
    endloop
  endfacet
  facet normal 0 0 -1
    outer loop
      vertex 0.9702768424033635 -1.172863224876775 0.47411443429587674
      vertex 1.1096246601958315 -1.0420069139203807 0.47411443429587674
      vertex 1.0470668743509541 -1.6499133865025821 0.47411443429587674
    endloop
  endfacet
  facet normal 0 0 -1
    outer loop
      vertex 1.0470668743509541 -1.6499133865025821 0.47411443429587674
      vertex 1.1096246601958315 -1.0420069139203807 0.47411443429587674
      vertex 1.2455994191343822 -1.5056710495242929 0.47411443429587674
    endloop
  endfacet
  facet normal 0.6845471059286886 -0.7289686274214117 0
    outer loop
      vertex 0.9702768424033635 -1.172863224876775 0.3874052977019309
      vertex 1.1096246601958315 -1.0420069139203807 0.43059470229806873
      vertex 0.9702768424033635 -1.172863224876775 0.4165947022980685
    endloop
  endfacet
  facet normal 0.6845471059286885 -0.7289686274214117 0
    outer loop
      vertex 0.9702768424033635 -1.172863224876775 0.4165947022980685
      vertex 1.1096246601958315 -1.0420069139203807 0.47411443429587674
      vertex 0.9702768424033635 -1.172863224876775 0.47411443429587674
    endloop
  endfacet
  facet normal 0.6845471059286885 -0.7289686274214117 0
    outer loop
      vertex 0.9702768424033635 -1.172863224876775 0.3874052977019309
      vertex 1.1096246601958315 -1.0420069139203807 0.4014052977019307
      vertex 1.1096246601958315 -1.0420069139203807 0.43059470229806873
    endloop
  endfacet
  facet normal 0.6845471059286885 -0.7289686274214116 0
    outer loop
      vertex 0.9702768424033635 -1.172863224876775 0.4165947022980685
      vertex 1.1096246601958315 -1.0420069139203807 0.43059470229806873
      vertex 1.1096246601958315 -1.0420069139203807 0.47411443429587674
    endloop
  endfacet
  facet normal 0 0 -1
    outer loop
      vertex 1.2455994191343822 -1.5056710495242929 0.47411443429587674
      vertex 1.1096246601958315 -1.0420069139203807 0.47411443429587674
      vertex 1.2314730342393692 -0.8947175314667035 0.47411443429587674
    endloop
  endfacet
  facet normal 0.7705132427757895 -0.6374239897486895 0
    outer loop
      vertex 1.1096246601958315 -1.0420069139203807 0.3297100048913517
      vertex 1.2314730342393692 -0.8947175314667035 0.41540529770193046
      vertex 1.1096246601958315 -1.0420069139203807 0.4014052977019307
    endloop
  endfacet
  facet normal 0.7705132427757893 -0.6374239897486895 0
    outer loop
      vertex 1.1096246601958315 -1.0420069139203807 0.4014052977019307
      vertex 1.2314730342393692 -0.8947175314667035 0.4445947022980685
      vertex 1.1096246601958315 -1.0420069139203807 0.43059470229806873
    endloop
  endfacet
  facet normal 0.7705132427757894 -0.6374239897486895 0
    outer loop
      vertex 1.1096246601958315 -1.0420069139203807 0.43059470229806873
      vertex 1.2314730342393692 -0.8947175314667035 0.47411443429587674
      vertex 1.1096246601958315 -1.0420069139203807 0.47411443429587674
    endloop
  endfacet
  facet normal 0 0 -1
    outer loop
      vertex 1.2455994191343822 -1.5056710495242929 0.47411443429587674
      vertex 1.3339003428866194 -0.7333179190634505 0.47411443429587674
      vertex 1.424488116993034 -1.3376833806507191 0.47411443429587674
    endloop
  endfacet
  facet normal 0 0 -1
    outer loop
      vertex 1.2455994191343822 -1.5056710495242929 0.47411443429587674
      vertex 1.2314730342393692 -0.8947175314667035 0.47411443429587674
      vertex 1.3339003428866194 -0.7333179190634505 0.47411443429587674
    endloop
  endfacet
  facet normal 0.48452571498970987 -0.5159674803200777 -0.7064080908128535
    outer loop
      vertex 1.2455994191343822 -1.5056710495242929 0.47411443429587674
      vertex 1.424488116993034 -1.3376833806507191 0.47411443429587674
      vertex 2.848809395962877 -2.675210089969315 2.428
    endloop
  endfacet
  facet normal 0.7705132427757894 -0.6374239897486895 0
    outer loop
      vertex 1.1096246601958315 -1.0420069139203807 0.016139113421384188
      vertex 1.2314730342393692 -0.8947175314667035 0.030139113421384423
      vertex 1.2314730342393692 -0.8947175314667035 0.3437100048913515
    endloop
  endfacet
  facet normal 0.7705132427757894 -0.6374239897486895 0
    outer loop
      vertex 1.1096246601958315 -1.0420069139203807 0.3297100048913517
      vertex 1.2314730342393692 -0.8947175314667035 0.3437100048913515
      vertex 1.2314730342393692 -0.8947175314667035 0.41540529770193046
    endloop
  endfacet
  facet normal 0.844327925502015 -0.5358267949789967 0
    outer loop
      vertex 1.2314730342393692 -0.8947175314667035 0.030139113421384423
      vertex 1.3339003428866194 -0.7333179190634505 0.04413911342138466
      vertex 1.3339003428866194 -0.7333179190634505 0.3577100048913513
    endloop
  endfacet
  facet normal 0.8443279255020151 -0.5358267949789967 0
    outer loop
      vertex 1.2314730342393692 -0.8947175314667035 0.030139113421384423
      vertex 1.3339003428866194 -0.7333179190634505 0.3577100048913513
      vertex 1.2314730342393692 -0.8947175314667035 0.3437100048913515
    endloop
  endfacet
  facet normal 0.8443279255020151 -0.5358267949789967 0
    outer loop
      vertex 1.2314730342393692 -0.8947175314667035 0.3437100048913515
      vertex 1.3339003428866194 -0.7333179190634505 0.3577100048913513
      vertex 1.3339003428866194 -0.7333179190634505 0.4294052977019307
    endloop
  endfacet
  facet normal 0.9048270524660192 -0.4257792915650732 0
    outer loop
      vertex 1.3339003428866194 -0.7333179190634505 0.04413911342138466
      vertex 1.4152912462931069 -0.5603534450136758 0.05813911342138445
      vertex 1.4152912462931069 -0.5603534450136758 0.37171000489135153
    endloop
  endfacet
  facet normal 0.9048270524660194 -0.4257792915650732 0
    outer loop
      vertex 1.3339003428866194 -0.7333179190634505 0.04413911342138466
      vertex 1.4152912462931069 -0.5603534450136758 0.37171000489135153
      vertex 1.3339003428866194 -0.7333179190634505 0.3577100048913513
    endloop
  endfacet
  facet normal 0.9510565162951538 -0.30901699437494684 0
    outer loop
      vertex 1.4152912462931069 -0.5603534450136758 0.05813911342138445
      vertex 1.4743621612915425 -0.3785518623971113 0.38571000489135177
      vertex 1.4152912462931069 -0.5603534450136758 0.37171000489135153
    endloop
  endfacet
  facet normal 0.7705132427757893 -0.6374239897486895 0
    outer loop
      vertex 1.1096246601958315 -1.0420069139203807 0.4014052977019307
      vertex 1.2314730342393692 -0.8947175314667035 0.41540529770193046
      vertex 1.2314730342393692 -0.8947175314667035 0.4445947022980685
    endloop
  endfacet
  facet normal 0.7705132427757894 -0.6374239897486895 0
    outer loop
      vertex 1.1096246601958315 -1.0420069139203807 0.43059470229806873
      vertex 1.2314730342393692 -0.8947175314667035 0.4445947022980685
      vertex 1.2314730342393692 -0.8947175314667035 0.47411443429587674
    endloop
  endfacet
  facet normal 0.844327925502015 -0.5358267949789967 0
    outer loop
      vertex 1.2314730342393692 -0.8947175314667035 0.3437100048913515
      vertex 1.3339003428866194 -0.7333179190634505 0.4294052977019307
      vertex 1.2314730342393692 -0.8947175314667035 0.41540529770193046
    endloop
  endfacet
  facet normal 0.8443279255020151 -0.5358267949789967 0
    outer loop
      vertex 1.2314730342393692 -0.8947175314667035 0.41540529770193046
      vertex 1.3339003428866194 -0.7333179190634505 0.4585947022980683
      vertex 1.2314730342393692 -0.8947175314667035 0.4445947022980685
    endloop
  endfacet
  facet normal 0.8443279255020151 -0.5358267949789967 0
    outer loop
      vertex 1.2314730342393692 -0.8947175314667035 0.4445947022980685
      vertex 1.3339003428866194 -0.7333179190634505 0.47411443429587674
      vertex 1.2314730342393692 -0.8947175314667035 0.47411443429587674
    endloop
  endfacet
  facet normal 0.8443279255020151 -0.5358267949789967 0
    outer loop
      vertex 1.2314730342393692 -0.8947175314667035 0.41540529770193046
      vertex 1.3339003428866194 -0.7333179190634505 0.4294052977019307
      vertex 1.3339003428866194 -0.7333179190634505 0.4585947022980683
    endloop
  endfacet
  facet normal 0.8443279255020151 -0.5358267949789968 0
    outer loop
      vertex 1.2314730342393692 -0.8947175314667035 0.4445947022980685
      vertex 1.3339003428866194 -0.7333179190634505 0.4585947022980683
      vertex 1.3339003428866194 -0.7333179190634505 0.47411443429587674
    endloop
  endfacet
  facet normal 0 0 -1
    outer loop
      vertex 1.424488116993034 -1.3376833806507191 0.47411443429587674
      vertex 1.3339003428866194 -0.7333179190634505 0.47411443429587674
      vertex 1.4152912462931069 -0.5603534450136758 0.47411443429587674
    endloop
  endfacet
  facet normal 0 0 -1
    outer loop
      vertex 1.424488116993034 -1.3376833806507191 0.47411443429587674
      vertex 1.4152912462931069 -0.5603534450136758 0.47411443429587674
      vertex 1.4743621612915425 -0.3785518623971113 0.47411443429587674
    endloop
  endfacet
  facet normal 0.9048270524660192 -0.42577929156507316 0
    outer loop
      vertex 1.3339003428866194 -0.7333179190634505 0.3577100048913513
      vertex 1.4152912462931069 -0.5603534450136758 0.44340529770193093
      vertex 1.3339003428866194 -0.7333179190634505 0.4294052977019307
    endloop
  endfacet
  facet normal 0.9048270524660192 -0.42577929156507316 0
    outer loop
      vertex 1.3339003428866194 -0.7333179190634505 0.4294052977019307
      vertex 1.4152912462931069 -0.5603534450136758 0.47259470229806855
      vertex 1.3339003428866194 -0.7333179190634505 0.4585947022980683
    endloop
  endfacet
  facet normal 0.9048270524660192 -0.4257792915650732 0
    outer loop
      vertex 1.3339003428866194 -0.7333179190634505 0.4585947022980683
      vertex 1.4152912462931069 -0.5603534450136758 0.47411443429587674
      vertex 1.3339003428866194 -0.7333179190634505 0.47411443429587674
    endloop
  endfacet
  facet normal 0.9048270524660192 -0.42577929156507316 0
    outer loop
      vertex 1.3339003428866194 -0.7333179190634505 0.3577100048913513
      vertex 1.4152912462931069 -0.5603534450136758 0.37171000489135153
      vertex 1.4152912462931069 -0.5603534450136758 0.44340529770193093
    endloop
  endfacet
  facet normal 0.9048270524660192 -0.4257792915650732 0
    outer loop
      vertex 1.3339003428866194 -0.7333179190634505 0.4294052977019307
      vertex 1.4152912462931069 -0.5603534450136758 0.44340529770193093
      vertex 1.4152912462931069 -0.5603534450136758 0.47259470229806855
    endloop
  endfacet
  facet normal 0.9048270524660191 -0.42577929156507366 0
    outer loop
      vertex 1.3339003428866194 -0.7333179190634505 0.4585947022980683
      vertex 1.4152912462931069 -0.5603534450136758 0.47259470229806855
      vertex 1.4152912462931069 -0.5603534450136758 0.47411443429587674
    endloop
  endfacet
  facet normal 0.9510565162951538 -0.3090169943749469 0
    outer loop
      vertex 1.4152912462931069 -0.5603534450136758 0.37171000489135153
      vertex 1.4743621612915425 -0.3785518623971113 0.4574052977019307
      vertex 1.4152912462931069 -0.5603534450136758 0.44340529770193093
    endloop
  endfacet
  facet normal 0.9510565162951539 -0.3090169943749469 0
    outer loop
      vertex 1.4152912462931069 -0.5603534450136758 0.44340529770193093
      vertex 1.4743621612915425 -0.3785518623971113 0.47411443429587674
      vertex 1.4152912462931069 -0.5603534450136758 0.47259470229806855
    endloop
  endfacet
  facet normal 0.9510565162951538 -0.3090169943749469 0
    outer loop
      vertex 1.4152912462931069 -0.5603534450136758 0.47259470229806855
      vertex 1.4743621612915425 -0.3785518623971113 0.47411443429587674
      vertex 1.4152912462931069 -0.5603534450136758 0.47411443429587674
    endloop
  endfacet
  facet normal 0.9510565162951539 -0.30901699437494695 0
    outer loop
      vertex 1.4152912462931069 -0.5603534450136758 0.05813911342138445
      vertex 1.4743621612915425 -0.3785518623971113 0.07213911342138424
      vertex 1.4743621612915425 -0.3785518623971113 0.38571000489135177
    endloop
  endfacet
  facet normal 0.9510565162951538 -0.3090169943749469 0
    outer loop
      vertex 1.4152912462931069 -0.5603534450136758 0.37171000489135153
      vertex 1.4743621612915425 -0.3785518623971113 0.38571000489135177
      vertex 1.4743621612915425 -0.3785518623971113 0.4574052977019307
    endloop
  endfacet
  facet normal 0.9510565162951538 -0.30901699437494684 0
    outer loop
      vertex 1.4152912462931069 -0.5603534450136758 0.44340529770193093
      vertex 1.4743621612915425 -0.3785518623971113 0.4574052977019307
      vertex 1.4743621612915425 -0.3785518623971113 0.47411443429587674
    endloop
  endfacet
  facet normal 0 0 -1
    outer loop
      vertex 1.424488116993034 -1.3376833806507191 0.47411443429587674
      vertex 1.5101815042651463 -0.1907802907746243 0.47411443429587674
      vertex 1.5809117862987512 -1.1485996457709655 0.47411443429587674
    endloop
  endfacet
  facet normal 0 0 -1
    outer loop
      vertex 1.424488116993034 -1.3376833806507191 0.47411443429587674
      vertex 1.4743621612915425 -0.3785518623971113 0.47411443429587674
      vertex 1.5101815042651463 -0.1907802907746243 0.47411443429587674
    endloop
  endfacet
  facet normal 0.9822872507286886 -0.18738131458572502 0
    outer loop
      vertex 1.4743621612915425 -0.3785518623971113 0.07213911342138424
      vertex 1.5101815042651463 -0.1907802907746243 0.08613911342138447
      vertex 1.5101815042651463 -0.1907802907746243 0.39971000489135156
    endloop
  endfacet
  facet normal 0.9822872507286886 -0.18738131458572502 0
    outer loop
      vertex 1.4743621612915425 -0.3785518623971113 0.07213911342138424
      vertex 1.5101815042651463 -0.1907802907746243 0.39971000489135156
      vertex 1.4743621612915425 -0.3785518623971113 0.38571000489135177
    endloop
  endfacet
  facet normal 0.49178168720336196 -0.09445898223533723 0.8655797322063861
    outer loop
      vertex 1.938705658315764 -0.24491548080498307 -0.16323581809367438
      vertex 1.5221843827777863 0 0.1001391134213847
      vertex 1.5101815042651463 -0.1907802907746243 0.08613911342138447
    endloop
  endfacet
  facet normal 0.9980267284282716 -0.06279051952931339 0
    outer loop
      vertex 1.5101815042651463 -0.1907802907746243 0.08613911342138447
      vertex 1.5221843827777863 0 0.41371000489135135
      vertex 1.5101815042651463 -0.1907802907746243 0.39971000489135156
    endloop
  endfacet
  facet normal 0.9980267284282716 -0.06279051952931339 0
    outer loop
      vertex 1.5101815042651463 -0.1907802907746243 0.08613911342138447
      vertex 1.5221843827777863 0 0.1001391134213847
      vertex 1.5221843827777863 0 0.41371000489135135
    endloop
  endfacet
  facet normal 0 0 -1
    outer loop
      vertex 1.5809117862987512 -1.1485996457709655 0.47411443429587674
      vertex 1.5101815042651463 -0.1907802907746243 0.47411443429587674
      vertex 1.5221843827777863 0 0.47411443429587674
    endloop
  endfacet
  facet normal 0.9822872507286886 -0.187381314585725 0
    outer loop
      vertex 1.4743621612915425 -0.3785518623971113 0.38571000489135177
      vertex 1.5101815042651463 -0.1907802907746243 0.4714052977019305
      vertex 1.4743621612915425 -0.3785518623971113 0.4574052977019307
    endloop
  endfacet
  facet normal 0.9822872507286886 -0.187381314585725 0
    outer loop
      vertex 1.4743621612915425 -0.3785518623971113 0.4574052977019307
      vertex 1.5101815042651463 -0.1907802907746243 0.47411443429587674
      vertex 1.4743621612915425 -0.3785518623971113 0.47411443429587674
    endloop
  endfacet
  facet normal 0.9822872507286886 -0.18738131458572502 0
    outer loop
      vertex 1.4743621612915425 -0.3785518623971113 0.38571000489135177
      vertex 1.5101815042651463 -0.1907802907746243 0.39971000489135156
      vertex 1.5101815042651463 -0.1907802907746243 0.4714052977019305
    endloop
  endfacet
  facet normal 0.9822872507286886 -0.1873813145857251 0
    outer loop
      vertex 1.4743621612915425 -0.3785518623971113 0.4574052977019307
      vertex 1.5101815042651463 -0.1907802907746243 0.4714052977019305
      vertex 1.5101815042651463 -0.1907802907746243 0.47411443429587674
    endloop
  endfacet
  facet normal 0 0 -1
    outer loop
      vertex 1.5809117862987512 -1.1485996457709655 0.47411443429587674
      vertex 1.7124035323436124 0.941401808337234 0.47411443429587674
      vertex 1.7124035323436124 -0.941401808337234 0.47411443429587674
    endloop
  endfacet
  facet normal 0.9980267284282716 -0.06279051952931339 0
    outer loop
      vertex 1.5101815042651463 -0.1907802907746243 0.39971000489135156
      vertex 1.5221843827777863 0 0.47411443429587674
      vertex 1.5101815042651463 -0.1907802907746243 0.4714052977019305
    endloop
  endfacet
  facet normal 0.9980267284282716 -0.0627905195293134 0
    outer loop
      vertex 1.5101815042651463 -0.1907802907746243 0.4714052977019305
      vertex 1.5221843827777863 0 0.47411443429587674
      vertex 1.5101815042651463 -0.1907802907746243 0.47411443429587674
    endloop
  endfacet
  facet normal 0.9980267284282716 -0.06279051952931337 0
    outer loop
      vertex 1.5101815042651463 -0.1907802907746243 0.39971000489135156
      vertex 1.5221843827777863 0 0.41371000489135135
      vertex 1.5221843827777863 0 0.47411443429587674
    endloop
  endfacet
  facet normal 0 0 -1
    outer loop
      vertex 1.7124035323436124 -0.941401808337234 0.47411443429587674
      vertex 1.8168896517431288 0.719357502019843 0.47411443429587674
      vertex 1.8168896517431288 -0.719357502019843 0.47411443429587674
    endloop
  endfacet
  facet normal 0 0 -1
    outer loop
      vertex 1.8168896517431288 -0.719357502019843 0.47411443429587674
      vertex 1.8927223359773875 0.48596849817225507 0.47411443429587674
      vertex 1.8927223359773875 -0.48596849817225507 0.47411443429587674
    endloop
  endfacet
  facet normal 0 0 -1
    outer loop
      vertex 1.8927223359773875 -0.48596849817225507 0.47411443429587674
      vertex 1.938705658315764 0.24491548080498307 0.47411443429587674
      vertex 1.938705658315764 -0.24491548080498307 0.47411443429587674
    endloop
  endfacet
  facet normal 0 1 0
    outer loop
      vertex 0.7367278109994221 -1.2760500000000001 1.5
      vertex -0.7367278109994221 -1.2760500000000001 3.01
      vertex 0.7367278109994221 -1.2760500000000001 3.01
    endloop
  endfacet
  facet normal 0 0 1
    outer loop
      vertex 1.6639454714363033 -3.536064121037205 3.01
      vertex 1.4734556219988442 2.6243572805616862e-17 3.01
      vertex 0.7367278109994221 -1.2760500000000001 3.01
    endloop
  endfacet
  facet normal 0 0 1
    outer loop
      vertex 1.6639454714363033 -3.536064121037205 3.01
      vertex 2.0940111147779175 -3.299633532861876 3.01
      vertex 1.6639454714363033 3.536064121037205 3.01
    endloop
  endfacet
  facet normal -0.8660254037844386 0.5 0
    outer loop
      vertex 0.7367278109994221 -1.2760500000000001 1.5
      vertex 0.7367278109994221 -1.2760500000000001 3.01
      vertex 1.4734556219988442 2.6243572805616862e-17 1.5
    endloop
  endfacet
  facet normal -0.8660254037844386 0.5 0
    outer loop
      vertex 1.4734556219988442 2.6243572805616862e-17 1.5
      vertex 0.7367278109994221 -1.2760500000000001 3.01
      vertex 1.4734556219988442 2.6243572805616862e-17 3.01
    endloop
  endfacet
  facet normal 0.5877852522924727 -0.8090169943749478 0
    outer loop
      vertex 2.0940111147779175 -3.299633532861876 2.428
      vertex 2.491052951937881 -3.0111657527677838 2.428
      vertex 2.491052951937881 -3.0111657527677838 3.01
    endloop
  endfacet
  facet normal 0.5877852522924727 -0.8090169943749478 0
    outer loop
      vertex 2.0940111147779175 -3.299633532861876 2.428
      vertex 2.491052951937881 -3.0111657527677838 3.01
      vertex 2.0940111147779175 -3.299633532861876 3.01
    endloop
  endfacet
  facet normal 0.4845257149897102 -0.5159674803200774 -0.7064080908128536
    outer loop
      vertex 1.2455994191343822 -1.5056710495242929 0.47411443429587674
      vertex 2.848809395962877 -2.675210089969315 2.428
      vertex 2.491052951937881 -3.0111657527677838 2.428
    endloop
  endfacet
  facet normal 0.5453729577287413 -0.4511717480210211 -0.7064080908128536
    outer loop
      vertex 1.424488116993034 -1.3376833806507191 0.47411443429587674
      vertex 3.161638414017295 -2.2970647659589853 2.428
      vertex 2.848809395962877 -2.675210089969315 2.428
    endloop
  endfacet
  facet normal 0.6845471059286892 -0.7289686274214109 0
    outer loop
      vertex 2.491052951937881 -3.0111657527677838 2.428
      vertex 2.848809395962877 -2.675210089969315 2.428
      vertex 2.848809395962877 -2.675210089969315 3.01
    endloop
  endfacet
  facet normal 0.6845471059286892 -0.7289686274214109 0
    outer loop
      vertex 2.491052951937881 -3.0111657527677838 2.428
      vertex 2.848809395962877 -2.675210089969315 3.01
      vertex 2.491052951937881 -3.0111657527677838 3.01
    endloop
  endfacet
  facet normal 0.7705132427757888 -0.6374239897486904 0
    outer loop
      vertex 2.848809395962877 -2.675210089969315 2.428
      vertex 3.161638414017295 -2.2970647659589853 3.01
      vertex 2.848809395962877 -2.675210089969315 3.01
    endloop
  endfacet
  facet normal 0.7705132427757888 -0.6374239897486904 0
    outer loop
      vertex 2.848809395962877 -2.675210089969315 2.428
      vertex 3.161638414017295 -2.2970647659589853 2.428
      vertex 3.161638414017295 -2.2970647659589853 3.01
    endloop
  endfacet
  facet normal 0.8443279255020156 -0.5358267949789959 0
    outer loop
      vertex 3.161638414017295 -2.2970647659589853 2.428
      vertex 3.4246065056114188 -1.8826933583895038 2.428
      vertex 3.4246065056114188 -1.8826933583895038 3.01
    endloop
  endfacet
  facet normal 0.8443279255020156 -0.5358267949789959 0
    outer loop
      vertex 3.161638414017295 -2.2970647659589853 2.428
      vertex 3.4246065056114188 -1.8826933583895038 3.01
      vertex 3.161638414017295 -2.2970647659589853 3.01
    endloop
  endfacet
  facet normal 0.5453729577287417 -0.4511717480210205 -0.7064080908128537
    outer loop
      vertex 1.424488116993034 -1.3376833806507191 0.47411443429587674
      vertex 1.5809117862987512 -1.1485996457709655 0.47411443429587674
      vertex 3.161638414017295 -2.2970647659589853 2.428
    endloop
  endfacet
  facet normal 0.5976193431343779 -0.3792607677387339 -0.7064080908128535
    outer loop
      vertex 1.5809117862987512 -1.1485996457709655 0.47411443429587674
      vertex 1.7124035323436124 -0.941401808337234 0.47411443429587674
      vertex 3.4246065056114188 -1.8826933583895038 2.428
    endloop
  endfacet
  facet normal 0.6404409144982934 -0.3013686185898074 -0.7064080908128536
    outer loop
      vertex 1.7124035323436124 -0.941401808337234 0.47411443429587674
      vertex 1.8168896517431288 -0.719357502019843 0.47411443429587674
      vertex 3.6335665068512863 -1.4386307518917232 2.428
    endloop
  endfacet
  facet normal 0.6731623500597138 -0.21872370629683105 -0.7064080908128536
    outer loop
      vertex 1.8168896517431288 -0.719357502019843 0.47411443429587674
      vertex 1.8927223359773875 -0.48596849817225507 0.47411443429587674
      vertex 3.785222993690691 -0.9718800790402512 2.428
    endloop
  endfacet
  facet normal 0.695267613232996 -0.1326293904963467 -0.7064080908128536
    outer loop
      vertex 1.8927223359773875 -0.48596849817225507 0.47411443429587674
      vertex 1.938705658315764 -0.24491548080498307 0.47411443429587674
      vertex 3.87718425273698 -0.4898022767693003 2.428
    endloop
  endfacet
  facet normal 0.7064080908128535 -0.04444342997877665 -0.7064080908128536
    outer loop
      vertex 1.938705658315764 -0.24491548080498307 0.47411443429587674
      vertex 1.9541144342958772 0 0.47411443429587674
      vertex 3.9080000000000004 0 2.428
    endloop
  endfacet
  facet normal 0.5976193431343783 -0.3792607677387334 -0.7064080908128535
    outer loop
      vertex 1.5809117862987512 -1.1485996457709655 0.47411443429587674
      vertex 3.4246065056114188 -1.8826933583895038 2.428
      vertex 3.161638414017295 -2.2970647659589853 2.428
    endloop
  endfacet
  facet normal 0.6404409144982937 -0.30136861858980707 -0.7064080908128536
    outer loop
      vertex 1.7124035323436124 -0.941401808337234 0.47411443429587674
      vertex 3.6335665068512863 -1.4386307518917232 2.428
      vertex 3.4246065056114188 -1.8826933583895038 2.428
    endloop
  endfacet
  facet normal 0 0 1
    outer loop
      vertex 2.0940111147779175 -3.299633532861876 3.01
      vertex 2.491052951937881 -3.0111657527677838 3.01
      vertex 2.0940111147779175 3.299633532861876 3.01
    endloop
  endfacet
  facet normal 0 0 1
    outer loop
      vertex 2.491052951937881 -3.0111657527677838 3.01
      vertex 2.848809395962877 -2.675210089969315 3.01
      vertex 2.491052951937881 3.0111657527677838 3.01
    endloop
  endfacet
  facet normal 0.6731623500597138 -0.21872370629683152 -0.7064080908128535
    outer loop
      vertex 1.8168896517431288 -0.719357502019843 0.47411443429587674
      vertex 3.785222993690691 -0.9718800790402512 2.428
      vertex 3.6335665068512863 -1.4386307518917232 2.428
    endloop
  endfacet
  facet normal 0.904827052466019 -0.42577929156507355 0
    outer loop
      vertex 3.4246065056114188 -1.8826933583895038 2.428
      vertex 3.6335665068512863 -1.4386307518917232 2.428
      vertex 3.6335665068512863 -1.4386307518917232 3.01
    endloop
  endfacet
  facet normal 0.904827052466019 -0.42577929156507355 0
    outer loop
      vertex 3.4246065056114188 -1.8826933583895038 2.428
      vertex 3.6335665068512863 -1.4386307518917232 3.01
      vertex 3.4246065056114188 -1.8826933583895038 3.01
    endloop
  endfacet
  facet normal 0.9510565162951536 -0.30901699437494723 0
    outer loop
      vertex 3.6335665068512863 -1.4386307518917232 2.428
      vertex 3.785222993690691 -0.9718800790402512 2.428
      vertex 3.785222993690691 -0.9718800790402512 3.01
    endloop
  endfacet
  facet normal 0.9510565162951536 -0.30901699437494723 0
    outer loop
      vertex 3.6335665068512863 -1.4386307518917232 2.428
      vertex 3.785222993690691 -0.9718800790402512 3.01
      vertex 3.6335665068512863 -1.4386307518917232 3.01
    endloop
  endfacet
  facet normal 0.6952676132329959 -0.13262939049634662 -0.7064080908128536
    outer loop
      vertex 1.8927223359773875 -0.48596849817225507 0.47411443429587674
      vertex 3.87718425273698 -0.4898022767693003 2.428
      vertex 3.785222993690691 -0.9718800790402512 2.428
    endloop
  endfacet
  facet normal 0.7064080908128536 -0.044443429978776455 -0.7064080908128536
    outer loop
      vertex 1.938705658315764 -0.24491548080498307 0.47411443429587674
      vertex 3.9080000000000004 0 2.428
      vertex 3.87718425273698 -0.4898022767693003 2.428
    endloop
  endfacet
  facet normal 0 0 1
    outer loop
      vertex 2.848809395962877 -2.675210089969315 3.01
      vertex 3.161638414017295 -2.2970647659589853 3.01
      vertex 2.848809395962877 2.675210089969315 3.01
    endloop
  endfacet
  facet normal 0 0 1
    outer loop
      vertex 3.161638414017295 -2.2970647659589853 3.01
      vertex 3.4246065056114188 -1.8826933583895038 3.01
      vertex 3.161638414017295 2.2970647659589853 3.01
    endloop
  endfacet
  facet normal 0.9822872507286886 -0.18738131458572463 0
    outer loop
      vertex 3.785222993690691 -0.9718800790402512 2.428
      vertex 3.87718425273698 -0.4898022767693003 2.428
      vertex 3.87718425273698 -0.4898022767693003 3.01
    endloop
  endfacet
  facet normal 0.9822872507286886 -0.18738131458572463 0
    outer loop
      vertex 3.785222993690691 -0.9718800790402512 2.428
      vertex 3.87718425273698 -0.4898022767693003 3.01
      vertex 3.785222993690691 -0.9718800790402512 3.01
    endloop
  endfacet
  facet normal 0.9980267284282717 -0.06279051952931296 0
    outer loop
      vertex 3.87718425273698 -0.4898022767693003 2.428
      vertex 3.9080000000000004 0 2.428
      vertex 3.9080000000000004 0 3.01
    endloop
  endfacet
  facet normal 0 0 1
    outer loop
      vertex 3.4246065056114188 -1.8826933583895038 3.01
      vertex 3.6335665068512863 -1.4386307518917232 3.01
      vertex 3.4246065056114188 1.8826933583895038 3.01
    endloop
  endfacet
  facet normal 0.9980267284282717 -0.06279051952931296 0
    outer loop
      vertex 3.87718425273698 -0.4898022767693003 2.428
      vertex 3.9080000000000004 0 3.01
      vertex 3.87718425273698 -0.4898022767693003 3.01
    endloop
  endfacet
  facet normal 0 0 1
    outer loop
      vertex 3.6335665068512863 -1.4386307518917232 3.01
      vertex 3.785222993690691 -0.9718800790402512 3.01
      vertex 3.6335665068512863 1.4386307518917232 3.01
    endloop
  endfacet
  facet normal 0 0 1
    outer loop
      vertex 3.785222993690691 -0.9718800790402512 3.01
      vertex 3.87718425273698 -0.4898022767693003 3.01
      vertex 3.785222993690691 0.9718800790402512 3.01
    endloop
  endfacet
  facet normal 0 0 -1
    outer loop
      vertex -0.07964895684502024 1.2659839163402684 -3
      vertex 0.07964895684502024 1.2659839163402684 -3
      vertex 0 0 -3
    endloop
  endfacet
  facet normal 0 0 -1
    outer loop
      vertex 0 0 -3
      vertex 0.07964895684502024 1.2659839163402684 -3
      vertex 0.23769075890563446 1.246018593717448 -3
    endloop
  endfacet
  facet normal 0 0 -1
    outer loop
      vertex 0 0 -3
      vertex 0.23769075890563446 1.246018593717448 -3
      vertex 0.39198403570872997 1.206402813536275 -3
    endloop
  endfacet
  facet normal 0 0 -1
    outer loop
      vertex 0 0 -3
      vertex 0.39198403570872997 1.206402813536275 -3
      vertex 0.5400954901087862 1.1477613403155262 -3
    endloop
  endfacet
  facet normal 0 0 -1
    outer loop
      vertex 0 0 -3
      vertex 0.5400954901087862 1.1477613403155262 -3
      vertex 0.6796893159924196 1.0710189851186112 -3
    endloop
  endfacet
  facet normal 0 0 -1
    outer loop
      vertex 0 0 -3
      vertex 1.0262275285328077 0.7455979428889197 -3
      vertex 1.1115836190721828 0.6110982658862087 -3
    endloop
  endfacet
  facet normal 0 0 -1
    outer loop
      vertex 0 0 -3
      vertex 1.2584845868876218 0.15898357564552051 -3
      vertex 1.2684869856481553 0 -3
    endloop
  endfacet
  facet normal 0 0 -1
    outer loop
      vertex 0 0 -3
      vertex 1.2286351344096187 0.3154598853309265 -3
      vertex 1.2584845868876218 0.15898357564552051 -3
    endloop
  endfacet
  facet normal 0 0 -1
    outer loop
      vertex 0 0 -3
      vertex 1.1115836190721828 0.6110982658862087 -3
      vertex 1.1794093719109227 0.46696120417806264 -3
    endloop
  endfacet
  facet normal 0 0 -1
    outer loop
      vertex 0 0 -3
      vertex 1.1794093719109227 0.46696120417806264 -3
      vertex 1.2286351344096187 0.3154598853309265 -3
    endloop
  endfacet
  facet normal 0 0 -1
    outer loop
      vertex 0 0 -3
      vertex 0.6796893159924196 1.0710189851186112 -3
      vertex 0.808564035336136 0.9773860207306461 -3
    endloop
  endfacet
  facet normal 0 0 -1
    outer loop
      vertex 0 0 -3
      vertex 0.808564035336136 0.9773860207306461 -3
      vertex 0.9246872168298595 0.8683390949336509 -3
    endloop
  endfacet
  facet normal 0 0 -1
    outer loop
      vertex 0 0 -3
      vertex 0.9246872168298595 0.8683390949336509 -3
      vertex 1.0262275285328077 0.7455979428889197 -3
    endloop
  endfacet
  facet normal 0 0.707804781867246 -0.706408090812853
    outer loop
      vertex -0.09557874821402428 1.519180699608322 -2.7463026028703688
      vertex 0.09557874821402428 1.519180699608322 -2.7463026028703688
      vertex 0.07964895684502024 1.2659839163402684 -3
    endloop
  endfacet
  facet normal 0.0887114620436999 0.7022235297511815 -0.7064080908128536
    outer loop
      vertex 0.07964895684502024 1.2659839163402684 -3
      vertex 0.28522891068676137 1.4952223124609376 -2.7463026028703688
      vertex 0.23769075890563446 1.246018593717448 -3
    endloop
  endfacet
  facet normal 0.08871146204369885 0.7022235297511821 -0.706408090812853
    outer loop
      vertex 0.07964895684502024 1.2659839163402684 -3
      vertex 0.09557874821402428 1.519180699608322 -2.7463026028703688
      vertex 0.28522891068676137 1.4952223124609376 -2.7463026028703688
    endloop
  endfacet
  facet normal 0.17602389133730978 0.6855677930829382 -0.7064080908128533
    outer loop
      vertex 0.23769075890563446 1.246018593717448 -3
      vertex 0.28522891068676137 1.4952223124609376 -2.7463026028703688
      vertex 0.39198403570872997 1.206402813536275 -3
    endloop
  endfacet
  facet normal 0.2605603187129559 0.658100242779428 -0.7064080908128536
    outer loop
      vertex 0.39198403570872997 1.206402813536275 -3
      vertex 0.470380842850476 1.4476833762435302 -2.7463026028703688
      vertex 0.5400954901087862 1.1477613403155262 -3
    endloop
  endfacet
  facet normal 0.17602389133730936 0.6855677930829381 -0.7064080908128535
    outer loop
      vertex 0.39198403570872997 1.206402813536275 -3
      vertex 0.28522891068676137 1.4952223124609376 -2.7463026028703688
      vertex 0.470380842850476 1.4476833762435302 -2.7463026028703688
    endloop
  endfacet
  facet normal 0 1 0
    outer loop
      vertex -0.09557874821402428 1.519180699608322 -2.731710004891352
      vertex 0.09557874821402428 1.519180699608322 -2.745710004891352
      vertex 0.09557874821402428 1.519180699608322 -2.7463026028703688
    endloop
  endfacet
  facet normal 0.1253332335643042 0.9921147013144778 0
    outer loop
      vertex 0.09557874821402428 1.519180699608322 -2.7463026028703688
      vertex 0.09557874821402428 1.519180699608322 -2.745710004891352
      vertex 0.28522891068676137 1.4952223124609376 -2.7463026028703688
    endloop
  endfacet
  facet normal 0.1253332335643042 0.9921147013144779 0
    outer loop
      vertex 0.09557874821402428 1.519180699608322 -2.745710004891352
      vertex 0.09557874821402428 1.519180699608322 -2.4321391134213854
      vertex 0.28522891068676137 1.4952223124609376 -2.7463026028703688
    endloop
  endfacet
  facet normal 0.24868988716485402 0.9685831611286313 0
    outer loop
      vertex 0.470380842850476 1.4476833762435302 -2.7463026028703688
      vertex 0.28522891068676137 1.4952223124609376 -2.7463026028703688
      vertex 0.28522891068676137 1.4952223124609376 -2.446139113421385
    endloop
  endfacet
  facet normal 0 1 0
    outer loop
      vertex -0.09557874821402428 1.519180699608322 -2.418139113421385
      vertex 0.09557874821402428 1.519180699608322 -2.4321391134213854
      vertex 0.09557874821402428 1.519180699608322 -2.745710004891352
    endloop
  endfacet
  facet normal 0.1253332335643042 0.9921147013144778 0
    outer loop
      vertex 0.28522891068676137 1.4952223124609376 -2.7463026028703688
      vertex 0.09557874821402428 1.519180699608322 -2.4321391134213854
      vertex 0.28522891068676137 1.4952223124609376 -2.446139113421385
    endloop
  endfacet
  facet normal -0.0006351549292236041 0.500770729747394 -0.8655797322063857
    outer loop
      vertex 0.09557874821402428 1.519180699608322 -2.4321391134213854
      vertex 0.12269986054916825 1.950258435834777 -2.182764181906326
      vertex 0.28522891068676137 1.4952223124609376 -2.446139113421385
    endloop
  endfacet
  facet normal -0.049245425629136 0.502452939913759 -0.8632009796256175
    outer loop
      vertex -0.12269986054916825 1.950258435834777 -2.168764181906326
      vertex 0.12269986054916825 1.950258435834777 -2.182764181906326
      vertex 0.09557874821402428 1.519180699608322 -2.4321391134213854
    endloop
  endfacet
  facet normal 0.24868988716485402 0.9685831611286312 0
    outer loop
      vertex 0.470380842850476 1.4476833762435302 -2.7463026028703688
      vertex 0.28522891068676137 1.4952223124609376 -2.446139113421385
      vertex 0.470380842850476 1.4476833762435302 -2.460139113421385
    endloop
  endfacet
  facet normal 0.06213306829069739 0.49690160899146224 -0.8655797322063865
    outer loop
      vertex 0.470380842850476 1.4476833762435302 -2.460139113421385
      vertex 0.28522891068676137 1.4952223124609376 -2.446139113421385
      vertex 0.36616453154930095 1.919501695273744 -2.1967641819063264
    endloop
  endfacet
  facet normal 0.014116940934127685 0.504663036839469 -0.8632009796256183
    outer loop
      vertex 0.28522891068676137 1.4952223124609376 -2.446139113421385
      vertex 0.12269986054916825 1.950258435834777 -2.182764181906326
      vertex 0.36616453154930095 1.919501695273744 -2.1967641819063264
    endloop
  endfacet
  facet normal 0.07725667490580874 0.4989142962031366 -0.8632009796256183
    outer loop
      vertex 0.470380842850476 1.4476833762435302 -2.460139113421385
      vertex 0.36616453154930095 1.919501695273744 -2.1967641819063264
      vertex 0.6038545691508126 1.8584732663235117 -2.2107641819063266
    endloop
  endfacet
  facet normal 0.34098755421130916 0.6202540585172568 -0.7064080908128537
    outer loop
      vertex 0.5400954901087862 1.1477613403155262 -3
      vertex 0.8156271791909036 1.2852227821423337 -2.7463026028703688
      vertex 0.6796893159924196 1.0710189851186112 -3
    endloop
  endfacet
  facet normal 0.2605603187129567 0.658100242779428 -0.7064080908128533
    outer loop
      vertex 0.470380842850476 1.4476833762435302 -2.7463026028703688
      vertex 0.6481145881305433 1.3773136083786315 -2.7463026028703688
      vertex 0.5400954901087862 1.1477613403155262 -3
    endloop
  endfacet
  facet normal 0.3409875542113082 0.6202540585172578 -0.7064080908128532
    outer loop
      vertex 0.5400954901087862 1.1477613403155262 -3
      vertex 0.6481145881305433 1.3773136083786315 -2.7463026028703688
      vertex 0.8156271791909036 1.2852227821423337 -2.7463026028703688
    endloop
  endfacet
  facet normal 0.368124552684679 0.929776485888251 0
    outer loop
      vertex 0.470380842850476 1.4476833762435302 -2.7463026028703688
      vertex 0.470380842850476 1.4476833762435302 -2.460139113421385
      vertex 0.6481145881305433 1.3773136083786315 -2.7463026028703688
    endloop
  endfacet
  facet normal 0.4817536741017144 0.876306680043864 0
    outer loop
      vertex 0.6481145881305433 1.3773136083786315 -2.7463026028703688
      vertex 0.6481145881305433 1.3773136083786315 -2.4741391134213853
      vertex 0.8156271791909036 1.2852227821423337 -2.7463026028703688
    endloop
  endfacet
  facet normal 0.4160372122836578 0.5726260972304543 -0.7064080908128537
    outer loop
      vertex 0.6796893159924196 1.0710189851186112 -3
      vertex 0.8156271791909036 1.2852227821423337 -2.7463026028703688
      vertex 0.808564035336136 0.9773860207306461 -3
    endloop
  endfacet
  facet normal 0.48452571498970914 0.5159674803200787 -0.7064080908128533
    outer loop
      vertex 0.9246872168298595 0.8683390949336509 -3
      vertex 0.808564035336136 0.9773860207306461 -3
      vertex 0.9702768424033632 1.1728632248767752 -2.7463026028703688
    endloop
  endfacet
  facet normal 0.416037212283659 0.572626097230454 -0.7064080908128533
    outer loop
      vertex 0.808564035336136 0.9773860207306461 -3
      vertex 0.8156271791909036 1.2852227821423337 -2.7463026028703688
      vertex 0.9702768424033632 1.1728632248767752 -2.7463026028703688
    endloop
  endfacet
  facet normal 0.5877852522924745 0.8090169943749466 0
    outer loop
      vertex 0.9702768424033632 1.1728632248767752 -2.7463026028703688
      vertex 0.8156271791909036 1.2852227821423337 -2.7463026028703688
      vertex 0.8156271791909036 1.2852227821423337 -2.4881391134213846
    endloop
  endfacet
  facet normal 0.3681245526846789 0.9297764858882509 0
    outer loop
      vertex 0.470380842850476 1.4476833762435302 -2.460139113421385
      vertex 0.6481145881305433 1.3773136083786315 -2.4741391134213853
      vertex 0.6481145881305433 1.3773136083786315 -2.7463026028703688
    endloop
  endfacet
  facet normal 0.5877852522924745 0.8090169943749466 0
    outer loop
      vertex 0.9702768424033632 1.1728632248767752 -2.7463026028703688
      vertex 0.8156271791909036 1.2852227821423337 -2.4881391134213846
      vertex 0.9702768424033632 1.1728632248767752 -2.502139113421385
    endloop
  endfacet
  facet normal 0.4817536741017143 0.876306680043864 0
    outer loop
      vertex 0.8156271791909036 1.2852227821423337 -2.7463026028703688
      vertex 0.6481145881305433 1.3773136083786315 -2.4741391134213853
      vertex 0.8156271791909036 1.2852227821423337 -2.4881391134213846
    endloop
  endfacet
  facet normal 0.2406915484310592 0.43913472386885966 -0.8655797322063863
    outer loop
      vertex 0.9702768424033632 1.1728632248767752 -2.502139113421385
      vertex 0.8156271791909036 1.2852227821423337 -2.4881391134213846
      vertex 1.047066874350955 1.6499133865025817 -2.238764181906326
    endloop
  endfacet
  facet normal 0.12392141590718382 0.485196053027103 -0.8655797322063863
    outer loop
      vertex 0.470380842850476 1.4476833762435302 -2.460139113421385
      vertex 0.6038545691508126 1.8584732663235117 -2.2107641819063266
      vertex 0.6481145881305433 1.3773136083786315 -2.4741391134213853
    endloop
  endfacet
  facet normal 0.1391780249633242 0.4852973790787265 -0.8632009796256184
    outer loop
      vertex 0.6481145881305433 1.3773136083786315 -2.4741391134213853
      vertex 0.6038545691508126 1.8584732663235117 -2.2107641819063266
      vertex 0.8320214594715815 1.7681356037652416 -2.224764181906327
    endloop
  endfacet
  facet normal 0.18375544876774988 0.4658386654644322 -0.8655797322063865
    outer loop
      vertex 0.6481145881305433 1.3773136083786315 -2.4741391134213853
      vertex 0.8320214594715815 1.7681356037652416 -2.224764181906327
      vertex 0.8156271791909036 1.2852227821423337 -2.4881391134213846
    endloop
  endfacet
  facet normal 0.19890445442624868 0.46402703238364146 -0.8632009796256185
    outer loop
      vertex 0.8156271791909036 1.2852227821423337 -2.4881391134213846
      vertex 0.8320214594715815 1.7681356037652416 -2.224764181906327
      vertex 1.047066874350955 1.6499133865025817 -2.238764181906326
    endloop
  endfacet
  facet normal 0.06339336137649645 0.4967423969492732 0.8655797322063864
    outer loop
      vertex -0.09557874821402428 1.519180699608322 -1.8178608865786154
      vertex 0.09557874821402428 1.519180699608322 -1.8318608865786157
      vertex 0.12269986054916825 1.950258435834777 -2.081235818093674
    endloop
  endfacet
  facet normal 0.1253332335643041 0.9921147013144778 0
    outer loop
      vertex 0.36616453154930095 1.919501695273744 -2.1967641819063264
      vertex 0.12269986054916825 1.950258435834777 -2.182764181906326
      vertex 0.12269986054916825 1.950258435834777 -2.081235818093674
    endloop
  endfacet
  facet normal 0.1118311624124337 0.49231885997476915 0.8632009796256185
    outer loop
      vertex 0.36616453154930095 1.919501695273744 -2.0952358180936734
      vertex 0.12269986054916825 1.950258435834777 -2.081235818093674
      vertex 0.09557874821402428 1.519180699608322 -1.8318608865786157
    endloop
  endfacet
  facet normal 0.1251518166454951 0.48488013981174005 0.8655797322063865
    outer loop
      vertex 0.36616453154930095 1.919501695273744 -2.0952358180936734
      vertex 0.09557874821402428 1.519180699608322 -1.8318608865786157
      vertex 0.28522891068676137 1.4952223124609376 -1.845860886578615
    endloop
  endfacet
  facet normal 0.18493655300393075 0.46537103321602025 0.8655797322063855
    outer loop
      vertex 0.470380842850476 1.4476833762435302 -1.8598608865786153
      vertex 0.6038545691508126 1.8584732663235117 -2.1092358180936746
      vertex 0.28522891068676137 1.4952223124609376 -1.845860886578615
    endloop
  endfacet
  facet normal 0.12533323356430412 0.9921147013144779 0
    outer loop
      vertex 0.36616453154930095 1.919501695273744 -2.1967641819063264
      vertex 0.12269986054916825 1.950258435834777 -2.081235818093674
      vertex 0.36616453154930095 1.919501695273744 -2.0952358180936734
    endloop
  endfacet
  facet normal 0.24868988716485502 0.9685831611286312 0
    outer loop
      vertex 0.36616453154930095 1.919501695273744 -2.1967641819063264
      vertex 0.36616453154930095 1.919501695273744 -2.0952358180936734
      vertex 0.6038545691508126 1.8584732663235117 -2.2107641819063266
    endloop
  endfacet
  facet normal 0.1726532549597985 0.4744206175169457 0.863200979625618
    outer loop
      vertex 0.36616453154930095 1.919501695273744 -2.0952358180936734
      vertex 0.28522891068676137 1.4952223124609376 -1.845860886578615
      vertex 0.6038545691508126 1.8584732663235117 -2.1092358180936746
    endloop
  endfacet
  facet normal 0 1 0
    outer loop
      vertex -0.09557874821402428 1.519180699608322 -1.718139113421385
      vertex 0.09557874821402428 1.519180699608322 -1.7321391134213844
      vertex 0.09557874821402428 1.519180699608322 -1.8318608865786157
    endloop
  endfacet
  facet normal 0.1253332335643042 0.9921147013144778 0
    outer loop
      vertex 0.09557874821402428 1.519180699608322 -1.8318608865786157
      vertex 0.09557874821402428 1.519180699608322 -1.7321391134213844
      vertex 0.28522891068676137 1.4952223124609376 -1.845860886578615
    endloop
  endfacet
  facet normal 0.1253332335643042 0.9921147013144779 0
    outer loop
      vertex 0.09557874821402428 1.519180699608322 -1.7321391134213844
      vertex 0.28522891068676137 1.4952223124609376 -1.7461391134213855
      vertex 0.28522891068676137 1.4952223124609376 -1.845860886578615
    endloop
  endfacet
  facet normal -0.000635154929231868 0.500770729747393 -0.8655797322063862
    outer loop
      vertex 0.09557874821402428 1.519180699608322 -1.7321391134213844
      vertex 0.12269986054916825 1.950258435834777 -1.482764181906326
      vertex 0.28522891068676137 1.4952223124609376 -1.7461391134213855
    endloop
  endfacet
  facet normal -0.049245425629132936 0.5024529399137575 -0.8632009796256185
    outer loop
      vertex -0.12269986054916825 1.950258435834777 -1.4687641819063266
      vertex 0.12269986054916825 1.950258435834777 -1.482764181906326
      vertex 0.09557874821402428 1.519180699608322 -1.7321391134213844
    endloop
  endfacet
  facet normal 0.24868988716485405 0.9685831611286314 0
    outer loop
      vertex 0.470380842850476 1.4476833762435302 -1.8598608865786153
      vertex 0.28522891068676137 1.4952223124609376 -1.845860886578615
      vertex 0.28522891068676137 1.4952223124609376 -1.7461391134213855
    endloop
  endfacet
  facet normal 0.24868988716485402 0.9685831611286313 0
    outer loop
      vertex 0.470380842850476 1.4476833762435302 -1.8598608865786153
      vertex 0.28522891068676137 1.4952223124609376 -1.7461391134213855
      vertex 0.470380842850476 1.4476833762435302 -1.7601391134213848
    endloop
  endfacet
  facet normal 0.06213306829070174 0.4969016089914628 -0.8655797322063857
    outer loop
      vertex 0.470380842850476 1.4476833762435302 -1.7601391134213848
      vertex 0.28522891068676137 1.4952223124609376 -1.7461391134213855
      vertex 0.36616453154930095 1.919501695273744 -1.4967641819063262
    endloop
  endfacet
  facet normal 0.014116940934127898 0.5046630368394702 -0.8632009796256175
    outer loop
      vertex 0.28522891068676137 1.4952223124609376 -1.7461391134213855
      vertex 0.12269986054916825 1.950258435834777 -1.482764181906326
      vertex 0.36616453154930095 1.919501695273744 -1.4967641819063262
    endloop
  endfacet
  facet normal 0.07725667490580874 0.4989142962031366 -0.8632009796256183
    outer loop
      vertex 0.470380842850476 1.4476833762435302 -1.7601391134213848
      vertex 0.36616453154930095 1.919501695273744 -1.4967641819063262
      vertex 0.6038545691508126 1.8584732663235117 -1.5107641819063264
    endloop
  endfacet
  facet normal 0.29485950085706036 0.40475869595086755 0.8655797322063856
    outer loop
      vertex 0.6481145881305433 1.3773136083786315 -1.8738608865786155
      vertex 0.8156271791909036 1.2852227821423337 -1.8878608865786148
      vertex 1.047066874350955 1.6499133865025817 -2.137235818093674
    endloop
  endfacet
  facet normal 0.3681245526846789 0.929776485888251 0
    outer loop
      vertex 0.470380842850476 1.4476833762435302 -1.8598608865786153
      vertex 0.470380842850476 1.4476833762435302 -1.7601391134213848
      vertex 0.6481145881305433 1.3773136083786315 -1.8738608865786155
    endloop
  endfacet
  facet normal 0.36812455268467903 0.9297764858882509 0
    outer loop
      vertex 0.470380842850476 1.4476833762435302 -1.7601391134213848
      vertex 0.6481145881305433 1.3773136083786315 -1.774139113421385
      vertex 0.6481145881305433 1.3773136083786315 -1.8738608865786155
    endloop
  endfacet
  facet normal 0.4817536741017143 0.876306680043864 0
    outer loop
      vertex 0.6481145881305433 1.3773136083786315 -1.8738608865786155
      vertex 0.6481145881305433 1.3773136083786315 -1.774139113421385
      vertex 0.8156271791909036 1.2852227821423337 -1.8878608865786148
    endloop
  endfacet
  facet normal 0.5877852522924744 0.8090169943749466 0
    outer loop
      vertex 0.9702768424033632 1.1728632248767752 -1.901860886578615
      vertex 0.8156271791909036 1.2852227821423337 -1.7881391134213853
      vertex 0.9702768424033632 1.1728632248767752 -1.8021391134213847
    endloop
  endfacet
  facet normal 0.4817536741017143 0.876306680043864 0
    outer loop
      vertex 0.8156271791909036 1.2852227821423337 -1.8878608865786148
      vertex 0.6481145881305433 1.3773136083786315 -1.774139113421385
      vertex 0.8156271791909036 1.2852227821423337 -1.7881391134213853
    endloop
  endfacet
  facet normal 0.5877852522924745 0.8090169943749466 0
    outer loop
      vertex 0.9702768424033632 1.1728632248767752 -1.901860886578615
      vertex 0.8156271791909036 1.2852227821423337 -1.8878608865786148
      vertex 0.8156271791909036 1.2852227821423337 -1.7881391134213853
    endloop
  endfacet
  facet normal 0.2406915484310627 0.4391347238688576 -0.8655797322063865
    outer loop
      vertex 0.9702768424033632 1.1728632248767752 -1.8021391134213847
      vertex 0.8156271791909036 1.2852227821423337 -1.7881391134213853
      vertex 1.047066874350955 1.6499133865025817 -1.538764181906327
    endloop
  endfacet
  facet normal 0.24180472944574916 0.4385227474273011 0.8655797322063864
    outer loop
      vertex 0.470380842850476 1.4476833762435302 -1.8598608865786153
      vertex 0.6481145881305433 1.3773136083786315 -1.8738608865786155
      vertex 0.8320214594715815 1.7681356037652416 -2.123235818093674
    endloop
  endfacet
  facet normal 0.23075250253838023 0.44904047851574447 0.8632009796256177
    outer loop
      vertex 0.470380842850476 1.4476833762435302 -1.8598608865786153
      vertex 0.8320214594715815 1.7681356037652416 -2.123235818093674
      vertex 0.6038545691508126 1.8584732663235117 -2.1092358180936746
    endloop
  endfacet
  facet normal 0.24868988716485502 0.9685831611286311 0
    outer loop
      vertex 0.36616453154930095 1.919501695273744 -2.0952358180936734
      vertex 0.6038545691508126 1.8584732663235117 -2.1092358180936746
      vertex 0.6038545691508126 1.8584732663235117 -2.2107641819063266
    endloop
  endfacet
  facet normal 0.36812455268467814 0.9297764858882513 0
    outer loop
      vertex 0.6038545691508126 1.8584732663235117 -2.2107641819063266
      vertex 0.6038545691508126 1.8584732663235117 -2.1092358180936746
      vertex 0.8320214594715815 1.7681356037652416 -2.224764181906327
    endloop
  endfacet
  facet normal 0.4817536741017151 0.8763066800438637 0
    outer loop
      vertex 0.8320214594715815 1.7681356037652416 -2.123235818093674
      vertex 1.047066874350955 1.6499133865025817 -2.137235818093674
      vertex 1.047066874350955 1.6499133865025817 -2.238764181906326
    endloop
  endfacet
  facet normal 0.28521264530707624 0.4165787029245648 0.8632009796256184
    outer loop
      vertex 0.6481145881305433 1.3773136083786315 -1.8738608865786155
      vertex 1.047066874350955 1.6499133865025817 -2.137235818093674
      vertex 0.8320214594715815 1.7681356037652416 -2.123235818093674
    endloop
  endfacet
  facet normal 0.3681245526846782 0.9297764858882513 0
    outer loop
      vertex 0.6038545691508126 1.8584732663235117 -2.1092358180936746
      vertex 0.8320214594715815 1.7681356037652416 -2.123235818093674
      vertex 0.8320214594715815 1.7681356037652416 -2.224764181906327
    endloop
  endfacet
  facet normal 0.4817536741017151 0.8763066800438637 0
    outer loop
      vertex 0.8320214594715815 1.7681356037652416 -2.224764181906327
      vertex 0.8320214594715815 1.7681356037652416 -2.123235818093674
      vertex 1.047066874350955 1.6499133865025817 -2.238764181906326
    endloop
  endfacet
  facet normal 0.12392141590718382 0.485196053027103 -0.8655797322063863
    outer loop
      vertex 0.470380842850476 1.4476833762435302 -1.7601391134213848
      vertex 0.6038545691508126 1.8584732663235117 -1.5107641819063264
      vertex 0.6481145881305433 1.3773136083786315 -1.774139113421385
    endloop
  endfacet
  facet normal 0.13917802496332762 0.4852973790787265 -0.8632009796256177
    outer loop
      vertex 0.6481145881305433 1.3773136083786315 -1.774139113421385
      vertex 0.6038545691508126 1.8584732663235117 -1.5107641819063264
      vertex 0.8320214594715815 1.7681356037652416 -1.5247641819063258
    endloop
  endfacet
  facet normal 0.18375544876774688 0.465838665464435 -0.8655797322063856
    outer loop
      vertex 0.6481145881305433 1.3773136083786315 -1.774139113421385
      vertex 0.8320214594715815 1.7681356037652416 -1.5247641819063258
      vertex 0.8156271791909036 1.2852227821423337 -1.7881391134213853
    endloop
  endfacet
  facet normal 0.19890445442624327 0.4640270323836446 -0.863200979625618
    outer loop
      vertex 0.8156271791909036 1.2852227821423337 -1.7881391134213853
      vertex 0.8320214594715815 1.7681356037652416 -1.5247641819063258
      vertex 1.047066874350955 1.6499133865025817 -1.538764181906327
    endloop
  endfacet
  facet normal 0.7064080908128535 0.044443429978777434 -0.7064080908128536
    outer loop
      vertex 1.2684869856481553 0 -3
      vertex 1.2584845868876218 0.15898357564552051 -3
      vertex 1.5101815042651463 0.1907802907746246 -2.7463026028703688
    endloop
  endfacet
  facet normal 0.7064080908128538 0.044443429978776726 -0.7064080908128533
    outer loop
      vertex 1.2684869856481553 0 -3
      vertex 1.5101815042651463 0.1907802907746246 -2.7463026028703688
      vertex 1.5221843827777863 0 -2.7463026028703688
    endloop
  endfacet
  facet normal 0.6952676132329957 0.13262939049634748 -0.7064080908128535
    outer loop
      vertex 1.2584845868876218 0.15898357564552051 -3
      vertex 1.4743621612915423 0.3785518623971118 -2.7463026028703688
      vertex 1.5101815042651463 0.1907802907746246 -2.7463026028703688
    endloop
  endfacet
  facet normal 0.6952676132329964 0.13262939049634648 -0.7064080908128532
    outer loop
      vertex 1.2584845868876218 0.15898357564552051 -3
      vertex 1.2286351344096187 0.3154598853309265 -3
      vertex 1.4743621612915423 0.3785518623971118 -2.7463026028703688
    endloop
  endfacet
  facet normal 0.6731623500597143 0.21872370629683116 -0.7064080908128532
    outer loop
      vertex 1.1794093719109227 0.46696120417806264 -3
      vertex 1.415291246293107 0.5603534450136751 -2.7463026028703688
      vertex 1.2286351344096187 0.3154598853309265 -3
    endloop
  endfacet
  facet normal 0.6731623500597144 0.21872370629683108 -0.7064080908128532
    outer loop
      vertex 1.2286351344096187 0.3154598853309265 -3
      vertex 1.415291246293107 0.5603534450136751 -2.7463026028703688
      vertex 1.4743621612915423 0.3785518623971118 -2.7463026028703688
    endloop
  endfacet
  facet normal 0.9510565162951539 0.3090169943749465 0
    outer loop
      vertex 1.415291246293107 0.5603534450136751 -2.558139113421385
      vertex 1.4743621612915423 0.3785518623971118 -2.572139113421385
      vertex 1.4743621612915423 0.3785518623971118 -2.7463026028703688
    endloop
  endfacet
  facet normal 0.6404409144982939 0.3013686185898071 -0.7064080908128532
    outer loop
      vertex 1.1794093719109227 0.46696120417806264 -3
      vertex 1.1115836190721828 0.6110982658862087 -3
      vertex 1.3339003428866194 0.7333179190634505 -2.7463026028703688
    endloop
  endfacet
  facet normal 0.5453729577287422 0.4511717480210206 -0.7064080908128533
    outer loop
      vertex 0.9246872168298595 0.8683390949336509 -3
      vertex 1.1096246601958315 1.042006913920381 -2.7463026028703688
      vertex 1.0262275285328077 0.7455979428889197 -3
    endloop
  endfacet
  facet normal 0.5976193431343785 0.37926076773873396 -0.7064080908128532
    outer loop
      vertex 1.1115836190721828 0.6110982658862087 -3
      vertex 1.0262275285328077 0.7455979428889197 -3
      vertex 1.2314730342393692 0.8947175314667035 -2.7463026028703688
    endloop
  endfacet
  facet normal 0.5453729577287425 0.45117174802102045 -0.706408090812853
    outer loop
      vertex 1.0262275285328077 0.7455979428889197 -3
      vertex 1.1096246601958315 1.042006913920381 -2.7463026028703688
      vertex 1.2314730342393692 0.8947175314667035 -2.7463026028703688
    endloop
  endfacet
  facet normal 0.6404409144982942 0.30136861858980696 -0.706408090812853
    outer loop
      vertex 1.1794093719109227 0.46696120417806264 -3
      vertex 1.3339003428866194 0.7333179190634505 -2.7463026028703688
      vertex 1.415291246293107 0.5603534450136751 -2.7463026028703688
    endloop
  endfacet
  facet normal 0.951056516295154 0.30901699437494656 0
    outer loop
      vertex 1.415291246293107 0.5603534450136751 -2.7463026028703688
      vertex 1.415291246293107 0.5603534450136751 -2.558139113421385
      vertex 1.4743621612915423 0.3785518623971118 -2.7463026028703688
    endloop
  endfacet
  facet normal 0.9048270524660195 0.42577929156507277 0
    outer loop
      vertex 1.415291246293107 0.5603534450136751 -2.7463026028703688
      vertex 1.3339003428866194 0.7333179190634505 -2.7463026028703688
      vertex 1.3339003428866194 0.7333179190634505 -2.5441391134213847
    endloop
  endfacet
  facet normal 0.5976193431343779 0.3792607677387342 -0.7064080908128533
    outer loop
      vertex 1.1115836190721828 0.6110982658862087 -3
      vertex 1.2314730342393692 0.8947175314667035 -2.7463026028703688
      vertex 1.3339003428866194 0.7333179190634505 -2.7463026028703688
    endloop
  endfacet
  facet normal 0.844327925502015 0.5358267949789965 0
    outer loop
      vertex 1.3339003428866194 0.7333179190634505 -2.7463026028703688
      vertex 1.2314730342393692 0.8947175314667035 -2.7463026028703688
      vertex 1.2314730342393692 0.8947175314667035 -2.5301391134213844
    endloop
  endfacet
  facet normal 0.7705132427757899 0.6374239897486889 0
    outer loop
      vertex 1.2314730342393692 0.8947175314667035 -2.7463026028703688
      vertex 1.1096246601958315 1.042006913920381 -2.516139113421385
      vertex 1.2314730342393692 0.8947175314667035 -2.5301391134213844
    endloop
  endfacet
  facet normal 0.9048270524660195 0.42577929156507277 0
    outer loop
      vertex 1.415291246293107 0.5603534450136751 -2.7463026028703688
      vertex 1.3339003428866194 0.7333179190634505 -2.5441391134213847
      vertex 1.415291246293107 0.5603534450136751 -2.558139113421385
    endloop
  endfacet
  facet normal 0.8443279255020151 0.5358267949789967 0
    outer loop
      vertex 1.3339003428866194 0.7333179190634505 -2.7463026028703688
      vertex 1.2314730342393692 0.8947175314667035 -2.5301391134213844
      vertex 1.3339003428866194 0.7333179190634505 -2.5441391134213847
    endloop
  endfacet
  facet normal 0.38544561587576504 0.3196926717891305 -0.8655797322063864
    outer loop
      vertex 1.3339003428866194 0.7333179190634505 -2.5441391134213847
      vertex 1.2314730342393692 0.8947175314667035 -2.5301391134213844
      vertex 1.5809117862987512 1.1485996457709655 -2.280764181906326
    endloop
  endfacet
  facet normal 0.9980267284282716 0.06279051952931328 0
    outer loop
      vertex 1.5221843827777863 0 -2.7463026028703688
      vertex 1.5101815042651463 0.1907802907746246 -2.5861391134213854
      vertex 1.5221843827777863 0 -2.6001391134213847
    endloop
  endfacet
  facet normal 0.9980267284282714 0.06279051952931328 0
    outer loop
      vertex 1.5221843827777863 0 -2.7463026028703688
      vertex 1.5101815042651463 0.1907802907746246 -2.7463026028703688
      vertex 1.5101815042651463 0.1907802907746246 -2.5861391134213854
    endloop
  endfacet
  facet normal 0.9822872507286885 0.18738131458572596 0
    outer loop
      vertex 1.5101815042651463 0.1907802907746246 -2.7463026028703688
      vertex 1.4743621612915423 0.3785518623971118 -2.572139113421385
      vertex 1.5101815042651463 0.1907802907746246 -2.5861391134213854
    endloop
  endfacet
  facet normal 0.9822872507286883 0.18738131458572593 0
    outer loop
      vertex 1.5101815042651463 0.1907802907746246 -2.7463026028703688
      vertex 1.4743621612915423 0.3785518623971118 -2.7463026028703688
      vertex 1.4743621612915423 0.3785518623971118 -2.572139113421385
    endloop
  endfacet
  facet normal 0.4917816872033633 0.09445898223533308 -0.8655797322063857
    outer loop
      vertex 1.5221843827777863 0 -2.6001391134213847
      vertex 1.5101815042651463 0.1907802907746246 -2.5861391134213854
      vertex 1.938705658315764 0.24491548080498346 -2.336764181906326
    endloop
  endfacet
  facet normal 0.476064992028946 0.15535073401178834 -0.8655797322063856
    outer loop
      vertex 1.5101815042651463 0.1907802907746246 -2.5861391134213854
      vertex 1.4743621612915423 0.3785518623971118 -2.572139113421385
      vertex 1.8927223359773873 0.48596849817225574 -2.322764181906326
    endloop
  endfacet
  facet normal 0.49836931795159883 0.08069753216691998 -0.8632009796256183
    outer loop
      vertex 1.5221843827777863 0 -2.6001391134213847
      vertex 1.938705658315764 0.24491548080498346 -2.336764181906326
      vertex 1.9541144342958772 0 -2.3507641819063263
    endloop
  endfacet
  facet normal 0.9980267284282716 0.06279051952931324 0
    outer loop
      vertex 1.938705658315764 0.24491548080498346 -2.235235818093674
      vertex 1.9541144342958772 0 -2.2492358180936742
      vertex 1.9541144342958772 0 -2.3507641819063263
    endloop
  endfacet
  facet normal 0.9980267284282716 0.06279051952931324 0
    outer loop
      vertex 1.938705658315764 0.24491548080498346 -2.336764181906326
      vertex 1.938705658315764 0.24491548080498346 -2.235235818093674
      vertex 1.9541144342958772 0 -2.3507641819063263
    endloop
  endfacet
  facet normal 0.4843254443767122 0.14252344615071066 -0.8632009796256175
    outer loop
      vertex 1.5101815042651463 0.1907802907746246 -2.5861391134213854
      vertex 1.8927223359773873 0.48596849817225574 -2.322764181906326
      vertex 1.938705658315764 0.24491548080498346 -2.336764181906326
    endloop
  endfacet
  facet normal 0.9822872507286885 0.1873813145857255 0
    outer loop
      vertex 1.938705658315764 0.24491548080498346 -2.336764181906326
      vertex 1.8927223359773873 0.48596849817225574 -2.2212358180936747
      vertex 1.938705658315764 0.24491548080498346 -2.235235818093674
    endloop
  endfacet
  facet normal 0.9822872507286885 0.18738131458572552 0
    outer loop
      vertex 1.938705658315764 0.24491548080498346 -2.336764181906326
      vertex 1.8927223359773873 0.48596849817225574 -2.322764181906326
      vertex 1.8927223359773873 0.48596849817225574 -2.2212358180936747
    endloop
  endfacet
  facet normal 0.45284046754279056 0.2137925119108415 -0.8655797322063864
    outer loop
      vertex 1.415291246293107 0.5603534450136751 -2.558139113421385
      vertex 1.816889651743129 0.7193575020198423 -2.3087641819063265
      vertex 1.4743621612915423 0.3785518623971118 -2.572139113421385
    endloop
  endfacet
  facet normal 0.4224743783697032 0.2688626541836061 -0.8655797322063864
    outer loop
      vertex 1.415291246293107 0.5603534450136751 -2.558139113421385
      vertex 1.3339003428866194 0.7333179190634505 -2.5441391134213847
      vertex 1.7124035323436126 0.9414018083372339 -2.2947641819063263
    endloop
  endfacet
  facet normal 0.3978480298375351 0.31080703648367547 -0.8632009796256184
    outer loop
      vertex 1.3339003428866194 0.7333179190634505 -2.5441391134213847
      vertex 1.5809117862987512 1.1485996457709655 -2.280764181906326
      vertex 1.7124035323436126 0.9414018083372339 -2.2947641819063263
    endloop
  endfacet
  facet normal 0.43366533018785736 0.2584926501207134 -0.8632009796256184
    outer loop
      vertex 1.415291246293107 0.5603534450136751 -2.558139113421385
      vertex 1.7124035323436126 0.9414018083372339 -2.2947641819063263
      vertex 1.816889651743129 0.7193575020198423 -2.3087641819063265
    endloop
  endfacet
  facet normal 0.46264346922200805 0.2021016802493207 -0.8632009796256177
    outer loop
      vertex 1.4743621612915423 0.3785518623971118 -2.572139113421385
      vertex 1.816889651743129 0.7193575020198423 -2.3087641819063265
      vertex 1.8927223359773873 0.48596849817225574 -2.322764181906326
    endloop
  endfacet
  facet normal 0.9510565162951538 0.3090169943749468 0
    outer loop
      vertex 1.8927223359773873 0.48596849817225574 -2.322764181906326
      vertex 1.816889651743129 0.7193575020198423 -2.2072358180936735
      vertex 1.8927223359773873 0.48596849817225574 -2.2212358180936747
    endloop
  endfacet
  facet normal 0.9510565162951539 0.30901699437494684 0
    outer loop
      vertex 1.8927223359773873 0.48596849817225574 -2.322764181906326
      vertex 1.816889651743129 0.7193575020198423 -2.3087641819063265
      vertex 1.816889651743129 0.7193575020198423 -2.2072358180936735
    endloop
  endfacet
  facet normal 0.9048270524660196 0.4257792915650725 0
    outer loop
      vertex 1.816889651743129 0.7193575020198423 -2.3087641819063265
      vertex 1.7124035323436126 0.9414018083372339 -2.2947641819063263
      vertex 1.7124035323436126 0.9414018083372339 -2.193235818093674
    endloop
  endfacet
  facet normal 0.951056516295154 0.3090169943749466 0
    outer loop
      vertex 1.415291246293107 0.5603534450136751 -1.8581391134213847
      vertex 1.4743621612915423 0.3785518623971118 -1.872139113421385
      vertex 1.4743621612915423 0.3785518623971118 -1.9718608865786154
    endloop
  endfacet
  facet normal 0.951056516295154 0.3090169943749466 0
    outer loop
      vertex 1.415291246293107 0.5603534450136751 -1.9578608865786151
      vertex 1.415291246293107 0.5603534450136751 -1.8581391134213847
      vertex 1.4743621612915423 0.3785518623971118 -1.9718608865786154
    endloop
  endfacet
  facet normal 0.9048270524660194 0.4257792915650728 0
    outer loop
      vertex 1.415291246293107 0.5603534450136751 -1.9578608865786151
      vertex 1.3339003428866194 0.7333179190634505 -1.8441391134213845
      vertex 1.415291246293107 0.5603534450136751 -1.8581391134213847
    endloop
  endfacet
  facet normal 0.9048270524660195 0.4257792915650729 0
    outer loop
      vertex 1.415291246293107 0.5603534450136751 -1.9578608865786151
      vertex 1.3339003428866194 0.7333179190634505 -1.9438608865786158
      vertex 1.3339003428866194 0.7333179190634505 -1.8441391134213845
    endloop
  endfacet
  facet normal 0.8443279255020151 0.5358267949789967 0
    outer loop
      vertex 1.3339003428866194 0.7333179190634505 -1.9438608865786158
      vertex 1.2314730342393692 0.8947175314667035 -1.9298608865786155
      vertex 1.2314730342393692 0.8947175314667035 -1.8301391134213851
    endloop
  endfacet
  facet normal 0.4533813391743918 0.21264310118589677 0.8655797322063864
    outer loop
      vertex 1.3339003428866194 0.7333179190634505 -1.9438608865786158
      vertex 1.7124035323436126 0.9414018083372339 -2.193235818093674
      vertex 1.2314730342393692 0.8947175314667035 -1.9298608865786155
    endloop
  endfacet
  facet normal 0.7705132427757898 0.6374239897486889 0
    outer loop
      vertex 1.2314730342393692 0.8947175314667035 -1.9298608865786155
      vertex 1.1096246601958315 1.042006913920381 -1.816139113421385
      vertex 1.2314730342393692 0.8947175314667035 -1.8301391134213851
    endloop
  endfacet
  facet normal 0.844327925502015 0.5358267949789967 0
    outer loop
      vertex 1.3339003428866194 0.7333179190634505 -1.9438608865786158
      vertex 1.2314730342393692 0.8947175314667035 -1.8301391134213851
      vertex 1.3339003428866194 0.7333179190634505 -1.8441391134213845
    endloop
  endfacet
  facet normal 0.3854456158757674 0.3196926717891273 -0.8655797322063865
    outer loop
      vertex 1.3339003428866194 0.7333179190634505 -1.8441391134213845
      vertex 1.2314730342393692 0.8947175314667035 -1.8301391134213851
      vertex 1.5809117862987512 1.1485996457709655 -1.5807641819063267
    endloop
  endfacet
  facet normal 0.4997426913944422 -0.03207755588197039 0.8655797322063857
    outer loop
      vertex 1.5221843827777863 0 -1.999860886578615
      vertex 1.9541144342958772 0 -2.2492358180936742
      vertex 1.5101815042651463 0.1907802907746246 -1.9858608865786156
    endloop
  endfacet
  facet normal 0.9980267284282716 0.06279051952931329 0
    outer loop
      vertex 1.5221843827777863 0 -1.999860886578615
      vertex 1.5101815042651463 0.1907802907746246 -1.8861391134213852
      vertex 1.5221843827777863 0 -1.9001391134213854
    endloop
  endfacet
  facet normal 0.9980267284282716 0.06279051952931328 0
    outer loop
      vertex 1.5221843827777863 0 -1.999860886578615
      vertex 1.5101815042651463 0.1907802907746246 -1.9858608865786156
      vertex 1.5101815042651463 0.1907802907746246 -1.8861391134213852
    endloop
  endfacet
  facet normal 0.4998224548104164 0.030809752689850516 0.8655797322063863
    outer loop
      vertex 1.5101815042651463 0.1907802907746246 -1.9858608865786156
      vertex 1.938705658315764 0.24491548080498346 -2.235235818093674
      vertex 1.4743621612915423 0.3785518623971118 -1.9718608865786154
    endloop
  endfacet
  facet normal 0.9822872507286884 0.18738131458572593 0
    outer loop
      vertex 1.5101815042651463 0.1907802907746246 -1.9858608865786156
      vertex 1.4743621612915423 0.3785518623971118 -1.872139113421385
      vertex 1.5101815042651463 0.1907802907746246 -1.8861391134213852
    endloop
  endfacet
  facet normal 0.9822872507286884 0.18738131458572593 0
    outer loop
      vertex 1.5101815042651463 0.1907802907746246 -1.9858608865786156
      vertex 1.4743621612915423 0.3785518623971118 -1.9718608865786154
      vertex 1.4743621612915423 0.3785518623971118 -1.872139113421385
    endloop
  endfacet
  facet normal 0.49201971953457135 0.09321117305690112 0.8655797322063856
    outer loop
      vertex 1.415291246293107 0.5603534450136751 -1.9578608865786151
      vertex 1.4743621612915423 0.3785518623971118 -1.9718608865786154
      vertex 1.8927223359773873 0.48596849817225574 -2.2212358180936747
    endloop
  endfacet
  facet normal 0.50455360967099 -0.017598969894488715 0.8632009796256183
    outer loop
      vertex 1.5101815042651463 0.1907802907746246 -1.9858608865786156
      vertex 1.9541144342958772 0 -2.2492358180936742
      vertex 1.938705658315764 0.24491548080498346 -2.235235818093674
    endloop
  endfacet
  facet normal 0.5027807895601536 0.04577713864629769 0.8632009796256178
    outer loop
      vertex 1.4743621612915423 0.3785518623971118 -1.9718608865786154
      vertex 1.938705658315764 0.24491548080498346 -2.235235818093674
      vertex 1.8927223359773873 0.48596849817225574 -2.2212358180936747
    endloop
  endfacet
  facet normal 0.49178168720336274 0.09445898223533708 -0.8655797322063856
    outer loop
      vertex 1.5221843827777863 0 -1.9001391134213854
      vertex 1.5101815042651463 0.1907802907746246 -1.8861391134213852
      vertex 1.938705658315764 0.24491548080498346 -1.6367641819063259
    endloop
  endfacet
  facet normal 0.47606499202894464 0.15535073401178814 -0.8655797322063864
    outer loop
      vertex 1.5101815042651463 0.1907802907746246 -1.8861391134213852
      vertex 1.4743621612915423 0.3785518623971118 -1.872139113421385
      vertex 1.8927223359773873 0.48596849817225574 -1.6227641819063265
    endloop
  endfacet
  facet normal 0.49836931795160017 0.08069753216692002 -0.8632009796256175
    outer loop
      vertex 1.5221843827777863 0 -1.9001391134213854
      vertex 1.938705658315764 0.24491548080498346 -1.6367641819063259
      vertex 1.9541144342958772 0 -1.6507641819063261
    endloop
  endfacet
  facet normal 0.9980267284282716 0.06279051952931324 0
    outer loop
      vertex 1.938705658315764 0.24491548080498346 -1.5352358180936747
      vertex 1.9541144342958772 0 -1.549235818093674
      vertex 1.9541144342958772 0 -1.6507641819063261
    endloop
  endfacet
  facet normal 0.9980267284282716 0.06279051952931324 0
    outer loop
      vertex 1.938705658315764 0.24491548080498346 -1.6367641819063259
      vertex 1.938705658315764 0.24491548080498346 -1.5352358180936747
      vertex 1.9541144342958772 0 -1.6507641819063261
    endloop
  endfacet
  facet normal 0.4843254443767127 0.14252344615070767 -0.8632009796256177
    outer loop
      vertex 1.5101815042651463 0.1907802907746246 -1.8861391134213852
      vertex 1.8927223359773873 0.48596849817225574 -1.6227641819063265
      vertex 1.938705658315764 0.24491548080498346 -1.6367641819063259
    endloop
  endfacet
  facet normal 0.9822872507286885 0.18738131458572552 0
    outer loop
      vertex 1.938705658315764 0.24491548080498346 -1.6367641819063259
      vertex 1.8927223359773873 0.48596849817225574 -1.5212358180936736
      vertex 1.938705658315764 0.24491548080498346 -1.5352358180936747
    endloop
  endfacet
  facet normal 0.9822872507286885 0.1873813145857255 0
    outer loop
      vertex 1.938705658315764 0.24491548080498346 -1.6367641819063259
      vertex 1.8927223359773873 0.48596849817225574 -1.6227641819063265
      vertex 1.8927223359773873 0.48596849817225574 -1.5212358180936736
    endloop
  endfacet
  facet normal 0.4930788160512682 0.10843131436468405 0.863200979625618
    outer loop
      vertex 1.415291246293107 0.5603534450136751 -1.9578608865786151
      vertex 1.8927223359773873 0.48596849817225574 -2.2212358180936747
      vertex 1.816889651743129 0.7193575020198423 -2.2072358180936735
    endloop
  endfacet
  facet normal 0.47645753936332824 0.15414259754319323 0.8655797322063865
    outer loop
      vertex 1.415291246293107 0.5603534450136751 -1.9578608865786151
      vertex 1.816889651743129 0.7193575020198423 -2.2072358180936735
      vertex 1.3339003428866194 0.7333179190634505 -1.9438608865786158
    endloop
  endfacet
  facet normal 0.4756006950622439 0.16937546348182492 0.8632009796256186
    outer loop
      vertex 1.3339003428866194 0.7333179190634505 -1.9438608865786158
      vertex 1.816889651743129 0.7193575020198423 -2.2072358180936735
      vertex 1.7124035323436126 0.9414018083372339 -2.193235818093674
    endloop
  endfacet
  facet normal 0.9048270524660195 0.42577929156507255 0
    outer loop
      vertex 1.816889651743129 0.7193575020198423 -2.3087641819063265
      vertex 1.7124035323436126 0.9414018083372339 -2.193235818093674
      vertex 1.816889651743129 0.7193575020198423 -2.2072358180936735
    endloop
  endfacet
  facet normal 0.45284046754279056 0.2137925119108415 -0.8655797322063864
    outer loop
      vertex 1.415291246293107 0.5603534450136751 -1.8581391134213847
      vertex 1.816889651743129 0.7193575020198423 -1.6087641819063263
      vertex 1.4743621612915423 0.3785518623971118 -1.872139113421385
    endloop
  endfacet
  facet normal 0.4224743783697032 0.2688626541836061 -0.8655797322063864
    outer loop
      vertex 1.415291246293107 0.5603534450136751 -1.8581391134213847
      vertex 1.3339003428866194 0.7333179190634505 -1.8441391134213845
      vertex 1.7124035323436126 0.9414018083372339 -1.594764181906326
    endloop
  endfacet
  facet normal 0.43366533018785736 0.2584926501207134 -0.8632009796256184
    outer loop
      vertex 1.415291246293107 0.5603534450136751 -1.8581391134213847
      vertex 1.7124035323436126 0.9414018083372339 -1.594764181906326
      vertex 1.816889651743129 0.7193575020198423 -1.6087641819063263
    endloop
  endfacet
  facet normal 0.3978480298375367 0.3108070364836728 -0.8632009796256186
    outer loop
      vertex 1.3339003428866194 0.7333179190634505 -1.8441391134213845
      vertex 1.5809117862987512 1.1485996457709655 -1.5807641819063267
      vertex 1.7124035323436126 0.9414018083372339 -1.594764181906326
    endloop
  endfacet
  facet normal 0.46264346922200583 0.20210168024932323 -0.8632009796256183
    outer loop
      vertex 1.4743621612915423 0.3785518623971118 -1.872139113421385
      vertex 1.816889651743129 0.7193575020198423 -1.6087641819063263
      vertex 1.8927223359773873 0.48596849817225574 -1.6227641819063265
    endloop
  endfacet
  facet normal 0.9510565162951539 0.30901699437494684 0
    outer loop
      vertex 1.8927223359773873 0.48596849817225574 -1.6227641819063265
      vertex 1.816889651743129 0.7193575020198423 -1.5072358180936742
      vertex 1.8927223359773873 0.48596849817225574 -1.5212358180936736
    endloop
  endfacet
  facet normal 0.9510565162951538 0.30901699437494684 0
    outer loop
      vertex 1.8927223359773873 0.48596849817225574 -1.6227641819063265
      vertex 1.816889651743129 0.7193575020198423 -1.6087641819063263
      vertex 1.816889651743129 0.7193575020198423 -1.5072358180936742
    endloop
  endfacet
  facet normal 0.9048270524660195 0.4257792915650726 0
    outer loop
      vertex 1.816889651743129 0.7193575020198423 -1.6087641819063263
      vertex 1.7124035323436126 0.9414018083372339 -1.493235818093674
      vertex 1.816889651743129 0.7193575020198423 -1.5072358180936742
    endloop
  endfacet
  facet normal 0.9048270524660196 0.4257792915650725 0
    outer loop
      vertex 1.816889651743129 0.7193575020198423 -1.6087641819063263
      vertex 1.7124035323436126 0.9414018083372339 -1.594764181906326
      vertex 1.7124035323436126 0.9414018083372339 -1.493235818093674
    endloop
  endfacet
  facet normal 0.48452571498970937 0.5159674803200787 -0.7064080908128532
    outer loop
      vertex 0.9246872168298595 0.8683390949336509 -3
      vertex 0.9702768424033632 1.1728632248767752 -2.7463026028703688
      vertex 1.1096246601958315 1.042006913920381 -2.7463026028703688
    endloop
  endfacet
  facet normal 0.6845471059286877 0.7289686274214124 0
    outer loop
      vertex 0.9702768424033632 1.1728632248767752 -2.7463026028703688
      vertex 0.9702768424033632 1.1728632248767752 -2.502139113421385
      vertex 1.1096246601958315 1.042006913920381 -2.7463026028703688
    endloop
  endfacet
  facet normal 0.7705132427757898 0.6374239897486889 0
    outer loop
      vertex 1.2314730342393692 0.8947175314667035 -2.7463026028703688
      vertex 1.1096246601958315 1.042006913920381 -2.7463026028703688
      vertex 1.1096246601958315 1.042006913920381 -2.516139113421385
    endloop
  endfacet
  facet normal 0.6845471059286876 0.7289686274214124 0
    outer loop
      vertex 0.9702768424033632 1.1728632248767752 -2.502139113421385
      vertex 1.1096246601958315 1.042006913920381 -2.516139113421385
      vertex 1.1096246601958315 1.042006913920381 -2.7463026028703688
    endloop
  endfacet
  facet normal 0.25549404182310775 0.4354387021915551 -0.8632009796256177
    outer loop
      vertex 0.9702768424033632 1.1728632248767752 -2.502139113421385
      vertex 1.047066874350955 1.6499133865025817 -2.238764181906326
      vertex 1.2455994191343818 1.505671049524293 -2.2527641819063255
    endloop
  endfacet
  facet normal 0.29383179859345127 0.4055053653515071 -0.8655797322063856
    outer loop
      vertex 0.9702768424033632 1.1728632248767752 -2.502139113421385
      vertex 1.2455994191343818 1.505671049524293 -2.2527641819063255
      vertex 1.1096246601958315 1.042006913920381 -2.516139113421385
    endloop
  endfacet
  facet normal 0.34233814576541916 0.3654809449853915 -0.8655797322063864
    outer loop
      vertex 1.2314730342393692 0.8947175314667035 -2.5301391134213844
      vertex 1.1096246601958315 1.042006913920381 -2.516139113421385
      vertex 1.4244881169930337 1.3376833806507196 -2.2667641819063267
    endloop
  endfacet
  facet normal 0.3557564283937842 0.35821981021416277 -0.8632009796256185
    outer loop
      vertex 1.2314730342393692 0.8947175314667035 -2.5301391134213844
      vertex 1.4244881169930337 1.3376833806507196 -2.2667641819063267
      vertex 1.5809117862987512 1.1485996457709655 -2.280764181906326
    endloop
  endfacet
  facet normal 0.3080543355556669 0.3999832435474389 -0.8632009796256181
    outer loop
      vertex 1.1096246601958315 1.042006913920381 -2.516139113421385
      vertex 1.2455994191343818 1.505671049524293 -2.2527641819063255
      vertex 1.4244881169930337 1.3376833806507196 -2.2667641819063267
    endloop
  endfacet
  facet normal 0.8443279255020149 0.535826794978997 0
    outer loop
      vertex 1.7124035323436126 0.9414018083372339 -2.2947641819063263
      vertex 1.5809117862987512 1.1485996457709655 -2.280764181906326
      vertex 1.5809117862987512 1.1485996457709655 -2.179235818093674
    endloop
  endfacet
  facet normal 0.6845471059286877 0.7289686274214124 0
    outer loop
      vertex 0.9702768424033632 1.1728632248767752 -1.901860886578615
      vertex 0.9702768424033632 1.1728632248767752 -1.8021391134213847
      vertex 1.1096246601958315 1.042006913920381 -1.9158608865786153
    endloop
  endfacet
  facet normal 0.7705132427757899 0.637423989748689 0
    outer loop
      vertex 1.2314730342393692 0.8947175314667035 -1.9298608865786155
      vertex 1.1096246601958315 1.042006913920381 -1.9158608865786153
      vertex 1.1096246601958315 1.042006913920381 -1.816139113421385
    endloop
  endfacet
  facet normal 0.3862553418539585 0.31871388122076205 0.8655797322063863
    outer loop
      vertex 0.9702768424033632 1.1728632248767752 -1.901860886578615
      vertex 1.1096246601958315 1.042006913920381 -1.9158608865786153
      vertex 1.4244881169930337 1.3376833806507196 -2.1652358180936737
    endloop
  endfacet
  facet normal 0.3798510762109768 0.3325616163581368 0.8632009796256177
    outer loop
      vertex 0.9702768424033632 1.1728632248767752 -1.901860886578615
      vertex 1.4244881169930337 1.3376833806507196 -2.1652358180936737
      vertex 1.2455994191343818 1.505671049524293 -2.1512358180936744
    endloop
  endfacet
  facet normal 0.3432641617993358 0.364611358048157 0.8655797322063854
    outer loop
      vertex 0.9702768424033632 1.1728632248767752 -1.901860886578615
      vertex 1.2455994191343818 1.505671049524293 -2.1512358180936744
      vertex 0.8156271791909036 1.2852227821423337 -1.8878608865786148
    endloop
  endfacet
  facet normal 0.41853685975657456 0.2823313050274062 0.8632009796256183
    outer loop
      vertex 1.1096246601958315 1.042006913920381 -1.9158608865786153
      vertex 1.5809117862987512 1.1485996457709655 -2.179235818093674
      vertex 1.4244881169930337 1.3376833806507196 -2.1652358180936737
    endloop
  endfacet
  facet normal 0.4231550444297901 0.2677900960960711 0.8655797322063863
    outer loop
      vertex 1.2314730342393692 0.8947175314667035 -1.9298608865786155
      vertex 1.5809117862987512 1.1485996457709655 -2.179235818093674
      vertex 1.1096246601958315 1.042006913920381 -1.9158608865786153
    endloop
  endfacet
  facet normal 0.6845471059286877 0.7289686274214123 0
    outer loop
      vertex 1.4244881169930337 1.3376833806507196 -2.2667641819063267
      vertex 1.2455994191343818 1.505671049524293 -2.2527641819063255
      vertex 1.2455994191343818 1.505671049524293 -2.1512358180936744
    endloop
  endfacet
  facet normal 0.6845471059286878 0.7289686274214123 0
    outer loop
      vertex 1.4244881169930337 1.3376833806507196 -2.2667641819063267
      vertex 1.2455994191343818 1.505671049524293 -2.1512358180936744
      vertex 1.4244881169930337 1.3376833806507196 -2.1652358180936737
    endloop
  endfacet
  facet normal 0.6845471059286877 0.7289686274214124 0
    outer loop
      vertex 0.9702768424033632 1.1728632248767752 -1.8021391134213847
      vertex 1.1096246601958315 1.042006913920381 -1.816139113421385
      vertex 1.1096246601958315 1.042006913920381 -1.9158608865786153
    endloop
  endfacet
  facet normal 0.2938317985934503 0.4055053653515062 -0.8655797322063863
    outer loop
      vertex 0.9702768424033632 1.1728632248767752 -1.8021391134213847
      vertex 1.2455994191343818 1.505671049524293 -1.5527641819063263
      vertex 1.1096246601958315 1.042006913920381 -1.816139113421385
    endloop
  endfacet
  facet normal 0.255494041823107 0.4354387021915541 -0.8632009796256186
    outer loop
      vertex 0.9702768424033632 1.1728632248767752 -1.8021391134213847
      vertex 1.047066874350955 1.6499133865025817 -1.538764181906327
      vertex 1.2455994191343818 1.505671049524293 -1.5527641819063263
    endloop
  endfacet
  facet normal 0.3423381457654164 0.36548094498539446 -0.8655797322063863
    outer loop
      vertex 1.2314730342393692 0.8947175314667035 -1.8301391134213851
      vertex 1.1096246601958315 1.042006913920381 -1.816139113421385
      vertex 1.4244881169930337 1.3376833806507196 -1.5667641819063265
    endloop
  endfacet
  facet normal 0.3557564283937823 0.35821981021416516 -0.8632009796256184
    outer loop
      vertex 1.2314730342393692 0.8947175314667035 -1.8301391134213851
      vertex 1.4244881169930337 1.3376833806507196 -1.5667641819063265
      vertex 1.5809117862987512 1.1485996457709655 -1.5807641819063267
    endloop
  endfacet
  facet normal 0.30805433555566913 0.39998324354743675 -0.8632009796256183
    outer loop
      vertex 1.1096246601958315 1.042006913920381 -1.816139113421385
      vertex 1.2455994191343818 1.505671049524293 -1.5527641819063263
      vertex 1.4244881169930337 1.3376833806507196 -1.5667641819063265
    endloop
  endfacet
  facet normal 0.6845471059286877 0.7289686274214124 0
    outer loop
      vertex 1.4244881169930337 1.3376833806507196 -1.5667641819063265
      vertex 1.2455994191343818 1.505671049524293 -1.5527641819063263
      vertex 1.2455994191343818 1.505671049524293 -1.4512358180936742
    endloop
  endfacet
  facet normal 0.5877852522924737 0.809016994374947 0
    outer loop
      vertex 1.2455994191343818 1.505671049524293 -2.2527641819063255
      vertex 1.047066874350955 1.6499133865025817 -2.137235818093674
      vertex 1.2455994191343818 1.505671049524293 -2.1512358180936744
    endloop
  endfacet
  facet normal 0.5877852522924737 0.809016994374947 0
    outer loop
      vertex 1.2455994191343818 1.505671049524293 -2.2527641819063255
      vertex 1.047066874350955 1.6499133865025817 -2.238764181906326
      vertex 1.047066874350955 1.6499133865025817 -2.137235818093674
    endloop
  endfacet
  facet normal 0.33517481428150253 0.3775472323362133 0.8632009796256174
    outer loop
      vertex 0.8156271791909036 1.2852227821423337 -1.8878608865786148
      vertex 1.2455994191343818 1.505671049524293 -2.1512358180936744
      vertex 1.047066874350955 1.6499133865025817 -2.137235818093674
    endloop
  endfacet
  facet normal 0.5877852522924737 0.809016994374947 0
    outer loop
      vertex 1.047066874350955 1.6499133865025817 -1.538764181906327
      vertex 1.047066874350955 1.6499133865025817 -1.437235818093674
      vertex 1.2455994191343818 1.505671049524293 -1.5527641819063263
    endloop
  endfacet
  facet normal 0.450622067002008 0.22764846035985112 0.8632009796256183
    outer loop
      vertex 1.2314730342393692 0.8947175314667035 -1.9298608865786155
      vertex 1.7124035323436126 0.9414018083372339 -2.193235818093674
      vertex 1.5809117862987512 1.1485996457709655 -2.179235818093674
    endloop
  endfacet
  facet normal 0.7705132427757899 0.6374239897486891 0
    outer loop
      vertex 1.5809117862987512 1.1485996457709655 -2.280764181906326
      vertex 1.4244881169930337 1.3376833806507196 -2.1652358180936737
      vertex 1.5809117862987512 1.1485996457709655 -2.179235818093674
    endloop
  endfacet
  facet normal 0.8443279255020149 0.5358267949789969 0
    outer loop
      vertex 1.7124035323436126 0.9414018083372339 -2.2947641819063263
      vertex 1.5809117862987512 1.1485996457709655 -2.179235818093674
      vertex 1.7124035323436126 0.9414018083372339 -2.193235818093674
    endloop
  endfacet
  facet normal 0.7705132427757898 0.637423989748689 0
    outer loop
      vertex 1.4244881169930337 1.3376833806507196 -2.2667641819063267
      vertex 1.4244881169930337 1.3376833806507196 -2.1652358180936737
      vertex 1.5809117862987512 1.1485996457709655 -2.280764181906326
    endloop
  endfacet
  facet normal 0.7705132427757898 0.637423989748689 0
    outer loop
      vertex 1.5809117862987512 1.1485996457709655 -1.5807641819063267
      vertex 1.4244881169930337 1.3376833806507196 -1.4652358180936744
      vertex 1.5809117862987512 1.1485996457709655 -1.4792358180936738
    endloop
  endfacet
  facet normal 0.844327925502015 0.535826794978997 0
    outer loop
      vertex 1.7124035323436126 0.9414018083372339 -1.594764181906326
      vertex 1.5809117862987512 1.1485996457709655 -1.5807641819063267
      vertex 1.5809117862987512 1.1485996457709655 -1.4792358180936738
    endloop
  endfacet
  facet normal 0.8443279255020149 0.5358267949789969 0
    outer loop
      vertex 1.7124035323436126 0.9414018083372339 -1.594764181906326
      vertex 1.5809117862987512 1.1485996457709655 -1.4792358180936738
      vertex 1.7124035323436126 0.9414018083372339 -1.493235818093674
    endloop
  endfacet
  facet normal 0.7705132427757899 0.6374239897486891 0
    outer loop
      vertex 1.4244881169930337 1.3376833806507196 -1.5667641819063265
      vertex 1.4244881169930337 1.3376833806507196 -1.4652358180936744
      vertex 1.5809117862987512 1.1485996457709655 -1.5807641819063267
    endloop
  endfacet
  facet normal 0.06339336137649645 0.4967423969492732 0.8655797322063864
    outer loop
      vertex -0.09557874821402428 1.519180699608322 -1.1178608865786153
      vertex 0.09557874821402428 1.519180699608322 -1.1318608865786155
      vertex 0.12269986054916825 1.950258435834777 -1.381235818093674
    endloop
  endfacet
  facet normal 0.1253332335643041 0.9921147013144778 0
    outer loop
      vertex 0.36616453154930095 1.919501695273744 -1.4967641819063262
      vertex 0.12269986054916825 1.950258435834777 -1.482764181906326
      vertex 0.12269986054916825 1.950258435834777 -1.381235818093674
    endloop
  endfacet
  facet normal 0.11183116241243676 0.4923188599747688 0.8632009796256184
    outer loop
      vertex 0.09557874821402428 1.519180699608322 -1.1318608865786155
      vertex 0.36616453154930095 1.919501695273744 -1.3952358180936741
      vertex 0.12269986054916825 1.950258435834777 -1.381235818093674
    endloop
  endfacet
  facet normal 0.12515181664549901 0.4848801398117392 0.8655797322063864
    outer loop
      vertex 0.09557874821402428 1.519180699608322 -1.1318608865786155
      vertex 0.28522891068676137 1.4952223124609376 -1.1458608865786157
      vertex 0.36616453154930095 1.919501695273744 -1.3952358180936741
    endloop
  endfacet
  facet normal 0.18493655300392692 0.4653710332160216 0.8655797322063856
    outer loop
      vertex 0.470380842850476 1.4476833762435302 -1.159860886578615
      vertex 0.6038545691508126 1.8584732663235117 -1.4092358180936744
      vertex 0.28522891068676137 1.4952223124609376 -1.1458608865786157
    endloop
  endfacet
  facet normal 0.1253332335643041 0.9921147013144778 0
    outer loop
      vertex 0.36616453154930095 1.919501695273744 -1.4967641819063262
      vertex 0.12269986054916825 1.950258435834777 -1.381235818093674
      vertex 0.36616453154930095 1.919501695273744 -1.3952358180936741
    endloop
  endfacet
  facet normal 0.1726532549597955 0.47442061751694636 0.8632009796256184
    outer loop
      vertex 0.28522891068676137 1.4952223124609376 -1.1458608865786157
      vertex 0.6038545691508126 1.8584732663235117 -1.4092358180936744
      vertex 0.36616453154930095 1.919501695273744 -1.3952358180936741
    endloop
  endfacet
  facet normal 0.24868988716485496 0.9685831611286311 0
    outer loop
      vertex 0.6038545691508126 1.8584732663235117 -1.5107641819063264
      vertex 0.36616453154930095 1.919501695273744 -1.4967641819063262
      vertex 0.36616453154930095 1.919501695273744 -1.3952358180936741
    endloop
  endfacet
  facet normal 0 1 0
    outer loop
      vertex -0.09557874821402428 1.519180699608322 -1.0181391134213849
      vertex 0.09557874821402428 1.519180699608322 -1.032139113421385
      vertex 0.09557874821402428 1.519180699608322 -1.1318608865786155
    endloop
  endfacet
  facet normal 0.1253332335643042 0.9921147013144779 0
    outer loop
      vertex 0.09557874821402428 1.519180699608322 -1.1318608865786155
      vertex 0.09557874821402428 1.519180699608322 -1.032139113421385
      vertex 0.28522891068676137 1.4952223124609376 -1.1458608865786157
    endloop
  endfacet
  facet normal 0.1253332335643042 0.9921147013144779 0
    outer loop
      vertex 0.28522891068676137 1.4952223124609376 -1.1458608865786157
      vertex 0.09557874821402428 1.519180699608322 -1.032139113421385
      vertex 0.28522891068676137 1.4952223124609376 -1.0461391134213853
    endloop
  endfacet
  facet normal -0.0006351549292277405 0.5007707297473936 -0.865579732206386
    outer loop
      vertex 0.09557874821402428 1.519180699608322 -1.032139113421385
      vertex 0.12269986054916825 1.950258435834777 -0.7827641819063262
      vertex 0.28522891068676137 1.4952223124609376 -1.0461391134213853
    endloop
  endfacet
  facet normal -0.049245425629134476 0.5024529399137582 -0.8632009796256181
    outer loop
      vertex -0.12269986054916825 1.950258435834777 -0.7687641819063264
      vertex 0.12269986054916825 1.950258435834777 -0.7827641819063262
      vertex 0.09557874821402428 1.519180699608322 -1.032139113421385
    endloop
  endfacet
  facet normal 0.1253332335643041 0.9921147013144778 0
    outer loop
      vertex 0.36616453154930095 1.919501695273744 -0.7967641819063265
      vertex 0.12269986054916825 1.950258435834777 -0.7827641819063262
      vertex 0.12269986054916825 1.950258435834777 -0.6812358180936742
    endloop
  endfacet
  facet normal 0.24868988716485402 0.9685831611286313 0
    outer loop
      vertex 0.470380842850476 1.4476833762435302 -1.159860886578615
      vertex 0.28522891068676137 1.4952223124609376 -1.1458608865786157
      vertex 0.28522891068676137 1.4952223124609376 -1.0461391134213853
    endloop
  endfacet
  facet normal 0.24868988716485405 0.9685831611286314 0
    outer loop
      vertex 0.470380842850476 1.4476833762435302 -1.159860886578615
      vertex 0.28522891068676137 1.4952223124609376 -1.0461391134213853
      vertex 0.470380842850476 1.4476833762435302 -1.0601391134213856
    endloop
  endfacet
  facet normal 0.06213306829069758 0.4969016089914628 -0.865579732206386
    outer loop
      vertex 0.470380842850476 1.4476833762435302 -1.0601391134213856
      vertex 0.28522891068676137 1.4952223124609376 -1.0461391134213853
      vertex 0.36616453154930095 1.919501695273744 -0.7967641819063265
    endloop
  endfacet
  facet normal 0.014116940934127792 0.5046630368394697 -0.8632009796256179
    outer loop
      vertex 0.28522891068676137 1.4952223124609376 -1.0461391134213853
      vertex 0.12269986054916825 1.950258435834777 -0.7827641819063262
      vertex 0.36616453154930095 1.919501695273744 -0.7967641819063265
    endloop
  endfacet
  facet normal 0.07725667490581062 0.4989142962031375 -0.8632009796256175
    outer loop
      vertex 0.470380842850476 1.4476833762435302 -1.0601391134213856
      vertex 0.36616453154930095 1.919501695273744 -0.7967641819063265
      vertex 0.6038545691508126 1.8584732663235117 -0.8107641819063263
    endloop
  endfacet
  facet normal 0.248689887164855 0.9685831611286311 0
    outer loop
      vertex 0.36616453154930095 1.919501695273744 -0.7967641819063265
      vertex 0.36616453154930095 1.919501695273744 -0.695235818093674
      vertex 0.6038545691508126 1.8584732663235117 -0.8107641819063263
    endloop
  endfacet
  facet normal 0.3681245526846789 0.9297764858882509 0
    outer loop
      vertex 0.470380842850476 1.4476833762435302 -1.159860886578615
      vertex 0.470380842850476 1.4476833762435302 -1.0601391134213856
      vertex 0.6481145881305433 1.3773136083786315 -1.1738608865786153
    endloop
  endfacet
  facet normal 0.4817536741017143 0.876306680043864 0
    outer loop
      vertex 0.6481145881305433 1.3773136083786315 -1.1738608865786153
      vertex 0.6481145881305433 1.3773136083786315 -1.074139113421385
      vertex 0.8156271791909036 1.2852227821423337 -1.1878608865786155
    endloop
  endfacet
  facet normal 0.5877852522924745 0.8090169943749465 0
    outer loop
      vertex 0.9702768424033632 1.1728632248767752 -1.201860886578615
      vertex 0.8156271791909036 1.2852227821423337 -1.0881391134213851
      vertex 0.9702768424033632 1.1728632248767752 -1.1021391134213854
    endloop
  endfacet
  facet normal 0.2948595008570632 0.4047586959508642 0.8655797322063864
    outer loop
      vertex 0.6481145881305433 1.3773136083786315 -1.1738608865786153
      vertex 0.8156271791909036 1.2852227821423337 -1.1878608865786155
      vertex 1.047066874350955 1.6499133865025817 -1.437235818093674
    endloop
  endfacet
  facet normal 0.5877852522924744 0.8090169943749466 0
    outer loop
      vertex 0.9702768424033632 1.1728632248767752 -1.201860886578615
      vertex 0.8156271791909036 1.2852227821423337 -1.1878608865786155
      vertex 0.8156271791909036 1.2852227821423337 -1.0881391134213851
    endloop
  endfacet
  facet normal 0.368124552684679 0.929776485888251 0
    outer loop
      vertex 0.470380842850476 1.4476833762435302 -1.0601391134213856
      vertex 0.6481145881305433 1.3773136083786315 -1.074139113421385
      vertex 0.6481145881305433 1.3773136083786315 -1.1738608865786153
    endloop
  endfacet
  facet normal 0.4817536741017143 0.876306680043864 0
    outer loop
      vertex 0.8156271791909036 1.2852227821423337 -1.1878608865786155
      vertex 0.6481145881305433 1.3773136083786315 -1.074139113421385
      vertex 0.8156271791909036 1.2852227821423337 -1.0881391134213851
    endloop
  endfacet
  facet normal 0.24069154843105964 0.43913472386886027 -0.8655797322063861
    outer loop
      vertex 0.9702768424033632 1.1728632248767752 -1.1021391134213854
      vertex 0.8156271791909036 1.2852227821423337 -1.0881391134213851
      vertex 1.047066874350955 1.6499133865025817 -0.8387641819063263
    endloop
  endfacet
  facet normal 0.23075250253838323 0.44904047851574336 0.8632009796256174
    outer loop
      vertex 0.470380842850476 1.4476833762435302 -1.159860886578615
      vertex 0.8320214594715815 1.7681356037652416 -1.4232358180936746
      vertex 0.6038545691508126 1.8584732663235117 -1.4092358180936744
    endloop
  endfacet
  facet normal 0.2418047294457496 0.43852274742730235 0.8655797322063856
    outer loop
      vertex 0.470380842850476 1.4476833762435302 -1.159860886578615
      vertex 0.6481145881305433 1.3773136083786315 -1.1738608865786153
      vertex 0.8320214594715815 1.7681356037652416 -1.4232358180936746
    endloop
  endfacet
  facet normal 0.24868988716485502 0.9685831611286311 0
    outer loop
      vertex 0.6038545691508126 1.8584732663235117 -1.5107641819063264
      vertex 0.36616453154930095 1.919501695273744 -1.3952358180936741
      vertex 0.6038545691508126 1.8584732663235117 -1.4092358180936744
    endloop
  endfacet
  facet normal 0.36812455268467814 0.9297764858882513 0
    outer loop
      vertex 0.6038545691508126 1.8584732663235117 -1.5107641819063264
      vertex 0.6038545691508126 1.8584732663235117 -1.4092358180936744
      vertex 0.8320214594715815 1.7681356037652416 -1.5247641819063258
    endloop
  endfacet
  facet normal 0.285212645307074 0.41657870292456733 0.8632009796256177
    outer loop
      vertex 0.6481145881305433 1.3773136083786315 -1.1738608865786153
      vertex 1.047066874350955 1.6499133865025817 -1.437235818093674
      vertex 0.8320214594715815 1.7681356037652416 -1.4232358180936746
    endloop
  endfacet
  facet normal 0.4817536741017151 0.8763066800438637 0
    outer loop
      vertex 1.047066874350955 1.6499133865025817 -1.538764181906327
      vertex 0.8320214594715815 1.7681356037652416 -1.4232358180936746
      vertex 1.047066874350955 1.6499133865025817 -1.437235818093674
    endloop
  endfacet
  facet normal 0.3681245526846782 0.9297764858882513 0
    outer loop
      vertex 0.8320214594715815 1.7681356037652416 -1.5247641819063258
      vertex 0.6038545691508126 1.8584732663235117 -1.4092358180936744
      vertex 0.8320214594715815 1.7681356037652416 -1.4232358180936746
    endloop
  endfacet
  facet normal 0.48175367410171516 0.8763066800438637 0
    outer loop
      vertex 0.8320214594715815 1.7681356037652416 -1.5247641819063258
      vertex 0.8320214594715815 1.7681356037652416 -1.4232358180936746
      vertex 1.047066874350955 1.6499133865025817 -1.538764181906327
    endloop
  endfacet
  facet normal 0.12392141590718823 0.485196053027103 -0.8655797322063856
    outer loop
      vertex 0.470380842850476 1.4476833762435302 -1.0601391134213856
      vertex 0.6038545691508126 1.8584732663235117 -0.8107641819063263
      vertex 0.6481145881305433 1.3773136083786315 -1.074139113421385
    endloop
  endfacet
  facet normal 0.1391780249633242 0.4852973790787265 -0.8632009796256184
    outer loop
      vertex 0.6481145881305433 1.3773136083786315 -1.074139113421385
      vertex 0.6038545691508126 1.8584732663235117 -0.8107641819063263
      vertex 0.8320214594715815 1.7681356037652416 -0.8247641819063265
    endloop
  endfacet
  facet normal 0.36812455268467814 0.9297764858882513 0
    outer loop
      vertex 0.6038545691508126 1.8584732663235117 -0.8107641819063263
      vertex 0.6038545691508126 1.8584732663235117 -0.7092358180936742
      vertex 0.8320214594715815 1.7681356037652416 -0.8247641819063265
    endloop
  endfacet
  facet normal 0.1837554487677462 0.46583866546443375 -0.8655797322063863
    outer loop
      vertex 0.6481145881305433 1.3773136083786315 -1.074139113421385
      vertex 0.8320214594715815 1.7681356037652416 -0.8247641819063265
      vertex 0.8156271791909036 1.2852227821423337 -1.0881391134213851
    endloop
  endfacet
  facet normal 0.19890445442624766 0.46402703238364285 -0.863200979625618
    outer loop
      vertex 0.8156271791909036 1.2852227821423337 -1.0881391134213851
      vertex 0.8320214594715815 1.7681356037652416 -0.8247641819063265
      vertex 1.047066874350955 1.6499133865025817 -0.8387641819063263
    endloop
  endfacet
  facet normal 0.48175367410171516 0.8763066800438637 0
    outer loop
      vertex 0.8320214594715815 1.7681356037652416 -0.7232358180936744
      vertex 1.047066874350955 1.6499133865025817 -0.7372358180936742
      vertex 1.047066874350955 1.6499133865025817 -0.8387641819063263
    endloop
  endfacet
  facet normal 0.36812455268467814 0.9297764858882513 0
    outer loop
      vertex 0.8320214594715815 1.7681356037652416 -0.8247641819063265
      vertex 0.6038545691508126 1.8584732663235117 -0.7092358180936742
      vertex 0.8320214594715815 1.7681356037652416 -0.7232358180936744
    endloop
  endfacet
  facet normal 0.4817536741017151 0.8763066800438637 0
    outer loop
      vertex 0.8320214594715815 1.7681356037652416 -0.8247641819063265
      vertex 0.8320214594715815 1.7681356037652416 -0.7232358180936744
      vertex 1.047066874350955 1.6499133865025817 -0.8387641819063263
    endloop
  endfacet
  facet normal 0.06339336137649443 0.4967423969492741 0.8655797322063862
    outer loop
      vertex -0.09557874821402428 1.519180699608322 -0.41786088657861553
      vertex 0.09557874821402428 1.519180699608322 -0.4318608865786153
      vertex 0.12269986054916825 1.950258435834777 -0.6812358180936742
    endloop
  endfacet
  facet normal 0.1253332335643042 0.9921147013144779 0
    outer loop
      vertex 0.09557874821402428 1.519180699608322 -0.4318608865786153
      vertex 0.09557874821402428 1.519180699608322 -0.3321391134213849
      vertex 0.28522891068676137 1.4952223124609376 -0.44586088657861556
    endloop
  endfacet
  facet normal 0.1253332335643042 0.9921147013144779 0
    outer loop
      vertex 0.28522891068676137 1.4952223124609376 -0.44586088657861556
      vertex 0.09557874821402428 1.519180699608322 -0.3321391134213849
      vertex 0.28522891068676137 1.4952223124609376 -0.34613911342138515
    endloop
  endfacet
  facet normal 0.11183116241243526 0.49231885997476965 0.863200979625618
    outer loop
      vertex 0.09557874821402428 1.519180699608322 -0.4318608865786153
      vertex 0.36616453154930095 1.919501695273744 -0.695235818093674
      vertex 0.12269986054916825 1.950258435834777 -0.6812358180936742
    endloop
  endfacet
  facet normal 0.24868988716485402 0.9685831611286313 0
    outer loop
      vertex 0.470380842850476 1.4476833762435302 -0.45986088657861535
      vertex 0.28522891068676137 1.4952223124609376 -0.44586088657861556
      vertex 0.28522891068676137 1.4952223124609376 -0.34613911342138515
    endloop
  endfacet
  facet normal 0.12515181664549901 0.4848801398117392 0.8655797322063864
    outer loop
      vertex 0.09557874821402428 1.519180699608322 -0.4318608865786153
      vertex 0.28522891068676137 1.4952223124609376 -0.44586088657861556
      vertex 0.36616453154930095 1.919501695273744 -0.695235818093674
    endloop
  endfacet
  facet normal 0.24868988716485402 0.9685831611286314 0
    outer loop
      vertex 0.470380842850476 1.4476833762435302 -0.45986088657861535
      vertex 0.28522891068676137 1.4952223124609376 -0.34613911342138515
      vertex 0.470380842850476 1.4476833762435302 -0.3601391134213854
    endloop
  endfacet
  facet normal 0.1849365530039287 0.4653710332160203 0.8655797322063861
    outer loop
      vertex 0.470380842850476 1.4476833762435302 -0.45986088657861535
      vertex 0.6038545691508126 1.8584732663235117 -0.7092358180936742
      vertex 0.28522891068676137 1.4952223124609376 -0.44586088657861556
    endloop
  endfacet
  facet normal 0.1253332335643041 0.9921147013144778 0
    outer loop
      vertex 0.36616453154930095 1.919501695273744 -0.7967641819063265
      vertex 0.12269986054916825 1.950258435834777 -0.6812358180936742
      vertex 0.36616453154930095 1.919501695273744 -0.695235818093674
    endloop
  endfacet
  facet normal 0.1726532549597955 0.47442061751694636 0.8632009796256184
    outer loop
      vertex 0.28522891068676137 1.4952223124609376 -0.44586088657861556
      vertex 0.6038545691508126 1.8584732663235117 -0.7092358180936742
      vertex 0.36616453154930095 1.919501695273744 -0.695235818093674
    endloop
  endfacet
  facet normal 0 1 0
    outer loop
      vertex -0.09557874821402428 1.519180699608322 -0.3181391134213851
      vertex 0.09557874821402428 1.519180699608322 -0.3321391134213849
      vertex 0.09557874821402428 1.519180699608322 -0.4318608865786153
    endloop
  endfacet
  facet normal -0.0006351549292278501 0.5007707297473929 -0.8655797322063864
    outer loop
      vertex 0.09557874821402428 1.519180699608322 -0.3321391134213849
      vertex 0.12269986054916825 1.950258435834777 -0.0827641819063265
      vertex 0.28522891068676137 1.4952223124609376 -0.34613911342138515
    endloop
  endfacet
  facet normal -0.04924542562913605 0.5024529399137576 -0.8632009796256184
    outer loop
      vertex -0.12269986054916825 1.950258435834777 -0.06876418190632627
      vertex 0.12269986054916825 1.950258435834777 -0.0827641819063265
      vertex 0.09557874821402428 1.519180699608322 -0.3321391134213849
    endloop
  endfacet
  facet normal 0.1253332335643041 0.9921147013144778 0
    outer loop
      vertex 0.36616453154930095 1.919501695273744 -0.09676418190632674
      vertex 0.12269986054916825 1.950258435834777 -0.0827641819063265
      vertex 0.12269986054916825 1.950258435834777 0.01876418190632556
    endloop
  endfacet
  facet normal 0.06213306829069739 0.49690160899146224 -0.8655797322063865
    outer loop
      vertex 0.470380842850476 1.4476833762435302 -0.3601391134213854
      vertex 0.28522891068676137 1.4952223124609376 -0.34613911342138515
      vertex 0.36616453154930095 1.919501695273744 -0.09676418190632674
    endloop
  endfacet
  facet normal 0.07725667490581042 0.4989142962031369 -0.863200979625618
    outer loop
      vertex 0.470380842850476 1.4476833762435302 -0.3601391134213854
      vertex 0.36616453154930095 1.919501695273744 -0.09676418190632674
      vertex 0.6038545691508126 1.8584732663235117 -0.11076418190632653
    endloop
  endfacet
  facet normal 0.014116940934127685 0.504663036839469 -0.8632009796256183
    outer loop
      vertex 0.28522891068676137 1.4952223124609376 -0.34613911342138515
      vertex 0.12269986054916825 1.950258435834777 -0.0827641819063265
      vertex 0.36616453154930095 1.919501695273744 -0.09676418190632674
    endloop
  endfacet
  facet normal 0.1253332335643041 0.9921147013144778 0
    outer loop
      vertex 0.36616453154930095 1.919501695273744 -0.09676418190632674
      vertex 0.12269986054916825 1.950258435834777 0.01876418190632556
      vertex 0.36616453154930095 1.919501695273744 0.004764181906325771
    endloop
  endfacet
  facet normal 0.248689887164855 0.9685831611286311 0
    outer loop
      vertex 0.36616453154930095 1.919501695273744 -0.09676418190632674
      vertex 0.36616453154930095 1.919501695273744 0.004764181906325771
      vertex 0.6038545691508126 1.8584732663235117 -0.11076418190632653
    endloop
  endfacet
  facet normal 0.368124552684679 0.929776485888251 0
    outer loop
      vertex 0.470380842850476 1.4476833762435302 -0.45986088657861535
      vertex 0.470380842850476 1.4476833762435302 -0.3601391134213854
      vertex 0.6481145881305433 1.3773136083786315 -0.4738608865786156
    endloop
  endfacet
  facet normal 0.368124552684679 0.929776485888251 0
    outer loop
      vertex 0.470380842850476 1.4476833762435302 -0.3601391134213854
      vertex 0.6481145881305433 1.3773136083786315 -0.37413911342138517
      vertex 0.6481145881305433 1.3773136083786315 -0.4738608865786156
    endloop
  endfacet
  facet normal 0.4817536741017143 0.876306680043864 0
    outer loop
      vertex 0.6481145881305433 1.3773136083786315 -0.4738608865786156
      vertex 0.6481145881305433 1.3773136083786315 -0.37413911342138517
      vertex 0.8156271791909036 1.2852227821423337 -0.48786088657861537
    endloop
  endfacet
  facet normal 0.5877852522924744 0.8090169943749466 0
    outer loop
      vertex 0.9702768424033632 1.1728632248767752 -0.5018608865786156
      vertex 0.8156271791909036 1.2852227821423337 -0.38813911342138496
      vertex 0.9702768424033632 1.1728632248767752 -0.4021391134213852
    endloop
  endfacet
  facet normal 0.2948595008570618 0.40475869595086594 0.865579732206386
    outer loop
      vertex 0.6481145881305433 1.3773136083786315 -0.4738608865786156
      vertex 0.8156271791909036 1.2852227821423337 -0.48786088657861537
      vertex 1.047066874350955 1.6499133865025817 -0.7372358180936742
    endloop
  endfacet
  facet normal 0.4817536741017144 0.876306680043864 0
    outer loop
      vertex 0.6481145881305433 1.3773136083786315 -0.37413911342138517
      vertex 0.8156271791909036 1.2852227821423337 -0.38813911342138496
      vertex 0.8156271791909036 1.2852227821423337 -0.48786088657861537
    endloop
  endfacet
  facet normal 0.5877852522924744 0.8090169943749465 0
    outer loop
      vertex 0.9702768424033632 1.1728632248767752 -0.5018608865786156
      vertex 0.8156271791909036 1.2852227821423337 -0.48786088657861537
      vertex 0.8156271791909036 1.2852227821423337 -0.38813911342138496
    endloop
  endfacet
  facet normal 0.2406915484310592 0.43913472386885966 -0.8655797322063863
    outer loop
      vertex 0.9702768424033632 1.1728632248767752 -0.4021391134213852
      vertex 0.8156271791909036 1.2852227821423337 -0.38813911342138496
      vertex 1.047066874350955 1.6499133865025817 -0.13876418190632656
    endloop
  endfacet
  facet normal 0.23075250253838298 0.44904047851574275 0.8632009796256178
    outer loop
      vertex 0.470380842850476 1.4476833762435302 -0.45986088657861535
      vertex 0.8320214594715815 1.7681356037652416 -0.7232358180936744
      vertex 0.6038545691508126 1.8584732663235117 -0.7092358180936742
    endloop
  endfacet
  facet normal 0.24180472944574938 0.4385227474273017 0.865579732206386
    outer loop
      vertex 0.470380842850476 1.4476833762435302 -0.45986088657861535
      vertex 0.6481145881305433 1.3773136083786315 -0.4738608865786156
      vertex 0.8320214594715815 1.7681356037652416 -0.7232358180936744
    endloop
  endfacet
  facet normal 0.24868988716485502 0.9685831611286311 0
    outer loop
      vertex 0.6038545691508126 1.8584732663235117 -0.8107641819063263
      vertex 0.36616453154930095 1.919501695273744 -0.695235818093674
      vertex 0.6038545691508126 1.8584732663235117 -0.7092358180936742
    endloop
  endfacet
  facet normal 0.28521264530707513 0.4165787029245661 0.863200979625618
    outer loop
      vertex 0.6481145881305433 1.3773136083786315 -0.4738608865786156
      vertex 1.047066874350955 1.6499133865025817 -0.7372358180936742
      vertex 0.8320214594715815 1.7681356037652416 -0.7232358180936744
    endloop
  endfacet
  facet normal 0.12392141590718603 0.485196053027103 -0.8655797322063861
    outer loop
      vertex 0.470380842850476 1.4476833762435302 -0.3601391134213854
      vertex 0.6038545691508126 1.8584732663235117 -0.11076418190632653
      vertex 0.6481145881305433 1.3773136083786315 -0.37413911342138517
    endloop
  endfacet
  facet normal 0.13917802496332599 0.4852973790787265 -0.863200979625618
    outer loop
      vertex 0.6481145881305433 1.3773136083786315 -0.37413911342138517
      vertex 0.6038545691508126 1.8584732663235117 -0.11076418190632653
      vertex 0.8320214594715815 1.7681356037652416 -0.12476418190632632
    endloop
  endfacet
  facet normal 0.248689887164855 0.9685831611286311 0
    outer loop
      vertex 0.36616453154930095 1.919501695273744 0.004764181906325771
      vertex 0.6038545691508126 1.8584732663235117 -0.00923581809367402
      vertex 0.6038545691508126 1.8584732663235117 -0.11076418190632653
    endloop
  endfacet
  facet normal 0.36812455268467814 0.9297764858882513 0
    outer loop
      vertex 0.6038545691508126 1.8584732663235117 -0.11076418190632653
      vertex 0.6038545691508126 1.8584732663235117 -0.00923581809367402
      vertex 0.8320214594715815 1.7681356037652416 -0.12476418190632632
    endloop
  endfacet
  facet normal 0.18375544876774838 0.46583866546443364 -0.8655797322063861
    outer loop
      vertex 0.6481145881305433 1.3773136083786315 -0.37413911342138517
      vertex 0.8320214594715815 1.7681356037652416 -0.12476418190632632
      vertex 0.8156271791909036 1.2852227821423337 -0.38813911342138496
    endloop
  endfacet
  facet normal 0.19890445442624602 0.46402703238364307 -0.8632009796256183
    outer loop
      vertex 0.8156271791909036 1.2852227821423337 -0.38813911342138496
      vertex 0.8320214594715815 1.7681356037652416 -0.12476418190632632
      vertex 1.047066874350955 1.6499133865025817 -0.13876418190632656
    endloop
  endfacet
  facet normal 0.4817536741017151 0.8763066800438637 0
    outer loop
      vertex 0.8320214594715815 1.7681356037652416 -0.023235818093674254
      vertex 1.047066874350955 1.6499133865025817 -0.03723581809367449
      vertex 1.047066874350955 1.6499133865025817 -0.13876418190632656
    endloop
  endfacet
  facet normal 0.36812455268467814 0.9297764858882513 0
    outer loop
      vertex 0.6038545691508126 1.8584732663235117 -0.00923581809367402
      vertex 0.8320214594715815 1.7681356037652416 -0.023235818093674254
      vertex 0.8320214594715815 1.7681356037652416 -0.12476418190632632
    endloop
  endfacet
  facet normal 0.4817536741017151 0.8763066800438637 0
    outer loop
      vertex 0.8320214594715815 1.7681356037652416 -0.12476418190632632
      vertex 0.8320214594715815 1.7681356037652416 -0.023235818093674254
      vertex 1.047066874350955 1.6499133865025817 -0.13876418190632656
    endloop
  endfacet
  facet normal 0.951056516295154 0.3090169943749466 0
    outer loop
      vertex 1.415291246293107 0.5603534450136751 -1.1581391134213845
      vertex 1.4743621612915423 0.3785518623971118 -1.1721391134213848
      vertex 1.4743621612915423 0.3785518623971118 -1.2718608865786152
    endloop
  endfacet
  facet normal 0.7705132427757898 0.6374239897486889 0
    outer loop
      vertex 1.2314730342393692 0.8947175314667035 -1.2298608865786154
      vertex 1.1096246601958315 1.042006913920381 -1.1161391134213847
      vertex 1.2314730342393692 0.8947175314667035 -1.130139113421385
    endloop
  endfacet
  facet normal 0.9510565162951539 0.30901699437494656 0
    outer loop
      vertex 1.415291246293107 0.5603534450136751 -1.2578608865786158
      vertex 1.415291246293107 0.5603534450136751 -1.1581391134213845
      vertex 1.4743621612915423 0.3785518623971118 -1.2718608865786152
    endloop
  endfacet
  facet normal 0.9048270524660196 0.42577929156507277 0
    outer loop
      vertex 1.415291246293107 0.5603534450136751 -1.2578608865786158
      vertex 1.3339003428866194 0.7333179190634505 -1.1441391134213852
      vertex 1.415291246293107 0.5603534450136751 -1.1581391134213845
    endloop
  endfacet
  facet normal 0.9048270524660194 0.4257792915650728 0
    outer loop
      vertex 1.415291246293107 0.5603534450136751 -1.2578608865786158
      vertex 1.3339003428866194 0.7333179190634505 -1.2438608865786156
      vertex 1.3339003428866194 0.7333179190634505 -1.1441391134213852
    endloop
  endfacet
  facet normal 0.4533813391743918 0.21264310118589677 0.8655797322063864
    outer loop
      vertex 1.3339003428866194 0.7333179190634505 -1.2438608865786156
      vertex 1.7124035323436126 0.9414018083372339 -1.493235818093674
      vertex 1.2314730342393692 0.8947175314667035 -1.2298608865786154
    endloop
  endfacet
  facet normal 0.8443279255020151 0.5358267949789967 0
    outer loop
      vertex 1.3339003428866194 0.7333179190634505 -1.2438608865786156
      vertex 1.2314730342393692 0.8947175314667035 -1.2298608865786154
      vertex 1.2314730342393692 0.8947175314667035 -1.130139113421385
    endloop
  endfacet
  facet normal 0.8443279255020151 0.5358267949789967 0
    outer loop
      vertex 1.3339003428866194 0.7333179190634505 -1.2438608865786156
      vertex 1.2314730342393692 0.8947175314667035 -1.130139113421385
      vertex 1.3339003428866194 0.7333179190634505 -1.1441391134213852
    endloop
  endfacet
  facet normal 0.38544561587576504 0.3196926717891305 -0.8655797322063864
    outer loop
      vertex 1.3339003428866194 0.7333179190634505 -1.1441391134213852
      vertex 1.2314730342393692 0.8947175314667035 -1.130139113421385
      vertex 1.5809117862987512 1.1485996457709655 -0.8807641819063265
    endloop
  endfacet
  facet normal 0.4997426913944408 -0.032077555881974563 0.8655797322063863
    outer loop
      vertex 1.5221843827777863 0 -1.2998608865786156
      vertex 1.9541144342958772 0 -1.549235818093674
      vertex 1.5101815042651463 0.1907802907746246 -1.2858608865786154
    endloop
  endfacet
  facet normal 0.9980267284282716 0.06279051952931329 0
    outer loop
      vertex 1.5221843827777863 0 -1.2998608865786156
      vertex 1.5101815042651463 0.1907802907746246 -1.186139113421385
      vertex 1.5221843827777863 0 -1.2001391134213852
    endloop
  endfacet
  facet normal 0.9980267284282716 0.06279051952931329 0
    outer loop
      vertex 1.5221843827777863 0 -1.2998608865786156
      vertex 1.5101815042651463 0.1907802907746246 -1.2858608865786154
      vertex 1.5101815042651463 0.1907802907746246 -1.186139113421385
    endloop
  endfacet
  facet normal 0.49982245481041765 0.030809752689850887 0.8655797322063856
    outer loop
      vertex 1.938705658315764 0.24491548080498346 -1.5352358180936747
      vertex 1.4743621612915423 0.3785518623971118 -1.2718608865786152
      vertex 1.5101815042651463 0.1907802907746246 -1.2858608865786154
    endloop
  endfacet
  facet normal 0.4920197195345692 0.09321117305690457 0.8655797322063865
    outer loop
      vertex 1.8927223359773873 0.48596849817225574 -1.5212358180936736
      vertex 1.415291246293107 0.5603534450136751 -1.2578608865786158
      vertex 1.4743621612915423 0.3785518623971118 -1.2718608865786152
    endloop
  endfacet
  facet normal 0.9822872507286884 0.18738131458572593 0
    outer loop
      vertex 1.5101815042651463 0.1907802907746246 -1.2858608865786154
      vertex 1.4743621612915423 0.3785518623971118 -1.2718608865786152
      vertex 1.4743621612915423 0.3785518623971118 -1.1721391134213848
    endloop
  endfacet
  facet normal 0.9822872507286884 0.18738131458572593 0
    outer loop
      vertex 1.5101815042651463 0.1907802907746246 -1.2858608865786154
      vertex 1.4743621612915423 0.3785518623971118 -1.1721391134213848
      vertex 1.5101815042651463 0.1907802907746246 -1.186139113421385
    endloop
  endfacet
  facet normal 0.504553609670991 -0.017598969894485453 0.8632009796256177
    outer loop
      vertex 1.938705658315764 0.24491548080498346 -1.5352358180936747
      vertex 1.5101815042651463 0.1907802907746246 -1.2858608865786154
      vertex 1.9541144342958772 0 -1.549235818093674
    endloop
  endfacet
  facet normal 0.5027807895601535 0.04577713864629133 0.8632009796256181
    outer loop
      vertex 1.938705658315764 0.24491548080498346 -1.5352358180936747
      vertex 1.8927223359773873 0.48596849817225574 -1.5212358180936736
      vertex 1.4743621612915423 0.3785518623971118 -1.2718608865786152
    endloop
  endfacet
  facet normal 0.4917816872033614 0.09445898223533704 -0.8655797322063863
    outer loop
      vertex 1.5221843827777863 0 -1.2001391134213852
      vertex 1.5101815042651463 0.1907802907746246 -1.186139113421385
      vertex 1.938705658315764 0.24491548080498346 -0.9367641819063266
    endloop
  endfacet
  facet normal 0.47606499202894464 0.15535073401178814 -0.8655797322063864
    outer loop
      vertex 1.5101815042651463 0.1907802907746246 -1.186139113421385
      vertex 1.4743621612915423 0.3785518623971118 -1.1721391134213848
      vertex 1.8927223359773873 0.48596849817225574 -0.9227641819063264
    endloop
  endfacet
  facet normal 0.49836931795159956 0.08069753216691837 -0.863200979625618
    outer loop
      vertex 1.5221843827777863 0 -1.2001391134213852
      vertex 1.938705658315764 0.24491548080498346 -0.9367641819063266
      vertex 1.9541144342958772 0 -0.9507641819063264
    endloop
  endfacet
  facet normal 0.5045536096709905 -0.017598969894487067 0.863200979625618
    outer loop
      vertex 1.938705658315764 0.24491548080498346 -0.8352358180936741
      vertex 1.5101815042651463 0.1907802907746246 -0.5858608865786152
      vertex 1.9541144342958772 0 -0.8492358180936739
    endloop
  endfacet
  facet normal 0.9980267284282716 0.06279051952931322 0
    outer loop
      vertex 1.938705658315764 0.24491548080498346 -0.8352358180936741
      vertex 1.9541144342958772 0 -0.8492358180936739
      vertex 1.9541144342958772 0 -0.9507641819063264
    endloop
  endfacet
  facet normal 0.9980267284282716 0.06279051952931324 0
    outer loop
      vertex 1.938705658315764 0.24491548080498346 -0.9367641819063266
      vertex 1.938705658315764 0.24491548080498346 -0.8352358180936741
      vertex 1.9541144342958772 0 -0.9507641819063264
    endloop
  endfacet
  facet normal 0.4843254443767108 0.14252344615071055 -0.8632009796256181
    outer loop
      vertex 1.5101815042651463 0.1907802907746246 -1.186139113421385
      vertex 1.8927223359773873 0.48596849817225574 -0.9227641819063264
      vertex 1.938705658315764 0.24491548080498346 -0.9367641819063266
    endloop
  endfacet
  facet normal 0.9822872507286885 0.1873813145857255 0
    outer loop
      vertex 1.938705658315764 0.24491548080498346 -0.9367641819063266
      vertex 1.8927223359773873 0.48596849817225574 -0.8212358180936743
      vertex 1.938705658315764 0.24491548080498346 -0.8352358180936741
    endloop
  endfacet
  facet normal 0.9822872507286885 0.1873813145857255 0
    outer loop
      vertex 1.938705658315764 0.24491548080498346 -0.9367641819063266
      vertex 1.8927223359773873 0.48596849817225574 -0.9227641819063264
      vertex 1.8927223359773873 0.48596849817225574 -0.8212358180936743
    endloop
  endfacet
  facet normal 0.4764575393633297 0.1541425975431895 0.8655797322063864
    outer loop
      vertex 1.816889651743129 0.7193575020198423 -1.5072358180936742
      vertex 1.3339003428866194 0.7333179190634505 -1.2438608865786156
      vertex 1.415291246293107 0.5603534450136751 -1.2578608865786158
    endloop
  endfacet
  facet normal 0.49307881605126613 0.10843131436468993 0.8632009796256186
    outer loop
      vertex 1.8927223359773873 0.48596849817225574 -1.5212358180936736
      vertex 1.816889651743129 0.7193575020198423 -1.5072358180936742
      vertex 1.415291246293107 0.5603534450136751 -1.2578608865786158
    endloop
  endfacet
  facet normal 0.4756006950622453 0.16937546348182206 0.8632009796256183
    outer loop
      vertex 1.816889651743129 0.7193575020198423 -1.5072358180936742
      vertex 1.7124035323436126 0.9414018083372339 -1.493235818093674
      vertex 1.3339003428866194 0.7333179190634505 -1.2438608865786156
    endloop
  endfacet
  facet normal 0.45284046754279056 0.2137925119108415 -0.8655797322063864
    outer loop
      vertex 1.415291246293107 0.5603534450136751 -1.1581391134213845
      vertex 1.816889651743129 0.7193575020198423 -0.9087641819063261
      vertex 1.4743621612915423 0.3785518623971118 -1.1721391134213848
    endloop
  endfacet
  facet normal 0.42247437836970575 0.26886265418360283 -0.865579732206386
    outer loop
      vertex 1.415291246293107 0.5603534450136751 -1.1581391134213845
      vertex 1.3339003428866194 0.7333179190634505 -1.1441391134213852
      vertex 1.7124035323436126 0.9414018083372339 -0.8947641819063263
    endloop
  endfacet
  facet normal 0.3978480298375365 0.3108070364836744 -0.863200979625618
    outer loop
      vertex 1.3339003428866194 0.7333179190634505 -1.1441391134213852
      vertex 1.5809117862987512 1.1485996457709655 -0.8807641819063265
      vertex 1.7124035323436126 0.9414018083372339 -0.8947641819063263
    endloop
  endfacet
  facet normal 0.43366533018785797 0.25849265012071193 -0.8632009796256185
    outer loop
      vertex 1.415291246293107 0.5603534450136751 -1.1581391134213845
      vertex 1.7124035323436126 0.9414018083372339 -0.8947641819063263
      vertex 1.816889651743129 0.7193575020198423 -0.9087641819063261
    endloop
  endfacet
  facet normal 0.46264346922200583 0.20210168024932323 -0.8632009796256183
    outer loop
      vertex 1.4743621612915423 0.3785518623971118 -1.1721391134213848
      vertex 1.816889651743129 0.7193575020198423 -0.9087641819063261
      vertex 1.8927223359773873 0.48596849817225574 -0.9227641819063264
    endloop
  endfacet
  facet normal 0.9510565162951538 0.30901699437494684 0
    outer loop
      vertex 1.8927223359773873 0.48596849817225574 -0.9227641819063264
      vertex 1.816889651743129 0.7193575020198423 -0.8072358180936741
      vertex 1.8927223359773873 0.48596849817225574 -0.8212358180936743
    endloop
  endfacet
  facet normal 0.9510565162951538 0.30901699437494684 0
    outer loop
      vertex 1.8927223359773873 0.48596849817225574 -0.9227641819063264
      vertex 1.816889651743129 0.7193575020198423 -0.9087641819063261
      vertex 1.816889651743129 0.7193575020198423 -0.8072358180936741
    endloop
  endfacet
  facet normal 0.9048270524660195 0.4257792915650726 0
    outer loop
      vertex 1.816889651743129 0.7193575020198423 -0.9087641819063261
      vertex 1.7124035323436126 0.9414018083372339 -0.7932358180936743
      vertex 1.816889651743129 0.7193575020198423 -0.8072358180936741
    endloop
  endfacet
  facet normal 0.9048270524660195 0.4257792915650726 0
    outer loop
      vertex 1.816889651743129 0.7193575020198423 -0.9087641819063261
      vertex 1.7124035323436126 0.9414018083372339 -0.8947641819063263
      vertex 1.7124035323436126 0.9414018083372339 -0.7932358180936743
    endloop
  endfacet
  facet normal 0.951056516295154 0.3090169943749466 0
    outer loop
      vertex 1.415291246293107 0.5603534450136751 -0.45813911342138525
      vertex 1.4743621612915423 0.3785518623971118 -0.47213911342138504
      vertex 1.4743621612915423 0.3785518623971118 -0.5718608865786154
    endloop
  endfacet
  facet normal 0.7705132427757899 0.637423989748689 0
    outer loop
      vertex 1.2314730342393692 0.8947175314667035 -0.5298608865786156
      vertex 1.1096246601958315 1.042006913920381 -0.416139113421385
      vertex 1.2314730342393692 0.8947175314667035 -0.4301391134213848
    endloop
  endfacet
  facet normal 0.951056516295154 0.3090169943749466 0
    outer loop
      vertex 1.415291246293107 0.5603534450136751 -0.5578608865786157
      vertex 1.415291246293107 0.5603534450136751 -0.45813911342138525
      vertex 1.4743621612915423 0.3785518623971118 -0.5718608865786154
    endloop
  endfacet
  facet normal 0.9048270524660194 0.4257792915650728 0
    outer loop
      vertex 1.415291246293107 0.5603534450136751 -0.5578608865786157
      vertex 1.3339003428866194 0.7333179190634505 -0.444139113421385
      vertex 1.415291246293107 0.5603534450136751 -0.45813911342138525
    endloop
  endfacet
  facet normal 0.9048270524660194 0.4257792915650728 0
    outer loop
      vertex 1.415291246293107 0.5603534450136751 -0.5578608865786157
      vertex 1.3339003428866194 0.7333179190634505 -0.5438608865786154
      vertex 1.3339003428866194 0.7333179190634505 -0.444139113421385
    endloop
  endfacet
  facet normal 0.4533813391743915 0.21264310118589896 0.865579732206386
    outer loop
      vertex 1.7124035323436126 0.9414018083372339 -0.7932358180936743
      vertex 1.2314730342393692 0.8947175314667035 -0.5298608865786156
      vertex 1.3339003428866194 0.7333179190634505 -0.5438608865786154
    endloop
  endfacet
  facet normal 0.844327925502015 0.5358267949789967 0
    outer loop
      vertex 1.3339003428866194 0.7333179190634505 -0.5438608865786154
      vertex 1.2314730342393692 0.8947175314667035 -0.5298608865786156
      vertex 1.2314730342393692 0.8947175314667035 -0.4301391134213848
    endloop
  endfacet
  facet normal 0.8443279255020151 0.5358267949789967 0
    outer loop
      vertex 1.3339003428866194 0.7333179190634505 -0.5438608865786154
      vertex 1.2314730342393692 0.8947175314667035 -0.4301391134213848
      vertex 1.3339003428866194 0.7333179190634505 -0.444139113421385
    endloop
  endfacet
  facet normal 0.38544561587576504 0.3196926717891305 -0.8655797322063864
    outer loop
      vertex 1.3339003428866194 0.7333179190634505 -0.444139113421385
      vertex 1.2314730342393692 0.8947175314667035 -0.4301391134213848
      vertex 1.5809117862987512 1.1485996457709655 -0.18076418190632637
    endloop
  endfacet
  facet normal 0.4997426913944408 -0.032077555881974563 0.8655797322063863
    outer loop
      vertex 1.5221843827777863 0 -0.5998608865786155
      vertex 1.9541144342958772 0 -0.8492358180936739
      vertex 1.5101815042651463 0.1907802907746246 -0.5858608865786152
    endloop
  endfacet
  facet normal 0.9980267284282716 0.06279051952931329 0
    outer loop
      vertex 1.5221843827777863 0 -0.5998608865786155
      vertex 1.5101815042651463 0.1907802907746246 -0.4861391134213848
      vertex 1.5221843827777863 0 -0.5001391134213851
    endloop
  endfacet
  facet normal 0.9980267284282716 0.06279051952931329 0
    outer loop
      vertex 1.5221843827777863 0 -0.5998608865786155
      vertex 1.5101815042651463 0.1907802907746246 -0.5858608865786152
      vertex 1.5101815042651463 0.1907802907746246 -0.4861391134213848
    endloop
  endfacet
  facet normal 0.4917816872033614 0.09445898223533704 -0.8655797322063863
    outer loop
      vertex 1.5221843827777863 0 -0.5001391134213851
      vertex 1.5101815042651463 0.1907802907746246 -0.4861391134213848
      vertex 1.938705658315764 0.24491548080498346 -0.23676418190632642
    endloop
  endfacet
  facet normal 0.4998224548104168 0.030809752689852653 0.8655797322063861
    outer loop
      vertex 1.938705658315764 0.24491548080498346 -0.8352358180936741
      vertex 1.4743621612915423 0.3785518623971118 -0.5718608865786154
      vertex 1.5101815042651463 0.1907802907746246 -0.5858608865786152
    endloop
  endfacet
  facet normal 0.4920197195345702 0.09321117305690277 0.865579732206386
    outer loop
      vertex 1.8927223359773873 0.48596849817225574 -0.8212358180936743
      vertex 1.415291246293107 0.5603534450136751 -0.5578608865786157
      vertex 1.4743621612915423 0.3785518623971118 -0.5718608865786154
    endloop
  endfacet
  facet normal 0.9822872507286884 0.18738131458572593 0
    outer loop
      vertex 1.5101815042651463 0.1907802907746246 -0.5858608865786152
      vertex 1.4743621612915423 0.3785518623971118 -0.47213911342138504
      vertex 1.5101815042651463 0.1907802907746246 -0.4861391134213848
    endloop
  endfacet
  facet normal 0.9822872507286884 0.18738131458572596 0
    outer loop
      vertex 1.5101815042651463 0.1907802907746246 -0.5858608865786152
      vertex 1.4743621612915423 0.3785518623971118 -0.5718608865786154
      vertex 1.4743621612915423 0.3785518623971118 -0.47213911342138504
    endloop
  endfacet
  facet normal 0.4760649920289458 0.15535073401178628 -0.865579732206386
    outer loop
      vertex 1.5101815042651463 0.1907802907746246 -0.4861391134213848
      vertex 1.4743621612915423 0.3785518623971118 -0.47213911342138504
      vertex 1.8927223359773873 0.48596849817225574 -0.2227641819063262
    endloop
  endfacet
  facet normal 0.5027807895601533 0.04577713864629604 0.863200979625618
    outer loop
      vertex 1.938705658315764 0.24491548080498346 -0.8352358180936741
      vertex 1.8927223359773873 0.48596849817225574 -0.8212358180936743
      vertex 1.4743621612915423 0.3785518623971118 -0.5718608865786154
    endloop
  endfacet
  facet normal 0.49836931795159956 0.08069753216691837 -0.863200979625618
    outer loop
      vertex 1.5221843827777863 0 -0.5001391134213851
      vertex 1.938705658315764 0.24491548080498346 -0.23676418190632642
      vertex 1.9541144342958772 0 -0.2507641819063262
    endloop
  endfacet
  facet normal 0.9980267284282716 0.06279051952931324 0
    outer loop
      vertex 1.938705658315764 0.24491548080498346 -0.23676418190632642
      vertex 1.938705658315764 0.24491548080498346 -0.13523581809367435
      vertex 1.9541144342958772 0 -0.2507641819063262
    endloop
  endfacet
  facet normal 0.5045536096709907 -0.017598969894488614 0.8632009796256179
    outer loop
      vertex 1.938705658315764 0.24491548080498346 -0.13523581809367435
      vertex 1.5101815042651463 0.1907802907746246 0.1141391134213845
      vertex 1.9541144342958772 0 -0.1492358180936746
    endloop
  endfacet
  facet normal 0.9980267284282714 0.06279051952931324 0
    outer loop
      vertex 1.938705658315764 0.24491548080498346 -0.13523581809367435
      vertex 1.9541144342958772 0 -0.1492358180936746
      vertex 1.9541144342958772 0 -0.2507641819063262
    endloop
  endfacet
  facet normal 0.4843254443767108 0.14252344615071055 -0.8632009796256181
    outer loop
      vertex 1.5101815042651463 0.1907802907746246 -0.4861391134213848
      vertex 1.8927223359773873 0.48596849817225574 -0.2227641819063262
      vertex 1.938705658315764 0.24491548080498346 -0.23676418190632642
    endloop
  endfacet
  facet normal 0.9822872507286885 0.1873813145857255 0
    outer loop
      vertex 1.938705658315764 0.24491548080498346 -0.23676418190632642
      vertex 1.8927223359773873 0.48596849817225574 -0.2227641819063262
      vertex 1.8927223359773873 0.48596849817225574 -0.12123581809367412
    endloop
  endfacet
  facet normal 0.5027807895601529 0.04577713864629437 0.8632009796256183
    outer loop
      vertex 1.938705658315764 0.24491548080498346 -0.13523581809367435
      vertex 1.8927223359773873 0.48596849817225574 -0.12123581809367412
      vertex 1.4743621612915423 0.3785518623971118 0.1281391134213843
    endloop
  endfacet
  facet normal 0.9822872507286885 0.1873813145857255 0
    outer loop
      vertex 1.938705658315764 0.24491548080498346 -0.23676418190632642
      vertex 1.8927223359773873 0.48596849817225574 -0.12123581809367412
      vertex 1.938705658315764 0.24491548080498346 -0.13523581809367435
    endloop
  endfacet
  facet normal 0.4764575393633297 0.1541425975431895 0.8655797322063864
    outer loop
      vertex 1.816889651743129 0.7193575020198423 -0.8072358180936741
      vertex 1.3339003428866194 0.7333179190634505 -0.5438608865786154
      vertex 1.415291246293107 0.5603534450136751 -0.5578608865786157
    endloop
  endfacet
  facet normal 0.4930788160512672 0.10843131436468699 0.8632009796256184
    outer loop
      vertex 1.8927223359773873 0.48596849817225574 -0.8212358180936743
      vertex 1.816889651743129 0.7193575020198423 -0.8072358180936741
      vertex 1.415291246293107 0.5603534450136751 -0.5578608865786157
    endloop
  endfacet
  facet normal 0.4528404675427926 0.21379251191083998 -0.8655797322063856
    outer loop
      vertex 1.415291246293107 0.5603534450136751 -0.45813911342138525
      vertex 1.816889651743129 0.7193575020198423 -0.20876418190632595
      vertex 1.4743621612915423 0.3785518623971118 -0.47213911342138504
    endloop
  endfacet
  facet normal 0.4756006950622452 0.16937546348182372 0.8632009796256181
    outer loop
      vertex 1.816889651743129 0.7193575020198423 -0.8072358180936741
      vertex 1.7124035323436126 0.9414018083372339 -0.7932358180936743
      vertex 1.3339003428866194 0.7333179190634505 -0.5438608865786154
    endloop
  endfacet
  facet normal 0.49307881605126724 0.10843131436468868 0.863200979625618
    outer loop
      vertex 1.8927223359773873 0.48596849817225574 -0.12123581809367412
      vertex 1.816889651743129 0.7193575020198423 -0.10723581809367433
      vertex 1.415291246293107 0.5603534450136751 0.14213911342138452
    endloop
  endfacet
  facet normal 0.4224743783697032 0.2688626541836061 -0.8655797322063864
    outer loop
      vertex 1.415291246293107 0.5603534450136751 -0.45813911342138525
      vertex 1.3339003428866194 0.7333179190634505 -0.444139113421385
      vertex 1.7124035323436126 0.9414018083372339 -0.1947641819063266
    endloop
  endfacet
  facet normal 0.3978480298375351 0.31080703648367547 -0.8632009796256184
    outer loop
      vertex 1.3339003428866194 0.7333179190634505 -0.444139113421385
      vertex 1.5809117862987512 1.1485996457709655 -0.18076418190632637
      vertex 1.7124035323436126 0.9414018083372339 -0.1947641819063266
    endloop
  endfacet
  facet normal 0.43366533018785985 0.25849265012071104 -0.8632009796256178
    outer loop
      vertex 1.415291246293107 0.5603534450136751 -0.45813911342138525
      vertex 1.7124035323436126 0.9414018083372339 -0.1947641819063266
      vertex 1.816889651743129 0.7193575020198423 -0.20876418190632595
    endloop
  endfacet
  facet normal 0.4756006950622452 0.16937546348182372 0.8632009796256181
    outer loop
      vertex 1.816889651743129 0.7193575020198423 -0.10723581809367433
      vertex 1.7124035323436126 0.9414018083372339 -0.09323581809367454
      vertex 1.3339003428866194 0.7333179190634505 0.1561391134213843
    endloop
  endfacet
  facet normal 0.4626434692220065 0.20210168024932348 -0.8632009796256179
    outer loop
      vertex 1.4743621612915423 0.3785518623971118 -0.47213911342138504
      vertex 1.816889651743129 0.7193575020198423 -0.20876418190632595
      vertex 1.8927223359773873 0.48596849817225574 -0.2227641819063262
    endloop
  endfacet
  facet normal 0.9510565162951538 0.30901699437494684 0
    outer loop
      vertex 1.8927223359773873 0.48596849817225574 -0.2227641819063262
      vertex 1.816889651743129 0.7193575020198423 -0.10723581809367433
      vertex 1.8927223359773873 0.48596849817225574 -0.12123581809367412
    endloop
  endfacet
  facet normal 0.9510565162951539 0.30901699437494684 0
    outer loop
      vertex 1.8927223359773873 0.48596849817225574 -0.2227641819063262
      vertex 1.816889651743129 0.7193575020198423 -0.20876418190632595
      vertex 1.816889651743129 0.7193575020198423 -0.10723581809367433
    endloop
  endfacet
  facet normal 0.9048270524660195 0.42577929156507255 0
    outer loop
      vertex 1.816889651743129 0.7193575020198423 -0.20876418190632595
      vertex 1.7124035323436126 0.9414018083372339 -0.09323581809367454
      vertex 1.816889651743129 0.7193575020198423 -0.10723581809367433
    endloop
  endfacet
  facet normal 0.9048270524660195 0.4257792915650726 0
    outer loop
      vertex 1.816889651743129 0.7193575020198423 -0.20876418190632595
      vertex 1.7124035323436126 0.9414018083372339 -0.1947641819063266
      vertex 1.7124035323436126 0.9414018083372339 -0.09323581809367454
    endloop
  endfacet
  facet normal 0.6845471059286877 0.7289686274214124 0
    outer loop
      vertex 0.9702768424033632 1.1728632248767752 -1.1021391134213854
      vertex 1.1096246601958315 1.042006913920381 -1.1161391134213847
      vertex 1.1096246601958315 1.042006913920381 -1.2158608865786151
    endloop
  endfacet
  facet normal 0.6845471059286877 0.7289686274214124 0
    outer loop
      vertex 0.9702768424033632 1.1728632248767752 -1.201860886578615
      vertex 0.9702768424033632 1.1728632248767752 -1.1021391134213854
      vertex 1.1096246601958315 1.042006913920381 -1.2158608865786151
    endloop
  endfacet
  facet normal 0.7705132427757899 0.637423989748689 0
    outer loop
      vertex 1.2314730342393692 0.8947175314667035 -1.2298608865786154
      vertex 1.1096246601958315 1.042006913920381 -1.2158608865786151
      vertex 1.1096246601958315 1.042006913920381 -1.1161391134213847
    endloop
  endfacet
  facet normal 0.3862553418539594 0.31871388122076305 0.8655797322063856
    outer loop
      vertex 0.9702768424033632 1.1728632248767752 -1.201860886578615
      vertex 1.1096246601958315 1.042006913920381 -1.2158608865786151
      vertex 1.4244881169930337 1.3376833806507196 -1.4652358180936744
    endloop
  endfacet
  facet normal 0.3798510762109791 0.3325616163581348 0.8632009796256175
    outer loop
      vertex 0.9702768424033632 1.1728632248767752 -1.201860886578615
      vertex 1.4244881169930337 1.3376833806507196 -1.4652358180936744
      vertex 1.2455994191343818 1.505671049524293 -1.4512358180936742
    endloop
  endfacet
  facet normal 0.34326416179933267 0.3646113580481596 0.8655797322063856
    outer loop
      vertex 0.9702768424033632 1.1728632248767752 -1.201860886578615
      vertex 1.2455994191343818 1.505671049524293 -1.4512358180936742
      vertex 0.8156271791909036 1.2852227821423337 -1.1878608865786155
    endloop
  endfacet
  facet normal 0.41853685975657356 0.28233130502740944 0.8632009796256178
    outer loop
      vertex 1.1096246601958315 1.042006913920381 -1.2158608865786151
      vertex 1.5809117862987512 1.1485996457709655 -1.4792358180936738
      vertex 1.4244881169930337 1.3376833806507196 -1.4652358180936744
    endloop
  endfacet
  facet normal 0.4231550444297901 0.2677900960960711 0.8655797322063863
    outer loop
      vertex 1.2314730342393692 0.8947175314667035 -1.2298608865786154
      vertex 1.5809117862987512 1.1485996457709655 -1.4792358180936738
      vertex 1.1096246601958315 1.042006913920381 -1.2158608865786151
    endloop
  endfacet
  facet normal 0.6845471059286878 0.7289686274214123 0
    outer loop
      vertex 1.4244881169930337 1.3376833806507196 -1.5667641819063265
      vertex 1.2455994191343818 1.505671049524293 -1.4512358180936742
      vertex 1.4244881169930337 1.3376833806507196 -1.4652358180936744
    endloop
  endfacet
  facet normal 0.2938317985934544 0.4055053653515046 -0.8655797322063857
    outer loop
      vertex 0.9702768424033632 1.1728632248767752 -1.1021391134213854
      vertex 1.2455994191343818 1.505671049524293 -0.8527641819063261
      vertex 1.1096246601958315 1.042006913920381 -1.1161391134213847
    endloop
  endfacet
  facet normal 0.2554940418231066 0.4354387021915561 -0.8632009796256176
    outer loop
      vertex 0.9702768424033632 1.1728632248767752 -1.1021391134213854
      vertex 1.047066874350955 1.6499133865025817 -0.8387641819063263
      vertex 1.2455994191343818 1.505671049524293 -0.8527641819063261
    endloop
  endfacet
  facet normal 0.3423381457654164 0.36548094498539446 -0.8655797322063863
    outer loop
      vertex 1.2314730342393692 0.8947175314667035 -1.130139113421385
      vertex 1.1096246601958315 1.042006913920381 -1.1161391134213847
      vertex 1.4244881169930337 1.3376833806507196 -0.8667641819063263
    endloop
  endfacet
  facet normal 0.3557564283937823 0.35821981021416516 -0.8632009796256184
    outer loop
      vertex 1.2314730342393692 0.8947175314667035 -1.130139113421385
      vertex 1.4244881169930337 1.3376833806507196 -0.8667641819063263
      vertex 1.5809117862987512 1.1485996457709655 -0.8807641819063265
    endloop
  endfacet
  facet normal 0.30805433555566913 0.39998324354743675 -0.8632009796256183
    outer loop
      vertex 1.1096246601958315 1.042006913920381 -1.1161391134213847
      vertex 1.2455994191343818 1.505671049524293 -0.8527641819063261
      vertex 1.4244881169930337 1.3376833806507196 -0.8667641819063263
    endloop
  endfacet
  facet normal 0.6845471059286877 0.7289686274214124 0
    outer loop
      vertex 1.4244881169930337 1.3376833806507196 -0.8667641819063263
      vertex 1.2455994191343818 1.505671049524293 -0.8527641819063261
      vertex 1.2455994191343818 1.505671049524293 -0.751235818093674
    endloop
  endfacet
  facet normal 0.6845471059286878 0.7289686274214123 0
    outer loop
      vertex 1.4244881169930337 1.3376833806507196 -0.8667641819063263
      vertex 1.2455994191343818 1.505671049524293 -0.751235818093674
      vertex 1.4244881169930337 1.3376833806507196 -0.7652358180936742
    endloop
  endfacet
  facet normal 0.33517481428150175 0.37754723233621224 0.8632009796256183
    outer loop
      vertex 0.8156271791909036 1.2852227821423337 -1.1878608865786155
      vertex 1.2455994191343818 1.505671049524293 -1.4512358180936742
      vertex 1.047066874350955 1.6499133865025817 -1.437235818093674
    endloop
  endfacet
  facet normal 0.5877852522924737 0.809016994374947 0
    outer loop
      vertex 1.2455994191343818 1.505671049524293 -1.5527641819063263
      vertex 1.047066874350955 1.6499133865025817 -1.437235818093674
      vertex 1.2455994191343818 1.505671049524293 -1.4512358180936742
    endloop
  endfacet
  facet normal 0.5877852522924737 0.809016994374947 0
    outer loop
      vertex 1.2455994191343818 1.505671049524293 -0.8527641819063261
      vertex 1.047066874350955 1.6499133865025817 -0.7372358180936742
      vertex 1.2455994191343818 1.505671049524293 -0.751235818093674
    endloop
  endfacet
  facet normal 0.5877852522924737 0.809016994374947 0
    outer loop
      vertex 1.047066874350955 1.6499133865025817 -0.8387641819063263
      vertex 1.047066874350955 1.6499133865025817 -0.7372358180936742
      vertex 1.2455994191343818 1.505671049524293 -0.8527641819063261
    endloop
  endfacet
  facet normal 0.450622067002008 0.22764846035985112 0.8632009796256183
    outer loop
      vertex 1.2314730342393692 0.8947175314667035 -1.2298608865786154
      vertex 1.7124035323436126 0.9414018083372339 -1.493235818093674
      vertex 1.5809117862987512 1.1485996457709655 -1.4792358180936738
    endloop
  endfacet
  facet normal 0.7705132427757898 0.637423989748689 0
    outer loop
      vertex 1.4244881169930337 1.3376833806507196 -0.7652358180936742
      vertex 1.5809117862987512 1.1485996457709655 -0.779235818093674
      vertex 1.5809117862987512 1.1485996457709655 -0.8807641819063265
    endloop
  endfacet
  facet normal 0.8443279255020149 0.5358267949789969 0
    outer loop
      vertex 1.7124035323436126 0.9414018083372339 -0.8947641819063263
      vertex 1.5809117862987512 1.1485996457709655 -0.8807641819063265
      vertex 1.5809117862987512 1.1485996457709655 -0.779235818093674
    endloop
  endfacet
  facet normal 0.8443279255020149 0.5358267949789969 0
    outer loop
      vertex 1.7124035323436126 0.9414018083372339 -0.8947641819063263
      vertex 1.5809117862987512 1.1485996457709655 -0.779235818093674
      vertex 1.7124035323436126 0.9414018083372339 -0.7932358180936743
    endloop
  endfacet
  facet normal 0.7705132427757899 0.6374239897486891 0
    outer loop
      vertex 1.4244881169930337 1.3376833806507196 -0.8667641819063263
      vertex 1.4244881169930337 1.3376833806507196 -0.7652358180936742
      vertex 1.5809117862987512 1.1485996457709655 -0.8807641819063265
    endloop
  endfacet
  facet normal 0.38625534185395755 0.3187138812207641 0.8655797322063861
    outer loop
      vertex 0.9702768424033632 1.1728632248767752 -0.5018608865786156
      vertex 1.1096246601958315 1.042006913920381 -0.5158608865786154
      vertex 1.4244881169930337 1.3376833806507196 -0.7652358180936742
    endloop
  endfacet
  facet normal 0.6845471059286877 0.7289686274214126 0
    outer loop
      vertex 0.9702768424033632 1.1728632248767752 -0.4021391134213852
      vertex 1.1096246601958315 1.042006913920381 -0.416139113421385
      vertex 1.1096246601958315 1.042006913920381 -0.5158608865786154
    endloop
  endfacet
  facet normal 0.6845471059286877 0.7289686274214124 0
    outer loop
      vertex 0.9702768424033632 1.1728632248767752 -0.5018608865786156
      vertex 0.9702768424033632 1.1728632248767752 -0.4021391134213852
      vertex 1.1096246601958315 1.042006913920381 -0.5158608865786154
    endloop
  endfacet
  facet normal 0.7705132427757899 0.637423989748689 0
    outer loop
      vertex 1.2314730342393692 0.8947175314667035 -0.5298608865786156
      vertex 1.1096246601958315 1.042006913920381 -0.5158608865786154
      vertex 1.1096246601958315 1.042006913920381 -0.416139113421385
    endloop
  endfacet
  facet normal 0.343264161799335 0.36461135804815586 0.8655797322063863
    outer loop
      vertex 0.9702768424033632 1.1728632248767752 -0.5018608865786156
      vertex 1.2455994191343818 1.505671049524293 -0.751235818093674
      vertex 0.8156271791909036 1.2852227821423337 -0.48786088657861537
    endloop
  endfacet
  facet normal 0.37985107621097824 0.33256161635813375 0.8632009796256183
    outer loop
      vertex 0.9702768424033632 1.1728632248767752 -0.5018608865786156
      vertex 1.4244881169930337 1.3376833806507196 -0.7652358180936742
      vertex 1.2455994191343818 1.505671049524293 -0.751235818093674
    endloop
  endfacet
  facet normal 0.4231550444297901 0.2677900960960711 0.8655797322063863
    outer loop
      vertex 1.2314730342393692 0.8947175314667035 -0.5298608865786156
      vertex 1.5809117862987512 1.1485996457709655 -0.779235818093674
      vertex 1.1096246601958315 1.042006913920381 -0.5158608865786154
    endloop
  endfacet
  facet normal 0.4185368597565742 0.2823313050274078 0.8632009796256179
    outer loop
      vertex 1.4244881169930337 1.3376833806507196 -0.7652358180936742
      vertex 1.1096246601958315 1.042006913920381 -0.5158608865786154
      vertex 1.5809117862987512 1.1485996457709655 -0.779235818093674
    endloop
  endfacet
  facet normal 0.25549404182310614 0.4354387021915555 -0.863200979625618
    outer loop
      vertex 0.9702768424033632 1.1728632248767752 -0.4021391134213852
      vertex 1.047066874350955 1.6499133865025817 -0.13876418190632656
      vertex 1.2455994191343818 1.505671049524293 -0.15276418190632635
    endloop
  endfacet
  facet normal 0.2938317985934524 0.40550536535150544 -0.8655797322063861
    outer loop
      vertex 0.9702768424033632 1.1728632248767752 -0.4021391134213852
      vertex 1.2455994191343818 1.505671049524293 -0.15276418190632635
      vertex 1.1096246601958315 1.042006913920381 -0.416139113421385
    endloop
  endfacet
  facet normal 0.3423381457654184 0.36548094498539346 -0.8655797322063861
    outer loop
      vertex 1.2314730342393692 0.8947175314667035 -0.4301391134213848
      vertex 1.1096246601958315 1.042006913920381 -0.416139113421385
      vertex 1.4244881169930337 1.3376833806507196 -0.16676418190632614
    endloop
  endfacet
  facet normal 0.3557564283937823 0.35821981021416516 -0.8632009796256184
    outer loop
      vertex 1.2314730342393692 0.8947175314667035 -0.4301391134213848
      vertex 1.4244881169930337 1.3376833806507196 -0.16676418190632614
      vertex 1.5809117862987512 1.1485996457709655 -0.18076418190632637
    endloop
  endfacet
  facet normal 0.30805433555567074 0.3999832435474361 -0.863200979625618
    outer loop
      vertex 1.1096246601958315 1.042006913920381 -0.416139113421385
      vertex 1.2455994191343818 1.505671049524293 -0.15276418190632635
      vertex 1.4244881169930337 1.3376833806507196 -0.16676418190632614
    endloop
  endfacet
  facet normal 0.6845471059286877 0.7289686274214124 0
    outer loop
      vertex 1.4244881169930337 1.3376833806507196 -0.16676418190632614
      vertex 1.2455994191343818 1.505671049524293 -0.15276418190632635
      vertex 1.2455994191343818 1.505671049524293 -0.05123581809367428
    endloop
  endfacet
  facet normal 0.6845471059286878 0.7289686274214123 0
    outer loop
      vertex 1.4244881169930337 1.3376833806507196 -0.16676418190632614
      vertex 1.2455994191343818 1.505671049524293 -0.05123581809367428
      vertex 1.4244881169930337 1.3376833806507196 -0.06523581809367407
    endloop
  endfacet
  facet normal 0.3351748142815008 0.37754723233621373 0.8632009796256179
    outer loop
      vertex 0.8156271791909036 1.2852227821423337 -0.48786088657861537
      vertex 1.2455994191343818 1.505671049524293 -0.751235818093674
      vertex 1.047066874350955 1.6499133865025817 -0.7372358180936742
    endloop
  endfacet
  facet normal 0.5877852522924737 0.809016994374947 0
    outer loop
      vertex 1.047066874350955 1.6499133865025817 -0.03723581809367449
      vertex 1.2455994191343818 1.505671049524293 -0.05123581809367428
      vertex 1.2455994191343818 1.505671049524293 -0.15276418190632635
    endloop
  endfacet
  facet normal 0.5877852522924737 0.809016994374947 0
    outer loop
      vertex 1.047066874350955 1.6499133865025817 -0.13876418190632656
      vertex 1.047066874350955 1.6499133865025817 -0.03723581809367449
      vertex 1.2455994191343818 1.505671049524293 -0.15276418190632635
    endloop
  endfacet
  facet normal 0.450622067002008 0.2276484603598511 0.8632009796256183
    outer loop
      vertex 1.7124035323436126 0.9414018083372339 -0.7932358180936743
      vertex 1.5809117862987512 1.1485996457709655 -0.779235818093674
      vertex 1.2314730342393692 0.8947175314667035 -0.5298608865786156
    endloop
  endfacet
  facet normal 0.4506220670020091 0.22764846035985184 0.8632009796256175
    outer loop
      vertex 1.7124035323436126 0.9414018083372339 -0.09323581809367454
      vertex 1.5809117862987512 1.1485996457709655 -0.0792358180936743
      vertex 1.2314730342393692 0.8947175314667035 0.170139113421385
    endloop
  endfacet
  facet normal 0.7705132427757899 0.6374239897486891 0
    outer loop
      vertex 1.4244881169930337 1.3376833806507196 -0.06523581809367407
      vertex 1.5809117862987512 1.1485996457709655 -0.0792358180936743
      vertex 1.5809117862987512 1.1485996457709655 -0.18076418190632637
    endloop
  endfacet
  facet normal 0.8443279255020149 0.535826794978997 0
    outer loop
      vertex 1.7124035323436126 0.9414018083372339 -0.1947641819063266
      vertex 1.5809117862987512 1.1485996457709655 -0.18076418190632637
      vertex 1.5809117862987512 1.1485996457709655 -0.0792358180936743
    endloop
  endfacet
  facet normal 0.8443279255020149 0.5358267949789969 0
    outer loop
      vertex 1.7124035323436126 0.9414018083372339 -0.1947641819063266
      vertex 1.5809117862987512 1.1485996457709655 -0.0792358180936743
      vertex 1.7124035323436126 0.9414018083372339 -0.09323581809367454
    endloop
  endfacet
  facet normal 0.7705132427757899 0.6374239897486891 0
    outer loop
      vertex 1.4244881169930337 1.3376833806507196 -0.16676418190632614
      vertex 1.4244881169930337 1.3376833806507196 -0.06523581809367407
      vertex 1.5809117862987512 1.1485996457709655 -0.18076418190632637
    endloop
  endfacet
  facet normal 0 1 0
    outer loop
      vertex -0.12269986054916825 1.950258435834777 -2.067235818093674
      vertex 0.12269986054916825 1.950258435834777 -2.081235818093674
      vertex 0.12269986054916825 1.950258435834777 -2.182764181906326
    endloop
  endfacet
  facet normal 0 1 0
    outer loop
      vertex -0.12269986054916825 1.950258435834777 -1.3672358180936737
      vertex 0.12269986054916825 1.950258435834777 -1.381235818093674
      vertex 0.12269986054916825 1.950258435834777 -1.482764181906326
    endloop
  endfacet
  facet normal 0 1 0
    outer loop
      vertex -0.12269986054916825 1.950258435834777 -0.6672358180936744
      vertex 0.12269986054916825 1.950258435834777 -0.6812358180936742
      vertex 0.12269986054916825 1.950258435834777 -0.7827641819063262
    endloop
  endfacet
  facet normal 0 1 0
    outer loop
      vertex -0.12269986054916825 1.950258435834777 0.032764181906325796
      vertex 0.12269986054916825 1.950258435834777 0.01876418190632556
      vertex 0.12269986054916825 1.950258435834777 -0.0827641819063265
    endloop
  endfacet
  facet normal 0 0 1
    outer loop
      vertex -1.4734556219988442 2.6243572805616862e-17 1.5
      vertex 0.7367278109994221 -1.2760500000000001 1.5
      vertex 0.7367278109994221 1.2760500000000001 1.5
    endloop
  endfacet
  facet normal 0.06339336137649443 0.4967423969492741 0.8655797322063862
    outer loop
      vertex -0.09557874821402428 1.519180699608322 0.2821391134213842
      vertex 0.09557874821402428 1.519180699608322 0.2681391134213844
      vertex 0.12269986054916825 1.950258435834777 0.01876418190632556
    endloop
  endfacet
  facet normal 0.12533323356430418 0.9921147013144778 0
    outer loop
      vertex 0.09557874821402428 1.519180699608322 0.2681391134213844
      vertex 0.09557874821402428 1.519180699608322 0.47411443429587674
      vertex 0.28522891068676137 1.4952223124609376 0.2541391134213846
    endloop
  endfacet
  facet normal 0.11183116241243532 0.4923188599747696 0.863200979625618
    outer loop
      vertex 0.36616453154930095 1.919501695273744 0.004764181906325771
      vertex 0.12269986054916825 1.950258435834777 0.01876418190632556
      vertex 0.09557874821402428 1.519180699608322 0.2681391134213844
    endloop
  endfacet
  facet normal 0.1251518166454971 0.48488013981174044 0.8655797322063861
    outer loop
      vertex 0.36616453154930095 1.919501695273744 0.004764181906325771
      vertex 0.09557874821402428 1.519180699608322 0.2681391134213844
      vertex 0.28522891068676137 1.4952223124609376 0.2541391134213846
    endloop
  endfacet
  facet normal 0.1849365530039304 0.4653710332160189 0.8655797322063863
    outer loop
      vertex 0.6038545691508126 1.8584732663235117 -0.00923581809367402
      vertex 0.28522891068676137 1.4952223124609376 0.2541391134213846
      vertex 0.470380842850476 1.4476833762435302 0.2401391134213844
    endloop
  endfacet
  facet normal 0.24868988716485402 0.9685831611286313 0
    outer loop
      vertex 0.470380842850476 1.4476833762435302 0.2401391134213844
      vertex 0.28522891068676137 1.4952223124609376 0.2541391134213846
      vertex 0.28522891068676137 1.4952223124609376 0.47411443429587674
    endloop
  endfacet
  facet normal 0.17265325495979408 0.4744206175169474 0.863200979625618
    outer loop
      vertex 0.36616453154930095 1.919501695273744 0.004764181906325771
      vertex 0.28522891068676137 1.4952223124609376 0.2541391134213846
      vertex 0.6038545691508126 1.8584732663235117 -0.00923581809367402
    endloop
  endfacet
  facet normal 0 1 0
    outer loop
      vertex -0.09557874821402428 1.519180699608322 0.47411443429587674
      vertex 0.09557874821402428 1.519180699608322 0.47411443429587674
      vertex 0.09557874821402428 1.519180699608322 0.2681391134213844
    endloop
  endfacet
  facet normal 0 0 -1
    outer loop
      vertex -0.09557874821402428 1.519180699608322 0.47411443429587674
      vertex 0.12269986054916919 1.950258435834777 0.47411443429587674
      vertex 0.09557874821402428 1.519180699608322 0.47411443429587674
    endloop
  endfacet
  facet normal 0.1253332335643042 0.9921147013144778 0
    outer loop
      vertex 0.28522891068676137 1.4952223124609376 0.2541391134213846
      vertex 0.09557874821402428 1.519180699608322 0.47411443429587674
      vertex 0.28522891068676137 1.4952223124609376 0.47411443429587674
    endloop
  endfacet
  facet normal 0 0 -1
    outer loop
      vertex 0.09557874821402428 1.519180699608322 0.47411443429587674
      vertex 0.12269986054916919 1.950258435834777 0.47411443429587674
      vertex 0.36616453154930145 1.9195016952737438 0.47411443429587674
    endloop
  endfacet
  facet normal 0 0 -1
    outer loop
      vertex 0.09557874821402428 1.519180699608322 0.47411443429587674
      vertex 0.36616453154930145 1.9195016952737438 0.47411443429587674
      vertex 0.28522891068676137 1.4952223124609376 0.47411443429587674
    endloop
  endfacet
  facet normal 0.248689887164854 0.9685831611286313 0
    outer loop
      vertex 0.470380842850476 1.4476833762435302 0.2401391134213844
      vertex 0.28522891068676137 1.4952223124609376 0.47411443429587674
      vertex 0.470380842850476 1.4476833762435302 0.47411443429587674
    endloop
  endfacet
  facet normal 0 0 -1
    outer loop
      vertex 0.470380842850476 1.4476833762435302 0.47411443429587674
      vertex 0.28522891068676137 1.4952223124609376 0.47411443429587674
      vertex 0.6038545691508126 1.8584732663235117 0.47411443429587674
    endloop
  endfacet
  facet normal 0 0 -1
    outer loop
      vertex 0.28522891068676137 1.4952223124609376 0.47411443429587674
      vertex 0.36616453154930145 1.9195016952737438 0.47411443429587674
      vertex 0.6038545691508126 1.8584732663235117 0.47411443429587674
    endloop
  endfacet
  facet normal 0.36812455268467886 0.929776485888251 0
    outer loop
      vertex 0.470380842850476 1.4476833762435302 0.2401391134213844
      vertex 0.470380842850476 1.4476833762435302 0.47411443429587674
      vertex 0.6481145881305433 1.3773136083786315 0.22613911342138415
    endloop
  endfacet
  facet normal 0.4817536741017144 0.8763066800438641 0
    outer loop
      vertex 0.6481145881305433 1.3773136083786315 0.22613911342138415
      vertex 0.6481145881305433 1.3773136083786315 0.47411443429587674
      vertex 0.8156271791909036 1.2852227821423337 0.21213911342138436
    endloop
  endfacet
  facet normal 0.29485950085706175 0.40475869595086594 0.865579732206386
    outer loop
      vertex 1.047066874350955 1.6499133865025817 -0.03723581809367449
      vertex 0.6481145881305433 1.3773136083786315 0.22613911342138415
      vertex 0.8156271791909036 1.2852227821423337 0.21213911342138436
    endloop
  endfacet
  facet normal 0.5877852522924744 0.8090169943749465 0
    outer loop
      vertex 0.9702768424033632 1.1728632248767752 0.19813911342138457
      vertex 0.8156271791909036 1.2852227821423337 0.21213911342138436
      vertex 0.8156271791909036 1.2852227821423337 0.47411443429587674
    endloop
  endfacet
  facet normal 0.36812455268467903 0.929776485888251 0
    outer loop
      vertex 0.470380842850476 1.4476833762435302 0.47411443429587674
      vertex 0.6481145881305433 1.3773136083786315 0.47411443429587674
      vertex 0.6481145881305433 1.3773136083786315 0.22613911342138415
    endloop
  endfacet
  facet normal 0.5877852522924744 0.8090169943749465 0
    outer loop
      vertex 0.9702768424033632 1.1728632248767752 0.19813911342138457
      vertex 0.8156271791909036 1.2852227821423337 0.47411443429587674
      vertex 0.9702768424033632 1.1728632248767752 0.47411443429587674
    endloop
  endfacet
  facet normal 0.4817536741017144 0.876306680043864 0
    outer loop
      vertex 0.8156271791909036 1.2852227821423337 0.21213911342138436
      vertex 0.6481145881305433 1.3773136083786315 0.47411443429587674
      vertex 0.8156271791909036 1.2852227821423337 0.47411443429587674
    endloop
  endfacet
  facet normal 0 0 -1
    outer loop
      vertex 0.9702768424033632 1.1728632248767752 0.47411443429587674
      vertex 0.8156271791909036 1.2852227821423337 0.47411443429587674
      vertex 1.0470668743509541 1.6499133865025821 0.47411443429587674
    endloop
  endfacet
  facet normal 0.24180472944574924 0.43852274742730113 0.8655797322063863
    outer loop
      vertex 0.8320214594715815 1.7681356037652416 -0.023235818093674254
      vertex 0.470380842850476 1.4476833762435302 0.2401391134213844
      vertex 0.6481145881305433 1.3773136083786315 0.22613911342138415
    endloop
  endfacet
  facet normal 0.23075250253838275 0.44904047851574214 0.8632009796256181
    outer loop
      vertex 0.6038545691508126 1.8584732663235117 -0.00923581809367402
      vertex 0.470380842850476 1.4476833762435302 0.2401391134213844
      vertex 0.8320214594715815 1.7681356037652416 -0.023235818093674254
    endloop
  endfacet
  facet normal 0.2852126453070762 0.41657870292456484 0.8632009796256184
    outer loop
      vertex 0.8320214594715815 1.7681356037652416 -0.023235818093674254
      vertex 0.6481145881305433 1.3773136083786315 0.22613911342138415
      vertex 1.047066874350955 1.6499133865025817 -0.03723581809367449
    endloop
  endfacet
  facet normal 0 0 -1
    outer loop
      vertex 0.470380842850476 1.4476833762435302 0.47411443429587674
      vertex 0.8320214594715809 1.7681356037652418 0.47411443429587674
      vertex 0.6481145881305433 1.3773136083786315 0.47411443429587674
    endloop
  endfacet
  facet normal 0 0 -1
    outer loop
      vertex 0.470380842850476 1.4476833762435302 0.47411443429587674
      vertex 0.6038545691508126 1.8584732663235117 0.47411443429587674
      vertex 0.8320214594715809 1.7681356037652418 0.47411443429587674
    endloop
  endfacet
  facet normal 0 0 -1
    outer loop
      vertex 0.6481145881305433 1.3773136083786315 0.47411443429587674
      vertex 0.8320214594715809 1.7681356037652418 0.47411443429587674
      vertex 0.8156271791909036 1.2852227821423337 0.47411443429587674
    endloop
  endfacet
  facet normal 0 0 -1
    outer loop
      vertex 0.8156271791909036 1.2852227821423337 0.47411443429587674
      vertex 0.8320214594715809 1.7681356037652418 0.47411443429587674
      vertex 1.0470668743509541 1.6499133865025821 0.47411443429587674
    endloop
  endfacet
  facet normal 0.9510565162951538 0.30901699437494656 0
    outer loop
      vertex 1.415291246293107 0.5603534450136751 0.4557100048913516
      vertex 1.4743621612915423 0.3785518623971118 0.4417100048913518
      vertex 1.4743621612915423 0.3785518623971118 0.1281391134213843
    endloop
  endfacet
  facet normal 0.9510565162951539 0.30901699437494656 0
    outer loop
      vertex 1.415291246293107 0.5603534450136751 0.47411443429587674
      vertex 1.4743621612915423 0.3785518623971118 0.47411443429587674
      vertex 1.4743621612915423 0.3785518623971118 0.4417100048913518
    endloop
  endfacet
  facet normal 0.7705132427757899 0.637423989748689 0
    outer loop
      vertex 1.2314730342393692 0.8947175314667035 0.170139113421385
      vertex 1.1096246601958315 1.042006913920381 0.47411443429587674
      vertex 1.2314730342393692 0.8947175314667035 0.47411443429587674
    endloop
  endfacet
  facet normal 0.9510565162951538 0.30901699437494656 0
    outer loop
      vertex 1.415291246293107 0.5603534450136751 0.14213911342138452
      vertex 1.415291246293107 0.5603534450136751 0.4557100048913516
      vertex 1.4743621612915423 0.3785518623971118 0.1281391134213843
    endloop
  endfacet
  facet normal 0.9048270524660195 0.4257792915650728 0
    outer loop
      vertex 1.415291246293107 0.5603534450136751 0.14213911342138452
      vertex 1.3339003428866194 0.7333179190634505 0.1561391134213843
      vertex 1.3339003428866194 0.7333179190634505 0.4697100048913514
    endloop
  endfacet
  facet normal 0.9048270524660195 0.4257792915650728 0
    outer loop
      vertex 1.415291246293107 0.5603534450136751 0.14213911342138452
      vertex 1.3339003428866194 0.7333179190634505 0.4697100048913514
      vertex 1.415291246293107 0.5603534450136751 0.4557100048913516
    endloop
  endfacet
  facet normal 0.4533813391743934 0.21264310118589533 0.865579732206386
    outer loop
      vertex 1.7124035323436126 0.9414018083372339 -0.09323581809367454
      vertex 1.2314730342393692 0.8947175314667035 0.170139113421385
      vertex 1.3339003428866194 0.7333179190634505 0.1561391134213843
    endloop
  endfacet
  facet normal 0.8443279255020151 0.5358267949789967 0
    outer loop
      vertex 1.3339003428866194 0.7333179190634505 0.1561391134213843
      vertex 1.2314730342393692 0.8947175314667035 0.170139113421385
      vertex 1.2314730342393692 0.8947175314667035 0.47411443429587674
    endloop
  endfacet
  facet normal 0.8443279255020151 0.5358267949789967 0
    outer loop
      vertex 1.3339003428866194 0.7333179190634505 0.1561391134213843
      vertex 1.2314730342393692 0.8947175314667035 0.47411443429587674
      vertex 1.3339003428866194 0.7333179190634505 0.4697100048913514
    endloop
  endfacet
  facet normal 0.9510565162951539 0.30901699437494656 0
    outer loop
      vertex 1.415291246293107 0.5603534450136751 0.4557100048913516
      vertex 1.415291246293107 0.5603534450136751 0.47411443429587674
      vertex 1.4743621612915423 0.3785518623971118 0.4417100048913518
    endloop
  endfacet
  facet normal 0.9048270524660195 0.42577929156507277 0
    outer loop
      vertex 1.415291246293107 0.5603534450136751 0.4557100048913516
      vertex 1.3339003428866194 0.7333179190634505 0.47411443429587674
      vertex 1.415291246293107 0.5603534450136751 0.47411443429587674
    endloop
  endfacet
  facet normal 0.9048270524660195 0.4257792915650727 0
    outer loop
      vertex 1.415291246293107 0.5603534450136751 0.4557100048913516
      vertex 1.3339003428866194 0.7333179190634505 0.4697100048913514
      vertex 1.3339003428866194 0.7333179190634505 0.47411443429587674
    endloop
  endfacet
  facet normal 0.8443279255020151 0.5358267949789967 0
    outer loop
      vertex 1.3339003428866194 0.7333179190634505 0.4697100048913514
      vertex 1.2314730342393692 0.8947175314667035 0.47411443429587674
      vertex 1.3339003428866194 0.7333179190634505 0.47411443429587674
    endloop
  endfacet
  facet normal 0 0 -1
    outer loop
      vertex 1.415291246293107 0.5603534450136751 0.47411443429587674
      vertex 1.3339003428866194 0.7333179190634505 0.47411443429587674
      vertex 1.424488116993034 1.3376833806507191 0.47411443429587674
    endloop
  endfacet
  facet normal 0.49974269139444216 -0.032077555881972315 0.8655797322063856
    outer loop
      vertex 1.9541144342958772 0 -0.1492358180936746
      vertex 1.5101815042651463 0.1907802907746246 0.1141391134213845
      vertex 1.5221843827777863 0 0.1001391134213847
    endloop
  endfacet
  facet normal 0.9980267284282716 0.06279051952931329 0
    outer loop
      vertex 1.5221843827777863 0 0.1001391134213847
      vertex 1.5101815042651463 0.1907802907746246 0.4277100048913516
      vertex 1.5221843827777863 0 0.41371000489135135
    endloop
  endfacet
  facet normal 0.9980267284282716 0.06279051952931328 0
    outer loop
      vertex 1.5221843827777863 0 0.1001391134213847
      vertex 1.5101815042651463 0.1907802907746246 0.1141391134213845
      vertex 1.5101815042651463 0.1907802907746246 0.4277100048913516
    endloop
  endfacet
  facet normal 0.4998224548104168 0.030809752689852653 0.8655797322063861
    outer loop
      vertex 1.938705658315764 0.24491548080498346 -0.13523581809367435
      vertex 1.4743621612915423 0.3785518623971118 0.1281391134213843
      vertex 1.5101815042651463 0.1907802907746246 0.1141391134213845
    endloop
  endfacet
  facet normal 0.49201971953457013 0.09321117305690062 0.8655797322063864
    outer loop
      vertex 1.8927223359773873 0.48596849817225574 -0.12123581809367412
      vertex 1.415291246293107 0.5603534450136751 0.14213911342138452
      vertex 1.4743621612915423 0.3785518623971118 0.1281391134213843
    endloop
  endfacet
  facet normal 0.9822872507286884 0.18738131458572593 0
    outer loop
      vertex 1.5101815042651463 0.1907802907746246 0.1141391134213845
      vertex 1.4743621612915423 0.3785518623971118 0.1281391134213843
      vertex 1.4743621612915423 0.3785518623971118 0.4417100048913518
    endloop
  endfacet
  facet normal 0.9822872507286885 0.18738131458572593 0
    outer loop
      vertex 1.5101815042651463 0.1907802907746246 0.1141391134213845
      vertex 1.4743621612915423 0.3785518623971118 0.4417100048913518
      vertex 1.5101815042651463 0.1907802907746246 0.4277100048913516
    endloop
  endfacet
  facet normal 0.9980267284282716 0.06279051952931328 0
    outer loop
      vertex 1.5221843827777863 0 0.41371000489135135
      vertex 1.5101815042651463 0.1907802907746246 0.47411443429587674
      vertex 1.5221843827777863 0 0.47411443429587674
    endloop
  endfacet
  facet normal 0 0 -1
    outer loop
      vertex 1.5809117862987512 -1.1485996457709655 0.47411443429587674
      vertex 1.5221843827777863 0 0.47411443429587674
      vertex 1.5809117862987512 1.1485996457709655 0.47411443429587674
    endloop
  endfacet
  facet normal 0.9980267284282717 0.06279051952931328 0
    outer loop
      vertex 1.5221843827777863 0 0.41371000489135135
      vertex 1.5101815042651463 0.1907802907746246 0.4277100048913516
      vertex 1.5101815042651463 0.1907802907746246 0.47411443429587674
    endloop
  endfacet
  facet normal 0.9822872507286884 0.18738131458572593 0
    outer loop
      vertex 1.5101815042651463 0.1907802907746246 0.4277100048913516
      vertex 1.4743621612915423 0.3785518623971118 0.47411443429587674
      vertex 1.5101815042651463 0.1907802907746246 0.47411443429587674
    endloop
  endfacet
  facet normal 0.9822872507286885 0.1873813145857259 0
    outer loop
      vertex 1.5101815042651463 0.1907802907746246 0.4277100048913516
      vertex 1.4743621612915423 0.3785518623971118 0.4417100048913518
      vertex 1.4743621612915423 0.3785518623971118 0.47411443429587674
    endloop
  endfacet
  facet normal 0 0 -1
    outer loop
      vertex 1.5221843827777863 0 0.47411443429587674
      vertex 1.5101815042651463 0.1907802907746246 0.47411443429587674
      vertex 1.5809117862987512 1.1485996457709655 0.47411443429587674
    endloop
  endfacet
  facet normal 0 0 -1
    outer loop
      vertex 1.5809117862987512 -1.1485996457709655 0.47411443429587674
      vertex 1.5809117862987512 1.1485996457709655 0.47411443429587674
      vertex 1.7124035323436124 0.941401808337234 0.47411443429587674
    endloop
  endfacet
  facet normal 0 0 -1
    outer loop
      vertex 1.7124035323436124 -0.941401808337234 0.47411443429587674
      vertex 1.7124035323436124 0.941401808337234 0.47411443429587674
      vertex 1.8168896517431288 0.719357502019843 0.47411443429587674
    endloop
  endfacet
  facet normal 0 0 -1
    outer loop
      vertex 1.938705658315764 -0.24491548080498307 0.47411443429587674
      vertex 1.938705658315764 0.24491548080498307 0.47411443429587674
      vertex 1.9541144342958772 0 0.47411443429587674
    endloop
  endfacet
  facet normal 0 0 -1
    outer loop
      vertex 1.8927223359773875 -0.48596849817225507 0.47411443429587674
      vertex 1.8927223359773875 0.48596849817225507 0.47411443429587674
      vertex 1.938705658315764 0.24491548080498307 0.47411443429587674
    endloop
  endfacet
  facet normal 0 0 -1
    outer loop
      vertex 1.8168896517431288 -0.719357502019843 0.47411443429587674
      vertex 1.8168896517431288 0.719357502019843 0.47411443429587674
      vertex 1.8927223359773875 0.48596849817225507 0.47411443429587674
    endloop
  endfacet
  facet normal 0.4764575393633296 0.15414259754319162 0.865579732206386
    outer loop
      vertex 1.816889651743129 0.7193575020198423 -0.10723581809367433
      vertex 1.3339003428866194 0.7333179190634505 0.1561391134213843
      vertex 1.415291246293107 0.5603534450136751 0.14213911342138452
    endloop
  endfacet
  facet normal 0 0 -1
    outer loop
      vertex 1.5101815042651463 0.1907802907746246 0.47411443429587674
      vertex 1.4743621612915423 0.3785518623971118 0.47411443429587674
      vertex 1.5809117862987512 1.1485996457709655 0.47411443429587674
    endloop
  endfacet
  facet normal 0 0 -1
    outer loop
      vertex 1.415291246293107 0.5603534450136751 0.47411443429587674
      vertex 1.5809117862987512 1.1485996457709655 0.47411443429587674
      vertex 1.4743621612915423 0.3785518623971118 0.47411443429587674
    endloop
  endfacet
  facet normal 0 0 1
    outer loop
      vertex 0.7367278109994221 -1.2760500000000001 1.5
      vertex 1.4734556219988442 2.6243572805616862e-17 1.5
      vertex 0.7367278109994221 1.2760500000000001 1.5
    endloop
  endfacet
  facet normal 0.38625534185395843 0.31871388122076205 0.8655797322063864
    outer loop
      vertex 1.4244881169930337 1.3376833806507196 -0.06523581809367407
      vertex 0.9702768424033632 1.1728632248767752 0.19813911342138457
      vertex 1.1096246601958315 1.042006913920381 0.18413911342138434
    endloop
  endfacet
  facet normal 0.6845471059286877 0.7289686274214124 0
    outer loop
      vertex 0.9702768424033632 1.1728632248767752 0.47411443429587674
      vertex 1.1096246601958315 1.042006913920381 0.47411443429587674
      vertex 1.1096246601958315 1.042006913920381 0.18413911342138434
    endloop
  endfacet
  facet normal 0.6845471059286876 0.7289686274214124 0
    outer loop
      vertex 0.9702768424033632 1.1728632248767752 0.19813911342138457
      vertex 0.9702768424033632 1.1728632248767752 0.47411443429587674
      vertex 1.1096246601958315 1.042006913920381 0.18413911342138434
    endloop
  endfacet
  facet normal 0.7705132427757898 0.6374239897486889 0
    outer loop
      vertex 1.2314730342393692 0.8947175314667035 0.170139113421385
      vertex 1.1096246601958315 1.042006913920381 0.18413911342138434
      vertex 1.1096246601958315 1.042006913920381 0.47411443429587674
    endloop
  endfacet
  facet normal 0.3432641617993339 0.36461135804815775 0.865579732206386
    outer loop
      vertex 1.2455994191343818 1.505671049524293 -0.05123581809367428
      vertex 0.8156271791909036 1.2852227821423337 0.21213911342138436
      vertex 0.9702768424033632 1.1728632248767752 0.19813911342138457
    endloop
  endfacet
  facet normal 0.37985107621097736 0.3325616163581353 0.8632009796256181
    outer loop
      vertex 1.4244881169930337 1.3376833806507196 -0.06523581809367407
      vertex 1.2455994191343818 1.505671049524293 -0.05123581809367428
      vertex 0.9702768424033632 1.1728632248767752 0.19813911342138457
    endloop
  endfacet
  facet normal 0.4231550444297887 0.26779009609607535 0.8655797322063857
    outer loop
      vertex 1.5809117862987512 1.1485996457709655 -0.0792358180936743
      vertex 1.1096246601958315 1.042006913920381 0.18413911342138434
      vertex 1.2314730342393692 0.8947175314667035 0.170139113421385
    endloop
  endfacet
  facet normal 0.41853685975657473 0.2823313050274062 0.8632009796256183
    outer loop
      vertex 1.4244881169930337 1.3376833806507196 -0.06523581809367407
      vertex 1.1096246601958315 1.042006913920381 0.18413911342138434
      vertex 1.5809117862987512 1.1485996457709655 -0.0792358180936743
    endloop
  endfacet
  facet normal 0 0 -1
    outer loop
      vertex 1.2314730342393692 0.8947175314667035 0.47411443429587674
      vertex 1.1096246601958315 1.042006913920381 0.47411443429587674
      vertex 1.2455994191343822 1.5056710495242929 0.47411443429587674
    endloop
  endfacet
  facet normal 0 0 -1
    outer loop
      vertex 0.9702768424033632 1.1728632248767752 0.47411443429587674
      vertex 1.0470668743509541 1.6499133865025821 0.47411443429587674
      vertex 1.2455994191343822 1.5056710495242929 0.47411443429587674
    endloop
  endfacet
  facet normal 0 0 -1
    outer loop
      vertex 0.9702768424033632 1.1728632248767752 0.47411443429587674
      vertex 1.2455994191343822 1.5056710495242929 0.47411443429587674
      vertex 1.1096246601958315 1.042006913920381 0.47411443429587674
    endloop
  endfacet
  facet normal 0 0 -1
    outer loop
      vertex 1.3339003428866194 0.7333179190634505 0.47411443429587674
      vertex 1.2314730342393692 0.8947175314667035 0.47411443429587674
      vertex 1.424488116993034 1.3376833806507191 0.47411443429587674
    endloop
  endfacet
  facet normal 0 0 -1
    outer loop
      vertex 1.2314730342393692 0.8947175314667035 0.47411443429587674
      vertex 1.2455994191343822 1.5056710495242929 0.47411443429587674
      vertex 1.424488116993034 1.3376833806507191 0.47411443429587674
    endloop
  endfacet
  facet normal 0.33517481428150087 0.3775472323362137 0.8632009796256179
    outer loop
      vertex 1.047066874350955 1.6499133865025817 -0.03723581809367449
      vertex 0.8156271791909036 1.2852227821423337 0.21213911342138436
      vertex 1.2455994191343818 1.505671049524293 -0.05123581809367428
    endloop
  endfacet
  facet normal 0 0 -1
    outer loop
      vertex 1.415291246293107 0.5603534450136751 0.47411443429587674
      vertex 1.424488116993034 1.3376833806507191 0.47411443429587674
      vertex 1.5809117862987512 1.1485996457709655 0.47411443429587674
    endloop
  endfacet
  facet normal 0.5453729577287417 0.4511717480210205 -0.7064080908128535
    outer loop
      vertex 1.424488116993034 1.3376833806507191 0.47411443429587674
      vertex 2.848809395962877 2.675210089969315 2.428
      vertex 1.5809117862987512 1.1485996457709655 0.47411443429587674
    endloop
  endfacet
  facet normal 0 -1 0
    outer loop
      vertex -0.7367278109994221 1.2760500000000001 1.5
      vertex 0.7367278109994221 1.2760500000000001 1.5
      vertex 0.7367278109994221 1.2760500000000001 3.01
    endloop
  endfacet
  facet normal -0.8660254037844386 -0.5 0
    outer loop
      vertex 1.4734556219988442 2.6243572805616862e-17 1.5
      vertex 1.4734556219988442 2.6243572805616862e-17 3.01
      vertex 0.7367278109994221 1.2760500000000001 1.5
    endloop
  endfacet
  facet normal -0.8660254037844386 -0.5 0
    outer loop
      vertex 0.7367278109994221 1.2760500000000001 1.5
      vertex 1.4734556219988442 2.6243572805616862e-17 3.01
      vertex 0.7367278109994221 1.2760500000000001 3.01
    endloop
  endfacet
  facet normal 0 0 1
    outer loop
      vertex 1.6639454714363033 -3.536064121037205 3.01
      vertex 1.6639454714363033 3.536064121037205 3.01
      vertex 1.4734556219988442 2.6243572805616862e-17 3.01
    endloop
  endfacet
  facet normal 0 0 1
    outer loop
      vertex 0.7322861774010127 3.8387785758477153 3.01
      vertex 0.7367278109994221 1.2760500000000001 3.01
      vertex 1.4734556219988442 2.6243572805616862e-17 3.01
    endloop
  endfacet
  facet normal 0 0 1
    outer loop
      vertex 2.0940111147779175 -3.299633532861876 3.01
      vertex 2.0940111147779175 3.299633532861876 3.01
      vertex 1.6639454714363033 3.536064121037205 3.01
    endloop
  endfacet
  facet normal 0.08871146204369962 0.7022235297511815 -0.7064080908128535
    outer loop
      vertex 0.36616453154930145 1.9195016952737438 0.47411443429587674
      vertex 0.12269986054916919 1.950258435834777 0.47411443429587674
      vertex 0.2453853503205582 3.9002884546976855 2.428
    endloop
  endfacet
  facet normal 0.1760238913373099 0.6855677930829381 -0.7064080908128535
    outer loop
      vertex 0.36616453154930145 1.9195016952737438 0.47411443429587674
      vertex 0.7322861774010127 3.8387785758477153 2.428
      vertex 0.6038545691508126 1.8584732663235117 0.47411443429587674
    endloop
  endfacet
  facet normal 0.26056031871295604 0.658100242779428 -0.7064080908128536
    outer loop
      vertex 0.6038545691508126 1.8584732663235117 0.47411443429587674
      vertex 1.2076384140172944 3.7167288656814605 2.428
      vertex 0.8320214594715809 1.7681356037652418 0.47411443429587674
    endloop
  endfacet
  facet normal 0.34098755421130855 0.6202540585172572 -0.7064080908128535
    outer loop
      vertex 0.8320214594715809 1.7681356037652418 0.47411443429587674
      vertex 1.6639454714363033 3.536064121037205 2.428
      vertex 1.0470668743509541 1.6499133865025821 0.47411443429587674
    endloop
  endfacet
  facet normal 0.41603721228365775 0.5726260972304545 -0.7064080908128536
    outer loop
      vertex 1.0470668743509541 1.6499133865025821 0.47411443429587674
      vertex 2.0940111147779175 3.299633532861876 2.428
      vertex 1.2455994191343822 1.5056710495242929 0.47411443429587674
    endloop
  endfacet
  facet normal 0.48452571498970987 0.5159674803200777 -0.7064080908128536
    outer loop
      vertex 1.424488116993034 1.3376833806507191 0.47411443429587674
      vertex 1.2455994191343822 1.5056710495242929 0.47411443429587674
      vertex 2.491052951937881 3.0111657527677838 2.428
    endloop
  endfacet
  facet normal 0 0.7078047818672457 -0.7064080908128535
    outer loop
      vertex -0.2453853503205582 3.9002884546976855 2.428
      vertex 0.2453853503205582 3.9002884546976855 2.428
      vertex 0.12269986054916919 1.950258435834777 0.47411443429587674
    endloop
  endfacet
  facet normal 0.08871146204369937 0.7022235297511815 -0.7064080908128536
    outer loop
      vertex 0.36616453154930145 1.9195016952737438 0.47411443429587674
      vertex 0.2453853503205582 3.9002884546976855 2.428
      vertex 0.7322861774010127 3.8387785758477153 2.428
    endloop
  endfacet
  facet normal 0.17602389133730942 0.6855677930829381 -0.7064080908128535
    outer loop
      vertex 0.6038545691508126 1.8584732663235117 0.47411443429587674
      vertex 0.7322861774010127 3.8387785758477153 2.428
      vertex 1.2076384140172944 3.7167288656814605 2.428
    endloop
  endfacet
  facet normal 0 0 1
    outer loop
      vertex -0.2453853503205582 3.9002884546976855 3.01
      vertex 0.7367278109994221 1.2760500000000001 3.01
      vertex 0.2453853503205582 3.9002884546976855 3.01
    endloop
  endfacet
  facet normal 0.12533323356430498 0.9921147013144777 0
    outer loop
      vertex 0.2453853503205582 3.9002884546976855 2.428
      vertex 0.2453853503205582 3.9002884546976855 3.01
      vertex 0.7322861774010127 3.8387785758477153 2.428
    endloop
  endfacet
  facet normal 0 1 0
    outer loop
      vertex -0.2453853503205582 3.9002884546976855 3.01
      vertex 0.2453853503205582 3.9002884546976855 3.01
      vertex 0.2453853503205582 3.9002884546976855 2.428
    endloop
  endfacet
  facet normal 0 0 1
    outer loop
      vertex 0.2453853503205582 3.9002884546976855 3.01
      vertex 0.7367278109994221 1.2760500000000001 3.01
      vertex 0.7322861774010127 3.8387785758477153 3.01
    endloop
  endfacet
  facet normal 0.2486898871648544 0.9685831611286313 0
    outer loop
      vertex 0.7322861774010127 3.8387785758477153 2.428
      vertex 0.7322861774010127 3.8387785758477153 3.01
      vertex 1.2076384140172944 3.7167288656814605 2.428
    endloop
  endfacet
  facet normal 0.12533323356430498 0.9921147013144777 0
    outer loop
      vertex 0.2453853503205582 3.9002884546976855 3.01
      vertex 0.7322861774010127 3.8387785758477153 3.01
      vertex 0.7322861774010127 3.8387785758477153 2.428
    endloop
  endfacet
  facet normal 0.34098755421130855 0.6202540585172571 -0.7064080908128536
    outer loop
      vertex 1.0470668743509541 1.6499133865025821 0.47411443429587674
      vertex 1.6639454714363033 3.536064121037205 2.428
      vertex 2.0940111147779175 3.299633532861876 2.428
    endloop
  endfacet
  facet normal 0.41603721228365764 0.5726260972304544 -0.7064080908128538
    outer loop
      vertex 1.2455994191343822 1.5056710495242929 0.47411443429587674
      vertex 2.0940111147779175 3.299633532861876 2.428
      vertex 2.491052951937881 3.0111657527677838 2.428
    endloop
  endfacet
  facet normal 0 0 1
    outer loop
      vertex 1.2076384140172944 3.7167288656814605 3.01
      vertex 1.4734556219988442 2.6243572805616862e-17 3.01
      vertex 1.6639454714363033 3.536064121037205 3.01
    endloop
  endfacet
  facet normal 0 0 1
    outer loop
      vertex 0.7322861774010127 3.8387785758477153 3.01
      vertex 1.4734556219988442 2.6243572805616862e-17 3.01
      vertex 1.2076384140172944 3.7167288656814605 3.01
    endloop
  endfacet
  facet normal 0.26056031871295593 0.6581002427794279 -0.7064080908128536
    outer loop
      vertex 0.8320214594715809 1.7681356037652418 0.47411443429587674
      vertex 1.2076384140172944 3.7167288656814605 2.428
      vertex 1.6639454714363033 3.536064121037205 2.428
    endloop
  endfacet
  facet normal 0.3681245526846782 0.9297764858882515 0
    outer loop
      vertex 1.2076384140172944 3.7167288656814605 2.428
      vertex 1.2076384140172944 3.7167288656814605 3.01
      vertex 1.6639454714363033 3.536064121037205 2.428
    endloop
  endfacet
  facet normal 0.2486898871648544 0.9685831611286313 0
    outer loop
      vertex 0.7322861774010127 3.8387785758477153 3.01
      vertex 1.2076384140172944 3.7167288656814605 3.01
      vertex 1.2076384140172944 3.7167288656814605 2.428
    endloop
  endfacet
  facet normal 0.48175367410171505 0.8763066800438638 0
    outer loop
      vertex 1.6639454714363033 3.536064121037205 3.01
      vertex 2.0940111147779175 3.299633532861876 3.01
      vertex 2.0940111147779175 3.299633532861876 2.428
    endloop
  endfacet
  facet normal 0.48175367410171505 0.8763066800438638 0
    outer loop
      vertex 1.6639454714363033 3.536064121037205 2.428
      vertex 1.6639454714363033 3.536064121037205 3.01
      vertex 2.0940111147779175 3.299633532861876 2.428
    endloop
  endfacet
  facet normal 0.3681245526846782 0.9297764858882515 0
    outer loop
      vertex 1.2076384140172944 3.7167288656814605 3.01
      vertex 1.6639454714363033 3.536064121037205 3.01
      vertex 1.6639454714363033 3.536064121037205 2.428
    endloop
  endfacet
  facet normal 0.7064080908128535 0.04444342997877665 -0.7064080908128536
    outer loop
      vertex 1.938705658315764 0.24491548080498307 0.47411443429587674
      vertex 3.87718425273698 0.4898022767693003 2.428
      vertex 1.9541144342958772 0 0.47411443429587674
    endloop
  endfacet
  facet normal 0.695267613232996 0.1326293904963467 -0.7064080908128536
    outer loop
      vertex 1.938705658315764 0.24491548080498307 0.47411443429587674
      vertex 1.8927223359773875 0.48596849817225507 0.47411443429587674
      vertex 3.785222993690691 0.9718800790402512 2.428
    endloop
  endfacet
  facet normal 0.6731623500597139 0.21872370629683108 -0.7064080908128536
    outer loop
      vertex 1.8927223359773875 0.48596849817225507 0.47411443429587674
      vertex 1.8168896517431288 0.719357502019843 0.47411443429587674
      vertex 3.6335665068512863 1.4386307518917232 2.428
    endloop
  endfacet
  facet normal 0.5976193431343779 0.3792607677387339 -0.7064080908128536
    outer loop
      vertex 1.7124035323436124 0.941401808337234 0.47411443429587674
      vertex 1.5809117862987512 1.1485996457709655 0.47411443429587674
      vertex 3.161638414017295 2.2970647659589853 2.428
    endloop
  endfacet
  facet normal 0.6404409144982933 0.30136861858980735 -0.7064080908128535
    outer loop
      vertex 1.8168896517431288 0.719357502019843 0.47411443429587674
      vertex 1.7124035323436124 0.941401808337234 0.47411443429587674
      vertex 3.4246065056114188 1.8826933583895038 2.428
    endloop
  endfacet
  facet normal 0.5976193431343781 0.3792607677387336 -0.7064080908128535
    outer loop
      vertex 1.7124035323436124 0.941401808337234 0.47411443429587674
      vertex 3.161638414017295 2.2970647659589853 2.428
      vertex 3.4246065056114188 1.8826933583895038 2.428
    endloop
  endfacet
  facet normal 0 0 1
    outer loop
      vertex 2.491052951937881 -3.0111657527677838 3.01
      vertex 2.491052951937881 3.0111657527677838 3.01
      vertex 2.0940111147779175 3.299633532861876 3.01
    endloop
  endfacet
  facet normal 0 0 1
    outer loop
      vertex 2.848809395962877 -2.675210089969315 3.01
      vertex 2.848809395962877 2.675210089969315 3.01
      vertex 2.491052951937881 3.0111657527677838 3.01
    endloop
  endfacet
  facet normal 0.7064080908128536 0.04444342997877612 -0.7064080908128536
    outer loop
      vertex 1.9541144342958772 0 0.47411443429587674
      vertex 3.87718425273698 0.4898022767693003 2.428
      vertex 3.9080000000000004 0 2.428
    endloop
  endfacet
  facet normal 0.6731623500597137 0.2187237062968312 -0.7064080908128536
    outer loop
      vertex 1.8927223359773875 0.48596849817225507 0.47411443429587674
      vertex 3.6335665068512863 1.4386307518917232 2.428
      vertex 3.785222993690691 0.9718800790402512 2.428
    endloop
  endfacet
  facet normal 0.6952676132329959 0.13262939049634662 -0.7064080908128535
    outer loop
      vertex 1.938705658315764 0.24491548080498307 0.47411443429587674
      vertex 3.785222993690691 0.9718800790402512 2.428
      vertex 3.87718425273698 0.4898022767693003 2.428
    endloop
  endfacet
  facet normal 0 0 1
    outer loop
      vertex 3.161638414017295 -2.2970647659589853 3.01
      vertex 3.161638414017295 2.2970647659589853 3.01
      vertex 2.848809395962877 2.675210089969315 3.01
    endloop
  endfacet
  facet normal 0 0 1
    outer loop
      vertex 3.4246065056114188 -1.8826933583895038 3.01
      vertex 3.4246065056114188 1.8826933583895038 3.01
      vertex 3.161638414017295 2.2970647659589853 3.01
    endloop
  endfacet
  facet normal 0.9980267284282717 0.06279051952931296 0
    outer loop
      vertex 3.9080000000000004 0 2.428
      vertex 3.87718425273698 0.4898022767693003 2.428
      vertex 3.87718425273698 0.4898022767693003 3.01
    endloop
  endfacet
  facet normal 0.9980267284282717 0.06279051952931296 0
    outer loop
      vertex 3.9080000000000004 0 2.428
      vertex 3.87718425273698 0.4898022767693003 3.01
      vertex 3.9080000000000004 0 3.01
    endloop
  endfacet
  facet normal 0 0 1
    outer loop
      vertex 3.87718425273698 -0.4898022767693003 3.01
      vertex 3.9080000000000004 0 3.01
      vertex 3.87718425273698 0.4898022767693003 3.01
    endloop
  endfacet
  facet normal 0 0 1
    outer loop
      vertex 3.785222993690691 -0.9718800790402512 3.01
      vertex 3.785222993690691 0.9718800790402512 3.01
      vertex 3.6335665068512863 1.4386307518917232 3.01
    endloop
  endfacet
  facet normal 0 0 1
    outer loop
      vertex 3.87718425273698 -0.4898022767693003 3.01
      vertex 3.87718425273698 0.4898022767693003 3.01
      vertex 3.785222993690691 0.9718800790402512 3.01
    endloop
  endfacet
  facet normal 0.9822872507286886 0.18738131458572463 0
    outer loop
      vertex 3.87718425273698 0.4898022767693003 2.428
      vertex 3.785222993690691 0.9718800790402512 2.428
      vertex 3.785222993690691 0.9718800790402512 3.01
    endloop
  endfacet
  facet normal 0 0 1
    outer loop
      vertex 3.6335665068512863 -1.4386307518917232 3.01
      vertex 3.6335665068512863 1.4386307518917232 3.01
      vertex 3.4246065056114188 1.8826933583895038 3.01
    endloop
  endfacet
  facet normal 0.9822872507286886 0.18738131458572463 0
    outer loop
      vertex 3.87718425273698 0.4898022767693003 2.428
      vertex 3.785222993690691 0.9718800790402512 3.01
      vertex 3.87718425273698 0.4898022767693003 3.01
    endloop
  endfacet
  facet normal 0.6404409144982937 0.3013686185898071 -0.7064080908128536
    outer loop
      vertex 1.8168896517431288 0.719357502019843 0.47411443429587674
      vertex 3.4246065056114188 1.8826933583895038 2.428
      vertex 3.6335665068512863 1.4386307518917232 2.428
    endloop
  endfacet
  facet normal 0.9510565162951536 0.30901699437494723 0
    outer loop
      vertex 3.785222993690691 0.9718800790402512 2.428
      vertex 3.6335665068512863 1.4386307518917232 2.428
      vertex 3.6335665068512863 1.4386307518917232 3.01
    endloop
  endfacet
  facet normal 0.9510565162951536 0.30901699437494723 0
    outer loop
      vertex 3.785222993690691 0.9718800790402512 2.428
      vertex 3.6335665068512863 1.4386307518917232 3.01
      vertex 3.785222993690691 0.9718800790402512 3.01
    endloop
  endfacet
  facet normal 0.904827052466019 0.42577929156507355 0
    outer loop
      vertex 3.6335665068512863 1.4386307518917232 2.428
      vertex 3.4246065056114188 1.8826933583895038 2.428
      vertex 3.4246065056114188 1.8826933583895038 3.01
    endloop
  endfacet
  facet normal 0.904827052466019 0.42577929156507355 0
    outer loop
      vertex 3.6335665068512863 1.4386307518917232 2.428
      vertex 3.4246065056114188 1.8826933583895038 3.01
      vertex 3.6335665068512863 1.4386307518917232 3.01
    endloop
  endfacet
  facet normal 0.4845257149897102 0.5159674803200774 -0.7064080908128535
    outer loop
      vertex 1.424488116993034 1.3376833806507191 0.47411443429587674
      vertex 2.491052951937881 3.0111657527677838 2.428
      vertex 2.848809395962877 2.675210089969315 2.428
    endloop
  endfacet
  facet normal 0.5453729577287412 0.45117174802102133 -0.7064080908128537
    outer loop
      vertex 1.5809117862987512 1.1485996457709655 0.47411443429587674
      vertex 2.848809395962877 2.675210089969315 2.428
      vertex 3.161638414017295 2.2970647659589853 2.428
    endloop
  endfacet
  facet normal 0.6845471059286892 0.7289686274214109 0
    outer loop
      vertex 2.848809395962877 2.675210089969315 2.428
      vertex 2.491052951937881 3.0111657527677838 2.428
      vertex 2.491052951937881 3.0111657527677838 3.01
    endloop
  endfacet
  facet normal 0.6845471059286892 0.7289686274214109 0
    outer loop
      vertex 2.848809395962877 2.675210089969315 2.428
      vertex 2.491052951937881 3.0111657527677838 3.01
      vertex 2.848809395962877 2.675210089969315 3.01
    endloop
  endfacet
  facet normal 0.5877852522924727 0.8090169943749478 0
    outer loop
      vertex 2.0940111147779175 3.299633532861876 2.428
      vertex 2.0940111147779175 3.299633532861876 3.01
      vertex 2.491052951937881 3.0111657527677838 2.428
    endloop
  endfacet
  facet normal 0.5877852522924727 0.8090169943749478 0
    outer loop
      vertex 2.0940111147779175 3.299633532861876 3.01
      vertex 2.491052951937881 3.0111657527677838 3.01
      vertex 2.491052951937881 3.0111657527677838 2.428
    endloop
  endfacet
  facet normal 0.8443279255020156 0.5358267949789959 0
    outer loop
      vertex 3.4246065056114188 1.8826933583895038 2.428
      vertex 3.161638414017295 2.2970647659589853 2.428
      vertex 3.161638414017295 2.2970647659589853 3.01
    endloop
  endfacet
  facet normal 0.7705132427757888 0.6374239897486904 0
    outer loop
      vertex 2.848809395962877 2.675210089969315 3.01
      vertex 3.161638414017295 2.2970647659589853 3.01
      vertex 3.161638414017295 2.2970647659589853 2.428
    endloop
  endfacet
  facet normal 0.8443279255020156 0.5358267949789959 0
    outer loop
      vertex 3.4246065056114188 1.8826933583895038 2.428
      vertex 3.161638414017295 2.2970647659589853 3.01
      vertex 3.4246065056114188 1.8826933583895038 3.01
    endloop
  endfacet
  facet normal 0.7705132427757888 0.6374239897486904 0
    outer loop
      vertex 2.848809395962877 2.675210089969315 2.428
      vertex 2.848809395962877 2.675210089969315 3.01
      vertex 3.161638414017295 2.2970647659589853 2.428
    endloop
  endfacet
endsolid OpenSCAD_Model
