solid OpenSCAD_Model
  facet normal -0.9980267284282717 -0.06279051952931294 0
    outer loop
      vertex -1.4509830982480747 -0.1833017929374873 -1.275676497570252
      vertex -1.4509830982480747 -0.1833017929374873 -1.204323502429748
      vertex -1.462515469557734 0 -1.2856764975702522
    endloop
  endfacet
  facet normal -0.9980267284282716 -0.06279051952931293 0
    outer loop
      vertex -1.4509830982480747 -0.1833017929374873 -1.204323502429748
      vertex -1.462515469557734 0 -1.2143235024297478
      vertex -1.462515469557734 0 -1.2856764975702522
    endloop
  endfacet
  facet normal -0.9980267284282717 -0.06279051952931294 0
    outer loop
      vertex -1.4509830982480747 -0.1833017929374873 -0.7756764975702519
      vertex -1.4509830982480747 -0.1833017929374873 -0.7043235024297481
      vertex -1.462515469557734 0 -0.7856764975702522
    endloop
  endfacet
  facet normal -0.9980267284282716 -0.06279051952931293 0
    outer loop
      vertex -1.4509830982480747 -0.1833017929374873 -0.7043235024297481
      vertex -1.462515469557734 0 -0.7143235024297478
      vertex -1.462515469557734 0 -0.7856764975702522
    endloop
  endfacet
  facet normal -0.9980267284282717 -0.06279051952931294 0
    outer loop
      vertex -1.4509830982480747 -0.1833017929374873 -0.2756764975702519
      vertex -1.4509830982480747 -0.1833017929374873 -0.20432350242974806
      vertex -1.462515469557734 0 -0.28567649757025215
    endloop
  endfacet
  facet normal -0.9980267284282716 -0.06279051952931293 0
    outer loop
      vertex -1.4509830982480747 -0.1833017929374873 -0.20432350242974806
      vertex -1.462515469557734 0 -0.21432350242974785
      vertex -1.462515469557734 0 -0.28567649757025215
    endloop
  endfacet
  facet normal -0.12533323356430517 -0.9921147013144777 0
    outer loop
      vertex -0.09183210615318839 -1.4596295293584427 -1.0943235024297482
      vertex -0.2740480712876868 -1.4366102997400436 -1.104323502429748
      vertex -0.2740480712876868 -1.4366102997400436 -1.1756764975702518
    endloop
  endfacet
  facet normal -0.12533323356430517 -0.9921147013144777 0
    outer loop
      vertex -0.09183210615318839 -1.4596295293584427 -1.165676497570252
      vertex -0.09183210615318839 -1.4596295293584427 -1.0943235024297482
      vertex -0.2740480712876868 -1.4366102997400436 -1.1756764975702518
    endloop
  endfacet
  facet normal 0 -1 0
    outer loop
      vertex -0.09183210615318839 -1.4596295293584427 -1.165676497570252
      vertex 0.09183210615318839 -1.4596295293584427 -1.084323502429748
      vertex -0.09183210615318839 -1.4596295293584427 -1.0943235024297482
    endloop
  endfacet
  facet normal -0.12533323356430517 -0.9921147013144777 0
    outer loop
      vertex -0.09183210615318839 -1.4596295293584427 -0.5943235024297482
      vertex -0.2740480712876868 -1.4366102997400436 -0.604323502429748
      vertex -0.2740480712876868 -1.4366102997400436 -0.6756764975702518
    endloop
  endfacet
  facet normal -0.12533323356430517 -0.9921147013144777 0
    outer loop
      vertex -0.09183210615318839 -1.4596295293584427 -0.665676497570252
      vertex -0.09183210615318839 -1.4596295293584427 -0.5943235024297482
      vertex -0.2740480712876868 -1.4366102997400436 -0.6756764975702518
    endloop
  endfacet
  facet normal 0 -1 0
    outer loop
      vertex -0.09183210615318839 -1.4596295293584427 -0.665676497570252
      vertex 0.09183210615318839 -1.4596295293584427 -0.584323502429748
      vertex -0.09183210615318839 -1.4596295293584427 -0.5943235024297482
    endloop
  endfacet
  facet normal -0.12533323356430517 -0.9921147013144777 0
    outer loop
      vertex -0.09183210615318839 -1.4596295293584427 -0.09432350242974818
      vertex -0.2740480712876868 -1.4366102997400436 -0.10432350242974797
      vertex -0.2740480712876868 -1.4366102997400436 -0.17567649757025183
    endloop
  endfacet
  facet normal -0.12533323356430517 -0.9921147013144777 0
    outer loop
      vertex -0.09183210615318839 -1.4596295293584427 -0.16567649757025205
      vertex -0.09183210615318839 -1.4596295293584427 -0.09432350242974818
      vertex -0.2740480712876868 -1.4366102997400436 -0.17567649757025183
    endloop
  endfacet
  facet normal 0 -1 0
    outer loop
      vertex -0.09183210615318839 -1.4596295293584427 -0.16567649757025205
      vertex 0.09183210615318839 -1.4596295293584427 -0.08432350242974795
      vertex -0.09183210615318839 -1.4596295293584427 -0.09432350242974818
    endloop
  endfacet
  facet normal -0.7705132427757897 -0.637423989748689 0
    outer loop
      vertex -0.8462104233542411 -0.7946444806039143 -1.8065279282896922
      vertex -0.8462104233542411 -0.7946444806039143 -1.7503328184363318
      vertex -0.9391331637034062 -0.6823201828907451 -1.8065279282896922
    endloop
  endfacet
  facet normal -0.6845471059286892 -0.728968627421411 0
    outer loop
      vertex -0.8462104233542411 -0.7946444806039143 -1.8065279282896922
      vertex -0.7399424391271748 -0.8944367601603571 -1.8065279282896922
      vertex -0.7399424391271748 -0.8944367601603571 -1.7403328184363316
    endloop
  endfacet
  facet normal -0.6845471059286892 -0.728968627421411 0
    outer loop
      vertex -0.8462104233542411 -0.7946444806039143 -1.8065279282896922
      vertex -0.7399424391271748 -0.8944367601603571 -1.7403328184363316
      vertex -0.8462104233542411 -0.7946444806039143 -1.7503328184363318
    endloop
  endfacet
  facet normal -0.48452571498970987 -0.5159674803200771 -0.7064080908128539
    outer loop
      vertex -0.8462104233542411 -0.7946444806039143 -1.8065279282896922
      vertex -0.7051753527952009 -0.6622037338365954 -2
      vertex -0.7399424391271748 -0.8944367601603571 -1.8065279282896922
    endloop
  endfacet
  facet normal -0.7705132427757897 -0.6374239897486891 0
    outer loop
      vertex -0.8462104233542411 -0.7946444806039143 -1.7503328184363318
      vertex -0.8462104233542411 -0.7946444806039143 -1.7002569930514473
      vertex -0.9391331637034062 -0.6823201828907451 -1.760332818436332
    endloop
  endfacet
  facet normal -0.7705132427757897 -0.6374239897486891 0
    outer loop
      vertex -0.8462104233542411 -0.7946444806039143 -1.7002569930514473
      vertex -0.8462104233542411 -0.7946444806039143 -1.6797430069485526
      vertex -0.9391331637034062 -0.6823201828907451 -1.7102569930514475
    endloop
  endfacet
  facet normal -0.7705132427757897 -0.6374239897486891 0
    outer loop
      vertex -0.8462104233542411 -0.7946444806039143 -1.6797430069485526
      vertex -0.8462104233542411 -0.7946444806039143 -1.629667181563668
      vertex -0.9391331637034062 -0.6823201828907451 -1.6897430069485524
    endloop
  endfacet
  facet normal -0.6845471059286892 -0.728968627421411 0
    outer loop
      vertex -0.8462104233542411 -0.7946444806039143 -1.7503328184363318
      vertex -0.7399424391271748 -0.8944367601603571 -1.7403328184363316
      vertex -0.7399424391271748 -0.8944367601603571 -1.6902569930514475
    endloop
  endfacet
  facet normal -0.6845471059286892 -0.728968627421411 0
    outer loop
      vertex -0.8462104233542411 -0.7946444806039143 -1.7002569930514473
      vertex -0.7399424391271748 -0.8944367601603571 -1.6902569930514475
      vertex -0.7399424391271748 -0.8944367601603571 -1.6697430069485524
    endloop
  endfacet
  facet normal -0.6845471059286891 -0.728968627421411 0
    outer loop
      vertex -0.8462104233542411 -0.7946444806039143 -1.7503328184363318
      vertex -0.7399424391271748 -0.8944367601603571 -1.6902569930514475
      vertex -0.8462104233542411 -0.7946444806039143 -1.7002569930514473
    endloop
  endfacet
  facet normal -0.6845471059286893 -0.728968627421411 0
    outer loop
      vertex -0.8462104233542411 -0.7946444806039143 -1.6797430069485526
      vertex -0.7399424391271748 -0.8944367601603571 -1.6697430069485524
      vertex -0.7399424391271748 -0.8944367601603571 -1.6196671815636678
    endloop
  endfacet
  facet normal -0.6845471059286893 -0.7289686274214111 0
    outer loop
      vertex -0.8462104233542411 -0.7946444806039143 -1.7002569930514473
      vertex -0.7399424391271748 -0.8944367601603571 -1.6697430069485524
      vertex -0.8462104233542411 -0.7946444806039143 -1.6797430069485526
    endloop
  endfacet
  facet normal -0.6845471059286891 -0.728968627421411 0
    outer loop
      vertex -0.8462104233542411 -0.7946444806039143 -1.6797430069485526
      vertex -0.7399424391271748 -0.8944367601603571 -1.6196671815636678
      vertex -0.8462104233542411 -0.7946444806039143 -1.629667181563668
    endloop
  endfacet
  facet normal -0.7705132427757896 -0.6374239897486891 0
    outer loop
      vertex -0.8462104233542411 -0.7946444806039143 -1.629667181563668
      vertex -0.8462104233542411 -0.7946444806039143 -1.399853281517676
      vertex -0.9391331637034062 -0.6823201828907451 -1.6396671815636683
    endloop
  endfacet
  facet normal -0.6845471059286893 -0.7289686274214111 0
    outer loop
      vertex -0.8462104233542411 -0.7946444806039143 -1.629667181563668
      vertex -0.7399424391271748 -0.8944367601603571 -1.6196671815636678
      vertex -0.7399424391271748 -0.8944367601603571 -1.3898532815176763
    endloop
  endfacet
  facet normal -0.7705132427757895 -0.6374239897486895 0
    outer loop
      vertex -1.183199869408463 -0.8596450242556375 -1.2356764975702519
      vertex -1.0661278944260828 -1.0011607320616838 -1.2256764975702517
      vertex -1.0661278944260828 -1.0011607320616838 -1.1543235024297482
    endloop
  endfacet
  facet normal -0.7705132427757895 -0.6374239897486894 0
    outer loop
      vertex -1.183199869408463 -0.8596450242556375 -1.2356764975702519
      vertex -1.0661278944260828 -1.0011607320616838 -1.1543235024297482
      vertex -1.183199869408463 -0.8596450242556375 -1.164323502429748
    endloop
  endfacet
  facet normal -0.8443279255020154 -0.5358267949789962 0
    outer loop
      vertex -1.183199869408463 -0.8596450242556375 -1.164323502429748
      vertex -1.28161207564093 -0.7045722008900338 -1.1743235024297478
      vertex -1.28161207564093 -0.7045722008900338 -1.2456764975702521
    endloop
  endfacet
  facet normal -0.8443279255020153 -0.5358267949789961 0
    outer loop
      vertex -1.183199869408463 -0.8596450242556375 -1.2356764975702519
      vertex -1.183199869408463 -0.8596450242556375 -1.164323502429748
      vertex -1.28161207564093 -0.7045722008900338 -1.2456764975702521
    endloop
  endfacet
  facet normal -0.44937946042043486 -0.2295106712705794 0.8633556349067092
    outer loop
      vertex -1.183199869408463 -0.8596450242556375 -1.164323502429748
      vertex -0.9391331637034062 -0.6823201828907451 -0.990146718482324
      vertex -1.28161207564093 -0.7045722008900338 -1.1743235024297478
    endloop
  endfacet
  facet normal -0.2572745541731552 -0.43408161841966825 -0.8633556349067084
    outer loop
      vertex -0.9322424456746691 -1.126887537058686 -1.2156764975702519
      vertex -0.7399424391271748 -0.8944367601603571 -1.3898532815176763
      vertex -0.7836549766603231 -1.234842652426287 -1.205676497570252
    endloop
  endfacet
  facet normal -0.6845471059286891 -0.7289686274214111 0
    outer loop
      vertex -0.9322424456746691 -1.126887537058686 -1.2156764975702519
      vertex -0.9322424456746691 -1.126887537058686 -1.144323502429748
      vertex -1.0661278944260828 -1.0011607320616838 -1.2256764975702517
    endloop
  endfacet
  facet normal -0.48175367410171493 -0.8763066800438638 0
    outer loop
      vertex -0.7836549766603231 -1.234842652426287 -1.205676497570252
      vertex -0.6227088005312512 -1.3233235615058812 -1.124323502429748
      vertex -0.7836549766603231 -1.234842652426287 -1.1343235024297478
    endloop
  endfacet
  facet normal -0.5877852522924729 -0.8090169943749476 0
    outer loop
      vertex -0.9322424456746691 -1.126887537058686 -1.2156764975702519
      vertex -0.7836549766603231 -1.234842652426287 -1.205676497570252
      vertex -0.7836549766603231 -1.234842652426287 -1.1343235024297478
    endloop
  endfacet
  facet normal -0.5877852522924729 -0.8090169943749477 0
    outer loop
      vertex -0.9322424456746691 -1.126887537058686 -1.2156764975702519
      vertex -0.7836549766603231 -1.234842652426287 -1.1343235024297478
      vertex -0.9322424456746691 -1.126887537058686 -1.144323502429748
    endloop
  endfacet
  facet normal -0.33333394234222974 -0.37882123826076664 0.863355634906709
    outer loop
      vertex -0.9322424456746691 -1.126887537058686 -1.144323502429748
      vertex -0.7836549766603231 -1.234842652426287 -1.1343235024297478
      vertex -0.6220051206148859 -0.9801232376984489 -0.9601467184823238
    endloop
  endfacet
  facet normal -0.30965072033667923 -0.3984137034161975 -0.8633556349067085
    outer loop
      vertex -0.9322424456746691 -1.126887537058686 -1.2156764975702519
      vertex -1.0661278944260828 -1.0011607320616838 -1.2256764975702517
      vertex -0.8462104233542411 -0.7946444806039143 -1.399853281517676
    endloop
  endfacet
  facet normal -0.35714350966411684 -0.35646256630904494 -0.8633556349067089
    outer loop
      vertex -1.183199869408463 -0.8596450242556375 -1.2356764975702519
      vertex -0.9391331637034062 -0.6823201828907451 -1.4098532815176759
      vertex -1.0661278944260828 -1.0011607320616838 -1.2256764975702517
    endloop
  endfacet
  facet normal -0.3451351858750552 -0.362590757720345 -0.8656844955795253
    outer loop
      vertex -0.8462104233542411 -0.7946444806039143 -1.399853281517676
      vertex -1.0661278944260828 -1.0011607320616838 -1.2256764975702517
      vertex -0.9391331637034062 -0.6823201828907451 -1.4098532815176759
    endloop
  endfacet
  facet normal -0.29696901972192546 -0.40298853015764796 -0.8656844955795252
    outer loop
      vertex -0.9322424456746691 -1.126887537058686 -1.2156764975702519
      vertex -0.8462104233542411 -0.7946444806039143 -1.399853281517676
      vertex -0.7399424391271748 -0.8944367601603571 -1.3898532815176763
    endloop
  endfacet
  facet normal -0.6845471059286892 -0.728968627421411 0
    outer loop
      vertex -0.8462104233542411 -0.7946444806039143 -1.629667181563668
      vertex -0.7399424391271748 -0.8944367601603571 -1.3898532815176763
      vertex -0.8462104233542411 -0.7946444806039143 -1.399853281517676
    endloop
  endfacet
  facet normal -0.6845471059286891 -0.728968627421411 0
    outer loop
      vertex -0.9322424456746691 -1.126887537058686 -1.144323502429748
      vertex -1.0661278944260828 -1.0011607320616838 -1.1543235024297482
      vertex -1.0661278944260828 -1.0011607320616838 -1.2256764975702517
    endloop
  endfacet
  facet normal -0.3781843953788944 -0.33405629879817206 0.863355634906709
    outer loop
      vertex -0.9322424456746691 -1.126887537058686 -1.144323502429748
      vertex -0.7399424391271748 -0.8944367601603571 -0.970146718482324
      vertex -1.0661278944260828 -1.0011607320616838 -1.1543235024297482
    endloop
  endfacet
  facet normal -0.41707065458402587 -0.2840230919479724 0.8633556349067085
    outer loop
      vertex -1.183199869408463 -0.8596450242556375 -1.164323502429748
      vertex -1.0661278944260828 -1.0011607320616838 -1.1543235024297482
      vertex -0.8462104233542411 -0.7946444806039143 -0.9801467184823238
    endloop
  endfacet
  facet normal -0.4208401633798071 -0.2710791600246673 0.8656844955795259
    outer loop
      vertex -1.183199869408463 -0.8596450242556375 -1.164323502429748
      vertex -0.8462104233542411 -0.7946444806039143 -0.9801467184823238
      vertex -0.9391331637034062 -0.6823201828907451 -0.990146718482324
    endloop
  endfacet
  facet normal -0.34020405005702464 -0.36722140247814994 0.8656844955795258
    outer loop
      vertex -0.9322424456746691 -1.126887537058686 -1.144323502429748
      vertex -0.6220051206148859 -0.9801232376984489 -0.9601467184823238
      vertex -0.7399424391271748 -0.8944367601603571 -0.970146718482324
    endloop
  endfacet
  facet normal -0.3835464853149051 -0.32168687837057663 0.8656844955795253
    outer loop
      vertex -1.0661278944260828 -1.0011607320616838 -1.1543235024297482
      vertex -0.7399424391271748 -0.8944367601603571 -0.970146718482324
      vertex -0.8462104233542411 -0.7946444806039143 -0.9801467184823238
    endloop
  endfacet
  facet normal -0.9510565162951538 -0.30901699437494706 0
    outer loop
      vertex -1.1243627448436522 -0.2886872860991233 -1.8065279282896922
      vertex -1.07931469771398 -0.4273309191320104 -1.8065279282896922
      vertex -1.07931469771398 -0.4273309191320104 -1.7803328184363316
    endloop
  endfacet
  facet normal -0.9510565162951536 -0.30901699437494706 0
    outer loop
      vertex -1.1243627448436522 -0.2886872860991233 -1.7903328184363319
      vertex -1.07931469771398 -0.4273309191320104 -1.7803328184363316
      vertex -1.07931469771398 -0.4273309191320104 -1.7302569930514475
    endloop
  endfacet
  facet normal -0.9510565162951538 -0.30901699437494706 0
    outer loop
      vertex -1.1243627448436522 -0.2886872860991233 -1.7402569930514473
      vertex -1.07931469771398 -0.4273309191320104 -1.7302569930514475
      vertex -1.07931469771398 -0.4273309191320104 -1.7097430069485524
    endloop
  endfacet
  facet normal -0.9510565162951536 -0.309016994374947 0
    outer loop
      vertex -1.1243627448436522 -0.2886872860991233 -1.7197430069485526
      vertex -1.07931469771398 -0.4273309191320104 -1.7097430069485524
      vertex -1.07931469771398 -0.4273309191320104 -1.6596671815636679
    endloop
  endfacet
  facet normal -0.9510565162951536 -0.309016994374947 0
    outer loop
      vertex -1.1243627448436522 -0.2886872860991233 -1.6696671815636681
      vertex -1.07931469771398 -0.4273309191320104 -1.6596671815636679
      vertex -1.07931469771398 -0.4273309191320104 -1.4298532815176763
    endloop
  endfacet
  facet normal -0.9510565162951538 -0.3090169943749471 0
    outer loop
      vertex -1.1243627448436522 -0.2886872860991233 -1.8065279282896922
      vertex -1.07931469771398 -0.4273309191320104 -1.7803328184363316
      vertex -1.1243627448436522 -0.2886872860991233 -1.7903328184363319
    endloop
  endfacet
  facet normal -0.9510565162951536 -0.309016994374947 0
    outer loop
      vertex -1.1243627448436522 -0.2886872860991233 -1.7903328184363319
      vertex -1.07931469771398 -0.4273309191320104 -1.7302569930514475
      vertex -1.1243627448436522 -0.2886872860991233 -1.7402569930514473
    endloop
  endfacet
  facet normal -0.9822872507286885 -0.1873813145857256 0
    outer loop
      vertex -1.1243627448436522 -0.2886872860991233 -1.8065279282896922
      vertex -1.1243627448436522 -0.2886872860991233 -1.7903328184363319
      vertex -1.1516789198253932 -0.14549088211102693 -1.8065279282896922
    endloop
  endfacet
  facet normal -0.9822872507286885 -0.18738131458572563 0
    outer loop
      vertex -1.1243627448436522 -0.2886872860991233 -1.7903328184363319
      vertex -1.1243627448436522 -0.2886872860991233 -1.7402569930514473
      vertex -1.1516789198253932 -0.14549088211102693 -1.800332818436332
    endloop
  endfacet
  facet normal -0.9822872507286885 -0.1873813145857256 0
    outer loop
      vertex -1.1243627448436522 -0.2886872860991233 -1.7903328184363319
      vertex -1.1516789198253932 -0.14549088211102693 -1.800332818436332
      vertex -1.1516789198253932 -0.14549088211102693 -1.8065279282896922
    endloop
  endfacet
  facet normal -0.9822872507286885 -0.18738131458572563 0
    outer loop
      vertex -1.1516789198253932 -0.14549088211102693 -1.800332818436332
      vertex -1.1243627448436522 -0.2886872860991233 -1.7402569930514473
      vertex -1.1516789198253932 -0.14549088211102693 -1.7502569930514476
    endloop
  endfacet
  facet normal -0.9980267284282717 -0.0627905195293122 0
    outer loop
      vertex -1.1516789198253932 -0.14549088211102693 -1.8065279282896922
      vertex -1.1516789198253932 -0.14549088211102693 -1.800332818436332
      vertex -1.1608324302618482 0 -1.8065279282896922
    endloop
  endfacet
  facet normal -0.9980267284282717 -0.0627905195293122 0
    outer loop
      vertex -1.1516789198253932 -0.14549088211102693 -1.800332818436332
      vertex -1.1516789198253932 -0.14549088211102693 -1.7502569930514476
      vertex -1.1608324302618482 0 -1.8065279282896922
    endloop
  endfacet
  facet normal -0.7064080908128532 -0.04444342997877582 -0.706408090812854
    outer loop
      vertex -1.1516789198253932 -0.14549088211102693 -1.8065279282896922
      vertex -1.1608324302618482 0 -1.8065279282896922
      vertex -0.9673603585515402 0 -2
    endloop
  endfacet
  facet normal -0.9980267284282716 -0.06279051952931221 0
    outer loop
      vertex -1.1516789198253932 -0.14549088211102693 -1.7502569930514476
      vertex -1.1608324302618482 0 -1.7602569930514473
      vertex -1.1608324302618482 0 -1.8065279282896922
    endloop
  endfacet
  facet normal -0.9510565162951536 -0.309016994374947 0
    outer loop
      vertex -1.1243627448436522 -0.2886872860991233 -1.7402569930514473
      vertex -1.07931469771398 -0.4273309191320104 -1.7097430069485524
      vertex -1.1243627448436522 -0.2886872860991233 -1.7197430069485526
    endloop
  endfacet
  facet normal -0.9510565162951536 -0.309016994374947 0
    outer loop
      vertex -1.1243627448436522 -0.2886872860991233 -1.7197430069485526
      vertex -1.07931469771398 -0.4273309191320104 -1.6596671815636679
      vertex -1.1243627448436522 -0.2886872860991233 -1.6696671815636681
    endloop
  endfacet
  facet normal -0.9822872507286885 -0.18738131458572563 0
    outer loop
      vertex -1.1516789198253932 -0.14549088211102693 -1.7502569930514476
      vertex -1.1243627448436522 -0.2886872860991233 -1.7402569930514473
      vertex -1.1243627448436522 -0.2886872860991233 -1.7197430069485526
    endloop
  endfacet
  facet normal -0.9822872507286885 -0.18738131458572563 0
    outer loop
      vertex -1.1243627448436522 -0.2886872860991233 -1.7197430069485526
      vertex -1.1243627448436522 -0.2886872860991233 -1.6696671815636681
      vertex -1.1516789198253932 -0.14549088211102693 -1.7297430069485524
    endloop
  endfacet
  facet normal -0.9822872507286884 -0.1873813145857256 0
    outer loop
      vertex -1.1516789198253932 -0.14549088211102693 -1.7502569930514476
      vertex -1.1243627448436522 -0.2886872860991233 -1.7197430069485526
      vertex -1.1516789198253932 -0.14549088211102693 -1.7297430069485524
    endloop
  endfacet
  facet normal -0.9822872507286886 -0.18738131458572563 0
    outer loop
      vertex -1.1243627448436522 -0.2886872860991233 -1.6696671815636681
      vertex -1.1516789198253932 -0.14549088211102693 -1.6796671815636683
      vertex -1.1516789198253932 -0.14549088211102693 -1.7297430069485524
    endloop
  endfacet
  facet normal -0.9510565162951538 -0.30901699437494706 0
    outer loop
      vertex -1.1243627448436522 -0.2886872860991233 -1.6696671815636681
      vertex -1.07931469771398 -0.4273309191320104 -1.4298532815176763
      vertex -1.1243627448436522 -0.2886872860991233 -1.439853281517676
    endloop
  endfacet
  facet normal -0.9822872507286885 -0.1873813145857256 0
    outer loop
      vertex -1.1243627448436522 -0.2886872860991233 -1.6696671815636681
      vertex -1.1243627448436522 -0.2886872860991233 -1.439853281517676
      vertex -1.1516789198253932 -0.14549088211102693 -1.6796671815636683
    endloop
  endfacet
  facet normal -0.9822872507286885 -0.1873813145857256 0
    outer loop
      vertex -1.1516789198253932 -0.14549088211102693 -1.6796671815636683
      vertex -1.1243627448436522 -0.2886872860991233 -1.439853281517676
      vertex -1.1516789198253932 -0.14549088211102693 -1.449853281517676
    endloop
  endfacet
  facet normal -0.9980267284282717 -0.0627905195293122 0
    outer loop
      vertex -1.1516789198253932 -0.14549088211102693 -1.7502569930514476
      vertex -1.1516789198253932 -0.14549088211102693 -1.7297430069485524
      vertex -1.1608324302618482 0 -1.7602569930514473
    endloop
  endfacet
  facet normal -0.9980267284282716 -0.0627905195293122 0
    outer loop
      vertex -1.1516789198253932 -0.14549088211102693 -1.7297430069485524
      vertex -1.1516789198253932 -0.14549088211102693 -1.6796671815636683
      vertex -1.1608324302618482 0 -1.7397430069485527
    endloop
  endfacet
  facet normal -0.9980267284282716 -0.0627905195293122 0
    outer loop
      vertex -1.1516789198253932 -0.14549088211102693 -1.7297430069485524
      vertex -1.1608324302618482 0 -1.7397430069485527
      vertex -1.1608324302618482 0 -1.7602569930514473
    endloop
  endfacet
  facet normal -0.9980267284282717 -0.0627905195293122 0
    outer loop
      vertex -1.1516789198253932 -0.14549088211102693 -1.6796671815636683
      vertex -1.1608324302618482 0 -1.6896671815636681
      vertex -1.1608324302618482 0 -1.7397430069485527
    endloop
  endfacet
  facet normal -0.9980267284282716 -0.06279051952931218 0
    outer loop
      vertex -1.1516789198253932 -0.14549088211102693 -1.6796671815636683
      vertex -1.1516789198253932 -0.14549088211102693 -1.449853281517676
      vertex -1.1608324302618482 0 -1.6896671815636681
    endloop
  endfacet
  facet normal -0.9980267284282718 -0.0627905195293122 0
    outer loop
      vertex -1.1516789198253932 -0.14549088211102693 -1.449853281517676
      vertex -1.1608324302618482 0 -1.4598532815176761
      vertex -1.1608324302618482 0 -1.6896671815636681
    endloop
  endfacet
  facet normal -0.8443279255020153 -0.5358267949789962 0
    outer loop
      vertex -1.0172452130500098 -0.5592352882950686 -1.8065279282896922
      vertex -0.9391331637034062 -0.6823201828907451 -1.8065279282896922
      vertex -0.9391331637034062 -0.6823201828907451 -1.760332818436332
    endloop
  endfacet
  facet normal -0.7705132427757897 -0.6374239897486891 0
    outer loop
      vertex -0.8462104233542411 -0.7946444806039143 -1.7503328184363318
      vertex -0.9391331637034062 -0.6823201828907451 -1.760332818436332
      vertex -0.9391331637034062 -0.6823201828907451 -1.8065279282896922
    endloop
  endfacet
  facet normal -0.5976193431343778 -0.37926076773873363 -0.7064080908128538
    outer loop
      vertex -1.0172452130500098 -0.5592352882950686 -1.8065279282896922
      vertex -0.8477043442083416 -0.46602940691255723 -2
      vertex -0.9391331637034062 -0.6823201828907451 -1.8065279282896922
    endloop
  endfacet
  facet normal -0.8443279255020153 -0.5358267949789962 0
    outer loop
      vertex -1.0172452130500098 -0.5592352882950686 -1.8065279282896922
      vertex -0.9391331637034062 -0.6823201828907451 -1.760332818436332
      vertex -1.0172452130500098 -0.5592352882950686 -1.7703328184363318
    endloop
  endfacet
  facet normal -0.6404409144982933 -0.3013686185898066 -0.706408090812854
    outer loop
      vertex -1.07931469771398 -0.4273309191320104 -1.8065279282896922
      vertex -0.89942891476165 -0.35610909927667533 -2
      vertex -0.8477043442083416 -0.46602940691255723 -2
    endloop
  endfacet
  facet normal -0.9048270524660189 -0.425779291565074 0
    outer loop
      vertex -1.0172452130500098 -0.5592352882950686 -1.8065279282896922
      vertex -1.0172452130500098 -0.5592352882950686 -1.7703328184363318
      vertex -1.07931469771398 -0.4273309191320104 -1.8065279282896922
    endloop
  endfacet
  facet normal -0.9048270524660188 -0.425779291565074 0
    outer loop
      vertex -1.0172452130500098 -0.5592352882950686 -1.7703328184363318
      vertex -1.0172452130500098 -0.5592352882950686 -1.7202569930514473
      vertex -1.07931469771398 -0.4273309191320104 -1.7803328184363316
    endloop
  endfacet
  facet normal -0.9048270524660189 -0.425779291565074 0
    outer loop
      vertex -1.0172452130500098 -0.5592352882950686 -1.7703328184363318
      vertex -1.07931469771398 -0.4273309191320104 -1.7803328184363316
      vertex -1.07931469771398 -0.4273309191320104 -1.8065279282896922
    endloop
  endfacet
  facet normal -0.6404409144982931 -0.3013686185898075 -0.7064080908128538
    outer loop
      vertex -1.0172452130500098 -0.5592352882950686 -1.8065279282896922
      vertex -1.07931469771398 -0.4273309191320104 -1.8065279282896922
      vertex -0.8477043442083416 -0.46602940691255723 -2
    endloop
  endfacet
  facet normal -0.5976193431343775 -0.37926076773873385 -0.7064080908128539
    outer loop
      vertex -0.9391331637034062 -0.6823201828907451 -1.8065279282896922
      vertex -0.8477043442083416 -0.46602940691255723 -2
      vertex -0.7826109697528385 -0.5686001524089543 -2
    endloop
  endfacet
  facet normal -0.5453729577287417 -0.45117174802102017 -0.7064080908128538
    outer loop
      vertex -0.8462104233542411 -0.7946444806039143 -1.8065279282896922
      vertex -0.7826109697528385 -0.5686001524089543 -2
      vertex -0.7051753527952009 -0.6622037338365954 -2
    endloop
  endfacet
  facet normal -0.5453729577287417 -0.45117174802102006 -0.7064080908128539
    outer loop
      vertex -0.8462104233542411 -0.7946444806039143 -1.8065279282896922
      vertex -0.9391331637034062 -0.6823201828907451 -1.8065279282896922
      vertex -0.7826109697528385 -0.5686001524089543 -2
    endloop
  endfacet
  facet normal -0.8443279255020153 -0.5358267949789962 0
    outer loop
      vertex -1.0172452130500098 -0.5592352882950686 -1.7703328184363318
      vertex -0.9391331637034062 -0.6823201828907451 -1.760332818436332
      vertex -0.9391331637034062 -0.6823201828907451 -1.7102569930514475
    endloop
  endfacet
  facet normal -0.8443279255020154 -0.5358267949789962 0
    outer loop
      vertex -1.0172452130500098 -0.5592352882950686 -1.7202569930514473
      vertex -0.9391331637034062 -0.6823201828907451 -1.7102569930514475
      vertex -0.9391331637034062 -0.6823201828907451 -1.6897430069485524
    endloop
  endfacet
  facet normal -0.7705132427757897 -0.6374239897486891 0
    outer loop
      vertex -0.8462104233542411 -0.7946444806039143 -1.7002569930514473
      vertex -0.9391331637034062 -0.6823201828907451 -1.7102569930514475
      vertex -0.9391331637034062 -0.6823201828907451 -1.760332818436332
    endloop
  endfacet
  facet normal -0.7705132427757897 -0.637423989748689 0
    outer loop
      vertex -0.8462104233542411 -0.7946444806039143 -1.6797430069485526
      vertex -0.9391331637034062 -0.6823201828907451 -1.6897430069485524
      vertex -0.9391331637034062 -0.6823201828907451 -1.7102569930514475
    endloop
  endfacet
  facet normal -0.8443279255020153 -0.5358267949789962 0
    outer loop
      vertex -1.0172452130500098 -0.5592352882950686 -1.6997430069485526
      vertex -0.9391331637034062 -0.6823201828907451 -1.6897430069485524
      vertex -0.9391331637034062 -0.6823201828907451 -1.6396671815636683
    endloop
  endfacet
  facet normal -0.7705132427757898 -0.6374239897486891 0
    outer loop
      vertex -0.8462104233542411 -0.7946444806039143 -1.629667181563668
      vertex -0.9391331637034062 -0.6823201828907451 -1.6396671815636683
      vertex -0.9391331637034062 -0.6823201828907451 -1.6897430069485524
    endloop
  endfacet
  facet normal -0.8443279255020153 -0.5358267949789962 0
    outer loop
      vertex -1.0172452130500098 -0.5592352882950686 -1.7703328184363318
      vertex -0.9391331637034062 -0.6823201828907451 -1.7102569930514475
      vertex -1.0172452130500098 -0.5592352882950686 -1.7202569930514473
    endloop
  endfacet
  facet normal -0.8443279255020153 -0.5358267949789962 0
    outer loop
      vertex -1.0172452130500098 -0.5592352882950686 -1.7202569930514473
      vertex -0.9391331637034062 -0.6823201828907451 -1.6897430069485524
      vertex -1.0172452130500098 -0.5592352882950686 -1.6997430069485526
    endloop
  endfacet
  facet normal -0.8443279255020153 -0.5358267949789962 0
    outer loop
      vertex -1.0172452130500098 -0.5592352882950686 -1.6997430069485526
      vertex -0.9391331637034062 -0.6823201828907451 -1.6396671815636683
      vertex -1.0172452130500098 -0.5592352882950686 -1.649667181563668
    endloop
  endfacet
  facet normal -0.8443279255020153 -0.5358267949789962 0
    outer loop
      vertex -1.0172452130500098 -0.5592352882950686 -1.649667181563668
      vertex -0.9391331637034062 -0.6823201828907451 -1.6396671815636683
      vertex -0.9391331637034062 -0.6823201828907451 -1.4098532815176759
    endloop
  endfacet
  facet normal -0.9048270524660189 -0.42577929156507394 0
    outer loop
      vertex -1.0172452130500098 -0.5592352882950686 -1.7202569930514473
      vertex -1.0172452130500098 -0.5592352882950686 -1.6997430069485526
      vertex -1.07931469771398 -0.4273309191320104 -1.7302569930514475
    endloop
  endfacet
  facet normal -0.9048270524660189 -0.42577929156507405 0
    outer loop
      vertex -1.07931469771398 -0.4273309191320104 -1.7803328184363316
      vertex -1.0172452130500098 -0.5592352882950686 -1.7202569930514473
      vertex -1.07931469771398 -0.4273309191320104 -1.7302569930514475
    endloop
  endfacet
  facet normal -0.9048270524660188 -0.42577929156507405 0
    outer loop
      vertex -1.0172452130500098 -0.5592352882950686 -1.6997430069485526
      vertex -1.07931469771398 -0.4273309191320104 -1.7097430069485524
      vertex -1.07931469771398 -0.4273309191320104 -1.7302569930514475
    endloop
  endfacet
  facet normal -0.9048270524660188 -0.425779291565074 0
    outer loop
      vertex -1.0172452130500098 -0.5592352882950686 -1.6997430069485526
      vertex -1.0172452130500098 -0.5592352882950686 -1.649667181563668
      vertex -1.07931469771398 -0.4273309191320104 -1.7097430069485524
    endloop
  endfacet
  facet normal -0.9048270524660189 -0.425779291565074 0
    outer loop
      vertex -1.0172452130500098 -0.5592352882950686 -1.649667181563668
      vertex -1.07931469771398 -0.4273309191320104 -1.6596671815636679
      vertex -1.07931469771398 -0.4273309191320104 -1.7097430069485524
    endloop
  endfacet
  facet normal -0.9048270524660188 -0.425779291565074 0
    outer loop
      vertex -1.0172452130500098 -0.5592352882950686 -1.649667181563668
      vertex -1.0172452130500098 -0.5592352882950686 -1.419853281517676
      vertex -1.07931469771398 -0.4273309191320104 -1.6596671815636679
    endloop
  endfacet
  facet normal -0.9048270524660189 -0.42577929156507405 0
    outer loop
      vertex -1.07931469771398 -0.4273309191320104 -1.6596671815636679
      vertex -1.0172452130500098 -0.5592352882950686 -1.419853281517676
      vertex -1.07931469771398 -0.4273309191320104 -1.4298532815176763
    endloop
  endfacet
  facet normal -0.6731623500597134 -0.2187237062968313 -0.706408090812854
    outer loop
      vertex -1.07931469771398 -0.4273309191320104 -1.8065279282896922
      vertex -0.9369689540363768 -0.24057273841593607 -2
      vertex -0.89942891476165 -0.35610909927667533 -2
    endloop
  endfacet
  facet normal -0.6731623500597134 -0.2187237062968311 -0.7064080908128542
    outer loop
      vertex -1.1243627448436522 -0.2886872860991233 -1.8065279282896922
      vertex -0.9369689540363768 -0.24057273841593607 -2
      vertex -1.07931469771398 -0.4273309191320104 -1.8065279282896922
    endloop
  endfacet
  facet normal -0.6952676132329954 -0.13262939049634717 -0.7064080908128542
    outer loop
      vertex -1.1243627448436522 -0.2886872860991233 -1.8065279282896922
      vertex -1.1516789198253932 -0.14549088211102693 -1.8065279282896922
      vertex -0.9369689540363768 -0.24057273841593607 -2
    endloop
  endfacet
  facet normal -0.6952676132329954 -0.13262939049634714 -0.7064080908128542
    outer loop
      vertex -1.1516789198253932 -0.14549088211102693 -1.8065279282896922
      vertex -0.9597324331878276 -0.1212424017591891 -2
      vertex -0.9369689540363768 -0.24057273841593607 -2
    endloop
  endfacet
  facet normal -0.7064080908128529 -0.044443429978776136 -0.706408090812854
    outer loop
      vertex -1.1516789198253932 -0.14549088211102693 -1.8065279282896922
      vertex -0.9673603585515402 0 -2
      vertex -0.9597324331878276 -0.1212424017591891 -2
    endloop
  endfacet
  facet normal -0.46328626014465035 -0.19995721751419104 -0.8633556349067085
    outer loop
      vertex -1.359812493842596 -0.5383878530253624 -1.255676497570252
      vertex -1.4165678567037543 -0.3637128071011676 -1.2656764975702517
      vertex -1.1243627448436522 -0.2886872860991233 -1.439853281517676
    endloop
  endfacet
  facet normal -0.43457182496093677 -0.2564456601796084 -0.8633556349067085
    outer loop
      vertex -1.359812493842596 -0.5383878530253624 -1.255676497570252
      vertex -1.07931469771398 -0.4273309191320104 -1.4298532815176763
      vertex -1.28161207564093 -0.7045722008900338 -1.2456764975702521
    endloop
  endfacet
  facet normal -0.39900393249696253 -0.3088898015907821 -0.863355634906709
    outer loop
      vertex -1.183199869408463 -0.8596450242556375 -1.2356764975702519
      vertex -1.28161207564093 -0.7045722008900338 -1.2456764975702521
      vertex -1.0172452130500098 -0.5592352882950686 -1.419853281517676
    endloop
  endfacet
  facet normal -0.4244647839760678 -0.26536767187691146 -0.8656844955795259
    outer loop
      vertex -1.28161207564093 -0.7045722008900338 -1.2456764975702521
      vertex -1.07931469771398 -0.4273309191320104 -1.4298532815176763
      vertex -1.0172452130500098 -0.5592352882950686 -1.419853281517676
    endloop
  endfacet
  facet normal -0.4543771407726977 -0.21007562461278306 -0.8656844955795253
    outer loop
      vertex -1.359812493842596 -0.5383878530253624 -1.255676497570252
      vertex -1.1243627448436522 -0.2886872860991233 -1.439853281517676
      vertex -1.07931469771398 -0.4273309191320104 -1.4298532815176763
    endloop
  endfacet
  facet normal -0.9048270524660192 -0.4257792915650734 0
    outer loop
      vertex -1.359812493842596 -0.5383878530253624 -1.255676497570252
      vertex -1.28161207564093 -0.7045722008900338 -1.2456764975702521
      vertex -1.28161207564093 -0.7045722008900338 -1.1743235024297478
    endloop
  endfacet
  facet normal -0.9048270524660192 -0.4257792915650733 0
    outer loop
      vertex -1.359812493842596 -0.5383878530253624 -1.255676497570252
      vertex -1.28161207564093 -0.7045722008900338 -1.1743235024297478
      vertex -1.359812493842596 -0.5383878530253624 -1.184323502429748
    endloop
  endfacet
  facet normal -0.9510565162951536 -0.30901699437494745 0
    outer loop
      vertex -1.359812493842596 -0.5383878530253624 -1.255676497570252
      vertex -1.359812493842596 -0.5383878530253624 -1.184323502429748
      vertex -1.4165678567037543 -0.3637128071011676 -1.2656764975702517
    endloop
  endfacet
  facet normal -0.9510565162951535 -0.30901699437494745 0
    outer loop
      vertex -1.4165678567037543 -0.3637128071011676 -1.2656764975702517
      vertex -1.359812493842596 -0.5383878530253624 -1.184323502429748
      vertex -1.4165678567037543 -0.3637128071011676 -1.1943235024297483
    endloop
  endfacet
  facet normal -0.49233836126171454 -0.11054404418584894 0.8633556349067089
    outer loop
      vertex -1.359812493842596 -0.5383878530253624 -1.184323502429748
      vertex -1.07931469771398 -0.4273309191320104 -1.010146718482324
      vertex -1.4165678567037543 -0.3637128071011676 -1.1943235024297483
    endloop
  endfacet
  facet normal -0.47460128371973737 -0.1713787302042197 0.863355634906709
    outer loop
      vertex -1.28161207564093 -0.7045722008900338 -1.1743235024297478
      vertex -1.0172452130500098 -0.5592352882950686 -1.0001467184823238
      vertex -1.359812493842596 -0.5383878530253624 -1.184323502429748
    endloop
  endfacet
  facet normal -0.47503334149558096 -0.1579040169874242 0.8656844955795258
    outer loop
      vertex -1.359812493842596 -0.5383878530253624 -1.184323502429748
      vertex -1.0172452130500098 -0.5592352882950686 -1.0001467184823238
      vertex -1.07931469771398 -0.4273309191320104 -1.010146718482324
    endloop
  endfacet
  facet normal -0.48469439425208455 -0.1403153300799251 -0.8633556349067089
    outer loop
      vertex -1.4509830982480747 -0.1833017929374873 -1.275676497570252
      vertex -1.1516789198253932 -0.14549088211102693 -1.449853281517676
      vertex -1.4165678567037543 -0.3637128071011676 -1.2656764975702517
    endloop
  endfacet
  facet normal -0.4984586082197683 -0.0784605860699816 -0.8633556349067089
    outer loop
      vertex -1.4509830982480747 -0.1833017929374873 -1.275676497570252
      vertex -1.462515469557734 0 -1.2856764975702522
      vertex -1.1608324302618482 0 -1.4598532815176761
    endloop
  endfacet
  facet normal -0.47712369862759224 -0.15147055925541872 -0.8656844955795254
    outer loop
      vertex -1.4165678567037543 -0.3637128071011676 -1.2656764975702517
      vertex -1.1516789198253932 -0.14549088211102693 -1.449853281517676
      vertex -1.1243627448436522 -0.2886872860991233 -1.439853281517676
    endloop
  endfacet
  facet normal -0.49234573073524673 -0.09047671269447173 -0.8656844955795258
    outer loop
      vertex -1.4509830982480747 -0.1833017929374873 -1.275676497570252
      vertex -1.1608324302618482 0 -1.4598532815176761
      vertex -1.1516789198253932 -0.14549088211102693 -1.449853281517676
    endloop
  endfacet
  facet normal -0.9822872507286886 -0.18738131458572488 0
    outer loop
      vertex -1.4509830982480747 -0.1833017929374873 -1.275676497570252
      vertex -1.4165678567037543 -0.3637128071011676 -1.2656764975702517
      vertex -1.4165678567037543 -0.3637128071011676 -1.1943235024297483
    endloop
  endfacet
  facet normal -0.9822872507286887 -0.18738131458572485 0
    outer loop
      vertex -1.4509830982480747 -0.1833017929374873 -1.275676497570252
      vertex -1.4165678567037543 -0.3637128071011676 -1.1943235024297483
      vertex -1.4509830982480747 -0.1833017929374873 -1.204323502429748
    endloop
  endfacet
  facet normal -0.5023109687379136 -0.04796601255485921 0.8633556349067086
    outer loop
      vertex -1.4509830982480747 -0.1833017929374873 -1.204323502429748
      vertex -1.4165678567037543 -0.3637128071011676 -1.1943235024297483
      vertex -1.1243627448436522 -0.2886872860991233 -1.0201467184823239
    endloop
  endfacet
  facet normal -0.5043618321710879 0.015368471747630709 0.8633556349067085
    outer loop
      vertex -1.4509830982480747 -0.1833017929374873 -1.204323502429748
      vertex -1.1516789198253932 -0.14549088211102693 -1.0301467184823236
      vertex -1.462515469557734 0 -1.2143235024297478
    endloop
  endfacet
  facet normal -0.49107818275413384 -0.09712143190933893 0.8656844955795253
    outer loop
      vertex -1.4165678567037543 -0.3637128071011676 -1.1943235024297483
      vertex -1.07931469771398 -0.4273309191320104 -1.010146718482324
      vertex -1.1243627448436522 -0.2886872860991233 -1.0201467184823239
    endloop
  endfacet
  facet normal -0.499378427714767 -0.0348071838325112 0.8656844955795252
    outer loop
      vertex -1.4509830982480747 -0.1833017929374873 -1.204323502429748
      vertex -1.1243627448436522 -0.2886872860991233 -1.0201467184823239
      vertex -1.1516789198253932 -0.14549088211102693 -1.0301467184823236
    endloop
  endfacet
  facet normal -0.49980317655612416 0.028055994326164083 0.8656844955795258
    outer loop
      vertex -1.1516789198253932 -0.14549088211102693 -1.0301467184823236
      vertex -1.1608324302618482 0 -1.0401467184823239
      vertex -1.462515469557734 0 -1.2143235024297478
    endloop
  endfacet
  facet normal -0.9980267284282716 -0.0627905195293122 0
    outer loop
      vertex -1.1516789198253932 -0.14549088211102693 -1.0301467184823236
      vertex -1.1516789198253932 -0.14549088211102693 -0.9498532815176759
      vertex -1.1608324302618482 0 -1.0401467184823239
    endloop
  endfacet
  facet normal -0.7705132427757898 -0.6374239897486891 0
    outer loop
      vertex -0.8462104233542411 -0.7946444806039143 -1.399853281517676
      vertex -0.9391331637034062 -0.6823201828907451 -1.4098532815176759
      vertex -0.9391331637034062 -0.6823201828907451 -1.6396671815636683
    endloop
  endfacet
  facet normal -0.8443279255020154 -0.5358267949789962 0
    outer loop
      vertex -1.0172452130500098 -0.5592352882950686 -1.649667181563668
      vertex -0.9391331637034062 -0.6823201828907451 -1.4098532815176759
      vertex -1.0172452130500098 -0.5592352882950686 -1.419853281517676
    endloop
  endfacet
  facet normal -0.38785836397316675 -0.3164747124325741 -0.8656844955795258
    outer loop
      vertex -1.183199869408463 -0.8596450242556375 -1.2356764975702519
      vertex -1.0172452130500098 -0.5592352882950686 -1.419853281517676
      vertex -0.9391331637034062 -0.6823201828907451 -1.4098532815176759
    endloop
  endfacet
  facet normal -0.45149694067047924 -0.21619636139033344 0.8656844955795259
    outer loop
      vertex -1.28161207564093 -0.7045722008900338 -1.1743235024297478
      vertex -0.9391331637034062 -0.6823201828907451 -0.990146718482324
      vertex -1.0172452130500098 -0.5592352882950686 -1.0001467184823238
    endloop
  endfacet
  facet normal -0.368124552684679 -0.9297764858882511 0
    outer loop
      vertex -0.494258409782651 -1.0503525862807943 -1.8065279282896922
      vertex -0.3587169485724821 -1.1040172471272702 -1.8065279282896922
      vertex -0.3587169485724821 -1.1040172471272702 -1.7103328184363318
    endloop
  endfacet
  facet normal -0.3681245526846789 -0.929776485888251 0
    outer loop
      vertex -0.494258409782651 -1.0503525862807943 -1.720332818436332
      vertex -0.3587169485724821 -1.1040172471272702 -1.7103328184363318
      vertex -0.3587169485724821 -1.1040172471272702 -1.6602569930514477
    endloop
  endfacet
  facet normal -0.3681245526846789 -0.929776485888251 0
    outer loop
      vertex -0.494258409782651 -1.0503525862807943 -1.6702569930514475
      vertex -0.3587169485724821 -1.1040172471272702 -1.6602569930514477
      vertex -0.3587169485724821 -1.1040172471272702 -1.6397430069485526
    endloop
  endfacet
  facet normal -0.3681245526846789 -0.929776485888251 0
    outer loop
      vertex -0.494258409782651 -1.0503525862807943 -1.6497430069485524
      vertex -0.3587169485724821 -1.1040172471272702 -1.6397430069485526
      vertex -0.3587169485724821 -1.1040172471272702 -1.589667181563668
    endloop
  endfacet
  facet normal -0.3681245526846789 -0.9297764858882509 0
    outer loop
      vertex -0.494258409782651 -1.0503525862807943 -1.5996671815636683
      vertex -0.3587169485724821 -1.1040172471272702 -1.589667181563668
      vertex -0.3587169485724821 -1.1040172471272702 -1.359853281517676
    endloop
  endfacet
  facet normal -0.5877852522924727 -0.8090169943749478 0
    outer loop
      vertex -0.7399424391271748 -0.8944367601603571 -1.8065279282896922
      vertex -0.6220051206148859 -0.9801232376984489 -1.7303328184363318
      vertex -0.7399424391271748 -0.8944367601603571 -1.7403328184363316
    endloop
  endfacet
  facet normal -0.5877852522924727 -0.8090169943749477 0
    outer loop
      vertex -0.7399424391271748 -0.8944367601603571 -1.8065279282896922
      vertex -0.6220051206148859 -0.9801232376984489 -1.8065279282896922
      vertex -0.6220051206148859 -0.9801232376984489 -1.7303328184363318
    endloop
  endfacet
  facet normal -0.481753674101714 -0.8763066800438643 0
    outer loop
      vertex -0.6220051206148859 -0.9801232376984489 -1.8065279282896922
      vertex -0.494258409782651 -1.0503525862807943 -1.720332818436332
      vertex -0.6220051206148859 -0.9801232376984489 -1.7303328184363318
    endloop
  endfacet
  facet normal -0.48452571498970953 -0.5159674803200771 -0.7064080908128542
    outer loop
      vertex -0.7399424391271748 -0.8944367601603571 -1.8065279282896922
      vertex -0.7051753527952009 -0.6622037338365954 -2
      vertex -0.6166186992726457 -0.7453639668002976 -2
    endloop
  endfacet
  facet normal -0.4160372122836576 -0.5726260972304539 -0.7064080908128542
    outer loop
      vertex -0.7399424391271748 -0.8944367601603571 -1.8065279282896922
      vertex -0.6166186992726457 -0.7453639668002976 -2
      vertex -0.518337600512405 -0.8167693647487074 -2
    endloop
  endfacet
  facet normal -0.4160372122836574 -0.5726260972304542 -0.7064080908128539
    outer loop
      vertex -0.7399424391271748 -0.8944367601603571 -1.8065279282896922
      vertex -0.518337600512405 -0.8167693647487074 -2
      vertex -0.6220051206148859 -0.9801232376984489 -1.8065279282896922
    endloop
  endfacet
  facet normal -0.48175367410171405 -0.8763066800438643 0
    outer loop
      vertex -0.6220051206148859 -0.9801232376984489 -1.8065279282896922
      vertex -0.494258409782651 -1.0503525862807943 -1.8065279282896922
      vertex -0.494258409782651 -1.0503525862807943 -1.720332818436332
    endloop
  endfacet
  facet normal -0.3409875542113078 -0.6202540585172575 -0.7064080908128538
    outer loop
      vertex -0.6220051206148859 -0.9801232376984489 -1.8065279282896922
      vertex -0.4118820081522092 -0.8752938219006621 -2
      vertex -0.494258409782651 -1.0503525862807943 -1.8065279282896922
    endloop
  endfacet
  facet normal -0.26056031871295654 -0.6581002427794276 -0.7064080908128537
    outer loop
      vertex -0.494258409782651 -1.0503525862807943 -1.8065279282896922
      vertex -0.4118820081522092 -0.8752938219006621 -2
      vertex -0.3587169485724821 -1.1040172471272702 -1.8065279282896922
    endloop
  endfacet
  facet normal -0.34098755421130816 -0.6202540585172569 -0.7064080908128538
    outer loop
      vertex -0.6220051206148859 -0.9801232376984489 -1.8065279282896922
      vertex -0.518337600512405 -0.8167693647487074 -2
      vertex -0.4118820081522092 -0.8752938219006621 -2
    endloop
  endfacet
  facet normal -0.5877852522924728 -0.8090169943749477 0
    outer loop
      vertex -0.7399424391271748 -0.8944367601603571 -1.7403328184363316
      vertex -0.6220051206148859 -0.9801232376984489 -1.6802569930514473
      vertex -0.7399424391271748 -0.8944367601603571 -1.6902569930514475
    endloop
  endfacet
  facet normal -0.5877852522924727 -0.8090169943749478 0
    outer loop
      vertex -0.7399424391271748 -0.8944367601603571 -1.7403328184363316
      vertex -0.6220051206148859 -0.9801232376984489 -1.7303328184363318
      vertex -0.6220051206148859 -0.9801232376984489 -1.6802569930514473
    endloop
  endfacet
  facet normal -0.5877852522924728 -0.8090169943749477 0
    outer loop
      vertex -0.7399424391271748 -0.8944367601603571 -1.6902569930514475
      vertex -0.6220051206148859 -0.9801232376984489 -1.6597430069485526
      vertex -0.7399424391271748 -0.8944367601603571 -1.6697430069485524
    endloop
  endfacet
  facet normal -0.5877852522924727 -0.8090169943749477 0
    outer loop
      vertex -0.7399424391271748 -0.8944367601603571 -1.6697430069485524
      vertex -0.6220051206148859 -0.9801232376984489 -1.609667181563668
      vertex -0.7399424391271748 -0.8944367601603571 -1.6196671815636678
    endloop
  endfacet
  facet normal -0.5877852522924727 -0.8090169943749477 0
    outer loop
      vertex -0.7399424391271748 -0.8944367601603571 -1.6902569930514475
      vertex -0.6220051206148859 -0.9801232376984489 -1.6802569930514473
      vertex -0.6220051206148859 -0.9801232376984489 -1.6597430069485526
    endloop
  endfacet
  facet normal -0.5877852522924727 -0.8090169943749478 0
    outer loop
      vertex -0.7399424391271748 -0.8944367601603571 -1.6697430069485524
      vertex -0.6220051206148859 -0.9801232376984489 -1.6597430069485526
      vertex -0.6220051206148859 -0.9801232376984489 -1.609667181563668
    endloop
  endfacet
  facet normal -0.481753674101714 -0.8763066800438643 0
    outer loop
      vertex -0.6220051206148859 -0.9801232376984489 -1.7303328184363318
      vertex -0.494258409782651 -1.0503525862807943 -1.6702569930514475
      vertex -0.6220051206148859 -0.9801232376984489 -1.6802569930514473
    endloop
  endfacet
  facet normal -0.48175367410171394 -0.8763066800438644 0
    outer loop
      vertex -0.6220051206148859 -0.9801232376984489 -1.6802569930514473
      vertex -0.494258409782651 -1.0503525862807943 -1.6497430069485524
      vertex -0.6220051206148859 -0.9801232376984489 -1.6597430069485526
    endloop
  endfacet
  facet normal -0.5877852522924728 -0.8090169943749477 0
    outer loop
      vertex -0.7399424391271748 -0.8944367601603571 -1.6196671815636678
      vertex -0.6220051206148859 -0.9801232376984489 -1.609667181563668
      vertex -0.6220051206148859 -0.9801232376984489 -1.379853281517676
    endloop
  endfacet
  facet normal -0.481753674101714 -0.8763066800438643 0
    outer loop
      vertex -0.6220051206148859 -0.9801232376984489 -1.6597430069485526
      vertex -0.494258409782651 -1.0503525862807943 -1.5996671815636683
      vertex -0.6220051206148859 -0.9801232376984489 -1.609667181563668
    endloop
  endfacet
  facet normal -0.4817536741017141 -0.8763066800438643 0
    outer loop
      vertex -0.6220051206148859 -0.9801232376984489 -1.7303328184363318
      vertex -0.494258409782651 -1.0503525862807943 -1.720332818436332
      vertex -0.494258409782651 -1.0503525862807943 -1.6702569930514475
    endloop
  endfacet
  facet normal -0.481753674101714 -0.8763066800438644 0
    outer loop
      vertex -0.6220051206148859 -0.9801232376984489 -1.6802569930514473
      vertex -0.494258409782651 -1.0503525862807943 -1.6702569930514475
      vertex -0.494258409782651 -1.0503525862807943 -1.6497430069485524
    endloop
  endfacet
  facet normal -0.48175367410171405 -0.8763066800438643 0
    outer loop
      vertex -0.6220051206148859 -0.9801232376984489 -1.6597430069485526
      vertex -0.494258409782651 -1.0503525862807943 -1.6497430069485524
      vertex -0.494258409782651 -1.0503525862807943 -1.5996671815636683
    endloop
  endfacet
  facet normal -0.3681245526846789 -0.929776485888251 0
    outer loop
      vertex -0.494258409782651 -1.0503525862807943 -1.8065279282896922
      vertex -0.3587169485724821 -1.1040172471272702 -1.7103328184363318
      vertex -0.494258409782651 -1.0503525862807943 -1.720332818436332
    endloop
  endfacet
  facet normal -0.368124552684679 -0.929776485888251 0
    outer loop
      vertex -0.494258409782651 -1.0503525862807943 -1.720332818436332
      vertex -0.3587169485724821 -1.1040172471272702 -1.6602569930514477
      vertex -0.494258409782651 -1.0503525862807943 -1.6702569930514475
    endloop
  endfacet
  facet normal -0.3681245526846789 -0.929776485888251 0
    outer loop
      vertex -0.494258409782651 -1.0503525862807943 -1.6702569930514475
      vertex -0.3587169485724821 -1.1040172471272702 -1.6397430069485526
      vertex -0.494258409782651 -1.0503525862807943 -1.6497430069485524
    endloop
  endfacet
  facet normal -0.48175367410171405 -0.8763066800438644 0
    outer loop
      vertex -0.6220051206148859 -0.9801232376984489 -1.609667181563668
      vertex -0.494258409782651 -1.0503525862807943 -1.5996671815636683
      vertex -0.494258409782651 -1.0503525862807943 -1.3698532815176758
    endloop
  endfacet
  facet normal -0.3681245526846789 -0.929776485888251 0
    outer loop
      vertex -0.494258409782651 -1.0503525862807943 -1.6497430069485524
      vertex -0.3587169485724821 -1.1040172471272702 -1.589667181563668
      vertex -0.494258409782651 -1.0503525862807943 -1.5996671815636683
    endloop
  endfacet
  facet normal -0.24868988716485418 -0.9685831611286313 0
    outer loop
      vertex -0.3587169485724821 -1.1040172471272702 -1.8065279282896922
      vertex -0.21751830679620687 -1.140270896478613 -1.8065279282896922
      vertex -0.21751830679620687 -1.140270896478613 -1.700332818436332
    endloop
  endfacet
  facet normal -0.08871146204369904 -0.7022235297511812 -0.7064080908128539
    outer loop
      vertex -0.21751830679620687 -1.140270896478613 -1.8065279282896922
      vertex -0.06074105948551445 -0.9654514938563934 -2
      vertex -0.07288927138261733 -1.158541792627672 -1.8065279282896922
    endloop
  endfacet
  facet normal -0.12533323356430445 -0.9921147013144779 0
    outer loop
      vertex -0.21751830679620687 -1.140270896478613 -1.8065279282896922
      vertex -0.07288927138261733 -1.158541792627672 -1.8065279282896922
      vertex -0.07288927138261733 -1.158541792627672 -1.6903328184363318
    endloop
  endfacet
  facet normal 0 -0.7078047818672453 -0.7064080908128538
    outer loop
      vertex -0.07288927138261733 -1.158541792627672 -1.8065279282896922
      vertex -0.06074105948551445 -0.9654514938563934 -2
      vertex 0.07288927138261733 -1.158541792627672 -1.8065279282896922
    endloop
  endfacet
  facet normal -0.24868988716485413 -0.9685831611286312 0
    outer loop
      vertex -0.3587169485724821 -1.1040172471272702 -1.8065279282896922
      vertex -0.21751830679620687 -1.140270896478613 -1.700332818436332
      vertex -0.3587169485724821 -1.1040172471272702 -1.7103328184363318
    endloop
  endfacet
  facet normal -0.24868988716485416 -0.9685831611286313 0
    outer loop
      vertex -0.3587169485724821 -1.1040172471272702 -1.7103328184363318
      vertex -0.21751830679620687 -1.140270896478613 -1.6502569930514475
      vertex -0.3587169485724821 -1.1040172471272702 -1.6602569930514477
    endloop
  endfacet
  facet normal -0.24868988716485416 -0.9685831611286312 0
    outer loop
      vertex -0.3587169485724821 -1.1040172471272702 -1.6602569930514477
      vertex -0.21751830679620687 -1.140270896478613 -1.6297430069485523
      vertex -0.3587169485724821 -1.1040172471272702 -1.6397430069485526
    endloop
  endfacet
  facet normal -0.24868988716485413 -0.9685831611286312 0
    outer loop
      vertex -0.3587169485724821 -1.1040172471272702 -1.7103328184363318
      vertex -0.21751830679620687 -1.140270896478613 -1.700332818436332
      vertex -0.21751830679620687 -1.140270896478613 -1.6502569930514475
    endloop
  endfacet
  facet normal -0.2486898871648542 -0.9685831611286312 0
    outer loop
      vertex -0.3587169485724821 -1.1040172471272702 -1.6602569930514477
      vertex -0.21751830679620687 -1.140270896478613 -1.6502569930514475
      vertex -0.21751830679620687 -1.140270896478613 -1.6297430069485523
    endloop
  endfacet
  facet normal -0.24868988716485413 -0.9685831611286312 0
    outer loop
      vertex -0.3587169485724821 -1.1040172471272702 -1.6397430069485526
      vertex -0.21751830679620687 -1.140270896478613 -1.5796671815636683
      vertex -0.3587169485724821 -1.1040172471272702 -1.589667181563668
    endloop
  endfacet
  facet normal -0.24868988716485416 -0.9685831611286313 0
    outer loop
      vertex -0.3587169485724821 -1.1040172471272702 -1.6397430069485526
      vertex -0.21751830679620687 -1.140270896478613 -1.6297430069485523
      vertex -0.21751830679620687 -1.140270896478613 -1.5796671815636683
    endloop
  endfacet
  facet normal -0.24868988716485416 -0.9685831611286312 0
    outer loop
      vertex -0.3587169485724821 -1.1040172471272702 -1.589667181563668
      vertex -0.21751830679620687 -1.140270896478613 -1.5796671815636683
      vertex -0.21751830679620687 -1.140270896478613 -1.3498532815176763
    endloop
  endfacet
  facet normal -0.12533323356430448 -0.9921147013144778 0
    outer loop
      vertex -0.21751830679620687 -1.140270896478613 -1.8065279282896922
      vertex -0.07288927138261733 -1.158541792627672 -1.6903328184363318
      vertex -0.21751830679620687 -1.140270896478613 -1.700332818436332
    endloop
  endfacet
  facet normal -0.12533323356430448 -0.9921147013144778 0
    outer loop
      vertex -0.21751830679620687 -1.140270896478613 -1.700332818436332
      vertex -0.07288927138261733 -1.158541792627672 -1.6402569930514472
      vertex -0.21751830679620687 -1.140270896478613 -1.6502569930514475
    endloop
  endfacet
  facet normal -0.12533323356430448 -0.9921147013144778 0
    outer loop
      vertex -0.21751830679620687 -1.140270896478613 -1.6502569930514475
      vertex -0.07288927138261733 -1.158541792627672 -1.6197430069485526
      vertex -0.21751830679620687 -1.140270896478613 -1.6297430069485523
    endloop
  endfacet
  facet normal -0.12533323356430448 -0.9921147013144778 0
    outer loop
      vertex -0.21751830679620687 -1.140270896478613 -1.700332818436332
      vertex -0.07288927138261733 -1.158541792627672 -1.6903328184363318
      vertex -0.07288927138261733 -1.158541792627672 -1.6402569930514472
    endloop
  endfacet
  facet normal -0.12533323356430445 -0.9921147013144778 0
    outer loop
      vertex -0.21751830679620687 -1.140270896478613 -1.6502569930514475
      vertex -0.07288927138261733 -1.158541792627672 -1.6402569930514472
      vertex -0.07288927138261733 -1.158541792627672 -1.6197430069485526
    endloop
  endfacet
  facet normal 0 -1 0
    outer loop
      vertex -0.07288927138261733 -1.158541792627672 -1.8065279282896922
      vertex 0.07288927138261733 -1.158541792627672 -1.680332818436332
      vertex -0.07288927138261733 -1.158541792627672 -1.6903328184363318
    endloop
  endfacet
  facet normal 0 -1 0
    outer loop
      vertex -0.07288927138261733 -1.158541792627672 -1.6903328184363318
      vertex 0.07288927138261733 -1.158541792627672 -1.6302569930514474
      vertex -0.07288927138261733 -1.158541792627672 -1.6402569930514472
    endloop
  endfacet
  facet normal -0.12533323356430448 -0.9921147013144778 0
    outer loop
      vertex -0.21751830679620687 -1.140270896478613 -1.6297430069485523
      vertex -0.07288927138261733 -1.158541792627672 -1.569667181563668
      vertex -0.21751830679620687 -1.140270896478613 -1.5796671815636683
    endloop
  endfacet
  facet normal -0.12533323356430448 -0.9921147013144778 0
    outer loop
      vertex -0.21751830679620687 -1.140270896478613 -1.6297430069485523
      vertex -0.07288927138261733 -1.158541792627672 -1.6197430069485526
      vertex -0.07288927138261733 -1.158541792627672 -1.569667181563668
    endloop
  endfacet
  facet normal 0 -1 0
    outer loop
      vertex -0.07288927138261733 -1.158541792627672 -1.6402569930514472
      vertex 0.07288927138261733 -1.158541792627672 -1.6097430069485528
      vertex -0.07288927138261733 -1.158541792627672 -1.6197430069485526
    endloop
  endfacet
  facet normal 0 -1 0
    outer loop
      vertex -0.07288927138261733 -1.158541792627672 -1.6197430069485526
      vertex 0.07288927138261733 -1.158541792627672 -1.5596671815636682
      vertex -0.07288927138261733 -1.158541792627672 -1.569667181563668
    endloop
  endfacet
  facet normal -0.17602389133730936 -0.6855677930829376 -0.706408090812854
    outer loop
      vertex -0.3587169485724821 -1.1040172471272702 -1.8065279282896922
      vertex -0.2989307904770684 -0.9200143726060586 -2
      vertex -0.1812652556635057 -0.9502257470655109 -2
    endloop
  endfacet
  facet normal -0.2605603187129557 -0.6581002427794276 -0.706408090812854
    outer loop
      vertex -0.4118820081522092 -0.8752938219006621 -2
      vertex -0.2989307904770684 -0.9200143726060586 -2
      vertex -0.3587169485724821 -1.1040172471272702 -1.8065279282896922
    endloop
  endfacet
  facet normal -0.17602389133730945 -0.6855677930829378 -0.706408090812854
    outer loop
      vertex -0.3587169485724821 -1.1040172471272702 -1.8065279282896922
      vertex -0.1812652556635057 -0.9502257470655109 -2
      vertex -0.21751830679620687 -1.140270896478613 -1.8065279282896922
    endloop
  endfacet
  facet normal -0.0887114620436993 -0.7022235297511813 -0.7064080908128539
    outer loop
      vertex -0.21751830679620687 -1.140270896478613 -1.8065279282896922
      vertex -0.1812652556635057 -0.9502257470655109 -2
      vertex -0.06074105948551445 -0.9654514938563934 -2
    endloop
  endfacet
  facet normal -0.20084101460194978 -0.46290380699287076 -0.8633556349067091
    outer loop
      vertex -0.7836549766603231 -1.234842652426287 -1.205676497570252
      vertex -0.6220051206148859 -0.9801232376984489 -1.379853281517676
      vertex -0.6227088005312512 -1.3233235615058812 -1.1956764975702519
    endloop
  endfacet
  facet normal -0.18742001978589315 -0.46418109644477906 -0.8656844955795259
    outer loop
      vertex -0.6227088005312512 -1.3233235615058812 -1.1956764975702519
      vertex -0.6220051206148859 -0.9801232376984489 -1.379853281517676
      vertex -0.494258409782651 -1.0503525862807943 -1.3698532815176758
    endloop
  endfacet
  facet normal -0.14124009225386863 -0.4844257260044637 -0.8633556349067092
    outer loop
      vertex -0.6227088005312512 -1.3233235615058812 -1.1956764975702519
      vertex -0.494258409782651 -1.0503525862807943 -1.3698532815176758
      vertex -0.45194213462959587 -1.3909348675053492 -1.185676497570252
    endloop
  endfacet
  facet normal -0.1277648391733901 -0.4840108469695898 -0.8656844955795258
    outer loop
      vertex -0.45194213462959587 -1.3909348675053492 -1.185676497570252
      vertex -0.494258409782651 -1.0503525862807943 -1.3698532815176758
      vertex -0.3587169485724821 -1.1040172471272702 -1.359853281517676
    endloop
  endfacet
  facet normal -0.48175367410171493 -0.8763066800438638 0
    outer loop
      vertex -0.7836549766603231 -1.234842652426287 -1.205676497570252
      vertex -0.6227088005312512 -1.3233235615058812 -1.1956764975702519
      vertex -0.6227088005312512 -1.3233235615058812 -1.124323502429748
    endloop
  endfacet
  facet normal -0.36812455268467775 -0.9297764858882516 0
    outer loop
      vertex -0.6227088005312512 -1.3233235615058812 -1.1956764975702519
      vertex -0.45194213462959587 -1.3909348675053492 -1.1143235024297482
      vertex -0.6227088005312512 -1.3233235615058812 -1.124323502429748
    endloop
  endfacet
  facet normal -0.28322661391078086 -0.4176119404991512 0.8633556349067093
    outer loop
      vertex -0.7836549766603231 -1.234842652426287 -1.1343235024297478
      vertex -0.6227088005312512 -1.3233235615058812 -1.124323502429748
      vertex -0.494258409782651 -1.0503525862807943 -0.950146718482324
    endloop
  endfacet
  facet normal -0.2914963937016925 -0.4069646257012146 0.8656844955795259
    outer loop
      vertex -0.7836549766603231 -1.234842652426287 -1.1343235024297478
      vertex -0.494258409782651 -1.0503525862807943 -0.950146718482324
      vertex -0.6220051206148859 -0.9801232376984489 -0.9601467184823238
    endloop
  endfacet
  facet normal -0.36812455268467775 -0.9297764858882516 0
    outer loop
      vertex -0.6227088005312512 -1.3233235615058812 -1.1956764975702519
      vertex -0.45194213462959587 -1.3909348675053492 -1.185676497570252
      vertex -0.45194213462959587 -1.3909348675053492 -1.1143235024297482
    endloop
  endfacet
  facet normal -0.24868988716485468 -0.9685831611286312 0
    outer loop
      vertex -0.45194213462959587 -1.3909348675053492 -1.185676497570252
      vertex -0.2740480712876868 -1.4366102997400436 -1.104323502429748
      vertex -0.45194213462959587 -1.3909348675053492 -1.1143235024297482
    endloop
  endfacet
  facet normal -0.07941172927819924 -0.49830796193506643 -0.8633556349067089
    outer loop
      vertex -0.45194213462959587 -1.3909348675053492 -1.185676497570252
      vertex -0.3587169485724821 -1.1040172471272702 -1.359853281517676
      vertex -0.2740480712876868 -1.4366102997400436 -1.1756764975702518
    endloop
  endfacet
  facet normal -0.2286526325865835 -0.4498166529665827 0.8633556349067084
    outer loop
      vertex -0.6227088005312512 -1.3233235615058812 -1.124323502429748
      vertex -0.45194213462959587 -1.3909348675053492 -1.1143235024297482
      vertex -0.3587169485724821 -1.1040172471272702 -0.9401467184823238
    endloop
  endfacet
  facet normal -0.23819166508618572 -0.4402897736680833 0.8656844955795259
    outer loop
      vertex -0.6227088005312512 -1.3233235615058812 -1.124323502429748
      vertex -0.3587169485724821 -1.1040172471272702 -0.9401467184823238
      vertex -0.494258409782651 -1.0503525862807943 -0.950146718482324
    endloop
  endfacet
  facet normal -0.5877852522924727 -0.8090169943749477 0
    outer loop
      vertex -0.7399424391271748 -0.8944367601603571 -1.6196671815636678
      vertex -0.6220051206148859 -0.9801232376984489 -1.379853281517676
      vertex -0.7399424391271748 -0.8944367601603571 -1.3898532815176763
    endloop
  endfacet
  facet normal -0.48175367410171405 -0.8763066800438644 0
    outer loop
      vertex -0.6220051206148859 -0.9801232376984489 -1.609667181563668
      vertex -0.494258409782651 -1.0503525862807943 -1.3698532815176758
      vertex -0.6220051206148859 -0.9801232376984489 -1.379853281517676
    endloop
  endfacet
  facet normal -0.24411947472708345 -0.437030932740687 -0.8656844955795258
    outer loop
      vertex -0.7836549766603231 -1.234842652426287 -1.205676497570252
      vertex -0.7399424391271748 -0.8944367601603571 -1.3898532815176763
      vertex -0.6220051206148859 -0.9801232376984489 -1.379853281517676
    endloop
  endfacet
  facet normal -0.368124552684679 -0.9297764858882511 0
    outer loop
      vertex -0.494258409782651 -1.0503525862807943 -1.5996671815636683
      vertex -0.3587169485724821 -1.1040172471272702 -1.359853281517676
      vertex -0.494258409782651 -1.0503525862807943 -1.3698532815176758
    endloop
  endfacet
  facet normal -0.24868988716485416 -0.9685831611286312 0
    outer loop
      vertex -0.3587169485724821 -1.1040172471272702 -1.589667181563668
      vertex -0.21751830679620687 -1.140270896478613 -1.3498532815176763
      vertex -0.3587169485724821 -1.1040172471272702 -1.359853281517676
    endloop
  endfacet
  facet normal -0.06609473072410331 -0.4962074573036273 -0.8656844955795253
    outer loop
      vertex -0.3587169485724821 -1.1040172471272702 -1.359853281517676
      vertex -0.21751830679620687 -1.140270896478613 -1.3498532815176763
      vertex -0.2740480712876868 -1.4366102997400436 -1.1756764975702518
    endloop
  endfacet
  facet normal -0.12533323356430448 -0.9921147013144779 0
    outer loop
      vertex -0.21751830679620687 -1.140270896478613 -1.5796671815636683
      vertex -0.07288927138261733 -1.158541792627672 -1.569667181563668
      vertex -0.07288927138261733 -1.158541792627672 -1.339853281517676
    endloop
  endfacet
  facet normal -0.12533323356430448 -0.9921147013144779 0
    outer loop
      vertex -0.21751830679620687 -1.140270896478613 -1.5796671815636683
      vertex -0.07288927138261733 -1.158541792627672 -1.339853281517676
      vertex -0.21751830679620687 -1.140270896478613 -1.3498532815176763
    endloop
  endfacet
  facet normal 0 -1 0
    outer loop
      vertex -0.07288927138261733 -1.158541792627672 -1.569667181563668
      vertex 0.07288927138261733 -1.158541792627672 -1.3298532815176758
      vertex -0.07288927138261733 -1.158541792627672 -1.339853281517676
    endloop
  endfacet
  facet normal -0.003382268888217272 -0.5005785796160176 -0.8656844955795259
    outer loop
      vertex -0.09183210615318839 -1.4596295293584427 -1.165676497570252
      vertex -0.21751830679620687 -1.140270896478613 -1.3498532815176763
      vertex -0.07288927138261733 -1.158541792627672 -1.339853281517676
    endloop
  endfacet
  facet normal -0.24868988716485466 -0.9685831611286312 0
    outer loop
      vertex -0.45194213462959587 -1.3909348675053492 -1.185676497570252
      vertex -0.2740480712876868 -1.4366102997400436 -1.1756764975702518
      vertex -0.2740480712876868 -1.4366102997400436 -1.104323502429748
    endloop
  endfacet
  facet normal -0.01633099589354946 -0.5043315836312048 -0.8633556349067085
    outer loop
      vertex -0.09183210615318839 -1.4596295293584427 -1.165676497570252
      vertex -0.2740480712876868 -1.4366102997400436 -1.1756764975702518
      vertex -0.21751830679620687 -1.140270896478613 -1.3498532815176763
    endloop
  endfacet
  facet normal -0.1704726626560349 -0.47492748810928515 0.8633556349067089
    outer loop
      vertex -0.45194213462959587 -1.3909348675053492 -1.1143235024297482
      vertex -0.2740480712876868 -1.4366102997400436 -1.104323502429748
      vertex -0.21751830679620687 -1.140270896478613 -0.930146718482324
    endloop
  endfacet
  facet normal 0.047007287052010696 -0.5024015949803933 -0.8633556349067091
    outer loop
      vertex -0.09183210615318839 -1.4596295293584427 -1.165676497570252
      vertex -0.07288927138261733 -1.158541792627672 -1.339853281517676
      vertex 0.09183210615318839 -1.4596295293584427 -1.1556764975702518
    endloop
  endfacet
  facet normal -0.1096042369999649 -0.4925484330565763 0.8633556349067092
    outer loop
      vertex -0.09183210615318839 -1.4596295293584427 -1.0943235024297482
      vertex -0.07288927138261733 -1.158541792627672 -0.9201467184823242
      vertex -0.2740480712876868 -1.4366102997400436 -1.104323502429748
    endloop
  endfacet
  facet normal 0 0 -1
    outer loop
      vertex -0.7826109697528385 -0.5686001524089543 -2
      vertex 0 0 -2
      vertex -0.7051753527952009 -0.6622037338365954 -2
    endloop
  endfacet
  facet normal 0 0 -1
    outer loop
      vertex -0.6166186992726457 -0.7453639668002976 -2
      vertex -0.7051753527952009 -0.6622037338365954 -2
      vertex 0 0 -2
    endloop
  endfacet
  facet normal 0 0 -1
    outer loop
      vertex -0.6166186992726457 -0.7453639668002976 -2
      vertex 0 0 -2
      vertex -0.518337600512405 -0.8167693647487074 -2
    endloop
  endfacet
  facet normal 0 0 -1
    outer loop
      vertex -0.7826109697528385 -0.5686001524089543 -2
      vertex -0.8477043442083416 -0.46602940691255723 -2
      vertex 0 0 -2
    endloop
  endfacet
  facet normal 0 0 -1
    outer loop
      vertex -0.8477043442083416 -0.46602940691255723 -2
      vertex -0.89942891476165 -0.35610909927667533 -2
      vertex 0 0 -2
    endloop
  endfacet
  facet normal 0 0 -1
    outer loop
      vertex -0.9369689540363768 -0.24057273841593607 -2
      vertex 0 0 -2
      vertex -0.89942891476165 -0.35610909927667533 -2
    endloop
  endfacet
  facet normal 0 0 -1
    outer loop
      vertex -0.9369689540363768 -0.24057273841593607 -2
      vertex -0.9597324331878276 -0.1212424017591891 -2
      vertex 0 0 -2
    endloop
  endfacet
  facet normal 0 0 -1
    outer loop
      vertex -0.9597324331878276 -0.1212424017591891 -2
      vertex -0.9673603585515402 0 -2
      vertex 0 0 -2
    endloop
  endfacet
  facet normal 0 0 -1
    outer loop
      vertex -0.518337600512405 -0.8167693647487074 -2
      vertex 0 0 -2
      vertex -0.4118820081522092 -0.8752938219006621 -2
    endloop
  endfacet
  facet normal 0 0 -1
    outer loop
      vertex -0.4118820081522092 -0.8752938219006621 -2
      vertex 0 0 -2
      vertex -0.2989307904770684 -0.9200143726060586 -2
    endloop
  endfacet
  facet normal 0 0 -1
    outer loop
      vertex -0.2989307904770684 -0.9200143726060586 -2
      vertex 0 0 -2
      vertex -0.1812652556635057 -0.9502257470655109 -2
    endloop
  endfacet
  facet normal 0 0 -1
    outer loop
      vertex -0.1812652556635057 -0.9502257470655109 -2
      vertex 0 0 -2
      vertex -0.06074105948551445 -0.9654514938563934 -2
    endloop
  endfacet
  facet normal -0.7705132427757895 -0.6374239897486894 0
    outer loop
      vertex -1.183199869408463 -0.8596450242556375 -0.7356764975702519
      vertex -1.0661278944260828 -1.0011607320616838 -0.6543235024297482
      vertex -1.183199869408463 -0.8596450242556375 -0.664323502429748
    endloop
  endfacet
  facet normal -0.7705132427757895 -0.6374239897486895 0
    outer loop
      vertex -1.183199869408463 -0.8596450242556375 -0.7356764975702519
      vertex -1.0661278944260828 -1.0011607320616838 -0.7256764975702517
      vertex -1.0661278944260828 -1.0011607320616838 -0.6543235024297482
    endloop
  endfacet
  facet normal -0.8443279255020154 -0.5358267949789962 0
    outer loop
      vertex -1.183199869408463 -0.8596450242556375 -0.664323502429748
      vertex -1.28161207564093 -0.7045722008900338 -0.6743235024297478
      vertex -1.28161207564093 -0.7045722008900338 -0.7456764975702521
    endloop
  endfacet
  facet normal -0.8443279255020153 -0.5358267949789961 0
    outer loop
      vertex -1.183199869408463 -0.8596450242556375 -0.7356764975702519
      vertex -1.183199869408463 -0.8596450242556375 -0.664323502429748
      vertex -1.28161207564093 -0.7045722008900338 -0.7456764975702521
    endloop
  endfacet
  facet normal -0.44937946042043486 -0.2295106712705794 0.8633556349067092
    outer loop
      vertex -1.183199869408463 -0.8596450242556375 -0.664323502429748
      vertex -0.9391331637034062 -0.6823201828907451 -0.49014671848232405
      vertex -1.28161207564093 -0.7045722008900338 -0.6743235024297478
    endloop
  endfacet
  facet normal -0.2572745541731552 -0.43408161841966825 -0.8633556349067084
    outer loop
      vertex -0.9322424456746691 -1.126887537058686 -0.7156764975702519
      vertex -0.7399424391271748 -0.8944367601603571 -0.8898532815176763
      vertex -0.7836549766603231 -1.234842652426287 -0.7056764975702521
    endloop
  endfacet
  facet normal -0.6845471059286891 -0.7289686274214111 0
    outer loop
      vertex -0.9322424456746691 -1.126887537058686 -0.7156764975702519
      vertex -0.9322424456746691 -1.126887537058686 -0.644323502429748
      vertex -1.0661278944260828 -1.0011607320616838 -0.7256764975702517
    endloop
  endfacet
  facet normal -0.48175367410171493 -0.8763066800438638 0
    outer loop
      vertex -0.7836549766603231 -1.234842652426287 -0.7056764975702521
      vertex -0.6227088005312512 -1.3233235615058812 -0.624323502429748
      vertex -0.7836549766603231 -1.234842652426287 -0.6343235024297478
    endloop
  endfacet
  facet normal -0.5877852522924729 -0.8090169943749476 0
    outer loop
      vertex -0.9322424456746691 -1.126887537058686 -0.7156764975702519
      vertex -0.7836549766603231 -1.234842652426287 -0.7056764975702521
      vertex -0.7836549766603231 -1.234842652426287 -0.6343235024297478
    endloop
  endfacet
  facet normal -0.5877852522924729 -0.8090169943749477 0
    outer loop
      vertex -0.9322424456746691 -1.126887537058686 -0.7156764975702519
      vertex -0.7836549766603231 -1.234842652426287 -0.6343235024297478
      vertex -0.9322424456746691 -1.126887537058686 -0.644323502429748
    endloop
  endfacet
  facet normal -0.33333394234222974 -0.37882123826076664 0.863355634906709
    outer loop
      vertex -0.9322424456746691 -1.126887537058686 -0.644323502429748
      vertex -0.7836549766603231 -1.234842652426287 -0.6343235024297478
      vertex -0.6220051206148859 -0.9801232376984489 -0.4601467184823238
    endloop
  endfacet
  facet normal -0.30965072033667923 -0.3984137034161975 -0.8633556349067085
    outer loop
      vertex -0.9322424456746691 -1.126887537058686 -0.7156764975702519
      vertex -1.0661278944260828 -1.0011607320616838 -0.7256764975702517
      vertex -0.8462104233542411 -0.7946444806039143 -0.8998532815176761
    endloop
  endfacet
  facet normal -0.35714350966411684 -0.35646256630904494 -0.8633556349067089
    outer loop
      vertex -1.183199869408463 -0.8596450242556375 -0.7356764975702519
      vertex -0.9391331637034062 -0.6823201828907451 -0.9098532815176759
      vertex -1.0661278944260828 -1.0011607320616838 -0.7256764975702517
    endloop
  endfacet
  facet normal -0.3451351858750552 -0.362590757720345 -0.8656844955795253
    outer loop
      vertex -0.8462104233542411 -0.7946444806039143 -0.8998532815176761
      vertex -1.0661278944260828 -1.0011607320616838 -0.7256764975702517
      vertex -0.9391331637034062 -0.6823201828907451 -0.9098532815176759
    endloop
  endfacet
  facet normal -0.29696901972192546 -0.40298853015764796 -0.8656844955795252
    outer loop
      vertex -0.9322424456746691 -1.126887537058686 -0.7156764975702519
      vertex -0.8462104233542411 -0.7946444806039143 -0.8998532815176761
      vertex -0.7399424391271748 -0.8944367601603571 -0.8898532815176763
    endloop
  endfacet
  facet normal -0.7705132427757898 -0.6374239897486891 0
    outer loop
      vertex -0.8462104233542411 -0.7946444806039143 -0.9801467184823238
      vertex -0.8462104233542411 -0.7946444806039143 -0.8998532815176761
      vertex -0.9391331637034062 -0.6823201828907451 -0.990146718482324
    endloop
  endfacet
  facet normal -0.6845471059286892 -0.728968627421411 0
    outer loop
      vertex -0.8462104233542411 -0.7946444806039143 -0.9801467184823238
      vertex -0.7399424391271748 -0.8944367601603571 -0.970146718482324
      vertex -0.7399424391271748 -0.8944367601603571 -0.8898532815176763
    endloop
  endfacet
  facet normal -0.6845471059286892 -0.728968627421411 0
    outer loop
      vertex -0.8462104233542411 -0.7946444806039143 -0.9801467184823238
      vertex -0.7399424391271748 -0.8944367601603571 -0.8898532815176763
      vertex -0.8462104233542411 -0.7946444806039143 -0.8998532815176761
    endloop
  endfacet
  facet normal -0.6845471059286891 -0.728968627421411 0
    outer loop
      vertex -0.9322424456746691 -1.126887537058686 -0.644323502429748
      vertex -1.0661278944260828 -1.0011607320616838 -0.6543235024297482
      vertex -1.0661278944260828 -1.0011607320616838 -0.7256764975702517
    endloop
  endfacet
  facet normal -0.3781843953788944 -0.33405629879817206 0.863355634906709
    outer loop
      vertex -0.9322424456746691 -1.126887537058686 -0.644323502429748
      vertex -0.7399424391271748 -0.8944367601603571 -0.47014671848232403
      vertex -1.0661278944260828 -1.0011607320616838 -0.6543235024297482
    endloop
  endfacet
  facet normal -0.41707065458402587 -0.2840230919479724 0.8633556349067085
    outer loop
      vertex -1.183199869408463 -0.8596450242556375 -0.664323502429748
      vertex -1.0661278944260828 -1.0011607320616838 -0.6543235024297482
      vertex -0.8462104233542411 -0.7946444806039143 -0.4801467184823238
    endloop
  endfacet
  facet normal -0.4208401633798071 -0.2710791600246673 0.8656844955795259
    outer loop
      vertex -1.183199869408463 -0.8596450242556375 -0.664323502429748
      vertex -0.8462104233542411 -0.7946444806039143 -0.4801467184823238
      vertex -0.9391331637034062 -0.6823201828907451 -0.49014671848232405
    endloop
  endfacet
  facet normal -0.34020405005702464 -0.36722140247814994 0.8656844955795258
    outer loop
      vertex -0.9322424456746691 -1.126887537058686 -0.644323502429748
      vertex -0.6220051206148859 -0.9801232376984489 -0.4601467184823238
      vertex -0.7399424391271748 -0.8944367601603571 -0.47014671848232403
    endloop
  endfacet
  facet normal -0.3835464853149051 -0.32168687837057663 0.8656844955795253
    outer loop
      vertex -1.0661278944260828 -1.0011607320616838 -0.6543235024297482
      vertex -0.7399424391271748 -0.8944367601603571 -0.47014671848232403
      vertex -0.8462104233542411 -0.7946444806039143 -0.4801467184823238
    endloop
  endfacet
  facet normal -0.7705132427757895 -0.6374239897486894 0
    outer loop
      vertex -1.183199869408463 -0.8596450242556375 -0.23567649757025189
      vertex -1.0661278944260828 -1.0011607320616838 -0.15432350242974824
      vertex -1.183199869408463 -0.8596450242556375 -0.16432350242974803
    endloop
  endfacet
  facet normal -0.7705132427757895 -0.6374239897486895 0
    outer loop
      vertex -1.183199869408463 -0.8596450242556375 -0.23567649757025189
      vertex -1.0661278944260828 -1.0011607320616838 -0.22567649757025166
      vertex -1.0661278944260828 -1.0011607320616838 -0.15432350242974824
    endloop
  endfacet
  facet normal -0.8443279255020154 -0.5358267949789962 0
    outer loop
      vertex -1.183199869408463 -0.8596450242556375 -0.16432350242974803
      vertex -1.28161207564093 -0.7045722008900338 -0.1743235024297478
      vertex -1.28161207564093 -0.7045722008900338 -0.24567649757025212
    endloop
  endfacet
  facet normal -0.8443279255020153 -0.5358267949789961 0
    outer loop
      vertex -1.183199869408463 -0.8596450242556375 -0.23567649757025189
      vertex -1.183199869408463 -0.8596450242556375 -0.16432350242974803
      vertex -1.28161207564093 -0.7045722008900338 -0.24567649757025212
    endloop
  endfacet
  facet normal -0.44937946042043525 -0.22951067127057967 0.8633556349067087
    outer loop
      vertex -1.183199869408463 -0.8596450242556375 -0.16432350242974803
      vertex -0.9391331637034062 -0.6823201828907451 0.009853281517676171
      vertex -1.28161207564093 -0.7045722008900338 -0.1743235024297478
    endloop
  endfacet
  facet normal -0.2572745541731552 -0.43408161841966825 -0.8633556349067084
    outer loop
      vertex -0.9322424456746691 -1.126887537058686 -0.21567649757025187
      vertex -0.7399424391271748 -0.8944367601603571 -0.3898532815176763
      vertex -0.7836549766603231 -1.234842652426287 -0.20567649757025208
    endloop
  endfacet
  facet normal -0.6845471059286891 -0.7289686274214111 0
    outer loop
      vertex -0.9322424456746691 -1.126887537058686 -0.21567649757025187
      vertex -0.9322424456746691 -1.126887537058686 -0.144323502429748
      vertex -1.0661278944260828 -1.0011607320616838 -0.22567649757025166
    endloop
  endfacet
  facet normal -0.48175367410171493 -0.8763066800438638 0
    outer loop
      vertex -0.7836549766603231 -1.234842652426287 -0.20567649757025208
      vertex -0.6227088005312512 -1.3233235615058812 -0.12432350242974799
      vertex -0.7836549766603231 -1.234842652426287 -0.13432350242974778
    endloop
  endfacet
  facet normal -0.5877852522924729 -0.8090169943749476 0
    outer loop
      vertex -0.9322424456746691 -1.126887537058686 -0.21567649757025187
      vertex -0.7836549766603231 -1.234842652426287 -0.20567649757025208
      vertex -0.7836549766603231 -1.234842652426287 -0.13432350242974778
    endloop
  endfacet
  facet normal -0.5877852522924729 -0.8090169943749477 0
    outer loop
      vertex -0.9322424456746691 -1.126887537058686 -0.21567649757025187
      vertex -0.7836549766603231 -1.234842652426287 -0.13432350242974778
      vertex -0.9322424456746691 -1.126887537058686 -0.144323502429748
    endloop
  endfacet
  facet normal -0.33333394234222974 -0.37882123826076664 0.863355634906709
    outer loop
      vertex -0.9322424456746691 -1.126887537058686 -0.144323502429748
      vertex -0.7836549766603231 -1.234842652426287 -0.13432350242974778
      vertex -0.6220051206148859 -0.9801232376984489 0.0398532815176762
    endloop
  endfacet
  facet normal -0.30965072033667923 -0.3984137034161975 -0.8633556349067085
    outer loop
      vertex -0.9322424456746691 -1.126887537058686 -0.21567649757025187
      vertex -1.0661278944260828 -1.0011607320616838 -0.22567649757025166
      vertex -0.8462104233542411 -0.7946444806039143 -0.3998532815176761
    endloop
  endfacet
  facet normal -0.35714350966411684 -0.35646256630904494 -0.8633556349067089
    outer loop
      vertex -1.183199869408463 -0.8596450242556375 -0.23567649757025189
      vertex -0.9391331637034062 -0.6823201828907451 -0.40985328151767586
      vertex -1.0661278944260828 -1.0011607320616838 -0.22567649757025166
    endloop
  endfacet
  facet normal -0.3451351858750552 -0.362590757720345 -0.8656844955795253
    outer loop
      vertex -0.8462104233542411 -0.7946444806039143 -0.3998532815176761
      vertex -1.0661278944260828 -1.0011607320616838 -0.22567649757025166
      vertex -0.9391331637034062 -0.6823201828907451 -0.40985328151767586
    endloop
  endfacet
  facet normal -0.29696901972192546 -0.40298853015764796 -0.8656844955795252
    outer loop
      vertex -0.9322424456746691 -1.126887537058686 -0.21567649757025187
      vertex -0.8462104233542411 -0.7946444806039143 -0.3998532815176761
      vertex -0.7399424391271748 -0.8944367601603571 -0.3898532815176763
    endloop
  endfacet
  facet normal -0.7705132427757898 -0.6374239897486891 0
    outer loop
      vertex -0.8462104233542411 -0.7946444806039143 -0.4801467184823238
      vertex -0.8462104233542411 -0.7946444806039143 -0.3998532815176761
      vertex -0.9391331637034062 -0.6823201828907451 -0.49014671848232405
    endloop
  endfacet
  facet normal -0.6845471059286892 -0.728968627421411 0
    outer loop
      vertex -0.8462104233542411 -0.7946444806039143 -0.4801467184823238
      vertex -0.7399424391271748 -0.8944367601603571 -0.47014671848232403
      vertex -0.7399424391271748 -0.8944367601603571 -0.3898532815176763
    endloop
  endfacet
  facet normal -0.6845471059286892 -0.728968627421411 0
    outer loop
      vertex -0.8462104233542411 -0.7946444806039143 -0.4801467184823238
      vertex -0.7399424391271748 -0.8944367601603571 -0.3898532815176763
      vertex -0.8462104233542411 -0.7946444806039143 -0.3998532815176761
    endloop
  endfacet
  facet normal -0.6845471059286891 -0.728968627421411 0
    outer loop
      vertex -0.9322424456746691 -1.126887537058686 -0.144323502429748
      vertex -1.0661278944260828 -1.0011607320616838 -0.15432350242974824
      vertex -1.0661278944260828 -1.0011607320616838 -0.22567649757025166
    endloop
  endfacet
  facet normal -0.3781843953788948 -0.3340562987981724 0.8633556349067089
    outer loop
      vertex -0.9322424456746691 -1.126887537058686 -0.144323502429748
      vertex -0.7399424391271748 -0.8944367601603571 0.02985328151767619
      vertex -1.0661278944260828 -1.0011607320616838 -0.15432350242974824
    endloop
  endfacet
  facet normal -0.41707065458402587 -0.2840230919479724 0.8633556349067085
    outer loop
      vertex -1.183199869408463 -0.8596450242556375 -0.16432350242974803
      vertex -1.0661278944260828 -1.0011607320616838 -0.15432350242974824
      vertex -0.8462104233542411 -0.7946444806039143 0.01985328151767618
    endloop
  endfacet
  facet normal -0.42084016337980673 -0.27107916002466875 0.8656844955795255
    outer loop
      vertex -1.183199869408463 -0.8596450242556375 -0.16432350242974803
      vertex -0.8462104233542411 -0.7946444806039143 0.01985328151767618
      vertex -0.9391331637034062 -0.6823201828907451 0.009853281517676171
    endloop
  endfacet
  facet normal -0.34020405005702387 -0.3672214024781512 0.8656844955795255
    outer loop
      vertex -0.9322424456746691 -1.126887537058686 -0.144323502429748
      vertex -0.6220051206148859 -0.9801232376984489 0.0398532815176762
      vertex -0.7399424391271748 -0.8944367601603571 0.02985328151767619
    endloop
  endfacet
  facet normal -0.38354648531490604 -0.32168687837057564 0.8656844955795252
    outer loop
      vertex -1.0661278944260828 -1.0011607320616838 -0.15432350242974824
      vertex -0.7399424391271748 -0.8944367601603571 0.02985328151767619
      vertex -0.8462104233542411 -0.7946444806039143 0.01985328151767618
    endloop
  endfacet
  facet normal -0.46328626014465035 -0.19995721751419104 -0.8633556349067085
    outer loop
      vertex -1.359812493842596 -0.5383878530253624 -0.7556764975702519
      vertex -1.4165678567037543 -0.3637128071011676 -0.7656764975702517
      vertex -1.1243627448436522 -0.2886872860991233 -0.9398532815176761
    endloop
  endfacet
  facet normal -0.43457182496093677 -0.2564456601796084 -0.8633556349067085
    outer loop
      vertex -1.359812493842596 -0.5383878530253624 -0.7556764975702519
      vertex -1.07931469771398 -0.4273309191320104 -0.9298532815176763
      vertex -1.28161207564093 -0.7045722008900338 -0.7456764975702521
    endloop
  endfacet
  facet normal -0.39900393249696253 -0.3088898015907821 -0.863355634906709
    outer loop
      vertex -1.183199869408463 -0.8596450242556375 -0.7356764975702519
      vertex -1.28161207564093 -0.7045722008900338 -0.7456764975702521
      vertex -1.0172452130500098 -0.5592352882950686 -0.9198532815176761
    endloop
  endfacet
  facet normal -0.4244647839760678 -0.26536767187691146 -0.8656844955795259
    outer loop
      vertex -1.28161207564093 -0.7045722008900338 -0.7456764975702521
      vertex -1.07931469771398 -0.4273309191320104 -0.9298532815176763
      vertex -1.0172452130500098 -0.5592352882950686 -0.9198532815176761
    endloop
  endfacet
  facet normal -0.4543771407726977 -0.21007562461278306 -0.8656844955795253
    outer loop
      vertex -1.359812493842596 -0.5383878530253624 -0.7556764975702519
      vertex -1.1243627448436522 -0.2886872860991233 -0.9398532815176761
      vertex -1.07931469771398 -0.4273309191320104 -0.9298532815176763
    endloop
  endfacet
  facet normal -0.9510565162951538 -0.30901699437494706 0
    outer loop
      vertex -1.1243627448436522 -0.2886872860991233 -1.0201467184823239
      vertex -1.07931469771398 -0.4273309191320104 -1.010146718482324
      vertex -1.07931469771398 -0.4273309191320104 -0.9298532815176763
    endloop
  endfacet
  facet normal -0.9048270524660192 -0.4257792915650734 0
    outer loop
      vertex -1.359812493842596 -0.5383878530253624 -0.7556764975702519
      vertex -1.28161207564093 -0.7045722008900338 -0.7456764975702521
      vertex -1.28161207564093 -0.7045722008900338 -0.6743235024297478
    endloop
  endfacet
  facet normal -0.9048270524660192 -0.4257792915650733 0
    outer loop
      vertex -1.359812493842596 -0.5383878530253624 -0.7556764975702519
      vertex -1.28161207564093 -0.7045722008900338 -0.6743235024297478
      vertex -1.359812493842596 -0.5383878530253624 -0.684323502429748
    endloop
  endfacet
  facet normal -0.9510565162951536 -0.30901699437494745 0
    outer loop
      vertex -1.359812493842596 -0.5383878530253624 -0.7556764975702519
      vertex -1.359812493842596 -0.5383878530253624 -0.684323502429748
      vertex -1.4165678567037543 -0.3637128071011676 -0.7656764975702517
    endloop
  endfacet
  facet normal -0.9510565162951535 -0.30901699437494745 0
    outer loop
      vertex -1.4165678567037543 -0.3637128071011676 -0.7656764975702517
      vertex -1.359812493842596 -0.5383878530253624 -0.684323502429748
      vertex -1.4165678567037543 -0.3637128071011676 -0.6943235024297483
    endloop
  endfacet
  facet normal -0.49233836126171454 -0.11054404418584894 0.8633556349067089
    outer loop
      vertex -1.359812493842596 -0.5383878530253624 -0.684323502429748
      vertex -1.07931469771398 -0.4273309191320104 -0.5101467184823241
      vertex -1.4165678567037543 -0.3637128071011676 -0.6943235024297483
    endloop
  endfacet
  facet normal -0.47460128371973737 -0.1713787302042197 0.863355634906709
    outer loop
      vertex -1.28161207564093 -0.7045722008900338 -0.6743235024297478
      vertex -1.0172452130500098 -0.5592352882950686 -0.5001467184823238
      vertex -1.359812493842596 -0.5383878530253624 -0.684323502429748
    endloop
  endfacet
  facet normal -0.47503334149558096 -0.1579040169874242 0.8656844955795258
    outer loop
      vertex -1.359812493842596 -0.5383878530253624 -0.684323502429748
      vertex -1.0172452130500098 -0.5592352882950686 -0.5001467184823238
      vertex -1.07931469771398 -0.4273309191320104 -0.5101467184823241
    endloop
  endfacet
  facet normal -0.48469439425208455 -0.1403153300799251 -0.8633556349067089
    outer loop
      vertex -1.4509830982480747 -0.1833017929374873 -0.7756764975702519
      vertex -1.1516789198253932 -0.14549088211102693 -0.9498532815176759
      vertex -1.4165678567037543 -0.3637128071011676 -0.7656764975702517
    endloop
  endfacet
  facet normal -0.4984586082197683 -0.0784605860699816 -0.8633556349067089
    outer loop
      vertex -1.4509830982480747 -0.1833017929374873 -0.7756764975702519
      vertex -1.462515469557734 0 -0.7856764975702522
      vertex -1.1608324302618482 0 -0.9598532815176761
    endloop
  endfacet
  facet normal -0.47712369862759224 -0.15147055925541872 -0.8656844955795254
    outer loop
      vertex -1.4165678567037543 -0.3637128071011676 -0.7656764975702517
      vertex -1.1516789198253932 -0.14549088211102693 -0.9498532815176759
      vertex -1.1243627448436522 -0.2886872860991233 -0.9398532815176761
    endloop
  endfacet
  facet normal -0.9510565162951536 -0.309016994374947 0
    outer loop
      vertex -1.1243627448436522 -0.2886872860991233 -1.0201467184823239
      vertex -1.07931469771398 -0.4273309191320104 -0.9298532815176763
      vertex -1.1243627448436522 -0.2886872860991233 -0.9398532815176761
    endloop
  endfacet
  facet normal -0.9822872507286885 -0.1873813145857256 0
    outer loop
      vertex -1.1243627448436522 -0.2886872860991233 -1.0201467184823239
      vertex -1.1243627448436522 -0.2886872860991233 -0.9398532815176761
      vertex -1.1516789198253932 -0.14549088211102693 -1.0301467184823236
    endloop
  endfacet
  facet normal -0.9822872507286885 -0.1873813145857256 0
    outer loop
      vertex -1.1516789198253932 -0.14549088211102693 -1.0301467184823236
      vertex -1.1243627448436522 -0.2886872860991233 -0.9398532815176761
      vertex -1.1516789198253932 -0.14549088211102693 -0.9498532815176759
    endloop
  endfacet
  facet normal -0.49234573073524673 -0.09047671269447173 -0.8656844955795258
    outer loop
      vertex -1.4509830982480747 -0.1833017929374873 -0.7756764975702519
      vertex -1.1608324302618482 0 -0.9598532815176761
      vertex -1.1516789198253932 -0.14549088211102693 -0.9498532815176759
    endloop
  endfacet
  facet normal -0.9980267284282716 -0.0627905195293122 0
    outer loop
      vertex -1.1516789198253932 -0.14549088211102693 -0.9498532815176759
      vertex -1.1608324302618482 0 -0.9598532815176761
      vertex -1.1608324302618482 0 -1.0401467184823239
    endloop
  endfacet
  facet normal -0.9822872507286886 -0.18738131458572488 0
    outer loop
      vertex -1.4509830982480747 -0.1833017929374873 -0.7756764975702519
      vertex -1.4165678567037543 -0.3637128071011676 -0.7656764975702517
      vertex -1.4165678567037543 -0.3637128071011676 -0.6943235024297483
    endloop
  endfacet
  facet normal -0.9822872507286887 -0.18738131458572485 0
    outer loop
      vertex -1.4509830982480747 -0.1833017929374873 -0.7756764975702519
      vertex -1.4165678567037543 -0.3637128071011676 -0.6943235024297483
      vertex -1.4509830982480747 -0.1833017929374873 -0.7043235024297481
    endloop
  endfacet
  facet normal -0.5023109687379136 -0.04796601255485921 0.8633556349067086
    outer loop
      vertex -1.4509830982480747 -0.1833017929374873 -0.7043235024297481
      vertex -1.4165678567037543 -0.3637128071011676 -0.6943235024297483
      vertex -1.1243627448436522 -0.2886872860991233 -0.5201467184823239
    endloop
  endfacet
  facet normal -0.5043618321710879 0.015368471747630709 0.8633556349067085
    outer loop
      vertex -1.4509830982480747 -0.1833017929374873 -0.7043235024297481
      vertex -1.1516789198253932 -0.14549088211102693 -0.5301467184823236
      vertex -1.462515469557734 0 -0.7143235024297478
    endloop
  endfacet
  facet normal -0.49107818275413384 -0.09712143190933893 0.8656844955795253
    outer loop
      vertex -1.4165678567037543 -0.3637128071011676 -0.6943235024297483
      vertex -1.07931469771398 -0.4273309191320104 -0.5101467184823241
      vertex -1.1243627448436522 -0.2886872860991233 -0.5201467184823239
    endloop
  endfacet
  facet normal -0.499378427714767 -0.0348071838325112 0.8656844955795252
    outer loop
      vertex -1.4509830982480747 -0.1833017929374873 -0.7043235024297481
      vertex -1.1243627448436522 -0.2886872860991233 -0.5201467184823239
      vertex -1.1516789198253932 -0.14549088211102693 -0.5301467184823236
    endloop
  endfacet
  facet normal -0.9822872507286885 -0.1873813145857256 0
    outer loop
      vertex -1.1243627448436522 -0.2886872860991233 -0.5201467184823239
      vertex -1.1243627448436522 -0.2886872860991233 -0.4398532815176761
      vertex -1.1516789198253932 -0.14549088211102693 -0.5301467184823236
    endloop
  endfacet
  facet normal -0.49980317655612416 0.028055994326164083 0.8656844955795258
    outer loop
      vertex -1.1516789198253932 -0.14549088211102693 -0.5301467184823236
      vertex -1.1608324302618482 0 -0.5401467184823239
      vertex -1.462515469557734 0 -0.7143235024297478
    endloop
  endfacet
  facet normal -0.9980267284282716 -0.0627905195293122 0
    outer loop
      vertex -1.1516789198253932 -0.14549088211102693 -0.5301467184823236
      vertex -1.1516789198253932 -0.14549088211102693 -0.4498532815176759
      vertex -1.1608324302618482 0 -0.5401467184823239
    endloop
  endfacet
  facet normal -0.8443279255020153 -0.5358267949789962 0
    outer loop
      vertex -1.0172452130500098 -0.5592352882950686 -1.0001467184823238
      vertex -0.9391331637034062 -0.6823201828907451 -0.990146718482324
      vertex -0.9391331637034062 -0.6823201828907451 -0.9098532815176759
    endloop
  endfacet
  facet normal -0.7705132427757898 -0.6374239897486891 0
    outer loop
      vertex -0.8462104233542411 -0.7946444806039143 -0.8998532815176761
      vertex -0.9391331637034062 -0.6823201828907451 -0.9098532815176759
      vertex -0.9391331637034062 -0.6823201828907451 -0.990146718482324
    endloop
  endfacet
  facet normal -0.8443279255020152 -0.5358267949789961 0
    outer loop
      vertex -1.0172452130500098 -0.5592352882950686 -1.0001467184823238
      vertex -0.9391331637034062 -0.6823201828907451 -0.9098532815176759
      vertex -1.0172452130500098 -0.5592352882950686 -0.9198532815176761
    endloop
  endfacet
  facet normal -0.38785836397316675 -0.3164747124325741 -0.8656844955795258
    outer loop
      vertex -1.183199869408463 -0.8596450242556375 -0.7356764975702519
      vertex -1.0172452130500098 -0.5592352882950686 -0.9198532815176761
      vertex -0.9391331637034062 -0.6823201828907451 -0.9098532815176759
    endloop
  endfacet
  facet normal -0.9048270524660189 -0.425779291565074 0
    outer loop
      vertex -1.0172452130500098 -0.5592352882950686 -1.0001467184823238
      vertex -1.0172452130500098 -0.5592352882950686 -0.9198532815176761
      vertex -1.07931469771398 -0.4273309191320104 -1.010146718482324
    endloop
  endfacet
  facet normal -0.9048270524660189 -0.425779291565074 0
    outer loop
      vertex -1.07931469771398 -0.4273309191320104 -1.010146718482324
      vertex -1.0172452130500098 -0.5592352882950686 -0.9198532815176761
      vertex -1.07931469771398 -0.4273309191320104 -0.9298532815176763
    endloop
  endfacet
  facet normal -0.45149694067047924 -0.21619636139033344 0.8656844955795259
    outer loop
      vertex -1.28161207564093 -0.7045722008900338 -0.6743235024297478
      vertex -0.9391331637034062 -0.6823201828907451 -0.49014671848232405
      vertex -1.0172452130500098 -0.5592352882950686 -0.5001467184823238
    endloop
  endfacet
  facet normal -0.46328626014465035 -0.19995721751419104 -0.8633556349067085
    outer loop
      vertex -1.359812493842596 -0.5383878530253624 -0.2556764975702519
      vertex -1.4165678567037543 -0.3637128071011676 -0.2656764975702517
      vertex -1.1243627448436522 -0.2886872860991233 -0.4398532815176761
    endloop
  endfacet
  facet normal -0.43457182496093677 -0.2564456601796084 -0.8633556349067085
    outer loop
      vertex -1.28161207564093 -0.7045722008900338 -0.24567649757025212
      vertex -1.359812493842596 -0.5383878530253624 -0.2556764975702519
      vertex -1.07931469771398 -0.4273309191320104 -0.4298532815176763
    endloop
  endfacet
  facet normal -0.39900393249696253 -0.3088898015907821 -0.863355634906709
    outer loop
      vertex -1.183199869408463 -0.8596450242556375 -0.23567649757025189
      vertex -1.28161207564093 -0.7045722008900338 -0.24567649757025212
      vertex -1.0172452130500098 -0.5592352882950686 -0.4198532815176761
    endloop
  endfacet
  facet normal -0.4244647839760678 -0.26536767187691146 -0.8656844955795259
    outer loop
      vertex -1.28161207564093 -0.7045722008900338 -0.24567649757025212
      vertex -1.07931469771398 -0.4273309191320104 -0.4298532815176763
      vertex -1.0172452130500098 -0.5592352882950686 -0.4198532815176761
    endloop
  endfacet
  facet normal -0.4543771407726977 -0.21007562461278306 -0.8656844955795253
    outer loop
      vertex -1.359812493842596 -0.5383878530253624 -0.2556764975702519
      vertex -1.1243627448436522 -0.2886872860991233 -0.4398532815176761
      vertex -1.07931469771398 -0.4273309191320104 -0.4298532815176763
    endloop
  endfacet
  facet normal -0.9510565162951538 -0.30901699437494706 0
    outer loop
      vertex -1.1243627448436522 -0.2886872860991233 -0.5201467184823239
      vertex -1.07931469771398 -0.4273309191320104 -0.5101467184823241
      vertex -1.07931469771398 -0.4273309191320104 -0.4298532815176763
    endloop
  endfacet
  facet normal -0.9048270524660192 -0.4257792915650734 0
    outer loop
      vertex -1.28161207564093 -0.7045722008900338 -0.24567649757025212
      vertex -1.28161207564093 -0.7045722008900338 -0.1743235024297478
      vertex -1.359812493842596 -0.5383878530253624 -0.2556764975702519
    endloop
  endfacet
  facet normal -0.9048270524660192 -0.4257792915650733 0
    outer loop
      vertex -1.359812493842596 -0.5383878530253624 -0.2556764975702519
      vertex -1.28161207564093 -0.7045722008900338 -0.1743235024297478
      vertex -1.359812493842596 -0.5383878530253624 -0.18432350242974804
    endloop
  endfacet
  facet normal -0.9510565162951536 -0.30901699437494745 0
    outer loop
      vertex -1.359812493842596 -0.5383878530253624 -0.2556764975702519
      vertex -1.359812493842596 -0.5383878530253624 -0.18432350242974804
      vertex -1.4165678567037543 -0.3637128071011676 -0.2656764975702517
    endloop
  endfacet
  facet normal -0.9510565162951535 -0.30901699437494745 0
    outer loop
      vertex -1.4165678567037543 -0.3637128071011676 -0.2656764975702517
      vertex -1.359812493842596 -0.5383878530253624 -0.18432350242974804
      vertex -1.4165678567037543 -0.3637128071011676 -0.19432350242974827
    endloop
  endfacet
  facet normal -0.49233836126171454 -0.11054404418584894 0.8633556349067089
    outer loop
      vertex -1.359812493842596 -0.5383878530253624 -0.18432350242974804
      vertex -1.07931469771398 -0.4273309191320104 -0.010146718482324069
      vertex -1.4165678567037543 -0.3637128071011676 -0.19432350242974827
    endloop
  endfacet
  facet normal -0.47460128371973737 -0.1713787302042197 0.863355634906709
    outer loop
      vertex -1.28161207564093 -0.7045722008900338 -0.1743235024297478
      vertex -1.0172452130500098 -0.5592352882950686 -0.00014671848232383766
      vertex -1.359812493842596 -0.5383878530253624 -0.18432350242974804
    endloop
  endfacet
  facet normal -0.47503334149558096 -0.1579040169874242 0.8656844955795258
    outer loop
      vertex -1.359812493842596 -0.5383878530253624 -0.18432350242974804
      vertex -1.0172452130500098 -0.5592352882950686 -0.00014671848232383766
      vertex -1.07931469771398 -0.4273309191320104 -0.010146718482324069
    endloop
  endfacet
  facet normal -0.48469439425208455 -0.1403153300799251 -0.8633556349067089
    outer loop
      vertex -1.4509830982480747 -0.1833017929374873 -0.2756764975702519
      vertex -1.1516789198253932 -0.14549088211102693 -0.4498532815176759
      vertex -1.4165678567037543 -0.3637128071011676 -0.2656764975702517
    endloop
  endfacet
  facet normal -0.4984586082197683 -0.0784605860699816 -0.8633556349067089
    outer loop
      vertex -1.4509830982480747 -0.1833017929374873 -0.2756764975702519
      vertex -1.462515469557734 0 -0.28567649757025215
      vertex -1.1608324302618482 0 -0.4598532815176761
    endloop
  endfacet
  facet normal -0.47712369862759224 -0.15147055925541872 -0.8656844955795254
    outer loop
      vertex -1.4165678567037543 -0.3637128071011676 -0.2656764975702517
      vertex -1.1516789198253932 -0.14549088211102693 -0.4498532815176759
      vertex -1.1243627448436522 -0.2886872860991233 -0.4398532815176761
    endloop
  endfacet
  facet normal -0.9510565162951536 -0.309016994374947 0
    outer loop
      vertex -1.1243627448436522 -0.2886872860991233 -0.5201467184823239
      vertex -1.07931469771398 -0.4273309191320104 -0.4298532815176763
      vertex -1.1243627448436522 -0.2886872860991233 -0.4398532815176761
    endloop
  endfacet
  facet normal -0.9822872507286885 -0.1873813145857256 0
    outer loop
      vertex -1.1516789198253932 -0.14549088211102693 -0.5301467184823236
      vertex -1.1243627448436522 -0.2886872860991233 -0.4398532815176761
      vertex -1.1516789198253932 -0.14549088211102693 -0.4498532815176759
    endloop
  endfacet
  facet normal -0.49234573073524673 -0.09047671269447173 -0.8656844955795258
    outer loop
      vertex -1.4509830982480747 -0.1833017929374873 -0.2756764975702519
      vertex -1.1608324302618482 0 -0.4598532815176761
      vertex -1.1516789198253932 -0.14549088211102693 -0.4498532815176759
    endloop
  endfacet
  facet normal -0.9980267284282716 -0.0627905195293122 0
    outer loop
      vertex -1.1516789198253932 -0.14549088211102693 -0.4498532815176759
      vertex -1.1608324302618482 0 -0.4598532815176761
      vertex -1.1608324302618482 0 -0.5401467184823239
    endloop
  endfacet
  facet normal -0.9822872507286886 -0.18738131458572488 0
    outer loop
      vertex -1.4509830982480747 -0.1833017929374873 -0.2756764975702519
      vertex -1.4165678567037543 -0.3637128071011676 -0.2656764975702517
      vertex -1.4165678567037543 -0.3637128071011676 -0.19432350242974827
    endloop
  endfacet
  facet normal -0.9822872507286887 -0.18738131458572485 0
    outer loop
      vertex -1.4509830982480747 -0.1833017929374873 -0.2756764975702519
      vertex -1.4165678567037543 -0.3637128071011676 -0.19432350242974827
      vertex -1.4509830982480747 -0.1833017929374873 -0.20432350242974806
    endloop
  endfacet
  facet normal -0.5023109687379136 -0.04796601255485921 0.8633556349067086
    outer loop
      vertex -1.4509830982480747 -0.1833017929374873 -0.20432350242974806
      vertex -1.4165678567037543 -0.3637128071011676 -0.19432350242974827
      vertex -1.1243627448436522 -0.2886872860991233 -0.020146718482323855
    endloop
  endfacet
  facet normal -0.5043618321710879 0.015368471747630709 0.8633556349067085
    outer loop
      vertex -1.4509830982480747 -0.1833017929374873 -0.20432350242974806
      vertex -1.1516789198253932 -0.14549088211102693 -0.030146718482323642
      vertex -1.462515469557734 0 -0.21432350242974785
    endloop
  endfacet
  facet normal -0.49107818275413384 -0.09712143190933893 0.8656844955795253
    outer loop
      vertex -1.4165678567037543 -0.3637128071011676 -0.19432350242974827
      vertex -1.07931469771398 -0.4273309191320104 -0.010146718482324069
      vertex -1.1243627448436522 -0.2886872860991233 -0.020146718482323855
    endloop
  endfacet
  facet normal -0.499378427714767 -0.0348071838325112 0.8656844955795252
    outer loop
      vertex -1.4509830982480747 -0.1833017929374873 -0.20432350242974806
      vertex -1.1243627448436522 -0.2886872860991233 -0.020146718482323855
      vertex -1.1516789198253932 -0.14549088211102693 -0.030146718482323642
    endloop
  endfacet
  facet normal -0.49980317655612416 0.028055994326164083 0.8656844955795258
    outer loop
      vertex -1.1516789198253932 -0.14549088211102693 -0.030146718482323642
      vertex -1.1608324302618482 0 -0.04014671848232387
      vertex -1.462515469557734 0 -0.21432350242974785
    endloop
  endfacet
  facet normal -0.8443279255020153 -0.5358267949789962 0
    outer loop
      vertex -1.0172452130500098 -0.5592352882950686 -0.5001467184823238
      vertex -0.9391331637034062 -0.6823201828907451 -0.49014671848232405
      vertex -0.9391331637034062 -0.6823201828907451 -0.40985328151767586
    endloop
  endfacet
  facet normal -0.7705132427757898 -0.6374239897486891 0
    outer loop
      vertex -0.8462104233542411 -0.7946444806039143 -0.3998532815176761
      vertex -0.9391331637034062 -0.6823201828907451 -0.40985328151767586
      vertex -0.9391331637034062 -0.6823201828907451 -0.49014671848232405
    endloop
  endfacet
  facet normal -0.8443279255020152 -0.5358267949789961 0
    outer loop
      vertex -1.0172452130500098 -0.5592352882950686 -0.5001467184823238
      vertex -0.9391331637034062 -0.6823201828907451 -0.40985328151767586
      vertex -1.0172452130500098 -0.5592352882950686 -0.4198532815176761
    endloop
  endfacet
  facet normal -0.38785836397316675 -0.3164747124325741 -0.8656844955795258
    outer loop
      vertex -1.183199869408463 -0.8596450242556375 -0.23567649757025189
      vertex -1.0172452130500098 -0.5592352882950686 -0.4198532815176761
      vertex -0.9391331637034062 -0.6823201828907451 -0.40985328151767586
    endloop
  endfacet
  facet normal -0.9048270524660189 -0.425779291565074 0
    outer loop
      vertex -1.0172452130500098 -0.5592352882950686 -0.5001467184823238
      vertex -1.0172452130500098 -0.5592352882950686 -0.4198532815176761
      vertex -1.07931469771398 -0.4273309191320104 -0.5101467184823241
    endloop
  endfacet
  facet normal -0.9048270524660189 -0.425779291565074 0
    outer loop
      vertex -1.07931469771398 -0.4273309191320104 -0.5101467184823241
      vertex -1.0172452130500098 -0.5592352882950686 -0.4198532815176761
      vertex -1.07931469771398 -0.4273309191320104 -0.4298532815176763
    endloop
  endfacet
  facet normal -0.4514969406704798 -0.21619636139033233 0.8656844955795258
    outer loop
      vertex -1.28161207564093 -0.7045722008900338 -0.1743235024297478
      vertex -0.9391331637034062 -0.6823201828907451 0.009853281517676171
      vertex -1.0172452130500098 -0.5592352882950686 -0.00014671848232383766
    endloop
  endfacet
  facet normal -0.20084101460194978 -0.46290380699287076 -0.8633556349067091
    outer loop
      vertex -0.7836549766603231 -1.234842652426287 -0.7056764975702521
      vertex -0.6220051206148859 -0.9801232376984489 -0.8798532815176761
      vertex -0.6227088005312512 -1.3233235615058812 -0.6956764975702519
    endloop
  endfacet
  facet normal -0.18742001978589315 -0.46418109644477906 -0.8656844955795259
    outer loop
      vertex -0.6227088005312512 -1.3233235615058812 -0.6956764975702519
      vertex -0.6220051206148859 -0.9801232376984489 -0.8798532815176761
      vertex -0.494258409782651 -1.0503525862807943 -0.8698532815176758
    endloop
  endfacet
  facet normal -0.368124552684679 -0.9297764858882509 0
    outer loop
      vertex -0.494258409782651 -1.0503525862807943 -0.950146718482324
      vertex -0.3587169485724821 -1.1040172471272702 -0.9401467184823238
      vertex -0.3587169485724821 -1.1040172471272702 -0.859853281517676
    endloop
  endfacet
  facet normal -0.14124009225386863 -0.4844257260044637 -0.8633556349067092
    outer loop
      vertex -0.6227088005312512 -1.3233235615058812 -0.6956764975702519
      vertex -0.494258409782651 -1.0503525862807943 -0.8698532815176758
      vertex -0.45194213462959587 -1.3909348675053492 -0.6856764975702521
    endloop
  endfacet
  facet normal -0.1277648391733901 -0.4840108469695898 -0.8656844955795258
    outer loop
      vertex -0.45194213462959587 -1.3909348675053492 -0.6856764975702521
      vertex -0.494258409782651 -1.0503525862807943 -0.8698532815176758
      vertex -0.3587169485724821 -1.1040172471272702 -0.859853281517676
    endloop
  endfacet
  facet normal -0.48175367410171493 -0.8763066800438638 0
    outer loop
      vertex -0.7836549766603231 -1.234842652426287 -0.7056764975702521
      vertex -0.6227088005312512 -1.3233235615058812 -0.6956764975702519
      vertex -0.6227088005312512 -1.3233235615058812 -0.624323502429748
    endloop
  endfacet
  facet normal -0.36812455268467775 -0.9297764858882516 0
    outer loop
      vertex -0.6227088005312512 -1.3233235615058812 -0.6956764975702519
      vertex -0.45194213462959587 -1.3909348675053492 -0.6143235024297482
      vertex -0.6227088005312512 -1.3233235615058812 -0.624323502429748
    endloop
  endfacet
  facet normal -0.28322661391078086 -0.4176119404991512 0.8633556349067093
    outer loop
      vertex -0.7836549766603231 -1.234842652426287 -0.6343235024297478
      vertex -0.6227088005312512 -1.3233235615058812 -0.624323502429748
      vertex -0.494258409782651 -1.0503525862807943 -0.450146718482324
    endloop
  endfacet
  facet normal -0.2914963937016925 -0.4069646257012146 0.8656844955795259
    outer loop
      vertex -0.7836549766603231 -1.234842652426287 -0.6343235024297478
      vertex -0.494258409782651 -1.0503525862807943 -0.450146718482324
      vertex -0.6220051206148859 -0.9801232376984489 -0.4601467184823238
    endloop
  endfacet
  facet normal -0.36812455268467775 -0.9297764858882516 0
    outer loop
      vertex -0.6227088005312512 -1.3233235615058812 -0.6956764975702519
      vertex -0.45194213462959587 -1.3909348675053492 -0.6856764975702521
      vertex -0.45194213462959587 -1.3909348675053492 -0.6143235024297482
    endloop
  endfacet
  facet normal -0.24868988716485468 -0.9685831611286312 0
    outer loop
      vertex -0.45194213462959587 -1.3909348675053492 -0.6856764975702521
      vertex -0.2740480712876868 -1.4366102997400436 -0.604323502429748
      vertex -0.45194213462959587 -1.3909348675053492 -0.6143235024297482
    endloop
  endfacet
  facet normal -0.07941172927819924 -0.49830796193506643 -0.8633556349067089
    outer loop
      vertex -0.45194213462959587 -1.3909348675053492 -0.6856764975702521
      vertex -0.3587169485724821 -1.1040172471272702 -0.859853281517676
      vertex -0.2740480712876868 -1.4366102997400436 -0.6756764975702518
    endloop
  endfacet
  facet normal -0.2286526325865835 -0.4498166529665827 0.8633556349067084
    outer loop
      vertex -0.6227088005312512 -1.3233235615058812 -0.624323502429748
      vertex -0.45194213462959587 -1.3909348675053492 -0.6143235024297482
      vertex -0.3587169485724821 -1.1040172471272702 -0.4401467184823238
    endloop
  endfacet
  facet normal -0.23819166508618572 -0.4402897736680833 0.8656844955795259
    outer loop
      vertex -0.6227088005312512 -1.3233235615058812 -0.624323502429748
      vertex -0.3587169485724821 -1.1040172471272702 -0.4401467184823238
      vertex -0.494258409782651 -1.0503525862807943 -0.450146718482324
    endloop
  endfacet
  facet normal -0.5877852522924728 -0.8090169943749476 0
    outer loop
      vertex -0.7399424391271748 -0.8944367601603571 -0.970146718482324
      vertex -0.6220051206148859 -0.9801232376984489 -0.9601467184823238
      vertex -0.6220051206148859 -0.9801232376984489 -0.8798532815176761
    endloop
  endfacet
  facet normal -0.5877852522924728 -0.8090169943749478 0
    outer loop
      vertex -0.7399424391271748 -0.8944367601603571 -0.970146718482324
      vertex -0.6220051206148859 -0.9801232376984489 -0.8798532815176761
      vertex -0.7399424391271748 -0.8944367601603571 -0.8898532815176763
    endloop
  endfacet
  facet normal -0.48175367410171394 -0.8763066800438643 0
    outer loop
      vertex -0.6220051206148859 -0.9801232376984489 -0.9601467184823238
      vertex -0.494258409782651 -1.0503525862807943 -0.8698532815176758
      vertex -0.6220051206148859 -0.9801232376984489 -0.8798532815176761
    endloop
  endfacet
  facet normal -0.24411947472708345 -0.437030932740687 -0.8656844955795258
    outer loop
      vertex -0.7836549766603231 -1.234842652426287 -0.7056764975702521
      vertex -0.7399424391271748 -0.8944367601603571 -0.8898532815176763
      vertex -0.6220051206148859 -0.9801232376984489 -0.8798532815176761
    endloop
  endfacet
  facet normal -0.481753674101714 -0.8763066800438644 0
    outer loop
      vertex -0.6220051206148859 -0.9801232376984489 -0.9601467184823238
      vertex -0.494258409782651 -1.0503525862807943 -0.950146718482324
      vertex -0.494258409782651 -1.0503525862807943 -0.8698532815176758
    endloop
  endfacet
  facet normal -0.368124552684679 -0.929776485888251 0
    outer loop
      vertex -0.494258409782651 -1.0503525862807943 -0.950146718482324
      vertex -0.3587169485724821 -1.1040172471272702 -0.859853281517676
      vertex -0.494258409782651 -1.0503525862807943 -0.8698532815176758
    endloop
  endfacet
  facet normal -0.18113051162345978 -0.46667128888784937 0.8656844955795253
    outer loop
      vertex -0.45194213462959587 -1.3909348675053492 -1.1143235024297482
      vertex -0.21751830679620687 -1.140270896478613 -0.930146718482324
      vertex -0.3587169485724821 -1.1040172471272702 -0.9401467184823238
    endloop
  endfacet
  facet normal -0.24868988716485418 -0.9685831611286313 0
    outer loop
      vertex -0.3587169485724821 -1.1040172471272702 -0.9401467184823238
      vertex -0.21751830679620687 -1.140270896478613 -0.8498532815176763
      vertex -0.3587169485724821 -1.1040172471272702 -0.859853281517676
    endloop
  endfacet
  facet normal -0.12121282179031195 -0.48569311910593504 0.8656844955795259
    outer loop
      vertex -0.2740480712876868 -1.4366102997400436 -1.104323502429748
      vertex -0.07288927138261733 -1.158541792627672 -0.9201467184823242
      vertex -0.21751830679620687 -1.140270896478613 -0.930146718482324
    endloop
  endfacet
  facet normal -0.24868988716485416 -0.9685831611286313 0
    outer loop
      vertex -0.3587169485724821 -1.1040172471272702 -0.9401467184823238
      vertex -0.21751830679620687 -1.140270896478613 -0.930146718482324
      vertex -0.21751830679620687 -1.140270896478613 -0.8498532815176763
    endloop
  endfacet
  facet normal -0.06609473072410331 -0.4962074573036273 -0.8656844955795253
    outer loop
      vertex -0.3587169485724821 -1.1040172471272702 -0.859853281517676
      vertex -0.21751830679620687 -1.140270896478613 -0.8498532815176763
      vertex -0.2740480712876868 -1.4366102997400436 -0.6756764975702518
    endloop
  endfacet
  facet normal -0.12533323356430445 -0.9921147013144778 0
    outer loop
      vertex -0.21751830679620687 -1.140270896478613 -0.930146718482324
      vertex -0.07288927138261733 -1.158541792627672 -0.839853281517676
      vertex -0.21751830679620687 -1.140270896478613 -0.8498532815176763
    endloop
  endfacet
  facet normal -0.12533323356430448 -0.9921147013144778 0
    outer loop
      vertex -0.21751830679620687 -1.140270896478613 -0.930146718482324
      vertex -0.07288927138261733 -1.158541792627672 -0.9201467184823242
      vertex -0.07288927138261733 -1.158541792627672 -0.839853281517676
    endloop
  endfacet
  facet normal -0.05938353334850282 -0.49705527869671506 0.8656844955795259
    outer loop
      vertex -0.09183210615318839 -1.4596295293584427 -1.0943235024297482
      vertex 0.07288927138261733 -1.158541792627672 -0.910146718482324
      vertex -0.07288927138261733 -1.158541792627672 -0.9201467184823242
    endloop
  endfacet
  facet normal -0.003382268888217272 -0.5005785796160176 -0.8656844955795259
    outer loop
      vertex -0.09183210615318839 -1.4596295293584427 -0.665676497570252
      vertex -0.21751830679620687 -1.140270896478613 -0.8498532815176763
      vertex -0.07288927138261733 -1.158541792627672 -0.839853281517676
    endloop
  endfacet
  facet normal 0 -1 0
    outer loop
      vertex -0.07288927138261733 -1.158541792627672 -0.9201467184823242
      vertex 0.07288927138261733 -1.158541792627672 -0.8298532815176758
      vertex -0.07288927138261733 -1.158541792627672 -0.839853281517676
    endloop
  endfacet
  facet normal -0.24868988716485466 -0.9685831611286312 0
    outer loop
      vertex -0.45194213462959587 -1.3909348675053492 -0.6856764975702521
      vertex -0.2740480712876868 -1.4366102997400436 -0.6756764975702518
      vertex -0.2740480712876868 -1.4366102997400436 -0.604323502429748
    endloop
  endfacet
  facet normal -0.01633099589354946 -0.5043315836312048 -0.8633556349067085
    outer loop
      vertex -0.09183210615318839 -1.4596295293584427 -0.665676497570252
      vertex -0.2740480712876868 -1.4366102997400436 -0.6756764975702518
      vertex -0.21751830679620687 -1.140270896478613 -0.8498532815176763
    endloop
  endfacet
  facet normal -0.1704726626560349 -0.47492748810928515 0.8633556349067089
    outer loop
      vertex -0.45194213462959587 -1.3909348675053492 -0.6143235024297482
      vertex -0.2740480712876868 -1.4366102997400436 -0.604323502429748
      vertex -0.21751830679620687 -1.140270896478613 -0.430146718482324
    endloop
  endfacet
  facet normal 0.047007287052010696 -0.5024015949803933 -0.8633556349067091
    outer loop
      vertex -0.09183210615318839 -1.4596295293584427 -0.665676497570252
      vertex -0.07288927138261733 -1.158541792627672 -0.839853281517676
      vertex 0.09183210615318839 -1.4596295293584427 -0.6556764975702518
    endloop
  endfacet
  facet normal -0.1096042369999649 -0.4925484330565763 0.8633556349067092
    outer loop
      vertex -0.09183210615318839 -1.4596295293584427 -0.5943235024297482
      vertex -0.07288927138261733 -1.158541792627672 -0.4201467184823242
      vertex -0.2740480712876868 -1.4366102997400436 -0.604323502429748
    endloop
  endfacet
  facet normal -0.20084101460194978 -0.46290380699287076 -0.8633556349067091
    outer loop
      vertex -0.7836549766603231 -1.234842652426287 -0.20567649757025208
      vertex -0.6220051206148859 -0.9801232376984489 -0.37985328151767606
      vertex -0.6227088005312512 -1.3233235615058812 -0.19567649757025185
    endloop
  endfacet
  facet normal -0.18742001978589315 -0.46418109644477906 -0.8656844955795259
    outer loop
      vertex -0.6227088005312512 -1.3233235615058812 -0.19567649757025185
      vertex -0.6220051206148859 -0.9801232376984489 -0.37985328151767606
      vertex -0.494258409782651 -1.0503525862807943 -0.3698532815176758
    endloop
  endfacet
  facet normal -0.368124552684679 -0.9297764858882509 0
    outer loop
      vertex -0.494258409782651 -1.0503525862807943 -0.450146718482324
      vertex -0.3587169485724821 -1.1040172471272702 -0.4401467184823238
      vertex -0.3587169485724821 -1.1040172471272702 -0.35985328151767604
    endloop
  endfacet
  facet normal -0.14124009225386863 -0.4844257260044637 -0.8633556349067092
    outer loop
      vertex -0.6227088005312512 -1.3233235615058812 -0.19567649757025185
      vertex -0.494258409782651 -1.0503525862807943 -0.3698532815176758
      vertex -0.45194213462959587 -1.3909348675053492 -0.18567649757025206
    endloop
  endfacet
  facet normal -0.1277648391733901 -0.4840108469695898 -0.8656844955795258
    outer loop
      vertex -0.45194213462959587 -1.3909348675053492 -0.18567649757025206
      vertex -0.494258409782651 -1.0503525862807943 -0.3698532815176758
      vertex -0.3587169485724821 -1.1040172471272702 -0.35985328151767604
    endloop
  endfacet
  facet normal -0.48175367410171493 -0.8763066800438638 0
    outer loop
      vertex -0.7836549766603231 -1.234842652426287 -0.20567649757025208
      vertex -0.6227088005312512 -1.3233235615058812 -0.19567649757025185
      vertex -0.6227088005312512 -1.3233235615058812 -0.12432350242974799
    endloop
  endfacet
  facet normal -0.36812455268467775 -0.9297764858882516 0
    outer loop
      vertex -0.6227088005312512 -1.3233235615058812 -0.19567649757025185
      vertex -0.45194213462959587 -1.3909348675053492 -0.1143235024297482
      vertex -0.6227088005312512 -1.3233235615058812 -0.12432350242974799
    endloop
  endfacet
  facet normal -0.2832266139107811 -0.4176119404991515 0.863355634906709
    outer loop
      vertex -0.7836549766603231 -1.234842652426287 -0.13432350242974778
      vertex -0.6227088005312512 -1.3233235615058812 -0.12432350242974799
      vertex -0.494258409782651 -1.0503525862807943 0.04985328151767621
    endloop
  endfacet
  facet normal -0.29149639370169367 -0.4069646257012139 0.8656844955795258
    outer loop
      vertex -0.7836549766603231 -1.234842652426287 -0.13432350242974778
      vertex -0.494258409782651 -1.0503525862807943 0.04985328151767621
      vertex -0.6220051206148859 -0.9801232376984489 0.0398532815176762
    endloop
  endfacet
  facet normal -0.36812455268467775 -0.9297764858882516 0
    outer loop
      vertex -0.6227088005312512 -1.3233235615058812 -0.19567649757025185
      vertex -0.45194213462959587 -1.3909348675053492 -0.18567649757025206
      vertex -0.45194213462959587 -1.3909348675053492 -0.1143235024297482
    endloop
  endfacet
  facet normal -0.24868988716485468 -0.9685831611286312 0
    outer loop
      vertex -0.45194213462959587 -1.3909348675053492 -0.18567649757025206
      vertex -0.2740480712876868 -1.4366102997400436 -0.10432350242974797
      vertex -0.45194213462959587 -1.3909348675053492 -0.1143235024297482
    endloop
  endfacet
  facet normal -0.07941172927819924 -0.49830796193506643 -0.8633556349067089
    outer loop
      vertex -0.45194213462959587 -1.3909348675053492 -0.18567649757025206
      vertex -0.3587169485724821 -1.1040172471272702 -0.35985328151767604
      vertex -0.2740480712876868 -1.4366102997400436 -0.17567649757025183
    endloop
  endfacet
  facet normal -0.2286526325865834 -0.4498166529665823 0.8633556349067089
    outer loop
      vertex -0.6227088005312512 -1.3233235615058812 -0.12432350242974799
      vertex -0.45194213462959587 -1.3909348675053492 -0.1143235024297482
      vertex -0.3587169485724821 -1.1040172471272702 0.059853281517675994
    endloop
  endfacet
  facet normal -0.2381916650861835 -0.4402897736680851 0.8656844955795258
    outer loop
      vertex -0.6227088005312512 -1.3233235615058812 -0.12432350242974799
      vertex -0.3587169485724821 -1.1040172471272702 0.059853281517675994
      vertex -0.494258409782651 -1.0503525862807943 0.04985328151767621
    endloop
  endfacet
  facet normal -0.5877852522924728 -0.8090169943749476 0
    outer loop
      vertex -0.7399424391271748 -0.8944367601603571 -0.47014671848232403
      vertex -0.6220051206148859 -0.9801232376984489 -0.4601467184823238
      vertex -0.6220051206148859 -0.9801232376984489 -0.37985328151767606
    endloop
  endfacet
  facet normal -0.5877852522924728 -0.8090169943749478 0
    outer loop
      vertex -0.7399424391271748 -0.8944367601603571 -0.47014671848232403
      vertex -0.6220051206148859 -0.9801232376984489 -0.37985328151767606
      vertex -0.7399424391271748 -0.8944367601603571 -0.3898532815176763
    endloop
  endfacet
  facet normal -0.48175367410171394 -0.8763066800438643 0
    outer loop
      vertex -0.6220051206148859 -0.9801232376984489 -0.4601467184823238
      vertex -0.494258409782651 -1.0503525862807943 -0.3698532815176758
      vertex -0.6220051206148859 -0.9801232376984489 -0.37985328151767606
    endloop
  endfacet
  facet normal -0.24411947472708345 -0.437030932740687 -0.8656844955795258
    outer loop
      vertex -0.7836549766603231 -1.234842652426287 -0.20567649757025208
      vertex -0.7399424391271748 -0.8944367601603571 -0.3898532815176763
      vertex -0.6220051206148859 -0.9801232376984489 -0.37985328151767606
    endloop
  endfacet
  facet normal -0.481753674101714 -0.8763066800438644 0
    outer loop
      vertex -0.6220051206148859 -0.9801232376984489 -0.4601467184823238
      vertex -0.494258409782651 -1.0503525862807943 -0.450146718482324
      vertex -0.494258409782651 -1.0503525862807943 -0.3698532815176758
    endloop
  endfacet
  facet normal -0.368124552684679 -0.929776485888251 0
    outer loop
      vertex -0.494258409782651 -1.0503525862807943 -0.450146718482324
      vertex -0.3587169485724821 -1.1040172471272702 -0.35985328151767604
      vertex -0.494258409782651 -1.0503525862807943 -0.3698532815176758
    endloop
  endfacet
  facet normal -0.18113051162345978 -0.46667128888784937 0.8656844955795253
    outer loop
      vertex -0.45194213462959587 -1.3909348675053492 -0.6143235024297482
      vertex -0.21751830679620687 -1.140270896478613 -0.430146718482324
      vertex -0.3587169485724821 -1.1040172471272702 -0.4401467184823238
    endloop
  endfacet
  facet normal -0.24868988716485418 -0.9685831611286313 0
    outer loop
      vertex -0.3587169485724821 -1.1040172471272702 -0.4401467184823238
      vertex -0.21751830679620687 -1.140270896478613 -0.34985328151767625
      vertex -0.3587169485724821 -1.1040172471272702 -0.35985328151767604
    endloop
  endfacet
  facet normal -0.12121282179031195 -0.48569311910593504 0.8656844955795259
    outer loop
      vertex -0.2740480712876868 -1.4366102997400436 -0.604323502429748
      vertex -0.07288927138261733 -1.158541792627672 -0.4201467184823242
      vertex -0.21751830679620687 -1.140270896478613 -0.430146718482324
    endloop
  endfacet
  facet normal -0.24868988716485416 -0.9685831611286313 0
    outer loop
      vertex -0.3587169485724821 -1.1040172471272702 -0.4401467184823238
      vertex -0.21751830679620687 -1.140270896478613 -0.430146718482324
      vertex -0.21751830679620687 -1.140270896478613 -0.34985328151767625
    endloop
  endfacet
  facet normal -0.06609473072410331 -0.4962074573036273 -0.8656844955795253
    outer loop
      vertex -0.3587169485724821 -1.1040172471272702 -0.35985328151767604
      vertex -0.21751830679620687 -1.140270896478613 -0.34985328151767625
      vertex -0.2740480712876868 -1.4366102997400436 -0.17567649757025183
    endloop
  endfacet
  facet normal -0.12533323356430445 -0.9921147013144778 0
    outer loop
      vertex -0.21751830679620687 -1.140270896478613 -0.430146718482324
      vertex -0.07288927138261733 -1.158541792627672 -0.339853281517676
      vertex -0.21751830679620687 -1.140270896478613 -0.34985328151767625
    endloop
  endfacet
  facet normal -0.12533323356430448 -0.9921147013144778 0
    outer loop
      vertex -0.21751830679620687 -1.140270896478613 -0.430146718482324
      vertex -0.07288927138261733 -1.158541792627672 -0.4201467184823242
      vertex -0.07288927138261733 -1.158541792627672 -0.339853281517676
    endloop
  endfacet
  facet normal -0.05938353334850282 -0.49705527869671506 0.8656844955795259
    outer loop
      vertex -0.09183210615318839 -1.4596295293584427 -0.5943235024297482
      vertex 0.07288927138261733 -1.158541792627672 -0.410146718482324
      vertex -0.07288927138261733 -1.158541792627672 -0.4201467184823242
    endloop
  endfacet
  facet normal -0.003382268888217272 -0.5005785796160176 -0.8656844955795259
    outer loop
      vertex -0.09183210615318839 -1.4596295293584427 -0.16567649757025205
      vertex -0.21751830679620687 -1.140270896478613 -0.34985328151767625
      vertex -0.07288927138261733 -1.158541792627672 -0.339853281517676
    endloop
  endfacet
  facet normal 0 -1 0
    outer loop
      vertex -0.07288927138261733 -1.158541792627672 -0.4201467184823242
      vertex 0.07288927138261733 -1.158541792627672 -0.3298532815176758
      vertex -0.07288927138261733 -1.158541792627672 -0.339853281517676
    endloop
  endfacet
  facet normal -0.24868988716485466 -0.9685831611286312 0
    outer loop
      vertex -0.45194213462959587 -1.3909348675053492 -0.18567649757025206
      vertex -0.2740480712876868 -1.4366102997400436 -0.17567649757025183
      vertex -0.2740480712876868 -1.4366102997400436 -0.10432350242974797
    endloop
  endfacet
  facet normal -0.01633099589354946 -0.5043315836312048 -0.8633556349067085
    outer loop
      vertex -0.09183210615318839 -1.4596295293584427 -0.16567649757025205
      vertex -0.2740480712876868 -1.4366102997400436 -0.17567649757025183
      vertex -0.21751830679620687 -1.140270896478613 -0.34985328151767625
    endloop
  endfacet
  facet normal -0.1704726626560349 -0.47492748810928515 0.8633556349067089
    outer loop
      vertex -0.45194213462959587 -1.3909348675053492 -0.1143235024297482
      vertex -0.2740480712876868 -1.4366102997400436 -0.10432350242974797
      vertex -0.21751830679620687 -1.140270896478613 0.069853281517676
    endloop
  endfacet
  facet normal 0.047007287052010696 -0.5024015949803933 -0.8633556349067091
    outer loop
      vertex -0.09183210615318839 -1.4596295293584427 -0.16567649757025205
      vertex -0.07288927138261733 -1.158541792627672 -0.339853281517676
      vertex 0.09183210615318839 -1.4596295293584427 -0.15567649757025182
    endloop
  endfacet
  facet normal -0.10960423699996495 -0.4925484330565768 0.863355634906709
    outer loop
      vertex -0.09183210615318839 -1.4596295293584427 -0.09432350242974818
      vertex -0.07288927138261733 -1.158541792627672 0.07985328151767601
      vertex -0.2740480712876868 -1.4366102997400436 -0.10432350242974797
    endloop
  endfacet
  facet normal -0.7705132427757889 -0.6374239897486902 0
    outer loop
      vertex -2.3364410797548487 -1.6975238086206625 1.5280000000000005
      vertex -2.105261395993037 -1.9769720419220527 1.5280000000000005
      vertex -2.105261395993037 -1.9769720419220527 2.01
    endloop
  endfacet
  facet normal -0.8443279255020156 -0.535826794978996 0
    outer loop
      vertex -2.3364410797548487 -1.6975238086206625 1.5280000000000005
      vertex -2.3364410797548487 -1.6975238086206625 2.01
      vertex -2.530773691966678 -1.391304610805754 1.5280000000000005
    endloop
  endfacet
  facet normal -0.8443279255020156 -0.535826794978996 0
    outer loop
      vertex -2.3364410797548487 -1.6975238086206625 2.01
      vertex -2.530773691966678 -1.391304610805754 2.01
      vertex -2.530773691966678 -1.391304610805754 1.5280000000000005
    endloop
  endfacet
  facet normal -0.7705132427757889 -0.6374239897486902 0
    outer loop
      vertex -2.3364410797548487 -1.6975238086206625 1.5280000000000005
      vertex -2.105261395993037 -1.9769720419220527 2.01
      vertex -2.3364410797548487 -1.6975238086206625 2.01
    endloop
  endfacet
  facet normal -0.5877852522924721 -0.8090169943749482 0
    outer loop
      vertex -1.840880482394216 -2.22524224513648 1.5280000000000005
      vertex -1.547467783899343 -2.4384190488498194 1.5280000000000005
      vertex -1.547467783899343 -2.4384190488498194 2.01
    endloop
  endfacet
  facet normal -0.5877852522924721 -0.8090169943749482 0
    outer loop
      vertex -1.840880482394216 -2.22524224513648 1.5280000000000005
      vertex -1.547467783899343 -2.4384190488498194 2.01
      vertex -1.840880482394216 -2.22524224513648 2.01
    endloop
  endfacet
  facet normal -0.5453729577287413 -0.45117174802102106 -0.7064080908128536
    outer loop
      vertex -2.3364410797548487 -1.6975238086206625 1.5280000000000005
      vertex -1.183199869408463 -0.8596450242556375 0.10251546955773416
      vertex -2.105261395993037 -1.9769720419220527 1.5280000000000005
    endloop
  endfacet
  facet normal -0.4845257149897105 -0.5159674803200771 -0.7064080908128536
    outer loop
      vertex -1.840880482394216 -2.22524224513648 1.5280000000000005
      vertex -2.105261395993037 -1.9769720419220527 1.5280000000000005
      vertex -1.0661278944260828 -1.0011607320616838 0.10251546955773416
    endloop
  endfacet
  facet normal -0.6845471059286896 -0.7289686274214107 0
    outer loop
      vertex -1.840880482394216 -2.22524224513648 1.5280000000000005
      vertex -1.840880482394216 -2.22524224513648 2.01
      vertex -2.105261395993037 -1.9769720419220527 1.5280000000000005
    endloop
  endfacet
  facet normal -0.6845471059286896 -0.7289686274214107 0
    outer loop
      vertex -1.840880482394216 -2.22524224513648 2.01
      vertex -2.105261395993037 -1.9769720419220527 2.01
      vertex -2.105261395993037 -1.9769720419220527 1.5280000000000005
    endloop
  endfacet
  facet normal -0.5453729577287417 -0.45117174802102045 -0.7064080908128537
    outer loop
      vertex -2.105261395993037 -1.9769720419220527 1.5280000000000005
      vertex -1.183199869408463 -0.8596450242556375 0.10251546955773416
      vertex -1.0661278944260828 -1.0011607320616838 0.10251546955773416
    endloop
  endfacet
  facet normal -0.597619343134378 -0.3792607677387338 -0.7064080908128537
    outer loop
      vertex -2.3364410797548487 -1.6975238086206625 1.5280000000000005
      vertex -1.28161207564093 -0.7045722008900338 0.10251546955773416
      vertex -1.183199869408463 -0.8596450242556375 0.10251546955773416
    endloop
  endfacet
  facet normal -0.6404409144982939 -0.3013686185898068 -0.7064080908128534
    outer loop
      vertex -2.530773691966678 -1.391304610805754 1.5280000000000005
      vertex -1.359812493842596 -0.5383878530253624 0.10251546955773416
      vertex -1.28161207564093 -0.7045722008900338 0.10251546955773416
    endloop
  endfacet
  facet normal -0.6731623500597138 -0.21872370629683172 -0.7064080908128536
    outer loop
      vertex -2.6851944912452703 -1.0631437081533497 1.5280000000000005
      vertex -1.4165678567037543 -0.3637128071011676 0.10251546955773416
      vertex -1.359812493842596 -0.5383878530253624 0.10251546955773416
    endloop
  endfacet
  facet normal -0.6952676132329959 -0.13262939049634673 -0.7064080908128535
    outer loop
      vertex -1.4509830982480747 -0.1833017929374873 0.10251546955773416
      vertex -1.4165678567037543 -0.3637128071011676 0.10251546955773416
      vertex -2.7972681693394867 -0.7182163941321009 1.5280000000000005
    endloop
  endfacet
  facet normal -0.7064080908128537 -0.04444342997877637 -0.7064080908128535
    outer loop
      vertex -1.4509830982480747 -0.1833017929374873 0.10251546955773416
      vertex -2.8652272573962123 -0.36196237853371016 1.5280000000000005
      vertex -1.462515469557734 0 0.10251546955773416
    endloop
  endfacet
  facet normal -0.6404409144982939 -0.30136861858980646 -0.7064080908128534
    outer loop
      vertex -2.530773691966678 -1.391304610805754 1.5280000000000005
      vertex -2.6851944912452703 -1.0631437081533497 1.5280000000000005
      vertex -1.359812493842596 -0.5383878530253624 0.10251546955773416
    endloop
  endfacet
  facet normal -0.9048270524660196 -0.42577929156507244 0
    outer loop
      vertex -2.530773691966678 -1.391304610805754 1.5280000000000005
      vertex -2.530773691966678 -1.391304610805754 2.01
      vertex -2.6851944912452703 -1.0631437081533497 1.5280000000000005
    endloop
  endfacet
  facet normal -0.9048270524660196 -0.42577929156507244 0
    outer loop
      vertex -2.530773691966678 -1.391304610805754 2.01
      vertex -2.6851944912452703 -1.0631437081533497 2.01
      vertex -2.6851944912452703 -1.0631437081533497 1.5280000000000005
    endloop
  endfacet
  facet normal -0.9510565162951536 -0.3090169943749474 0
    outer loop
      vertex -2.6851944912452703 -1.0631437081533497 1.5280000000000005
      vertex -2.6851944912452703 -1.0631437081533497 2.01
      vertex -2.7972681693394867 -0.7182163941321009 1.5280000000000005
    endloop
  endfacet
  facet normal -0.9510565162951536 -0.3090169943749474 0
    outer loop
      vertex -2.6851944912452703 -1.0631437081533497 2.01
      vertex -2.7972681693394867 -0.7182163941321009 2.01
      vertex -2.7972681693394867 -0.7182163941321009 1.5280000000000005
    endloop
  endfacet
  facet normal -0.6952676132329959 -0.1326293904963466 -0.7064080908128536
    outer loop
      vertex -1.4509830982480747 -0.1833017929374873 0.10251546955773416
      vertex -2.7972681693394867 -0.7182163941321009 1.5280000000000005
      vertex -2.8652272573962123 -0.36196237853371016 1.5280000000000005
    endloop
  endfacet
  facet normal -0.6731623500597138 -0.21872370629683152 -0.7064080908128535
    outer loop
      vertex -2.6851944912452703 -1.0631437081533497 1.5280000000000005
      vertex -2.7972681693394867 -0.7182163941321009 1.5280000000000005
      vertex -1.4165678567037543 -0.3637128071011676 0.10251546955773416
    endloop
  endfacet
  facet normal -0.7064080908128535 -0.04444342997877676 -0.7064080908128535
    outer loop
      vertex -2.8652272573962123 -0.36196237853371016 1.5280000000000005
      vertex -2.8880000000000003 0 1.5280000000000005
      vertex -1.462515469557734 0 0.10251546955773416
    endloop
  endfacet
  facet normal -0.9822872507286887 -0.18738131458572496 0
    outer loop
      vertex -2.7972681693394867 -0.7182163941321009 1.5280000000000005
      vertex -2.7972681693394867 -0.7182163941321009 2.01
      vertex -2.8652272573962123 -0.36196237853371016 1.5280000000000005
    endloop
  endfacet
  facet normal -0.9822872507286887 -0.18738131458572496 0
    outer loop
      vertex -2.8652272573962123 -0.36196237853371016 1.5280000000000005
      vertex -2.7972681693394867 -0.7182163941321009 2.01
      vertex -2.8652272573962123 -0.36196237853371016 2.01
    endloop
  endfacet
  facet normal 0 0 1
    outer loop
      vertex -2.530773691966678 -1.391304610805754 2.01
      vertex -2.6851944912452703 1.0631437081533497 2.01
      vertex -2.6851944912452703 -1.0631437081533497 2.01
    endloop
  endfacet
  facet normal -0.9980267284282716 -0.06279051952931348 0
    outer loop
      vertex -2.8652272573962123 -0.36196237853371016 1.5280000000000005
      vertex -2.8652272573962123 -0.36196237853371016 2.01
      vertex -2.8880000000000003 0 1.5280000000000005
    endloop
  endfacet
  facet normal 0 0 1
    outer loop
      vertex -2.7972681693394867 -0.7182163941321009 2.01
      vertex -2.8652272573962123 0.36196237853371016 2.01
      vertex -2.8652272573962123 -0.36196237853371016 2.01
    endloop
  endfacet
  facet normal 0 0 1
    outer loop
      vertex -2.6851944912452703 -1.0631437081533497 2.01
      vertex -2.7972681693394867 0.7182163941321009 2.01
      vertex -2.7972681693394867 -0.7182163941321009 2.01
    endloop
  endfacet
  facet normal -0.9980267284282716 -0.06279051952931348 0
    outer loop
      vertex -2.8652272573962123 -0.36196237853371016 2.01
      vertex -2.8880000000000003 0 2.01
      vertex -2.8880000000000003 0 1.5280000000000005
    endloop
  endfacet
  facet normal 0 0 1
    outer loop
      vertex -2.3364410797548487 -1.6975238086206625 2.01
      vertex -2.530773691966678 1.391304610805754 2.01
      vertex -2.530773691966678 -1.391304610805754 2.01
    endloop
  endfacet
  facet normal 0 0 1
    outer loop
      vertex -2.3364410797548487 -1.6975238086206625 2.01
      vertex -2.105261395993037 -1.9769720419220527 2.01
      vertex -2.3364410797548487 1.6975238086206625 2.01
    endloop
  endfacet
  facet normal -0.5976193431343781 -0.3792607677387336 -0.7064080908128536
    outer loop
      vertex -2.3364410797548487 -1.6975238086206625 1.5280000000000005
      vertex -2.530773691966678 -1.391304610805754 1.5280000000000005
      vertex -1.28161207564093 -0.7045722008900338 0.10251546955773416
    endloop
  endfacet
  facet normal 0 0 1
    outer loop
      vertex -1.840880482394216 -2.22524224513648 2.01
      vertex -2.105261395993037 1.9769720419220527 2.01
      vertex -2.105261395993037 -1.9769720419220527 2.01
    endloop
  endfacet
  facet normal 0 0 1
    outer loop
      vertex -1.840880482394216 -2.22524224513648 2.01
      vertex -1.547467783899343 -2.4384190488498194 2.01
      vertex -1.840880482394216 2.22524224513648 2.01
    endloop
  endfacet
  facet normal -0.48452571498971 -0.5159674803200774 -0.7064080908128537
    outer loop
      vertex -1.840880482394216 -2.22524224513648 1.5280000000000005
      vertex -1.0661278944260828 -1.0011607320616838 0.10251546955773416
      vertex -0.9322424456746691 -1.126887537058686 0.10251546955773416
    endloop
  endfacet
  facet normal -0.41603721228365814 -0.5726260972304545 -0.7064080908128533
    outer loop
      vertex -1.547467783899343 -2.4384190488498194 1.5280000000000005
      vertex -0.9322424456746691 -1.126887537058686 0.10251546955773416
      vertex -0.7836549766603231 -1.234842652426287 0.10251546955773416
    endloop
  endfacet
  facet normal -0.3409875542113085 -0.6202540585172572 -0.7064080908128536
    outer loop
      vertex -1.2296505940399294 -2.613140527521865 1.5280000000000005
      vertex -0.7836549766603231 -1.234842652426287 0.10251546955773416
      vertex -0.6227088005312512 -1.3233235615058812 0.10251546955773416
    endloop
  endfacet
  facet normal -0.2605603187129554 -0.6581002427794281 -0.7064080908128537
    outer loop
      vertex -0.8924410797548482 -2.7466512190604035 1.5280000000000005
      vertex -0.6227088005312512 -1.3233235615058812 0.10251546955773416
      vertex -0.45194213462959587 -1.3909348675053492 0.10251546955773416
    endloop
  endfacet
  facet normal -0.17602389133731025 -0.6855677930829379 -0.7064080908128537
    outer loop
      vertex -0.5411572365235734 -2.836845580104453 1.5280000000000005
      vertex -0.45194213462959587 -1.3909348675053492 0.10251546955773416
      vertex -0.2740480712876868 -1.4366102997400436 0.10251546955773416
    endloop
  endfacet
  facet normal -0.0887114620436996 -0.7022235297511815 -0.7064080908128535
    outer loop
      vertex -0.09183210615318839 -1.4596295293584427 0.10251546955773416
      vertex -0.18133902040065816 -2.8823011917008485 1.5280000000000005
      vertex -0.2740480712876868 -1.4366102997400436 0.10251546955773416
    endloop
  endfacet
  facet normal -0.26056031871295543 -0.6581002427794281 -0.7064080908128535
    outer loop
      vertex -1.2296505940399294 -2.613140527521865 1.5280000000000005
      vertex -0.6227088005312512 -1.3233235615058812 0.10251546955773416
      vertex -0.8924410797548482 -2.7466512190604035 1.5280000000000005
    endloop
  endfacet
  facet normal -0.48175367410171527 -0.8763066800438636 0
    outer loop
      vertex -1.547467783899343 -2.4384190488498194 1.5280000000000005
      vertex -1.2296505940399294 -2.613140527521865 1.5280000000000005
      vertex -1.2296505940399294 -2.613140527521865 2.01
    endloop
  endfacet
  facet normal -0.3681245526846773 -0.9297764858882516 0
    outer loop
      vertex -1.2296505940399294 -2.613140527521865 1.5280000000000005
      vertex -0.8924410797548482 -2.7466512190604035 2.01
      vertex -1.2296505940399294 -2.613140527521865 2.01
    endloop
  endfacet
  facet normal -0.48175367410171527 -0.8763066800438636 0
    outer loop
      vertex -1.547467783899343 -2.4384190488498194 1.5280000000000005
      vertex -1.2296505940399294 -2.613140527521865 2.01
      vertex -1.547467783899343 -2.4384190488498194 2.01
    endloop
  endfacet
  facet normal -0.3681245526846773 -0.9297764858882516 0
    outer loop
      vertex -1.2296505940399294 -2.613140527521865 1.5280000000000005
      vertex -0.8924410797548482 -2.7466512190604035 1.5280000000000005
      vertex -0.8924410797548482 -2.7466512190604035 2.01
    endloop
  endfacet
  facet normal -0.24868988716485588 -0.9685831611286307 0
    outer loop
      vertex -0.8924410797548482 -2.7466512190604035 1.5280000000000005
      vertex -0.5411572365235734 -2.836845580104453 2.01
      vertex -0.8924410797548482 -2.7466512190604035 2.01
    endloop
  endfacet
  facet normal -0.41603721228365714 -0.5726260972304548 -0.7064080908128536
    outer loop
      vertex -1.840880482394216 -2.22524224513648 1.5280000000000005
      vertex -0.9322424456746691 -1.126887537058686 0.10251546955773416
      vertex -1.547467783899343 -2.4384190488498194 1.5280000000000005
    endloop
  endfacet
  facet normal -0.3409875542113088 -0.6202540585172571 -0.7064080908128535
    outer loop
      vertex -1.547467783899343 -2.4384190488498194 1.5280000000000005
      vertex -0.7836549766603231 -1.234842652426287 0.10251546955773416
      vertex -1.2296505940399294 -2.613140527521865 1.5280000000000005
    endloop
  endfacet
  facet normal 0 0 1
    outer loop
      vertex -1.2296505940399294 -2.613140527521865 2.01
      vertex -0.8924410797548482 -2.7466512190604035 2.01
      vertex -1.1827020264349486 0 2.01
    endloop
  endfacet
  facet normal 0 0 1
    outer loop
      vertex -0.8924410797548482 -2.7466512190604035 2.01
      vertex -0.5411572365235734 -2.836845580104453 2.01
      vertex -1.1827020264349486 0 2.01
    endloop
  endfacet
  facet normal -0.17602389133731075 -0.6855677930829379 -0.7064080908128535
    outer loop
      vertex -0.8924410797548482 -2.7466512190604035 1.5280000000000005
      vertex -0.45194213462959587 -1.3909348675053492 0.10251546955773416
      vertex -0.5411572365235734 -2.836845580104453 1.5280000000000005
    endloop
  endfacet
  facet normal -0.088711462043699 -0.7022235297511815 -0.7064080908128535
    outer loop
      vertex -0.5411572365235734 -2.836845580104453 1.5280000000000005
      vertex -0.2740480712876868 -1.4366102997400436 0.10251546955773416
      vertex -0.18133902040065816 -2.8823011917008485 1.5280000000000005
    endloop
  endfacet
  facet normal 0 -0.7078047818672456 -0.7064080908128535
    outer loop
      vertex -0.09183210615318839 -1.4596295293584427 0.10251546955773416
      vertex 0.18133902040065816 -2.8823011917008485 1.5280000000000005
      vertex -0.18133902040065816 -2.8823011917008485 1.5280000000000005
    endloop
  endfacet
  facet normal -0.24868988716485588 -0.9685831611286307 0
    outer loop
      vertex -0.8924410797548482 -2.7466512190604035 1.5280000000000005
      vertex -0.5411572365235734 -2.836845580104453 1.5280000000000005
      vertex -0.5411572365235734 -2.836845580104453 2.01
    endloop
  endfacet
  facet normal -0.12533323356430434 -0.9921147013144778 0
    outer loop
      vertex -0.5411572365235734 -2.836845580104453 1.5280000000000005
      vertex -0.18133902040065816 -2.8823011917008485 2.01
      vertex -0.5411572365235734 -2.836845580104453 2.01
    endloop
  endfacet
  facet normal 0 0 1
    outer loop
      vertex -0.5411572365235734 -2.836845580104453 2.01
      vertex -0.18133902040065816 -2.8823011917008485 2.01
      vertex -0.5913510132174743 -1.02425 2.01
    endloop
  endfacet
  facet normal -0.12533323356430434 -0.9921147013144778 0
    outer loop
      vertex -0.5411572365235734 -2.836845580104453 1.5280000000000005
      vertex -0.18133902040065816 -2.8823011917008485 1.5280000000000005
      vertex -0.18133902040065816 -2.8823011917008485 2.01
    endloop
  endfacet
  facet normal 0 -1 0
    outer loop
      vertex -0.18133902040065816 -2.8823011917008485 1.5280000000000005
      vertex 0.18133902040065816 -2.8823011917008485 2.01
      vertex -0.18133902040065816 -2.8823011917008485 2.01
    endloop
  endfacet
  facet normal 0 0 1
    outer loop
      vertex -0.18133902040065816 -2.8823011917008485 2.01
      vertex 0.18133902040065816 -2.8823011917008485 2.01
      vertex -0.5913510132174743 -1.02425 2.01
    endloop
  endfacet
  facet normal 0 0 -1
    outer loop
      vertex -1.183199869408463 -0.8596450242556375 0.10251546955773416
      vertex -1.0172452130500098 -0.5592352882950686 0.10251546955773416
      vertex -1.0661278944260828 -1.0011607320616838 0.10251546955773416
    endloop
  endfacet
  facet normal 0 0 -1
    outer loop
      vertex -0.9322424456746691 -1.126887537058686 0.10251546955773416
      vertex -0.7399424391271748 -0.8944367601603571 0.10251546955773416
      vertex -0.7836549766603231 -1.234842652426287 0.10251546955773416
    endloop
  endfacet
  facet normal 0 0 -1
    outer loop
      vertex -0.9322424456746691 -1.126887537058686 0.10251546955773416
      vertex -1.0661278944260828 -1.0011607320616838 0.10251546955773416
      vertex -0.8462104233542411 -0.7946444806039143 0.10251546955773416
    endloop
  endfacet
  facet normal 0 0 -1
    outer loop
      vertex -1.0661278944260828 -1.0011607320616838 0.10251546955773416
      vertex -1.0172452130500098 -0.5592352882950686 0.10251546955773416
      vertex -0.9391331637034062 -0.6823201828907451 0.10251546955773416
    endloop
  endfacet
  facet normal 0 0 -1
    outer loop
      vertex -1.0661278944260828 -1.0011607320616838 0.10251546955773416
      vertex -0.9391331637034062 -0.6823201828907451 0.10251546955773416
      vertex -0.8462104233542411 -0.7946444806039143 0.10251546955773416
    endloop
  endfacet
  facet normal 0 0 -1
    outer loop
      vertex -0.9322424456746691 -1.126887537058686 0.10251546955773416
      vertex -0.8462104233542411 -0.7946444806039143 0.10251546955773416
      vertex -0.7399424391271748 -0.8944367601603571 0.10251546955773416
    endloop
  endfacet
  facet normal -0.7705132427757897 -0.6374239897486891 0
    outer loop
      vertex -0.8462104233542411 -0.7946444806039143 0.01985328151767618
      vertex -0.8462104233542411 -0.7946444806039143 0.10251546955773416
      vertex -0.9391331637034062 -0.6823201828907451 0.009853281517676171
    endloop
  endfacet
  facet normal -0.6845471059286892 -0.7289686274214111 0
    outer loop
      vertex -0.8462104233542411 -0.7946444806039143 0.01985328151767618
      vertex -0.7399424391271748 -0.8944367601603571 0.02985328151767619
      vertex -0.7399424391271748 -0.8944367601603571 0.10251546955773416
    endloop
  endfacet
  facet normal -0.6845471059286892 -0.7289686274214111 0
    outer loop
      vertex -0.8462104233542411 -0.7946444806039143 0.01985328151767618
      vertex -0.7399424391271748 -0.8944367601603571 0.10251546955773416
      vertex -0.8462104233542411 -0.7946444806039143 0.10251546955773416
    endloop
  endfacet
  facet normal 0 0 -1
    outer loop
      vertex -1.183199869408463 -0.8596450242556375 0.10251546955773416
      vertex -1.07931469771398 -0.4273309191320104 0.10251546955773416
      vertex -1.0172452130500098 -0.5592352882950686 0.10251546955773416
    endloop
  endfacet
  facet normal 0 0 -1
    outer loop
      vertex -1.183199869408463 -0.8596450242556375 0.10251546955773416
      vertex -1.1243627448436522 -0.2886872860991233 0.10251546955773416
      vertex -1.07931469771398 -0.4273309191320104 0.10251546955773416
    endloop
  endfacet
  facet normal -0.9510565162951536 -0.30901699437494706 0
    outer loop
      vertex -1.1243627448436522 -0.2886872860991233 -0.020146718482323855
      vertex -1.07931469771398 -0.4273309191320104 -0.010146718482324069
      vertex -1.07931469771398 -0.4273309191320104 0.10251546955773416
    endloop
  endfacet
  facet normal 0 0 -1
    outer loop
      vertex -1.183199869408463 -0.8596450242556375 0.10251546955773416
      vertex -1.1516789198253932 -0.14549088211102693 0.10251546955773416
      vertex -1.1243627448436522 -0.2886872860991233 0.10251546955773416
    endloop
  endfacet
  facet normal 0 0 -1
    outer loop
      vertex -1.359812493842596 -0.5383878530253624 0.10251546955773416
      vertex -1.4165678567037543 -0.3637128071011676 0.10251546955773416
      vertex -1.359812493842596 0.5383878530253624 0.10251546955773416
    endloop
  endfacet
  facet normal 0 0 -1
    outer loop
      vertex -1.4509830982480747 -0.1833017929374873 0.10251546955773416
      vertex -1.4165678567037543 0.3637128071011676 0.10251546955773416
      vertex -1.4165678567037543 -0.3637128071011676 0.10251546955773416
    endloop
  endfacet
  facet normal 0 0 -1
    outer loop
      vertex -1.28161207564093 -0.7045722008900338 0.10251546955773416
      vertex -1.359812493842596 -0.5383878530253624 0.10251546955773416
      vertex -1.28161207564093 0.7045722008900338 0.10251546955773416
    endloop
  endfacet
  facet normal 0 0 -1
    outer loop
      vertex -1.183199869408463 -0.8596450242556375 0.10251546955773416
      vertex -1.28161207564093 -0.7045722008900338 0.10251546955773416
      vertex -1.183199869408463 0.8596450242556375 0.10251546955773416
    endloop
  endfacet
  facet normal -0.9510565162951536 -0.30901699437494706 0
    outer loop
      vertex -1.1243627448436522 -0.2886872860991233 -0.020146718482323855
      vertex -1.07931469771398 -0.4273309191320104 0.10251546955773416
      vertex -1.1243627448436522 -0.2886872860991233 0.10251546955773416
    endloop
  endfacet
  facet normal 0 0 -1
    outer loop
      vertex -1.183199869408463 -0.8596450242556375 0.10251546955773416
      vertex -1.1608324302618482 0 0.10251546955773416
      vertex -1.1516789198253932 -0.14549088211102693 0.10251546955773416
    endloop
  endfacet
  facet normal -0.9822872507286885 -0.18738131458572566 0
    outer loop
      vertex -1.1243627448436522 -0.2886872860991233 -0.020146718482323855
      vertex -1.1243627448436522 -0.2886872860991233 0.10251546955773416
      vertex -1.1516789198253932 -0.14549088211102693 -0.030146718482323642
    endloop
  endfacet
  facet normal -0.9822872507286886 -0.1873813145857256 0
    outer loop
      vertex -1.1516789198253932 -0.14549088211102693 -0.030146718482323642
      vertex -1.1243627448436522 -0.2886872860991233 0.10251546955773416
      vertex -1.1516789198253932 -0.14549088211102693 0.10251546955773416
    endloop
  endfacet
  facet normal -0.9980267284282717 -0.0627905195293122 0
    outer loop
      vertex -1.1516789198253932 -0.14549088211102693 -0.030146718482323642
      vertex -1.1516789198253932 -0.14549088211102693 0.10251546955773416
      vertex -1.1608324302618482 0 -0.04014671848232387
    endloop
  endfacet
  facet normal -0.9980267284282717 -0.0627905195293122 0
    outer loop
      vertex -1.1516789198253932 -0.14549088211102693 0.10251546955773416
      vertex -1.1608324302618482 0 0.10251546955773416
      vertex -1.1608324302618482 0 -0.04014671848232387
    endloop
  endfacet
  facet normal -0.8443279255020154 -0.5358267949789962 0
    outer loop
      vertex -1.0172452130500098 -0.5592352882950686 -0.00014671848232383766
      vertex -0.9391331637034062 -0.6823201828907451 0.009853281517676171
      vertex -0.9391331637034062 -0.6823201828907451 0.10251546955773416
    endloop
  endfacet
  facet normal -0.7705132427757898 -0.6374239897486891 0
    outer loop
      vertex -0.8462104233542411 -0.7946444806039143 0.10251546955773416
      vertex -0.9391331637034062 -0.6823201828907451 0.10251546955773416
      vertex -0.9391331637034062 -0.6823201828907451 0.009853281517676171
    endloop
  endfacet
  facet normal -0.8443279255020153 -0.5358267949789962 0
    outer loop
      vertex -1.0172452130500098 -0.5592352882950686 -0.00014671848232383766
      vertex -0.9391331637034062 -0.6823201828907451 0.10251546955773416
      vertex -1.0172452130500098 -0.5592352882950686 0.10251546955773416
    endloop
  endfacet
  facet normal -0.9048270524660189 -0.42577929156507405 0
    outer loop
      vertex -1.0172452130500098 -0.5592352882950686 -0.00014671848232383766
      vertex -1.0172452130500098 -0.5592352882950686 0.10251546955773416
      vertex -1.07931469771398 -0.4273309191320104 -0.010146718482324069
    endloop
  endfacet
  facet normal -0.9048270524660189 -0.42577929156507405 0
    outer loop
      vertex -1.07931469771398 -0.4273309191320104 -0.010146718482324069
      vertex -1.0172452130500098 -0.5592352882950686 0.10251546955773416
      vertex -1.07931469771398 -0.4273309191320104 0.10251546955773416
    endloop
  endfacet
  facet normal 0 0 -1
    outer loop
      vertex -0.7836549766603231 -1.234842652426287 0.10251546955773416
      vertex -0.6220051206148859 -0.9801232376984489 0.10251546955773416
      vertex -0.6227088005312512 -1.3233235615058812 0.10251546955773416
    endloop
  endfacet
  facet normal 0 0 -1
    outer loop
      vertex -0.6227088005312512 -1.3233235615058812 0.10251546955773416
      vertex -0.6220051206148859 -0.9801232376984489 0.10251546955773416
      vertex -0.494258409782651 -1.0503525862807943 0.10251546955773416
    endloop
  endfacet
  facet normal 0 0 -1
    outer loop
      vertex -0.6227088005312512 -1.3233235615058812 0.10251546955773416
      vertex -0.3587169485724821 -1.1040172471272702 0.10251546955773416
      vertex -0.45194213462959587 -1.3909348675053492 0.10251546955773416
    endloop
  endfacet
  facet normal 0 0 -1
    outer loop
      vertex -0.6227088005312512 -1.3233235615058812 0.10251546955773416
      vertex -0.494258409782651 -1.0503525862807943 0.10251546955773416
      vertex -0.3587169485724821 -1.1040172471272702 0.10251546955773416
    endloop
  endfacet
  facet normal -0.368124552684679 -0.929776485888251 0
    outer loop
      vertex -0.494258409782651 -1.0503525862807943 0.04985328151767621
      vertex -0.3587169485724821 -1.1040172471272702 0.059853281517675994
      vertex -0.3587169485724821 -1.1040172471272702 0.10251546955773416
    endloop
  endfacet
  facet normal 0 0 -1
    outer loop
      vertex -0.7836549766603231 -1.234842652426287 0.10251546955773416
      vertex -0.7399424391271748 -0.8944367601603571 0.10251546955773416
      vertex -0.6220051206148859 -0.9801232376984489 0.10251546955773416
    endloop
  endfacet
  facet normal -0.5877852522924728 -0.8090169943749477 0
    outer loop
      vertex -0.7399424391271748 -0.8944367601603571 0.02985328151767619
      vertex -0.6220051206148859 -0.9801232376984489 0.0398532815176762
      vertex -0.6220051206148859 -0.9801232376984489 0.10251546955773416
    endloop
  endfacet
  facet normal -0.5877852522924728 -0.8090169943749478 0
    outer loop
      vertex -0.7399424391271748 -0.8944367601603571 0.02985328151767619
      vertex -0.6220051206148859 -0.9801232376984489 0.10251546955773416
      vertex -0.7399424391271748 -0.8944367601603571 0.10251546955773416
    endloop
  endfacet
  facet normal -0.481753674101714 -0.8763066800438643 0
    outer loop
      vertex -0.6220051206148859 -0.9801232376984489 0.0398532815176762
      vertex -0.494258409782651 -1.0503525862807943 0.10251546955773416
      vertex -0.6220051206148859 -0.9801232376984489 0.10251546955773416
    endloop
  endfacet
  facet normal -0.481753674101714 -0.8763066800438643 0
    outer loop
      vertex -0.6220051206148859 -0.9801232376984489 0.0398532815176762
      vertex -0.494258409782651 -1.0503525862807943 0.04985328151767621
      vertex -0.494258409782651 -1.0503525862807943 0.10251546955773416
    endloop
  endfacet
  facet normal -0.3681245526846789 -0.9297764858882509 0
    outer loop
      vertex -0.494258409782651 -1.0503525862807943 0.04985328151767621
      vertex -0.3587169485724821 -1.1040172471272702 0.10251546955773416
      vertex -0.494258409782651 -1.0503525862807943 0.10251546955773416
    endloop
  endfacet
  facet normal 0 0 -1
    outer loop
      vertex -0.45194213462959587 -1.3909348675053492 0.10251546955773416
      vertex -0.21751830679620687 -1.140270896478613 0.10251546955773416
      vertex -0.2740480712876868 -1.4366102997400436 0.10251546955773416
    endloop
  endfacet
  facet normal -0.18113051162346092 -0.46667128888784853 0.8656844955795255
    outer loop
      vertex -0.45194213462959587 -1.3909348675053492 -0.1143235024297482
      vertex -0.21751830679620687 -1.140270896478613 0.069853281517676
      vertex -0.3587169485724821 -1.1040172471272702 0.059853281517675994
    endloop
  endfacet
  facet normal 0 0 -1
    outer loop
      vertex -0.45194213462959587 -1.3909348675053492 0.10251546955773416
      vertex -0.3587169485724821 -1.1040172471272702 0.10251546955773416
      vertex -0.21751830679620687 -1.140270896478613 0.10251546955773416
    endloop
  endfacet
  facet normal -0.24868988716485418 -0.9685831611286313 0
    outer loop
      vertex -0.3587169485724821 -1.1040172471272702 0.059853281517675994
      vertex -0.21751830679620687 -1.140270896478613 0.10251546955773416
      vertex -0.3587169485724821 -1.1040172471272702 0.10251546955773416
    endloop
  endfacet
  facet normal -0.1212128217903133 -0.48569311910593477 0.8656844955795258
    outer loop
      vertex -0.2740480712876868 -1.4366102997400436 -0.10432350242974797
      vertex -0.07288927138261733 -1.158541792627672 0.07985328151767601
      vertex -0.21751830679620687 -1.140270896478613 0.069853281517676
    endloop
  endfacet
  facet normal 0 0 -1
    outer loop
      vertex -0.2740480712876868 -1.4366102997400436 0.10251546955773416
      vertex -0.21751830679620687 -1.140270896478613 0.10251546955773416
      vertex -0.07288927138261733 -1.158541792627672 0.10251546955773416
    endloop
  endfacet
  facet normal -0.2486898871648542 -0.9685831611286314 0
    outer loop
      vertex -0.3587169485724821 -1.1040172471272702 0.059853281517675994
      vertex -0.21751830679620687 -1.140270896478613 0.069853281517676
      vertex -0.21751830679620687 -1.140270896478613 0.10251546955773416
    endloop
  endfacet
  facet normal 0 0 -1
    outer loop
      vertex -0.09183210615318839 -1.4596295293584427 0.10251546955773416
      vertex -0.2740480712876868 -1.4366102997400436 0.10251546955773416
      vertex -0.07288927138261733 -1.158541792627672 0.10251546955773416
    endloop
  endfacet
  facet normal -0.1253332335643045 -0.9921147013144779 0
    outer loop
      vertex -0.21751830679620687 -1.140270896478613 0.069853281517676
      vertex -0.07288927138261733 -1.158541792627672 0.10251546955773416
      vertex -0.21751830679620687 -1.140270896478613 0.10251546955773416
    endloop
  endfacet
  facet normal -0.1253332335643045 -0.9921147013144779 0
    outer loop
      vertex -0.21751830679620687 -1.140270896478613 0.069853281517676
      vertex -0.07288927138261733 -1.158541792627672 0.07985328151767601
      vertex -0.07288927138261733 -1.158541792627672 0.10251546955773416
    endloop
  endfacet
  facet normal -0.059383533348501445 -0.4970552786967157 0.8656844955795258
    outer loop
      vertex -0.09183210615318839 -1.4596295293584427 -0.09432350242974818
      vertex 0.07288927138261733 -1.158541792627672 0.08985328151767602
      vertex -0.07288927138261733 -1.158541792627672 0.07985328151767601
    endloop
  endfacet
  facet normal 0 0 -1
    outer loop
      vertex -0.09183210615318839 -1.4596295293584427 0.10251546955773416
      vertex -0.07288927138261733 -1.158541792627672 0.10251546955773416
      vertex 0.07288927138261733 -1.158541792627672 0.10251546955773416
    endloop
  endfacet
  facet normal 0 -1 0
    outer loop
      vertex -0.07288927138261733 -1.158541792627672 0.07985328151767601
      vertex 0.07288927138261733 -1.158541792627672 0.10251546955773416
      vertex -0.07288927138261733 -1.158541792627672 0.10251546955773416
    endloop
  endfacet
  facet normal 0 0 1
    outer loop
      vertex -0.5913510132174743 -1.02425 0.8999999999999999
      vertex 0.5913510132174743 -1.02425 0.8999999999999999
      vertex -1.1827020264349486 0 0.8999999999999999
    endloop
  endfacet
  facet normal 0 0 1
    outer loop
      vertex -1.547467783899343 -2.4384190488498194 2.01
      vertex -1.2296505940399294 -2.613140527521865 2.01
      vertex -1.547467783899343 2.4384190488498194 2.01
    endloop
  endfacet
  facet normal 0 0 1
    outer loop
      vertex -0.5411572365235734 -2.836845580104453 2.01
      vertex -0.5913510132174743 -1.02425 2.01
      vertex -1.1827020264349486 0 2.01
    endloop
  endfacet
  facet normal 0.8660254037844387 0.5 0
    outer loop
      vertex -0.5913510132174743 -1.02425 0.8999999999999999
      vertex -1.1827020264349486 0 0.8999999999999999
      vertex -1.1827020264349486 0 2.01
    endloop
  endfacet
  facet normal 0.8660254037844387 0.5 0
    outer loop
      vertex -0.5913510132174743 -1.02425 0.8999999999999999
      vertex -1.1827020264349486 0 2.01
      vertex -0.5913510132174743 -1.02425 2.01
    endloop
  endfacet
  facet normal 0 1 0
    outer loop
      vertex -0.5913510132174743 -1.02425 0.8999999999999999
      vertex -0.5913510132174743 -1.02425 2.01
      vertex 0.5913510132174743 -1.02425 0.8999999999999999
    endloop
  endfacet
  facet normal -0.9980267284282717 0.06279051952931294 0
    outer loop
      vertex -1.462515469557734 0 -1.2856764975702522
      vertex -1.462515469557734 0 -1.2143235024297478
      vertex -1.4509830982480747 0.1833017929374873 -1.295676497570252
    endloop
  endfacet
  facet normal -0.9980267284282717 0.06279051952931294 0
    outer loop
      vertex -1.4509830982480747 0.1833017929374873 -1.295676497570252
      vertex -1.462515469557734 0 -1.2143235024297478
      vertex -1.4509830982480747 0.1833017929374873 -1.224323502429748
    endloop
  endfacet
  facet normal -0.9980267284282717 0.06279051952931294 0
    outer loop
      vertex -1.462515469557734 0 -0.7856764975702522
      vertex -1.462515469557734 0 -0.7143235024297478
      vertex -1.4509830982480747 0.1833017929374873 -0.7956764975702519
    endloop
  endfacet
  facet normal -0.9980267284282717 0.06279051952931294 0
    outer loop
      vertex -1.4509830982480747 0.1833017929374873 -0.7956764975702519
      vertex -1.462515469557734 0 -0.7143235024297478
      vertex -1.4509830982480747 0.1833017929374873 -0.7243235024297481
    endloop
  endfacet
  facet normal -0.9980267284282717 0.06279051952931294 0
    outer loop
      vertex -1.462515469557734 0 -0.28567649757025215
      vertex -1.462515469557734 0 -0.21432350242974785
      vertex -1.4509830982480747 0.1833017929374873 -0.29567649757025194
    endloop
  endfacet
  facet normal -0.9980267284282717 0.06279051952931294 0
    outer loop
      vertex -1.4509830982480747 0.1833017929374873 -0.29567649757025194
      vertex -1.462515469557734 0 -0.21432350242974785
      vertex -1.4509830982480747 0.1833017929374873 -0.22432350242974808
    endloop
  endfacet
  facet normal -0.7064080908128532 0.04444342997877582 -0.7064080908128539
    outer loop
      vertex -1.1608324302618482 0 -1.8065279282896922
      vertex -1.1516789198253932 0.14549088211102693 -1.8065279282896922
      vertex -0.9673603585515402 0 -2
    endloop
  endfacet
  facet normal -0.9980267284282716 0.0627905195293122 0
    outer loop
      vertex -1.1608324302618482 0 -1.8065279282896922
      vertex -1.1608324302618482 0 -1.7602569930514473
      vertex -1.1516789198253932 0.14549088211102693 -1.8065279282896922
    endloop
  endfacet
  facet normal -0.9980267284282716 0.0627905195293122 0
    outer loop
      vertex -1.1608324302618482 0 -1.7602569930514473
      vertex -1.1608324302618482 0 -1.7397430069485527
      vertex -1.1516789198253932 0.14549088211102693 -1.7702569930514476
    endloop
  endfacet
  facet normal -0.9980267284282716 0.0627905195293122 0
    outer loop
      vertex -1.1608324302618482 0 -1.7602569930514473
      vertex -1.1516789198253932 0.14549088211102693 -1.7702569930514476
      vertex -1.1516789198253932 0.14549088211102693 -1.8065279282896922
    endloop
  endfacet
  facet normal -0.9980267284282717 0.0627905195293122 0
    outer loop
      vertex -1.1516789198253932 0.14549088211102693 -1.7702569930514476
      vertex -1.1608324302618482 0 -1.7397430069485527
      vertex -1.1516789198253932 0.14549088211102693 -1.7497430069485524
    endloop
  endfacet
  facet normal -0.9822872507286884 0.1873813145857256 0
    outer loop
      vertex -1.1516789198253932 0.14549088211102693 -1.8065279282896922
      vertex -1.1516789198253932 0.14549088211102693 -1.7702569930514476
      vertex -1.1243627448436522 0.2886872860991233 -1.8065279282896922
    endloop
  endfacet
  facet normal -0.9822872507286884 0.1873813145857256 0
    outer loop
      vertex -1.1516789198253932 0.14549088211102693 -1.7702569930514476
      vertex -1.1516789198253932 0.14549088211102693 -1.7497430069485524
      vertex -1.1243627448436522 0.2886872860991233 -1.7802569930514474
    endloop
  endfacet
  facet normal -0.9822872507286886 0.18738131458572566 0
    outer loop
      vertex -1.1516789198253932 0.14549088211102693 -1.7702569930514476
      vertex -1.1243627448436522 0.2886872860991233 -1.7802569930514474
      vertex -1.1243627448436522 0.2886872860991233 -1.8065279282896922
    endloop
  endfacet
  facet normal -0.9822872507286885 0.18738131458572563 0
    outer loop
      vertex -1.1516789198253932 0.14549088211102693 -1.7497430069485524
      vertex -1.1243627448436522 0.2886872860991233 -1.7597430069485527
      vertex -1.1243627448436522 0.2886872860991233 -1.7802569930514474
    endloop
  endfacet
  facet normal -0.9510565162951536 0.309016994374947 0
    outer loop
      vertex -1.1243627448436522 0.2886872860991233 -1.8065279282896922
      vertex -1.1243627448436522 0.2886872860991233 -1.7802569930514474
      vertex -1.07931469771398 0.4273309191320104 -1.8065279282896922
    endloop
  endfacet
  facet normal -0.9510565162951536 0.309016994374947 0
    outer loop
      vertex -1.1243627448436522 0.2886872860991233 -1.7802569930514474
      vertex -1.1243627448436522 0.2886872860991233 -1.7597430069485527
      vertex -1.07931469771398 0.4273309191320104 -1.7902569930514476
    endloop
  endfacet
  facet normal -0.9980267284282717 0.0627905195293122 0
    outer loop
      vertex -1.1516789198253932 0.14549088211102693 -1.7497430069485524
      vertex -1.1608324302618482 0 -1.7397430069485527
      vertex -1.1608324302618482 0 -1.6896671815636681
    endloop
  endfacet
  facet normal -0.9980267284282717 0.0627905195293122 0
    outer loop
      vertex -1.1516789198253932 0.14549088211102693 -1.7497430069485524
      vertex -1.1608324302618482 0 -1.6896671815636681
      vertex -1.1516789198253932 0.14549088211102693 -1.699667181563668
    endloop
  endfacet
  facet normal -0.9980267284282718 0.0627905195293122 0
    outer loop
      vertex -1.1608324302618482 0 -1.6896671815636681
      vertex -1.1608324302618482 0 -1.4598532815176761
      vertex -1.1516789198253932 0.14549088211102693 -1.699667181563668
    endloop
  endfacet
  facet normal -0.9980267284282716 0.0627905195293122 0
    outer loop
      vertex -1.1516789198253932 0.14549088211102693 -1.699667181563668
      vertex -1.1608324302618482 0 -1.4598532815176761
      vertex -1.1516789198253932 0.14549088211102693 -1.4698532815176764
    endloop
  endfacet
  facet normal -0.9822872507286885 0.18738131458572563 0
    outer loop
      vertex -1.1516789198253932 0.14549088211102693 -1.7497430069485524
      vertex -1.1516789198253932 0.14549088211102693 -1.699667181563668
      vertex -1.1243627448436522 0.2886872860991233 -1.7597430069485527
    endloop
  endfacet
  facet normal -0.9822872507286885 0.18738131458572563 0
    outer loop
      vertex -1.1243627448436522 0.2886872860991233 -1.7597430069485527
      vertex -1.1516789198253932 0.14549088211102693 -1.699667181563668
      vertex -1.1243627448436522 0.2886872860991233 -1.7096671815636681
    endloop
  endfacet
  facet normal -0.9822872507286884 0.18738131458572557 0
    outer loop
      vertex -1.1516789198253932 0.14549088211102693 -1.699667181563668
      vertex -1.1516789198253932 0.14549088211102693 -1.4698532815176764
      vertex -1.1243627448436522 0.2886872860991233 -1.7096671815636681
    endloop
  endfacet
  facet normal -0.9510565162951536 0.309016994374947 0
    outer loop
      vertex -1.1243627448436522 0.2886872860991233 -1.7597430069485527
      vertex -1.1243627448436522 0.2886872860991233 -1.7096671815636681
      vertex -1.07931469771398 0.4273309191320104 -1.7697430069485525
    endloop
  endfacet
  facet normal -0.9510565162951538 0.30901699437494706 0
    outer loop
      vertex -1.1243627448436522 0.2886872860991233 -1.7096671815636681
      vertex -1.1243627448436522 0.2886872860991233 -1.4798532815176761
      vertex -1.07931469771398 0.4273309191320104 -1.7196671815636684
    endloop
  endfacet
  facet normal -0.9822872507286885 0.1873813145857256 0
    outer loop
      vertex -1.1243627448436522 0.2886872860991233 -1.7096671815636681
      vertex -1.1516789198253932 0.14549088211102693 -1.4698532815176764
      vertex -1.1243627448436522 0.2886872860991233 -1.4798532815176761
    endloop
  endfacet
  facet normal -0.9510565162951538 0.30901699437494706 0
    outer loop
      vertex -1.1243627448436522 0.2886872860991233 -1.7802569930514474
      vertex -1.07931469771398 0.4273309191320104 -1.7902569930514476
      vertex -1.07931469771398 0.4273309191320104 -1.8065279282896922
    endloop
  endfacet
  facet normal -0.9510565162951538 0.30901699437494706 0
    outer loop
      vertex -1.1243627448436522 0.2886872860991233 -1.7597430069485527
      vertex -1.07931469771398 0.4273309191320104 -1.7697430069485525
      vertex -1.07931469771398 0.4273309191320104 -1.7902569930514476
    endloop
  endfacet
  facet normal -0.9510565162951536 0.30901699437494706 0
    outer loop
      vertex -1.1243627448436522 0.2886872860991233 -1.7096671815636681
      vertex -1.07931469771398 0.4273309191320104 -1.7196671815636684
      vertex -1.07931469771398 0.4273309191320104 -1.7697430069485525
    endloop
  endfacet
  facet normal -0.9510565162951536 0.309016994374947 0
    outer loop
      vertex -1.07931469771398 0.4273309191320104 -1.7196671815636684
      vertex -1.1243627448436522 0.2886872860991233 -1.4798532815176761
      vertex -1.07931469771398 0.4273309191320104 -1.489853281517676
    endloop
  endfacet
  facet normal -0.7064080908128529 0.044443429978776136 -0.706408090812854
    outer loop
      vertex -1.1516789198253932 0.14549088211102693 -1.8065279282896922
      vertex -0.9597324331878276 0.1212424017591891 -2
      vertex -0.9673603585515402 0 -2
    endloop
  endfacet
  facet normal -0.6952676132329954 0.13262939049634714 -0.706408090812854
    outer loop
      vertex -1.1243627448436522 0.2886872860991233 -1.8065279282896922
      vertex -0.9369689540363768 0.24057273841593607 -2
      vertex -0.9597324331878276 0.1212424017591891 -2
    endloop
  endfacet
  facet normal -0.6731623500597134 0.21872370629683124 -0.7064080908128542
    outer loop
      vertex -1.1243627448436522 0.2886872860991233 -1.8065279282896922
      vertex -0.89942891476165 0.35610909927667533 -2
      vertex -0.9369689540363768 0.24057273841593607 -2
    endloop
  endfacet
  facet normal -0.6952676132329954 0.13262939049634717 -0.7064080908128542
    outer loop
      vertex -1.1516789198253932 0.14549088211102693 -1.8065279282896922
      vertex -1.1243627448436522 0.2886872860991233 -1.8065279282896922
      vertex -0.9597324331878276 0.1212424017591891 -2
    endloop
  endfacet
  facet normal -0.6731623500597134 0.2187237062968311 -0.7064080908128542
    outer loop
      vertex -1.1243627448436522 0.2886872860991233 -1.8065279282896922
      vertex -1.07931469771398 0.4273309191320104 -1.8065279282896922
      vertex -0.89942891476165 0.35610909927667533 -2
    endloop
  endfacet
  facet normal -0.6404409144982933 0.3013686185898066 -0.706408090812854
    outer loop
      vertex -0.89942891476165 0.35610909927667533 -2
      vertex -1.07931469771398 0.4273309191320104 -1.8065279282896922
      vertex -0.8477043442083416 0.46602940691255723 -2
    endloop
  endfacet
  facet normal -0.904827052466019 0.42577929156507405 0
    outer loop
      vertex -1.07931469771398 0.4273309191320104 -1.8065279282896922
      vertex -1.07931469771398 0.4273309191320104 -1.7902569930514476
      vertex -1.0172452130500098 0.5592352882950686 -1.8065279282896922
    endloop
  endfacet
  facet normal -0.9048270524660189 0.42577929156507405 0
    outer loop
      vertex -1.07931469771398 0.4273309191320104 -1.7902569930514476
      vertex -1.07931469771398 0.4273309191320104 -1.7697430069485525
      vertex -1.0172452130500098 0.5592352882950686 -1.8002569930514474
    endloop
  endfacet
  facet normal -0.9048270524660189 0.42577929156507405 0
    outer loop
      vertex -1.07931469771398 0.4273309191320104 -1.7697430069485525
      vertex -1.07931469771398 0.4273309191320104 -1.7196671815636684
      vertex -1.0172452130500098 0.5592352882950686 -1.7797430069485527
    endloop
  endfacet
  facet normal -0.9048270524660189 0.425779291565074 0
    outer loop
      vertex -1.07931469771398 0.4273309191320104 -1.7902569930514476
      vertex -1.0172452130500098 0.5592352882950686 -1.8002569930514474
      vertex -1.0172452130500098 0.5592352882950686 -1.8065279282896922
    endloop
  endfacet
  facet normal -0.9048270524660189 0.42577929156507394 0
    outer loop
      vertex -1.07931469771398 0.4273309191320104 -1.7697430069485525
      vertex -1.0172452130500098 0.5592352882950686 -1.7797430069485527
      vertex -1.0172452130500098 0.5592352882950686 -1.8002569930514474
    endloop
  endfacet
  facet normal -0.6404409144982931 0.3013686185898075 -0.7064080908128538
    outer loop
      vertex -1.07931469771398 0.4273309191320104 -1.8065279282896922
      vertex -1.0172452130500098 0.5592352882950686 -1.8065279282896922
      vertex -0.8477043442083416 0.46602940691255723 -2
    endloop
  endfacet
  facet normal -0.5976193431343778 0.37926076773873363 -0.7064080908128538
    outer loop
      vertex -1.0172452130500098 0.5592352882950686 -1.8065279282896922
      vertex -0.9391331637034062 0.6823201828907451 -1.8065279282896922
      vertex -0.8477043442083416 0.46602940691255723 -2
    endloop
  endfacet
  facet normal -0.8443279255020153 0.5358267949789962 0
    outer loop
      vertex -1.0172452130500098 0.5592352882950686 -1.8065279282896922
      vertex -1.0172452130500098 0.5592352882950686 -1.8002569930514474
      vertex -0.9391331637034062 0.6823201828907451 -1.8065279282896922
    endloop
  endfacet
  facet normal -0.8443279255020153 0.5358267949789962 0
    outer loop
      vertex -1.0172452130500098 0.5592352882950686 -1.8002569930514474
      vertex -1.0172452130500098 0.5592352882950686 -1.7797430069485527
      vertex -0.9391331637034062 0.6823201828907451 -1.8065279282896922
    endloop
  endfacet
  facet normal -0.8443279255020153 0.5358267949789962 0
    outer loop
      vertex -1.0172452130500098 0.5592352882950686 -1.7797430069485527
      vertex -1.0172452130500098 0.5592352882950686 -1.7296671815636682
      vertex -0.9391331637034062 0.6823201828907451 -1.7897430069485525
    endloop
  endfacet
  facet normal -0.8443279255020154 0.5358267949789962 0
    outer loop
      vertex -1.0172452130500098 0.5592352882950686 -1.7797430069485527
      vertex -0.9391331637034062 0.6823201828907451 -1.7897430069485525
      vertex -0.9391331637034062 0.6823201828907451 -1.8065279282896922
    endloop
  endfacet
  facet normal -0.8443279255020153 0.5358267949789962 0
    outer loop
      vertex -0.9391331637034062 0.6823201828907451 -1.7897430069485525
      vertex -1.0172452130500098 0.5592352882950686 -1.7296671815636682
      vertex -0.9391331637034062 0.6823201828907451 -1.739667181563668
    endloop
  endfacet
  facet normal -0.7705132427757898 0.6374239897486891 0
    outer loop
      vertex -0.9391331637034062 0.6823201828907451 -1.8065279282896922
      vertex -0.9391331637034062 0.6823201828907451 -1.7897430069485525
      vertex -0.8462104233542411 0.7946444806039143 -1.8065279282896922
    endloop
  endfacet
  facet normal -0.7705132427757897 0.6374239897486891 0
    outer loop
      vertex -0.9391331637034062 0.6823201828907451 -1.7897430069485525
      vertex -0.9391331637034062 0.6823201828907451 -1.739667181563668
      vertex -0.8462104233542411 0.7946444806039143 -1.7997430069485527
    endloop
  endfacet
  facet normal -0.5976193431343775 0.37926076773873385 -0.7064080908128539
    outer loop
      vertex -0.9391331637034062 0.6823201828907451 -1.8065279282896922
      vertex -0.7826109697528385 0.5686001524089543 -2
      vertex -0.8477043442083416 0.46602940691255723 -2
    endloop
  endfacet
  facet normal -0.5453729577287416 0.45117174802102017 -0.7064080908128539
    outer loop
      vertex -0.7826109697528385 0.5686001524089543 -2
      vertex -0.8462104233542411 0.7946444806039143 -1.8065279282896922
      vertex -0.7051753527952009 0.6622037338365954 -2
    endloop
  endfacet
  facet normal -0.5453729577287417 0.45117174802102006 -0.7064080908128538
    outer loop
      vertex -0.9391331637034062 0.6823201828907451 -1.8065279282896922
      vertex -0.8462104233542411 0.7946444806039143 -1.8065279282896922
      vertex -0.7826109697528385 0.5686001524089543 -2
    endloop
  endfacet
  facet normal -0.9048270524660188 0.425779291565074 0
    outer loop
      vertex -1.0172452130500098 0.5592352882950686 -1.7797430069485527
      vertex -1.07931469771398 0.4273309191320104 -1.7196671815636684
      vertex -1.0172452130500098 0.5592352882950686 -1.7296671815636682
    endloop
  endfacet
  facet normal -0.9048270524660189 0.425779291565074 0
    outer loop
      vertex -1.07931469771398 0.4273309191320104 -1.7196671815636684
      vertex -1.07931469771398 0.4273309191320104 -1.489853281517676
      vertex -1.0172452130500098 0.5592352882950686 -1.7296671815636682
    endloop
  endfacet
  facet normal -0.9048270524660188 0.425779291565074 0
    outer loop
      vertex -1.0172452130500098 0.5592352882950686 -1.7296671815636682
      vertex -1.07931469771398 0.4273309191320104 -1.489853281517676
      vertex -1.0172452130500098 0.5592352882950686 -1.4998532815176762
    endloop
  endfacet
  facet normal -0.8443279255020154 0.5358267949789962 0
    outer loop
      vertex -1.0172452130500098 0.5592352882950686 -1.7296671815636682
      vertex -1.0172452130500098 0.5592352882950686 -1.4998532815176762
      vertex -0.9391331637034062 0.6823201828907451 -1.739667181563668
    endloop
  endfacet
  facet normal -0.7705132427757896 0.6374239897486891 0
    outer loop
      vertex -0.9391331637034062 0.6823201828907451 -1.739667181563668
      vertex -0.9391331637034062 0.6823201828907451 -1.509853281517676
      vertex -0.8462104233542411 0.7946444806039143 -1.7496671815636682
    endloop
  endfacet
  facet normal -0.8443279255020154 0.5358267949789962 0
    outer loop
      vertex -0.9391331637034062 0.6823201828907451 -1.739667181563668
      vertex -1.0172452130500098 0.5592352882950686 -1.4998532815176762
      vertex -0.9391331637034062 0.6823201828907451 -1.509853281517676
    endloop
  endfacet
  facet normal -0.5043618321710879 -0.015368471747630709 -0.8633556349067085
    outer loop
      vertex -1.462515469557734 0 -1.2856764975702522
      vertex -1.4509830982480747 0.1833017929374873 -1.295676497570252
      vertex -1.1516789198253932 0.14549088211102693 -1.4698532815176764
    endloop
  endfacet
  facet normal -0.9822872507286887 0.18738131458572485 0
    outer loop
      vertex -1.4509830982480747 0.1833017929374873 -1.295676497570252
      vertex -1.4509830982480747 0.1833017929374873 -1.224323502429748
      vertex -1.4165678567037543 0.3637128071011676 -1.3056764975702517
    endloop
  endfacet
  facet normal -0.9822872507286886 0.18738131458572488 0
    outer loop
      vertex -1.4509830982480747 0.1833017929374873 -1.224323502429748
      vertex -1.4165678567037543 0.3637128071011676 -1.2343235024297483
      vertex -1.4165678567037543 0.3637128071011676 -1.3056764975702517
    endloop
  endfacet
  facet normal -0.5023109687379136 0.04796601255485921 -0.8633556349067086
    outer loop
      vertex -1.4509830982480747 0.1833017929374873 -1.295676497570252
      vertex -1.4165678567037543 0.3637128071011676 -1.3056764975702517
      vertex -1.1243627448436522 0.2886872860991233 -1.4798532815176761
    endloop
  endfacet
  facet normal -0.4998031765561242 -0.028055994326164093 -0.8656844955795258
    outer loop
      vertex -1.462515469557734 0 -1.2856764975702522
      vertex -1.1516789198253932 0.14549088211102693 -1.4698532815176764
      vertex -1.1608324302618482 0 -1.4598532815176761
    endloop
  endfacet
  facet normal -0.499378427714767 0.0348071838325112 -0.8656844955795252
    outer loop
      vertex -1.4509830982480747 0.1833017929374873 -1.295676497570252
      vertex -1.1243627448436522 0.2886872860991233 -1.4798532815176761
      vertex -1.1516789198253932 0.14549088211102693 -1.4698532815176764
    endloop
  endfacet
  facet normal -0.49107818275413384 0.09712143190933883 -0.8656844955795253
    outer loop
      vertex -1.1243627448436522 0.2886872860991233 -1.4798532815176761
      vertex -1.4165678567037543 0.3637128071011676 -1.3056764975702517
      vertex -1.07931469771398 0.4273309191320104 -1.489853281517676
    endloop
  endfacet
  facet normal -0.4984586082197683 0.0784605860699816 0.8633556349067089
    outer loop
      vertex -1.462515469557734 0 -1.2143235024297478
      vertex -1.1608324302618482 0 -1.0401467184823239
      vertex -1.4509830982480747 0.1833017929374873 -1.224323502429748
    endloop
  endfacet
  facet normal -0.48469439425208455 0.1403153300799251 0.8633556349067089
    outer loop
      vertex -1.4509830982480747 0.1833017929374873 -1.224323502429748
      vertex -1.1516789198253932 0.14549088211102693 -1.050146718482324
      vertex -1.4165678567037543 0.3637128071011676 -1.2343235024297483
    endloop
  endfacet
  facet normal -0.49234573073524673 0.09047671269447173 0.8656844955795258
    outer loop
      vertex -1.4509830982480747 0.1833017929374873 -1.224323502429748
      vertex -1.1608324302618482 0 -1.0401467184823239
      vertex -1.1516789198253932 0.14549088211102693 -1.050146718482324
    endloop
  endfacet
  facet normal -0.9980267284282716 0.0627905195293122 0
    outer loop
      vertex -1.1608324302618482 0 -1.0401467184823239
      vertex -1.1608324302618482 0 -0.9598532815176761
      vertex -1.1516789198253932 0.14549088211102693 -1.050146718482324
    endloop
  endfacet
  facet normal -0.4771236986275923 0.15147055925541875 0.8656844955795252
    outer loop
      vertex -1.1516789198253932 0.14549088211102693 -1.050146718482324
      vertex -1.1243627448436522 0.2886872860991233 -1.060146718482324
      vertex -1.4165678567037543 0.3637128071011676 -1.2343235024297483
    endloop
  endfacet
  facet normal -0.9822872507286885 0.1873813145857256 0
    outer loop
      vertex -1.1516789198253932 0.14549088211102693 -1.050146718482324
      vertex -1.1516789198253932 0.14549088211102693 -0.9698532815176764
      vertex -1.1243627448436522 0.2886872860991233 -1.060146718482324
    endloop
  endfacet
  facet normal -0.9822872507286885 0.1873813145857256 0
    outer loop
      vertex -1.1243627448436522 0.2886872860991233 -1.060146718482324
      vertex -1.1516789198253932 0.14549088211102693 -0.9698532815176764
      vertex -1.1243627448436522 0.2886872860991233 -0.9798532815176761
    endloop
  endfacet
  facet normal -0.9510565162951536 0.309016994374947 0
    outer loop
      vertex -1.1243627448436522 0.2886872860991233 -1.060146718482324
      vertex -1.1243627448436522 0.2886872860991233 -0.9798532815176761
      vertex -1.07931469771398 0.4273309191320104 -1.0701467184823237
    endloop
  endfacet
  facet normal -0.9510565162951535 0.30901699437494745 0
    outer loop
      vertex -1.4165678567037543 0.3637128071011676 -1.3056764975702517
      vertex -1.4165678567037543 0.3637128071011676 -1.2343235024297483
      vertex -1.359812493842596 0.5383878530253624 -1.315676497570252
    endloop
  endfacet
  facet normal -0.9510565162951536 0.30901699437494745 0
    outer loop
      vertex -1.359812493842596 0.5383878530253624 -1.315676497570252
      vertex -1.4165678567037543 0.3637128071011676 -1.2343235024297483
      vertex -1.359812493842596 0.5383878530253624 -1.244323502429748
    endloop
  endfacet
  facet normal -0.49233836126171465 0.11054404418584898 -0.863355634906709
    outer loop
      vertex -1.4165678567037543 0.3637128071011676 -1.3056764975702517
      vertex -1.359812493842596 0.5383878530253624 -1.315676497570252
      vertex -1.07931469771398 0.4273309191320104 -1.489853281517676
    endloop
  endfacet
  facet normal -0.9048270524660192 0.4257792915650733 0
    outer loop
      vertex -1.359812493842596 0.5383878530253624 -1.315676497570252
      vertex -1.359812493842596 0.5383878530253624 -1.244323502429748
      vertex -1.28161207564093 0.7045722008900338 -1.3256764975702522
    endloop
  endfacet
  facet normal -0.9048270524660192 0.4257792915650734 0
    outer loop
      vertex -1.28161207564093 0.7045722008900338 -1.3256764975702522
      vertex -1.359812493842596 0.5383878530253624 -1.244323502429748
      vertex -1.28161207564093 0.7045722008900338 -1.2543235024297479
    endloop
  endfacet
  facet normal -0.47503334149558096 0.1579040169874243 -0.8656844955795258
    outer loop
      vertex -1.0172452130500098 0.5592352882950686 -1.4998532815176762
      vertex -1.07931469771398 0.4273309191320104 -1.489853281517676
      vertex -1.359812493842596 0.5383878530253624 -1.315676497570252
    endloop
  endfacet
  facet normal -0.47460128371973737 0.17137873020421968 -0.863355634906709
    outer loop
      vertex -1.0172452130500098 0.5592352882950686 -1.4998532815176762
      vertex -1.359812493842596 0.5383878530253624 -1.315676497570252
      vertex -1.28161207564093 0.7045722008900338 -1.3256764975702522
    endloop
  endfacet
  facet normal -0.4632862601446504 0.19995721751419104 0.8633556349067085
    outer loop
      vertex -1.1243627448436522 0.2886872860991233 -1.060146718482324
      vertex -1.359812493842596 0.5383878530253624 -1.244323502429748
      vertex -1.4165678567037543 0.3637128071011676 -1.2343235024297483
    endloop
  endfacet
  facet normal -0.45437714077269775 0.210075624612783 0.8656844955795252
    outer loop
      vertex -1.1243627448436522 0.2886872860991233 -1.060146718482324
      vertex -1.07931469771398 0.4273309191320104 -1.0701467184823237
      vertex -1.359812493842596 0.5383878530253624 -1.244323502429748
    endloop
  endfacet
  facet normal -0.9510565162951536 0.309016994374947 0
    outer loop
      vertex -1.07931469771398 0.4273309191320104 -1.0701467184823237
      vertex -1.1243627448436522 0.2886872860991233 -0.9798532815176761
      vertex -1.07931469771398 0.4273309191320104 -0.9898532815176759
    endloop
  endfacet
  facet normal -0.43457182496093677 0.2564456601796084 0.8633556349067085
    outer loop
      vertex -1.28161207564093 0.7045722008900338 -1.2543235024297479
      vertex -1.359812493842596 0.5383878530253624 -1.244323502429748
      vertex -1.07931469771398 0.4273309191320104 -1.0701467184823237
    endloop
  endfacet
  facet normal -0.4244647839760678 0.26536767187691146 0.8656844955795259
    outer loop
      vertex -1.28161207564093 0.7045722008900338 -1.2543235024297479
      vertex -1.07931469771398 0.4273309191320104 -1.0701467184823237
      vertex -1.0172452130500098 0.5592352882950686 -1.080146718482324
    endloop
  endfacet
  facet normal -0.3990039324969626 0.30888980159078216 0.8633556349067091
    outer loop
      vertex -1.28161207564093 0.7045722008900338 -1.2543235024297479
      vertex -1.0172452130500098 0.5592352882950686 -1.080146718482324
      vertex -1.183199869408463 0.8596450242556375 -1.2643235024297481
    endloop
  endfacet
  facet normal -0.45149694067047924 0.21619636139033344 -0.8656844955795259
    outer loop
      vertex -1.0172452130500098 0.5592352882950686 -1.4998532815176762
      vertex -1.28161207564093 0.7045722008900338 -1.3256764975702522
      vertex -0.9391331637034062 0.6823201828907451 -1.509853281517676
    endloop
  endfacet
  facet normal -0.9048270524660189 0.425779291565074 0
    outer loop
      vertex -1.07931469771398 0.4273309191320104 -1.0701467184823237
      vertex -1.07931469771398 0.4273309191320104 -0.9898532815176759
      vertex -1.0172452130500098 0.5592352882950686 -1.080146718482324
    endloop
  endfacet
  facet normal -0.9048270524660189 0.425779291565074 0
    outer loop
      vertex -1.0172452130500098 0.5592352882950686 -1.080146718482324
      vertex -1.07931469771398 0.4273309191320104 -0.9898532815176759
      vertex -1.0172452130500098 0.5592352882950686 -0.9998532815176762
    endloop
  endfacet
  facet normal -0.3878583639731667 0.3164747124325741 0.8656844955795259
    outer loop
      vertex -1.0172452130500098 0.5592352882950686 -1.080146718482324
      vertex -0.9391331637034062 0.6823201828907451 -1.0901467184823241
      vertex -1.183199869408463 0.8596450242556375 -1.2643235024297481
    endloop
  endfacet
  facet normal -0.8443279255020152 0.5358267949789961 0
    outer loop
      vertex -1.0172452130500098 0.5592352882950686 -1.080146718482324
      vertex -1.0172452130500098 0.5592352882950686 -0.9998532815176762
      vertex -0.9391331637034062 0.6823201828907451 -1.0901467184823241
    endloop
  endfacet
  facet normal -0.7705132427757897 0.6374239897486891 0
    outer loop
      vertex -0.9391331637034062 0.6823201828907451 -1.0901467184823241
      vertex -0.9391331637034062 0.6823201828907451 -1.009853281517676
      vertex -0.8462104233542411 0.7946444806039143 -1.100146718482324
    endloop
  endfacet
  facet normal -0.8443279255020153 0.5358267949789962 0
    outer loop
      vertex -1.0172452130500098 0.5592352882950686 -0.9998532815176762
      vertex -0.9391331637034062 0.6823201828907451 -1.009853281517676
      vertex -0.9391331637034062 0.6823201828907451 -1.0901467184823241
    endloop
  endfacet
  facet normal -0.48452571498970964 0.5159674803200772 -0.706408090812854
    outer loop
      vertex -0.8462104233542411 0.7946444806039143 -1.8065279282896922
      vertex -0.6166186992726457 0.7453639668002976 -2
      vertex -0.7051753527952009 0.6622037338365954 -2
    endloop
  endfacet
  facet normal -0.7705132427757899 0.6374239897486891 0
    outer loop
      vertex -0.9391331637034062 0.6823201828907451 -1.7897430069485525
      vertex -0.8462104233542411 0.7946444806039143 -1.7997430069485527
      vertex -0.8462104233542411 0.7946444806039143 -1.8065279282896922
    endloop
  endfacet
  facet normal -0.7705132427757897 0.6374239897486891 0
    outer loop
      vertex -0.9391331637034062 0.6823201828907451 -1.739667181563668
      vertex -0.8462104233542411 0.7946444806039143 -1.7496671815636682
      vertex -0.8462104233542411 0.7946444806039143 -1.7997430069485527
    endloop
  endfacet
  facet normal -0.4845257149897098 0.515967480320077 -0.7064080908128542
    outer loop
      vertex -0.8462104233542411 0.7946444806039143 -1.8065279282896922
      vertex -0.7399424391271748 0.8944367601603571 -1.8065279282896922
      vertex -0.6166186992726457 0.7453639668002976 -2
    endloop
  endfacet
  facet normal -0.6845471059286892 0.728968627421411 0
    outer loop
      vertex -0.8462104233542411 0.7946444806039143 -1.8065279282896922
      vertex -0.8462104233542411 0.7946444806039143 -1.7997430069485527
      vertex -0.7399424391271748 0.8944367601603571 -1.8065279282896922
    endloop
  endfacet
  facet normal -0.6845471059286891 0.728968627421411 0
    outer loop
      vertex -0.8462104233542411 0.7946444806039143 -1.7997430069485527
      vertex -0.8462104233542411 0.7946444806039143 -1.7496671815636682
      vertex -0.7399424391271748 0.8944367601603571 -1.8065279282896922
    endloop
  endfacet
  facet normal -0.6845471059286891 0.728968627421411 0
    outer loop
      vertex -0.8462104233542411 0.7946444806039143 -1.7496671815636682
      vertex -0.7399424391271748 0.8944367601603571 -1.7596671815636684
      vertex -0.7399424391271748 0.8944367601603571 -1.8065279282896922
    endloop
  endfacet
  facet normal -0.6845471059286892 0.728968627421411 0
    outer loop
      vertex -0.8462104233542411 0.7946444806039143 -1.7496671815636682
      vertex -0.8462104233542411 0.7946444806039143 -1.5198532815176762
      vertex -0.7399424391271748 0.8944367601603571 -1.7596671815636684
    endloop
  endfacet
  facet normal -0.7705132427757896 0.6374239897486891 0
    outer loop
      vertex -0.9391331637034062 0.6823201828907451 -1.509853281517676
      vertex -0.8462104233542411 0.7946444806039143 -1.5198532815176762
      vertex -0.8462104233542411 0.7946444806039143 -1.7496671815636682
    endloop
  endfacet
  facet normal -0.6845471059286892 0.728968627421411 0
    outer loop
      vertex -0.7399424391271748 0.8944367601603571 -1.7596671815636684
      vertex -0.8462104233542411 0.7946444806039143 -1.5198532815176762
      vertex -0.7399424391271748 0.8944367601603571 -1.529853281517676
    endloop
  endfacet
  facet normal -0.4493794604204349 0.22951067127057942 -0.8633556349067092
    outer loop
      vertex -0.9391331637034062 0.6823201828907451 -1.509853281517676
      vertex -1.28161207564093 0.7045722008900338 -1.3256764975702522
      vertex -1.183199869408463 0.8596450242556375 -1.335676497570252
    endloop
  endfacet
  facet normal -0.8443279255020154 0.5358267949789962 0
    outer loop
      vertex -1.28161207564093 0.7045722008900338 -1.3256764975702522
      vertex -1.28161207564093 0.7045722008900338 -1.2543235024297479
      vertex -1.183199869408463 0.8596450242556375 -1.335676497570252
    endloop
  endfacet
  facet normal -0.8443279255020153 0.5358267949789961 0
    outer loop
      vertex -1.28161207564093 0.7045722008900338 -1.2543235024297479
      vertex -1.183199869408463 0.8596450242556375 -1.2643235024297481
      vertex -1.183199869408463 0.8596450242556375 -1.335676497570252
    endloop
  endfacet
  facet normal -0.7705132427757895 0.6374239897486894 0
    outer loop
      vertex -1.183199869408463 0.8596450242556375 -1.335676497570252
      vertex -1.183199869408463 0.8596450242556375 -1.2643235024297481
      vertex -1.0661278944260828 1.0011607320616838 -1.3456764975702518
    endloop
  endfacet
  facet normal -0.7705132427757895 0.6374239897486895 0
    outer loop
      vertex -1.183199869408463 0.8596450242556375 -1.2643235024297481
      vertex -1.0661278944260828 1.0011607320616838 -1.2743235024297483
      vertex -1.0661278944260828 1.0011607320616838 -1.3456764975702518
    endloop
  endfacet
  facet normal -0.41707065458402587 0.2840230919479723 -0.8633556349067085
    outer loop
      vertex -0.8462104233542411 0.7946444806039143 -1.5198532815176762
      vertex -1.183199869408463 0.8596450242556375 -1.335676497570252
      vertex -1.0661278944260828 1.0011607320616838 -1.3456764975702518
    endloop
  endfacet
  facet normal -0.4208401633798071 0.27107916002466714 -0.8656844955795259
    outer loop
      vertex -0.9391331637034062 0.6823201828907451 -1.509853281517676
      vertex -1.183199869408463 0.8596450242556375 -1.335676497570252
      vertex -0.8462104233542411 0.7946444806039143 -1.5198532815176762
    endloop
  endfacet
  facet normal -0.37818439537889437 0.334056298798172 -0.8633556349067089
    outer loop
      vertex -0.7399424391271748 0.8944367601603571 -1.529853281517676
      vertex -1.0661278944260828 1.0011607320616838 -1.3456764975702518
      vertex -0.9322424456746691 1.126887537058686 -1.355676497570252
    endloop
  endfacet
  facet normal -0.6845471059286891 0.7289686274214111 0
    outer loop
      vertex -1.0661278944260828 1.0011607320616838 -1.3456764975702518
      vertex -1.0661278944260828 1.0011607320616838 -1.2743235024297483
      vertex -0.9322424456746691 1.126887537058686 -1.355676497570252
    endloop
  endfacet
  facet normal -0.38354648531490515 0.3216868783705766 -0.8656844955795253
    outer loop
      vertex -0.8462104233542411 0.7946444806039143 -1.5198532815176762
      vertex -1.0661278944260828 1.0011607320616838 -1.3456764975702518
      vertex -0.7399424391271748 0.8944367601603571 -1.529853281517676
    endloop
  endfacet
  facet normal -0.34020405005702276 0.3672214024781517 -0.8656844955795259
    outer loop
      vertex -0.7399424391271748 0.8944367601603571 -1.529853281517676
      vertex -0.9322424456746691 1.126887537058686 -1.355676497570252
      vertex -0.6220051206148859 0.9801232376984489 -1.5398532815176758
    endloop
  endfacet
  facet normal -0.3571435096641169 0.35646256630904494 0.8633556349067091
    outer loop
      vertex -0.9391331637034062 0.6823201828907451 -1.0901467184823241
      vertex -1.0661278944260828 1.0011607320616838 -1.2743235024297483
      vertex -1.183199869408463 0.8596450242556375 -1.2643235024297481
    endloop
  endfacet
  facet normal -0.3451351858750552 0.3625907577203449 0.8656844955795253
    outer loop
      vertex -0.9391331637034062 0.6823201828907451 -1.0901467184823241
      vertex -0.8462104233542411 0.7946444806039143 -1.100146718482324
      vertex -1.0661278944260828 1.0011607320616838 -1.2743235024297483
    endloop
  endfacet
  facet normal -0.3096507203366793 0.3984137034161975 0.8633556349067085
    outer loop
      vertex -1.0661278944260828 1.0011607320616838 -1.2743235024297483
      vertex -0.8462104233542411 0.7946444806039143 -1.100146718482324
      vertex -0.9322424456746691 1.126887537058686 -1.2843235024297481
    endloop
  endfacet
  facet normal -0.7705132427757898 0.6374239897486891 0
    outer loop
      vertex -0.9391331637034062 0.6823201828907451 -1.009853281517676
      vertex -0.8462104233542411 0.7946444806039143 -1.0198532815176762
      vertex -0.8462104233542411 0.7946444806039143 -1.100146718482324
    endloop
  endfacet
  facet normal -0.6845471059286892 0.728968627421411 0
    outer loop
      vertex -0.8462104233542411 0.7946444806039143 -1.100146718482324
      vertex -0.8462104233542411 0.7946444806039143 -1.0198532815176762
      vertex -0.7399424391271748 0.8944367601603571 -1.1101467184823237
    endloop
  endfacet
  facet normal -0.6845471059286892 0.728968627421411 0
    outer loop
      vertex -0.8462104233542411 0.7946444806039143 -1.0198532815176762
      vertex -0.7399424391271748 0.8944367601603571 -1.029853281517676
      vertex -0.7399424391271748 0.8944367601603571 -1.1101467184823237
    endloop
  endfacet
  facet normal -0.29696901972192535 0.40298853015764796 0.8656844955795253
    outer loop
      vertex -0.8462104233542411 0.7946444806039143 -1.100146718482324
      vertex -0.7399424391271748 0.8944367601603571 -1.1101467184823237
      vertex -0.9322424456746691 1.126887537058686 -1.2843235024297481
    endloop
  endfacet
  facet normal -0.6845471059286892 0.7289686274214111 0
    outer loop
      vertex -1.0661278944260828 1.0011607320616838 -1.2743235024297483
      vertex -0.9322424456746691 1.126887537058686 -1.2843235024297481
      vertex -0.9322424456746691 1.126887537058686 -1.355676497570252
    endloop
  endfacet
  facet normal -0.333333942342228 0.3788212382607678 -0.8633556349067092
    outer loop
      vertex -0.9322424456746691 1.126887537058686 -1.355676497570252
      vertex -0.7836549766603231 1.234842652426287 -1.3656764975702518
      vertex -0.6220051206148859 0.9801232376984489 -1.5398532815176758
    endloop
  endfacet
  facet normal -0.5877852522924729 0.8090169943749477 0
    outer loop
      vertex -0.9322424456746691 1.126887537058686 -1.355676497570252
      vertex -0.9322424456746691 1.126887537058686 -1.2843235024297481
      vertex -0.7836549766603231 1.234842652426287 -1.3656764975702518
    endloop
  endfacet
  facet normal -0.5877852522924729 0.8090169943749476 0
    outer loop
      vertex -0.9322424456746691 1.126887537058686 -1.2843235024297481
      vertex -0.7836549766603231 1.234842652426287 -1.294323502429748
      vertex -0.7836549766603231 1.234842652426287 -1.3656764975702518
    endloop
  endfacet
  facet normal -0.481753674101715 0.8763066800438638 0
    outer loop
      vertex -0.7836549766603231 1.234842652426287 -1.3656764975702518
      vertex -0.7836549766603231 1.234842652426287 -1.294323502429748
      vertex -0.6227088005312517 1.323323561505881 -1.375676497570252
    endloop
  endfacet
  facet normal -0.25727455417315526 0.43408161841966825 0.8633556349067085
    outer loop
      vertex -0.7399424391271748 0.8944367601603571 -1.1101467184823237
      vertex -0.7836549766603231 1.234842652426287 -1.294323502429748
      vertex -0.9322424456746691 1.126887537058686 -1.2843235024297481
    endloop
  endfacet
  facet normal 0 0 -1
    outer loop
      vertex -0.9673603585515402 0 -2
      vertex -0.9597324331878276 0.1212424017591891 -2
      vertex 0 0 -2
    endloop
  endfacet
  facet normal 0 0 -1
    outer loop
      vertex -0.9597324331878276 0.1212424017591891 -2
      vertex -0.9369689540363768 0.24057273841593607 -2
      vertex 0 0 -2
    endloop
  endfacet
  facet normal 0 0 -1
    outer loop
      vertex -0.9369689540363768 0.24057273841593607 -2
      vertex -0.89942891476165 0.35610909927667533 -2
      vertex 0 0 -2
    endloop
  endfacet
  facet normal 0 0 -1
    outer loop
      vertex -0.89942891476165 0.35610909927667533 -2
      vertex -0.8477043442083416 0.46602940691255723 -2
      vertex 0 0 -2
    endloop
  endfacet
  facet normal 0 0 -1
    outer loop
      vertex -0.8477043442083416 0.46602940691255723 -2
      vertex -0.7826109697528385 0.5686001524089543 -2
      vertex 0 0 -2
    endloop
  endfacet
  facet normal 0 0 -1
    outer loop
      vertex -0.7826109697528385 0.5686001524089543 -2
      vertex -0.7051753527952009 0.6622037338365954 -2
      vertex 0 0 -2
    endloop
  endfacet
  facet normal 0 0 -1
    outer loop
      vertex -0.7051753527952009 0.6622037338365954 -2
      vertex -0.6166186992726457 0.7453639668002976 -2
      vertex 0 0 -2
    endloop
  endfacet
  facet normal 0 0 -1
    outer loop
      vertex -0.6166186992726457 0.7453639668002976 -2
      vertex -0.518337600512405 0.8167693647487074 -2
      vertex 0 0 -2
    endloop
  endfacet
  facet normal 0 0 -1
    outer loop
      vertex -0.518337600512405 0.8167693647487074 -2
      vertex -0.41188200815220954 0.8752938219006619 -2
      vertex 0 0 -2
    endloop
  endfacet
  facet normal 0 0 -1
    outer loop
      vertex -0.41188200815220954 0.8752938219006619 -2
      vertex -0.2989307904770684 0.9200143726060586 -2
      vertex 0 0 -2
    endloop
  endfacet
  facet normal 0 0 -1
    outer loop
      vertex -0.2989307904770684 0.9200143726060586 -2
      vertex -0.18126525566350546 0.9502257470655111 -2
      vertex 0 0 -2
    endloop
  endfacet
  facet normal 0 0 -1
    outer loop
      vertex -0.18126525566350546 0.9502257470655111 -2
      vertex -0.06074105948551399 0.9654514938563934 -2
      vertex 0 0 -2
    endloop
  endfacet
  facet normal -0.4160372122836576 0.5726260972304539 -0.7064080908128542
    outer loop
      vertex -0.7399424391271748 0.8944367601603571 -1.8065279282896922
      vertex -0.518337600512405 0.8167693647487074 -2
      vertex -0.6166186992726457 0.7453639668002976 -2
    endloop
  endfacet
  facet normal -0.4160372122836574 0.5726260972304542 -0.7064080908128539
    outer loop
      vertex -0.7399424391271748 0.8944367601603571 -1.8065279282896922
      vertex -0.6220051206148859 0.9801232376984489 -1.8065279282896922
      vertex -0.518337600512405 0.8167693647487074 -2
    endloop
  endfacet
  facet normal -0.5877852522924727 0.8090169943749477 0
    outer loop
      vertex -0.7399424391271748 0.8944367601603571 -1.8065279282896922
      vertex -0.7399424391271748 0.8944367601603571 -1.7596671815636684
      vertex -0.6220051206148859 0.9801232376984489 -1.8065279282896922
    endloop
  endfacet
  facet normal -0.5877852522924728 0.8090169943749478 0
    outer loop
      vertex -0.7399424391271748 0.8944367601603571 -1.7596671815636684
      vertex -0.6220051206148859 0.9801232376984489 -1.7696671815636682
      vertex -0.6220051206148859 0.9801232376984489 -1.8065279282896922
    endloop
  endfacet
  facet normal -0.48175367410171516 0.8763066800438637 0
    outer loop
      vertex -0.6220051206148859 0.9801232376984489 -1.8065279282896922
      vertex -0.6220051206148859 0.9801232376984489 -1.7696671815636682
      vertex -0.4942584097826514 1.0503525862807943 -1.8065279282896922
    endloop
  endfacet
  facet normal -0.34098755421130805 0.6202540585172571 -0.7064080908128539
    outer loop
      vertex -0.6220051206148859 0.9801232376984489 -1.8065279282896922
      vertex -0.41188200815220954 0.8752938219006619 -2
      vertex -0.518337600512405 0.8167693647487074 -2
    endloop
  endfacet
  facet normal -0.2605603187129561 0.6581002427794272 -0.7064080908128542
    outer loop
      vertex -0.41188200815220954 0.8752938219006619 -2
      vertex -0.4942584097826514 1.0503525862807943 -1.8065279282896922
      vertex -0.2989307904770684 0.9200143726060586 -2
    endloop
  endfacet
  facet normal -0.3409875542113084 0.6202540585172567 -0.7064080908128542
    outer loop
      vertex -0.6220051206148859 0.9801232376984489 -1.8065279282896922
      vertex -0.4942584097826514 1.0503525862807943 -1.8065279282896922
      vertex -0.41188200815220954 0.8752938219006619 -2
    endloop
  endfacet
  facet normal -0.4817536741017151 0.8763066800438636 0
    outer loop
      vertex -0.6220051206148859 0.9801232376984489 -1.7696671815636682
      vertex -0.4942584097826514 1.0503525862807943 -1.779667181563668
      vertex -0.4942584097826514 1.0503525862807943 -1.8065279282896922
    endloop
  endfacet
  facet normal -0.26056031871295576 0.6581002427794275 -0.706408090812854
    outer loop
      vertex -0.4942584097826514 1.0503525862807943 -1.8065279282896922
      vertex -0.3587169485724821 1.1040172471272702 -1.8065279282896922
      vertex -0.2989307904770684 0.9200143726060586 -2
    endloop
  endfacet
  facet normal -0.36812455268467803 0.9297764858882513 0
    outer loop
      vertex -0.4942584097826514 1.0503525862807943 -1.8065279282896922
      vertex -0.4942584097826514 1.0503525862807943 -1.779667181563668
      vertex -0.3587169485724821 1.1040172471272702 -1.8065279282896922
    endloop
  endfacet
  facet normal -0.5877852522924727 0.8090169943749477 0
    outer loop
      vertex -0.7399424391271748 0.8944367601603571 -1.7596671815636684
      vertex -0.7399424391271748 0.8944367601603571 -1.529853281517676
      vertex -0.6220051206148859 0.9801232376984489 -1.7696671815636682
    endloop
  endfacet
  facet normal -0.48175367410171516 0.8763066800438636 0
    outer loop
      vertex -0.6220051206148859 0.9801232376984489 -1.7696671815636682
      vertex -0.6220051206148859 0.9801232376984489 -1.5398532815176758
      vertex -0.4942584097826514 1.0503525862807943 -1.779667181563668
    endloop
  endfacet
  facet normal -0.5877852522924728 0.8090169943749477 0
    outer loop
      vertex -0.7399424391271748 0.8944367601603571 -1.529853281517676
      vertex -0.6220051206148859 0.9801232376984489 -1.5398532815176758
      vertex -0.6220051206148859 0.9801232376984489 -1.7696671815636682
    endloop
  endfacet
  facet normal -0.3681245526846781 0.9297764858882513 0
    outer loop
      vertex -0.4942584097826514 1.0503525862807943 -1.779667181563668
      vertex -0.4942584097826514 1.0503525862807943 -1.549853281517676
      vertex -0.3587169485724821 1.1040172471272702 -1.7896671815636682
    endloop
  endfacet
  facet normal -0.4817536741017151 0.8763066800438636 0
    outer loop
      vertex -0.4942584097826514 1.0503525862807943 -1.779667181563668
      vertex -0.6220051206148859 0.9801232376984489 -1.5398532815176758
      vertex -0.4942584097826514 1.0503525862807943 -1.549853281517676
    endloop
  endfacet
  facet normal -0.3681245526846779 0.9297764858882513 0
    outer loop
      vertex -0.4942584097826514 1.0503525862807943 -1.779667181563668
      vertex -0.3587169485724821 1.1040172471272702 -1.7896671815636682
      vertex -0.3587169485724821 1.1040172471272702 -1.8065279282896922
    endloop
  endfacet
  facet normal -0.3681245526846781 0.9297764858882513 0
    outer loop
      vertex -0.4942584097826514 1.0503525862807943 -1.549853281517676
      vertex -0.3587169485724821 1.1040172471272702 -1.5598532815176762
      vertex -0.3587169485724821 1.1040172471272702 -1.7896671815636682
    endloop
  endfacet
  facet normal -0.1760238913373103 0.6855677930829375 -0.706408090812854
    outer loop
      vertex -0.2989307904770684 0.9200143726060586 -2
      vertex -0.3587169485724821 1.1040172471272702 -1.8065279282896922
      vertex -0.18126525566350546 0.9502257470655111 -2
    endloop
  endfacet
  facet normal -0.17602389133731008 0.6855677930829377 -0.706408090812854
    outer loop
      vertex -0.18126525566350546 0.9502257470655111 -2
      vertex -0.3587169485724821 1.1040172471272702 -1.8065279282896922
      vertex -0.21751830679620654 1.1402708964786132 -1.8065279282896922
    endloop
  endfacet
  facet normal -0.08871146204369784 0.7022235297511814 -0.7064080908128538
    outer loop
      vertex -0.18126525566350546 0.9502257470655111 -2
      vertex -0.21751830679620654 1.1402708964786132 -1.8065279282896922
      vertex -0.06074105948551399 0.9654514938563934 -2
    endloop
  endfacet
  facet normal -0.24868988716485502 0.9685831611286311 0
    outer loop
      vertex -0.3587169485724821 1.1040172471272702 -1.8065279282896922
      vertex -0.3587169485724821 1.1040172471272702 -1.7896671815636682
      vertex -0.21751830679620654 1.1402708964786132 -1.8065279282896922
    endloop
  endfacet
  facet normal -0.24868988716485493 0.968583161128631 0
    outer loop
      vertex -0.3587169485724821 1.1040172471272702 -1.7896671815636682
      vertex -0.21751830679620654 1.1402708964786132 -1.799667181563668
      vertex -0.21751830679620654 1.1402708964786132 -1.8065279282896922
    endloop
  endfacet
  facet normal -0.08871146204369786 0.7022235297511814 -0.7064080908128539
    outer loop
      vertex -0.06074105948551399 0.9654514938563934 -2
      vertex -0.21751830679620654 1.1402708964786132 -1.8065279282896922
      vertex -0.07288927138261678 1.158541792627672 -1.8065279282896922
    endloop
  endfacet
  facet normal -0.12533323356430276 0.9921147013144779 0
    outer loop
      vertex -0.21751830679620654 1.1402708964786132 -1.8065279282896922
      vertex -0.21751830679620654 1.1402708964786132 -1.799667181563668
      vertex -0.07288927138261678 1.158541792627672 -1.8065279282896922
    endloop
  endfacet
  facet normal 0 0.7078047818672454 -0.7064080908128539
    outer loop
      vertex -0.06074105948551399 0.9654514938563934 -2
      vertex -0.07288927138261678 1.158541792627672 -1.8065279282896922
      vertex 0.07288927138261678 1.158541792627672 -1.8065279282896922
    endloop
  endfacet
  facet normal -0.24868988716485504 0.9685831611286311 0
    outer loop
      vertex -0.3587169485724821 1.1040172471272702 -1.7896671815636682
      vertex -0.3587169485724821 1.1040172471272702 -1.5598532815176762
      vertex -0.21751830679620654 1.1402708964786132 -1.799667181563668
    endloop
  endfacet
  facet normal -0.24868988716485504 0.9685831611286311 0
    outer loop
      vertex -0.21751830679620654 1.1402708964786132 -1.799667181563668
      vertex -0.3587169485724821 1.1040172471272702 -1.5598532815176762
      vertex -0.21751830679620654 1.1402708964786132 -1.569853281517676
    endloop
  endfacet
  facet normal -0.18113051162346006 0.4666712888878494 -0.8656844955795252
    outer loop
      vertex -0.3587169485724821 1.1040172471272702 -1.5598532815176762
      vertex -0.45194213462959587 1.3909348675053492 -1.3856764975702518
      vertex -0.21751830679620654 1.1402708964786132 -1.569853281517676
    endloop
  endfacet
  facet normal -0.12121282179031101 0.48569311910593527 -0.8656844955795259
    outer loop
      vertex -0.21751830679620654 1.1402708964786132 -1.569853281517676
      vertex -0.27404807128768643 1.4366102997400438 -1.395676497570252
      vertex -0.07288927138261678 1.158541792627672 -1.5798532815176758
    endloop
  endfacet
  facet normal -0.1253332335643028 0.992114701314478 0
    outer loop
      vertex -0.21751830679620654 1.1402708964786132 -1.799667181563668
      vertex -0.21751830679620654 1.1402708964786132 -1.569853281517676
      vertex -0.07288927138261678 1.158541792627672 -1.8065279282896922
    endloop
  endfacet
  facet normal -0.1253332335643028 0.9921147013144781 0
    outer loop
      vertex -0.07288927138261678 1.158541792627672 -1.8065279282896922
      vertex -0.21751830679620654 1.1402708964786132 -1.569853281517676
      vertex -0.07288927138261678 1.158541792627672 -1.5798532815176758
    endloop
  endfacet
  facet normal 0 1 0
    outer loop
      vertex -0.07288927138261678 1.158541792627672 -1.8065279282896922
      vertex -0.07288927138261678 1.158541792627672 -1.5798532815176758
      vertex 0.07288927138261678 1.158541792627672 -1.8065279282896922
    endloop
  endfacet
  facet normal -0.05938353334850328 0.49705527869671495 -0.8656844955795259
    outer loop
      vertex -0.07288927138261678 1.158541792627672 -1.5798532815176758
      vertex -0.09183210615318768 1.4596295293584427 -1.4056764975702518
      vertex 0.07288927138261678 1.158541792627672 -1.589853281517676
    endloop
  endfacet
  facet normal -0.24411947472708348 0.43703093274068705 0.8656844955795258
    outer loop
      vertex -0.7399424391271748 0.8944367601603571 -1.1101467184823237
      vertex -0.6220051206148859 0.9801232376984489 -1.120146718482324
      vertex -0.7836549766603231 1.234842652426287 -1.294323502429748
    endloop
  endfacet
  facet normal -0.5877852522924728 0.8090169943749478 0
    outer loop
      vertex -0.7399424391271748 0.8944367601603571 -1.1101467184823237
      vertex -0.7399424391271748 0.8944367601603571 -1.029853281517676
      vertex -0.6220051206148859 0.9801232376984489 -1.120146718482324
    endloop
  endfacet
  facet normal -0.5877852522924727 0.8090169943749477 0
    outer loop
      vertex -0.7399424391271748 0.8944367601603571 -1.029853281517676
      vertex -0.6220051206148859 0.9801232376984489 -1.0398532815176758
      vertex -0.6220051206148859 0.9801232376984489 -1.120146718482324
    endloop
  endfacet
  facet normal -0.48175367410171516 0.8763066800438637 0
    outer loop
      vertex -0.6220051206148859 0.9801232376984489 -1.120146718482324
      vertex -0.6220051206148859 0.9801232376984489 -1.0398532815176758
      vertex -0.4942584097826514 1.0503525862807943 -1.1301467184823242
    endloop
  endfacet
  facet normal -0.48175367410171516 0.8763066800438637 0
    outer loop
      vertex -0.6220051206148859 0.9801232376984489 -1.0398532815176758
      vertex -0.4942584097826514 1.0503525862807943 -1.049853281517676
      vertex -0.4942584097826514 1.0503525862807943 -1.1301467184823242
    endloop
  endfacet
  facet normal -0.36812455268467803 0.9297764858882513 0
    outer loop
      vertex -0.4942584097826514 1.0503525862807943 -1.1301467184823242
      vertex -0.4942584097826514 1.0503525862807943 -1.049853281517676
      vertex -0.3587169485724821 1.1040172471272702 -1.140146718482324
    endloop
  endfacet
  facet normal -0.2914963937016954 0.4069646257012127 -0.8656844955795258
    outer loop
      vertex -0.7836549766603231 1.234842652426287 -1.3656764975702518
      vertex -0.4942584097826514 1.0503525862807943 -1.549853281517676
      vertex -0.6220051206148859 0.9801232376984489 -1.5398532815176758
    endloop
  endfacet
  facet normal -0.28322661391078297 0.41761194049915024 -0.863355634906709
    outer loop
      vertex -0.7836549766603231 1.234842652426287 -1.3656764975702518
      vertex -0.6227088005312517 1.323323561505881 -1.375676497570252
      vertex -0.4942584097826514 1.0503525862807943 -1.549853281517676
    endloop
  endfacet
  facet normal -0.48175367410171505 0.8763066800438637 0
    outer loop
      vertex -0.7836549766603231 1.234842652426287 -1.294323502429748
      vertex -0.6227088005312517 1.323323561505881 -1.3043235024297481
      vertex -0.6227088005312517 1.323323561505881 -1.375676497570252
    endloop
  endfacet
  facet normal -0.36812455268467786 0.9297764858882513 0
    outer loop
      vertex -0.6227088005312517 1.323323561505881 -1.375676497570252
      vertex -0.6227088005312517 1.323323561505881 -1.3043235024297481
      vertex -0.45194213462959587 1.3909348675053492 -1.3856764975702518
    endloop
  endfacet
  facet normal -0.2381916650861853 0.4402897736680839 -0.8656844955795259
    outer loop
      vertex -0.4942584097826514 1.0503525862807943 -1.549853281517676
      vertex -0.6227088005312517 1.323323561505881 -1.375676497570252
      vertex -0.3587169485724821 1.1040172471272702 -1.5598532815176762
    endloop
  endfacet
  facet normal -0.14124009225386894 0.4844257260044639 0.8633556349067091
    outer loop
      vertex -0.4942584097826514 1.0503525862807943 -1.1301467184823242
      vertex -0.45194213462959587 1.3909348675053492 -1.314323502429748
      vertex -0.6227088005312517 1.323323561505881 -1.3043235024297481
    endloop
  endfacet
  facet normal -0.22865263258658355 0.44981665296658263 -0.8633556349067084
    outer loop
      vertex -0.3587169485724821 1.1040172471272702 -1.5598532815176762
      vertex -0.6227088005312517 1.323323561505881 -1.375676497570252
      vertex -0.45194213462959587 1.3909348675053492 -1.3856764975702518
    endloop
  endfacet
  facet normal -0.368124552684678 0.9297764858882515 0
    outer loop
      vertex -0.6227088005312517 1.323323561505881 -1.3043235024297481
      vertex -0.45194213462959587 1.3909348675053492 -1.314323502429748
      vertex -0.45194213462959587 1.3909348675053492 -1.3856764975702518
    endloop
  endfacet
  facet normal -0.07941172927819966 0.4983079619350662 0.8633556349067089
    outer loop
      vertex -0.45194213462959587 1.3909348675053492 -1.314323502429748
      vertex -0.3587169485724821 1.1040172471272702 -1.140146718482324
      vertex -0.27404807128768643 1.4366102997400438 -1.3243235024297482
    endloop
  endfacet
  facet normal -0.24868988716485532 0.9685831611286311 0
    outer loop
      vertex -0.45194213462959587 1.3909348675053492 -1.3856764975702518
      vertex -0.45194213462959587 1.3909348675053492 -1.314323502429748
      vertex -0.27404807128768643 1.4366102997400438 -1.395676497570252
    endloop
  endfacet
  facet normal -0.20084101460194967 0.4629038069928708 0.863355634906709
    outer loop
      vertex -0.7836549766603231 1.234842652426287 -1.294323502429748
      vertex -0.6220051206148859 0.9801232376984489 -1.120146718482324
      vertex -0.6227088005312517 1.323323561505881 -1.3043235024297481
    endloop
  endfacet
  facet normal -0.1874200197858937 0.46418109644477906 0.8656844955795258
    outer loop
      vertex -0.6220051206148859 0.9801232376984489 -1.120146718482324
      vertex -0.4942584097826514 1.0503525862807943 -1.1301467184823242
      vertex -0.6227088005312517 1.323323561505881 -1.3043235024297481
    endloop
  endfacet
  facet normal -0.12776483917338977 0.48401084696958985 0.8656844955795259
    outer loop
      vertex -0.4942584097826514 1.0503525862807943 -1.1301467184823242
      vertex -0.3587169485724821 1.1040172471272702 -1.140146718482324
      vertex -0.45194213462959587 1.3909348675053492 -1.314323502429748
    endloop
  endfacet
  facet normal -0.3681245526846781 0.9297764858882515 0
    outer loop
      vertex -0.4942584097826514 1.0503525862807943 -1.049853281517676
      vertex -0.3587169485724821 1.1040172471272702 -1.0598532815176762
      vertex -0.3587169485724821 1.1040172471272702 -1.140146718482324
    endloop
  endfacet
  facet normal -0.1704726626560351 0.4749274881092851 -0.863355634906709
    outer loop
      vertex -0.21751830679620654 1.1402708964786132 -1.569853281517676
      vertex -0.45194213462959587 1.3909348675053492 -1.3856764975702518
      vertex -0.27404807128768643 1.4366102997400438 -1.395676497570252
    endloop
  endfacet
  facet normal -0.24868988716485524 0.968583161128631 0
    outer loop
      vertex -0.45194213462959587 1.3909348675053492 -1.314323502429748
      vertex -0.27404807128768643 1.4366102997400438 -1.3243235024297482
      vertex -0.27404807128768643 1.4366102997400438 -1.395676497570252
    endloop
  endfacet
  facet normal -0.016330995893548826 0.5043315836312049 0.8633556349067084
    outer loop
      vertex -0.27404807128768643 1.4366102997400438 -1.3243235024297482
      vertex -0.21751830679620654 1.1402708964786132 -1.1501467184823237
      vertex -0.09183210615318768 1.4596295293584427 -1.334323502429748
    endloop
  endfacet
  facet normal -0.10960423699996412 0.4925484330565764 -0.8633556349067093
    outer loop
      vertex -0.07288927138261678 1.158541792627672 -1.5798532815176758
      vertex -0.27404807128768643 1.4366102997400438 -1.395676497570252
      vertex -0.09183210615318768 1.4596295293584427 -1.4056764975702518
    endloop
  endfacet
  facet normal 0.047007287052011064 0.5024015949803933 0.8633556349067091
    outer loop
      vertex -0.07288927138261678 1.158541792627672 -1.160146718482324
      vertex 0.09183210615318768 1.4596295293584427 -1.3443235024297482
      vertex -0.09183210615318768 1.4596295293584427 -1.334323502429748
    endloop
  endfacet
  facet normal -0.06609473072410389 0.4962074573036272 0.8656844955795254
    outer loop
      vertex -0.27404807128768643 1.4366102997400438 -1.3243235024297482
      vertex -0.3587169485724821 1.1040172471272702 -1.140146718482324
      vertex -0.21751830679620654 1.1402708964786132 -1.1501467184823237
    endloop
  endfacet
  facet normal -0.24868988716485504 0.9685831611286311 0
    outer loop
      vertex -0.3587169485724821 1.1040172471272702 -1.140146718482324
      vertex -0.3587169485724821 1.1040172471272702 -1.0598532815176762
      vertex -0.21751830679620654 1.1402708964786132 -1.1501467184823237
    endloop
  endfacet
  facet normal -0.18113051162346006 0.4666712888878494 -0.8656844955795252
    outer loop
      vertex -0.3587169485724821 1.1040172471272702 -1.0598532815176762
      vertex -0.45194213462959587 1.3909348675053492 -0.8856764975702518
      vertex -0.21751830679620654 1.1402708964786132 -1.069853281517676
    endloop
  endfacet
  facet normal -0.24868988716485504 0.9685831611286311 0
    outer loop
      vertex -0.21751830679620654 1.1402708964786132 -1.1501467184823237
      vertex -0.3587169485724821 1.1040172471272702 -1.0598532815176762
      vertex -0.21751830679620654 1.1402708964786132 -1.069853281517676
    endloop
  endfacet
  facet normal -0.12121282179031101 0.48569311910593527 -0.8656844955795259
    outer loop
      vertex -0.21751830679620654 1.1402708964786132 -1.069853281517676
      vertex -0.27404807128768643 1.4366102997400438 -0.895676497570252
      vertex -0.07288927138261678 1.158541792627672 -1.0798532815176758
    endloop
  endfacet
  facet normal -0.12533323356430276 0.9921147013144779 0
    outer loop
      vertex -0.21751830679620654 1.1402708964786132 -1.1501467184823237
      vertex -0.21751830679620654 1.1402708964786132 -1.069853281517676
      vertex -0.07288927138261678 1.158541792627672 -1.160146718482324
    endloop
  endfacet
  facet normal -0.003382268888216412 0.5005785796160176 0.8656844955795259
    outer loop
      vertex -0.21751830679620654 1.1402708964786132 -1.1501467184823237
      vertex -0.07288927138261678 1.158541792627672 -1.160146718482324
      vertex -0.09183210615318768 1.4596295293584427 -1.334323502429748
    endloop
  endfacet
  facet normal 0 1 0
    outer loop
      vertex -0.07288927138261678 1.158541792627672 -1.160146718482324
      vertex -0.07288927138261678 1.158541792627672 -1.0798532815176758
      vertex 0.07288927138261678 1.158541792627672 -1.1701467184823242
    endloop
  endfacet
  facet normal -0.1253332335643028 0.992114701314478 0
    outer loop
      vertex -0.21751830679620654 1.1402708964786132 -1.069853281517676
      vertex -0.07288927138261678 1.158541792627672 -1.0798532815176758
      vertex -0.07288927138261678 1.158541792627672 -1.160146718482324
    endloop
  endfacet
  facet normal -0.05938353334850332 0.49705527869671406 -0.8656844955795265
    outer loop
      vertex -0.07288927138261678 1.158541792627672 -1.0798532815176758
      vertex -0.09183210615318768 1.4596295293584427 -0.9056764975702523
      vertex 0.07288927138261678 1.158541792627672 -1.089853281517676
    endloop
  endfacet
  facet normal -0.5043618321710879 -0.015368471747630709 -0.8633556349067085
    outer loop
      vertex -1.462515469557734 0 -0.7856764975702522
      vertex -1.4509830982480747 0.1833017929374873 -0.7956764975702519
      vertex -1.1516789198253932 0.14549088211102693 -0.9698532815176764
    endloop
  endfacet
  facet normal -0.9822872507286887 0.18738131458572485 0
    outer loop
      vertex -1.4509830982480747 0.1833017929374873 -0.7956764975702519
      vertex -1.4509830982480747 0.1833017929374873 -0.7243235024297481
      vertex -1.4165678567037543 0.3637128071011676 -0.8056764975702517
    endloop
  endfacet
  facet normal -0.9822872507286886 0.18738131458572488 0
    outer loop
      vertex -1.4509830982480747 0.1833017929374873 -0.7243235024297481
      vertex -1.4165678567037543 0.3637128071011676 -0.7343235024297483
      vertex -1.4165678567037543 0.3637128071011676 -0.8056764975702517
    endloop
  endfacet
  facet normal -0.5023109687379136 0.04796601255485921 -0.8633556349067086
    outer loop
      vertex -1.4509830982480747 0.1833017929374873 -0.7956764975702519
      vertex -1.4165678567037543 0.3637128071011676 -0.8056764975702517
      vertex -1.1243627448436522 0.2886872860991233 -0.9798532815176761
    endloop
  endfacet
  facet normal -0.4998031765561242 -0.028055994326164093 -0.8656844955795258
    outer loop
      vertex -1.462515469557734 0 -0.7856764975702522
      vertex -1.1516789198253932 0.14549088211102693 -0.9698532815176764
      vertex -1.1608324302618482 0 -0.9598532815176761
    endloop
  endfacet
  facet normal -0.9980267284282716 0.0627905195293122 0
    outer loop
      vertex -1.1516789198253932 0.14549088211102693 -1.050146718482324
      vertex -1.1608324302618482 0 -0.9598532815176761
      vertex -1.1516789198253932 0.14549088211102693 -0.9698532815176764
    endloop
  endfacet
  facet normal -0.499378427714767 0.0348071838325112 -0.8656844955795252
    outer loop
      vertex -1.4509830982480747 0.1833017929374873 -0.7956764975702519
      vertex -1.1243627448436522 0.2886872860991233 -0.9798532815176761
      vertex -1.1516789198253932 0.14549088211102693 -0.9698532815176764
    endloop
  endfacet
  facet normal -0.49107818275413384 0.09712143190933883 -0.8656844955795253
    outer loop
      vertex -1.1243627448436522 0.2886872860991233 -0.9798532815176761
      vertex -1.4165678567037543 0.3637128071011676 -0.8056764975702517
      vertex -1.07931469771398 0.4273309191320104 -0.9898532815176759
    endloop
  endfacet
  facet normal -0.4984586082197683 0.0784605860699816 0.8633556349067089
    outer loop
      vertex -1.462515469557734 0 -0.7143235024297478
      vertex -1.1608324302618482 0 -0.5401467184823239
      vertex -1.4509830982480747 0.1833017929374873 -0.7243235024297481
    endloop
  endfacet
  facet normal -0.48469439425208455 0.1403153300799251 0.8633556349067089
    outer loop
      vertex -1.4509830982480747 0.1833017929374873 -0.7243235024297481
      vertex -1.1516789198253932 0.14549088211102693 -0.5501467184823241
      vertex -1.4165678567037543 0.3637128071011676 -0.7343235024297483
    endloop
  endfacet
  facet normal -0.49234573073524673 0.09047671269447173 0.8656844955795258
    outer loop
      vertex -1.4509830982480747 0.1833017929374873 -0.7243235024297481
      vertex -1.1608324302618482 0 -0.5401467184823239
      vertex -1.1516789198253932 0.14549088211102693 -0.5501467184823241
    endloop
  endfacet
  facet normal -0.9980267284282716 0.0627905195293122 0
    outer loop
      vertex -1.1608324302618482 0 -0.5401467184823239
      vertex -1.1608324302618482 0 -0.4598532815176761
      vertex -1.1516789198253932 0.14549088211102693 -0.5501467184823241
    endloop
  endfacet
  facet normal -0.4771236986275923 0.15147055925541875 0.8656844955795252
    outer loop
      vertex -1.1516789198253932 0.14549088211102693 -0.5501467184823241
      vertex -1.1243627448436522 0.2886872860991233 -0.5601467184823239
      vertex -1.4165678567037543 0.3637128071011676 -0.7343235024297483
    endloop
  endfacet
  facet normal -0.9822872507286885 0.1873813145857256 0
    outer loop
      vertex -1.1516789198253932 0.14549088211102693 -0.5501467184823241
      vertex -1.1516789198253932 0.14549088211102693 -0.46985328151767636
      vertex -1.1243627448436522 0.2886872860991233 -0.5601467184823239
    endloop
  endfacet
  facet normal -0.9822872507286885 0.1873813145857256 0
    outer loop
      vertex -1.1243627448436522 0.2886872860991233 -0.5601467184823239
      vertex -1.1516789198253932 0.14549088211102693 -0.46985328151767636
      vertex -1.1243627448436522 0.2886872860991233 -0.47985328151767614
    endloop
  endfacet
  facet normal -0.9510565162951536 0.309016994374947 0
    outer loop
      vertex -1.1243627448436522 0.2886872860991233 -0.5601467184823239
      vertex -1.1243627448436522 0.2886872860991233 -0.47985328151767614
      vertex -1.07931469771398 0.4273309191320104 -0.5701467184823237
    endloop
  endfacet
  facet normal -0.9510565162951535 0.30901699437494745 0
    outer loop
      vertex -1.4165678567037543 0.3637128071011676 -0.8056764975702517
      vertex -1.4165678567037543 0.3637128071011676 -0.7343235024297483
      vertex -1.359812493842596 0.5383878530253624 -0.815676497570252
    endloop
  endfacet
  facet normal -0.9510565162951536 0.30901699437494745 0
    outer loop
      vertex -1.359812493842596 0.5383878530253624 -0.815676497570252
      vertex -1.4165678567037543 0.3637128071011676 -0.7343235024297483
      vertex -1.359812493842596 0.5383878530253624 -0.7443235024297481
    endloop
  endfacet
  facet normal -0.49233836126171465 0.11054404418584898 -0.863355634906709
    outer loop
      vertex -1.4165678567037543 0.3637128071011676 -0.8056764975702517
      vertex -1.359812493842596 0.5383878530253624 -0.815676497570252
      vertex -1.07931469771398 0.4273309191320104 -0.9898532815176759
    endloop
  endfacet
  facet normal -0.9048270524660192 0.4257792915650733 0
    outer loop
      vertex -1.359812493842596 0.5383878530253624 -0.815676497570252
      vertex -1.359812493842596 0.5383878530253624 -0.7443235024297481
      vertex -1.28161207564093 0.7045722008900338 -0.8256764975702522
    endloop
  endfacet
  facet normal -0.9048270524660192 0.4257792915650734 0
    outer loop
      vertex -1.28161207564093 0.7045722008900338 -0.8256764975702522
      vertex -1.359812493842596 0.5383878530253624 -0.7443235024297481
      vertex -1.28161207564093 0.7045722008900338 -0.7543235024297479
    endloop
  endfacet
  facet normal -0.47503334149558096 0.1579040169874243 -0.8656844955795258
    outer loop
      vertex -1.0172452130500098 0.5592352882950686 -0.9998532815176762
      vertex -1.07931469771398 0.4273309191320104 -0.9898532815176759
      vertex -1.359812493842596 0.5383878530253624 -0.815676497570252
    endloop
  endfacet
  facet normal -0.47460128371973737 0.17137873020421968 -0.863355634906709
    outer loop
      vertex -1.0172452130500098 0.5592352882950686 -0.9998532815176762
      vertex -1.359812493842596 0.5383878530253624 -0.815676497570252
      vertex -1.28161207564093 0.7045722008900338 -0.8256764975702522
    endloop
  endfacet
  facet normal -0.4632862601446504 0.19995721751419104 0.8633556349067085
    outer loop
      vertex -1.1243627448436522 0.2886872860991233 -0.5601467184823239
      vertex -1.359812493842596 0.5383878530253624 -0.7443235024297481
      vertex -1.4165678567037543 0.3637128071011676 -0.7343235024297483
    endloop
  endfacet
  facet normal -0.45437714077269775 0.210075624612783 0.8656844955795252
    outer loop
      vertex -1.1243627448436522 0.2886872860991233 -0.5601467184823239
      vertex -1.07931469771398 0.4273309191320104 -0.5701467184823237
      vertex -1.359812493842596 0.5383878530253624 -0.7443235024297481
    endloop
  endfacet
  facet normal -0.9510565162951536 0.309016994374947 0
    outer loop
      vertex -1.07931469771398 0.4273309191320104 -0.5701467184823237
      vertex -1.1243627448436522 0.2886872860991233 -0.47985328151767614
      vertex -1.07931469771398 0.4273309191320104 -0.48985328151767593
    endloop
  endfacet
  facet normal -0.43457182496093677 0.2564456601796084 0.8633556349067085
    outer loop
      vertex -1.28161207564093 0.7045722008900338 -0.7543235024297479
      vertex -1.359812493842596 0.5383878530253624 -0.7443235024297481
      vertex -1.07931469771398 0.4273309191320104 -0.5701467184823237
    endloop
  endfacet
  facet normal -0.4244647839760678 0.26536767187691146 0.8656844955795259
    outer loop
      vertex -1.28161207564093 0.7045722008900338 -0.7543235024297479
      vertex -1.07931469771398 0.4273309191320104 -0.5701467184823237
      vertex -1.0172452130500098 0.5592352882950686 -0.5801467184823239
    endloop
  endfacet
  facet normal -0.3990039324969626 0.30888980159078216 0.8633556349067091
    outer loop
      vertex -1.28161207564093 0.7045722008900338 -0.7543235024297479
      vertex -1.0172452130500098 0.5592352882950686 -0.5801467184823239
      vertex -1.183199869408463 0.8596450242556375 -0.7643235024297481
    endloop
  endfacet
  facet normal -0.45149694067047924 0.21619636139033344 -0.8656844955795259
    outer loop
      vertex -1.0172452130500098 0.5592352882950686 -0.9998532815176762
      vertex -1.28161207564093 0.7045722008900338 -0.8256764975702522
      vertex -0.9391331637034062 0.6823201828907451 -1.009853281517676
    endloop
  endfacet
  facet normal -0.9048270524660189 0.425779291565074 0
    outer loop
      vertex -1.07931469771398 0.4273309191320104 -0.5701467184823237
      vertex -1.07931469771398 0.4273309191320104 -0.48985328151767593
      vertex -1.0172452130500098 0.5592352882950686 -0.5801467184823239
    endloop
  endfacet
  facet normal -0.9048270524660189 0.425779291565074 0
    outer loop
      vertex -1.0172452130500098 0.5592352882950686 -0.5801467184823239
      vertex -1.07931469771398 0.4273309191320104 -0.48985328151767593
      vertex -1.0172452130500098 0.5592352882950686 -0.49985328151767616
    endloop
  endfacet
  facet normal -0.3878583639731667 0.3164747124325741 0.8656844955795259
    outer loop
      vertex -1.0172452130500098 0.5592352882950686 -0.5801467184823239
      vertex -0.9391331637034062 0.6823201828907451 -0.5901467184823241
      vertex -1.183199869408463 0.8596450242556375 -0.7643235024297481
    endloop
  endfacet
  facet normal -0.8443279255020152 0.5358267949789961 0
    outer loop
      vertex -1.0172452130500098 0.5592352882950686 -0.5801467184823239
      vertex -1.0172452130500098 0.5592352882950686 -0.49985328151767616
      vertex -0.9391331637034062 0.6823201828907451 -0.5901467184823241
    endloop
  endfacet
  facet normal -0.7705132427757898 0.6374239897486891 0
    outer loop
      vertex -0.9391331637034062 0.6823201828907451 -0.5901467184823241
      vertex -0.9391331637034062 0.6823201828907451 -0.5098532815176764
      vertex -0.8462104233542411 0.7946444806039143 -0.6001467184823239
    endloop
  endfacet
  facet normal -0.8443279255020152 0.5358267949789961 0
    outer loop
      vertex -1.0172452130500098 0.5592352882950686 -0.49985328151767616
      vertex -0.9391331637034062 0.6823201828907451 -0.5098532815176764
      vertex -0.9391331637034062 0.6823201828907451 -0.5901467184823241
    endloop
  endfacet
  facet normal -0.5043618321710879 -0.015368471747630709 -0.8633556349067085
    outer loop
      vertex -1.462515469557734 0 -0.28567649757025215
      vertex -1.4509830982480747 0.1833017929374873 -0.29567649757025194
      vertex -1.1516789198253932 0.14549088211102693 -0.46985328151767636
    endloop
  endfacet
  facet normal -0.9822872507286887 0.18738131458572485 0
    outer loop
      vertex -1.4509830982480747 0.1833017929374873 -0.29567649757025194
      vertex -1.4509830982480747 0.1833017929374873 -0.22432350242974808
      vertex -1.4165678567037543 0.3637128071011676 -0.3056764975702517
    endloop
  endfacet
  facet normal -0.9822872507286886 0.18738131458572488 0
    outer loop
      vertex -1.4509830982480747 0.1833017929374873 -0.22432350242974808
      vertex -1.4165678567037543 0.3637128071011676 -0.2343235024297483
      vertex -1.4165678567037543 0.3637128071011676 -0.3056764975702517
    endloop
  endfacet
  facet normal -0.5023109687379136 0.04796601255485921 -0.8633556349067086
    outer loop
      vertex -1.4509830982480747 0.1833017929374873 -0.29567649757025194
      vertex -1.4165678567037543 0.3637128071011676 -0.3056764975702517
      vertex -1.1243627448436522 0.2886872860991233 -0.47985328151767614
    endloop
  endfacet
  facet normal -0.4998031765561242 -0.028055994326164093 -0.8656844955795258
    outer loop
      vertex -1.462515469557734 0 -0.28567649757025215
      vertex -1.1516789198253932 0.14549088211102693 -0.46985328151767636
      vertex -1.1608324302618482 0 -0.4598532815176761
    endloop
  endfacet
  facet normal -0.9980267284282716 0.0627905195293122 0
    outer loop
      vertex -1.1516789198253932 0.14549088211102693 -0.5501467184823241
      vertex -1.1608324302618482 0 -0.4598532815176761
      vertex -1.1516789198253932 0.14549088211102693 -0.46985328151767636
    endloop
  endfacet
  facet normal -0.499378427714767 0.0348071838325112 -0.8656844955795252
    outer loop
      vertex -1.4509830982480747 0.1833017929374873 -0.29567649757025194
      vertex -1.1243627448436522 0.2886872860991233 -0.47985328151767614
      vertex -1.1516789198253932 0.14549088211102693 -0.46985328151767636
    endloop
  endfacet
  facet normal -0.49107818275413384 0.09712143190933883 -0.8656844955795253
    outer loop
      vertex -1.1243627448436522 0.2886872860991233 -0.47985328151767614
      vertex -1.4165678567037543 0.3637128071011676 -0.3056764975702517
      vertex -1.07931469771398 0.4273309191320104 -0.48985328151767593
    endloop
  endfacet
  facet normal -0.4984586082197683 0.0784605860699816 0.8633556349067089
    outer loop
      vertex -1.462515469557734 0 -0.21432350242974785
      vertex -1.1608324302618482 0 -0.04014671848232387
      vertex -1.4509830982480747 0.1833017929374873 -0.22432350242974808
    endloop
  endfacet
  facet normal -0.48469439425208455 0.1403153300799251 0.8633556349067089
    outer loop
      vertex -1.4509830982480747 0.1833017929374873 -0.22432350242974808
      vertex -1.1516789198253932 0.14549088211102693 -0.050146718482324104
      vertex -1.4165678567037543 0.3637128071011676 -0.2343235024297483
    endloop
  endfacet
  facet normal -0.49234573073524673 0.09047671269447173 0.8656844955795258
    outer loop
      vertex -1.4509830982480747 0.1833017929374873 -0.22432350242974808
      vertex -1.1608324302618482 0 -0.04014671848232387
      vertex -1.1516789198253932 0.14549088211102693 -0.050146718482324104
    endloop
  endfacet
  facet normal -0.9980267284282717 0.0627905195293122 0
    outer loop
      vertex -1.1608324302618482 0 -0.04014671848232387
      vertex -1.1608324302618482 0 0.10251546955773416
      vertex -1.1516789198253932 0.14549088211102693 -0.050146718482324104
    endloop
  endfacet
  facet normal -0.4771236986275923 0.15147055925541875 0.8656844955795252
    outer loop
      vertex -1.1516789198253932 0.14549088211102693 -0.050146718482324104
      vertex -1.1243627448436522 0.2886872860991233 -0.06014671848232389
      vertex -1.4165678567037543 0.3637128071011676 -0.2343235024297483
    endloop
  endfacet
  facet normal -0.9822872507286884 0.1873813145857256 0
    outer loop
      vertex -1.1516789198253932 0.14549088211102693 -0.050146718482324104
      vertex -1.1516789198253932 0.14549088211102693 0.10251546955773416
      vertex -1.1243627448436522 0.2886872860991233 -0.06014671848232389
    endloop
  endfacet
  facet normal -0.9510565162951536 0.309016994374947 0
    outer loop
      vertex -1.1243627448436522 0.2886872860991233 -0.06014671848232389
      vertex -1.1243627448436522 0.2886872860991233 0.10251546955773416
      vertex -1.07931469771398 0.4273309191320104 -0.07014671848232368
    endloop
  endfacet
  facet normal -0.9510565162951535 0.30901699437494745 0
    outer loop
      vertex -1.4165678567037543 0.3637128071011676 -0.3056764975702517
      vertex -1.4165678567037543 0.3637128071011676 -0.2343235024297483
      vertex -1.359812493842596 0.5383878530253624 -0.31567649757025196
    endloop
  endfacet
  facet normal -0.9510565162951536 0.30901699437494745 0
    outer loop
      vertex -1.359812493842596 0.5383878530253624 -0.31567649757025196
      vertex -1.4165678567037543 0.3637128071011676 -0.2343235024297483
      vertex -1.359812493842596 0.5383878530253624 -0.2443235024297481
    endloop
  endfacet
  facet normal -0.49233836126171465 0.11054404418584898 -0.863355634906709
    outer loop
      vertex -1.4165678567037543 0.3637128071011676 -0.3056764975702517
      vertex -1.359812493842596 0.5383878530253624 -0.31567649757025196
      vertex -1.07931469771398 0.4273309191320104 -0.48985328151767593
    endloop
  endfacet
  facet normal -0.9048270524660192 0.4257792915650733 0
    outer loop
      vertex -1.359812493842596 0.5383878530253624 -0.31567649757025196
      vertex -1.359812493842596 0.5383878530253624 -0.2443235024297481
      vertex -1.28161207564093 0.7045722008900338 -0.3256764975702522
    endloop
  endfacet
  facet normal -0.9048270524660192 0.4257792915650734 0
    outer loop
      vertex -1.28161207564093 0.7045722008900338 -0.3256764975702522
      vertex -1.359812493842596 0.5383878530253624 -0.2443235024297481
      vertex -1.28161207564093 0.7045722008900338 -0.2543235024297479
    endloop
  endfacet
  facet normal -0.47503334149558096 0.1579040169874243 -0.8656844955795258
    outer loop
      vertex -1.0172452130500098 0.5592352882950686 -0.49985328151767616
      vertex -1.07931469771398 0.4273309191320104 -0.48985328151767593
      vertex -1.359812493842596 0.5383878530253624 -0.31567649757025196
    endloop
  endfacet
  facet normal -0.47460128371973737 0.17137873020421968 -0.863355634906709
    outer loop
      vertex -1.0172452130500098 0.5592352882950686 -0.49985328151767616
      vertex -1.359812493842596 0.5383878530253624 -0.31567649757025196
      vertex -1.28161207564093 0.7045722008900338 -0.3256764975702522
    endloop
  endfacet
  facet normal -0.4632862601446504 0.19995721751419104 0.8633556349067085
    outer loop
      vertex -1.1243627448436522 0.2886872860991233 -0.06014671848232389
      vertex -1.359812493842596 0.5383878530253624 -0.2443235024297481
      vertex -1.4165678567037543 0.3637128071011676 -0.2343235024297483
    endloop
  endfacet
  facet normal -0.45437714077269775 0.210075624612783 0.8656844955795252
    outer loop
      vertex -1.1243627448436522 0.2886872860991233 -0.06014671848232389
      vertex -1.07931469771398 0.4273309191320104 -0.07014671848232368
      vertex -1.359812493842596 0.5383878530253624 -0.2443235024297481
    endloop
  endfacet
  facet normal -0.43457182496093677 0.2564456601796084 0.8633556349067085
    outer loop
      vertex -1.28161207564093 0.7045722008900338 -0.2543235024297479
      vertex -1.359812493842596 0.5383878530253624 -0.2443235024297481
      vertex -1.07931469771398 0.4273309191320104 -0.07014671848232368
    endloop
  endfacet
  facet normal -0.4244647839760678 0.26536767187691146 0.8656844955795259
    outer loop
      vertex -1.28161207564093 0.7045722008900338 -0.2543235024297479
      vertex -1.07931469771398 0.4273309191320104 -0.07014671848232368
      vertex -1.0172452130500098 0.5592352882950686 -0.08014671848232391
    endloop
  endfacet
  facet normal -0.3990039324969626 0.30888980159078216 0.8633556349067091
    outer loop
      vertex -1.28161207564093 0.7045722008900338 -0.2543235024297479
      vertex -1.0172452130500098 0.5592352882950686 -0.08014671848232391
      vertex -1.183199869408463 0.8596450242556375 -0.2643235024297481
    endloop
  endfacet
  facet normal -0.4514969406704804 0.21619636139033113 -0.8656844955795258
    outer loop
      vertex -1.0172452130500098 0.5592352882950686 -0.49985328151767616
      vertex -1.28161207564093 0.7045722008900338 -0.3256764975702522
      vertex -0.9391331637034062 0.6823201828907451 -0.5098532815176764
    endloop
  endfacet
  facet normal -0.9048270524660189 0.42577929156507405 0
    outer loop
      vertex -1.07931469771398 0.4273309191320104 -0.07014671848232368
      vertex -1.07931469771398 0.4273309191320104 0.10251546955773416
      vertex -1.0172452130500098 0.5592352882950686 -0.08014671848232391
    endloop
  endfacet
  facet normal -0.3878583639731667 0.3164747124325741 0.8656844955795259
    outer loop
      vertex -1.0172452130500098 0.5592352882950686 -0.08014671848232391
      vertex -0.9391331637034062 0.6823201828907451 -0.09014671848232414
      vertex -1.183199869408463 0.8596450242556375 -0.2643235024297481
    endloop
  endfacet
  facet normal -0.8443279255020154 0.5358267949789962 0
    outer loop
      vertex -1.0172452130500098 0.5592352882950686 -0.08014671848232391
      vertex -1.0172452130500098 0.5592352882950686 0.10251546955773416
      vertex -0.9391331637034062 0.6823201828907451 -0.09014671848232414
    endloop
  endfacet
  facet normal -0.7705132427757897 0.6374239897486892 0
    outer loop
      vertex -0.9391331637034062 0.6823201828907451 -0.09014671848232414
      vertex -0.9391331637034062 0.6823201828907451 0.10251546955773416
      vertex -0.8462104233542411 0.7946444806039143 -0.10014671848232393
    endloop
  endfacet
  facet normal -0.4493794604204349 0.22951067127057942 -0.8633556349067092
    outer loop
      vertex -0.9391331637034062 0.6823201828907451 -1.009853281517676
      vertex -1.28161207564093 0.7045722008900338 -0.8256764975702522
      vertex -1.183199869408463 0.8596450242556375 -0.835676497570252
    endloop
  endfacet
  facet normal -0.8443279255020154 0.5358267949789962 0
    outer loop
      vertex -1.28161207564093 0.7045722008900338 -0.8256764975702522
      vertex -1.28161207564093 0.7045722008900338 -0.7543235024297479
      vertex -1.183199869408463 0.8596450242556375 -0.835676497570252
    endloop
  endfacet
  facet normal -0.8443279255020153 0.5358267949789961 0
    outer loop
      vertex -1.28161207564093 0.7045722008900338 -0.7543235024297479
      vertex -1.183199869408463 0.8596450242556375 -0.7643235024297481
      vertex -1.183199869408463 0.8596450242556375 -0.835676497570252
    endloop
  endfacet
  facet normal -0.7705132427757895 0.6374239897486894 0
    outer loop
      vertex -1.183199869408463 0.8596450242556375 -0.835676497570252
      vertex -1.183199869408463 0.8596450242556375 -0.7643235024297481
      vertex -1.0661278944260828 1.0011607320616838 -0.8456764975702518
    endloop
  endfacet
  facet normal -0.7705132427757895 0.6374239897486895 0
    outer loop
      vertex -1.183199869408463 0.8596450242556375 -0.7643235024297481
      vertex -1.0661278944260828 1.0011607320616838 -0.7743235024297483
      vertex -1.0661278944260828 1.0011607320616838 -0.8456764975702518
    endloop
  endfacet
  facet normal -0.41707065458402587 0.2840230919479723 -0.8633556349067085
    outer loop
      vertex -0.8462104233542411 0.7946444806039143 -1.0198532815176762
      vertex -1.183199869408463 0.8596450242556375 -0.835676497570252
      vertex -1.0661278944260828 1.0011607320616838 -0.8456764975702518
    endloop
  endfacet
  facet normal -0.4208401633798071 0.27107916002466714 -0.8656844955795259
    outer loop
      vertex -0.9391331637034062 0.6823201828907451 -1.009853281517676
      vertex -1.183199869408463 0.8596450242556375 -0.835676497570252
      vertex -0.8462104233542411 0.7946444806039143 -1.0198532815176762
    endloop
  endfacet
  facet normal -0.37818439537889437 0.334056298798172 -0.8633556349067089
    outer loop
      vertex -0.7399424391271748 0.8944367601603571 -1.029853281517676
      vertex -1.0661278944260828 1.0011607320616838 -0.8456764975702518
      vertex -0.9322424456746691 1.126887537058686 -0.855676497570252
    endloop
  endfacet
  facet normal -0.6845471059286891 0.7289686274214111 0
    outer loop
      vertex -1.0661278944260828 1.0011607320616838 -0.8456764975702518
      vertex -1.0661278944260828 1.0011607320616838 -0.7743235024297483
      vertex -0.9322424456746691 1.126887537058686 -0.855676497570252
    endloop
  endfacet
  facet normal -0.38354648531490515 0.3216868783705766 -0.8656844955795253
    outer loop
      vertex -0.8462104233542411 0.7946444806039143 -1.0198532815176762
      vertex -1.0661278944260828 1.0011607320616838 -0.8456764975702518
      vertex -0.7399424391271748 0.8944367601603571 -1.029853281517676
    endloop
  endfacet
  facet normal -0.34020405005702276 0.3672214024781517 -0.8656844955795259
    outer loop
      vertex -0.7399424391271748 0.8944367601603571 -1.029853281517676
      vertex -0.9322424456746691 1.126887537058686 -0.855676497570252
      vertex -0.6220051206148859 0.9801232376984489 -1.0398532815176758
    endloop
  endfacet
  facet normal -0.3571435096641169 0.35646256630904494 0.8633556349067091
    outer loop
      vertex -0.9391331637034062 0.6823201828907451 -0.5901467184823241
      vertex -1.0661278944260828 1.0011607320616838 -0.7743235024297483
      vertex -1.183199869408463 0.8596450242556375 -0.7643235024297481
    endloop
  endfacet
  facet normal -0.3451351858750552 0.3625907577203449 0.8656844955795253
    outer loop
      vertex -0.9391331637034062 0.6823201828907451 -0.5901467184823241
      vertex -0.8462104233542411 0.7946444806039143 -0.6001467184823239
      vertex -1.0661278944260828 1.0011607320616838 -0.7743235024297483
    endloop
  endfacet
  facet normal -0.3096507203366793 0.3984137034161975 0.8633556349067085
    outer loop
      vertex -1.0661278944260828 1.0011607320616838 -0.7743235024297483
      vertex -0.8462104233542411 0.7946444806039143 -0.6001467184823239
      vertex -0.9322424456746691 1.126887537058686 -0.7843235024297481
    endloop
  endfacet
  facet normal -0.7705132427757897 0.6374239897486891 0
    outer loop
      vertex -0.9391331637034062 0.6823201828907451 -0.5098532815176764
      vertex -0.8462104233542411 0.7946444806039143 -0.5198532815176762
      vertex -0.8462104233542411 0.7946444806039143 -0.6001467184823239
    endloop
  endfacet
  facet normal -0.6845471059286892 0.728968627421411 0
    outer loop
      vertex -0.8462104233542411 0.7946444806039143 -0.6001467184823239
      vertex -0.8462104233542411 0.7946444806039143 -0.5198532815176762
      vertex -0.7399424391271748 0.8944367601603571 -0.6101467184823237
    endloop
  endfacet
  facet normal -0.6845471059286892 0.728968627421411 0
    outer loop
      vertex -0.8462104233542411 0.7946444806039143 -0.5198532815176762
      vertex -0.7399424391271748 0.8944367601603571 -0.529853281517676
      vertex -0.7399424391271748 0.8944367601603571 -0.6101467184823237
    endloop
  endfacet
  facet normal -0.29696901972192535 0.40298853015764796 0.8656844955795253
    outer loop
      vertex -0.8462104233542411 0.7946444806039143 -0.6001467184823239
      vertex -0.7399424391271748 0.8944367601603571 -0.6101467184823237
      vertex -0.9322424456746691 1.126887537058686 -0.7843235024297481
    endloop
  endfacet
  facet normal -0.6845471059286892 0.7289686274214111 0
    outer loop
      vertex -1.0661278944260828 1.0011607320616838 -0.7743235024297483
      vertex -0.9322424456746691 1.126887537058686 -0.7843235024297481
      vertex -0.9322424456746691 1.126887537058686 -0.855676497570252
    endloop
  endfacet
  facet normal -0.333333942342228 0.3788212382607678 -0.8633556349067092
    outer loop
      vertex -0.6220051206148859 0.9801232376984489 -1.0398532815176758
      vertex -0.9322424456746691 1.126887537058686 -0.855676497570252
      vertex -0.7836549766603231 1.234842652426287 -0.8656764975702518
    endloop
  endfacet
  facet normal -0.5877852522924729 0.8090169943749477 0
    outer loop
      vertex -0.9322424456746691 1.126887537058686 -0.855676497570252
      vertex -0.9322424456746691 1.126887537058686 -0.7843235024297481
      vertex -0.7836549766603231 1.234842652426287 -0.8656764975702518
    endloop
  endfacet
  facet normal -0.5877852522924729 0.8090169943749476 0
    outer loop
      vertex -0.9322424456746691 1.126887537058686 -0.7843235024297481
      vertex -0.7836549766603231 1.234842652426287 -0.7943235024297479
      vertex -0.7836549766603231 1.234842652426287 -0.8656764975702518
    endloop
  endfacet
  facet normal -0.481753674101715 0.8763066800438638 0
    outer loop
      vertex -0.7836549766603231 1.234842652426287 -0.8656764975702518
      vertex -0.7836549766603231 1.234842652426287 -0.7943235024297479
      vertex -0.6227088005312517 1.323323561505881 -0.875676497570252
    endloop
  endfacet
  facet normal -0.25727455417315526 0.43408161841966825 0.8633556349067085
    outer loop
      vertex -0.7399424391271748 0.8944367601603571 -0.6101467184823237
      vertex -0.7836549766603231 1.234842652426287 -0.7943235024297479
      vertex -0.9322424456746691 1.126887537058686 -0.7843235024297481
    endloop
  endfacet
  facet normal -0.4493794604204357 0.22951067127058003 -0.8633556349067086
    outer loop
      vertex -0.9391331637034062 0.6823201828907451 -0.5098532815176764
      vertex -1.28161207564093 0.7045722008900338 -0.3256764975702522
      vertex -1.183199869408463 0.8596450242556375 -0.335676497570252
    endloop
  endfacet
  facet normal -0.8443279255020154 0.5358267949789962 0
    outer loop
      vertex -1.28161207564093 0.7045722008900338 -0.3256764975702522
      vertex -1.28161207564093 0.7045722008900338 -0.2543235024297479
      vertex -1.183199869408463 0.8596450242556375 -0.335676497570252
    endloop
  endfacet
  facet normal -0.8443279255020153 0.5358267949789961 0
    outer loop
      vertex -1.28161207564093 0.7045722008900338 -0.2543235024297479
      vertex -1.183199869408463 0.8596450242556375 -0.2643235024297481
      vertex -1.183199869408463 0.8596450242556375 -0.335676497570252
    endloop
  endfacet
  facet normal -0.7705132427757895 0.6374239897486894 0
    outer loop
      vertex -1.183199869408463 0.8596450242556375 -0.335676497570252
      vertex -1.183199869408463 0.8596450242556375 -0.2643235024297481
      vertex -1.0661278944260828 1.0011607320616838 -0.34567649757025176
    endloop
  endfacet
  facet normal -0.7705132427757895 0.6374239897486895 0
    outer loop
      vertex -1.183199869408463 0.8596450242556375 -0.2643235024297481
      vertex -1.0661278944260828 1.0011607320616838 -0.27432350242974834
      vertex -1.0661278944260828 1.0011607320616838 -0.34567649757025176
    endloop
  endfacet
  facet normal -0.41707065458402587 0.2840230919479723 -0.8633556349067085
    outer loop
      vertex -0.8462104233542411 0.7946444806039143 -0.5198532815176762
      vertex -1.183199869408463 0.8596450242556375 -0.335676497570252
      vertex -1.0661278944260828 1.0011607320616838 -0.34567649757025176
    endloop
  endfacet
  facet normal -0.4208401633798063 0.27107916002467 -0.8656844955795254
    outer loop
      vertex -0.9391331637034062 0.6823201828907451 -0.5098532815176764
      vertex -1.183199869408463 0.8596450242556375 -0.335676497570252
      vertex -0.8462104233542411 0.7946444806039143 -0.5198532815176762
    endloop
  endfacet
  facet normal -0.37818439537889437 0.334056298798172 -0.8633556349067089
    outer loop
      vertex -0.7399424391271748 0.8944367601603571 -0.529853281517676
      vertex -1.0661278944260828 1.0011607320616838 -0.34567649757025176
      vertex -0.9322424456746691 1.126887537058686 -0.355676497570252
    endloop
  endfacet
  facet normal -0.6845471059286891 0.7289686274214111 0
    outer loop
      vertex -1.0661278944260828 1.0011607320616838 -0.34567649757025176
      vertex -1.0661278944260828 1.0011607320616838 -0.27432350242974834
      vertex -0.9322424456746691 1.126887537058686 -0.355676497570252
    endloop
  endfacet
  facet normal -0.38354648531490515 0.3216868783705766 -0.8656844955795253
    outer loop
      vertex -0.8462104233542411 0.7946444806039143 -0.5198532815176762
      vertex -1.0661278944260828 1.0011607320616838 -0.34567649757025176
      vertex -0.7399424391271748 0.8944367601603571 -0.529853281517676
    endloop
  endfacet
  facet normal -0.34020405005702276 0.3672214024781517 -0.8656844955795259
    outer loop
      vertex -0.7399424391271748 0.8944367601603571 -0.529853281517676
      vertex -0.9322424456746691 1.126887537058686 -0.355676497570252
      vertex -0.6220051206148859 0.9801232376984489 -0.5398532815176758
    endloop
  endfacet
  facet normal -0.3571435096641169 0.35646256630904494 0.8633556349067091
    outer loop
      vertex -0.9391331637034062 0.6823201828907451 -0.09014671848232414
      vertex -1.0661278944260828 1.0011607320616838 -0.27432350242974834
      vertex -1.183199869408463 0.8596450242556375 -0.2643235024297481
    endloop
  endfacet
  facet normal -0.3451351858750552 0.3625907577203449 0.8656844955795253
    outer loop
      vertex -0.9391331637034062 0.6823201828907451 -0.09014671848232414
      vertex -0.8462104233542411 0.7946444806039143 -0.10014671848232393
      vertex -1.0661278944260828 1.0011607320616838 -0.27432350242974834
    endloop
  endfacet
  facet normal -0.3096507203366793 0.3984137034161975 0.8633556349067085
    outer loop
      vertex -1.0661278944260828 1.0011607320616838 -0.27432350242974834
      vertex -0.8462104233542411 0.7946444806039143 -0.10014671848232393
      vertex -0.9322424456746691 1.126887537058686 -0.28432350242974813
    endloop
  endfacet
  facet normal -0.6845471059286893 0.7289686274214111 0
    outer loop
      vertex -0.8462104233542411 0.7946444806039143 -0.10014671848232393
      vertex -0.8462104233542411 0.7946444806039143 0.10251546955773416
      vertex -0.7399424391271748 0.8944367601603571 -0.11014671848232371
    endloop
  endfacet
  facet normal -0.29696901972192535 0.40298853015764796 0.8656844955795253
    outer loop
      vertex -0.8462104233542411 0.7946444806039143 -0.10014671848232393
      vertex -0.7399424391271748 0.8944367601603571 -0.11014671848232371
      vertex -0.9322424456746691 1.126887537058686 -0.28432350242974813
    endloop
  endfacet
  facet normal -0.6845471059286892 0.7289686274214111 0
    outer loop
      vertex -1.0661278944260828 1.0011607320616838 -0.27432350242974834
      vertex -0.9322424456746691 1.126887537058686 -0.28432350242974813
      vertex -0.9322424456746691 1.126887537058686 -0.355676497570252
    endloop
  endfacet
  facet normal -0.333333942342228 0.3788212382607678 -0.8633556349067092
    outer loop
      vertex -0.9322424456746691 1.126887537058686 -0.355676497570252
      vertex -0.7836549766603231 1.234842652426287 -0.3656764975702518
      vertex -0.6220051206148859 0.9801232376984489 -0.5398532815176758
    endloop
  endfacet
  facet normal -0.5877852522924729 0.8090169943749477 0
    outer loop
      vertex -0.9322424456746691 1.126887537058686 -0.355676497570252
      vertex -0.9322424456746691 1.126887537058686 -0.28432350242974813
      vertex -0.7836549766603231 1.234842652426287 -0.3656764975702518
    endloop
  endfacet
  facet normal -0.5877852522924729 0.8090169943749476 0
    outer loop
      vertex -0.9322424456746691 1.126887537058686 -0.28432350242974813
      vertex -0.7836549766603231 1.234842652426287 -0.2943235024297479
      vertex -0.7836549766603231 1.234842652426287 -0.3656764975702518
    endloop
  endfacet
  facet normal -0.481753674101715 0.8763066800438638 0
    outer loop
      vertex -0.7836549766603231 1.234842652426287 -0.3656764975702518
      vertex -0.7836549766603231 1.234842652426287 -0.2943235024297479
      vertex -0.6227088005312517 1.323323561505881 -0.375676497570252
    endloop
  endfacet
  facet normal -0.25727455417315526 0.43408161841966825 0.8633556349067085
    outer loop
      vertex -0.7399424391271748 0.8944367601603571 -0.11014671848232371
      vertex -0.7836549766603231 1.234842652426287 -0.2943235024297479
      vertex -0.9322424456746691 1.126887537058686 -0.28432350242974813
    endloop
  endfacet
  facet normal -0.24411947472708348 0.43703093274068705 0.8656844955795258
    outer loop
      vertex -0.7399424391271748 0.8944367601603571 -0.6101467184823237
      vertex -0.6220051206148859 0.9801232376984489 -0.6201467184823239
      vertex -0.7836549766603231 1.234842652426287 -0.7943235024297479
    endloop
  endfacet
  facet normal -0.5877852522924728 0.8090169943749478 0
    outer loop
      vertex -0.7399424391271748 0.8944367601603571 -0.6101467184823237
      vertex -0.7399424391271748 0.8944367601603571 -0.529853281517676
      vertex -0.6220051206148859 0.9801232376984489 -0.6201467184823239
    endloop
  endfacet
  facet normal -0.5877852522924727 0.8090169943749477 0
    outer loop
      vertex -0.7399424391271748 0.8944367601603571 -0.529853281517676
      vertex -0.6220051206148859 0.9801232376984489 -0.5398532815176758
      vertex -0.6220051206148859 0.9801232376984489 -0.6201467184823239
    endloop
  endfacet
  facet normal -0.48175367410171516 0.8763066800438637 0
    outer loop
      vertex -0.6220051206148859 0.9801232376984489 -0.6201467184823239
      vertex -0.6220051206148859 0.9801232376984489 -0.5398532815176758
      vertex -0.4942584097826514 1.0503525862807943 -0.6301467184823242
    endloop
  endfacet
  facet normal -0.48175367410171516 0.8763066800438637 0
    outer loop
      vertex -0.6220051206148859 0.9801232376984489 -0.5398532815176758
      vertex -0.4942584097826514 1.0503525862807943 -0.549853281517676
      vertex -0.4942584097826514 1.0503525862807943 -0.6301467184823242
    endloop
  endfacet
  facet normal -0.36812455268467803 0.9297764858882513 0
    outer loop
      vertex -0.4942584097826514 1.0503525862807943 -0.6301467184823242
      vertex -0.4942584097826514 1.0503525862807943 -0.549853281517676
      vertex -0.3587169485724821 1.1040172471272702 -0.640146718482324
    endloop
  endfacet
  facet normal -0.29149639370169533 0.4069646257012127 -0.8656844955795259
    outer loop
      vertex -0.6220051206148859 0.9801232376984489 -1.0398532815176758
      vertex -0.7836549766603231 1.234842652426287 -0.8656764975702518
      vertex -0.4942584097826514 1.0503525862807943 -1.049853281517676
    endloop
  endfacet
  facet normal -0.28322661391078297 0.41761194049915024 -0.863355634906709
    outer loop
      vertex -0.4942584097826514 1.0503525862807943 -1.049853281517676
      vertex -0.7836549766603231 1.234842652426287 -0.8656764975702518
      vertex -0.6227088005312517 1.323323561505881 -0.875676497570252
    endloop
  endfacet
  facet normal -0.48175367410171505 0.8763066800438637 0
    outer loop
      vertex -0.7836549766603231 1.234842652426287 -0.7943235024297479
      vertex -0.6227088005312517 1.323323561505881 -0.8043235024297481
      vertex -0.6227088005312517 1.323323561505881 -0.875676497570252
    endloop
  endfacet
  facet normal -0.36812455268467786 0.9297764858882513 0
    outer loop
      vertex -0.6227088005312517 1.323323561505881 -0.875676497570252
      vertex -0.6227088005312517 1.323323561505881 -0.8043235024297481
      vertex -0.45194213462959587 1.3909348675053492 -0.8856764975702518
    endloop
  endfacet
  facet normal -0.2381916650861853 0.4402897736680839 -0.8656844955795259
    outer loop
      vertex -0.4942584097826514 1.0503525862807943 -1.049853281517676
      vertex -0.6227088005312517 1.323323561505881 -0.875676497570252
      vertex -0.3587169485724821 1.1040172471272702 -1.0598532815176762
    endloop
  endfacet
  facet normal -0.14124009225386894 0.4844257260044639 0.8633556349067091
    outer loop
      vertex -0.4942584097826514 1.0503525862807943 -0.6301467184823242
      vertex -0.45194213462959587 1.3909348675053492 -0.8143235024297479
      vertex -0.6227088005312517 1.323323561505881 -0.8043235024297481
    endloop
  endfacet
  facet normal -0.22865263258658355 0.44981665296658263 -0.8633556349067084
    outer loop
      vertex -0.3587169485724821 1.1040172471272702 -1.0598532815176762
      vertex -0.6227088005312517 1.323323561505881 -0.875676497570252
      vertex -0.45194213462959587 1.3909348675053492 -0.8856764975702518
    endloop
  endfacet
  facet normal -0.368124552684678 0.9297764858882515 0
    outer loop
      vertex -0.6227088005312517 1.323323561505881 -0.8043235024297481
      vertex -0.45194213462959587 1.3909348675053492 -0.8143235024297479
      vertex -0.45194213462959587 1.3909348675053492 -0.8856764975702518
    endloop
  endfacet
  facet normal -0.07941172927819966 0.4983079619350662 0.8633556349067089
    outer loop
      vertex -0.45194213462959587 1.3909348675053492 -0.8143235024297479
      vertex -0.3587169485724821 1.1040172471272702 -0.640146718482324
      vertex -0.27404807128768643 1.4366102997400438 -0.8243235024297482
    endloop
  endfacet
  facet normal -0.24868988716485532 0.9685831611286311 0
    outer loop
      vertex -0.45194213462959587 1.3909348675053492 -0.8856764975702518
      vertex -0.45194213462959587 1.3909348675053492 -0.8143235024297479
      vertex -0.27404807128768643 1.4366102997400438 -0.895676497570252
    endloop
  endfacet
  facet normal -0.20084101460194967 0.4629038069928708 0.863355634906709
    outer loop
      vertex -0.7836549766603231 1.234842652426287 -0.7943235024297479
      vertex -0.6220051206148859 0.9801232376984489 -0.6201467184823239
      vertex -0.6227088005312517 1.323323561505881 -0.8043235024297481
    endloop
  endfacet
  facet normal -0.1874200197858937 0.46418109644477906 0.8656844955795258
    outer loop
      vertex -0.6220051206148859 0.9801232376984489 -0.6201467184823239
      vertex -0.4942584097826514 1.0503525862807943 -0.6301467184823242
      vertex -0.6227088005312517 1.323323561505881 -0.8043235024297481
    endloop
  endfacet
  facet normal -0.12776483917338977 0.48401084696958985 0.8656844955795259
    outer loop
      vertex -0.4942584097826514 1.0503525862807943 -0.6301467184823242
      vertex -0.3587169485724821 1.1040172471272702 -0.640146718482324
      vertex -0.45194213462959587 1.3909348675053492 -0.8143235024297479
    endloop
  endfacet
  facet normal -0.3681245526846781 0.9297764858882515 0
    outer loop
      vertex -0.4942584097826514 1.0503525862807943 -0.549853281517676
      vertex -0.3587169485724821 1.1040172471272702 -0.5598532815176762
      vertex -0.3587169485724821 1.1040172471272702 -0.640146718482324
    endloop
  endfacet
  facet normal -0.1704726626560351 0.4749274881092851 -0.863355634906709
    outer loop
      vertex -0.21751830679620654 1.1402708964786132 -1.069853281517676
      vertex -0.45194213462959587 1.3909348675053492 -0.8856764975702518
      vertex -0.27404807128768643 1.4366102997400438 -0.895676497570252
    endloop
  endfacet
  facet normal -0.24868988716485524 0.968583161128631 0
    outer loop
      vertex -0.45194213462959587 1.3909348675053492 -0.8143235024297479
      vertex -0.27404807128768643 1.4366102997400438 -0.8243235024297482
      vertex -0.27404807128768643 1.4366102997400438 -0.895676497570252
    endloop
  endfacet
  facet normal -0.016330995893548826 0.5043315836312049 0.8633556349067084
    outer loop
      vertex -0.27404807128768643 1.4366102997400438 -0.8243235024297482
      vertex -0.21751830679620654 1.1402708964786132 -0.6501467184823237
      vertex -0.09183210615318768 1.4596295293584427 -0.834323502429748
    endloop
  endfacet
  facet normal -0.10960423699996612 0.4925484330565752 -0.8633556349067096
    outer loop
      vertex -0.07288927138261678 1.158541792627672 -1.0798532815176758
      vertex -0.27404807128768643 1.4366102997400438 -0.895676497570252
      vertex -0.09183210615318768 1.4596295293584427 -0.9056764975702523
    endloop
  endfacet
  facet normal 0.047007287052011064 0.5024015949803933 0.8633556349067091
    outer loop
      vertex -0.07288927138261678 1.158541792627672 -0.660146718482324
      vertex 0.09183210615318768 1.4596295293584427 -0.8443235024297482
      vertex -0.09183210615318768 1.4596295293584427 -0.834323502429748
    endloop
  endfacet
  facet normal -0.06609473072410389 0.4962074573036272 0.8656844955795254
    outer loop
      vertex -0.27404807128768643 1.4366102997400438 -0.8243235024297482
      vertex -0.3587169485724821 1.1040172471272702 -0.640146718482324
      vertex -0.21751830679620654 1.1402708964786132 -0.6501467184823237
    endloop
  endfacet
  facet normal -0.24868988716485504 0.9685831611286311 0
    outer loop
      vertex -0.3587169485724821 1.1040172471272702 -0.640146718482324
      vertex -0.3587169485724821 1.1040172471272702 -0.5598532815176762
      vertex -0.21751830679620654 1.1402708964786132 -0.6501467184823237
    endloop
  endfacet
  facet normal -0.18113051162346006 0.4666712888878494 -0.8656844955795252
    outer loop
      vertex -0.3587169485724821 1.1040172471272702 -0.5598532815176762
      vertex -0.45194213462959587 1.3909348675053492 -0.3856764975702518
      vertex -0.21751830679620654 1.1402708964786132 -0.569853281517676
    endloop
  endfacet
  facet normal -0.24868988716485504 0.9685831611286311 0
    outer loop
      vertex -0.21751830679620654 1.1402708964786132 -0.6501467184823237
      vertex -0.3587169485724821 1.1040172471272702 -0.5598532815176762
      vertex -0.21751830679620654 1.1402708964786132 -0.569853281517676
    endloop
  endfacet
  facet normal -0.12121282179031101 0.48569311910593527 -0.8656844955795259
    outer loop
      vertex -0.21751830679620654 1.1402708964786132 -0.569853281517676
      vertex -0.27404807128768643 1.4366102997400438 -0.39567649757025203
      vertex -0.07288927138261678 1.158541792627672 -0.5798532815176758
    endloop
  endfacet
  facet normal -0.12533323356430276 0.9921147013144779 0
    outer loop
      vertex -0.21751830679620654 1.1402708964786132 -0.6501467184823237
      vertex -0.21751830679620654 1.1402708964786132 -0.569853281517676
      vertex -0.07288927138261678 1.158541792627672 -0.660146718482324
    endloop
  endfacet
  facet normal -0.003382268888216412 0.5005785796160176 0.8656844955795259
    outer loop
      vertex -0.21751830679620654 1.1402708964786132 -0.6501467184823237
      vertex -0.07288927138261678 1.158541792627672 -0.660146718482324
      vertex -0.09183210615318768 1.4596295293584427 -0.834323502429748
    endloop
  endfacet
  facet normal 0 1 0
    outer loop
      vertex -0.07288927138261678 1.158541792627672 -0.660146718482324
      vertex -0.07288927138261678 1.158541792627672 -0.5798532815176758
      vertex 0.07288927138261678 1.158541792627672 -0.6701467184823242
    endloop
  endfacet
  facet normal -0.1253332335643028 0.992114701314478 0
    outer loop
      vertex -0.21751830679620654 1.1402708964786132 -0.569853281517676
      vertex -0.07288927138261678 1.158541792627672 -0.5798532815176758
      vertex -0.07288927138261678 1.158541792627672 -0.660146718482324
    endloop
  endfacet
  facet normal -0.05938353334850328 0.49705527869671495 -0.8656844955795259
    outer loop
      vertex -0.07288927138261678 1.158541792627672 -0.5798532815176758
      vertex -0.09183210615318768 1.4596295293584427 -0.4056764975702518
      vertex 0.07288927138261678 1.158541792627672 -0.589853281517676
    endloop
  endfacet
  facet normal -0.24411947472708348 0.43703093274068705 0.8656844955795258
    outer loop
      vertex -0.7399424391271748 0.8944367601603571 -0.11014671848232371
      vertex -0.6220051206148859 0.9801232376984489 -0.12014671848232394
      vertex -0.7836549766603231 1.234842652426287 -0.2943235024297479
    endloop
  endfacet
  facet normal -0.5877852522924728 0.8090169943749477 0
    outer loop
      vertex -0.7399424391271748 0.8944367601603571 -0.11014671848232371
      vertex -0.7399424391271748 0.8944367601603571 0.10251546955773416
      vertex -0.6220051206148859 0.9801232376984489 -0.12014671848232394
    endloop
  endfacet
  facet normal -0.48175367410171505 0.8763066800438636 0
    outer loop
      vertex -0.6220051206148859 0.9801232376984489 -0.12014671848232394
      vertex -0.6220051206148859 0.9801232376984489 0.10251546955773416
      vertex -0.4942584097826514 1.0503525862807943 -0.13014671848232418
    endloop
  endfacet
  facet normal -0.3681245526846781 0.9297764858882513 0
    outer loop
      vertex -0.4942584097826514 1.0503525862807943 -0.13014671848232418
      vertex -0.4942584097826514 1.0503525862807943 0.09966718156366805
      vertex -0.3587169485724821 1.1040172471272702 -0.14014671848232396
    endloop
  endfacet
  facet normal -0.2914963937016954 0.4069646257012127 -0.8656844955795258
    outer loop
      vertex -0.7836549766603231 1.234842652426287 -0.3656764975702518
      vertex -0.4942584097826514 1.0503525862807943 -0.549853281517676
      vertex -0.6220051206148859 0.9801232376984489 -0.5398532815176758
    endloop
  endfacet
  facet normal -0.28322661391078297 0.41761194049915024 -0.863355634906709
    outer loop
      vertex -0.7836549766603231 1.234842652426287 -0.3656764975702518
      vertex -0.6227088005312517 1.323323561505881 -0.375676497570252
      vertex -0.4942584097826514 1.0503525862807943 -0.549853281517676
    endloop
  endfacet
  facet normal -0.48175367410171505 0.8763066800438637 0
    outer loop
      vertex -0.7836549766603231 1.234842652426287 -0.2943235024297479
      vertex -0.6227088005312517 1.323323561505881 -0.30432350242974815
      vertex -0.6227088005312517 1.323323561505881 -0.375676497570252
    endloop
  endfacet
  facet normal -0.36812455268467786 0.9297764858882513 0
    outer loop
      vertex -0.6227088005312517 1.323323561505881 -0.375676497570252
      vertex -0.6227088005312517 1.323323561505881 -0.30432350242974815
      vertex -0.45194213462959587 1.3909348675053492 -0.3856764975702518
    endloop
  endfacet
  facet normal -0.2381916650861853 0.4402897736680839 -0.8656844955795259
    outer loop
      vertex -0.4942584097826514 1.0503525862807943 -0.549853281517676
      vertex -0.6227088005312517 1.323323561505881 -0.375676497570252
      vertex -0.3587169485724821 1.1040172471272702 -0.5598532815176762
    endloop
  endfacet
  facet normal -0.14124009225386894 0.4844257260044639 0.8633556349067091
    outer loop
      vertex -0.4942584097826514 1.0503525862807943 -0.13014671848232418
      vertex -0.45194213462959587 1.3909348675053492 -0.31432350242974794
      vertex -0.6227088005312517 1.323323561505881 -0.30432350242974815
    endloop
  endfacet
  facet normal -0.22865263258658355 0.44981665296658263 -0.8633556349067084
    outer loop
      vertex -0.3587169485724821 1.1040172471272702 -0.5598532815176762
      vertex -0.6227088005312517 1.323323561505881 -0.375676497570252
      vertex -0.45194213462959587 1.3909348675053492 -0.3856764975702518
    endloop
  endfacet
  facet normal -0.368124552684678 0.9297764858882515 0
    outer loop
      vertex -0.6227088005312517 1.323323561505881 -0.30432350242974815
      vertex -0.45194213462959587 1.3909348675053492 -0.31432350242974794
      vertex -0.45194213462959587 1.3909348675053492 -0.3856764975702518
    endloop
  endfacet
  facet normal -0.07941172927819966 0.4983079619350662 0.8633556349067089
    outer loop
      vertex -0.45194213462959587 1.3909348675053492 -0.31432350242974794
      vertex -0.3587169485724821 1.1040172471272702 -0.14014671848232396
      vertex -0.27404807128768643 1.4366102997400438 -0.32432350242974817
    endloop
  endfacet
  facet normal -0.24868988716485532 0.9685831611286311 0
    outer loop
      vertex -0.45194213462959587 1.3909348675053492 -0.3856764975702518
      vertex -0.45194213462959587 1.3909348675053492 -0.31432350242974794
      vertex -0.27404807128768643 1.4366102997400438 -0.39567649757025203
    endloop
  endfacet
  facet normal -0.20084101460194967 0.4629038069928708 0.863355634906709
    outer loop
      vertex -0.7836549766603231 1.234842652426287 -0.2943235024297479
      vertex -0.6220051206148859 0.9801232376984489 -0.12014671848232394
      vertex -0.6227088005312517 1.323323561505881 -0.30432350242974815
    endloop
  endfacet
  facet normal -0.1874200197858937 0.46418109644477906 0.8656844955795258
    outer loop
      vertex -0.6220051206148859 0.9801232376984489 -0.12014671848232394
      vertex -0.4942584097826514 1.0503525862807943 -0.13014671848232418
      vertex -0.6227088005312517 1.323323561505881 -0.30432350242974815
    endloop
  endfacet
  facet normal -0.12776483917338977 0.48401084696958985 0.8656844955795259
    outer loop
      vertex -0.4942584097826514 1.0503525862807943 -0.13014671848232418
      vertex -0.3587169485724821 1.1040172471272702 -0.14014671848232396
      vertex -0.45194213462959587 1.3909348675053492 -0.31432350242974794
    endloop
  endfacet
  facet normal -0.1704726626560351 0.4749274881092851 -0.863355634906709
    outer loop
      vertex -0.21751830679620654 1.1402708964786132 -0.569853281517676
      vertex -0.45194213462959587 1.3909348675053492 -0.3856764975702518
      vertex -0.27404807128768643 1.4366102997400438 -0.39567649757025203
    endloop
  endfacet
  facet normal -0.24868988716485524 0.968583161128631 0
    outer loop
      vertex -0.45194213462959587 1.3909348675053492 -0.31432350242974794
      vertex -0.27404807128768643 1.4366102997400438 -0.32432350242974817
      vertex -0.27404807128768643 1.4366102997400438 -0.39567649757025203
    endloop
  endfacet
  facet normal -0.016330995893548826 0.5043315836312049 0.8633556349067084
    outer loop
      vertex -0.27404807128768643 1.4366102997400438 -0.32432350242974817
      vertex -0.21751830679620654 1.1402708964786132 -0.15014671848232375
      vertex -0.09183210615318768 1.4596295293584427 -0.33432350242974795
    endloop
  endfacet
  facet normal -0.10960423699996412 0.4925484330565764 -0.8633556349067093
    outer loop
      vertex -0.07288927138261678 1.158541792627672 -0.5798532815176758
      vertex -0.27404807128768643 1.4366102997400438 -0.39567649757025203
      vertex -0.09183210615318768 1.4596295293584427 -0.4056764975702518
    endloop
  endfacet
  facet normal 0.047007287052011064 0.5024015949803933 0.8633556349067091
    outer loop
      vertex -0.07288927138261678 1.158541792627672 -0.16014671848232398
      vertex 0.09183210615318768 1.4596295293584427 -0.3443235024297482
      vertex -0.09183210615318768 1.4596295293584427 -0.33432350242974795
    endloop
  endfacet
  facet normal -0.06609473072410389 0.4962074573036272 0.8656844955795254
    outer loop
      vertex -0.27404807128768643 1.4366102997400438 -0.32432350242974817
      vertex -0.3587169485724821 1.1040172471272702 -0.14014671848232396
      vertex -0.21751830679620654 1.1402708964786132 -0.15014671848232375
    endloop
  endfacet
  facet normal -0.24868988716485504 0.9685831611286311 0
    outer loop
      vertex -0.3587169485724821 1.1040172471272702 -0.14014671848232396
      vertex -0.3587169485724821 1.1040172471272702 0.08966718156366804
      vertex -0.21751830679620654 1.1402708964786132 -0.15014671848232375
    endloop
  endfacet
  facet normal -0.003382268888216412 0.5005785796160176 0.8656844955795259
    outer loop
      vertex -0.21751830679620654 1.1402708964786132 -0.15014671848232375
      vertex -0.07288927138261678 1.158541792627672 -0.16014671848232398
      vertex -0.09183210615318768 1.4596295293584427 -0.33432350242974795
    endloop
  endfacet
  facet normal -0.1253332335643028 0.992114701314478 0
    outer loop
      vertex -0.21751830679620654 1.1402708964786132 -0.15014671848232375
      vertex -0.21751830679620654 1.1402708964786132 0.07966718156366825
      vertex -0.07288927138261678 1.158541792627672 -0.16014671848232398
    endloop
  endfacet
  facet normal -0.1253332335643028 0.992114701314478 0
    outer loop
      vertex -0.07288927138261678 1.158541792627672 -0.16014671848232398
      vertex -0.21751830679620654 1.1402708964786132 0.07966718156366825
      vertex -0.07288927138261678 1.158541792627672 0.06966718156366802
    endloop
  endfacet
  facet normal 0 1 0
    outer loop
      vertex -0.07288927138261678 1.158541792627672 -0.16014671848232398
      vertex -0.07288927138261678 1.158541792627672 0.06966718156366802
      vertex 0.07288927138261678 1.158541792627672 -0.1701467184823242
    endloop
  endfacet
  facet normal -0.12533323356430381 0.9921147013144779 0
    outer loop
      vertex -0.27404807128768643 1.4366102997400438 -1.395676497570252
      vertex -0.27404807128768643 1.4366102997400438 -1.3243235024297482
      vertex -0.09183210615318768 1.4596295293584427 -1.4056764975702518
    endloop
  endfacet
  facet normal 0 1 0
    outer loop
      vertex -0.09183210615318768 1.4596295293584427 -1.4056764975702518
      vertex -0.09183210615318768 1.4596295293584427 -1.334323502429748
      vertex 0.09183210615318768 1.4596295293584427 -1.415676497570252
    endloop
  endfacet
  facet normal -0.12533323356430381 0.9921147013144779 0
    outer loop
      vertex -0.27404807128768643 1.4366102997400438 -1.3243235024297482
      vertex -0.09183210615318768 1.4596295293584427 -1.334323502429748
      vertex -0.09183210615318768 1.4596295293584427 -1.4056764975702518
    endloop
  endfacet
  facet normal -0.12533323356430381 0.9921147013144779 0
    outer loop
      vertex -0.27404807128768643 1.4366102997400438 -0.895676497570252
      vertex -0.27404807128768643 1.4366102997400438 -0.8243235024297482
      vertex -0.09183210615318768 1.4596295293584427 -0.9056764975702523
    endloop
  endfacet
  facet normal 0 1 0
    outer loop
      vertex -0.09183210615318768 1.4596295293584427 -0.9056764975702523
      vertex -0.09183210615318768 1.4596295293584427 -0.834323502429748
      vertex 0.09183210615318768 1.4596295293584427 -0.915676497570252
    endloop
  endfacet
  facet normal -0.12533323356430381 0.992114701314478 0
    outer loop
      vertex -0.27404807128768643 1.4366102997400438 -0.8243235024297482
      vertex -0.09183210615318768 1.4596295293584427 -0.834323502429748
      vertex -0.09183210615318768 1.4596295293584427 -0.9056764975702523
    endloop
  endfacet
  facet normal -0.12533323356430381 0.9921147013144779 0
    outer loop
      vertex -0.27404807128768643 1.4366102997400438 -0.39567649757025203
      vertex -0.27404807128768643 1.4366102997400438 -0.32432350242974817
      vertex -0.09183210615318768 1.4596295293584427 -0.4056764975702518
    endloop
  endfacet
  facet normal 0 1 0
    outer loop
      vertex -0.09183210615318768 1.4596295293584427 -0.4056764975702518
      vertex -0.09183210615318768 1.4596295293584427 -0.33432350242974795
      vertex 0.09183210615318768 1.4596295293584427 -0.41567649757025205
    endloop
  endfacet
  facet normal -0.12533323356430381 0.9921147013144779 0
    outer loop
      vertex -0.27404807128768643 1.4366102997400438 -0.32432350242974817
      vertex -0.09183210615318768 1.4596295293584427 -0.33432350242974795
      vertex -0.09183210615318768 1.4596295293584427 -0.4056764975702518
    endloop
  endfacet
  facet normal 0 0 -1
    outer loop
      vertex -1.4509830982480747 -0.1833017929374873 0.10251546955773416
      vertex -1.462515469557734 0 0.10251546955773416
      vertex -1.4509830982480747 0.1833017929374873 0.10251546955773416
    endloop
  endfacet
  facet normal -0.7064080908128537 0.04444342997877637 -0.7064080908128537
    outer loop
      vertex -1.462515469557734 0 0.10251546955773416
      vertex -2.8880000000000003 0 1.5280000000000005
      vertex -1.4509830982480747 0.1833017929374873 0.10251546955773416
    endloop
  endfacet
  facet normal -0.6952676132329959 0.13262939049634673 -0.7064080908128535
    outer loop
      vertex -1.4509830982480747 0.1833017929374873 0.10251546955773416
      vertex -2.8652272573962123 0.36196237853371016 1.5280000000000005
      vertex -1.4165678567037543 0.3637128071011676 0.10251546955773416
    endloop
  endfacet
  facet normal -0.6731623500597138 0.2187237062968317 -0.7064080908128535
    outer loop
      vertex -2.7972681693394867 0.7182163941321009 1.5280000000000005
      vertex -1.359812493842596 0.5383878530253624 0.10251546955773416
      vertex -1.4165678567037543 0.3637128071011676 0.10251546955773416
    endloop
  endfacet
  facet normal -0.6404409144982939 0.30136861858980635 -0.7064080908128536
    outer loop
      vertex -2.6851944912452703 1.0631437081533497 1.5280000000000005
      vertex -1.28161207564093 0.7045722008900338 0.10251546955773416
      vertex -1.359812493842596 0.5383878530253624 0.10251546955773416
    endloop
  endfacet
  facet normal -0.5976193431343781 0.37926076773873385 -0.7064080908128535
    outer loop
      vertex -2.530773691966678 1.391304610805754 1.5280000000000005
      vertex -1.183199869408463 0.8596450242556375 0.10251546955773416
      vertex -1.28161207564093 0.7045722008900338 0.10251546955773416
    endloop
  endfacet
  facet normal -0.5453729577287417 0.45117174802102084 -0.7064080908128534
    outer loop
      vertex -2.3364410797548487 1.6975238086206625 1.5280000000000005
      vertex -1.0661278944260828 1.0011607320616838 0.10251546955773416
      vertex -1.183199869408463 0.8596450242556375 0.10251546955773416
    endloop
  endfacet
  facet normal -0.7064080908128535 0.044443429978776955 -0.7064080908128535
    outer loop
      vertex -1.4509830982480747 0.1833017929374873 0.10251546955773416
      vertex -2.8880000000000003 0 1.5280000000000005
      vertex -2.8652272573962123 0.36196237853371016 1.5280000000000005
    endloop
  endfacet
  facet normal -0.6952676132329959 0.13262939049634678 -0.7064080908128536
    outer loop
      vertex -2.8652272573962123 0.36196237853371016 1.5280000000000005
      vertex -2.7972681693394867 0.7182163941321009 1.5280000000000005
      vertex -1.4165678567037543 0.3637128071011676 0.10251546955773416
    endloop
  endfacet
  facet normal -0.9980267284282716 0.06279051952931348 0
    outer loop
      vertex -2.8880000000000003 0 1.5280000000000005
      vertex -2.8880000000000003 0 2.01
      vertex -2.8652272573962123 0.36196237853371016 1.5280000000000005
    endloop
  endfacet
  facet normal 0 0 1
    outer loop
      vertex -2.8652272573962123 -0.36196237853371016 2.01
      vertex -2.8652272573962123 0.36196237853371016 2.01
      vertex -2.8880000000000003 0 2.01
    endloop
  endfacet
  facet normal 0 0 1
    outer loop
      vertex -2.7972681693394867 -0.7182163941321009 2.01
      vertex -2.7972681693394867 0.7182163941321009 2.01
      vertex -2.8652272573962123 0.36196237853371016 2.01
    endloop
  endfacet
  facet normal -0.9980267284282716 0.06279051952931348 0
    outer loop
      vertex -2.8880000000000003 0 2.01
      vertex -2.8652272573962123 0.36196237853371016 2.01
      vertex -2.8652272573962123 0.36196237853371016 1.5280000000000005
    endloop
  endfacet
  facet normal 0 0 1
    outer loop
      vertex -2.6851944912452703 -1.0631437081533497 2.01
      vertex -2.6851944912452703 1.0631437081533497 2.01
      vertex -2.7972681693394867 0.7182163941321009 2.01
    endloop
  endfacet
  facet normal 0 0 1
    outer loop
      vertex -2.530773691966678 -1.391304610805754 2.01
      vertex -2.530773691966678 1.391304610805754 2.01
      vertex -2.6851944912452703 1.0631437081533497 2.01
    endloop
  endfacet
  facet normal -0.9822872507286887 0.18738131458572496 0
    outer loop
      vertex -2.8652272573962123 0.36196237853371016 1.5280000000000005
      vertex -2.8652272573962123 0.36196237853371016 2.01
      vertex -2.7972681693394867 0.7182163941321009 1.5280000000000005
    endloop
  endfacet
  facet normal -0.9822872507286887 0.18738131458572496 0
    outer loop
      vertex -2.7972681693394867 0.7182163941321009 1.5280000000000005
      vertex -2.8652272573962123 0.36196237853371016 2.01
      vertex -2.7972681693394867 0.7182163941321009 2.01
    endloop
  endfacet
  facet normal 0 0 1
    outer loop
      vertex -2.3364410797548487 -1.6975238086206625 2.01
      vertex -2.3364410797548487 1.6975238086206625 2.01
      vertex -2.530773691966678 1.391304610805754 2.01
    endloop
  endfacet
  facet normal 0 0 1
    outer loop
      vertex -2.105261395993037 -1.9769720419220527 2.01
      vertex -2.105261395993037 1.9769720419220527 2.01
      vertex -2.3364410797548487 1.6975238086206625 2.01
    endloop
  endfacet
  facet normal -0.6731623500597137 0.2187237062968315 -0.7064080908128535
    outer loop
      vertex -2.7972681693394867 0.7182163941321009 1.5280000000000005
      vertex -2.6851944912452703 1.0631437081533497 1.5280000000000005
      vertex -1.359812493842596 0.5383878530253624 0.10251546955773416
    endloop
  endfacet
  facet normal -0.9510565162951536 0.3090169943749474 0
    outer loop
      vertex -2.7972681693394867 0.7182163941321009 1.5280000000000005
      vertex -2.7972681693394867 0.7182163941321009 2.01
      vertex -2.6851944912452703 1.0631437081533497 1.5280000000000005
    endloop
  endfacet
  facet normal -0.9510565162951536 0.3090169943749474 0
    outer loop
      vertex -2.7972681693394867 0.7182163941321009 2.01
      vertex -2.6851944912452703 1.0631437081533497 2.01
      vertex -2.6851944912452703 1.0631437081533497 1.5280000000000005
    endloop
  endfacet
  facet normal -0.9048270524660196 0.42577929156507244 0
    outer loop
      vertex -2.6851944912452703 1.0631437081533497 1.5280000000000005
      vertex -2.6851944912452703 1.0631437081533497 2.01
      vertex -2.530773691966678 1.391304610805754 1.5280000000000005
    endloop
  endfacet
  facet normal -0.9048270524660196 0.42577929156507244 0
    outer loop
      vertex -2.6851944912452703 1.0631437081533497 2.01
      vertex -2.530773691966678 1.391304610805754 2.01
      vertex -2.530773691966678 1.391304610805754 1.5280000000000005
    endloop
  endfacet
  facet normal 0 0 1
    outer loop
      vertex -1.840880482394216 -2.22524224513648 2.01
      vertex -1.840880482394216 2.22524224513648 2.01
      vertex -2.105261395993037 1.9769720419220527 2.01
    endloop
  endfacet
  facet normal -0.6404409144982939 0.30136861858980646 -0.7064080908128536
    outer loop
      vertex -2.6851944912452703 1.0631437081533497 1.5280000000000005
      vertex -2.530773691966678 1.391304610805754 1.5280000000000005
      vertex -1.28161207564093 0.7045722008900338 0.10251546955773416
    endloop
  endfacet
  facet normal -0.5976193431343781 0.3792607677387336 -0.7064080908128536
    outer loop
      vertex -2.530773691966678 1.391304610805754 1.5280000000000005
      vertex -2.3364410797548487 1.6975238086206625 1.5280000000000005
      vertex -1.183199869408463 0.8596450242556375 0.10251546955773416
    endloop
  endfacet
  facet normal 0 0 1
    outer loop
      vertex -1.547467783899343 -2.4384190488498194 2.01
      vertex -1.547467783899343 2.4384190488498194 2.01
      vertex -1.840880482394216 2.22524224513648 2.01
    endloop
  endfacet
  facet normal -0.8443279255020156 0.535826794978996 0
    outer loop
      vertex -2.530773691966678 1.391304610805754 1.5280000000000005
      vertex -2.530773691966678 1.391304610805754 2.01
      vertex -2.3364410797548487 1.6975238086206625 1.5280000000000005
    endloop
  endfacet
  facet normal -0.7705132427757889 0.6374239897486902 0
    outer loop
      vertex -2.3364410797548487 1.6975238086206625 1.5280000000000005
      vertex -2.3364410797548487 1.6975238086206625 2.01
      vertex -2.105261395993037 1.9769720419220527 1.5280000000000005
    endloop
  endfacet
  facet normal -0.8443279255020156 0.535826794978996 0
    outer loop
      vertex -2.530773691966678 1.391304610805754 2.01
      vertex -2.3364410797548487 1.6975238086206625 2.01
      vertex -2.3364410797548487 1.6975238086206625 1.5280000000000005
    endloop
  endfacet
  facet normal -0.7705132427757889 0.6374239897486902 0
    outer loop
      vertex -2.3364410797548487 1.6975238086206625 2.01
      vertex -2.105261395993037 1.9769720419220527 2.01
      vertex -2.105261395993037 1.9769720419220527 1.5280000000000005
    endloop
  endfacet
  facet normal -0.5453729577287413 0.45117174802102106 -0.7064080908128536
    outer loop
      vertex -2.3364410797548487 1.6975238086206625 1.5280000000000005
      vertex -2.105261395993037 1.9769720419220527 1.5280000000000005
      vertex -1.0661278944260828 1.0011607320616838 0.10251546955773416
    endloop
  endfacet
  facet normal -0.4845257149897105 0.5159674803200771 -0.7064080908128536
    outer loop
      vertex -2.105261395993037 1.9769720419220527 1.5280000000000005
      vertex -1.840880482394216 2.22524224513648 1.5280000000000005
      vertex -0.9322424456746691 1.126887537058686 0.10251546955773416
    endloop
  endfacet
  facet normal -0.6845471059286896 0.7289686274214107 0
    outer loop
      vertex -2.105261395993037 1.9769720419220527 1.5280000000000005
      vertex -2.105261395993037 1.9769720419220527 2.01
      vertex -1.840880482394216 2.22524224513648 1.5280000000000005
    endloop
  endfacet
  facet normal -0.6845471059286896 0.7289686274214107 0
    outer loop
      vertex -2.105261395993037 1.9769720419220527 2.01
      vertex -1.840880482394216 2.22524224513648 2.01
      vertex -1.840880482394216 2.22524224513648 1.5280000000000005
    endloop
  endfacet
  facet normal -0.5877852522924721 0.8090169943749482 0
    outer loop
      vertex -1.840880482394216 2.22524224513648 1.5280000000000005
      vertex -1.840880482394216 2.22524224513648 2.01
      vertex -1.547467783899343 2.4384190488498194 1.5280000000000005
    endloop
  endfacet
  facet normal -0.5877852522924721 0.8090169943749482 0
    outer loop
      vertex -1.840880482394216 2.22524224513648 2.01
      vertex -1.547467783899343 2.4384190488498194 2.01
      vertex -1.547467783899343 2.4384190488498194 1.5280000000000005
    endloop
  endfacet
  facet normal 0 0 -1
    outer loop
      vertex -1.4509830982480747 -0.1833017929374873 0.10251546955773416
      vertex -1.4509830982480747 0.1833017929374873 0.10251546955773416
      vertex -1.4165678567037543 0.3637128071011676 0.10251546955773416
    endloop
  endfacet
  facet normal 0 0 -1
    outer loop
      vertex -1.4165678567037543 -0.3637128071011676 0.10251546955773416
      vertex -1.4165678567037543 0.3637128071011676 0.10251546955773416
      vertex -1.359812493842596 0.5383878530253624 0.10251546955773416
    endloop
  endfacet
  facet normal 0 0 -1
    outer loop
      vertex -1.359812493842596 -0.5383878530253624 0.10251546955773416
      vertex -1.359812493842596 0.5383878530253624 0.10251546955773416
      vertex -1.28161207564093 0.7045722008900338 0.10251546955773416
    endloop
  endfacet
  facet normal 0 0 -1
    outer loop
      vertex -1.183199869408463 -0.8596450242556375 0.10251546955773416
      vertex -1.183199869408463 0.8596450242556375 0.10251546955773416
      vertex -1.1608324302618482 0 0.10251546955773416
    endloop
  endfacet
  facet normal -0.9980267284282716 0.0627905195293122 0
    outer loop
      vertex -1.1516789198253932 0.14549088211102693 -0.050146718482324104
      vertex -1.1608324302618482 0 0.10251546955773416
      vertex -1.1516789198253932 0.14549088211102693 0.10251546955773416
    endloop
  endfacet
  facet normal 0 0 -1
    outer loop
      vertex -1.28161207564093 -0.7045722008900338 0.10251546955773416
      vertex -1.28161207564093 0.7045722008900338 0.10251546955773416
      vertex -1.183199869408463 0.8596450242556375 0.10251546955773416
    endloop
  endfacet
  facet normal -0.9822872507286885 0.1873813145857256 0
    outer loop
      vertex -1.1243627448436522 0.2886872860991233 -0.06014671848232389
      vertex -1.1516789198253932 0.14549088211102693 0.10251546955773416
      vertex -1.1243627448436522 0.2886872860991233 0.10251546955773416
    endloop
  endfacet
  facet normal 0 0 -1
    outer loop
      vertex -1.1608324302618482 0 0.10251546955773416
      vertex -1.183199869408463 0.8596450242556375 0.10251546955773416
      vertex -1.1516789198253932 0.14549088211102693 0.10251546955773416
    endloop
  endfacet
  facet normal -0.9510565162951538 0.30901699437494706 0
    outer loop
      vertex -1.07931469771398 0.4273309191320104 -0.07014671848232368
      vertex -1.1243627448436522 0.2886872860991233 0.10251546955773416
      vertex -1.07931469771398 0.4273309191320104 0.10251546955773416
    endloop
  endfacet
  facet normal 0 0 -1
    outer loop
      vertex -1.1516789198253932 0.14549088211102693 0.10251546955773416
      vertex -1.183199869408463 0.8596450242556375 0.10251546955773416
      vertex -1.1243627448436522 0.2886872860991233 0.10251546955773416
    endloop
  endfacet
  facet normal 0 0 -1
    outer loop
      vertex -1.1243627448436522 0.2886872860991233 0.10251546955773416
      vertex -1.0661278944260828 1.0011607320616838 0.10251546955773416
      vertex -1.07931469771398 0.4273309191320104 0.10251546955773416
    endloop
  endfacet
  facet normal 0 0 -1
    outer loop
      vertex -1.1243627448436522 0.2886872860991233 0.10251546955773416
      vertex -1.183199869408463 0.8596450242556375 0.10251546955773416
      vertex -1.0661278944260828 1.0011607320616838 0.10251546955773416
    endloop
  endfacet
  facet normal -0.9048270524660189 0.425779291565074 0
    outer loop
      vertex -1.0172452130500098 0.5592352882950686 -0.08014671848232391
      vertex -1.07931469771398 0.4273309191320104 0.10251546955773416
      vertex -1.0172452130500098 0.5592352882950686 0.10251546955773416
    endloop
  endfacet
  facet normal 0 0 -1
    outer loop
      vertex -1.07931469771398 0.4273309191320104 0.10251546955773416
      vertex -1.0661278944260828 1.0011607320616838 0.10251546955773416
      vertex -1.0172452130500098 0.5592352882950686 0.10251546955773416
    endloop
  endfacet
  facet normal -0.8443279255020154 0.5358267949789963 0
    outer loop
      vertex -0.9391331637034062 0.6823201828907451 -0.09014671848232414
      vertex -1.0172452130500098 0.5592352882950686 0.10251546955773416
      vertex -0.9391331637034062 0.6823201828907451 0.10251546955773416
    endloop
  endfacet
  facet normal 0 0 -1
    outer loop
      vertex -1.0172452130500098 0.5592352882950686 0.10251546955773416
      vertex -1.0661278944260828 1.0011607320616838 0.10251546955773416
      vertex -0.9322424456746691 1.126887537058686 0.10251546955773416
    endloop
  endfacet
  facet normal 0 0 -1
    outer loop
      vertex -1.0172452130500098 0.5592352882950686 0.10251546955773416
      vertex -0.9322424456746691 1.126887537058686 0.10251546955773416
      vertex -0.9391331637034062 0.6823201828907451 0.10251546955773416
    endloop
  endfacet
  facet normal 0 0 -1
    outer loop
      vertex -0.9391331637034062 0.6823201828907451 0.10251546955773416
      vertex -0.9322424456746691 1.126887537058686 0.10251546955773416
      vertex -0.8462104233542411 0.7946444806039143 0.10251546955773416
    endloop
  endfacet
  facet normal -0.7705132427757898 0.6374239897486891 0
    outer loop
      vertex -0.8462104233542411 0.7946444806039143 -0.10014671848232393
      vertex -0.9391331637034062 0.6823201828907451 0.10251546955773416
      vertex -0.8462104233542411 0.7946444806039143 0.10251546955773416
    endloop
  endfacet
  facet normal -0.6845471059286892 0.728968627421411 0
    outer loop
      vertex -0.7399424391271748 0.8944367601603571 -0.11014671848232371
      vertex -0.8462104233542411 0.7946444806039143 0.10251546955773416
      vertex -0.7399424391271748 0.8944367601603571 0.10251546955773416
    endloop
  endfacet
  facet normal 0 0 -1
    outer loop
      vertex -0.8462104233542411 0.7946444806039143 0.10251546955773416
      vertex -0.9322424456746691 1.126887537058686 0.10251546955773416
      vertex -0.7836549766603231 1.234842652426287 0.10251546955773416
    endloop
  endfacet
  facet normal 0 0 -1
    outer loop
      vertex -0.8462104233542411 0.7946444806039143 0.10251546955773416
      vertex -0.7836549766603231 1.234842652426287 0.10251546955773416
      vertex -0.7399424391271748 0.8944367601603571 0.10251546955773416
    endloop
  endfacet
  facet normal -0.48452571498971037 0.5159674803200772 -0.7064080908128536
    outer loop
      vertex -2.105261395993037 1.9769720419220527 1.5280000000000005
      vertex -0.9322424456746691 1.126887537058686 0.10251546955773416
      vertex -1.0661278944260828 1.0011607320616838 0.10251546955773416
    endloop
  endfacet
  facet normal 0 0 1
    outer loop
      vertex -1.1827020264349486 0 0.8999999999999999
      vertex 0.5913510132174743 1.02425 0.8999999999999999
      vertex -0.5913510132174743 1.02425 0.8999999999999999
    endloop
  endfacet
  facet normal -0.5877852522924727 0.8090169943749477 0
    outer loop
      vertex -0.6220051206148859 0.9801232376984489 -0.12014671848232394
      vertex -0.7399424391271748 0.8944367601603571 0.10251546955773416
      vertex -0.6220051206148859 0.9801232376984489 0.10251546955773416
    endloop
  endfacet
  facet normal 0 0 -1
    outer loop
      vertex -0.7399424391271748 0.8944367601603571 0.10251546955773416
      vertex -0.6227088005312512 1.3233235615058812 0.10251546955773416
      vertex -0.6220051206148859 0.9801232376984489 0.10251546955773416
    endloop
  endfacet
  facet normal -0.48175367410171516 0.8763066800438637 0
    outer loop
      vertex -0.4942584097826514 1.0503525862807943 -0.13014671848232418
      vertex -0.6220051206148859 0.9801232376984489 0.10251546955773416
      vertex -0.4942584097826514 1.0503525862807943 0.09966718156366805
    endloop
  endfacet
  facet normal -0.48175367410171516 0.8763066800438637 0
    outer loop
      vertex -0.6220051206148859 0.9801232376984489 0.10251546955773416
      vertex -0.4942584097826514 1.0503525862807943 0.10251546955773416
      vertex -0.4942584097826514 1.0503525862807943 0.09966718156366805
    endloop
  endfacet
  facet normal -0.36812455268467803 0.9297764858882515 0
    outer loop
      vertex -0.4942584097826514 1.0503525862807943 0.09966718156366805
      vertex -0.4942584097826514 1.0503525862807943 0.10251546955773416
      vertex -0.3587169485724821 1.1040172471272702 0.08966718156366804
    endloop
  endfacet
  facet normal 0 0 -1
    outer loop
      vertex -0.7399424391271748 0.8944367601603571 0.10251546955773416
      vertex -0.7836549766603231 1.234842652426287 0.10251546955773416
      vertex -0.6227088005312512 1.3233235615058812 0.10251546955773416
    endloop
  endfacet
  facet normal 0 0 -1
    outer loop
      vertex -0.6220051206148859 0.9801232376984489 0.10251546955773416
      vertex -0.6227088005312512 1.3233235615058812 0.10251546955773416
      vertex -0.4942584097826514 1.0503525862807943 0.10251546955773416
    endloop
  endfacet
  facet normal 0 0 -1
    outer loop
      vertex -0.4942584097826514 1.0503525862807943 0.10251546955773416
      vertex -0.6227088005312512 1.3233235615058812 0.10251546955773416
      vertex -0.45194213462959587 1.3909348675053492 0.10251546955773416
    endloop
  endfacet
  facet normal -0.3681245526846781 0.9297764858882513 0
    outer loop
      vertex -0.3587169485724821 1.1040172471272702 -0.14014671848232396
      vertex -0.4942584097826514 1.0503525862807943 0.09966718156366805
      vertex -0.3587169485724821 1.1040172471272702 0.08966718156366804
    endloop
  endfacet
  facet normal -0.36812455268467803 0.9297764858882515 0
    outer loop
      vertex -0.4942584097826514 1.0503525862807943 0.10251546955773416
      vertex -0.3587169485724821 1.1040172471272702 0.10251546955773416
      vertex -0.3587169485724821 1.1040172471272702 0.08966718156366804
    endloop
  endfacet
  facet normal 0 0 -1
    outer loop
      vertex -0.4942584097826514 1.0503525862807943 0.10251546955773416
      vertex -0.45194213462959587 1.3909348675053492 0.10251546955773416
      vertex -0.3587169485724821 1.1040172471272702 0.10251546955773416
    endloop
  endfacet
  facet normal 0 0 -1
    outer loop
      vertex -0.45194213462959587 1.3909348675053492 0.10251546955773416
      vertex -0.2740480712876868 1.4366102997400436 0.10251546955773416
      vertex -0.3587169485724821 1.1040172471272702 0.10251546955773416
    endloop
  endfacet
  facet normal -0.24868988716485502 0.968583161128631 0
    outer loop
      vertex -0.3587169485724821 1.1040172471272702 0.08966718156366804
      vertex -0.3587169485724821 1.1040172471272702 0.10251546955773416
      vertex -0.21751830679620654 1.1402708964786132 0.07966718156366825
    endloop
  endfacet
  facet normal 0 0 -1
    outer loop
      vertex -0.3587169485724821 1.1040172471272702 0.10251546955773416
      vertex -0.2740480712876868 1.4366102997400436 0.10251546955773416
      vertex -0.21751830679620654 1.1402708964786132 0.10251546955773416
    endloop
  endfacet
  facet normal -0.24868988716485504 0.9685831611286311 0
    outer loop
      vertex -0.21751830679620654 1.1402708964786132 -0.15014671848232375
      vertex -0.3587169485724821 1.1040172471272702 0.08966718156366804
      vertex -0.21751830679620654 1.1402708964786132 0.07966718156366825
    endloop
  endfacet
  facet normal -0.24868988716485507 0.9685831611286311 0
    outer loop
      vertex -0.3587169485724821 1.1040172471272702 0.10251546955773416
      vertex -0.21751830679620654 1.1402708964786132 0.10251546955773416
      vertex -0.21751830679620654 1.1402708964786132 0.07966718156366825
    endloop
  endfacet
  facet normal 0 0 -1
    outer loop
      vertex -0.21751830679620654 1.1402708964786132 0.10251546955773416
      vertex -0.2740480712876868 1.4366102997400436 0.10251546955773416
      vertex -0.09183210615318839 1.4596295293584427 0.10251546955773416
    endloop
  endfacet
  facet normal -0.1253332335643028 0.992114701314478 0
    outer loop
      vertex -0.21751830679620654 1.1402708964786132 0.07966718156366825
      vertex -0.21751830679620654 1.1402708964786132 0.10251546955773416
      vertex -0.07288927138261678 1.158541792627672 0.06966718156366802
    endloop
  endfacet
  facet normal -0.1253332335643028 0.992114701314478 0
    outer loop
      vertex -0.21751830679620654 1.1402708964786132 0.10251546955773416
      vertex -0.07288927138261678 1.158541792627672 0.10251546955773416
      vertex -0.07288927138261678 1.158541792627672 0.06966718156366802
    endloop
  endfacet
  facet normal 0 0 -1
    outer loop
      vertex -0.21751830679620654 1.1402708964786132 0.10251546955773416
      vertex -0.09183210615318839 1.4596295293584427 0.10251546955773416
      vertex -0.07288927138261678 1.158541792627672 0.10251546955773416
    endloop
  endfacet
  facet normal 0 1 0
    outer loop
      vertex -0.07288927138261678 1.158541792627672 0.06966718156366802
      vertex -0.07288927138261678 1.158541792627672 0.10251546955773416
      vertex 0.07288927138261678 1.158541792627672 0.05966718156366824
    endloop
  endfacet
  facet normal 0 0 -1
    outer loop
      vertex -0.07288927138261678 1.158541792627672 0.10251546955773416
      vertex -0.09183210615318839 1.4596295293584427 0.10251546955773416
      vertex 0.09183210615318839 1.4596295293584427 0.10251546955773416
    endloop
  endfacet
  facet normal 0.8660254037844387 -0.5 0
    outer loop
      vertex -1.1827020264349486 0 0.8999999999999999
      vertex -0.5913510132174743 1.02425 0.8999999999999999
      vertex -0.5913510132174743 1.02425 2.01
    endloop
  endfacet
  facet normal 0 0 1
    outer loop
      vertex -1.2296505940399294 -2.613140527521865 2.01
      vertex -1.1827020264349486 0 2.01
      vertex -1.2296505940399294 2.613140527521865 2.01
    endloop
  endfacet
  facet normal 0.8660254037844387 -0.5 0
    outer loop
      vertex -1.1827020264349486 0 0.8999999999999999
      vertex -0.5913510132174743 1.02425 2.01
      vertex -1.1827020264349486 0 2.01
    endloop
  endfacet
  facet normal 0 0 1
    outer loop
      vertex -1.2296505940399294 -2.613140527521865 2.01
      vertex -1.2296505940399294 2.613140527521865 2.01
      vertex -1.547467783899343 2.4384190488498194 2.01
    endloop
  endfacet
  facet normal 0 0 1
    outer loop
      vertex -1.2296505940399294 2.613140527521865 2.01
      vertex -1.1827020264349486 0 2.01
      vertex -0.5913510132174743 1.02425 2.01
    endloop
  endfacet
  facet normal 0 -1 0
    outer loop
      vertex -0.5913510132174743 1.02425 0.8999999999999999
      vertex 0.5913510132174743 1.02425 2.01
      vertex -0.5913510132174743 1.02425 2.01
    endloop
  endfacet
  facet normal -0.416037212283658 0.5726260972304545 -0.7064080908128533
    outer loop
      vertex -1.840880482394216 2.22524224513648 1.5280000000000005
      vertex -0.7836549766603231 1.234842652426287 0.10251546955773416
      vertex -0.9322424456746691 1.126887537058686 0.10251546955773416
    endloop
  endfacet
  facet normal -0.34098755421130855 0.6202540585172573 -0.7064080908128534
    outer loop
      vertex -1.547467783899343 2.4384190488498194 1.5280000000000005
      vertex -0.6227088005312512 1.3233235615058812 0.10251546955773416
      vertex -0.7836549766603231 1.234842652426287 0.10251546955773416
    endloop
  endfacet
  facet normal -0.2605603187129557 0.6581002427794281 -0.7064080908128536
    outer loop
      vertex -0.6227088005312512 1.3233235615058812 0.10251546955773416
      vertex -1.2296505940399294 2.613140527521865 1.5280000000000005
      vertex -0.45194213462959587 1.3909348675053492 0.10251546955773416
    endloop
  endfacet
  facet normal -0.17602389133730992 0.6855677930829381 -0.7064080908128536
    outer loop
      vertex -0.45194213462959587 1.3909348675053492 0.10251546955773416
      vertex -0.8924410797548482 2.7466512190604035 1.5280000000000005
      vertex -0.2740480712876868 1.4366102997400436 0.10251546955773416
    endloop
  endfacet
  facet normal -0.0887114620436996 0.7022235297511815 -0.7064080908128536
    outer loop
      vertex -0.2740480712876868 1.4366102997400436 0.10251546955773416
      vertex -0.5411572365235734 2.836845580104453 1.5280000000000005
      vertex -0.09183210615318839 1.4596295293584427 0.10251546955773416
    endloop
  endfacet
  facet normal 0 0.7078047818672456 -0.7064080908128536
    outer loop
      vertex -0.09183210615318839 1.4596295293584427 0.10251546955773416
      vertex -0.18133902040065816 2.8823011917008485 1.5280000000000005
      vertex 0.09183210615318839 1.4596295293584427 0.10251546955773416
    endloop
  endfacet
  facet normal -0.41603721228365725 0.572626097230455 -0.7064080908128537
    outer loop
      vertex -1.840880482394216 2.22524224513648 1.5280000000000005
      vertex -1.547467783899343 2.4384190488498194 1.5280000000000005
      vertex -0.7836549766603231 1.234842652426287 0.10251546955773416
    endloop
  endfacet
  facet normal -0.3409875542113088 0.6202540585172571 -0.7064080908128536
    outer loop
      vertex -1.547467783899343 2.4384190488498194 1.5280000000000005
      vertex -1.2296505940399294 2.613140527521865 1.5280000000000005
      vertex -0.6227088005312512 1.3233235615058812 0.10251546955773416
    endloop
  endfacet
  facet normal 0 0 1
    outer loop
      vertex -1.2296505940399294 2.613140527521865 2.01
      vertex -0.5913510132174743 1.02425 2.01
      vertex -0.8924410797548482 2.7466512190604035 2.01
    endloop
  endfacet
  facet normal -0.2605603187129555 0.6581002427794284 -0.7064080908128534
    outer loop
      vertex -0.45194213462959587 1.3909348675053492 0.10251546955773416
      vertex -1.2296505940399294 2.613140527521865 1.5280000000000005
      vertex -0.8924410797548482 2.7466512190604035 1.5280000000000005
    endloop
  endfacet
  facet normal -0.48175367410171527 0.8763066800438636 0
    outer loop
      vertex -1.547467783899343 2.4384190488498194 1.5280000000000005
      vertex -1.547467783899343 2.4384190488498194 2.01
      vertex -1.2296505940399294 2.613140527521865 1.5280000000000005
    endloop
  endfacet
  facet normal -0.3681245526846773 0.9297764858882516 0
    outer loop
      vertex -1.2296505940399294 2.613140527521865 1.5280000000000005
      vertex -1.2296505940399294 2.613140527521865 2.01
      vertex -0.8924410797548482 2.7466512190604035 1.5280000000000005
    endloop
  endfacet
  facet normal -0.48175367410171527 0.8763066800438636 0
    outer loop
      vertex -1.547467783899343 2.4384190488498194 2.01
      vertex -1.2296505940399294 2.613140527521865 2.01
      vertex -1.2296505940399294 2.613140527521865 1.5280000000000005
    endloop
  endfacet
  facet normal -0.24868988716485588 0.9685831611286307 0
    outer loop
      vertex -0.8924410797548482 2.7466512190604035 1.5280000000000005
      vertex -0.8924410797548482 2.7466512190604035 2.01
      vertex -0.5411572365235734 2.836845580104453 1.5280000000000005
    endloop
  endfacet
  facet normal -0.3681245526846773 0.9297764858882516 0
    outer loop
      vertex -1.2296505940399294 2.613140527521865 2.01
      vertex -0.8924410797548482 2.7466512190604035 2.01
      vertex -0.8924410797548482 2.7466512190604035 1.5280000000000005
    endloop
  endfacet
  facet normal 0 0 1
    outer loop
      vertex -0.8924410797548482 2.7466512190604035 2.01
      vertex -0.5913510132174743 1.02425 2.01
      vertex 0.5913510132174743 1.02425 2.01
    endloop
  endfacet
  facet normal -0.17602389133731058 0.6855677930829378 -0.7064080908128536
    outer loop
      vertex -0.2740480712876868 1.4366102997400436 0.10251546955773416
      vertex -0.8924410797548482 2.7466512190604035 1.5280000000000005
      vertex -0.5411572365235734 2.836845580104453 1.5280000000000005
    endloop
  endfacet
  facet normal -0.08871146204369873 0.7022235297511815 -0.7064080908128536
    outer loop
      vertex -0.09183210615318839 1.4596295293584427 0.10251546955773416
      vertex -0.5411572365235734 2.836845580104453 1.5280000000000005
      vertex -0.18133902040065816 2.8823011917008485 1.5280000000000005
    endloop
  endfacet
  facet normal -0.12533323356430434 0.9921147013144778 0
    outer loop
      vertex -0.5411572365235734 2.836845580104453 1.5280000000000005
      vertex -0.5411572365235734 2.836845580104453 2.01
      vertex -0.18133902040065816 2.8823011917008485 1.5280000000000005
    endloop
  endfacet
  facet normal -0.24868988716485588 0.9685831611286307 0
    outer loop
      vertex -0.8924410797548482 2.7466512190604035 2.01
      vertex -0.5411572365235734 2.836845580104453 2.01
      vertex -0.5411572365235734 2.836845580104453 1.5280000000000005
    endloop
  endfacet
  facet normal 0 0 1
    outer loop
      vertex -0.8924410797548482 2.7466512190604035 2.01
      vertex 0.5913510132174743 1.02425 2.01
      vertex -0.5411572365235734 2.836845580104453 2.01
    endloop
  endfacet
  facet normal 0 0 1
    outer loop
      vertex -0.5411572365235734 2.836845580104453 2.01
      vertex 0.5913510132174743 1.02425 2.01
      vertex -0.18133902040065816 2.8823011917008485 2.01
    endloop
  endfacet
  facet normal 0 1 0
    outer loop
      vertex -0.18133902040065816 2.8823011917008485 1.5280000000000005
      vertex -0.18133902040065816 2.8823011917008485 2.01
      vertex 0.18133902040065816 2.8823011917008485 1.5280000000000005
    endloop
  endfacet
  facet normal -0.12533323356430434 0.9921147013144778 0
    outer loop
      vertex -0.5411572365235734 2.836845580104453 2.01
      vertex -0.18133902040065816 2.8823011917008485 2.01
      vertex -0.18133902040065816 2.8823011917008485 1.5280000000000005
    endloop
  endfacet
  facet normal 0 -1 0
    outer loop
      vertex -0.09183210615318839 -1.4596295293584427 -1.165676497570252
      vertex 0.09183210615318839 -1.4596295293584427 -1.1556764975702518
      vertex 0.09183210615318839 -1.4596295293584427 -1.084323502429748
    endloop
  endfacet
  facet normal 0.12533323356430517 -0.9921147013144777 0
    outer loop
      vertex 0.09183210615318839 -1.4596295293584427 -1.1556764975702518
      vertex 0.2740480712876868 -1.4366102997400436 -1.0743235024297482
      vertex 0.09183210615318839 -1.4596295293584427 -1.084323502429748
    endloop
  endfacet
  facet normal 0.12533323356430517 -0.9921147013144777 0
    outer loop
      vertex 0.09183210615318839 -1.4596295293584427 -1.1556764975702518
      vertex 0.2740480712876868 -1.4366102997400436 -1.145676497570252
      vertex 0.2740480712876868 -1.4366102997400436 -1.0743235024297482
    endloop
  endfacet
  facet normal 0 -1 0
    outer loop
      vertex -0.09183210615318839 -1.4596295293584427 -0.665676497570252
      vertex 0.09183210615318839 -1.4596295293584427 -0.6556764975702518
      vertex 0.09183210615318839 -1.4596295293584427 -0.584323502429748
    endloop
  endfacet
  facet normal 0.12533323356430517 -0.9921147013144777 0
    outer loop
      vertex 0.09183210615318839 -1.4596295293584427 -0.6556764975702518
      vertex 0.2740480712876868 -1.4366102997400436 -0.5743235024297482
      vertex 0.09183210615318839 -1.4596295293584427 -0.584323502429748
    endloop
  endfacet
  facet normal 0.12533323356430517 -0.9921147013144777 0
    outer loop
      vertex 0.09183210615318839 -1.4596295293584427 -0.6556764975702518
      vertex 0.2740480712876868 -1.4366102997400436 -0.645676497570252
      vertex 0.2740480712876868 -1.4366102997400436 -0.5743235024297482
    endloop
  endfacet
  facet normal 0 -1 0
    outer loop
      vertex -0.09183210615318839 -1.4596295293584427 -0.16567649757025205
      vertex 0.09183210615318839 -1.4596295293584427 -0.15567649757025182
      vertex 0.09183210615318839 -1.4596295293584427 -0.08432350242974795
    endloop
  endfacet
  facet normal 0 -1 0
    outer loop
      vertex -0.07288927138261733 -1.158541792627672 -1.8065279282896922
      vertex 0.07288927138261733 -1.158541792627672 -1.8065279282896922
      vertex 0.07288927138261733 -1.158541792627672 -1.680332818436332
    endloop
  endfacet
  facet normal 0.08871146204369904 -0.7022235297511812 -0.7064080908128539
    outer loop
      vertex 0.07288927138261733 -1.158541792627672 -1.8065279282896922
      vertex 0.06074105948551445 -0.9654514938563934 -2
      vertex 0.21751830679620687 -1.140270896478613 -1.8065279282896922
    endloop
  endfacet
  facet normal 0.12533323356430445 -0.9921147013144778 0
    outer loop
      vertex 0.07288927138261733 -1.158541792627672 -1.8065279282896922
      vertex 0.21751830679620687 -1.140270896478613 -1.8065279282896922
      vertex 0.21751830679620687 -1.140270896478613 -1.6703328184363317
    endloop
  endfacet
  facet normal 0.2486898871648542 -0.9685831611286313 0
    outer loop
      vertex 0.21751830679620687 -1.140270896478613 -1.8065279282896922
      vertex 0.3587169485724821 -1.1040172471272702 -1.8065279282896922
      vertex 0.3587169485724821 -1.1040172471272702 -1.660332818436332
    endloop
  endfacet
  facet normal 0 -1 0
    outer loop
      vertex -0.07288927138261733 -1.158541792627672 -1.6903328184363318
      vertex 0.07288927138261733 -1.158541792627672 -1.680332818436332
      vertex 0.07288927138261733 -1.158541792627672 -1.6302569930514474
    endloop
  endfacet
  facet normal 0 -1 0
    outer loop
      vertex -0.07288927138261733 -1.158541792627672 -1.6402569930514472
      vertex 0.07288927138261733 -1.158541792627672 -1.6302569930514474
      vertex 0.07288927138261733 -1.158541792627672 -1.6097430069485528
    endloop
  endfacet
  facet normal 0.12533323356430448 -0.9921147013144777 0
    outer loop
      vertex 0.07288927138261733 -1.158541792627672 -1.8065279282896922
      vertex 0.21751830679620687 -1.140270896478613 -1.6703328184363317
      vertex 0.07288927138261733 -1.158541792627672 -1.680332818436332
    endloop
  endfacet
  facet normal 0.12533323356430448 -0.9921147013144778 0
    outer loop
      vertex 0.07288927138261733 -1.158541792627672 -1.680332818436332
      vertex 0.21751830679620687 -1.140270896478613 -1.6202569930514477
      vertex 0.07288927138261733 -1.158541792627672 -1.6302569930514474
    endloop
  endfacet
  facet normal 0.12533323356430448 -0.9921147013144778 0
    outer loop
      vertex 0.07288927138261733 -1.158541792627672 -1.680332818436332
      vertex 0.21751830679620687 -1.140270896478613 -1.6703328184363317
      vertex 0.21751830679620687 -1.140270896478613 -1.6202569930514477
    endloop
  endfacet
  facet normal 0 -1 0
    outer loop
      vertex -0.07288927138261733 -1.158541792627672 -1.6197430069485526
      vertex 0.07288927138261733 -1.158541792627672 -1.6097430069485528
      vertex 0.07288927138261733 -1.158541792627672 -1.5596671815636682
    endloop
  endfacet
  facet normal 0.12533323356430448 -0.9921147013144778 0
    outer loop
      vertex 0.07288927138261733 -1.158541792627672 -1.6302569930514474
      vertex 0.21751830679620687 -1.140270896478613 -1.5997430069485525
      vertex 0.07288927138261733 -1.158541792627672 -1.6097430069485528
    endloop
  endfacet
  facet normal 0.12533323356430448 -0.9921147013144778 0
    outer loop
      vertex 0.07288927138261733 -1.158541792627672 -1.6097430069485528
      vertex 0.21751830679620687 -1.140270896478613 -1.549667181563668
      vertex 0.07288927138261733 -1.158541792627672 -1.5596671815636682
    endloop
  endfacet
  facet normal 0.12533323356430448 -0.992114701314478 0
    outer loop
      vertex 0.07288927138261733 -1.158541792627672 -1.6302569930514474
      vertex 0.21751830679620687 -1.140270896478613 -1.6202569930514477
      vertex 0.21751830679620687 -1.140270896478613 -1.5997430069485525
    endloop
  endfacet
  facet normal 0.12533323356430448 -0.9921147013144778 0
    outer loop
      vertex 0.07288927138261733 -1.158541792627672 -1.6097430069485528
      vertex 0.21751830679620687 -1.140270896478613 -1.5997430069485525
      vertex 0.21751830679620687 -1.140270896478613 -1.549667181563668
    endloop
  endfacet
  facet normal 0.24868988716485418 -0.9685831611286313 0
    outer loop
      vertex 0.21751830679620687 -1.140270896478613 -1.8065279282896922
      vertex 0.3587169485724821 -1.1040172471272702 -1.660332818436332
      vertex 0.21751830679620687 -1.140270896478613 -1.6703328184363317
    endloop
  endfacet
  facet normal 0.24868988716485416 -0.9685831611286313 0
    outer loop
      vertex 0.21751830679620687 -1.140270896478613 -1.6703328184363317
      vertex 0.3587169485724821 -1.1040172471272702 -1.6102569930514474
      vertex 0.21751830679620687 -1.140270896478613 -1.6202569930514477
    endloop
  endfacet
  facet normal 0.24868988716485413 -0.9685831611286312 0
    outer loop
      vertex 0.21751830679620687 -1.140270896478613 -1.6703328184363317
      vertex 0.3587169485724821 -1.1040172471272702 -1.660332818436332
      vertex 0.3587169485724821 -1.1040172471272702 -1.6102569930514474
    endloop
  endfacet
  facet normal 0.24868988716485416 -0.9685831611286312 0
    outer loop
      vertex 0.21751830679620687 -1.140270896478613 -1.6202569930514477
      vertex 0.3587169485724821 -1.1040172471272702 -1.5897430069485523
      vertex 0.21751830679620687 -1.140270896478613 -1.5997430069485525
    endloop
  endfacet
  facet normal 0.24868988716485413 -0.9685831611286312 0
    outer loop
      vertex 0.21751830679620687 -1.140270896478613 -1.5997430069485525
      vertex 0.3587169485724821 -1.1040172471272702 -1.5396671815636682
      vertex 0.21751830679620687 -1.140270896478613 -1.549667181563668
    endloop
  endfacet
  facet normal 0.2486898871648542 -0.9685831611286312 0
    outer loop
      vertex 0.21751830679620687 -1.140270896478613 -1.6202569930514477
      vertex 0.3587169485724821 -1.1040172471272702 -1.6102569930514474
      vertex 0.3587169485724821 -1.1040172471272702 -1.5897430069485523
    endloop
  endfacet
  facet normal 0.24868988716485416 -0.9685831611286313 0
    outer loop
      vertex 0.21751830679620687 -1.140270896478613 -1.5997430069485525
      vertex 0.3587169485724821 -1.1040172471272702 -1.5897430069485523
      vertex 0.3587169485724821 -1.1040172471272702 -1.5396671815636682
    endloop
  endfacet
  facet normal 0 -0.7078047818672454 -0.7064080908128539
    outer loop
      vertex -0.06074105948551445 -0.9654514938563934 -2
      vertex 0.06074105948551445 -0.9654514938563934 -2
      vertex 0.07288927138261733 -1.158541792627672 -1.8065279282896922
    endloop
  endfacet
  facet normal 0.0887114620436993 -0.7022235297511813 -0.7064080908128539
    outer loop
      vertex 0.21751830679620687 -1.140270896478613 -1.8065279282896922
      vertex 0.06074105948551445 -0.9654514938563934 -2
      vertex 0.1812652556635057 -0.9502257470655109 -2
    endloop
  endfacet
  facet normal 0.17602389133730936 -0.6855677930829376 -0.706408090812854
    outer loop
      vertex 0.3587169485724821 -1.1040172471272702 -1.8065279282896922
      vertex 0.1812652556635057 -0.9502257470655109 -2
      vertex 0.2989307904770684 -0.9200143726060586 -2
    endloop
  endfacet
  facet normal 0.17602389133730942 -0.6855677930829377 -0.7064080908128539
    outer loop
      vertex 0.21751830679620687 -1.140270896478613 -1.8065279282896922
      vertex 0.1812652556635057 -0.9502257470655109 -2
      vertex 0.3587169485724821 -1.1040172471272702 -1.8065279282896922
    endloop
  endfacet
  facet normal 0.3681245526846789 -0.9297764858882511 0
    outer loop
      vertex 0.3587169485724821 -1.1040172471272702 -1.8065279282896922
      vertex 0.494258409782651 -1.0503525862807943 -1.6503328184363317
      vertex 0.3587169485724821 -1.1040172471272702 -1.660332818436332
    endloop
  endfacet
  facet normal 0.368124552684679 -0.929776485888251 0
    outer loop
      vertex 0.3587169485724821 -1.1040172471272702 -1.660332818436332
      vertex 0.494258409782651 -1.0503525862807943 -1.6002569930514476
      vertex 0.3587169485724821 -1.1040172471272702 -1.6102569930514474
    endloop
  endfacet
  facet normal 0.3681245526846789 -0.929776485888251 0
    outer loop
      vertex 0.3587169485724821 -1.1040172471272702 -1.6102569930514474
      vertex 0.494258409782651 -1.0503525862807943 -1.5797430069485525
      vertex 0.3587169485724821 -1.1040172471272702 -1.5897430069485523
    endloop
  endfacet
  facet normal 0.3681245526846789 -0.929776485888251 0
    outer loop
      vertex 0.3587169485724821 -1.1040172471272702 -1.5897430069485523
      vertex 0.494258409782651 -1.0503525862807943 -1.529667181563668
      vertex 0.3587169485724821 -1.1040172471272702 -1.5396671815636682
    endloop
  endfacet
  facet normal -0.4138704021061298 -0.9103358118082088 0
    outer loop
      vertex 0.494258409782651 -1.0503525862807943 -1.6503328184363317
      vertex 0.73645162033698 -1.160462064716443 -1.6078630800313705
      vertex 0.494258409782651 -1.0503525862807943 -1.6002569930514476
    endloop
  endfacet
  facet normal -0.4138704021061298 -0.9103358118082088 0
    outer loop
      vertex 0.494258409782651 -1.0503525862807943 -1.6002569930514476
      vertex 0.73645162033698 -1.160462064716443 -1.5521369199686297
      vertex 0.494258409782651 -1.0503525862807943 -1.5797430069485525
    endloop
  endfacet
  facet normal -0.4138704021061298 -0.9103358118082088 0
    outer loop
      vertex 0.494258409782651 -1.0503525862807943 -1.5797430069485525
      vertex 0.73645162033698 -1.160462064716443 -1.5521369199686297
      vertex 0.494258409782651 -1.0503525862807943 -1.529667181563668
    endloop
  endfacet
  facet normal -0.4138704021061298 -0.9103358118082088 0
    outer loop
      vertex 0.494258409782651 -1.0503525862807943 -1.6002569930514476
      vertex 0.73645162033698 -1.160462064716443 -1.6078630800313705
      vertex 0.73645162033698 -1.160462064716443 -1.5521369199686297
    endloop
  endfacet
  facet normal 0.2605603187129558 -0.6581002427794279 -0.7064080908128538
    outer loop
      vertex 0.2989307904770684 -0.9200143726060586 -2
      vertex 0.4118820081522092 -0.8752938219006621 -2
      vertex 0.494258409782651 -1.0503525862807943 -1.8065279282896922
    endloop
  endfacet
  facet normal 0.26056031871295643 -0.6581002427794274 -0.706408090812854
    outer loop
      vertex 0.3587169485724821 -1.1040172471272702 -1.8065279282896922
      vertex 0.2989307904770684 -0.9200143726060586 -2
      vertex 0.494258409782651 -1.0503525862807943 -1.8065279282896922
    endloop
  endfacet
  facet normal 0.3681245526846789 -0.929776485888251 0
    outer loop
      vertex 0.3587169485724821 -1.1040172471272702 -1.8065279282896922
      vertex 0.494258409782651 -1.0503525862807943 -1.8065279282896922
      vertex 0.494258409782651 -1.0503525862807943 -1.6503328184363317
    endloop
  endfacet
  facet normal 0.34098755421130766 -0.6202540585172575 -0.7064080908128537
    outer loop
      vertex 0.494258409782651 -1.0503525862807943 -1.8065279282896922
      vertex 0.4118820081522092 -0.8752938219006621 -2
      vertex 0.6220051206148853 -0.9801232376984492 -1.8065279282896922
    endloop
  endfacet
  facet normal 0.3409875542113079 -0.6202540585172573 -0.7064080908128539
    outer loop
      vertex 0.4118820081522092 -0.8752938219006621 -2
      vertex 0.5183376005124045 -0.8167693647487078 -2
      vertex 0.6220051206148853 -0.9801232376984492 -1.8065279282896922
    endloop
  endfacet
  facet normal 0.48175367410171394 -0.8763066800438645 0
    outer loop
      vertex 0.494258409782651 -1.0503525862807943 -1.8065279282896922
      vertex 0.6220051206148853 -0.9801232376984492 -1.8065279282896922
      vertex 0.6220051206148853 -0.9801232376984492 -1.7438938566281301
    endloop
  endfacet
  facet normal 0.5877852522924734 -0.8090169943749472 0
    outer loop
      vertex 0.6220051206148853 -0.9801232376984492 -1.8065279282896922
      vertex 0.7399424391271752 -0.8944367601603567 -1.779853281517676
      vertex 0.6220051206148853 -0.9801232376984492 -1.7438938566281301
    endloop
  endfacet
  facet normal 0.5877852522924732 -0.8090169943749472 0
    outer loop
      vertex 0.6220051206148853 -0.9801232376984492 -1.8065279282896922
      vertex 0.7399424391271752 -0.8944367601603567 -1.8065279282896922
      vertex 0.7399424391271752 -0.8944367601603567 -1.779853281517676
    endloop
  endfacet
  facet normal 0.41603721228365775 -0.5726260972304542 -0.7064080908128538
    outer loop
      vertex 0.5183376005124045 -0.8167693647487078 -2
      vertex 0.616618699272646 -0.7453639668002974 -2
      vertex 0.7399424391271752 -0.8944367601603567 -1.8065279282896922
    endloop
  endfacet
  facet normal 0.416037212283658 -0.572626097230454 -0.7064080908128538
    outer loop
      vertex 0.5183376005124045 -0.8167693647487078 -2
      vertex 0.7399424391271752 -0.8944367601603567 -1.8065279282896922
      vertex 0.6220051206148853 -0.9801232376984492 -1.8065279282896922
    endloop
  endfacet
  facet normal 0.3681245526846789 -0.929776485888251 0
    outer loop
      vertex 0.3587169485724821 -1.1040172471272702 -1.660332818436332
      vertex 0.494258409782651 -1.0503525862807943 -1.6503328184363317
      vertex 0.494258409782651 -1.0503525862807943 -1.6002569930514476
    endloop
  endfacet
  facet normal 0.48175367410171377 -0.8763066800438644 0
    outer loop
      vertex 0.494258409782651 -1.0503525862807943 -1.8065279282896922
      vertex 0.6220051206148853 -0.9801232376984492 -1.7438938566281301
      vertex 0.494258409782651 -1.0503525862807943 -1.6503328184363317
    endloop
  endfacet
  facet normal 0.3681245526846789 -0.929776485888251 0
    outer loop
      vertex 0.3587169485724821 -1.1040172471272702 -1.6102569930514474
      vertex 0.494258409782651 -1.0503525862807943 -1.6002569930514476
      vertex 0.494258409782651 -1.0503525862807943 -1.5797430069485525
    endloop
  endfacet
  facet normal 0.3681245526846789 -0.929776485888251 0
    outer loop
      vertex 0.3587169485724821 -1.1040172471272702 -1.5897430069485523
      vertex 0.494258409782651 -1.0503525862807943 -1.5797430069485525
      vertex 0.494258409782651 -1.0503525862807943 -1.529667181563668
    endloop
  endfacet
  facet normal -0.1721353350581344 -0.6605051289585564 -0.730823098323982
    outer loop
      vertex 0.494258409782651 -1.0503525862807943 -1.6503328184363317
      vertex 0.6220051206148853 -0.9801232376984492 -1.7438938566281301
      vertex 0.73645162033698 -1.160462064716443 -1.6078630800313705
    endloop
  endfacet
  facet normal -0.24385018509184014 -0.6778936359827874 0.6935396928256603
    outer loop
      vertex 0.494258409782651 -1.0503525862807943 -1.529667181563668
      vertex 0.73645162033698 -1.160462064716443 -1.5521369199686297
      vertex 0.6220051206148853 -0.9801232376984492 -1.41610614337187
    endloop
  endfacet
  facet normal 0 -1 0
    outer loop
      vertex -0.07288927138261733 -1.158541792627672 -1.569667181563668
      vertex 0.07288927138261733 -1.158541792627672 -1.5596671815636682
      vertex 0.07288927138261733 -1.158541792627672 -1.3298532815176758
    endloop
  endfacet
  facet normal 0.12533323356430448 -0.9921147013144779 0
    outer loop
      vertex 0.07288927138261733 -1.158541792627672 -1.5596671815636682
      vertex 0.21751830679620687 -1.140270896478613 -1.549667181563668
      vertex 0.21751830679620687 -1.140270896478613 -1.319853281517676
    endloop
  endfacet
  facet normal 0.1253332335643045 -0.9921147013144779 0
    outer loop
      vertex 0.07288927138261733 -1.158541792627672 -1.5596671815636682
      vertex 0.21751830679620687 -1.140270896478613 -1.319853281517676
      vertex 0.07288927138261733 -1.158541792627672 -1.3298532815176758
    endloop
  endfacet
  facet normal 0.05938353334850282 -0.497055278696715 -0.8656844955795259
    outer loop
      vertex -0.07288927138261733 -1.158541792627672 -1.339853281517676
      vertex 0.07288927138261733 -1.158541792627672 -1.3298532815176758
      vertex 0.09183210615318839 -1.4596295293584427 -1.1556764975702518
    endloop
  endfacet
  facet normal 0.24868988716485416 -0.9685831611286312 0
    outer loop
      vertex 0.21751830679620687 -1.140270896478613 -1.549667181563668
      vertex 0.3587169485724821 -1.1040172471272702 -1.3098532815176762
      vertex 0.21751830679620687 -1.140270896478613 -1.319853281517676
    endloop
  endfacet
  facet normal 0.24868988716485416 -0.9685831611286312 0
    outer loop
      vertex 0.21751830679620687 -1.140270896478613 -1.549667181563668
      vertex 0.3587169485724821 -1.1040172471272702 -1.5396671815636682
      vertex 0.3587169485724821 -1.1040172471272702 -1.3098532815176762
    endloop
  endfacet
  facet normal 0.12121282179031193 -0.485693119105935 -0.8656844955795259
    outer loop
      vertex 0.07288927138261733 -1.158541792627672 -1.3298532815176758
      vertex 0.21751830679620687 -1.140270896478613 -1.319853281517676
      vertex 0.2740480712876868 -1.4366102997400436 -1.145676497570252
    endloop
  endfacet
  facet normal 0.18113051162345978 -0.46667128888784937 -0.8656844955795253
    outer loop
      vertex 0.21751830679620687 -1.140270896478613 -1.319853281517676
      vertex 0.3587169485724821 -1.1040172471272702 -1.3098532815176762
      vertex 0.45194213462959587 -1.3909348675053492 -1.1356764975702518
    endloop
  endfacet
  facet normal 0.1096042369999649 -0.4925484330565763 -0.8633556349067092
    outer loop
      vertex 0.09183210615318839 -1.4596295293584427 -1.1556764975702518
      vertex 0.07288927138261733 -1.158541792627672 -1.3298532815176758
      vertex 0.2740480712876868 -1.4366102997400436 -1.145676497570252
    endloop
  endfacet
  facet normal -0.047007287052010696 -0.5024015949803932 0.8633556349067091
    outer loop
      vertex -0.09183210615318839 -1.4596295293584427 -1.0943235024297482
      vertex 0.09183210615318839 -1.4596295293584427 -1.084323502429748
      vertex 0.07288927138261733 -1.158541792627672 -0.910146718482324
    endloop
  endfacet
  facet normal 0.17047266265603483 -0.4749274881092851 -0.8633556349067089
    outer loop
      vertex 0.21751830679620687 -1.140270896478613 -1.319853281517676
      vertex 0.45194213462959587 -1.3909348675053492 -1.1356764975702518
      vertex 0.2740480712876868 -1.4366102997400436 -1.145676497570252
    endloop
  endfacet
  facet normal 0.01633099589354946 -0.5043315836312048 0.8633556349067085
    outer loop
      vertex 0.09183210615318839 -1.4596295293584427 -1.084323502429748
      vertex 0.2740480712876868 -1.4366102997400436 -1.0743235024297482
      vertex 0.21751830679620687 -1.140270896478613 -0.9001467184823237
    endloop
  endfacet
  facet normal 0.24868988716485468 -0.9685831611286312 0
    outer loop
      vertex 0.2740480712876868 -1.4366102997400436 -1.145676497570252
      vertex 0.45194213462959587 -1.3909348675053492 -1.064323502429748
      vertex 0.2740480712876868 -1.4366102997400436 -1.0743235024297482
    endloop
  endfacet
  facet normal 0.368124552684679 -0.929776485888251 0
    outer loop
      vertex 0.3587169485724821 -1.1040172471272702 -1.5396671815636682
      vertex 0.494258409782651 -1.0503525862807943 -1.299853281517676
      vertex 0.3587169485724821 -1.1040172471272702 -1.3098532815176762
    endloop
  endfacet
  facet normal 0.2286526325865835 -0.44981665296658263 -0.8633556349067084
    outer loop
      vertex 0.3587169485724821 -1.1040172471272702 -1.3098532815176762
      vertex 0.6227088005312512 -1.3233235615058812 -1.125676497570252
      vertex 0.45194213462959587 -1.3909348675053492 -1.1356764975702518
    endloop
  endfacet
  facet normal 0.24868988716485466 -0.9685831611286312 0
    outer loop
      vertex 0.2740480712876868 -1.4366102997400436 -1.145676497570252
      vertex 0.45194213462959587 -1.3909348675053492 -1.1356764975702518
      vertex 0.45194213462959587 -1.3909348675053492 -1.064323502429748
    endloop
  endfacet
  facet normal 0.0794117292781992 -0.4983079619350663 0.8633556349067087
    outer loop
      vertex 0.2740480712876868 -1.4366102997400436 -1.0743235024297482
      vertex 0.45194213462959587 -1.3909348675053492 -1.064323502429748
      vertex 0.3587169485724821 -1.1040172471272702 -0.890146718482324
    endloop
  endfacet
  facet normal 0.36812455268467775 -0.9297764858882516 0
    outer loop
      vertex 0.45194213462959587 -1.3909348675053492 -1.1356764975702518
      vertex 0.6227088005312512 -1.3233235615058812 -1.0543235024297481
      vertex 0.45194213462959587 -1.3909348675053492 -1.064323502429748
    endloop
  endfacet
  facet normal 0.23819166508618586 -0.4402897736680835 -0.865684495579526
    outer loop
      vertex 0.3587169485724821 -1.1040172471272702 -1.3098532815176762
      vertex 0.494258409782651 -1.0503525862807943 -1.299853281517676
      vertex 0.6227088005312512 -1.3233235615058812 -1.125676497570252
    endloop
  endfacet
  facet normal 0.14124009225386863 -0.48442572600446365 0.8633556349067092
    outer loop
      vertex 0.45194213462959587 -1.3909348675053492 -1.064323502429748
      vertex 0.6227088005312512 -1.3233235615058812 -1.0543235024297481
      vertex 0.494258409782651 -1.0503525862807943 -0.8801467184823242
    endloop
  endfacet
  facet normal 0.36812455268467775 -0.9297764858882516 0
    outer loop
      vertex 0.45194213462959587 -1.3909348675053492 -1.1356764975702518
      vertex 0.6227088005312512 -1.3233235615058812 -1.125676497570252
      vertex 0.6227088005312512 -1.3233235615058812 -1.0543235024297481
    endloop
  endfacet
  facet normal 0.4817536741017149 -0.8763066800438639 0
    outer loop
      vertex 0.6227088005312512 -1.3233235615058812 -1.125676497570252
      vertex 0.7836549766603224 -1.2348426524262874 -1.044323502429748
      vertex 0.6227088005312512 -1.3233235615058812 -1.0543235024297481
    endloop
  endfacet
  facet normal 0.283226613910781 -0.417611940499151 -0.8633556349067092
    outer loop
      vertex 0.6227088005312512 -1.3233235615058812 -1.125676497570252
      vertex 0.494258409782651 -1.0503525862807943 -1.299853281517676
      vertex 0.7836549766603224 -1.2348426524262874 -1.1156764975702522
    endloop
  endfacet
  facet normal 0.2914963937016927 -0.4069646257012146 -0.8656844955795259
    outer loop
      vertex 0.494258409782651 -1.0503525862807943 -1.299853281517676
      vertex 0.6220051206148853 -0.9801232376984492 -1.2898532815176762
      vertex 0.7836549766603224 -1.2348426524262874 -1.1156764975702522
    endloop
  endfacet
  facet normal 0.3681245526846789 -0.9297764858882509 0
    outer loop
      vertex 0.3587169485724821 -1.1040172471272702 -1.5396671815636682
      vertex 0.494258409782651 -1.0503525862807943 -1.529667181563668
      vertex 0.494258409782651 -1.0503525862807943 -1.299853281517676
    endloop
  endfacet
  facet normal 0.48175367410171394 -0.8763066800438645 0
    outer loop
      vertex 0.494258409782651 -1.0503525862807943 -1.529667181563668
      vertex 0.6220051206148853 -0.9801232376984492 -1.2898532815176762
      vertex 0.494258409782651 -1.0503525862807943 -1.299853281517676
    endloop
  endfacet
  facet normal 0.48175367410171394 -0.8763066800438644 0
    outer loop
      vertex 0.494258409782651 -1.0503525862807943 -1.529667181563668
      vertex 0.6220051206148853 -0.9801232376984492 -1.41610614337187
      vertex 0.6220051206148853 -0.9801232376984492 -1.2898532815176762
    endloop
  endfacet
  facet normal 0.5877852522924732 -0.8090169943749471 0
    outer loop
      vertex 0.6220051206148853 -0.9801232376984492 -1.41610614337187
      vertex 0.7399424391271752 -0.8944367601603567 -1.279853281517676
      vertex 0.6220051206148853 -0.9801232376984492 -1.2898532815176762
    endloop
  endfacet
  facet normal 0.5877852522924734 -0.8090169943749472 0
    outer loop
      vertex 0.6220051206148853 -0.9801232376984492 -1.41610614337187
      vertex 0.7399424391271752 -0.8944367601603567 -1.3601467184823237
      vertex 0.7399424391271752 -0.8944367601603567 -1.279853281517676
    endloop
  endfacet
  facet normal 0 0 -1
    outer loop
      vertex -0.06074105948551445 -0.9654514938563934 -2
      vertex 0 0 -2
      vertex 0.06074105948551445 -0.9654514938563934 -2
    endloop
  endfacet
  facet normal 0 0 -1
    outer loop
      vertex 0.06074105948551445 -0.9654514938563934 -2
      vertex 0 0 -2
      vertex 0.1812652556635057 -0.9502257470655109 -2
    endloop
  endfacet
  facet normal 0 0 -1
    outer loop
      vertex 0.1812652556635057 -0.9502257470655109 -2
      vertex 0 0 -2
      vertex 0.2989307904770684 -0.9200143726060586 -2
    endloop
  endfacet
  facet normal 0 0 -1
    outer loop
      vertex 0.2989307904770684 -0.9200143726060586 -2
      vertex 0 0 -2
      vertex 0.4118820081522092 -0.8752938219006621 -2
    endloop
  endfacet
  facet normal 0 0 -1
    outer loop
      vertex 0.4118820081522092 -0.8752938219006621 -2
      vertex 0 0 -2
      vertex 0.5183376005124045 -0.8167693647487078 -2
    endloop
  endfacet
  facet normal 0 0 -1
    outer loop
      vertex 0.5183376005124045 -0.8167693647487078 -2
      vertex 0 0 -2
      vertex 0.616618699272646 -0.7453639668002974 -2
    endloop
  endfacet
  facet normal 0 0 -1
    outer loop
      vertex 0.616618699272646 -0.7453639668002974 -2
      vertex 0 0 -2
      vertex 0.7051753527952009 -0.6622037338365954 -2
    endloop
  endfacet
  facet normal 0 0 -1
    outer loop
      vertex 0.7051753527952009 -0.6622037338365954 -2
      vertex 0 0 -2
      vertex 0.7826109697528385 -0.5686001524089543 -2
    endloop
  endfacet
  facet normal 0 0 -1
    outer loop
      vertex 0.7826109697528385 -0.5686001524089543 -2
      vertex 0 0 -2
      vertex 0.8477043442083416 -0.46602940691255723 -2
    endloop
  endfacet
  facet normal 0 0 -1
    outer loop
      vertex 0.8477043442083416 -0.46602940691255723 -2
      vertex 0 0 -2
      vertex 0.8994289147616499 -0.35610909927667583 -2
    endloop
  endfacet
  facet normal 0 0 -1
    outer loop
      vertex 0.8994289147616499 -0.35610909927667583 -2
      vertex 0 0 -2
      vertex 0.936968954036377 -0.24057273841593568 -2
    endloop
  endfacet
  facet normal 0 0 -1
    outer loop
      vertex 0.936968954036377 -0.24057273841593568 -2
      vertex 0 0 -2
      vertex 0.9597324331878276 -0.1212424017591891 -2
    endloop
  endfacet
  facet normal 0 0 -1
    outer loop
      vertex 0.9597324331878276 -0.1212424017591891 -2
      vertex 0 0 -2
      vertex 0.9673603585515402 0 -2
    endloop
  endfacet
  facet normal 0.10451597791654503 -0.5557759890845207 -0.8247359943141023
    outer loop
      vertex 0.6220051206148853 -0.9801232376984492 -1.7438938566281301
      vertex 0.9322424456746695 -1.1268875370586855 -1.605676497570252
      vertex 0.73645162033698 -1.160462064716443 -1.6078630800313705
    endloop
  endfacet
  facet normal 0.16901460635972318 -0.9856135463948675 0
    outer loop
      vertex 0.73645162033698 -1.160462064716443 -1.6078630800313705
      vertex 0.9322424456746695 -1.1268875370586855 -1.5343235024297481
      vertex 0.73645162033698 -1.160462064716443 -1.5521369199686297
    endloop
  endfacet
  facet normal 0.027905665006466168 -0.5906161821958534 0.8064699617400151
    outer loop
      vertex 0.6220051206148853 -0.9801232376984492 -1.41610614337187
      vertex 0.73645162033698 -1.160462064716443 -1.5521369199686297
      vertex 0.9322424456746695 -1.1268875370586855 -1.5343235024297481
    endloop
  endfacet
  facet normal 0.1690146063597232 -0.9856135463948676 0
    outer loop
      vertex 0.73645162033698 -1.160462064716443 -1.6078630800313705
      vertex 0.9322424456746695 -1.1268875370586855 -1.605676497570252
      vertex 0.9322424456746695 -1.1268875370586855 -1.5343235024297481
    endloop
  endfacet
  facet normal 0.6845471059286891 -0.7289686274214112 0
    outer loop
      vertex 0.9322424456746695 -1.1268875370586855 -1.605676497570252
      vertex 1.0661278944260828 -1.0011607320616838 -1.5243235024297483
      vertex 0.9322424456746695 -1.1268875370586855 -1.5343235024297481
    endloop
  endfacet
  facet normal 0.48452571498970987 -0.5159674803200771 -0.706408090812854
    outer loop
      vertex 0.616618699272646 -0.7453639668002974 -2
      vertex 0.7051753527952009 -0.6622037338365954 -2
      vertex 0.8462104233542411 -0.7946444806039143 -1.8065279282896922
    endloop
  endfacet
  facet normal 0.48452571498970975 -0.5159674803200774 -0.7064080908128538
    outer loop
      vertex 0.616618699272646 -0.7453639668002974 -2
      vertex 0.8462104233542411 -0.7946444806039143 -1.8065279282896922
      vertex 0.7399424391271752 -0.8944367601603567 -1.8065279282896922
    endloop
  endfacet
  facet normal 0.6845471059286887 -0.7289686274214114 0
    outer loop
      vertex 0.7399424391271752 -0.8944367601603567 -1.8065279282896922
      vertex 0.8462104233542411 -0.7946444806039143 -1.7698532815176762
      vertex 0.7399424391271752 -0.8944367601603567 -1.779853281517676
    endloop
  endfacet
  facet normal 0.6845471059286887 -0.7289686274214116 0
    outer loop
      vertex 0.7399424391271752 -0.8944367601603567 -1.8065279282896922
      vertex 0.8462104233542411 -0.7946444806039143 -1.8065279282896922
      vertex 0.8462104233542411 -0.7946444806039143 -1.7698532815176762
    endloop
  endfacet
  facet normal 0.7705132427757897 -0.6374239897486891 0
    outer loop
      vertex 0.8462104233542411 -0.7946444806039143 -1.8065279282896922
      vertex 0.9391331637034062 -0.6823201828907451 -1.7598532815176764
      vertex 0.8462104233542411 -0.7946444806039143 -1.7698532815176762
    endloop
  endfacet
  facet normal 0.125812237386005 -0.5261232033434364 -0.8410503289503956
    outer loop
      vertex 0.6220051206148853 -0.9801232376984492 -1.7438938566281301
      vertex 0.7399424391271752 -0.8944367601603567 -1.779853281517676
      vertex 0.9322424456746695 -1.1268875370586855 -1.605676497570252
    endloop
  endfacet
  facet normal 0.38354648531490504 -0.3216868783705766 -0.8656844955795253
    outer loop
      vertex 0.7399424391271752 -0.8944367601603567 -1.779853281517676
      vertex 0.8462104233542411 -0.7946444806039143 -1.7698532815176762
      vertex 1.0661278944260828 -1.0011607320616838 -1.5956764975702518
    endloop
  endfacet
  facet normal 0.3781843953788944 -0.3340562987981719 -0.8633556349067091
    outer loop
      vertex 0.9322424456746695 -1.1268875370586855 -1.605676497570252
      vertex 0.7399424391271752 -0.8944367601603567 -1.779853281517676
      vertex 1.0661278944260828 -1.0011607320616838 -1.5956764975702518
    endloop
  endfacet
  facet normal 0.684547105928689 -0.7289686274214112 0
    outer loop
      vertex 0.9322424456746695 -1.1268875370586855 -1.605676497570252
      vertex 1.0661278944260828 -1.0011607320616838 -1.5956764975702518
      vertex 1.0661278944260828 -1.0011607320616838 -1.5243235024297483
    endloop
  endfacet
  facet normal 0.42084016337980634 -0.27107916002467 -0.8656844955795253
    outer loop
      vertex 0.8462104233542411 -0.7946444806039143 -1.7698532815176762
      vertex 0.9391331637034062 -0.6823201828907451 -1.7598532815176764
      vertex 1.183199869408463 -0.8596450242556375 -1.585676497570252
    endloop
  endfacet
  facet normal 0.41707065458402587 -0.2840230919479723 -0.8633556349067085
    outer loop
      vertex 0.8462104233542411 -0.7946444806039143 -1.7698532815176762
      vertex 1.183199869408463 -0.8596450242556375 -1.585676497570252
      vertex 1.0661278944260828 -1.0011607320616838 -1.5956764975702518
    endloop
  endfacet
  facet normal 0.7705132427757895 -0.6374239897486895 0
    outer loop
      vertex 1.0661278944260828 -1.0011607320616838 -1.5956764975702518
      vertex 1.183199869408463 -0.8596450242556375 -1.585676497570252
      vertex 1.183199869408463 -0.8596450242556375 -1.5143235024297481
    endloop
  endfacet
  facet normal 0.7705132427757895 -0.6374239897486895 0
    outer loop
      vertex 1.0661278944260828 -1.0011607320616838 -1.5956764975702518
      vertex 1.183199869408463 -0.8596450242556375 -1.5143235024297481
      vertex 1.0661278944260828 -1.0011607320616838 -1.5243235024297483
    endloop
  endfacet
  facet normal 0.4493794604204357 -0.22951067127057995 -0.8633556349067086
    outer loop
      vertex 1.183199869408463 -0.8596450242556375 -1.585676497570252
      vertex 0.9391331637034062 -0.6823201828907451 -1.7598532815176764
      vertex 1.28161207564093 -0.7045722008900338 -1.5756764975702522
    endloop
  endfacet
  facet normal 0.8443279255020153 -0.5358267949789961 0
    outer loop
      vertex 1.183199869408463 -0.8596450242556375 -1.585676497570252
      vertex 1.28161207564093 -0.7045722008900338 -1.5043235024297479
      vertex 1.183199869408463 -0.8596450242556375 -1.5143235024297481
    endloop
  endfacet
  facet normal 0.8443279255020154 -0.5358267949789962 0
    outer loop
      vertex 1.183199869408463 -0.8596450242556375 -1.585676497570252
      vertex 1.28161207564093 -0.7045722008900338 -1.5756764975702522
      vertex 1.28161207564093 -0.7045722008900338 -1.5043235024297479
    endloop
  endfacet
  facet normal 0.4817536741017149 -0.8763066800438637 0
    outer loop
      vertex 0.6227088005312512 -1.3233235615058812 -1.125676497570252
      vertex 0.7836549766603224 -1.2348426524262874 -1.1156764975702522
      vertex 0.7836549766603224 -1.2348426524262874 -1.044323502429748
    endloop
  endfacet
  facet normal 0.33333394234222946 -0.37882123826076686 -0.8633556349067089
    outer loop
      vertex 0.6220051206148853 -0.9801232376984492 -1.2898532815176762
      vertex 0.9322424456746695 -1.1268875370586855 -1.105676497570252
      vertex 0.7836549766603224 -1.2348426524262874 -1.1156764975702522
    endloop
  endfacet
  facet normal 0.5877852522924728 -0.8090169943749476 0
    outer loop
      vertex 0.7836549766603224 -1.2348426524262874 -1.1156764975702522
      vertex 0.9322424456746695 -1.1268875370586855 -1.0343235024297481
      vertex 0.7836549766603224 -1.2348426524262874 -1.044323502429748
    endloop
  endfacet
  facet normal 0.5877852522924729 -0.8090169943749476 0
    outer loop
      vertex 0.7836549766603224 -1.2348426524262874 -1.1156764975702522
      vertex 0.9322424456746695 -1.1268875370586855 -1.105676497570252
      vertex 0.9322424456746695 -1.1268875370586855 -1.0343235024297481
    endloop
  endfacet
  facet normal 0.6845471059286891 -0.7289686274214112 0
    outer loop
      vertex 0.9322424456746695 -1.1268875370586855 -1.105676497570252
      vertex 1.0661278944260828 -1.0011607320616838 -1.0243235024297483
      vertex 0.9322424456746695 -1.1268875370586855 -1.0343235024297481
    endloop
  endfacet
  facet normal 0.035532150674141665 -0.5802746745009711 0.8136453578809764
    outer loop
      vertex 0.6220051206148853 -0.9801232376984492 -1.41610614337187
      vertex 0.9322424456746695 -1.1268875370586855 -1.5343235024297481
      vertex 0.7399424391271752 -0.8944367601603567 -1.3601467184823237
    endloop
  endfacet
  facet normal 0.29696901972192485 -0.4029885301576483 0.8656844955795253
    outer loop
      vertex 0.9322424456746695 -1.1268875370586855 -1.5343235024297481
      vertex 0.8462104233542411 -0.7946444806039143 -1.350146718482324
      vertex 0.7399424391271752 -0.8944367601603567 -1.3601467184823237
    endloop
  endfacet
  facet normal 0.6845471059286887 -0.7289686274214114 0
    outer loop
      vertex 0.7399424391271752 -0.8944367601603567 -1.3601467184823237
      vertex 0.8462104233542411 -0.7946444806039143 -1.350146718482324
      vertex 0.8462104233542411 -0.7946444806039143 -1.2698532815176762
    endloop
  endfacet
  facet normal 0.6845471059286886 -0.7289686274214114 0
    outer loop
      vertex 0.7399424391271752 -0.8944367601603567 -1.3601467184823237
      vertex 0.8462104233542411 -0.7946444806039143 -1.2698532815176762
      vertex 0.7399424391271752 -0.8944367601603567 -1.279853281517676
    endloop
  endfacet
  facet normal 0.7705132427757898 -0.6374239897486891 0
    outer loop
      vertex 0.8462104233542411 -0.7946444806039143 -1.350146718482324
      vertex 0.9391331637034062 -0.6823201828907451 -1.259853281517676
      vertex 0.8462104233542411 -0.7946444806039143 -1.2698532815176762
    endloop
  endfacet
  facet normal 0.3096507203366791 -0.39841370341619764 0.8633556349067085
    outer loop
      vertex 0.9322424456746695 -1.1268875370586855 -1.5343235024297481
      vertex 1.0661278944260828 -1.0011607320616838 -1.5243235024297483
      vertex 0.8462104233542411 -0.7946444806039143 -1.350146718482324
    endloop
  endfacet
  facet normal 0.34513518587505526 -0.3625907577203449 0.8656844955795253
    outer loop
      vertex 1.0661278944260828 -1.0011607320616838 -1.5243235024297483
      vertex 0.9391331637034062 -0.6823201828907451 -1.3401467184823241
      vertex 0.8462104233542411 -0.7946444806039143 -1.350146718482324
    endloop
  endfacet
  facet normal 0.3571435096641169 -0.356462566309045 0.8633556349067091
    outer loop
      vertex 1.0661278944260828 -1.0011607320616838 -1.5243235024297483
      vertex 1.183199869408463 -0.8596450242556375 -1.5143235024297481
      vertex 0.9391331637034062 -0.6823201828907451 -1.3401467184823241
    endloop
  endfacet
  facet normal 0.34020405005702453 -0.36722140247815005 -0.8656844955795259
    outer loop
      vertex 0.6220051206148853 -0.9801232376984492 -1.2898532815176762
      vertex 0.7399424391271752 -0.8944367601603567 -1.279853281517676
      vertex 0.9322424456746695 -1.1268875370586855 -1.105676497570252
    endloop
  endfacet
  facet normal 0.38354648531490504 -0.3216868783705766 -0.8656844955795253
    outer loop
      vertex 0.7399424391271752 -0.8944367601603567 -1.279853281517676
      vertex 0.8462104233542411 -0.7946444806039143 -1.2698532815176762
      vertex 1.0661278944260828 -1.0011607320616838 -1.0956764975702518
    endloop
  endfacet
  facet normal 0.3781843953788944 -0.3340562987981719 -0.8633556349067091
    outer loop
      vertex 0.9322424456746695 -1.1268875370586855 -1.105676497570252
      vertex 0.7399424391271752 -0.8944367601603567 -1.279853281517676
      vertex 1.0661278944260828 -1.0011607320616838 -1.0956764975702518
    endloop
  endfacet
  facet normal 0.684547105928689 -0.7289686274214112 0
    outer loop
      vertex 0.9322424456746695 -1.1268875370586855 -1.105676497570252
      vertex 1.0661278944260828 -1.0011607320616838 -1.0956764975702518
      vertex 1.0661278944260828 -1.0011607320616838 -1.0243235024297483
    endloop
  endfacet
  facet normal 0.42084016337980723 -0.2710791600246672 -0.8656844955795259
    outer loop
      vertex 0.8462104233542411 -0.7946444806039143 -1.2698532815176762
      vertex 0.9391331637034062 -0.6823201828907451 -1.259853281517676
      vertex 1.183199869408463 -0.8596450242556375 -1.085676497570252
    endloop
  endfacet
  facet normal 0.41707065458402587 -0.2840230919479723 -0.8633556349067085
    outer loop
      vertex 0.8462104233542411 -0.7946444806039143 -1.2698532815176762
      vertex 1.183199869408463 -0.8596450242556375 -1.085676497570252
      vertex 1.0661278944260828 -1.0011607320616838 -1.0956764975702518
    endloop
  endfacet
  facet normal 0.7705132427757895 -0.6374239897486895 0
    outer loop
      vertex 1.0661278944260828 -1.0011607320616838 -1.0956764975702518
      vertex 1.183199869408463 -0.8596450242556375 -1.085676497570252
      vertex 1.183199869408463 -0.8596450242556375 -1.0143235024297481
    endloop
  endfacet
  facet normal 0.7705132427757895 -0.6374239897486895 0
    outer loop
      vertex 1.0661278944260828 -1.0011607320616838 -1.0956764975702518
      vertex 1.183199869408463 -0.8596450242556375 -1.0143235024297481
      vertex 1.0661278944260828 -1.0011607320616838 -1.0243235024297483
    endloop
  endfacet
  facet normal 0.44937946042043486 -0.2295106712705794 -0.8633556349067092
    outer loop
      vertex 1.183199869408463 -0.8596450242556375 -1.085676497570252
      vertex 0.9391331637034062 -0.6823201828907451 -1.259853281517676
      vertex 1.28161207564093 -0.7045722008900338 -1.0756764975702522
    endloop
  endfacet
  facet normal 0.8443279255020153 -0.5358267949789961 0
    outer loop
      vertex 1.183199869408463 -0.8596450242556375 -1.085676497570252
      vertex 1.28161207564093 -0.7045722008900338 -1.0043235024297479
      vertex 1.183199869408463 -0.8596450242556375 -1.0143235024297481
    endloop
  endfacet
  facet normal 0.8443279255020154 -0.5358267949789962 0
    outer loop
      vertex 1.183199869408463 -0.8596450242556375 -1.085676497570252
      vertex 1.28161207564093 -0.7045722008900338 -1.0756764975702522
      vertex 1.28161207564093 -0.7045722008900338 -1.0043235024297479
    endloop
  endfacet
  facet normal 0.5453729577287416 -0.45117174802102017 -0.7064080908128539
    outer loop
      vertex 0.7051753527952009 -0.6622037338365954 -2
      vertex 0.7826109697528385 -0.5686001524089543 -2
      vertex 0.8462104233542411 -0.7946444806039143 -1.8065279282896922
    endloop
  endfacet
  facet normal 0.5976193431343776 -0.37926076773873385 -0.7064080908128539
    outer loop
      vertex 0.7826109697528385 -0.5686001524089543 -2
      vertex 0.8477043442083416 -0.46602940691255723 -2
      vertex 0.9391331637034062 -0.6823201828907451 -1.8065279282896922
    endloop
  endfacet
  facet normal 0.5453729577287417 -0.45117174802102006 -0.7064080908128539
    outer loop
      vertex 0.8462104233542411 -0.7946444806039143 -1.8065279282896922
      vertex 0.7826109697528385 -0.5686001524089543 -2
      vertex 0.9391331637034062 -0.6823201828907451 -1.8065279282896922
    endloop
  endfacet
  facet normal 0.7705132427757898 -0.6374239897486891 0
    outer loop
      vertex 0.8462104233542411 -0.7946444806039143 -1.8065279282896922
      vertex 0.9391331637034062 -0.6823201828907451 -1.8065279282896922
      vertex 0.9391331637034062 -0.6823201828907451 -1.7598532815176764
    endloop
  endfacet
  facet normal 0.8443279255020153 -0.5358267949789961 0
    outer loop
      vertex 0.9391331637034062 -0.6823201828907451 -1.8065279282896922
      vertex 1.0172452130500098 -0.5592352882950686 -1.7498532815176762
      vertex 0.9391331637034062 -0.6823201828907451 -1.7598532815176764
    endloop
  endfacet
  facet normal 0.5976193431343777 -0.3792607677387336 -0.7064080908128538
    outer loop
      vertex 0.8477043442083416 -0.46602940691255723 -2
      vertex 1.0172452130500098 -0.5592352882950686 -1.8065279282896922
      vertex 0.9391331637034062 -0.6823201828907451 -1.8065279282896922
    endloop
  endfacet
  facet normal 0.8443279255020154 -0.5358267949789963 0
    outer loop
      vertex 0.9391331637034062 -0.6823201828907451 -1.8065279282896922
      vertex 1.0172452130500098 -0.5592352882950686 -1.8065279282896922
      vertex 1.0172452130500098 -0.5592352882950686 -1.7498532815176762
    endloop
  endfacet
  facet normal 0.6404409144982932 -0.3013686185898073 -0.706408090812854
    outer loop
      vertex 0.8477043442083416 -0.46602940691255723 -2
      vertex 0.8994289147616499 -0.35610909927667583 -2
      vertex 1.0793146977139798 -0.427330919132011 -1.8065279282896922
    endloop
  endfacet
  facet normal 0.6404409144982931 -0.3013686185898077 -0.7064080908128538
    outer loop
      vertex 0.8477043442083416 -0.46602940691255723 -2
      vertex 1.0793146977139798 -0.427330919132011 -1.8065279282896922
      vertex 1.0172452130500098 -0.5592352882950686 -1.8065279282896922
    endloop
  endfacet
  facet normal 0.9048270524660187 -0.4257792915650744 0
    outer loop
      vertex 1.0172452130500098 -0.5592352882950686 -1.8065279282896922
      vertex 1.0793146977139798 -0.427330919132011 -1.739853281517676
      vertex 1.0172452130500098 -0.5592352882950686 -1.7498532815176762
    endloop
  endfacet
  facet normal 0.9048270524660188 -0.4257792915650744 0
    outer loop
      vertex 1.0172452130500098 -0.5592352882950686 -1.8065279282896922
      vertex 1.0793146977139798 -0.427330919132011 -1.8065279282896922
      vertex 1.0793146977139798 -0.427330919132011 -1.739853281517676
    endloop
  endfacet
  facet normal 0.4514969406704804 -0.21619636139033108 -0.8656844955795258
    outer loop
      vertex 0.9391331637034062 -0.6823201828907451 -1.7598532815176764
      vertex 1.0172452130500098 -0.5592352882950686 -1.7498532815176762
      vertex 1.28161207564093 -0.7045722008900338 -1.5756764975702522
    endloop
  endfacet
  facet normal 0.6731623500597133 -0.2187237062968315 -0.7064080908128542
    outer loop
      vertex 0.8994289147616499 -0.35610909927667583 -2
      vertex 0.936968954036377 -0.24057273841593568 -2
      vertex 1.1243627448436524 -0.2886872860991228 -1.8065279282896922
    endloop
  endfacet
  facet normal 0.6731623500597134 -0.21872370629683152 -0.7064080908128539
    outer loop
      vertex 1.0793146977139798 -0.427330919132011 -1.8065279282896922
      vertex 0.8994289147616499 -0.35610909927667583 -2
      vertex 1.1243627448436524 -0.2886872860991228 -1.8065279282896922
    endloop
  endfacet
  facet normal 0.6952676132329956 -0.13262939049634662 -0.706408090812854
    outer loop
      vertex 0.936968954036377 -0.24057273841593568 -2
      vertex 1.1516789198253932 -0.14549088211102693 -1.8065279282896922
      vertex 1.1243627448436524 -0.2886872860991228 -1.8065279282896922
    endloop
  endfacet
  facet normal 0.6952676132329955 -0.13262939049634634 -0.706408090812854
    outer loop
      vertex 0.936968954036377 -0.24057273841593568 -2
      vertex 0.9597324331878276 -0.1212424017591891 -2
      vertex 1.1516789198253932 -0.14549088211102693 -1.8065279282896922
    endloop
  endfacet
  facet normal 0.7064080908128532 -0.04444342997877604 -0.7064080908128542
    outer loop
      vertex 0.9597324331878276 -0.1212424017591891 -2
      vertex 0.9673603585515402 0 -2
      vertex 1.1516789198253932 -0.14549088211102693 -1.8065279282896922
    endloop
  endfacet
  facet normal 0.9510565162951535 -0.3090169943749476 0
    outer loop
      vertex 1.0793146977139798 -0.427330919132011 -1.8065279282896922
      vertex 1.1243627448436524 -0.2886872860991228 -1.7298532815176761
      vertex 1.0793146977139798 -0.427330919132011 -1.739853281517676
    endloop
  endfacet
  facet normal 0.4746012837197373 -0.17137873020421976 -0.863355634906709
    outer loop
      vertex 1.0172452130500098 -0.5592352882950686 -1.7498532815176762
      vertex 1.3598124938425957 -0.5383878530253632 -1.565676497570252
      vertex 1.28161207564093 -0.7045722008900338 -1.5756764975702522
    endloop
  endfacet
  facet normal 0.47503334149558096 -0.1579040169874242 -0.8656844955795259
    outer loop
      vertex 1.0172452130500098 -0.5592352882950686 -1.7498532815176762
      vertex 1.0793146977139798 -0.427330919132011 -1.739853281517676
      vertex 1.3598124938425957 -0.5383878530253632 -1.565676497570252
    endloop
  endfacet
  facet normal 0.9048270524660189 -0.425779291565074 0
    outer loop
      vertex 1.28161207564093 -0.7045722008900338 -1.5756764975702522
      vertex 1.3598124938425957 -0.5383878530253632 -1.494323502429748
      vertex 1.28161207564093 -0.7045722008900338 -1.5043235024297479
    endloop
  endfacet
  facet normal 0.9048270524660188 -0.42577929156507394 0
    outer loop
      vertex 1.28161207564093 -0.7045722008900338 -1.5756764975702522
      vertex 1.3598124938425957 -0.5383878530253632 -1.565676497570252
      vertex 1.3598124938425957 -0.5383878530253632 -1.494323502429748
    endloop
  endfacet
  facet normal 0.4923383612617144 -0.1105440441858492 -0.8633556349067089
    outer loop
      vertex 1.0793146977139798 -0.427330919132011 -1.739853281517676
      vertex 1.4165678567037545 -0.363712807101167 -1.5556764975702517
      vertex 1.3598124938425957 -0.5383878530253632 -1.565676497570252
    endloop
  endfacet
  facet normal 0.9510565162951535 -0.30901699437494745 0
    outer loop
      vertex 1.3598124938425957 -0.5383878530253632 -1.565676497570252
      vertex 1.4165678567037545 -0.363712807101167 -1.4843235024297483
      vertex 1.3598124938425957 -0.5383878530253632 -1.494323502429748
    endloop
  endfacet
  facet normal 0.9510565162951536 -0.3090169943749474 0
    outer loop
      vertex 1.3598124938425957 -0.5383878530253632 -1.565676497570252
      vertex 1.4165678567037545 -0.363712807101167 -1.5556764975702517
      vertex 1.4165678567037545 -0.363712807101167 -1.4843235024297483
    endloop
  endfacet
  facet normal 0.9510565162951535 -0.30901699437494756 0
    outer loop
      vertex 1.0793146977139798 -0.427330919132011 -1.8065279282896922
      vertex 1.1243627448436524 -0.2886872860991228 -1.8065279282896922
      vertex 1.1243627448436524 -0.2886872860991228 -1.7298532815176761
    endloop
  endfacet
  facet normal 0.9822872507286887 -0.1873813145857248 0
    outer loop
      vertex 1.1243627448436524 -0.2886872860991228 -1.8065279282896922
      vertex 1.1516789198253932 -0.14549088211102693 -1.7198532815176764
      vertex 1.1243627448436524 -0.2886872860991228 -1.7298532815176761
    endloop
  endfacet
  facet normal 0.9822872507286886 -0.18738131458572474 0
    outer loop
      vertex 1.1243627448436524 -0.2886872860991228 -1.8065279282896922
      vertex 1.1516789198253932 -0.14549088211102693 -1.8065279282896922
      vertex 1.1516789198253932 -0.14549088211102693 -1.7198532815176764
    endloop
  endfacet
  facet normal 0.7064080908128532 -0.04444342997877582 -0.706408090812854
    outer loop
      vertex 1.1516789198253932 -0.14549088211102693 -1.8065279282896922
      vertex 0.9673603585515402 0 -2
      vertex 1.1608324302618482 0 -1.8065279282896922
    endloop
  endfacet
  facet normal 0.9980267284282718 -0.0627905195293122 0
    outer loop
      vertex 1.1516789198253932 -0.14549088211102693 -1.8065279282896922
      vertex 1.1608324302618482 0 -1.8065279282896922
      vertex 1.1608324302618482 0 -1.7098532815176761
    endloop
  endfacet
  facet normal 0.4910781827541337 -0.09712143190933958 -0.8656844955795253
    outer loop
      vertex 1.0793146977139798 -0.427330919132011 -1.739853281517676
      vertex 1.1243627448436524 -0.2886872860991228 -1.7298532815176761
      vertex 1.4165678567037545 -0.363712807101167 -1.5556764975702517
    endloop
  endfacet
  facet normal 0.499378427714767 -0.03480718383251049 -0.8656844955795251
    outer loop
      vertex 1.1243627448436524 -0.2886872860991228 -1.7298532815176761
      vertex 1.1516789198253932 -0.14549088211102693 -1.7198532815176764
      vertex 1.4509830982480747 -0.1833017929374873 -1.545676497570252
    endloop
  endfacet
  facet normal 0.9980267284282717 -0.0627905195293122 0
    outer loop
      vertex 1.1516789198253932 -0.14549088211102693 -1.8065279282896922
      vertex 1.1608324302618482 0 -1.7098532815176761
      vertex 1.1516789198253932 -0.14549088211102693 -1.7198532815176764
    endloop
  endfacet
  facet normal 0.49980317655612416 0.028055994326164083 -0.8656844955795258
    outer loop
      vertex 1.1516789198253932 -0.14549088211102693 -1.7198532815176764
      vertex 1.1608324302618482 0 -1.7098532815176761
      vertex 1.462515469557734 0 -1.5356764975702522
    endloop
  endfacet
  facet normal 0.5023109687379137 -0.04796601255485878 -0.8633556349067086
    outer loop
      vertex 1.4165678567037545 -0.363712807101167 -1.5556764975702517
      vertex 1.1243627448436524 -0.2886872860991228 -1.7298532815176761
      vertex 1.4509830982480747 -0.1833017929374873 -1.545676497570252
    endloop
  endfacet
  facet normal 0.9822872507286887 -0.1873813145857243 0
    outer loop
      vertex 1.4165678567037545 -0.363712807101167 -1.5556764975702517
      vertex 1.4509830982480747 -0.1833017929374873 -1.474323502429748
      vertex 1.4165678567037545 -0.363712807101167 -1.4843235024297483
    endloop
  endfacet
  facet normal 0.9822872507286888 -0.18738131458572432 0
    outer loop
      vertex 1.4165678567037545 -0.363712807101167 -1.5556764975702517
      vertex 1.4509830982480747 -0.1833017929374873 -1.545676497570252
      vertex 1.4509830982480747 -0.1833017929374873 -1.474323502429748
    endloop
  endfacet
  facet normal 0.5043618321710879 0.015368471747630716 -0.8633556349067084
    outer loop
      vertex 1.1516789198253932 -0.14549088211102693 -1.7198532815176764
      vertex 1.462515469557734 0 -1.5356764975702522
      vertex 1.4509830982480747 -0.1833017929374873 -1.545676497570252
    endloop
  endfacet
  facet normal 0.38785836397316675 -0.3164747124325741 0.8656844955795258
    outer loop
      vertex 1.183199869408463 -0.8596450242556375 -1.5143235024297481
      vertex 1.0172452130500098 -0.5592352882950686 -1.330146718482324
      vertex 0.9391331637034062 -0.6823201828907451 -1.3401467184823241
    endloop
  endfacet
  facet normal 0.7705132427757898 -0.6374239897486891 0
    outer loop
      vertex 0.8462104233542411 -0.7946444806039143 -1.350146718482324
      vertex 0.9391331637034062 -0.6823201828907451 -1.3401467184823241
      vertex 0.9391331637034062 -0.6823201828907451 -1.259853281517676
    endloop
  endfacet
  facet normal 0.8443279255020153 -0.5358267949789962 0
    outer loop
      vertex 0.9391331637034062 -0.6823201828907451 -1.3401467184823241
      vertex 1.0172452130500098 -0.5592352882950686 -1.2498532815176762
      vertex 0.9391331637034062 -0.6823201828907451 -1.259853281517676
    endloop
  endfacet
  facet normal 0.8443279255020152 -0.5358267949789961 0
    outer loop
      vertex 0.9391331637034062 -0.6823201828907451 -1.3401467184823241
      vertex 1.0172452130500098 -0.5592352882950686 -1.330146718482324
      vertex 1.0172452130500098 -0.5592352882950686 -1.2498532815176762
    endloop
  endfacet
  facet normal 0.9048270524660187 -0.4257792915650743 0
    outer loop
      vertex 1.0172452130500098 -0.5592352882950686 -1.330146718482324
      vertex 1.0793146977139798 -0.427330919132011 -1.239853281517676
      vertex 1.0172452130500098 -0.5592352882950686 -1.2498532815176762
    endloop
  endfacet
  facet normal 0.9048270524660187 -0.4257792915650743 0
    outer loop
      vertex 1.0172452130500098 -0.5592352882950686 -1.330146718482324
      vertex 1.0793146977139798 -0.427330919132011 -1.3201467184823237
      vertex 1.0793146977139798 -0.427330919132011 -1.239853281517676
    endloop
  endfacet
  facet normal 0.45149694067047924 -0.21619636139033344 -0.8656844955795259
    outer loop
      vertex 0.9391331637034062 -0.6823201828907451 -1.259853281517676
      vertex 1.0172452130500098 -0.5592352882950686 -1.2498532815176762
      vertex 1.28161207564093 -0.7045722008900338 -1.0756764975702522
    endloop
  endfacet
  facet normal 0.39900393249696253 -0.3088898015907821 0.863355634906709
    outer loop
      vertex 1.183199869408463 -0.8596450242556375 -1.5143235024297481
      vertex 1.28161207564093 -0.7045722008900338 -1.5043235024297479
      vertex 1.0172452130500098 -0.5592352882950686 -1.330146718482324
    endloop
  endfacet
  facet normal 0.4244647839760675 -0.2653676718769118 0.8656844955795258
    outer loop
      vertex 1.28161207564093 -0.7045722008900338 -1.5043235024297479
      vertex 1.0793146977139798 -0.427330919132011 -1.3201467184823237
      vertex 1.0172452130500098 -0.5592352882950686 -1.330146718482324
    endloop
  endfacet
  facet normal 0.4345718249609365 -0.2564456601796089 0.8633556349067084
    outer loop
      vertex 1.28161207564093 -0.7045722008900338 -1.5043235024297479
      vertex 1.3598124938425957 -0.5383878530253632 -1.494323502429748
      vertex 1.0793146977139798 -0.427330919132011 -1.3201467184823237
    endloop
  endfacet
  facet normal 0.45437714077269775 -0.2100756246127828 0.8656844955795253
    outer loop
      vertex 1.0793146977139798 -0.427330919132011 -1.3201467184823237
      vertex 1.3598124938425957 -0.5383878530253632 -1.494323502429748
      vertex 1.1243627448436524 -0.2886872860991228 -1.310146718482324
    endloop
  endfacet
  facet normal 0.9510565162951535 -0.30901699437494756 0
    outer loop
      vertex 1.0793146977139798 -0.427330919132011 -1.3201467184823237
      vertex 1.1243627448436524 -0.2886872860991228 -1.2298532815176761
      vertex 1.0793146977139798 -0.427330919132011 -1.239853281517676
    endloop
  endfacet
  facet normal 0.4632862601446505 -0.19995721751419068 0.8633556349067085
    outer loop
      vertex 1.3598124938425957 -0.5383878530253632 -1.494323502429748
      vertex 1.4165678567037545 -0.363712807101167 -1.4843235024297483
      vertex 1.1243627448436524 -0.2886872860991228 -1.310146718482324
    endloop
  endfacet
  facet normal 0.4746012837197373 -0.17137873020421976 -0.863355634906709
    outer loop
      vertex 1.0172452130500098 -0.5592352882950686 -1.2498532815176762
      vertex 1.3598124938425957 -0.5383878530253632 -1.065676497570252
      vertex 1.28161207564093 -0.7045722008900338 -1.0756764975702522
    endloop
  endfacet
  facet normal 0.47503334149558096 -0.1579040169874242 -0.8656844955795259
    outer loop
      vertex 1.0172452130500098 -0.5592352882950686 -1.2498532815176762
      vertex 1.0793146977139798 -0.427330919132011 -1.239853281517676
      vertex 1.3598124938425957 -0.5383878530253632 -1.065676497570252
    endloop
  endfacet
  facet normal 0.9048270524660189 -0.425779291565074 0
    outer loop
      vertex 1.28161207564093 -0.7045722008900338 -1.0756764975702522
      vertex 1.3598124938425957 -0.5383878530253632 -0.9943235024297481
      vertex 1.28161207564093 -0.7045722008900338 -1.0043235024297479
    endloop
  endfacet
  facet normal 0.9048270524660188 -0.42577929156507394 0
    outer loop
      vertex 1.28161207564093 -0.7045722008900338 -1.0756764975702522
      vertex 1.3598124938425957 -0.5383878530253632 -1.065676497570252
      vertex 1.3598124938425957 -0.5383878530253632 -0.9943235024297481
    endloop
  endfacet
  facet normal 0.4923383612617144 -0.1105440441858492 -0.8633556349067089
    outer loop
      vertex 1.0793146977139798 -0.427330919132011 -1.239853281517676
      vertex 1.4165678567037545 -0.363712807101167 -1.0556764975702517
      vertex 1.3598124938425957 -0.5383878530253632 -1.065676497570252
    endloop
  endfacet
  facet normal 0.9510565162951535 -0.30901699437494745 0
    outer loop
      vertex 1.3598124938425957 -0.5383878530253632 -1.065676497570252
      vertex 1.4165678567037545 -0.363712807101167 -0.9843235024297483
      vertex 1.3598124938425957 -0.5383878530253632 -0.9943235024297481
    endloop
  endfacet
  facet normal 0.9510565162951536 -0.3090169943749474 0
    outer loop
      vertex 1.3598124938425957 -0.5383878530253632 -1.065676497570252
      vertex 1.4165678567037545 -0.363712807101167 -1.0556764975702517
      vertex 1.4165678567037545 -0.363712807101167 -0.9843235024297483
    endloop
  endfacet
  facet normal 0.9510565162951535 -0.30901699437494756 0
    outer loop
      vertex 1.0793146977139798 -0.427330919132011 -1.3201467184823237
      vertex 1.1243627448436524 -0.2886872860991228 -1.310146718482324
      vertex 1.1243627448436524 -0.2886872860991228 -1.2298532815176761
    endloop
  endfacet
  facet normal 0.9822872507286886 -0.18738131458572474 0
    outer loop
      vertex 1.1243627448436524 -0.2886872860991228 -1.310146718482324
      vertex 1.1516789198253932 -0.14549088211102693 -1.2198532815176764
      vertex 1.1243627448436524 -0.2886872860991228 -1.2298532815176761
    endloop
  endfacet
  facet normal 0.9822872507286886 -0.18738131458572477 0
    outer loop
      vertex 1.1243627448436524 -0.2886872860991228 -1.310146718482324
      vertex 1.1516789198253932 -0.14549088211102693 -1.300146718482324
      vertex 1.1516789198253932 -0.14549088211102693 -1.2198532815176764
    endloop
  endfacet
  facet normal 0.47712369862759235 -0.15147055925541844 0.8656844955795253
    outer loop
      vertex 1.4165678567037545 -0.363712807101167 -1.4843235024297483
      vertex 1.1516789198253932 -0.14549088211102693 -1.300146718482324
      vertex 1.1243627448436524 -0.2886872860991228 -1.310146718482324
    endloop
  endfacet
  facet normal 0.9980267284282716 -0.0627905195293122 0
    outer loop
      vertex 1.1516789198253932 -0.14549088211102693 -1.300146718482324
      vertex 1.1608324302618482 0 -1.2901467184823239
      vertex 1.1608324302618482 0 -1.2098532815176761
    endloop
  endfacet
  facet normal 0.49234573073524673 -0.0904767126944717 0.8656844955795256
    outer loop
      vertex 1.1516789198253932 -0.14549088211102693 -1.300146718482324
      vertex 1.4509830982480747 -0.1833017929374873 -1.474323502429748
      vertex 1.1608324302618482 0 -1.2901467184823239
    endloop
  endfacet
  facet normal 0.4846943942520847 -0.14031533007992503 0.863355634906709
    outer loop
      vertex 1.4165678567037545 -0.363712807101167 -1.4843235024297483
      vertex 1.4509830982480747 -0.1833017929374873 -1.474323502429748
      vertex 1.1516789198253932 -0.14549088211102693 -1.300146718482324
    endloop
  endfacet
  facet normal 0.4984586082197683 -0.0784605860699816 0.8633556349067089
    outer loop
      vertex 1.4509830982480747 -0.1833017929374873 -1.474323502429748
      vertex 1.462515469557734 0 -1.4643235024297478
      vertex 1.1608324302618482 0 -1.2901467184823239
    endloop
  endfacet
  facet normal 0.4910781827541337 -0.09712143190933958 -0.8656844955795253
    outer loop
      vertex 1.0793146977139798 -0.427330919132011 -1.239853281517676
      vertex 1.1243627448436524 -0.2886872860991228 -1.2298532815176761
      vertex 1.4165678567037545 -0.363712807101167 -1.0556764975702517
    endloop
  endfacet
  facet normal 0.499378427714767 -0.03480718383251049 -0.8656844955795251
    outer loop
      vertex 1.1243627448436524 -0.2886872860991228 -1.2298532815176761
      vertex 1.1516789198253932 -0.14549088211102693 -1.2198532815176764
      vertex 1.4509830982480747 -0.1833017929374873 -1.045676497570252
    endloop
  endfacet
  facet normal 0.9980267284282716 -0.0627905195293122 0
    outer loop
      vertex 1.1516789198253932 -0.14549088211102693 -1.300146718482324
      vertex 1.1608324302618482 0 -1.2098532815176761
      vertex 1.1516789198253932 -0.14549088211102693 -1.2198532815176764
    endloop
  endfacet
  facet normal 0.49980317655612416 0.028055994326164083 -0.8656844955795258
    outer loop
      vertex 1.1516789198253932 -0.14549088211102693 -1.2198532815176764
      vertex 1.1608324302618482 0 -1.2098532815176761
      vertex 1.462515469557734 0 -1.0356764975702522
    endloop
  endfacet
  facet normal 0.5023109687379137 -0.04796601255485878 -0.8633556349067086
    outer loop
      vertex 1.4165678567037545 -0.363712807101167 -1.0556764975702517
      vertex 1.1243627448436524 -0.2886872860991228 -1.2298532815176761
      vertex 1.4509830982480747 -0.1833017929374873 -1.045676497570252
    endloop
  endfacet
  facet normal 0.9822872507286887 -0.1873813145857243 0
    outer loop
      vertex 1.4165678567037545 -0.363712807101167 -1.0556764975702517
      vertex 1.4509830982480747 -0.1833017929374873 -0.9743235024297481
      vertex 1.4165678567037545 -0.363712807101167 -0.9843235024297483
    endloop
  endfacet
  facet normal 0.9822872507286888 -0.18738131458572432 0
    outer loop
      vertex 1.4165678567037545 -0.363712807101167 -1.0556764975702517
      vertex 1.4509830982480747 -0.1833017929374873 -1.045676497570252
      vertex 1.4509830982480747 -0.1833017929374873 -0.9743235024297481
    endloop
  endfacet
  facet normal 0.5043618321710879 0.015368471747630716 -0.8633556349067084
    outer loop
      vertex 1.1516789198253932 -0.14549088211102693 -1.2198532815176764
      vertex 1.462515469557734 0 -1.0356764975702522
      vertex 1.4509830982480747 -0.1833017929374873 -1.045676497570252
    endloop
  endfacet
  facet normal 0 -1 0
    outer loop
      vertex -0.07288927138261733 -1.158541792627672 -0.9201467184823242
      vertex 0.07288927138261733 -1.158541792627672 -0.910146718482324
      vertex 0.07288927138261733 -1.158541792627672 -0.8298532815176758
    endloop
  endfacet
  facet normal 0.003382268888217272 -0.5005785796160176 0.8656844955795259
    outer loop
      vertex 0.09183210615318839 -1.4596295293584427 -1.084323502429748
      vertex 0.21751830679620687 -1.140270896478613 -0.9001467184823237
      vertex 0.07288927138261733 -1.158541792627672 -0.910146718482324
    endloop
  endfacet
  facet normal 0.12533323356430445 -0.9921147013144778 0
    outer loop
      vertex 0.07288927138261733 -1.158541792627672 -0.910146718482324
      vertex 0.21751830679620687 -1.140270896478613 -0.9001467184823237
      vertex 0.21751830679620687 -1.140270896478613 -0.819853281517676
    endloop
  endfacet
  facet normal 0.05938353334850282 -0.497055278696715 -0.8656844955795259
    outer loop
      vertex -0.07288927138261733 -1.158541792627672 -0.839853281517676
      vertex 0.07288927138261733 -1.158541792627672 -0.8298532815176758
      vertex 0.09183210615318839 -1.4596295293584427 -0.6556764975702518
    endloop
  endfacet
  facet normal 0.12533323356430448 -0.9921147013144778 0
    outer loop
      vertex 0.07288927138261733 -1.158541792627672 -0.910146718482324
      vertex 0.21751830679620687 -1.140270896478613 -0.819853281517676
      vertex 0.07288927138261733 -1.158541792627672 -0.8298532815176758
    endloop
  endfacet
  facet normal 0.06609473072410336 -0.4962074573036273 0.8656844955795253
    outer loop
      vertex 0.2740480712876868 -1.4366102997400436 -1.0743235024297482
      vertex 0.3587169485724821 -1.1040172471272702 -0.890146718482324
      vertex 0.21751830679620687 -1.140270896478613 -0.9001467184823237
    endloop
  endfacet
  facet normal 0.12121282179031193 -0.485693119105935 -0.8656844955795259
    outer loop
      vertex 0.07288927138261733 -1.158541792627672 -0.8298532815176758
      vertex 0.21751830679620687 -1.140270896478613 -0.819853281517676
      vertex 0.2740480712876868 -1.4366102997400436 -0.645676497570252
    endloop
  endfacet
  facet normal 0.24868988716485418 -0.9685831611286313 0
    outer loop
      vertex 0.21751830679620687 -1.140270896478613 -0.9001467184823237
      vertex 0.3587169485724821 -1.1040172471272702 -0.8098532815176762
      vertex 0.21751830679620687 -1.140270896478613 -0.819853281517676
    endloop
  endfacet
  facet normal 0.18113051162345978 -0.46667128888784937 -0.8656844955795253
    outer loop
      vertex 0.21751830679620687 -1.140270896478613 -0.819853281517676
      vertex 0.3587169485724821 -1.1040172471272702 -0.8098532815176762
      vertex 0.45194213462959587 -1.3909348675053492 -0.6356764975702518
    endloop
  endfacet
  facet normal 0.24868988716485416 -0.9685831611286313 0
    outer loop
      vertex 0.21751830679620687 -1.140270896478613 -0.9001467184823237
      vertex 0.3587169485724821 -1.1040172471272702 -0.890146718482324
      vertex 0.3587169485724821 -1.1040172471272702 -0.8098532815176762
    endloop
  endfacet
  facet normal 0.1096042369999649 -0.4925484330565763 -0.8633556349067092
    outer loop
      vertex 0.09183210615318839 -1.4596295293584427 -0.6556764975702518
      vertex 0.07288927138261733 -1.158541792627672 -0.8298532815176758
      vertex 0.2740480712876868 -1.4366102997400436 -0.645676497570252
    endloop
  endfacet
  facet normal -0.047007287052010696 -0.5024015949803932 0.8633556349067091
    outer loop
      vertex -0.09183210615318839 -1.4596295293584427 -0.5943235024297482
      vertex 0.09183210615318839 -1.4596295293584427 -0.584323502429748
      vertex 0.07288927138261733 -1.158541792627672 -0.410146718482324
    endloop
  endfacet
  facet normal 0.17047266265603483 -0.4749274881092851 -0.8633556349067089
    outer loop
      vertex 0.21751830679620687 -1.140270896478613 -0.819853281517676
      vertex 0.45194213462959587 -1.3909348675053492 -0.6356764975702518
      vertex 0.2740480712876868 -1.4366102997400436 -0.645676497570252
    endloop
  endfacet
  facet normal 0.01633099589354946 -0.5043315836312048 0.8633556349067085
    outer loop
      vertex 0.09183210615318839 -1.4596295293584427 -0.584323502429748
      vertex 0.2740480712876868 -1.4366102997400436 -0.5743235024297482
      vertex 0.21751830679620687 -1.140270896478613 -0.40014671848232375
    endloop
  endfacet
  facet normal 0.24868988716485468 -0.9685831611286312 0
    outer loop
      vertex 0.2740480712876868 -1.4366102997400436 -0.645676497570252
      vertex 0.45194213462959587 -1.3909348675053492 -0.5643235024297479
      vertex 0.2740480712876868 -1.4366102997400436 -0.5743235024297482
    endloop
  endfacet
  facet normal 0.1277648391733901 -0.4840108469695898 0.8656844955795258
    outer loop
      vertex 0.45194213462959587 -1.3909348675053492 -1.064323502429748
      vertex 0.494258409782651 -1.0503525862807943 -0.8801467184823242
      vertex 0.3587169485724821 -1.1040172471272702 -0.890146718482324
    endloop
  endfacet
  facet normal 0.368124552684679 -0.9297764858882509 0
    outer loop
      vertex 0.3587169485724821 -1.1040172471272702 -0.890146718482324
      vertex 0.494258409782651 -1.0503525862807943 -0.799853281517676
      vertex 0.3587169485724821 -1.1040172471272702 -0.8098532815176762
    endloop
  endfacet
  facet normal 0.18742001978589276 -0.46418109644477923 0.8656844955795259
    outer loop
      vertex 0.6227088005312512 -1.3233235615058812 -1.0543235024297481
      vertex 0.6220051206148853 -0.9801232376984492 -0.8701467184823239
      vertex 0.494258409782651 -1.0503525862807943 -0.8801467184823242
    endloop
  endfacet
  facet normal 0.20084101460194953 -0.4629038069928708 0.863355634906709
    outer loop
      vertex 0.6227088005312512 -1.3233235615058812 -1.0543235024297481
      vertex 0.7836549766603224 -1.2348426524262874 -1.044323502429748
      vertex 0.6220051206148853 -0.9801232376984492 -0.8701467184823239
    endloop
  endfacet
  facet normal 0.2286526325865835 -0.44981665296658263 -0.8633556349067084
    outer loop
      vertex 0.3587169485724821 -1.1040172471272702 -0.8098532815176762
      vertex 0.6227088005312512 -1.3233235615058812 -0.625676497570252
      vertex 0.45194213462959587 -1.3909348675053492 -0.6356764975702518
    endloop
  endfacet
  facet normal 0.24868988716485466 -0.9685831611286312 0
    outer loop
      vertex 0.2740480712876868 -1.4366102997400436 -0.645676497570252
      vertex 0.45194213462959587 -1.3909348675053492 -0.6356764975702518
      vertex 0.45194213462959587 -1.3909348675053492 -0.5643235024297479
    endloop
  endfacet
  facet normal 0.0794117292781992 -0.4983079619350663 0.8633556349067087
    outer loop
      vertex 0.2740480712876868 -1.4366102997400436 -0.5743235024297482
      vertex 0.45194213462959587 -1.3909348675053492 -0.5643235024297479
      vertex 0.3587169485724821 -1.1040172471272702 -0.39014671848232396
    endloop
  endfacet
  facet normal 0.36812455268467775 -0.9297764858882516 0
    outer loop
      vertex 0.45194213462959587 -1.3909348675053492 -0.6356764975702518
      vertex 0.6227088005312512 -1.3233235615058812 -0.5543235024297481
      vertex 0.45194213462959587 -1.3909348675053492 -0.5643235024297479
    endloop
  endfacet
  facet normal 0.23819166508618586 -0.4402897736680835 -0.865684495579526
    outer loop
      vertex 0.3587169485724821 -1.1040172471272702 -0.8098532815176762
      vertex 0.494258409782651 -1.0503525862807943 -0.799853281517676
      vertex 0.6227088005312512 -1.3233235615058812 -0.625676497570252
    endloop
  endfacet
  facet normal 0.14124009225386863 -0.48442572600446365 0.8633556349067092
    outer loop
      vertex 0.45194213462959587 -1.3909348675053492 -0.5643235024297479
      vertex 0.6227088005312512 -1.3233235615058812 -0.5543235024297481
      vertex 0.494258409782651 -1.0503525862807943 -0.3801467184823242
    endloop
  endfacet
  facet normal 0.36812455268467775 -0.9297764858882516 0
    outer loop
      vertex 0.45194213462959587 -1.3909348675053492 -0.6356764975702518
      vertex 0.6227088005312512 -1.3233235615058812 -0.625676497570252
      vertex 0.6227088005312512 -1.3233235615058812 -0.5543235024297481
    endloop
  endfacet
  facet normal 0.4817536741017149 -0.8763066800438639 0
    outer loop
      vertex 0.6227088005312512 -1.3233235615058812 -0.625676497570252
      vertex 0.7836549766603224 -1.2348426524262874 -0.5443235024297479
      vertex 0.6227088005312512 -1.3233235615058812 -0.5543235024297481
    endloop
  endfacet
  facet normal 0.283226613910781 -0.417611940499151 -0.8633556349067092
    outer loop
      vertex 0.6227088005312512 -1.3233235615058812 -0.625676497570252
      vertex 0.494258409782651 -1.0503525862807943 -0.799853281517676
      vertex 0.7836549766603224 -1.2348426524262874 -0.6156764975702522
    endloop
  endfacet
  facet normal 0.2914963937016927 -0.4069646257012146 -0.8656844955795259
    outer loop
      vertex 0.494258409782651 -1.0503525862807943 -0.799853281517676
      vertex 0.6220051206148853 -0.9801232376984492 -0.7898532815176762
      vertex 0.7836549766603224 -1.2348426524262874 -0.6156764975702522
    endloop
  endfacet
  facet normal 0.368124552684679 -0.9297764858882509 0
    outer loop
      vertex 0.3587169485724821 -1.1040172471272702 -0.890146718482324
      vertex 0.494258409782651 -1.0503525862807943 -0.8801467184823242
      vertex 0.494258409782651 -1.0503525862807943 -0.799853281517676
    endloop
  endfacet
  facet normal 0.4817536741017138 -0.8763066800438644 0
    outer loop
      vertex 0.494258409782651 -1.0503525862807943 -0.8801467184823242
      vertex 0.6220051206148853 -0.9801232376984492 -0.7898532815176762
      vertex 0.494258409782651 -1.0503525862807943 -0.799853281517676
    endloop
  endfacet
  facet normal 0.24411947472708412 -0.4370309327406866 0.8656844955795258
    outer loop
      vertex 0.7836549766603224 -1.2348426524262874 -1.044323502429748
      vertex 0.7399424391271752 -0.8944367601603567 -0.8601467184823237
      vertex 0.6220051206148853 -0.9801232376984492 -0.8701467184823239
    endloop
  endfacet
  facet normal 0.4817536741017139 -0.8763066800438644 0
    outer loop
      vertex 0.494258409782651 -1.0503525862807943 -0.8801467184823242
      vertex 0.6220051206148853 -0.9801232376984492 -0.8701467184823239
      vertex 0.6220051206148853 -0.9801232376984492 -0.7898532815176762
    endloop
  endfacet
  facet normal 0.5877852522924734 -0.8090169943749472 0
    outer loop
      vertex 0.6220051206148853 -0.9801232376984492 -0.8701467184823239
      vertex 0.7399424391271752 -0.8944367601603567 -0.779853281517676
      vertex 0.6220051206148853 -0.9801232376984492 -0.7898532815176762
    endloop
  endfacet
  facet normal 0.5877852522924731 -0.8090169943749472 0
    outer loop
      vertex 0.6220051206148853 -0.9801232376984492 -0.8701467184823239
      vertex 0.7399424391271752 -0.8944367601603567 -0.8601467184823237
      vertex 0.7399424391271752 -0.8944367601603567 -0.779853281517676
    endloop
  endfacet
  facet normal 0 -1 0
    outer loop
      vertex -0.07288927138261733 -1.158541792627672 -0.4201467184823242
      vertex 0.07288927138261733 -1.158541792627672 -0.410146718482324
      vertex 0.07288927138261733 -1.158541792627672 -0.3298532815176758
    endloop
  endfacet
  facet normal 0.003382268888217272 -0.5005785796160176 0.8656844955795259
    outer loop
      vertex 0.09183210615318839 -1.4596295293584427 -0.584323502429748
      vertex 0.21751830679620687 -1.140270896478613 -0.40014671848232375
      vertex 0.07288927138261733 -1.158541792627672 -0.410146718482324
    endloop
  endfacet
  facet normal 0.05938353334850282 -0.497055278696715 -0.8656844955795259
    outer loop
      vertex -0.07288927138261733 -1.158541792627672 -0.339853281517676
      vertex 0.07288927138261733 -1.158541792627672 -0.3298532815176758
      vertex 0.09183210615318839 -1.4596295293584427 -0.15567649757025182
    endloop
  endfacet
  facet normal 0.3713235259670941 -0.44732546390978345 -0.8136453578809762
    outer loop
      vertex 0.09183210615318839 -1.4596295293584427 -0.15567649757025182
      vertex 0.07288927138261733 -1.158541792627672 -0.3298532815176758
      vertex 0.21751830679620687 -1.140270896478613 -0.2738938566281295
    endloop
  endfacet
  facet normal 0.12533323356430448 -0.9921147013144778 0
    outer loop
      vertex 0.07288927138261733 -1.158541792627672 -0.410146718482324
      vertex 0.21751830679620687 -1.140270896478613 -0.2738938566281295
      vertex 0.07288927138261733 -1.158541792627672 -0.3298532815176758
    endloop
  endfacet
  facet normal 0.12533323356430448 -0.9921147013144778 0
    outer loop
      vertex 0.07288927138261733 -1.158541792627672 -0.410146718482324
      vertex 0.21751830679620687 -1.140270896478613 -0.40014671848232375
      vertex 0.21751830679620687 -1.140270896478613 -0.2738938566281295
    endloop
  endfacet
  facet normal 0.06609473072410336 -0.4962074573036273 0.8656844955795253
    outer loop
      vertex 0.2740480712876868 -1.4366102997400436 -0.5743235024297482
      vertex 0.3587169485724821 -1.1040172471272702 -0.39014671848232396
      vertex 0.21751830679620687 -1.140270896478613 -0.40014671848232375
    endloop
  endfacet
  facet normal 0.24868988716485416 -0.9685831611286312 0
    outer loop
      vertex 0.21751830679620687 -1.140270896478613 -0.40014671848232375
      vertex 0.3587169485724821 -1.1040172471272702 -0.16033281843633196
      vertex 0.21751830679620687 -1.140270896478613 -0.2738938566281295
    endloop
  endfacet
  facet normal 0.24868988716485416 -0.9685831611286312 0
    outer loop
      vertex 0.21751830679620687 -1.140270896478613 -0.40014671848232375
      vertex 0.3587169485724821 -1.1040172471272702 -0.39014671848232396
      vertex 0.3587169485724821 -1.1040172471272702 -0.16033281843633196
    endloop
  endfacet
  facet normal -0.047007287052010696 -0.5024015949803932 0.8633556349067091
    outer loop
      vertex -0.09183210615318839 -1.4596295293584427 -0.09432350242974818
      vertex 0.09183210615318839 -1.4596295293584427 -0.08432350242974795
      vertex 0.07288927138261733 -1.158541792627672 0.08985328151767602
    endloop
  endfacet
  facet normal 0.5514925551365094 -0.8341798137266353 0
    outer loop
      vertex 0.09183210615318839 -1.4596295293584427 -0.15567649757025182
      vertex 0.25754082110234816 -1.3500762638491342 -0.08213691996862948
      vertex 0.09183210615318839 -1.4596295293584427 -0.08432350242974795
    endloop
  endfacet
  facet normal 0.5514925551365095 -0.8341798137266354 0
    outer loop
      vertex 0.09183210615318839 -1.4596295293584427 -0.15567649757025182
      vertex 0.25754082110234816 -1.3500762638491342 -0.13786308003137027
      vertex 0.25754082110234816 -1.3500762638491342 -0.08213691996862948
    endloop
  endfacet
  facet normal 0.38396224391978423 -0.4496434098873766 -0.8064699617400122
    outer loop
      vertex 0.09183210615318839 -1.4596295293584427 -0.15567649757025182
      vertex 0.21751830679620687 -1.140270896478613 -0.2738938566281295
      vertex 0.25754082110234816 -1.3500762638491342 -0.13786308003137027
    endloop
  endfacet
  facet normal 0.30426597590703913 -0.4766893701227965 0.8247359943141008
    outer loop
      vertex 0.09183210615318839 -1.4596295293584427 -0.08432350242974795
      vertex 0.25754082110234816 -1.3500762638491342 -0.08213691996862948
      vertex 0.21751830679620687 -1.140270896478613 0.05389385662812929
    endloop
  endfacet
  facet normal 0.924866284350204 -0.38029246123509647 0
    outer loop
      vertex 0.25754082110234816 -1.3500762638491342 -0.13786308003137027
      vertex 0.3587169485724821 -1.1040172471272702 -0.0897430069485523
      vertex 0.25754082110234816 -1.3500762638491342 -0.08213691996862948
    endloop
  endfacet
  facet normal 0.641809261362347 -0.32723625487529123 -0.6935396928256607
    outer loop
      vertex 0.21751830679620687 -1.140270896478613 -0.2738938566281295
      vertex 0.3587169485724821 -1.1040172471272702 -0.16033281843633196
      vertex 0.25754082110234816 -1.3500762638491342 -0.13786308003137027
    endloop
  endfacet
  facet normal 0.9248662843502042 -0.3802924612350965 0
    outer loop
      vertex 0.25754082110234816 -1.3500762638491342 -0.13786308003137027
      vertex 0.3587169485724821 -1.1040172471272702 -0.16033281843633196
      vertex 0.3587169485724821 -1.1040172471272702 -0.11025699305144743
    endloop
  endfacet
  facet normal 0.9248662843502042 -0.38029246123509647 0
    outer loop
      vertex 0.25754082110234816 -1.3500762638491342 -0.13786308003137027
      vertex 0.3587169485724821 -1.1040172471272702 -0.11025699305144743
      vertex 0.3587169485724821 -1.1040172471272702 -0.0897430069485523
    endloop
  endfacet
  facet normal 0.9248662843502041 -0.3802924612350965 0
    outer loop
      vertex 0.25754082110234816 -1.3500762638491342 -0.08213691996862948
      vertex 0.3587169485724821 -1.1040172471272702 -0.0897430069485523
      vertex 0.3587169485724821 -1.1040172471272702 -0.03966718156366822
    endloop
  endfacet
  facet normal 0.5776281334076843 -0.3636527718196128 0.7308230983239837
    outer loop
      vertex 0.25754082110234816 -1.3500762638491342 -0.08213691996862948
      vertex 0.3587169485724821 -1.1040172471272702 -0.03966718156366822
      vertex 0.21751830679620687 -1.140270896478613 0.05389385662812929
    endloop
  endfacet
  facet normal 0.1277648391733901 -0.4840108469695898 0.8656844955795258
    outer loop
      vertex 0.45194213462959587 -1.3909348675053492 -0.5643235024297479
      vertex 0.494258409782651 -1.0503525862807943 -0.3801467184823242
      vertex 0.3587169485724821 -1.1040172471272702 -0.39014671848232396
    endloop
  endfacet
  facet normal 0.18742001978589276 -0.46418109644477923 0.8656844955795259
    outer loop
      vertex 0.6227088005312512 -1.3233235615058812 -0.5543235024297481
      vertex 0.6220051206148853 -0.9801232376984492 -0.37014671848232394
      vertex 0.494258409782651 -1.0503525862807943 -0.3801467184823242
    endloop
  endfacet
  facet normal 0.20084101460194953 -0.4629038069928708 0.863355634906709
    outer loop
      vertex 0.6227088005312512 -1.3233235615058812 -0.5543235024297481
      vertex 0.7836549766603224 -1.2348426524262874 -0.5443235024297479
      vertex 0.6220051206148853 -0.9801232376984492 -0.37014671848232394
    endloop
  endfacet
  facet normal 0.368124552684679 -0.929776485888251 0
    outer loop
      vertex 0.3587169485724821 -1.1040172471272702 -0.39014671848232396
      vertex 0.494258409782651 -1.0503525862807943 -0.15033281843633173
      vertex 0.3587169485724821 -1.1040172471272702 -0.16033281843633196
    endloop
  endfacet
  facet normal 0.368124552684679 -0.929776485888251 0
    outer loop
      vertex 0.3587169485724821 -1.1040172471272702 -0.16033281843633196
      vertex 0.494258409782651 -1.0503525862807943 -0.10025699305144764
      vertex 0.3587169485724821 -1.1040172471272702 -0.11025699305144743
    endloop
  endfacet
  facet normal 0.3681245526846789 -0.929776485888251 0
    outer loop
      vertex 0.3587169485724821 -1.1040172471272702 -0.11025699305144743
      vertex 0.494258409782651 -1.0503525862807943 -0.07974300694855252
      vertex 0.3587169485724821 -1.1040172471272702 -0.0897430069485523
    endloop
  endfacet
  facet normal 0.3681245526846789 -0.929776485888251 0
    outer loop
      vertex 0.3587169485724821 -1.1040172471272702 -0.0897430069485523
      vertex 0.494258409782651 -1.0503525862807943 -0.029667181563667988
      vertex 0.3587169485724821 -1.1040172471272702 -0.03966718156366822
    endloop
  endfacet
  facet normal 0.368124552684679 -0.9297764858882509 0
    outer loop
      vertex 0.3587169485724821 -1.1040172471272702 -0.39014671848232396
      vertex 0.494258409782651 -1.0503525862807943 -0.3801467184823242
      vertex 0.494258409782651 -1.0503525862807943 -0.15033281843633173
    endloop
  endfacet
  facet normal 0.24411947472708417 -0.43703093274068644 0.8656844955795258
    outer loop
      vertex 0.6220051206148853 -0.9801232376984492 -0.37014671848232394
      vertex 0.7836549766603224 -1.2348426524262874 -0.5443235024297479
      vertex 0.7399424391271752 -0.8944367601603567 -0.3601467184823237
    endloop
  endfacet
  facet normal 0.48175367410171394 -0.8763066800438645 0
    outer loop
      vertex 0.494258409782651 -1.0503525862807943 -0.3801467184823242
      vertex 0.6220051206148853 -0.9801232376984492 -0.37014671848232394
      vertex 0.6220051206148853 -0.9801232376984492 -0.14033281843633194
    endloop
  endfacet
  facet normal 0.5877852522924732 -0.8090169943749472 0
    outer loop
      vertex 0.6220051206148853 -0.9801232376984492 -0.37014671848232394
      vertex 0.7399424391271752 -0.8944367601603567 -0.3601467184823237
      vertex 0.7399424391271752 -0.8944367601603567 -0.13033281843633215
    endloop
  endfacet
  facet normal 0.3681245526846789 -0.929776485888251 0
    outer loop
      vertex 0.3587169485724821 -1.1040172471272702 -0.16033281843633196
      vertex 0.494258409782651 -1.0503525862807943 -0.15033281843633173
      vertex 0.494258409782651 -1.0503525862807943 -0.10025699305144764
    endloop
  endfacet
  facet normal 0.4817536741017139 -0.8763066800438644 0
    outer loop
      vertex 0.494258409782651 -1.0503525862807943 -0.3801467184823242
      vertex 0.6220051206148853 -0.9801232376984492 -0.14033281843633194
      vertex 0.494258409782651 -1.0503525862807943 -0.15033281843633173
    endloop
  endfacet
  facet normal 0.3681245526846789 -0.929776485888251 0
    outer loop
      vertex 0.3587169485724821 -1.1040172471272702 -0.11025699305144743
      vertex 0.494258409782651 -1.0503525862807943 -0.10025699305144764
      vertex 0.494258409782651 -1.0503525862807943 -0.07974300694855252
    endloop
  endfacet
  facet normal 0.3681245526846789 -0.929776485888251 0
    outer loop
      vertex 0.3587169485724821 -1.1040172471272702 -0.0897430069485523
      vertex 0.494258409782651 -1.0503525862807943 -0.07974300694855252
      vertex 0.494258409782651 -1.0503525862807943 -0.029667181563667988
    endloop
  endfacet
  facet normal 0.4817536741017139 -0.8763066800438644 0
    outer loop
      vertex 0.494258409782651 -1.0503525862807943 -0.15033281843633173
      vertex 0.6220051206148853 -0.9801232376984492 -0.09025699305144741
      vertex 0.494258409782651 -1.0503525862807943 -0.10025699305144764
    endloop
  endfacet
  facet normal 0.4817536741017139 -0.8763066800438644 0
    outer loop
      vertex 0.494258409782651 -1.0503525862807943 -0.10025699305144764
      vertex 0.6220051206148853 -0.9801232376984492 -0.06974300694855273
      vertex 0.494258409782651 -1.0503525862807943 -0.07974300694855252
    endloop
  endfacet
  facet normal 0.4817536741017139 -0.8763066800438644 0
    outer loop
      vertex 0.494258409782651 -1.0503525862807943 -0.07974300694855252
      vertex 0.6220051206148853 -0.9801232376984492 -0.0196671815636682
      vertex 0.494258409782651 -1.0503525862807943 -0.029667181563667988
    endloop
  endfacet
  facet normal 0.48175367410171394 -0.8763066800438644 0
    outer loop
      vertex 0.494258409782651 -1.0503525862807943 -0.15033281843633173
      vertex 0.6220051206148853 -0.9801232376984492 -0.14033281843633194
      vertex 0.6220051206148853 -0.9801232376984492 -0.09025699305144741
    endloop
  endfacet
  facet normal 0.5877852522924734 -0.8090169943749473 0
    outer loop
      vertex 0.6220051206148853 -0.9801232376984492 -0.37014671848232394
      vertex 0.7399424391271752 -0.8944367601603567 -0.13033281843633215
      vertex 0.6220051206148853 -0.9801232376984492 -0.14033281843633194
    endloop
  endfacet
  facet normal 0.4817536741017139 -0.8763066800438644 0
    outer loop
      vertex 0.494258409782651 -1.0503525862807943 -0.10025699305144764
      vertex 0.6220051206148853 -0.9801232376984492 -0.09025699305144741
      vertex 0.6220051206148853 -0.9801232376984492 -0.06974300694855273
    endloop
  endfacet
  facet normal 0.48175367410171394 -0.8763066800438644 0
    outer loop
      vertex 0.494258409782651 -1.0503525862807943 -0.07974300694855252
      vertex 0.6220051206148853 -0.9801232376984492 -0.06974300694855273
      vertex 0.6220051206148853 -0.9801232376984492 -0.0196671815636682
    endloop
  endfacet
  facet normal 0.5877852522924734 -0.8090169943749473 0
    outer loop
      vertex 0.6220051206148853 -0.9801232376984492 -0.14033281843633194
      vertex 0.7399424391271752 -0.8944367601603567 -0.08025699305144762
      vertex 0.6220051206148853 -0.9801232376984492 -0.09025699305144741
    endloop
  endfacet
  facet normal 0.5877852522924734 -0.8090169943749473 0
    outer loop
      vertex 0.6220051206148853 -0.9801232376984492 -0.09025699305144741
      vertex 0.7399424391271752 -0.8944367601603567 -0.0597430069485525
      vertex 0.6220051206148853 -0.9801232376984492 -0.06974300694855273
    endloop
  endfacet
  facet normal 0.5877852522924734 -0.8090169943749472 0
    outer loop
      vertex 0.6220051206148853 -0.9801232376984492 -0.14033281843633194
      vertex 0.7399424391271752 -0.8944367601603567 -0.13033281843633215
      vertex 0.7399424391271752 -0.8944367601603567 -0.08025699305144762
    endloop
  endfacet
  facet normal 0.5877852522924734 -0.8090169943749473 0
    outer loop
      vertex 0.6220051206148853 -0.9801232376984492 -0.09025699305144741
      vertex 0.7399424391271752 -0.8944367601603567 -0.08025699305144762
      vertex 0.7399424391271752 -0.8944367601603567 -0.0597430069485525
    endloop
  endfacet
  facet normal 0.5877852522924734 -0.8090169943749473 0
    outer loop
      vertex 0.6220051206148853 -0.9801232376984492 -0.06974300694855273
      vertex 0.7399424391271752 -0.8944367601603567 -0.009667181563668414
      vertex 0.6220051206148853 -0.9801232376984492 -0.0196671815636682
    endloop
  endfacet
  facet normal 0.5877852522924734 -0.8090169943749472 0
    outer loop
      vertex 0.6220051206148853 -0.9801232376984492 -0.06974300694855273
      vertex 0.7399424391271752 -0.8944367601603567 -0.0597430069485525
      vertex 0.7399424391271752 -0.8944367601603567 -0.009667181563668414
    endloop
  endfacet
  facet normal 0.2572745541731554 -0.43408161841966797 0.8633556349067085
    outer loop
      vertex 0.7836549766603224 -1.2348426524262874 -1.044323502429748
      vertex 0.9322424456746695 -1.1268875370586855 -1.0343235024297481
      vertex 0.7399424391271752 -0.8944367601603567 -0.8601467184823237
    endloop
  endfacet
  facet normal 0.4817536741017149 -0.8763066800438637 0
    outer loop
      vertex 0.6227088005312512 -1.3233235615058812 -0.625676497570252
      vertex 0.7836549766603224 -1.2348426524262874 -0.6156764975702522
      vertex 0.7836549766603224 -1.2348426524262874 -0.5443235024297479
    endloop
  endfacet
  facet normal 0.33333394234222946 -0.37882123826076686 -0.8633556349067089
    outer loop
      vertex 0.6220051206148853 -0.9801232376984492 -0.7898532815176762
      vertex 0.9322424456746695 -1.1268875370586855 -0.605676497570252
      vertex 0.7836549766603224 -1.2348426524262874 -0.6156764975702522
    endloop
  endfacet
  facet normal 0.5877852522924728 -0.8090169943749476 0
    outer loop
      vertex 0.7836549766603224 -1.2348426524262874 -0.6156764975702522
      vertex 0.9322424456746695 -1.1268875370586855 -0.5343235024297481
      vertex 0.7836549766603224 -1.2348426524262874 -0.5443235024297479
    endloop
  endfacet
  facet normal 0.5877852522924729 -0.8090169943749476 0
    outer loop
      vertex 0.7836549766603224 -1.2348426524262874 -0.6156764975702522
      vertex 0.9322424456746695 -1.1268875370586855 -0.605676497570252
      vertex 0.9322424456746695 -1.1268875370586855 -0.5343235024297481
    endloop
  endfacet
  facet normal 0.6845471059286891 -0.7289686274214112 0
    outer loop
      vertex 0.9322424456746695 -1.1268875370586855 -0.605676497570252
      vertex 1.0661278944260828 -1.0011607320616838 -0.5243235024297483
      vertex 0.9322424456746695 -1.1268875370586855 -0.5343235024297481
    endloop
  endfacet
  facet normal 0.29696901972192485 -0.4029885301576483 0.8656844955795253
    outer loop
      vertex 0.9322424456746695 -1.1268875370586855 -1.0343235024297481
      vertex 0.8462104233542411 -0.7946444806039143 -0.8501467184823239
      vertex 0.7399424391271752 -0.8944367601603567 -0.8601467184823237
    endloop
  endfacet
  facet normal 0.6845471059286887 -0.7289686274214114 0
    outer loop
      vertex 0.7399424391271752 -0.8944367601603567 -0.8601467184823237
      vertex 0.8462104233542411 -0.7946444806039143 -0.8501467184823239
      vertex 0.8462104233542411 -0.7946444806039143 -0.7698532815176762
    endloop
  endfacet
  facet normal 0.6845471059286886 -0.7289686274214114 0
    outer loop
      vertex 0.7399424391271752 -0.8944367601603567 -0.8601467184823237
      vertex 0.8462104233542411 -0.7946444806039143 -0.7698532815176762
      vertex 0.7399424391271752 -0.8944367601603567 -0.779853281517676
    endloop
  endfacet
  facet normal 0.7705132427757898 -0.6374239897486891 0
    outer loop
      vertex 0.8462104233542411 -0.7946444806039143 -0.8501467184823239
      vertex 0.9391331637034062 -0.6823201828907451 -0.759853281517676
      vertex 0.8462104233542411 -0.7946444806039143 -0.7698532815176762
    endloop
  endfacet
  facet normal 0.3096507203366791 -0.39841370341619764 0.8633556349067085
    outer loop
      vertex 0.9322424456746695 -1.1268875370586855 -1.0343235024297481
      vertex 1.0661278944260828 -1.0011607320616838 -1.0243235024297483
      vertex 0.8462104233542411 -0.7946444806039143 -0.8501467184823239
    endloop
  endfacet
  facet normal 0.34513518587505526 -0.3625907577203449 0.8656844955795253
    outer loop
      vertex 1.0661278944260828 -1.0011607320616838 -1.0243235024297483
      vertex 0.9391331637034062 -0.6823201828907451 -0.8401467184823241
      vertex 0.8462104233542411 -0.7946444806039143 -0.8501467184823239
    endloop
  endfacet
  facet normal 0.3571435096641169 -0.356462566309045 0.8633556349067091
    outer loop
      vertex 1.0661278944260828 -1.0011607320616838 -1.0243235024297483
      vertex 1.183199869408463 -0.8596450242556375 -1.0143235024297481
      vertex 0.9391331637034062 -0.6823201828907451 -0.8401467184823241
    endloop
  endfacet
  facet normal 0.34020405005702453 -0.36722140247815005 -0.8656844955795259
    outer loop
      vertex 0.6220051206148853 -0.9801232376984492 -0.7898532815176762
      vertex 0.7399424391271752 -0.8944367601603567 -0.779853281517676
      vertex 0.9322424456746695 -1.1268875370586855 -0.605676497570252
    endloop
  endfacet
  facet normal 0.38354648531490504 -0.3216868783705766 -0.8656844955795253
    outer loop
      vertex 0.7399424391271752 -0.8944367601603567 -0.779853281517676
      vertex 0.8462104233542411 -0.7946444806039143 -0.7698532815176762
      vertex 1.0661278944260828 -1.0011607320616838 -0.5956764975702518
    endloop
  endfacet
  facet normal 0.3781843953788944 -0.3340562987981719 -0.8633556349067091
    outer loop
      vertex 0.9322424456746695 -1.1268875370586855 -0.605676497570252
      vertex 0.7399424391271752 -0.8944367601603567 -0.779853281517676
      vertex 1.0661278944260828 -1.0011607320616838 -0.5956764975702518
    endloop
  endfacet
  facet normal 0.684547105928689 -0.7289686274214112 0
    outer loop
      vertex 0.9322424456746695 -1.1268875370586855 -0.605676497570252
      vertex 1.0661278944260828 -1.0011607320616838 -0.5956764975702518
      vertex 1.0661278944260828 -1.0011607320616838 -0.5243235024297483
    endloop
  endfacet
  facet normal 0.42084016337980723 -0.2710791600246672 -0.8656844955795259
    outer loop
      vertex 0.8462104233542411 -0.7946444806039143 -0.7698532815176762
      vertex 0.9391331637034062 -0.6823201828907451 -0.759853281517676
      vertex 1.183199869408463 -0.8596450242556375 -0.585676497570252
    endloop
  endfacet
  facet normal 0.41707065458402587 -0.2840230919479723 -0.8633556349067085
    outer loop
      vertex 0.8462104233542411 -0.7946444806039143 -0.7698532815176762
      vertex 1.183199869408463 -0.8596450242556375 -0.585676497570252
      vertex 1.0661278944260828 -1.0011607320616838 -0.5956764975702518
    endloop
  endfacet
  facet normal 0.7705132427757895 -0.6374239897486895 0
    outer loop
      vertex 1.0661278944260828 -1.0011607320616838 -0.5956764975702518
      vertex 1.183199869408463 -0.8596450242556375 -0.585676497570252
      vertex 1.183199869408463 -0.8596450242556375 -0.5143235024297481
    endloop
  endfacet
  facet normal 0.7705132427757895 -0.6374239897486895 0
    outer loop
      vertex 1.0661278944260828 -1.0011607320616838 -0.5956764975702518
      vertex 1.183199869408463 -0.8596450242556375 -0.5143235024297481
      vertex 1.0661278944260828 -1.0011607320616838 -0.5243235024297483
    endloop
  endfacet
  facet normal 0.44937946042043486 -0.2295106712705794 -0.8633556349067092
    outer loop
      vertex 1.183199869408463 -0.8596450242556375 -0.585676497570252
      vertex 0.9391331637034062 -0.6823201828907451 -0.759853281517676
      vertex 1.28161207564093 -0.7045722008900338 -0.5756764975702522
    endloop
  endfacet
  facet normal 0.8443279255020153 -0.5358267949789961 0
    outer loop
      vertex 1.183199869408463 -0.8596450242556375 -0.585676497570252
      vertex 1.28161207564093 -0.7045722008900338 -0.5043235024297479
      vertex 1.183199869408463 -0.8596450242556375 -0.5143235024297481
    endloop
  endfacet
  facet normal 0.8443279255020154 -0.5358267949789962 0
    outer loop
      vertex 1.183199869408463 -0.8596450242556375 -0.585676497570252
      vertex 1.28161207564093 -0.7045722008900338 -0.5756764975702522
      vertex 1.28161207564093 -0.7045722008900338 -0.5043235024297479
    endloop
  endfacet
  facet normal 0.2572745541731554 -0.43408161841966797 0.8633556349067085
    outer loop
      vertex 0.7836549766603224 -1.2348426524262874 -0.5443235024297479
      vertex 0.9322424456746695 -1.1268875370586855 -0.5343235024297481
      vertex 0.7399424391271752 -0.8944367601603567 -0.3601467184823237
    endloop
  endfacet
  facet normal 0.29696901972192485 -0.4029885301576483 0.8656844955795253
    outer loop
      vertex 0.9322424456746695 -1.1268875370586855 -0.5343235024297481
      vertex 0.8462104233542411 -0.7946444806039143 -0.3501467184823239
      vertex 0.7399424391271752 -0.8944367601603567 -0.3601467184823237
    endloop
  endfacet
  facet normal 0.6845471059286887 -0.7289686274214114 0
    outer loop
      vertex 0.7399424391271752 -0.8944367601603567 -0.3601467184823237
      vertex 0.8462104233542411 -0.7946444806039143 -0.3501467184823239
      vertex 0.8462104233542411 -0.7946444806039143 -0.12033281843633192
    endloop
  endfacet
  facet normal 0.3096507203366791 -0.39841370341619764 0.8633556349067085
    outer loop
      vertex 0.9322424456746695 -1.1268875370586855 -0.5343235024297481
      vertex 1.0661278944260828 -1.0011607320616838 -0.5243235024297483
      vertex 0.8462104233542411 -0.7946444806039143 -0.3501467184823239
    endloop
  endfacet
  facet normal 0.34513518587505526 -0.3625907577203449 0.8656844955795253
    outer loop
      vertex 1.0661278944260828 -1.0011607320616838 -0.5243235024297483
      vertex 0.9391331637034062 -0.6823201828907451 -0.34014671848232414
      vertex 0.8462104233542411 -0.7946444806039143 -0.3501467184823239
    endloop
  endfacet
  facet normal 0.3571435096641169 -0.356462566309045 0.8633556349067091
    outer loop
      vertex 1.0661278944260828 -1.0011607320616838 -0.5243235024297483
      vertex 1.183199869408463 -0.8596450242556375 -0.5143235024297481
      vertex 0.9391331637034062 -0.6823201828907451 -0.34014671848232414
    endloop
  endfacet
  facet normal 0.6845471059286887 -0.7289686274214116 0
    outer loop
      vertex 0.7399424391271752 -0.8944367601603567 -0.3601467184823237
      vertex 0.8462104233542411 -0.7946444806039143 -0.12033281843633192
      vertex 0.7399424391271752 -0.8944367601603567 -0.13033281843633215
    endloop
  endfacet
  facet normal 0.7705132427757896 -0.6374239897486891 0
    outer loop
      vertex 0.8462104233542411 -0.7946444806039143 -0.3501467184823239
      vertex 0.9391331637034062 -0.6823201828907451 -0.11033281843633169
      vertex 0.8462104233542411 -0.7946444806039143 -0.12033281843633192
    endloop
  endfacet
  facet normal 0.6845471059286886 -0.7289686274214114 0
    outer loop
      vertex 0.7399424391271752 -0.8944367601603567 -0.13033281843633215
      vertex 0.8462104233542411 -0.7946444806039143 -0.07025699305144739
      vertex 0.7399424391271752 -0.8944367601603567 -0.08025699305144762
    endloop
  endfacet
  facet normal 0.6845471059286887 -0.7289686274214114 0
    outer loop
      vertex 0.7399424391271752 -0.8944367601603567 -0.08025699305144762
      vertex 0.8462104233542411 -0.7946444806039143 -0.049743006948552715
      vertex 0.7399424391271752 -0.8944367601603567 -0.0597430069485525
    endloop
  endfacet
  facet normal 0.6845471059286886 -0.7289686274214114 0
    outer loop
      vertex 0.7399424391271752 -0.8944367601603567 -0.13033281843633215
      vertex 0.8462104233542411 -0.7946444806039143 -0.12033281843633192
      vertex 0.8462104233542411 -0.7946444806039143 -0.07025699305144739
    endloop
  endfacet
  facet normal 0.6845471059286886 -0.7289686274214114 0
    outer loop
      vertex 0.7399424391271752 -0.8944367601603567 -0.08025699305144762
      vertex 0.8462104233542411 -0.7946444806039143 -0.07025699305144739
      vertex 0.8462104233542411 -0.7946444806039143 -0.049743006948552715
    endloop
  endfacet
  facet normal 0.6845471059286887 -0.7289686274214114 0
    outer loop
      vertex 0.7399424391271752 -0.8944367601603567 -0.0597430069485525
      vertex 0.8462104233542411 -0.7946444806039143 0.0003328184363318165
      vertex 0.7399424391271752 -0.8944367601603567 -0.009667181563668414
    endloop
  endfacet
  facet normal 0.6845471059286887 -0.7289686274214114 0
    outer loop
      vertex 0.7399424391271752 -0.8944367601603567 -0.0597430069485525
      vertex 0.8462104233542411 -0.7946444806039143 -0.049743006948552715
      vertex 0.8462104233542411 -0.7946444806039143 0.0003328184363318165
    endloop
  endfacet
  facet normal 0.7705132427757897 -0.6374239897486891 0
    outer loop
      vertex 0.8462104233542411 -0.7946444806039143 -0.12033281843633192
      vertex 0.9391331637034062 -0.6823201828907451 -0.060256993051447605
      vertex 0.8462104233542411 -0.7946444806039143 -0.07025699305144739
    endloop
  endfacet
  facet normal 0.7705132427757897 -0.6374239897486891 0
    outer loop
      vertex 0.8462104233542411 -0.7946444806039143 -0.07025699305144739
      vertex 0.9391331637034062 -0.6823201828907451 -0.039743006948552484
      vertex 0.8462104233542411 -0.7946444806039143 -0.049743006948552715
    endloop
  endfacet
  facet normal 0.7705132427757897 -0.6374239897486891 0
    outer loop
      vertex 0.8462104233542411 -0.7946444806039143 -0.049743006948552715
      vertex 0.9391331637034062 -0.6823201828907451 0.010332818436331825
      vertex 0.8462104233542411 -0.7946444806039143 0.0003328184363318165
    endloop
  endfacet
  facet normal 0.38785836397316675 -0.3164747124325741 0.8656844955795258
    outer loop
      vertex 1.183199869408463 -0.8596450242556375 -1.0143235024297481
      vertex 1.0172452130500098 -0.5592352882950686 -0.8301467184823239
      vertex 0.9391331637034062 -0.6823201828907451 -0.8401467184823241
    endloop
  endfacet
  facet normal 0.7705132427757898 -0.6374239897486891 0
    outer loop
      vertex 0.8462104233542411 -0.7946444806039143 -0.8501467184823239
      vertex 0.9391331637034062 -0.6823201828907451 -0.8401467184823241
      vertex 0.9391331637034062 -0.6823201828907451 -0.759853281517676
    endloop
  endfacet
  facet normal 0.8443279255020153 -0.5358267949789962 0
    outer loop
      vertex 0.9391331637034062 -0.6823201828907451 -0.8401467184823241
      vertex 1.0172452130500098 -0.5592352882950686 -0.7498532815176762
      vertex 0.9391331637034062 -0.6823201828907451 -0.759853281517676
    endloop
  endfacet
  facet normal 0.8443279255020152 -0.5358267949789961 0
    outer loop
      vertex 0.9391331637034062 -0.6823201828907451 -0.8401467184823241
      vertex 1.0172452130500098 -0.5592352882950686 -0.8301467184823239
      vertex 1.0172452130500098 -0.5592352882950686 -0.7498532815176762
    endloop
  endfacet
  facet normal 0.9048270524660187 -0.4257792915650743 0
    outer loop
      vertex 1.0172452130500098 -0.5592352882950686 -0.8301467184823239
      vertex 1.0793146977139798 -0.427330919132011 -0.7398532815176759
      vertex 1.0172452130500098 -0.5592352882950686 -0.7498532815176762
    endloop
  endfacet
  facet normal 0.9048270524660187 -0.4257792915650743 0
    outer loop
      vertex 1.0172452130500098 -0.5592352882950686 -0.8301467184823239
      vertex 1.0793146977139798 -0.427330919132011 -0.8201467184823237
      vertex 1.0793146977139798 -0.427330919132011 -0.7398532815176759
    endloop
  endfacet
  facet normal 0.45149694067047924 -0.21619636139033344 -0.8656844955795259
    outer loop
      vertex 0.9391331637034062 -0.6823201828907451 -0.759853281517676
      vertex 1.0172452130500098 -0.5592352882950686 -0.7498532815176762
      vertex 1.28161207564093 -0.7045722008900338 -0.5756764975702522
    endloop
  endfacet
  facet normal 0.39900393249696253 -0.3088898015907821 0.863355634906709
    outer loop
      vertex 1.183199869408463 -0.8596450242556375 -1.0143235024297481
      vertex 1.28161207564093 -0.7045722008900338 -1.0043235024297479
      vertex 1.0172452130500098 -0.5592352882950686 -0.8301467184823239
    endloop
  endfacet
  facet normal 0.4244647839760675 -0.2653676718769118 0.8656844955795258
    outer loop
      vertex 1.28161207564093 -0.7045722008900338 -1.0043235024297479
      vertex 1.0793146977139798 -0.427330919132011 -0.8201467184823237
      vertex 1.0172452130500098 -0.5592352882950686 -0.8301467184823239
    endloop
  endfacet
  facet normal 0.4345718249609365 -0.2564456601796089 0.8633556349067084
    outer loop
      vertex 1.28161207564093 -0.7045722008900338 -1.0043235024297479
      vertex 1.3598124938425957 -0.5383878530253632 -0.9943235024297481
      vertex 1.0793146977139798 -0.427330919132011 -0.8201467184823237
    endloop
  endfacet
  facet normal 0.45437714077269775 -0.2100756246127828 0.8656844955795253
    outer loop
      vertex 1.0793146977139798 -0.427330919132011 -0.8201467184823237
      vertex 1.3598124938425957 -0.5383878530253632 -0.9943235024297481
      vertex 1.1243627448436524 -0.2886872860991228 -0.8101467184823239
    endloop
  endfacet
  facet normal 0.9510565162951535 -0.30901699437494756 0
    outer loop
      vertex 1.0793146977139798 -0.427330919132011 -0.8201467184823237
      vertex 1.1243627448436524 -0.2886872860991228 -0.7298532815176761
      vertex 1.0793146977139798 -0.427330919132011 -0.7398532815176759
    endloop
  endfacet
  facet normal 0.4632862601446505 -0.19995721751419068 0.8633556349067085
    outer loop
      vertex 1.3598124938425957 -0.5383878530253632 -0.9943235024297481
      vertex 1.4165678567037545 -0.363712807101167 -0.9843235024297483
      vertex 1.1243627448436524 -0.2886872860991228 -0.8101467184823239
    endloop
  endfacet
  facet normal 0.4746012837197373 -0.17137873020421976 -0.863355634906709
    outer loop
      vertex 1.0172452130500098 -0.5592352882950686 -0.7498532815176762
      vertex 1.3598124938425957 -0.5383878530253632 -0.565676497570252
      vertex 1.28161207564093 -0.7045722008900338 -0.5756764975702522
    endloop
  endfacet
  facet normal 0.47503334149558096 -0.1579040169874242 -0.8656844955795259
    outer loop
      vertex 1.0172452130500098 -0.5592352882950686 -0.7498532815176762
      vertex 1.0793146977139798 -0.427330919132011 -0.7398532815176759
      vertex 1.3598124938425957 -0.5383878530253632 -0.565676497570252
    endloop
  endfacet
  facet normal 0.9048270524660189 -0.425779291565074 0
    outer loop
      vertex 1.28161207564093 -0.7045722008900338 -0.5756764975702522
      vertex 1.3598124938425957 -0.5383878530253632 -0.4943235024297481
      vertex 1.28161207564093 -0.7045722008900338 -0.5043235024297479
    endloop
  endfacet
  facet normal 0.9048270524660188 -0.42577929156507394 0
    outer loop
      vertex 1.28161207564093 -0.7045722008900338 -0.5756764975702522
      vertex 1.3598124938425957 -0.5383878530253632 -0.565676497570252
      vertex 1.3598124938425957 -0.5383878530253632 -0.4943235024297481
    endloop
  endfacet
  facet normal 0.4923383612617144 -0.1105440441858492 -0.8633556349067089
    outer loop
      vertex 1.0793146977139798 -0.427330919132011 -0.7398532815176759
      vertex 1.4165678567037545 -0.363712807101167 -0.5556764975702517
      vertex 1.3598124938425957 -0.5383878530253632 -0.565676497570252
    endloop
  endfacet
  facet normal 0.9510565162951535 -0.30901699437494745 0
    outer loop
      vertex 1.3598124938425957 -0.5383878530253632 -0.565676497570252
      vertex 1.4165678567037545 -0.363712807101167 -0.4843235024297483
      vertex 1.3598124938425957 -0.5383878530253632 -0.4943235024297481
    endloop
  endfacet
  facet normal 0.9510565162951536 -0.3090169943749474 0
    outer loop
      vertex 1.3598124938425957 -0.5383878530253632 -0.565676497570252
      vertex 1.4165678567037545 -0.363712807101167 -0.5556764975702517
      vertex 1.4165678567037545 -0.363712807101167 -0.4843235024297483
    endloop
  endfacet
  facet normal 0.9510565162951535 -0.30901699437494756 0
    outer loop
      vertex 1.0793146977139798 -0.427330919132011 -0.8201467184823237
      vertex 1.1243627448436524 -0.2886872860991228 -0.8101467184823239
      vertex 1.1243627448436524 -0.2886872860991228 -0.7298532815176761
    endloop
  endfacet
  facet normal 0.9822872507286886 -0.18738131458572474 0
    outer loop
      vertex 1.1243627448436524 -0.2886872860991228 -0.8101467184823239
      vertex 1.1516789198253932 -0.14549088211102693 -0.7198532815176764
      vertex 1.1243627448436524 -0.2886872860991228 -0.7298532815176761
    endloop
  endfacet
  facet normal 0.9822872507286886 -0.18738131458572477 0
    outer loop
      vertex 1.1243627448436524 -0.2886872860991228 -0.8101467184823239
      vertex 1.1516789198253932 -0.14549088211102693 -0.8001467184823241
      vertex 1.1516789198253932 -0.14549088211102693 -0.7198532815176764
    endloop
  endfacet
  facet normal 0.47712369862759235 -0.15147055925541844 0.8656844955795253
    outer loop
      vertex 1.4165678567037545 -0.363712807101167 -0.9843235024297483
      vertex 1.1516789198253932 -0.14549088211102693 -0.8001467184823241
      vertex 1.1243627448436524 -0.2886872860991228 -0.8101467184823239
    endloop
  endfacet
  facet normal 0.9980267284282716 -0.0627905195293122 0
    outer loop
      vertex 1.1516789198253932 -0.14549088211102693 -0.8001467184823241
      vertex 1.1608324302618482 0 -0.7901467184823239
      vertex 1.1608324302618482 0 -0.7098532815176761
    endloop
  endfacet
  facet normal 0.49234573073524673 -0.0904767126944717 0.8656844955795256
    outer loop
      vertex 1.1516789198253932 -0.14549088211102693 -0.8001467184823241
      vertex 1.4509830982480747 -0.1833017929374873 -0.9743235024297481
      vertex 1.1608324302618482 0 -0.7901467184823239
    endloop
  endfacet
  facet normal 0.4846943942520847 -0.14031533007992503 0.863355634906709
    outer loop
      vertex 1.4165678567037545 -0.363712807101167 -0.9843235024297483
      vertex 1.4509830982480747 -0.1833017929374873 -0.9743235024297481
      vertex 1.1516789198253932 -0.14549088211102693 -0.8001467184823241
    endloop
  endfacet
  facet normal 0.4984586082197683 -0.0784605860699816 0.8633556349067089
    outer loop
      vertex 1.4509830982480747 -0.1833017929374873 -0.9743235024297481
      vertex 1.462515469557734 0 -0.9643235024297478
      vertex 1.1608324302618482 0 -0.7901467184823239
    endloop
  endfacet
  facet normal 0.4910781827541337 -0.09712143190933958 -0.8656844955795253
    outer loop
      vertex 1.0793146977139798 -0.427330919132011 -0.7398532815176759
      vertex 1.1243627448436524 -0.2886872860991228 -0.7298532815176761
      vertex 1.4165678567037545 -0.363712807101167 -0.5556764975702517
    endloop
  endfacet
  facet normal 0.499378427714767 -0.03480718383251049 -0.8656844955795251
    outer loop
      vertex 1.1243627448436524 -0.2886872860991228 -0.7298532815176761
      vertex 1.1516789198253932 -0.14549088211102693 -0.7198532815176764
      vertex 1.4509830982480747 -0.1833017929374873 -0.5456764975702519
    endloop
  endfacet
  facet normal 0.9980267284282716 -0.0627905195293122 0
    outer loop
      vertex 1.1516789198253932 -0.14549088211102693 -0.8001467184823241
      vertex 1.1608324302618482 0 -0.7098532815176761
      vertex 1.1516789198253932 -0.14549088211102693 -0.7198532815176764
    endloop
  endfacet
  facet normal 0.49980317655612416 0.028055994326164083 -0.8656844955795258
    outer loop
      vertex 1.1516789198253932 -0.14549088211102693 -0.7198532815176764
      vertex 1.1608324302618482 0 -0.7098532815176761
      vertex 1.462515469557734 0 -0.5356764975702522
    endloop
  endfacet
  facet normal 0.5023109687379137 -0.04796601255485878 -0.8633556349067086
    outer loop
      vertex 1.4165678567037545 -0.363712807101167 -0.5556764975702517
      vertex 1.1243627448436524 -0.2886872860991228 -0.7298532815176761
      vertex 1.4509830982480747 -0.1833017929374873 -0.5456764975702519
    endloop
  endfacet
  facet normal 0.9822872507286887 -0.1873813145857243 0
    outer loop
      vertex 1.4165678567037545 -0.363712807101167 -0.5556764975702517
      vertex 1.4509830982480747 -0.1833017929374873 -0.4743235024297481
      vertex 1.4165678567037545 -0.363712807101167 -0.4843235024297483
    endloop
  endfacet
  facet normal 0.9822872507286888 -0.18738131458572432 0
    outer loop
      vertex 1.4165678567037545 -0.363712807101167 -0.5556764975702517
      vertex 1.4509830982480747 -0.1833017929374873 -0.5456764975702519
      vertex 1.4509830982480747 -0.1833017929374873 -0.4743235024297481
    endloop
  endfacet
  facet normal 0.5043618321710879 0.015368471747630716 -0.8633556349067084
    outer loop
      vertex 1.1516789198253932 -0.14549088211102693 -0.7198532815176764
      vertex 1.462515469557734 0 -0.5356764975702522
      vertex 1.4509830982480747 -0.1833017929374873 -0.5456764975702519
    endloop
  endfacet
  facet normal 0.38785836397316675 -0.3164747124325741 0.8656844955795258
    outer loop
      vertex 1.183199869408463 -0.8596450242556375 -0.5143235024297481
      vertex 1.0172452130500098 -0.5592352882950686 -0.3301467184823239
      vertex 0.9391331637034062 -0.6823201828907451 -0.34014671848232414
    endloop
  endfacet
  facet normal 0.7705132427757898 -0.6374239897486891 0
    outer loop
      vertex 0.8462104233542411 -0.7946444806039143 -0.3501467184823239
      vertex 0.9391331637034062 -0.6823201828907451 -0.34014671848232414
      vertex 0.9391331637034062 -0.6823201828907451 -0.11033281843633169
    endloop
  endfacet
  facet normal 0.8443279255020153 -0.5358267949789961 0
    outer loop
      vertex 0.9391331637034062 -0.6823201828907451 -0.34014671848232414
      vertex 1.0172452130500098 -0.5592352882950686 -0.3301467184823239
      vertex 1.0172452130500098 -0.5592352882950686 -0.1003328184363319
    endloop
  endfacet
  facet normal 0.9048270524660187 -0.4257792915650743 0
    outer loop
      vertex 1.0172452130500098 -0.5592352882950686 -0.3301467184823239
      vertex 1.0793146977139798 -0.427330919132011 -0.3201467184823237
      vertex 1.0793146977139798 -0.427330919132011 -0.09033281843633212
    endloop
  endfacet
  facet normal 0.8443279255020153 -0.5358267949789962 0
    outer loop
      vertex 0.9391331637034062 -0.6823201828907451 -0.34014671848232414
      vertex 1.0172452130500098 -0.5592352882950686 -0.1003328184363319
      vertex 0.9391331637034062 -0.6823201828907451 -0.11033281843633169
    endloop
  endfacet
  facet normal 0.7705132427757898 -0.6374239897486891 0
    outer loop
      vertex 0.8462104233542411 -0.7946444806039143 -0.12033281843633192
      vertex 0.9391331637034062 -0.6823201828907451 -0.11033281843633169
      vertex 0.9391331637034062 -0.6823201828907451 -0.060256993051447605
    endloop
  endfacet
  facet normal 0.8443279255020153 -0.5358267949789962 0
    outer loop
      vertex 0.9391331637034062 -0.6823201828907451 -0.11033281843633169
      vertex 1.0172452130500098 -0.5592352882950686 -0.050256993051447374
      vertex 0.9391331637034062 -0.6823201828907451 -0.060256993051447605
    endloop
  endfacet
  facet normal 0.7705132427757897 -0.637423989748689 0
    outer loop
      vertex 0.8462104233542411 -0.7946444806039143 -0.07025699305144739
      vertex 0.9391331637034062 -0.6823201828907451 -0.060256993051447605
      vertex 0.9391331637034062 -0.6823201828907451 -0.039743006948552484
    endloop
  endfacet
  facet normal 0.7705132427757897 -0.6374239897486891 0
    outer loop
      vertex 0.8462104233542411 -0.7946444806039143 -0.049743006948552715
      vertex 0.9391331637034062 -0.6823201828907451 -0.039743006948552484
      vertex 0.9391331637034062 -0.6823201828907451 0.010332818436331825
    endloop
  endfacet
  facet normal 0.8443279255020154 -0.5358267949789962 0
    outer loop
      vertex 0.9391331637034062 -0.6823201828907451 -0.060256993051447605
      vertex 1.0172452130500098 -0.5592352882950686 -0.029743006948552697
      vertex 0.9391331637034062 -0.6823201828907451 -0.039743006948552484
    endloop
  endfacet
  facet normal 0.8443279255020153 -0.5358267949789962 0
    outer loop
      vertex 0.9391331637034062 -0.6823201828907451 -0.039743006948552484
      vertex 1.0172452130500098 -0.5592352882950686 0.020332818436331834
      vertex 0.9391331637034062 -0.6823201828907451 0.010332818436331825
    endloop
  endfacet
  facet normal 0.8443279255020153 -0.5358267949789962 0
    outer loop
      vertex 0.9391331637034062 -0.6823201828907451 -0.11033281843633169
      vertex 1.0172452130500098 -0.5592352882950686 -0.1003328184363319
      vertex 1.0172452130500098 -0.5592352882950686 -0.050256993051447374
    endloop
  endfacet
  facet normal 0.8443279255020153 -0.5358267949789961 0
    outer loop
      vertex 0.9391331637034062 -0.6823201828907451 -0.060256993051447605
      vertex 1.0172452130500098 -0.5592352882950686 -0.050256993051447374
      vertex 1.0172452130500098 -0.5592352882950686 -0.029743006948552697
    endloop
  endfacet
  facet normal 0.8443279255020153 -0.5358267949789962 0
    outer loop
      vertex 0.9391331637034062 -0.6823201828907451 -0.039743006948552484
      vertex 1.0172452130500098 -0.5592352882950686 -0.029743006948552697
      vertex 1.0172452130500098 -0.5592352882950686 0.020332818436331834
    endloop
  endfacet
  facet normal 0.9048270524660187 -0.4257792915650744 0
    outer loop
      vertex 1.0172452130500098 -0.5592352882950686 -0.3301467184823239
      vertex 1.0793146977139798 -0.427330919132011 -0.09033281843633212
      vertex 1.0172452130500098 -0.5592352882950686 -0.1003328184363319
    endloop
  endfacet
  facet normal 0.9048270524660187 -0.4257792915650743 0
    outer loop
      vertex 1.0172452130500098 -0.5592352882950686 -0.1003328184363319
      vertex 1.0793146977139798 -0.427330919132011 -0.04025699305144759
      vertex 1.0172452130500098 -0.5592352882950686 -0.050256993051447374
    endloop
  endfacet
  facet normal 0.9048270524660187 -0.4257792915650743 0
    outer loop
      vertex 1.0172452130500098 -0.5592352882950686 -0.1003328184363319
      vertex 1.0793146977139798 -0.427330919132011 -0.09033281843633212
      vertex 1.0793146977139798 -0.427330919132011 -0.04025699305144759
    endloop
  endfacet
  facet normal 0.9048270524660187 -0.42577929156507427 0
    outer loop
      vertex 1.0172452130500098 -0.5592352882950686 -0.050256993051447374
      vertex 1.0793146977139798 -0.427330919132011 -0.019743006948552466
      vertex 1.0172452130500098 -0.5592352882950686 -0.029743006948552697
    endloop
  endfacet
  facet normal 0.9048270524660187 -0.4257792915650744 0
    outer loop
      vertex 1.0172452130500098 -0.5592352882950686 -0.050256993051447374
      vertex 1.0793146977139798 -0.427330919132011 -0.04025699305144759
      vertex 1.0793146977139798 -0.427330919132011 -0.019743006948552466
    endloop
  endfacet
  facet normal 0.9048270524660187 -0.4257792915650743 0
    outer loop
      vertex 1.0172452130500098 -0.5592352882950686 -0.029743006948552697
      vertex 1.0793146977139798 -0.427330919132011 -0.019743006948552466
      vertex 1.0793146977139798 -0.427330919132011 0.030332818436331843
    endloop
  endfacet
  facet normal 0.39900393249696253 -0.3088898015907821 0.863355634906709
    outer loop
      vertex 1.183199869408463 -0.8596450242556375 -0.5143235024297481
      vertex 1.28161207564093 -0.7045722008900338 -0.5043235024297479
      vertex 1.0172452130500098 -0.5592352882950686 -0.3301467184823239
    endloop
  endfacet
  facet normal 0.4244647839760675 -0.2653676718769118 0.8656844955795258
    outer loop
      vertex 1.28161207564093 -0.7045722008900338 -0.5043235024297479
      vertex 1.0793146977139798 -0.427330919132011 -0.3201467184823237
      vertex 1.0172452130500098 -0.5592352882950686 -0.3301467184823239
    endloop
  endfacet
  facet normal 0.4345718249609365 -0.2564456601796089 0.8633556349067084
    outer loop
      vertex 1.28161207564093 -0.7045722008900338 -0.5043235024297479
      vertex 1.3598124938425957 -0.5383878530253632 -0.4943235024297481
      vertex 1.0793146977139798 -0.427330919132011 -0.3201467184823237
    endloop
  endfacet
  facet normal 0.45437714077269775 -0.2100756246127828 0.8656844955795253
    outer loop
      vertex 1.0793146977139798 -0.427330919132011 -0.3201467184823237
      vertex 1.3598124938425957 -0.5383878530253632 -0.4943235024297481
      vertex 1.1243627448436524 -0.2886872860991228 -0.3101467184823239
    endloop
  endfacet
  facet normal 0.4632862601446505 -0.19995721751419068 0.8633556349067085
    outer loop
      vertex 1.3598124938425957 -0.5383878530253632 -0.4943235024297481
      vertex 1.4165678567037545 -0.363712807101167 -0.4843235024297483
      vertex 1.1243627448436524 -0.2886872860991228 -0.3101467184823239
    endloop
  endfacet
  facet normal 0.9510565162951536 -0.30901699437494756 0
    outer loop
      vertex 1.0793146977139798 -0.427330919132011 -0.3201467184823237
      vertex 1.1243627448436524 -0.2886872860991228 -0.08033281843633189
      vertex 1.0793146977139798 -0.427330919132011 -0.09033281843633212
    endloop
  endfacet
  facet normal 0.9510565162951535 -0.3090169943749475 0
    outer loop
      vertex 1.0793146977139798 -0.427330919132011 -0.09033281843633212
      vertex 1.1243627448436524 -0.2886872860991228 -0.030256993051447356
      vertex 1.0793146977139798 -0.427330919132011 -0.04025699305144759
    endloop
  endfacet
  facet normal 0.9510565162951534 -0.3090169943749475 0
    outer loop
      vertex 1.0793146977139798 -0.427330919132011 -0.04025699305144759
      vertex 1.1243627448436524 -0.2886872860991228 -0.00974300694855268
      vertex 1.0793146977139798 -0.427330919132011 -0.019743006948552466
    endloop
  endfacet
  facet normal 0.47712369862759235 -0.15147055925541844 0.8656844955795253
    outer loop
      vertex 1.4165678567037545 -0.363712807101167 -0.4843235024297483
      vertex 1.1516789198253932 -0.14549088211102693 -0.3001467184823241
      vertex 1.1243627448436524 -0.2886872860991228 -0.3101467184823239
    endloop
  endfacet
  facet normal 0.49234573073524673 -0.0904767126944717 0.8656844955795256
    outer loop
      vertex 1.1516789198253932 -0.14549088211102693 -0.3001467184823241
      vertex 1.4509830982480747 -0.1833017929374873 -0.4743235024297481
      vertex 1.1608324302618482 0 -0.2901467184823239
    endloop
  endfacet
  facet normal 0.4846943942520847 -0.14031533007992503 0.863355634906709
    outer loop
      vertex 1.4165678567037545 -0.363712807101167 -0.4843235024297483
      vertex 1.4509830982480747 -0.1833017929374873 -0.4743235024297481
      vertex 1.1516789198253932 -0.14549088211102693 -0.3001467184823241
    endloop
  endfacet
  facet normal 0.4984586082197683 -0.0784605860699816 0.8633556349067089
    outer loop
      vertex 1.4509830982480747 -0.1833017929374873 -0.4743235024297481
      vertex 1.462515469557734 0 -0.46432350242974785
      vertex 1.1608324302618482 0 -0.2901467184823239
    endloop
  endfacet
  facet normal 0.9510565162951535 -0.30901699437494756 0
    outer loop
      vertex 1.0793146977139798 -0.427330919132011 -0.3201467184823237
      vertex 1.1243627448436524 -0.2886872860991228 -0.3101467184823239
      vertex 1.1243627448436524 -0.2886872860991228 -0.08033281843633189
    endloop
  endfacet
  facet normal 0.9822872507286886 -0.18738131458572477 0
    outer loop
      vertex 1.1243627448436524 -0.2886872860991228 -0.3101467184823239
      vertex 1.1516789198253932 -0.14549088211102693 -0.3001467184823241
      vertex 1.1516789198253932 -0.14549088211102693 -0.07033281843633166
    endloop
  endfacet
  facet normal 0.9822872507286886 -0.18738131458572477 0
    outer loop
      vertex 1.1243627448436524 -0.2886872860991228 -0.3101467184823239
      vertex 1.1516789198253932 -0.14549088211102693 -0.07033281843633166
      vertex 1.1243627448436524 -0.2886872860991228 -0.08033281843633189
    endloop
  endfacet
  facet normal 0.9510565162951534 -0.30901699437494756 0
    outer loop
      vertex 1.0793146977139798 -0.427330919132011 -0.09033281843633212
      vertex 1.1243627448436524 -0.2886872860991228 -0.08033281843633189
      vertex 1.1243627448436524 -0.2886872860991228 -0.030256993051447356
    endloop
  endfacet
  facet normal 0.9510565162951535 -0.3090169943749475 0
    outer loop
      vertex 1.0793146977139798 -0.427330919132011 -0.04025699305144759
      vertex 1.1243627448436524 -0.2886872860991228 -0.030256993051447356
      vertex 1.1243627448436524 -0.2886872860991228 -0.00974300694855268
    endloop
  endfacet
  facet normal 0.9510565162951535 -0.30901699437494756 0
    outer loop
      vertex 1.0793146977139798 -0.427330919132011 -0.019743006948552466
      vertex 1.1243627448436524 -0.2886872860991228 -0.00974300694855268
      vertex 1.1243627448436524 -0.2886872860991228 0.04033281843633185
    endloop
  endfacet
  facet normal 0.9822872507286887 -0.18738131458572477 0
    outer loop
      vertex 1.1243627448436524 -0.2886872860991228 -0.08033281843633189
      vertex 1.1516789198253932 -0.14549088211102693 -0.02025699305144757
      vertex 1.1243627448436524 -0.2886872860991228 -0.030256993051447356
    endloop
  endfacet
  facet normal 0.9822872507286887 -0.18738131458572477 0
    outer loop
      vertex 1.1243627448436524 -0.2886872860991228 -0.030256993051447356
      vertex 1.1516789198253932 -0.14549088211102693 0.0002569930514475516
      vertex 1.1243627448436524 -0.2886872860991228 -0.00974300694855268
    endloop
  endfacet
  facet normal 0.9822872507286886 -0.18738131458572477 0
    outer loop
      vertex 1.1243627448436524 -0.2886872860991228 -0.08033281843633189
      vertex 1.1516789198253932 -0.14549088211102693 -0.07033281843633166
      vertex 1.1516789198253932 -0.14549088211102693 -0.02025699305144757
    endloop
  endfacet
  facet normal 0.9822872507286886 -0.18738131458572477 0
    outer loop
      vertex 1.1243627448436524 -0.2886872860991228 -0.030256993051447356
      vertex 1.1516789198253932 -0.14549088211102693 -0.02025699305144757
      vertex 1.1516789198253932 -0.14549088211102693 0.0002569930514475516
    endloop
  endfacet
  facet normal 0.9980267284282716 -0.06279051952931218 0
    outer loop
      vertex 1.1516789198253932 -0.14549088211102693 -0.3001467184823241
      vertex 1.1608324302618482 0 -0.06033281843633187
      vertex 1.1516789198253932 -0.14549088211102693 -0.07033281843633166
    endloop
  endfacet
  facet normal 0.9980267284282718 -0.0627905195293122 0
    outer loop
      vertex 1.1516789198253932 -0.14549088211102693 -0.3001467184823241
      vertex 1.1608324302618482 0 -0.2901467184823239
      vertex 1.1608324302618482 0 -0.06033281843633187
    endloop
  endfacet
  facet normal 0.9980267284282716 -0.0627905195293122 0
    outer loop
      vertex 1.1516789198253932 -0.14549088211102693 -0.07033281843633166
      vertex 1.1608324302618482 0 -0.010256993051447338
      vertex 1.1516789198253932 -0.14549088211102693 -0.02025699305144757
    endloop
  endfacet
  facet normal 0.9980267284282717 -0.0627905195293122 0
    outer loop
      vertex 1.1516789198253932 -0.14549088211102693 -0.02025699305144757
      vertex 1.1608324302618482 0 0.010256993051447338
      vertex 1.1516789198253932 -0.14549088211102693 0.0002569930514475516
    endloop
  endfacet
  facet normal 0.9980267284282717 -0.0627905195293122 0
    outer loop
      vertex 1.1516789198253932 -0.14549088211102693 -0.07033281843633166
      vertex 1.1608324302618482 0 -0.06033281843633187
      vertex 1.1608324302618482 0 -0.010256993051447338
    endloop
  endfacet
  facet normal 0.9980267284282716 -0.0627905195293122 0
    outer loop
      vertex 1.1516789198253932 -0.14549088211102693 -0.02025699305144757
      vertex 1.1608324302618482 0 -0.010256993051447338
      vertex 1.1608324302618482 0 0.010256993051447338
    endloop
  endfacet
  facet normal 0.9980267284282716 -0.06279051952931293 0
    outer loop
      vertex 1.4509830982480747 -0.1833017929374873 -1.545676497570252
      vertex 1.462515469557734 0 -1.5356764975702522
      vertex 1.462515469557734 0 -1.4643235024297478
    endloop
  endfacet
  facet normal 0.9980267284282717 -0.06279051952931294 0
    outer loop
      vertex 1.4509830982480747 -0.1833017929374873 -1.545676497570252
      vertex 1.462515469557734 0 -1.4643235024297478
      vertex 1.4509830982480747 -0.1833017929374873 -1.474323502429748
    endloop
  endfacet
  facet normal 0.9980267284282716 -0.06279051952931293 0
    outer loop
      vertex 1.4509830982480747 -0.1833017929374873 -1.045676497570252
      vertex 1.462515469557734 0 -1.0356764975702522
      vertex 1.462515469557734 0 -0.9643235024297478
    endloop
  endfacet
  facet normal 0.9980267284282717 -0.06279051952931294 0
    outer loop
      vertex 1.4509830982480747 -0.1833017929374873 -1.045676497570252
      vertex 1.462515469557734 0 -0.9643235024297478
      vertex 1.4509830982480747 -0.1833017929374873 -0.9743235024297481
    endloop
  endfacet
  facet normal 0.9980267284282716 -0.06279051952931293 0
    outer loop
      vertex 1.4509830982480747 -0.1833017929374873 -0.5456764975702519
      vertex 1.462515469557734 0 -0.5356764975702522
      vertex 1.462515469557734 0 -0.46432350242974785
    endloop
  endfacet
  facet normal 0.9980267284282717 -0.06279051952931294 0
    outer loop
      vertex 1.4509830982480747 -0.1833017929374873 -0.5456764975702519
      vertex 1.462515469557734 0 -0.46432350242974785
      vertex 1.4509830982480747 -0.1833017929374873 -0.4743235024297481
    endloop
  endfacet
  facet normal 0 -0.7078047818672456 -0.7064080908128536
    outer loop
      vertex -0.09183210615318839 -1.4596295293584427 0.10251546955773416
      vertex 0.09183210615318839 -1.4596295293584427 0.10251546955773416
      vertex 0.18133902040065816 -2.8823011917008485 1.5280000000000005
    endloop
  endfacet
  facet normal 0.08871146204369959 -0.7022235297511814 -0.7064080908128537
    outer loop
      vertex 0.09183210615318839 -1.4596295293584427 0.10251546955773416
      vertex 0.2740480712876868 -1.4366102997400436 0.10251546955773416
      vertex 0.5411572365235734 -2.836845580104453 1.5280000000000005
    endloop
  endfacet
  facet normal 0.1760238913373097 -0.6855677930829381 -0.7064080908128536
    outer loop
      vertex 0.8924410797548482 -2.7466512190604035 1.5280000000000005
      vertex 0.2740480712876868 -1.4366102997400436 0.10251546955773416
      vertex 0.45194213462959587 -1.3909348675053492 0.10251546955773416
    endloop
  endfacet
  facet normal 0.2605603187129559 -0.6581002427794282 -0.7064080908128533
    outer loop
      vertex 1.2296505940399294 -2.613140527521865 1.5280000000000005
      vertex 0.45194213462959587 -1.3909348675053492 0.10251546955773416
      vertex 0.6227088005312512 -1.3233235615058812 0.10251546955773416
    endloop
  endfacet
  facet normal 0.3409875542113085 -0.6202540585172573 -0.7064080908128535
    outer loop
      vertex 0.6227088005312512 -1.3233235615058812 0.10251546955773416
      vertex 0.7836549766603224 -1.2348426524262874 0.10251546955773416
      vertex 1.5474677838993411 -2.4384190488498203 1.5280000000000005
    endloop
  endfacet
  facet normal 0.4160372122836578 -0.5726260972304545 -0.7064080908128536
    outer loop
      vertex 0.7836549766603224 -1.2348426524262874 0.10251546955773416
      vertex 0.9322424456746695 -1.1268875370586855 0.10251546955773416
      vertex 1.8408804823942169 -2.225242245136479 1.5280000000000005
    endloop
  endfacet
  facet normal 0.08871146204369873 -0.7022235297511815 -0.7064080908128536
    outer loop
      vertex 0.09183210615318839 -1.4596295293584427 0.10251546955773416
      vertex 0.5411572365235734 -2.836845580104453 1.5280000000000005
      vertex 0.18133902040065816 -2.8823011917008485 1.5280000000000005
    endloop
  endfacet
  facet normal 0.17602389133731072 -0.6855677930829378 -0.7064080908128535
    outer loop
      vertex 0.5411572365235734 -2.836845580104453 1.5280000000000005
      vertex 0.2740480712876868 -1.4366102997400436 0.10251546955773416
      vertex 0.8924410797548482 -2.7466512190604035 1.5280000000000005
    endloop
  endfacet
  facet normal 0 -1 0
    outer loop
      vertex -0.18133902040065816 -2.8823011917008485 1.5280000000000005
      vertex 0.18133902040065816 -2.8823011917008485 1.5280000000000005
      vertex 0.18133902040065816 -2.8823011917008485 2.01
    endloop
  endfacet
  facet normal 0.12533323356430434 -0.9921147013144778 0
    outer loop
      vertex 0.18133902040065816 -2.8823011917008485 1.5280000000000005
      vertex 0.5411572365235734 -2.836845580104453 2.01
      vertex 0.18133902040065816 -2.8823011917008485 2.01
    endloop
  endfacet
  facet normal 0 0 1
    outer loop
      vertex 0.18133902040065816 -2.8823011917008485 2.01
      vertex 0.5411572365235734 -2.836845580104453 2.01
      vertex -0.5913510132174743 -1.02425 2.01
    endloop
  endfacet
  facet normal 0 0 1
    outer loop
      vertex 0.5411572365235734 -2.836845580104453 2.01
      vertex 0.8924410797548482 -2.7466512190604035 2.01
      vertex -0.5913510132174743 -1.02425 2.01
    endloop
  endfacet
  facet normal 0.12533323356430434 -0.9921147013144778 0
    outer loop
      vertex 0.18133902040065816 -2.8823011917008485 1.5280000000000005
      vertex 0.5411572365235734 -2.836845580104453 1.5280000000000005
      vertex 0.5411572365235734 -2.836845580104453 2.01
    endloop
  endfacet
  facet normal 0.24868988716485588 -0.9685831611286307 0
    outer loop
      vertex 0.5411572365235734 -2.836845580104453 1.5280000000000005
      vertex 0.8924410797548482 -2.7466512190604035 2.01
      vertex 0.5411572365235734 -2.836845580104453 2.01
    endloop
  endfacet
  facet normal 0 0 1
    outer loop
      vertex 0.8924410797548482 -2.7466512190604035 2.01
      vertex 0.5913510132174743 -1.02425 2.01
      vertex -0.5913510132174743 -1.02425 2.01
    endloop
  endfacet
  facet normal 0.26056031871295543 -0.6581002427794281 -0.7064080908128535
    outer loop
      vertex 0.8924410797548482 -2.7466512190604035 1.5280000000000005
      vertex 0.45194213462959587 -1.3909348675053492 0.10251546955773416
      vertex 1.2296505940399294 -2.613140527521865 1.5280000000000005
    endloop
  endfacet
  facet normal 0.24868988716485588 -0.9685831611286307 0
    outer loop
      vertex 0.5411572365235734 -2.836845580104453 1.5280000000000005
      vertex 0.8924410797548482 -2.7466512190604035 1.5280000000000005
      vertex 0.8924410797548482 -2.7466512190604035 2.01
    endloop
  endfacet
  facet normal 0.3681245526846773 -0.9297764858882516 0
    outer loop
      vertex 0.8924410797548482 -2.7466512190604035 1.5280000000000005
      vertex 1.2296505940399294 -2.613140527521865 2.01
      vertex 0.8924410797548482 -2.7466512190604035 2.01
    endloop
  endfacet
  facet normal 0.3681245526846773 -0.9297764858882516 0
    outer loop
      vertex 0.8924410797548482 -2.7466512190604035 1.5280000000000005
      vertex 1.2296505940399294 -2.613140527521865 1.5280000000000005
      vertex 1.2296505940399294 -2.613140527521865 2.01
    endloop
  endfacet
  facet normal 0.4817536741017155 -0.8763066800438636 0
    outer loop
      vertex 1.2296505940399294 -2.613140527521865 1.5280000000000005
      vertex 1.5474677838993411 -2.4384190488498203 2.01
      vertex 1.2296505940399294 -2.613140527521865 2.01
    endloop
  endfacet
  facet normal 0.4817536741017155 -0.8763066800438636 0
    outer loop
      vertex 1.2296505940399294 -2.613140527521865 1.5280000000000005
      vertex 1.5474677838993411 -2.4384190488498203 1.5280000000000005
      vertex 1.5474677838993411 -2.4384190488498203 2.01
    endloop
  endfacet
  facet normal 0.3409875542113089 -0.620254058517257 -0.7064080908128535
    outer loop
      vertex 1.2296505940399294 -2.613140527521865 1.5280000000000005
      vertex 0.6227088005312512 -1.3233235615058812 0.10251546955773416
      vertex 1.5474677838993411 -2.4384190488498203 1.5280000000000005
    endloop
  endfacet
  facet normal 0.4160372122836574 -0.5726260972304549 -0.7064080908128535
    outer loop
      vertex 0.7836549766603224 -1.2348426524262874 0.10251546955773416
      vertex 1.8408804823942169 -2.225242245136479 1.5280000000000005
      vertex 1.5474677838993411 -2.4384190488498203 1.5280000000000005
    endloop
  endfacet
  facet normal 0 0 1
    outer loop
      vertex 0.8924410797548482 -2.7466512190604035 2.01
      vertex 1.2296505940399294 -2.613140527521865 2.01
      vertex 0.5913510132174743 -1.02425 2.01
    endloop
  endfacet
  facet normal 0 0 -1
    outer loop
      vertex -0.09183210615318839 -1.4596295293584427 0.10251546955773416
      vertex 0.07288927138261733 -1.158541792627672 0.10251546955773416
      vertex 0.09183210615318839 -1.4596295293584427 0.10251546955773416
    endloop
  endfacet
  facet normal 0 -1 0
    outer loop
      vertex -0.07288927138261733 -1.158541792627672 0.07985328151767601
      vertex 0.07288927138261733 -1.158541792627672 0.08985328151767602
      vertex 0.07288927138261733 -1.158541792627672 0.10251546955773416
    endloop
  endfacet
  facet normal 0.268442942210594 -0.4696517123888226 0.8410503289503942
    outer loop
      vertex 0.09183210615318839 -1.4596295293584427 -0.08432350242974795
      vertex 0.21751830679620687 -1.140270896478613 0.05389385662812929
      vertex 0.07288927138261733 -1.158541792627672 0.08985328151767602
    endloop
  endfacet
  facet normal 0 0 -1
    outer loop
      vertex 0.09183210615318839 -1.4596295293584427 0.10251546955773416
      vertex 0.07288927138261733 -1.158541792627672 0.10251546955773416
      vertex 0.21751830679620687 -1.140270896478613 0.10251546955773416
    endloop
  endfacet
  facet normal 0.12533323356430448 -0.9921147013144779 0
    outer loop
      vertex 0.07288927138261733 -1.158541792627672 0.08985328151767602
      vertex 0.21751830679620687 -1.140270896478613 0.10251546955773416
      vertex 0.07288927138261733 -1.158541792627672 0.10251546955773416
    endloop
  endfacet
  facet normal 0.12533323356430448 -0.9921147013144778 0
    outer loop
      vertex 0.07288927138261733 -1.158541792627672 0.08985328151767602
      vertex 0.21751830679620687 -1.140270896478613 0.05389385662812929
      vertex 0.21751830679620687 -1.140270896478613 0.10251546955773416
    endloop
  endfacet
  facet normal 0 0 -1
    outer loop
      vertex 0.09183210615318839 -1.4596295293584427 0.10251546955773416
      vertex 0.21751830679620687 -1.140270896478613 0.10251546955773416
      vertex 0.2740480712876868 -1.4366102997400436 0.10251546955773416
    endloop
  endfacet
  facet normal 0.24868988716485416 -0.9685831611286312 0
    outer loop
      vertex 0.21751830679620687 -1.140270896478613 0.05389385662812929
      vertex 0.3587169485724821 -1.1040172471272702 0.10251546955773416
      vertex 0.21751830679620687 -1.140270896478613 0.10251546955773416
    endloop
  endfacet
  facet normal 0 0 -1
    outer loop
      vertex 0.2740480712876868 -1.4366102997400436 0.10251546955773416
      vertex 0.21751830679620687 -1.140270896478613 0.10251546955773416
      vertex 0.3587169485724821 -1.1040172471272702 0.10251546955773416
    endloop
  endfacet
  facet normal 0.24868988716485413 -0.9685831611286312 0
    outer loop
      vertex 0.3587169485724821 -1.1040172471272702 -0.03966718156366822
      vertex 0.3587169485724821 -1.1040172471272702 0.10251546955773416
      vertex 0.21751830679620687 -1.140270896478613 0.05389385662812929
    endloop
  endfacet
  facet normal 0 0 -1
    outer loop
      vertex 0.2740480712876868 -1.4366102997400436 0.10251546955773416
      vertex 0.3587169485724821 -1.1040172471272702 0.10251546955773416
      vertex 0.45194213462959587 -1.3909348675053492 0.10251546955773416
    endloop
  endfacet
  facet normal 0 0 -1
    outer loop
      vertex 0.3587169485724821 -1.1040172471272702 0.10251546955773416
      vertex 0.494258409782651 -1.0503525862807943 0.10251546955773416
      vertex 0.45194213462959587 -1.3909348675053492 0.10251546955773416
    endloop
  endfacet
  facet normal 0.3681245526846789 -0.929776485888251 0
    outer loop
      vertex 0.3587169485724821 -1.1040172471272702 -0.03966718156366822
      vertex 0.494258409782651 -1.0503525862807943 0.10251546955773416
      vertex 0.3587169485724821 -1.1040172471272702 0.10251546955773416
    endloop
  endfacet
  facet normal 0 0 -1
    outer loop
      vertex 0.45194213462959587 -1.3909348675053492 0.10251546955773416
      vertex 0.494258409782651 -1.0503525862807943 0.10251546955773416
      vertex 0.6227088005312512 -1.3233235615058812 0.10251546955773416
    endloop
  endfacet
  facet normal 0 0 -1
    outer loop
      vertex 0.6227088005312512 -1.3233235615058812 0.10251546955773416
      vertex 0.494258409782651 -1.0503525862807943 0.10251546955773416
      vertex 0.6220051206148853 -0.9801232376984492 0.10251546955773416
    endloop
  endfacet
  facet normal 0 0 -1
    outer loop
      vertex 0.6227088005312512 -1.3233235615058812 0.10251546955773416
      vertex 0.7399424391271752 -0.8944367601603567 0.10251546955773416
      vertex 0.7836549766603224 -1.2348426524262874 0.10251546955773416
    endloop
  endfacet
  facet normal 0.3681245526846789 -0.929776485888251 0
    outer loop
      vertex 0.3587169485724821 -1.1040172471272702 -0.03966718156366822
      vertex 0.494258409782651 -1.0503525862807943 -0.029667181563667988
      vertex 0.494258409782651 -1.0503525862807943 0.10251546955773416
    endloop
  endfacet
  facet normal 0.4817536741017139 -0.8763066800438644 0
    outer loop
      vertex 0.494258409782651 -1.0503525862807943 -0.029667181563667988
      vertex 0.6220051206148853 -0.9801232376984492 0.10251546955773416
      vertex 0.494258409782651 -1.0503525862807943 0.10251546955773416
    endloop
  endfacet
  facet normal 0.4817536741017139 -0.8763066800438645 0
    outer loop
      vertex 0.494258409782651 -1.0503525862807943 -0.029667181563667988
      vertex 0.6220051206148853 -0.9801232376984492 -0.0196671815636682
      vertex 0.6220051206148853 -0.9801232376984492 0.10251546955773416
    endloop
  endfacet
  facet normal 0 0 -1
    outer loop
      vertex 0.6227088005312512 -1.3233235615058812 0.10251546955773416
      vertex 0.6220051206148853 -0.9801232376984492 0.10251546955773416
      vertex 0.7399424391271752 -0.8944367601603567 0.10251546955773416
    endloop
  endfacet
  facet normal 0.5877852522924734 -0.8090169943749473 0
    outer loop
      vertex 0.6220051206148853 -0.9801232376984492 -0.0196671815636682
      vertex 0.7399424391271752 -0.8944367601603567 0.10251546955773416
      vertex 0.6220051206148853 -0.9801232376984492 0.10251546955773416
    endloop
  endfacet
  facet normal 0.5877852522924734 -0.8090169943749473 0
    outer loop
      vertex 0.6220051206148853 -0.9801232376984492 -0.0196671815636682
      vertex 0.7399424391271752 -0.8944367601603567 -0.009667181563668414
      vertex 0.7399424391271752 -0.8944367601603567 0.10251546955773416
    endloop
  endfacet
  facet normal 0 0 -1
    outer loop
      vertex 0.7836549766603224 -1.2348426524262874 0.10251546955773416
      vertex 0.7399424391271752 -0.8944367601603567 0.10251546955773416
      vertex 0.8462104233542411 -0.7946444806039143 0.10251546955773416
    endloop
  endfacet
  facet normal 0 0 -1
    outer loop
      vertex 0.7836549766603224 -1.2348426524262874 0.10251546955773416
      vertex 0.8462104233542411 -0.7946444806039143 0.10251546955773416
      vertex 0.9322424456746695 -1.1268875370586855 0.10251546955773416
    endloop
  endfacet
  facet normal 0.6845471059286887 -0.7289686274214114 0
    outer loop
      vertex 0.7399424391271752 -0.8944367601603567 -0.009667181563668414
      vertex 0.8462104233542411 -0.7946444806039143 0.10251546955773416
      vertex 0.7399424391271752 -0.8944367601603567 0.10251546955773416
    endloop
  endfacet
  facet normal 0.6845471059286887 -0.7289686274214116 0
    outer loop
      vertex 0.7399424391271752 -0.8944367601603567 -0.009667181563668414
      vertex 0.8462104233542411 -0.7946444806039143 0.0003328184363318165
      vertex 0.8462104233542411 -0.7946444806039143 0.10251546955773416
    endloop
  endfacet
  facet normal 0.7705132427757898 -0.6374239897486891 0
    outer loop
      vertex 0.8462104233542411 -0.7946444806039143 0.0003328184363318165
      vertex 0.9391331637034062 -0.6823201828907451 0.10251546955773416
      vertex 0.8462104233542411 -0.7946444806039143 0.10251546955773416
    endloop
  endfacet
  facet normal 0 0 -1
    outer loop
      vertex 0.9322424456746695 -1.1268875370586855 0.10251546955773416
      vertex 0.8462104233542411 -0.7946444806039143 0.10251546955773416
      vertex 0.9391331637034062 -0.6823201828907451 0.10251546955773416
    endloop
  endfacet
  facet normal 0 0 -1
    outer loop
      vertex 0.9322424456746695 -1.1268875370586855 0.10251546955773416
      vertex 0.9391331637034062 -0.6823201828907451 0.10251546955773416
      vertex 1.0172452130500098 -0.5592352882950686 0.10251546955773416
    endloop
  endfacet
  facet normal 0 0 -1
    outer loop
      vertex 0.9322424456746695 -1.1268875370586855 0.10251546955773416
      vertex 1.0172452130500098 -0.5592352882950686 0.10251546955773416
      vertex 1.0661278944260828 -1.0011607320616838 0.10251546955773416
    endloop
  endfacet
  facet normal 0.48452571498971003 -0.5159674803200773 -0.7064080908128535
    outer loop
      vertex 0.9322424456746695 -1.1268875370586855 0.10251546955773416
      vertex 1.0661278944260828 -1.0011607320616838 0.10251546955773416
      vertex 2.105261395993037 -1.9769720419220527 1.5280000000000005
    endloop
  endfacet
  facet normal 0.7705132427757898 -0.6374239897486892 0
    outer loop
      vertex 0.8462104233542411 -0.7946444806039143 0.0003328184363318165
      vertex 0.9391331637034062 -0.6823201828907451 0.010332818436331825
      vertex 0.9391331637034062 -0.6823201828907451 0.10251546955773416
    endloop
  endfacet
  facet normal 0.8443279255020153 -0.5358267949789962 0
    outer loop
      vertex 0.9391331637034062 -0.6823201828907451 0.010332818436331825
      vertex 1.0172452130500098 -0.5592352882950686 0.10251546955773416
      vertex 0.9391331637034062 -0.6823201828907451 0.10251546955773416
    endloop
  endfacet
  facet normal 0.8443279255020153 -0.5358267949789962 0
    outer loop
      vertex 0.9391331637034062 -0.6823201828907451 0.010332818436331825
      vertex 1.0172452130500098 -0.5592352882950686 0.020332818436331834
      vertex 1.0172452130500098 -0.5592352882950686 0.10251546955773416
    endloop
  endfacet
  facet normal 0 0 -1
    outer loop
      vertex 1.0661278944260828 -1.0011607320616838 0.10251546955773416
      vertex 1.0172452130500098 -0.5592352882950686 0.10251546955773416
      vertex 1.0793146977139798 -0.427330919132011 0.10251546955773416
    endloop
  endfacet
  facet normal 0.9048270524660187 -0.4257792915650743 0
    outer loop
      vertex 1.0172452130500098 -0.5592352882950686 -0.029743006948552697
      vertex 1.0793146977139798 -0.427330919132011 0.030332818436331843
      vertex 1.0172452130500098 -0.5592352882950686 0.020332818436331834
    endloop
  endfacet
  facet normal 0.9048270524660188 -0.4257792915650744 0
    outer loop
      vertex 1.0172452130500098 -0.5592352882950686 0.020332818436331834
      vertex 1.0793146977139798 -0.427330919132011 0.030332818436331843
      vertex 1.0793146977139798 -0.427330919132011 0.10251546955773416
    endloop
  endfacet
  facet normal 0.9048270524660187 -0.4257792915650744 0
    outer loop
      vertex 1.0172452130500098 -0.5592352882950686 0.020332818436331834
      vertex 1.0793146977139798 -0.427330919132011 0.10251546955773416
      vertex 1.0172452130500098 -0.5592352882950686 0.10251546955773416
    endloop
  endfacet
  facet normal 0 0 -1
    outer loop
      vertex 1.0661278944260828 -1.0011607320616838 0.10251546955773416
      vertex 1.1243627448436524 -0.2886872860991228 0.10251546955773416
      vertex 1.183199869408463 -0.8596450242556375 0.10251546955773416
    endloop
  endfacet
  facet normal 0 0 -1
    outer loop
      vertex 1.0661278944260828 -1.0011607320616838 0.10251546955773416
      vertex 1.0793146977139798 -0.427330919132011 0.10251546955773416
      vertex 1.1243627448436524 -0.2886872860991228 0.10251546955773416
    endloop
  endfacet
  facet normal 0.9510565162951535 -0.30901699437494756 0
    outer loop
      vertex 1.0793146977139798 -0.427330919132011 -0.019743006948552466
      vertex 1.1243627448436524 -0.2886872860991228 0.04033281843633185
      vertex 1.0793146977139798 -0.427330919132011 0.030332818436331843
    endloop
  endfacet
  facet normal 0.9510565162951535 -0.30901699437494756 0
    outer loop
      vertex 1.0793146977139798 -0.427330919132011 0.030332818436331843
      vertex 1.1243627448436524 -0.2886872860991228 0.10251546955773416
      vertex 1.0793146977139798 -0.427330919132011 0.10251546955773416
    endloop
  endfacet
  facet normal 0 0 -1
    outer loop
      vertex 1.183199869408463 -0.8596450242556375 0.10251546955773416
      vertex 1.1243627448436524 -0.2886872860991228 0.10251546955773416
      vertex 1.1516789198253932 -0.14549088211102693 0.10251546955773416
    endloop
  endfacet
  facet normal 0.9510565162951534 -0.3090169943749476 0
    outer loop
      vertex 1.0793146977139798 -0.427330919132011 0.030332818436331843
      vertex 1.1243627448436524 -0.2886872860991228 0.04033281843633185
      vertex 1.1243627448436524 -0.2886872860991228 0.10251546955773416
    endloop
  endfacet
  facet normal 0 0 -1
    outer loop
      vertex 1.183199869408463 -0.8596450242556375 0.10251546955773416
      vertex 1.1516789198253932 -0.14549088211102693 0.10251546955773416
      vertex 1.1608324302618482 0 0.10251546955773416
    endloop
  endfacet
  facet normal 0.9822872507286887 -0.18738131458572477 0
    outer loop
      vertex 1.1243627448436524 -0.2886872860991228 -0.00974300694855268
      vertex 1.1516789198253932 -0.14549088211102693 0.05033281843633186
      vertex 1.1243627448436524 -0.2886872860991228 0.04033281843633185
    endloop
  endfacet
  facet normal 0.9822872507286887 -0.1873813145857248 0
    outer loop
      vertex 1.1243627448436524 -0.2886872860991228 -0.00974300694855268
      vertex 1.1516789198253932 -0.14549088211102693 0.0002569930514475516
      vertex 1.1516789198253932 -0.14549088211102693 0.05033281843633186
    endloop
  endfacet
  facet normal 0.9822872507286886 -0.18738131458572477 0
    outer loop
      vertex 1.1243627448436524 -0.2886872860991228 0.04033281843633185
      vertex 1.1516789198253932 -0.14549088211102693 0.05033281843633186
      vertex 1.1516789198253932 -0.14549088211102693 0.10251546955773416
    endloop
  endfacet
  facet normal 0.9822872507286886 -0.18738131458572474 0
    outer loop
      vertex 1.1243627448436524 -0.2886872860991228 0.04033281843633185
      vertex 1.1516789198253932 -0.14549088211102693 0.10251546955773416
      vertex 1.1243627448436524 -0.2886872860991228 0.10251546955773416
    endloop
  endfacet
  facet normal 0 0 -1
    outer loop
      vertex 1.183199869408463 -0.8596450242556375 0.10251546955773416
      vertex 1.28161207564093 0.7045722008900338 0.10251546955773416
      vertex 1.28161207564093 -0.7045722008900338 0.10251546955773416
    endloop
  endfacet
  facet normal 0.9980267284282717 -0.0627905195293122 0
    outer loop
      vertex 1.1516789198253932 -0.14549088211102693 0.0002569930514475516
      vertex 1.1608324302618482 0 0.06033281843633187
      vertex 1.1516789198253932 -0.14549088211102693 0.05033281843633186
    endloop
  endfacet
  facet normal 0.9980267284282717 -0.0627905195293122 0
    outer loop
      vertex 1.1516789198253932 -0.14549088211102693 0.05033281843633186
      vertex 1.1608324302618482 0 0.10251546955773416
      vertex 1.1516789198253932 -0.14549088211102693 0.10251546955773416
    endloop
  endfacet
  facet normal 0.9980267284282717 -0.0627905195293122 0
    outer loop
      vertex 1.1516789198253932 -0.14549088211102693 0.0002569930514475516
      vertex 1.1608324302618482 0 0.010256993051447338
      vertex 1.1608324302618482 0 0.06033281843633187
    endloop
  endfacet
  facet normal 0.9980267284282717 -0.0627905195293122 0
    outer loop
      vertex 1.1516789198253932 -0.14549088211102693 0.05033281843633186
      vertex 1.1608324302618482 0 0.06033281843633187
      vertex 1.1608324302618482 0 0.10251546955773416
    endloop
  endfacet
  facet normal 0 0 -1
    outer loop
      vertex 1.28161207564093 -0.7045722008900338 0.10251546955773416
      vertex 1.3598124938425957 0.5383878530253632 0.10251546955773416
      vertex 1.3598124938425957 -0.5383878530253632 0.10251546955773416
    endloop
  endfacet
  facet normal 0 0 -1
    outer loop
      vertex 1.3598124938425957 -0.5383878530253632 0.10251546955773416
      vertex 1.4165678567037545 0.363712807101167 0.10251546955773416
      vertex 1.4165678567037545 -0.363712807101167 0.10251546955773416
    endloop
  endfacet
  facet normal 0 0 -1
    outer loop
      vertex 1.4165678567037545 -0.363712807101167 0.10251546955773416
      vertex 1.4509830982480747 0.1833017929374873 0.10251546955773416
      vertex 1.4509830982480747 -0.1833017929374873 0.10251546955773416
    endloop
  endfacet
  facet normal 0 1 0
    outer loop
      vertex 0.5913510132174743 -1.02425 0.8999999999999999
      vertex -0.5913510132174743 -1.02425 2.01
      vertex 0.5913510132174743 -1.02425 2.01
    endloop
  endfacet
  facet normal 0 0 1
    outer loop
      vertex 1.2296505940399294 -2.613140527521865 2.01
      vertex 1.1827020264349486 0 2.01
      vertex 0.5913510132174743 -1.02425 2.01
    endloop
  endfacet
  facet normal 0 0 1
    outer loop
      vertex 1.2296505940399294 -2.613140527521865 2.01
      vertex 1.5474677838993411 -2.4384190488498203 2.01
      vertex 1.2296505940399294 2.613140527521865 2.01
    endloop
  endfacet
  facet normal -0.8660254037844387 0.5 0
    outer loop
      vertex 0.5913510132174743 -1.02425 0.8999999999999999
      vertex 0.5913510132174743 -1.02425 2.01
      vertex 1.1827020264349486 0 0.8999999999999999
    endloop
  endfacet
  facet normal -0.8660254037844387 0.5 0
    outer loop
      vertex 1.1827020264349486 0 0.8999999999999999
      vertex 0.5913510132174743 -1.02425 2.01
      vertex 1.1827020264349486 0 2.01
    endloop
  endfacet
  facet normal 0.5877852522924726 -0.8090169943749478 0
    outer loop
      vertex 1.5474677838993411 -2.4384190488498203 1.5280000000000005
      vertex 1.8408804823942169 -2.225242245136479 1.5280000000000005
      vertex 1.8408804823942169 -2.225242245136479 2.01
    endloop
  endfacet
  facet normal 0.5877852522924726 -0.8090169943749478 0
    outer loop
      vertex 1.5474677838993411 -2.4384190488498203 1.5280000000000005
      vertex 1.8408804823942169 -2.225242245136479 2.01
      vertex 1.5474677838993411 -2.4384190488498203 2.01
    endloop
  endfacet
  facet normal 0.48452571498971003 -0.5159674803200773 -0.7064080908128536
    outer loop
      vertex 0.9322424456746695 -1.1268875370586855 0.10251546955773416
      vertex 2.105261395993037 -1.9769720419220527 1.5280000000000005
      vertex 1.8408804823942169 -2.225242245136479 1.5280000000000005
    endloop
  endfacet
  facet normal 0.5453729577287414 -0.4511717480210212 -0.7064080908128534
    outer loop
      vertex 1.0661278944260828 -1.0011607320616838 0.10251546955773416
      vertex 2.3364410797548487 -1.6975238086206625 1.5280000000000005
      vertex 2.105261395993037 -1.9769720419220527 1.5280000000000005
    endloop
  endfacet
  facet normal 0.6845471059286888 -0.7289686274214114 0
    outer loop
      vertex 1.8408804823942169 -2.225242245136479 1.5280000000000005
      vertex 2.105261395993037 -1.9769720419220527 1.5280000000000005
      vertex 2.105261395993037 -1.9769720419220527 2.01
    endloop
  endfacet
  facet normal 0.6845471059286888 -0.7289686274214114 0
    outer loop
      vertex 1.8408804823942169 -2.225242245136479 1.5280000000000005
      vertex 2.105261395993037 -1.9769720419220527 2.01
      vertex 1.8408804823942169 -2.225242245136479 2.01
    endloop
  endfacet
  facet normal 0.7705132427757889 -0.6374239897486902 0
    outer loop
      vertex 2.105261395993037 -1.9769720419220527 1.5280000000000005
      vertex 2.3364410797548487 -1.6975238086206625 2.01
      vertex 2.105261395993037 -1.9769720419220527 2.01
    endloop
  endfacet
  facet normal 0.7705132427757889 -0.6374239897486902 0
    outer loop
      vertex 2.105261395993037 -1.9769720419220527 1.5280000000000005
      vertex 2.3364410797548487 -1.6975238086206625 1.5280000000000005
      vertex 2.3364410797548487 -1.6975238086206625 2.01
    endloop
  endfacet
  facet normal 0.8443279255020156 -0.535826794978996 0
    outer loop
      vertex 2.3364410797548487 -1.6975238086206625 1.5280000000000005
      vertex 2.530773691966678 -1.391304610805754 1.5280000000000005
      vertex 2.530773691966678 -1.391304610805754 2.01
    endloop
  endfacet
  facet normal 0.8443279255020156 -0.535826794978996 0
    outer loop
      vertex 2.3364410797548487 -1.6975238086206625 1.5280000000000005
      vertex 2.530773691966678 -1.391304610805754 2.01
      vertex 2.3364410797548487 -1.6975238086206625 2.01
    endloop
  endfacet
  facet normal 0.5453729577287417 -0.45117174802102056 -0.7064080908128536
    outer loop
      vertex 1.0661278944260828 -1.0011607320616838 0.10251546955773416
      vertex 1.183199869408463 -0.8596450242556375 0.10251546955773416
      vertex 2.3364410797548487 -1.6975238086206625 1.5280000000000005
    endloop
  endfacet
  facet normal 0.597619343134378 -0.3792607677387337 -0.7064080908128537
    outer loop
      vertex 1.183199869408463 -0.8596450242556375 0.10251546955773416
      vertex 1.28161207564093 -0.7045722008900338 0.10251546955773416
      vertex 2.530773691966678 -1.391304610805754 1.5280000000000005
    endloop
  endfacet
  facet normal 0.6404409144982933 -0.30136861858980757 -0.7064080908128535
    outer loop
      vertex 1.28161207564093 -0.7045722008900338 0.10251546955773416
      vertex 1.3598124938425957 -0.5383878530253632 0.10251546955773416
      vertex 2.68519449124527 -1.0631437081533512 1.5280000000000005
    endloop
  endfacet
  facet normal 0.6731623500597139 -0.21872370629683155 -0.7064080908128536
    outer loop
      vertex 1.3598124938425957 -0.5383878530253632 0.10251546955773416
      vertex 1.4165678567037545 -0.363712807101167 0.10251546955773416
      vertex 2.797268169339487 -0.7182163941320997 1.5280000000000005
    endloop
  endfacet
  facet normal 0.695267613232996 -0.13262939049634637 -0.7064080908128536
    outer loop
      vertex 1.4165678567037545 -0.363712807101167 0.10251546955773416
      vertex 1.4509830982480747 -0.1833017929374873 0.10251546955773416
      vertex 2.8652272573962123 -0.36196237853371016 1.5280000000000005
    endloop
  endfacet
  facet normal 0.7064080908128537 -0.04444342997877637 -0.7064080908128537
    outer loop
      vertex 1.4509830982480747 -0.1833017929374873 0.10251546955773416
      vertex 1.462515469557734 0 0.10251546955773416
      vertex 2.8880000000000003 0 1.5280000000000005
    endloop
  endfacet
  facet normal 0.5976193431343781 -0.3792607677387336 -0.7064080908128536
    outer loop
      vertex 1.183199869408463 -0.8596450242556375 0.10251546955773416
      vertex 2.530773691966678 -1.391304610805754 1.5280000000000005
      vertex 2.3364410797548487 -1.6975238086206625 1.5280000000000005
    endloop
  endfacet
  facet normal 0.6404409144982935 -0.301368618589807 -0.7064080908128536
    outer loop
      vertex 1.28161207564093 -0.7045722008900338 0.10251546955773416
      vertex 2.68519449124527 -1.0631437081533512 1.5280000000000005
      vertex 2.530773691966678 -1.391304610805754 1.5280000000000005
    endloop
  endfacet
  facet normal 0 0 1
    outer loop
      vertex 1.5474677838993411 -2.4384190488498203 2.01
      vertex 1.8408804823942169 -2.225242245136479 2.01
      vertex 1.5474677838993411 2.4384190488498203 2.01
    endloop
  endfacet
  facet normal 0 0 1
    outer loop
      vertex 1.8408804823942169 -2.225242245136479 2.01
      vertex 2.105261395993037 -1.9769720419220527 2.01
      vertex 1.8408804823942169 2.225242245136479 2.01
    endloop
  endfacet
  facet normal 0.6731623500597138 -0.21872370629683144 -0.7064080908128535
    outer loop
      vertex 1.3598124938425957 -0.5383878530253632 0.10251546955773416
      vertex 2.797268169339487 -0.7182163941320997 1.5280000000000005
      vertex 2.68519449124527 -1.0631437081533512 1.5280000000000005
    endloop
  endfacet
  facet normal 0.9048270524660192 -0.42577929156507305 0
    outer loop
      vertex 2.530773691966678 -1.391304610805754 1.5280000000000005
      vertex 2.68519449124527 -1.0631437081533512 1.5280000000000005
      vertex 2.68519449124527 -1.0631437081533512 2.01
    endloop
  endfacet
  facet normal 0.9048270524660192 -0.42577929156507305 0
    outer loop
      vertex 2.530773691966678 -1.391304610805754 1.5280000000000005
      vertex 2.68519449124527 -1.0631437081533512 2.01
      vertex 2.530773691966678 -1.391304610805754 2.01
    endloop
  endfacet
  facet normal 0.9510565162951535 -0.30901699437494734 0
    outer loop
      vertex 2.68519449124527 -1.0631437081533512 1.5280000000000005
      vertex 2.797268169339487 -0.7182163941320997 1.5280000000000005
      vertex 2.797268169339487 -0.7182163941320997 2.01
    endloop
  endfacet
  facet normal 0.9510565162951535 -0.30901699437494734 0
    outer loop
      vertex 2.68519449124527 -1.0631437081533512 1.5280000000000005
      vertex 2.797268169339487 -0.7182163941320997 2.01
      vertex 2.68519449124527 -1.0631437081533512 2.01
    endloop
  endfacet
  facet normal 0.695267613232996 -0.13262939049634614 -0.7064080908128537
    outer loop
      vertex 1.4165678567037545 -0.363712807101167 0.10251546955773416
      vertex 2.8652272573962123 -0.36196237853371016 1.5280000000000005
      vertex 2.797268169339487 -0.7182163941320997 1.5280000000000005
    endloop
  endfacet
  facet normal 0.7064080908128535 -0.044443429978776955 -0.7064080908128535
    outer loop
      vertex 1.4509830982480747 -0.1833017929374873 0.10251546955773416
      vertex 2.8880000000000003 0 1.5280000000000005
      vertex 2.8652272573962123 -0.36196237853371016 1.5280000000000005
    endloop
  endfacet
  facet normal 0 0 1
    outer loop
      vertex 2.105261395993037 -1.9769720419220527 2.01
      vertex 2.3364410797548487 -1.6975238086206625 2.01
      vertex 2.105261395993037 1.9769720419220527 2.01
    endloop
  endfacet
  facet normal 0 0 1
    outer loop
      vertex 2.3364410797548487 -1.6975238086206625 2.01
      vertex 2.530773691966678 -1.391304610805754 2.01
      vertex 2.3364410797548487 1.6975238086206625 2.01
    endloop
  endfacet
  facet normal 0.9822872507286888 -0.18738131458572438 0
    outer loop
      vertex 2.797268169339487 -0.7182163941320997 1.5280000000000005
      vertex 2.8652272573962123 -0.36196237853371016 1.5280000000000005
      vertex 2.8652272573962123 -0.36196237853371016 2.01
    endloop
  endfacet
  facet normal 0.9822872507286888 -0.18738131458572438 0
    outer loop
      vertex 2.797268169339487 -0.7182163941320997 1.5280000000000005
      vertex 2.8652272573962123 -0.36196237853371016 2.01
      vertex 2.797268169339487 -0.7182163941320997 2.01
    endloop
  endfacet
  facet normal 0.9980267284282716 -0.06279051952931348 0
    outer loop
      vertex 2.8652272573962123 -0.36196237853371016 1.5280000000000005
      vertex 2.8880000000000003 0 1.5280000000000005
      vertex 2.8880000000000003 0 2.01
    endloop
  endfacet
  facet normal 0 0 1
    outer loop
      vertex 2.530773691966678 -1.391304610805754 2.01
      vertex 2.68519449124527 -1.0631437081533512 2.01
      vertex 2.530773691966678 1.391304610805754 2.01
    endloop
  endfacet
  facet normal 0.9980267284282716 -0.06279051952931348 0
    outer loop
      vertex 2.8652272573962123 -0.36196237853371016 1.5280000000000005
      vertex 2.8880000000000003 0 2.01
      vertex 2.8652272573962123 -0.36196237853371016 2.01
    endloop
  endfacet
  facet normal 0 0 1
    outer loop
      vertex 2.68519449124527 -1.0631437081533512 2.01
      vertex 2.797268169339487 -0.7182163941320997 2.01
      vertex 2.68519449124527 1.0631437081533512 2.01
    endloop
  endfacet
  facet normal 0 0 1
    outer loop
      vertex 2.797268169339487 -0.7182163941320997 2.01
      vertex 2.8652272573962123 -0.36196237853371016 2.01
      vertex 2.797268169339487 0.7182163941320997 2.01
    endloop
  endfacet
  facet normal 0 0 -1
    outer loop
      vertex -0.06074105948551399 0.9654514938563934 -2
      vertex 0.06074105948551399 0.9654514938563934 -2
      vertex 0 0 -2
    endloop
  endfacet
  facet normal 0 0 -1
    outer loop
      vertex 0 0 -2
      vertex 0.06074105948551399 0.9654514938563934 -2
      vertex 0.18126525566350546 0.9502257470655111 -2
    endloop
  endfacet
  facet normal 0 0 -1
    outer loop
      vertex 0 0 -2
      vertex 0.18126525566350546 0.9502257470655111 -2
      vertex 0.2989307904770684 0.9200143726060586 -2
    endloop
  endfacet
  facet normal 0 0 -1
    outer loop
      vertex 0 0 -2
      vertex 0.2989307904770684 0.9200143726060586 -2
      vertex 0.41188200815220954 0.8752938219006619 -2
    endloop
  endfacet
  facet normal 0 0 -1
    outer loop
      vertex 0 0 -2
      vertex 0.41188200815220954 0.8752938219006619 -2
      vertex 0.518337600512405 0.8167693647487073 -2
    endloop
  endfacet
  facet normal 0 0 -1
    outer loop
      vertex 0 0 -2
      vertex 0.9597324331878276 0.12124240175918932 -2
      vertex 0.9673603585515402 0 -2
    endloop
  endfacet
  facet normal 0 0 -1
    outer loop
      vertex 0 0 -2
      vertex 0.9369689540363768 0.24057273841593602 -2
      vertex 0.9597324331878276 0.12124240175918932 -2
    endloop
  endfacet
  facet normal 0 0 -1
    outer loop
      vertex 0 0 -2
      vertex 0.8994289147616499 0.35610909927667544 -2
      vertex 0.9369689540363768 0.24057273841593602 -2
    endloop
  endfacet
  facet normal 0 0 -1
    outer loop
      vertex 0 0 -2
      vertex 0.8477043442083417 0.46602940691255723 -2
      vertex 0.8994289147616499 0.35610909927667544 -2
    endloop
  endfacet
  facet normal 0 0 -1
    outer loop
      vertex 0 0 -2
      vertex 0.7826109697528385 0.5686001524089543 -2
      vertex 0.8477043442083417 0.46602940691255723 -2
    endloop
  endfacet
  facet normal 0 0 -1
    outer loop
      vertex 0 0 -2
      vertex 0.518337600512405 0.8167693647487073 -2
      vertex 0.6166186992726458 0.7453639668002973 -2
    endloop
  endfacet
  facet normal 0 0 -1
    outer loop
      vertex 0 0 -2
      vertex 0.6166186992726458 0.7453639668002973 -2
      vertex 0.7051753527952008 0.6622037338365954 -2
    endloop
  endfacet
  facet normal 0 0 -1
    outer loop
      vertex 0 0 -2
      vertex 0.7051753527952008 0.6622037338365954 -2
      vertex 0.7826109697528385 0.5686001524089543 -2
    endloop
  endfacet
  facet normal 0 0.7078047818672454 -0.7064080908128538
    outer loop
      vertex -0.06074105948551399 0.9654514938563934 -2
      vertex 0.07288927138261678 1.158541792627672 -1.8065279282896922
      vertex 0.06074105948551399 0.9654514938563934 -2
    endloop
  endfacet
  facet normal 0.08871146204369784 0.7022235297511814 -0.7064080908128538
    outer loop
      vertex 0.06074105948551399 0.9654514938563934 -2
      vertex 0.07288927138261678 1.158541792627672 -1.8065279282896922
      vertex 0.18126525566350546 0.9502257470655111 -2
    endloop
  endfacet
  facet normal 0.1760238913373103 0.6855677930829375 -0.7064080908128538
    outer loop
      vertex 0.18126525566350546 0.9502257470655111 -2
      vertex 0.21751830679620654 1.1402708964786132 -1.8065279282896922
      vertex 0.2989307904770684 0.9200143726060586 -2
    endloop
  endfacet
  facet normal 0.17602389133731006 0.6855677930829376 -0.706408090812854
    outer loop
      vertex 0.2989307904770684 0.9200143726060586 -2
      vertex 0.21751830679620654 1.1402708964786132 -1.8065279282896922
      vertex 0.3587169485724821 1.1040172471272702 -1.8065279282896922
    endloop
  endfacet
  facet normal 0.08871146204369784 0.7022235297511813 -0.7064080908128539
    outer loop
      vertex 0.18126525566350546 0.9502257470655111 -2
      vertex 0.07288927138261678 1.158541792627672 -1.8065279282896922
      vertex 0.21751830679620654 1.1402708964786132 -1.8065279282896922
    endloop
  endfacet
  facet normal 0 1 0
    outer loop
      vertex -0.07288927138261678 1.158541792627672 -1.5798532815176758
      vertex 0.07288927138261678 1.158541792627672 -1.589853281517676
      vertex 0.07288927138261678 1.158541792627672 -1.8065279282896922
    endloop
  endfacet
  facet normal 0.1253332335643028 0.992114701314478 0
    outer loop
      vertex 0.07288927138261678 1.158541792627672 -1.8065279282896922
      vertex 0.07288927138261678 1.158541792627672 -1.589853281517676
      vertex 0.21751830679620654 1.1402708964786132 -1.8065279282896922
    endloop
  endfacet
  facet normal 0.1253332335643028 0.992114701314478 0
    outer loop
      vertex 0.21751830679620654 1.1402708964786132 -1.8065279282896922
      vertex 0.07288927138261678 1.158541792627672 -1.589853281517676
      vertex 0.21751830679620654 1.1402708964786132 -1.5998532815176763
    endloop
  endfacet
  facet normal 0.0033822688882164122 0.5005785796160176 -0.8656844955795259
    outer loop
      vertex 0.07288927138261678 1.158541792627672 -1.589853281517676
      vertex 0.09183210615318768 1.4596295293584427 -1.415676497570252
      vertex 0.21751830679620654 1.1402708964786132 -1.5998532815176763
    endloop
  endfacet
  facet normal 0.24868988716485507 0.9685831611286311 0
    outer loop
      vertex 0.21751830679620654 1.1402708964786132 -1.8065279282896922
      vertex 0.21751830679620654 1.1402708964786132 -1.5998532815176763
      vertex 0.3587169485724821 1.1040172471272702 -1.8065279282896922
    endloop
  endfacet
  facet normal 0.24868988716485504 0.9685831611286311 0
    outer loop
      vertex 0.3587169485724821 1.1040172471272702 -1.8065279282896922
      vertex 0.21751830679620654 1.1402708964786132 -1.5998532815176763
      vertex 0.3587169485724821 1.1040172471272702 -1.609853281517676
    endloop
  endfacet
  facet normal 0.06609473072410389 0.49620745730362725 -0.8656844955795254
    outer loop
      vertex 0.21751830679620654 1.1402708964786132 -1.5998532815176763
      vertex 0.27404807128768643 1.4366102997400438 -1.4256764975702518
      vertex 0.3587169485724821 1.1040172471272702 -1.609853281517676
    endloop
  endfacet
  facet normal 0.2605603187129561 0.6581002427794272 -0.7064080908128542
    outer loop
      vertex 0.2989307904770684 0.9200143726060586 -2
      vertex 0.4942584097826514 1.0503525862807943 -1.8065279282896922
      vertex 0.41188200815220954 0.8752938219006619 -2
    endloop
  endfacet
  facet normal 0.3409875542113084 0.6202540585172567 -0.7064080908128542
    outer loop
      vertex 0.41188200815220954 0.8752938219006619 -2
      vertex 0.4942584097826514 1.0503525862807943 -1.8065279282896922
      vertex 0.518337600512405 0.8167693647487073 -2
    endloop
  endfacet
  facet normal 0.2605603187129557 0.6581002427794276 -0.706408090812854
    outer loop
      vertex 0.2989307904770684 0.9200143726060586 -2
      vertex 0.3587169485724821 1.1040172471272702 -1.8065279282896922
      vertex 0.4942584097826514 1.0503525862807943 -1.8065279282896922
    endloop
  endfacet
  facet normal 0.41603721228365825 0.5726260972304538 -0.7064080908128537
    outer loop
      vertex 0.518337600512405 0.8167693647487073 -2
      vertex 0.6220051206148858 0.9801232376984488 -1.8065279282896922
      vertex 0.6166186992726458 0.7453639668002973 -2
    endloop
  endfacet
  facet normal 0.48452571498970914 0.5159674803200777 -0.7064080908128539
    outer loop
      vertex 0.7051753527952008 0.6622037338365954 -2
      vertex 0.6166186992726458 0.7453639668002973 -2
      vertex 0.739942439127175 0.8944367601603567 -1.8065279282896922
    endloop
  endfacet
  facet normal 0.41603721228365803 0.5726260972304539 -0.706408090812854
    outer loop
      vertex 0.6166186992726458 0.7453639668002973 -2
      vertex 0.6220051206148858 0.9801232376984488 -1.8065279282896922
      vertex 0.739942439127175 0.8944367601603567 -1.8065279282896922
    endloop
  endfacet
  facet normal 0.3409875542113091 0.6202540585172566 -0.7064080908128539
    outer loop
      vertex 0.518337600512405 0.8167693647487073 -2
      vertex 0.4942584097826514 1.0503525862807943 -1.8065279282896922
      vertex 0.6220051206148858 0.9801232376984488 -1.8065279282896922
    endloop
  endfacet
  facet normal 0.3681245526846781 0.9297764858882515 0
    outer loop
      vertex 0.3587169485724821 1.1040172471272702 -1.609853281517676
      vertex 0.4942584097826514 1.0503525862807943 -1.6198532815176758
      vertex 0.4942584097826514 1.0503525862807943 -1.8065279282896922
    endloop
  endfacet
  facet normal 0.481753674101716 0.8763066800438631 0
    outer loop
      vertex 0.4942584097826514 1.0503525862807943 -1.8065279282896922
      vertex 0.4942584097826514 1.0503525862807943 -1.6198532815176758
      vertex 0.6220051206148858 0.9801232376984488 -1.8065279282896922
    endloop
  endfacet
  facet normal 0.481753674101716 0.8763066800438631 0
    outer loop
      vertex 0.6220051206148858 0.9801232376984488 -1.8065279282896922
      vertex 0.4942584097826514 1.0503525862807943 -1.6198532815176758
      vertex 0.6220051206148858 0.9801232376984488 -1.629853281517676
    endloop
  endfacet
  facet normal 0.5877852522924735 0.8090169943749471 0
    outer loop
      vertex 0.6220051206148858 0.9801232376984488 -1.8065279282896922
      vertex 0.6220051206148858 0.9801232376984488 -1.629853281517676
      vertex 0.739942439127175 0.8944367601603567 -1.8065279282896922
    endloop
  endfacet
  facet normal 0.5877852522924735 0.8090169943749471 0
    outer loop
      vertex 0.6220051206148858 0.9801232376984488 -1.629853281517676
      vertex 0.739942439127175 0.8944367601603567 -1.6398532815176763
      vertex 0.739942439127175 0.8944367601603567 -1.8065279282896922
    endloop
  endfacet
  facet normal 0.24411947472708398 0.4370309327406866 -0.865684495579526
    outer loop
      vertex 0.6220051206148858 0.9801232376984488 -1.629853281517676
      vertex 0.783654976660323 1.234842652426287 -1.455676497570252
      vertex 0.739942439127175 0.8944367601603567 -1.6398532815176763
    endloop
  endfacet
  facet normal 0.36812455268467803 0.9297764858882513 0
    outer loop
      vertex 0.3587169485724821 1.1040172471272702 -1.8065279282896922
      vertex 0.3587169485724821 1.1040172471272702 -1.609853281517676
      vertex 0.4942584097826514 1.0503525862807943 -1.8065279282896922
    endloop
  endfacet
  facet normal 0.12776483917338977 0.4840108469695899 -0.8656844955795258
    outer loop
      vertex 0.3587169485724821 1.1040172471272702 -1.609853281517676
      vertex 0.45194213462959587 1.3909348675053492 -1.435676497570252
      vertex 0.4942584097826514 1.0503525862807943 -1.6198532815176758
    endloop
  endfacet
  facet normal 0.14124009225386894 0.4844257260044639 -0.8633556349067091
    outer loop
      vertex 0.4942584097826514 1.0503525862807943 -1.6198532815176758
      vertex 0.45194213462959587 1.3909348675053492 -1.435676497570252
      vertex 0.6227088005312517 1.323323561505881 -1.4456764975702519
    endloop
  endfacet
  facet normal 0.18742001978589418 0.4641810964447789 -0.8656844955795258
    outer loop
      vertex 0.4942584097826514 1.0503525862807943 -1.6198532815176758
      vertex 0.6227088005312517 1.323323561505881 -1.4456764975702519
      vertex 0.6220051206148858 0.9801232376984488 -1.629853281517676
    endloop
  endfacet
  facet normal 0.2008410146019497 0.4629038069928706 -0.863355634906709
    outer loop
      vertex 0.6220051206148858 0.9801232376984488 -1.629853281517676
      vertex 0.6227088005312517 1.323323561505881 -1.4456764975702519
      vertex 0.783654976660323 1.234842652426287 -1.455676497570252
    endloop
  endfacet
  facet normal -0.047007287052011064 0.5024015949803933 -0.8633556349067091
    outer loop
      vertex -0.09183210615318768 1.4596295293584427 -1.4056764975702518
      vertex 0.09183210615318768 1.4596295293584427 -1.415676497570252
      vertex 0.07288927138261678 1.158541792627672 -1.589853281517676
    endloop
  endfacet
  facet normal 0.10960423699996412 0.4925484330565764 0.8633556349067092
    outer loop
      vertex 0.27404807128768643 1.4366102997400438 -1.354323502429748
      vertex 0.09183210615318768 1.4596295293584427 -1.3443235024297482
      vertex 0.07288927138261678 1.158541792627672 -1.1701467184823242
    endloop
  endfacet
  facet normal 0.01633099589354881 0.504331583631205 -0.8633556349067085
    outer loop
      vertex 0.21751830679620654 1.1402708964786132 -1.5998532815176763
      vertex 0.09183210615318768 1.4596295293584427 -1.415676497570252
      vertex 0.27404807128768643 1.4366102997400438 -1.4256764975702518
    endloop
  endfacet
  facet normal 0.24868988716485532 0.9685831611286311 0
    outer loop
      vertex 0.27404807128768643 1.4366102997400438 -1.4256764975702518
      vertex 0.27404807128768643 1.4366102997400438 -1.354323502429748
      vertex 0.45194213462959587 1.3909348675053492 -1.435676497570252
    endloop
  endfacet
  facet normal 0.1704726626560351 0.47492748810928503 0.8633556349067089
    outer loop
      vertex 0.27404807128768643 1.4366102997400438 -1.354323502429748
      vertex 0.21751830679620654 1.1402708964786132 -1.180146718482324
      vertex 0.45194213462959587 1.3909348675053492 -1.3643235024297482
    endloop
  endfacet
  facet normal 0.05938353334850328 0.49705527869671506 0.8656844955795259
    outer loop
      vertex -0.07288927138261678 1.158541792627672 -1.160146718482324
      vertex 0.07288927138261678 1.158541792627672 -1.1701467184823242
      vertex 0.09183210615318768 1.4596295293584427 -1.3443235024297482
    endloop
  endfacet
  facet normal 0.12533323356430276 0.992114701314478 0
    outer loop
      vertex 0.07288927138261678 1.158541792627672 -1.1701467184823242
      vertex 0.07288927138261678 1.158541792627672 -1.089853281517676
      vertex 0.21751830679620654 1.1402708964786132 -1.180146718482324
    endloop
  endfacet
  facet normal 0.12533323356430282 0.992114701314478 0
    outer loop
      vertex 0.07288927138261678 1.158541792627672 -1.089853281517676
      vertex 0.21751830679620654 1.1402708964786132 -1.0998532815176763
      vertex 0.21751830679620654 1.1402708964786132 -1.180146718482324
    endloop
  endfacet
  facet normal 0 1 0
    outer loop
      vertex -0.07288927138261678 1.158541792627672 -1.0798532815176758
      vertex 0.07288927138261678 1.158541792627672 -1.089853281517676
      vertex 0.07288927138261678 1.158541792627672 -1.1701467184823242
    endloop
  endfacet
  facet normal 0.0033822688882164122 0.5005785796160176 -0.8656844955795259
    outer loop
      vertex 0.07288927138261678 1.158541792627672 -1.089853281517676
      vertex 0.09183210615318768 1.4596295293584427 -0.915676497570252
      vertex 0.21751830679620654 1.1402708964786132 -1.0998532815176763
    endloop
  endfacet
  facet normal 0.24868988716485504 0.9685831611286311 0
    outer loop
      vertex 0.21751830679620654 1.1402708964786132 -1.180146718482324
      vertex 0.21751830679620654 1.1402708964786132 -1.0998532815176763
      vertex 0.3587169485724821 1.1040172471272702 -1.1901467184823238
    endloop
  endfacet
  facet normal 0.12121282179031098 0.48569311910593527 0.8656844955795259
    outer loop
      vertex 0.27404807128768643 1.4366102997400438 -1.354323502429748
      vertex 0.07288927138261678 1.158541792627672 -1.1701467184823242
      vertex 0.21751830679620654 1.1402708964786132 -1.180146718482324
    endloop
  endfacet
  facet normal 0.24868988716485504 0.9685831611286311 0
    outer loop
      vertex 0.3587169485724821 1.1040172471272702 -1.1901467184823238
      vertex 0.21751830679620654 1.1402708964786132 -1.0998532815176763
      vertex 0.3587169485724821 1.1040172471272702 -1.109853281517676
    endloop
  endfacet
  facet normal 0.18113051162346003 0.46667128888784926 0.8656844955795252
    outer loop
      vertex 0.21751830679620654 1.1402708964786132 -1.180146718482324
      vertex 0.3587169485724821 1.1040172471272702 -1.1901467184823238
      vertex 0.45194213462959587 1.3909348675053492 -1.3643235024297482
    endloop
  endfacet
  facet normal 0.06609473072410389 0.49620745730362725 -0.8656844955795254
    outer loop
      vertex 0.21751830679620654 1.1402708964786132 -1.0998532815176763
      vertex 0.27404807128768643 1.4366102997400438 -0.9256764975702518
      vertex 0.3587169485724821 1.1040172471272702 -1.109853281517676
    endloop
  endfacet
  facet normal 0.3681245526846781 0.9297764858882513 0
    outer loop
      vertex 0.3587169485724821 1.1040172471272702 -1.109853281517676
      vertex 0.4942584097826514 1.0503525862807943 -1.1198532815176758
      vertex 0.4942584097826514 1.0503525862807943 -1.200146718482324
    endloop
  endfacet
  facet normal 0.48175367410171605 0.8763066800438633 0
    outer loop
      vertex 0.4942584097826514 1.0503525862807943 -1.200146718482324
      vertex 0.4942584097826514 1.0503525862807943 -1.1198532815176758
      vertex 0.6220051206148858 0.9801232376984488 -1.2101467184823238
    endloop
  endfacet
  facet normal 0.48175367410171605 0.8763066800438631 0
    outer loop
      vertex 0.4942584097826514 1.0503525862807943 -1.1198532815176758
      vertex 0.6220051206148858 0.9801232376984488 -1.129853281517676
      vertex 0.6220051206148858 0.9801232376984488 -1.2101467184823238
    endloop
  endfacet
  facet normal 0.5877852522924735 0.809016994374947 0
    outer loop
      vertex 0.6220051206148858 0.9801232376984488 -1.2101467184823238
      vertex 0.6220051206148858 0.9801232376984488 -1.129853281517676
      vertex 0.739942439127175 0.8944367601603567 -1.220146718482324
    endloop
  endfacet
  facet normal 0.5877852522924735 0.809016994374947 0
    outer loop
      vertex 0.6220051206148858 0.9801232376984488 -1.129853281517676
      vertex 0.739942439127175 0.8944367601603567 -1.1398532815176763
      vertex 0.739942439127175 0.8944367601603567 -1.220146718482324
    endloop
  endfacet
  facet normal 0.24411947472708398 0.4370309327406866 -0.865684495579526
    outer loop
      vertex 0.6220051206148858 0.9801232376984488 -1.129853281517676
      vertex 0.783654976660323 1.234842652426287 -0.9556764975702521
      vertex 0.739942439127175 0.8944367601603567 -1.1398532815176763
    endloop
  endfacet
  facet normal 0.23819166508618528 0.4402897736680839 0.8656844955795258
    outer loop
      vertex 0.3587169485724821 1.1040172471272702 -1.1901467184823238
      vertex 0.4942584097826514 1.0503525862807943 -1.200146718482324
      vertex 0.6227088005312517 1.323323561505881 -1.374323502429748
    endloop
  endfacet
  facet normal 0.0794117292781996 0.4983079619350663 -0.863355634906709
    outer loop
      vertex 0.3587169485724821 1.1040172471272702 -1.609853281517676
      vertex 0.27404807128768643 1.4366102997400438 -1.4256764975702518
      vertex 0.45194213462959587 1.3909348675053492 -1.435676497570252
    endloop
  endfacet
  facet normal 0.24868988716485524 0.968583161128631 0
    outer loop
      vertex 0.27404807128768643 1.4366102997400438 -1.354323502429748
      vertex 0.45194213462959587 1.3909348675053492 -1.3643235024297482
      vertex 0.45194213462959587 1.3909348675053492 -1.435676497570252
    endloop
  endfacet
  facet normal 0.36812455268467786 0.9297764858882513 0
    outer loop
      vertex 0.45194213462959587 1.3909348675053492 -1.435676497570252
      vertex 0.45194213462959587 1.3909348675053492 -1.3643235024297482
      vertex 0.6227088005312517 1.323323561505881 -1.4456764975702519
    endloop
  endfacet
  facet normal 0.22865263258658355 0.44981665296658263 0.8633556349067084
    outer loop
      vertex 0.3587169485724821 1.1040172471272702 -1.1901467184823238
      vertex 0.6227088005312517 1.323323561505881 -1.374323502429748
      vertex 0.45194213462959587 1.3909348675053492 -1.3643235024297482
    endloop
  endfacet
  facet normal 0.29149639370169356 0.40696462570121383 0.865684495579526
    outer loop
      vertex 0.4942584097826514 1.0503525862807943 -1.200146718482324
      vertex 0.6220051206148858 0.9801232376984488 -1.2101467184823238
      vertex 0.783654976660323 1.234842652426287 -1.3843235024297478
    endloop
  endfacet
  facet normal 0.2832266139107813 0.41761194049915107 0.8633556349067091
    outer loop
      vertex 0.4942584097826514 1.0503525862807943 -1.200146718482324
      vertex 0.783654976660323 1.234842652426287 -1.3843235024297478
      vertex 0.6227088005312517 1.323323561505881 -1.374323502429748
    endloop
  endfacet
  facet normal 0.368124552684678 0.9297764858882515 0
    outer loop
      vertex 0.45194213462959587 1.3909348675053492 -1.3643235024297482
      vertex 0.6227088005312517 1.323323561505881 -1.374323502429748
      vertex 0.6227088005312517 1.323323561505881 -1.4456764975702519
    endloop
  endfacet
  facet normal 0.48175367410171527 0.8763066800438636 0
    outer loop
      vertex 0.6227088005312517 1.323323561505881 -1.4456764975702519
      vertex 0.6227088005312517 1.323323561505881 -1.374323502429748
      vertex 0.783654976660323 1.234842652426287 -1.455676497570252
    endloop
  endfacet
  facet normal 0.3681245526846781 0.9297764858882515 0
    outer loop
      vertex 0.3587169485724821 1.1040172471272702 -1.1901467184823238
      vertex 0.3587169485724821 1.1040172471272702 -1.109853281517676
      vertex 0.4942584097826514 1.0503525862807943 -1.200146718482324
    endloop
  endfacet
  facet normal 0.12776483917339015 0.4840108469695908 -0.8656844955795252
    outer loop
      vertex 0.3587169485724821 1.1040172471272702 -1.109853281517676
      vertex 0.45194213462959587 1.3909348675053492 -0.9356764975702516
      vertex 0.4942584097826514 1.0503525862807943 -1.1198532815176758
    endloop
  endfacet
  facet normal 0.14124009225386708 0.48442572600446465 -0.8633556349067089
    outer loop
      vertex 0.4942584097826514 1.0503525862807943 -1.1198532815176758
      vertex 0.45194213462959587 1.3909348675053492 -0.9356764975702516
      vertex 0.6227088005312517 1.323323561505881 -0.9456764975702519
    endloop
  endfacet
  facet normal 0.18742001978589418 0.4641810964447789 -0.8656844955795258
    outer loop
      vertex 0.4942584097826514 1.0503525862807943 -1.1198532815176758
      vertex 0.6227088005312517 1.323323561505881 -0.9456764975702519
      vertex 0.6220051206148858 0.9801232376984488 -1.129853281517676
    endloop
  endfacet
  facet normal 0.2008410146019497 0.4629038069928706 -0.863355634906709
    outer loop
      vertex 0.6220051206148858 0.9801232376984488 -1.129853281517676
      vertex 0.6227088005312517 1.323323561505881 -0.9456764975702519
      vertex 0.783654976660323 1.234842652426287 -0.9556764975702521
    endloop
  endfacet
  facet normal 0.7064080908128532 0.044443429978775956 -0.7064080908128542
    outer loop
      vertex 0.9673603585515402 0 -2
      vertex 0.9597324331878276 0.12124240175918932 -2
      vertex 1.1516789198253932 0.14549088211102718 -1.8065279282896922
    endloop
  endfacet
  facet normal 0.6731623500597131 0.21872370629683155 -0.7064080908128539
    outer loop
      vertex 0.8994289147616499 0.35610909927667544 -2
      vertex 1.1243627448436522 0.2886872860991232 -1.8065279282896922
      vertex 0.9369689540363768 0.24057273841593602 -2
    endloop
  endfacet
  facet normal 0.6952676132329951 0.13262939049634748 -0.706408090812854
    outer loop
      vertex 0.9597324331878276 0.12124240175918932 -2
      vertex 0.9369689540363768 0.24057273841593602 -2
      vertex 1.1243627448436522 0.2886872860991232 -1.8065279282896922
    endloop
  endfacet
  facet normal 0.6952676132329954 0.13262939049634748 -0.706408090812854
    outer loop
      vertex 0.9597324331878276 0.12124240175918932 -2
      vertex 1.1243627448436522 0.2886872860991232 -1.8065279282896922
      vertex 1.1516789198253932 0.14549088211102718 -1.8065279282896922
    endloop
  endfacet
  facet normal 0.6731623500597133 0.21872370629683177 -0.706408090812854
    outer loop
      vertex 0.8994289147616499 0.35610909927667544 -2
      vertex 1.0793146977139798 0.42733091913201054 -1.8065279282896922
      vertex 1.1243627448436522 0.2886872860991232 -1.8065279282896922
    endloop
  endfacet
  facet normal 0.5453729577287414 0.45117174802102056 -0.7064080908128539
    outer loop
      vertex 0.7051753527952008 0.6622037338365954 -2
      vertex 0.8462104233542409 0.7946444806039145 -1.8065279282896922
      vertex 0.7826109697528385 0.5686001524089543 -2
    endloop
  endfacet
  facet normal 0.5976193431343773 0.3792607677387343 -0.7064080908128539
    outer loop
      vertex 0.8477043442083417 0.46602940691255723 -2
      vertex 0.7826109697528385 0.5686001524089543 -2
      vertex 0.9391331637034062 0.6823201828907451 -1.8065279282896922
    endloop
  endfacet
  facet normal 0.5453729577287413 0.45117174802102045 -0.7064080908128538
    outer loop
      vertex 0.7826109697528385 0.5686001524089543 -2
      vertex 0.8462104233542409 0.7946444806039145 -1.8065279282896922
      vertex 0.9391331637034062 0.6823201828907451 -1.8065279282896922
    endloop
  endfacet
  facet normal 0.6404409144982937 0.30136861858980585 -0.7064080908128539
    outer loop
      vertex 0.8994289147616499 0.35610909927667544 -2
      vertex 0.8477043442083417 0.46602940691255723 -2
      vertex 1.01724521305001 0.5592352882950686 -1.8065279282896922
    endloop
  endfacet
  facet normal 0.6404409144982938 0.30136861858980596 -0.706408090812854
    outer loop
      vertex 0.8994289147616499 0.35610909927667544 -2
      vertex 1.01724521305001 0.5592352882950686 -1.8065279282896922
      vertex 1.0793146977139798 0.42733091913201054 -1.8065279282896922
    endloop
  endfacet
  facet normal 0.9048270524660199 0.42577929156507205 0
    outer loop
      vertex 1.0793146977139798 0.42733091913201054 -1.8065279282896922
      vertex 1.01724521305001 0.5592352882950686 -1.8065279282896922
      vertex 1.01724521305001 0.5592352882950686 -1.669853281517676
    endloop
  endfacet
  facet normal 0.5976193431343773 0.3792607677387344 -0.7064080908128539
    outer loop
      vertex 0.8477043442083417 0.46602940691255723 -2
      vertex 0.9391331637034062 0.6823201828907451 -1.8065279282896922
      vertex 1.01724521305001 0.5592352882950686 -1.8065279282896922
    endloop
  endfacet
  facet normal 0.8443279255020146 0.5358267949789973 0
    outer loop
      vertex 0.9391331637034062 0.6823201828907451 -1.8065279282896922
      vertex 0.9391331637034062 0.6823201828907451 -1.6598532815176759
      vertex 1.01724521305001 0.5592352882950686 -1.8065279282896922
    endloop
  endfacet
  facet normal 0.9048270524660199 0.42577929156507194 0
    outer loop
      vertex 1.0793146977139798 0.42733091913201054 -1.8065279282896922
      vertex 1.01724521305001 0.5592352882950686 -1.669853281517676
      vertex 1.0793146977139798 0.42733091913201054 -1.6798532815176763
    endloop
  endfacet
  facet normal 0.8443279255020147 0.5358267949789973 0
    outer loop
      vertex 1.01724521305001 0.5592352882950686 -1.8065279282896922
      vertex 0.9391331637034062 0.6823201828907451 -1.6598532815176759
      vertex 1.01724521305001 0.5592352882950686 -1.669853281517676
    endloop
  endfacet
  facet normal 0.7705132427757894 0.6374239897486897 0
    outer loop
      vertex 0.9391331637034062 0.6823201828907451 -1.8065279282896922
      vertex 0.8462104233542409 0.7946444806039145 -1.649853281517676
      vertex 0.9391331637034062 0.6823201828907451 -1.6598532815176759
    endloop
  endfacet
  facet normal 0.3878583639731664 0.31647471243257463 -0.8656844955795259
    outer loop
      vertex 0.9391331637034062 0.6823201828907451 -1.6598532815176759
      vertex 1.183199869408463 0.8596450242556375 -1.4856764975702519
      vertex 1.01724521305001 0.5592352882950686 -1.669853281517676
    endloop
  endfacet
  facet normal 0.7064080908128533 0.04444342997877572 -0.706408090812854
    outer loop
      vertex 0.9673603585515402 0 -2
      vertex 1.1516789198253932 0.14549088211102718 -1.8065279282896922
      vertex 1.1608324302618482 0 -1.8065279282896922
    endloop
  endfacet
  facet normal 0.9980267284282717 0.06279051952931208 0
    outer loop
      vertex 1.1608324302618482 0 -1.8065279282896922
      vertex 1.1516789198253932 0.14549088211102718 -1.8065279282896922
      vertex 1.1516789198253932 0.14549088211102718 -1.699853281517676
    endloop
  endfacet
  facet normal 0.9822872507286883 0.18738131458572604 0
    outer loop
      vertex 1.1516789198253932 0.14549088211102718 -1.8065279282896922
      vertex 1.1243627448436522 0.2886872860991232 -1.8065279282896922
      vertex 1.1243627448436522 0.2886872860991232 -1.689853281517676
    endloop
  endfacet
  facet normal 0.9980267284282716 0.06279051952931208 0
    outer loop
      vertex 1.1608324302618482 0 -1.8065279282896922
      vertex 1.1516789198253932 0.14549088211102718 -1.699853281517676
      vertex 1.1608324302618482 0 -1.7098532815176761
    endloop
  endfacet
  facet normal 0.49234573073524673 0.09047671269447155 -0.8656844955795259
    outer loop
      vertex 1.1608324302618482 0 -1.7098532815176761
      vertex 1.1516789198253932 0.14549088211102718 -1.699853281517676
      vertex 1.4509830982480747 0.1833017929374876 -1.525676497570252
    endloop
  endfacet
  facet normal 0.9822872507286884 0.18738131458572607 0
    outer loop
      vertex 1.1516789198253932 0.14549088211102718 -1.8065279282896922
      vertex 1.1243627448436522 0.2886872860991232 -1.689853281517676
      vertex 1.1516789198253932 0.14549088211102718 -1.699853281517676
    endloop
  endfacet
  facet normal 0.9510565162951534 0.3090169943749479 0
    outer loop
      vertex 1.0793146977139798 0.42733091913201054 -1.6798532815176763
      vertex 1.1243627448436522 0.2886872860991232 -1.689853281517676
      vertex 1.1243627448436522 0.2886872860991232 -1.8065279282896922
    endloop
  endfacet
  facet normal 0.4771236986275922 0.1514705592554191 -0.8656844955795253
    outer loop
      vertex 1.1516789198253932 0.14549088211102718 -1.699853281517676
      vertex 1.1243627448436522 0.2886872860991232 -1.689853281517676
      vertex 1.4165678567037543 0.3637128071011675 -1.5156764975702517
    endloop
  endfacet
  facet normal 0.4984586082197683 0.07846058606998149 -0.863355634906709
    outer loop
      vertex 1.1608324302618482 0 -1.7098532815176761
      vertex 1.4509830982480747 0.1833017929374876 -1.525676497570252
      vertex 1.462515469557734 0 -1.5356764975702522
    endloop
  endfacet
  facet normal 0.48469439425208455 0.14031533007992544 -0.8633556349067089
    outer loop
      vertex 1.1516789198253932 0.14549088211102718 -1.699853281517676
      vertex 1.4165678567037543 0.3637128071011675 -1.5156764975702517
      vertex 1.4509830982480747 0.1833017929374876 -1.525676497570252
    endloop
  endfacet
  facet normal 0.9510565162951534 0.30901699437494784 0
    outer loop
      vertex 1.0793146977139798 0.42733091913201054 -1.8065279282896922
      vertex 1.0793146977139798 0.42733091913201054 -1.6798532815176763
      vertex 1.1243627448436522 0.2886872860991232 -1.8065279282896922
    endloop
  endfacet
  facet normal 0.4543771407726976 0.21007562461278326 -0.8656844955795252
    outer loop
      vertex 1.0793146977139798 0.42733091913201054 -1.6798532815176763
      vertex 1.3598124938425957 0.5383878530253626 -1.505676497570252
      vertex 1.1243627448436522 0.2886872860991232 -1.689853281517676
    endloop
  endfacet
  facet normal 0.42446478397606835 0.2653676718769105 -0.8656844955795259
    outer loop
      vertex 1.0793146977139798 0.42733091913201054 -1.6798532815176763
      vertex 1.01724521305001 0.5592352882950686 -1.669853281517676
      vertex 1.2816120756409302 0.7045722008900338 -1.4956764975702521
    endloop
  endfacet
  facet normal 0.39900393249696237 0.3088898015907826 -0.8633556349067091
    outer loop
      vertex 1.01724521305001 0.5592352882950686 -1.669853281517676
      vertex 1.183199869408463 0.8596450242556375 -1.4856764975702519
      vertex 1.2816120756409302 0.7045722008900338 -1.4956764975702521
    endloop
  endfacet
  facet normal 0.434571824960937 0.25644566017960774 -0.8633556349067085
    outer loop
      vertex 1.0793146977139798 0.42733091913201054 -1.6798532815176763
      vertex 1.2816120756409302 0.7045722008900338 -1.4956764975702521
      vertex 1.3598124938425957 0.5383878530253626 -1.505676497570252
    endloop
  endfacet
  facet normal 0.4632862601446503 0.19995721751419127 -0.8633556349067085
    outer loop
      vertex 1.1243627448436522 0.2886872860991232 -1.689853281517676
      vertex 1.3598124938425957 0.5383878530253626 -1.505676497570252
      vertex 1.4165678567037543 0.3637128071011675 -1.5156764975702517
    endloop
  endfacet
  facet normal 0.45149694067048013 0.21619636139033171 0.8656844955795259
    outer loop
      vertex 1.01724521305001 0.5592352882950686 -1.2501467184823238
      vertex 1.2816120756409302 0.7045722008900338 -1.4243235024297478
      vertex 0.9391331637034062 0.6823201828907451 -1.2401467184823236
    endloop
  endfacet
  facet normal 0.9048270524660199 0.425779291565072 0
    outer loop
      vertex 1.0793146977139798 0.42733091913201054 -1.260146718482324
      vertex 1.01724521305001 0.5592352882950686 -1.169853281517676
      vertex 1.0793146977139798 0.42733091913201054 -1.1798532815176763
    endloop
  endfacet
  facet normal 0.9048270524660199 0.425779291565072 0
    outer loop
      vertex 1.0793146977139798 0.42733091913201054 -1.260146718482324
      vertex 1.01724521305001 0.5592352882950686 -1.2501467184823238
      vertex 1.01724521305001 0.5592352882950686 -1.169853281517676
    endloop
  endfacet
  facet normal 0.8443279255020146 0.5358267949789972 0
    outer loop
      vertex 1.01724521305001 0.5592352882950686 -1.2501467184823238
      vertex 0.9391331637034062 0.6823201828907451 -1.1598532815176759
      vertex 1.01724521305001 0.5592352882950686 -1.169853281517676
    endloop
  endfacet
  facet normal 0.8443279255020146 0.5358267949789972 0
    outer loop
      vertex 1.01724521305001 0.5592352882950686 -1.2501467184823238
      vertex 0.9391331637034062 0.6823201828907451 -1.2401467184823236
      vertex 0.9391331637034062 0.6823201828907451 -1.1598532815176759
    endloop
  endfacet
  facet normal 0.7705132427757894 0.6374239897486896 0
    outer loop
      vertex 0.9391331637034062 0.6823201828907451 -1.2401467184823236
      vertex 0.8462104233542409 0.7946444806039145 -1.149853281517676
      vertex 0.9391331637034062 0.6823201828907451 -1.1598532815176759
    endloop
  endfacet
  facet normal 0.3878583639731664 0.31647471243257463 -0.8656844955795259
    outer loop
      vertex 0.9391331637034062 0.6823201828907451 -1.1598532815176759
      vertex 1.183199869408463 0.8596450242556375 -0.9856764975702519
      vertex 1.01724521305001 0.5592352882950686 -1.169853281517676
    endloop
  endfacet
  facet normal 0.9980267284282716 0.0627905195293121 0
    outer loop
      vertex 1.1608324302618482 0 -1.2901467184823239
      vertex 1.1516789198253932 0.14549088211102718 -1.2801467184823236
      vertex 1.1516789198253932 0.14549088211102718 -1.199853281517676
    endloop
  endfacet
  facet normal 0.4998031765561242 -0.028055994326164038 0.8656844955795258
    outer loop
      vertex 1.1608324302618482 0 -1.2901467184823239
      vertex 1.462515469557734 0 -1.4643235024297478
      vertex 1.1516789198253932 0.14549088211102718 -1.2801467184823236
    endloop
  endfacet
  facet normal 0.499378427714767 0.03480718383251122 0.8656844955795253
    outer loop
      vertex 1.1516789198253932 0.14549088211102718 -1.2801467184823236
      vertex 1.4509830982480747 0.1833017929374876 -1.454323502429748
      vertex 1.1243627448436522 0.2886872860991232 -1.2701467184823239
    endloop
  endfacet
  facet normal 0.49107818275413373 0.09712143190933939 0.8656844955795254
    outer loop
      vertex 1.0793146977139798 0.42733091913201054 -1.260146718482324
      vertex 1.1243627448436522 0.2886872860991232 -1.2701467184823239
      vertex 1.4165678567037543 0.3637128071011675 -1.4443235024297483
    endloop
  endfacet
  facet normal 0.5043618321710879 -0.015368471747630693 0.8633556349067085
    outer loop
      vertex 1.1516789198253932 0.14549088211102718 -1.2801467184823236
      vertex 1.462515469557734 0 -1.4643235024297478
      vertex 1.4509830982480747 0.1833017929374876 -1.454323502429748
    endloop
  endfacet
  facet normal 0.5023109687379136 0.0479660125548594 0.8633556349067085
    outer loop
      vertex 1.1243627448436522 0.2886872860991232 -1.2701467184823239
      vertex 1.4509830982480747 0.1833017929374876 -1.454323502429748
      vertex 1.4165678567037543 0.3637128071011675 -1.4443235024297483
    endloop
  endfacet
  facet normal 0.9822872507286886 0.1873813145857253 0
    outer loop
      vertex 1.4165678567037543 0.3637128071011675 -1.4443235024297483
      vertex 1.4509830982480747 0.1833017929374876 -1.454323502429748
      vertex 1.4509830982480747 0.1833017929374876 -1.525676497570252
    endloop
  endfacet
  facet normal 0.9822872507286886 0.18738131458572527 0
    outer loop
      vertex 1.4165678567037543 0.3637128071011675 -1.5156764975702517
      vertex 1.4165678567037543 0.3637128071011675 -1.4443235024297483
      vertex 1.4509830982480747 0.1833017929374876 -1.525676497570252
    endloop
  endfacet
  facet normal 0.9980267284282716 0.06279051952931208 0
    outer loop
      vertex 1.1608324302618482 0 -1.2901467184823239
      vertex 1.1516789198253932 0.14549088211102718 -1.199853281517676
      vertex 1.1608324302618482 0 -1.2098532815176761
    endloop
  endfacet
  facet normal 0.49234573073524673 0.09047671269447155 -0.8656844955795259
    outer loop
      vertex 1.1608324302618482 0 -1.2098532815176761
      vertex 1.1516789198253932 0.14549088211102718 -1.199853281517676
      vertex 1.4509830982480747 0.1833017929374876 -1.025676497570252
    endloop
  endfacet
  facet normal 0.9822872507286884 0.18738131458572604 0
    outer loop
      vertex 1.1516789198253932 0.14549088211102718 -1.2801467184823236
      vertex 1.1243627448436522 0.2886872860991232 -1.189853281517676
      vertex 1.1516789198253932 0.14549088211102718 -1.199853281517676
    endloop
  endfacet
  facet normal 0.9822872507286884 0.18738131458572607 0
    outer loop
      vertex 1.1516789198253932 0.14549088211102718 -1.2801467184823236
      vertex 1.1243627448436522 0.2886872860991232 -1.2701467184823239
      vertex 1.1243627448436522 0.2886872860991232 -1.189853281517676
    endloop
  endfacet
  facet normal 0.9510565162951535 0.3090169943749479 0
    outer loop
      vertex 1.0793146977139798 0.42733091913201054 -1.1798532815176763
      vertex 1.1243627448436522 0.2886872860991232 -1.189853281517676
      vertex 1.1243627448436522 0.2886872860991232 -1.2701467184823239
    endloop
  endfacet
  facet normal 0.4771236986275922 0.1514705592554191 -0.8656844955795253
    outer loop
      vertex 1.1516789198253932 0.14549088211102718 -1.199853281517676
      vertex 1.1243627448436522 0.2886872860991232 -1.189853281517676
      vertex 1.4165678567037543 0.3637128071011675 -1.0156764975702517
    endloop
  endfacet
  facet normal 0.4984586082197683 0.07846058606998149 -0.863355634906709
    outer loop
      vertex 1.1608324302618482 0 -1.2098532815176761
      vertex 1.4509830982480747 0.1833017929374876 -1.025676497570252
      vertex 1.462515469557734 0 -1.0356764975702522
    endloop
  endfacet
  facet normal 0.48469439425208455 0.14031533007992544 -0.8633556349067089
    outer loop
      vertex 1.1516789198253932 0.14549088211102718 -1.199853281517676
      vertex 1.4165678567037543 0.3637128071011675 -1.0156764975702517
      vertex 1.4509830982480747 0.1833017929374876 -1.025676497570252
    endloop
  endfacet
  facet normal 0.47503334149558146 0.1579040169874231 0.8656844955795258
    outer loop
      vertex 1.0793146977139798 0.42733091913201054 -1.260146718482324
      vertex 1.3598124938425957 0.5383878530253626 -1.434323502429748
      vertex 1.01724521305001 0.5592352882950686 -1.2501467184823238
    endloop
  endfacet
  facet normal 0.47460128371973775 0.17137873020421884 0.863355634906709
    outer loop
      vertex 1.01724521305001 0.5592352882950686 -1.2501467184823238
      vertex 1.3598124938425957 0.5383878530253626 -1.434323502429748
      vertex 1.2816120756409302 0.7045722008900338 -1.4243235024297478
    endloop
  endfacet
  facet normal 0.49233836126171443 0.1105440441858493 0.8633556349067089
    outer loop
      vertex 1.0793146977139798 0.42733091913201054 -1.260146718482324
      vertex 1.4165678567037543 0.3637128071011675 -1.4443235024297483
      vertex 1.3598124938425957 0.5383878530253626 -1.434323502429748
    endloop
  endfacet
  facet normal 0.9510565162951534 0.30901699437494806 0
    outer loop
      vertex 1.4165678567037543 0.3637128071011675 -1.5156764975702517
      vertex 1.3598124938425957 0.5383878530253626 -1.434323502429748
      vertex 1.4165678567037543 0.3637128071011675 -1.4443235024297483
    endloop
  endfacet
  facet normal 0.9510565162951534 0.309016994374948 0
    outer loop
      vertex 1.4165678567037543 0.3637128071011675 -1.5156764975702517
      vertex 1.3598124938425957 0.5383878530253626 -1.505676497570252
      vertex 1.3598124938425957 0.5383878530253626 -1.434323502429748
    endloop
  endfacet
  facet normal 0.9048270524660199 0.42577929156507177 0
    outer loop
      vertex 1.3598124938425957 0.5383878530253626 -1.505676497570252
      vertex 1.2816120756409302 0.7045722008900338 -1.4243235024297478
      vertex 1.3598124938425957 0.5383878530253626 -1.434323502429748
    endloop
  endfacet
  facet normal 0.9048270524660199 0.4257792915650718 0
    outer loop
      vertex 1.3598124938425957 0.5383878530253626 -1.505676497570252
      vertex 1.2816120756409302 0.7045722008900338 -1.4956764975702521
      vertex 1.2816120756409302 0.7045722008900338 -1.4243235024297478
    endloop
  endfacet
  facet normal 0.9510565162951535 0.3090169943749479 0
    outer loop
      vertex 1.0793146977139798 0.42733091913201054 -1.260146718482324
      vertex 1.0793146977139798 0.42733091913201054 -1.1798532815176763
      vertex 1.1243627448436522 0.2886872860991232 -1.2701467184823239
    endloop
  endfacet
  facet normal 0.4543771407726976 0.21007562461278326 -0.8656844955795252
    outer loop
      vertex 1.0793146977139798 0.42733091913201054 -1.1798532815176763
      vertex 1.3598124938425957 0.5383878530253626 -1.005676497570252
      vertex 1.1243627448436522 0.2886872860991232 -1.189853281517676
    endloop
  endfacet
  facet normal 0.42446478397606835 0.2653676718769105 -0.8656844955795259
    outer loop
      vertex 1.0793146977139798 0.42733091913201054 -1.1798532815176763
      vertex 1.01724521305001 0.5592352882950686 -1.169853281517676
      vertex 1.2816120756409302 0.7045722008900338 -0.9956764975702521
    endloop
  endfacet
  facet normal 0.39900393249696237 0.3088898015907826 -0.8633556349067091
    outer loop
      vertex 1.01724521305001 0.5592352882950686 -1.169853281517676
      vertex 1.183199869408463 0.8596450242556375 -0.9856764975702519
      vertex 1.2816120756409302 0.7045722008900338 -0.9956764975702521
    endloop
  endfacet
  facet normal 0.434571824960937 0.25644566017960774 -0.8633556349067085
    outer loop
      vertex 1.0793146977139798 0.42733091913201054 -1.1798532815176763
      vertex 1.2816120756409302 0.7045722008900338 -0.9956764975702521
      vertex 1.3598124938425957 0.5383878530253626 -1.005676497570252
    endloop
  endfacet
  facet normal 0.4632862601446503 0.19995721751419127 -0.8633556349067085
    outer loop
      vertex 1.1243627448436522 0.2886872860991232 -1.189853281517676
      vertex 1.3598124938425957 0.5383878530253626 -1.005676497570252
      vertex 1.4165678567037543 0.3637128071011675 -1.0156764975702517
    endloop
  endfacet
  facet normal 0.4845257149897092 0.5159674803200778 -0.7064080908128539
    outer loop
      vertex 0.7051753527952008 0.6622037338365954 -2
      vertex 0.739942439127175 0.8944367601603567 -1.8065279282896922
      vertex 0.8462104233542409 0.7946444806039145 -1.8065279282896922
    endloop
  endfacet
  facet normal 0.6845471059286883 0.7289686274214119 0
    outer loop
      vertex 0.739942439127175 0.8944367601603567 -1.8065279282896922
      vertex 0.739942439127175 0.8944367601603567 -1.6398532815176763
      vertex 0.8462104233542409 0.7946444806039145 -1.8065279282896922
    endloop
  endfacet
  facet normal 0.7705132427757894 0.6374239897486896 0
    outer loop
      vertex 0.9391331637034062 0.6823201828907451 -1.8065279282896922
      vertex 0.8462104233542409 0.7946444806039145 -1.8065279282896922
      vertex 0.8462104233542409 0.7946444806039145 -1.649853281517676
    endloop
  endfacet
  facet normal 0.6845471059286883 0.7289686274214118 0
    outer loop
      vertex 0.8462104233542409 0.7946444806039145 -1.8065279282896922
      vertex 0.739942439127175 0.8944367601603567 -1.6398532815176763
      vertex 0.8462104233542409 0.7946444806039145 -1.649853281517676
    endloop
  endfacet
  facet normal 0.2969690197219247 0.40298853015764846 -0.8656844955795253
    outer loop
      vertex 0.739942439127175 0.8944367601603567 -1.6398532815176763
      vertex 0.9322424456746692 1.1268875370586855 -1.4656764975702519
      vertex 0.8462104233542409 0.7946444806039145 -1.649853281517676
    endloop
  endfacet
  facet normal 0.3451351858750542 0.3625907577203445 -0.8656844955795259
    outer loop
      vertex 0.9391331637034062 0.6823201828907451 -1.6598532815176759
      vertex 0.8462104233542409 0.7946444806039145 -1.649853281517676
      vertex 1.0661278944260826 1.001160732061684 -1.475676497570252
    endloop
  endfacet
  facet normal 0.3571435096641181 0.3564625663090433 -0.8633556349067091
    outer loop
      vertex 0.9391331637034062 0.6823201828907451 -1.6598532815176759
      vertex 1.0661278944260826 1.001160732061684 -1.475676497570252
      vertex 1.183199869408463 0.8596450242556375 -1.4856764975702519
    endloop
  endfacet
  facet normal 0.30965072033667645 0.3984137034161989 -0.8633556349067091
    outer loop
      vertex 0.8462104233542409 0.7946444806039145 -1.649853281517676
      vertex 0.9322424456746692 1.1268875370586855 -1.4656764975702519
      vertex 1.0661278944260826 1.001160732061684 -1.475676497570252
    endloop
  endfacet
  facet normal 0.25727455417315587 0.4340816184196678 -0.8633556349067085
    outer loop
      vertex 0.739942439127175 0.8944367601603567 -1.6398532815176763
      vertex 0.783654976660323 1.234842652426287 -1.455676497570252
      vertex 0.9322424456746692 1.1268875370586855 -1.4656764975702519
    endloop
  endfacet
  facet normal 0.3835464853149047 0.3216868783705768 0.8656844955795255
    outer loop
      vertex 1.0661278944260826 1.001160732061684 -1.4043235024297482
      vertex 0.739942439127175 0.8944367601603567 -1.220146718482324
      vertex 0.8462104233542409 0.7946444806039145 -1.2301467184823238
    endloop
  endfacet
  facet normal 0.340204050057025 0.36722140247814977 0.8656844955795259
    outer loop
      vertex 0.6220051206148858 0.9801232376984488 -1.2101467184823238
      vertex 0.739942439127175 0.8944367601603567 -1.220146718482324
      vertex 0.9322424456746692 1.1268875370586855 -1.394323502429748
    endloop
  endfacet
  facet normal 0.4208401633798061 0.27107916002467036 0.8656844955795254
    outer loop
      vertex 0.9391331637034062 0.6823201828907451 -1.2401467184823236
      vertex 1.183199869408463 0.8596450242556375 -1.414323502429748
      vertex 0.8462104233542409 0.7946444806039145 -1.2301467184823238
    endloop
  endfacet
  facet normal 0.4170706545840257 0.2840230919479724 0.8633556349067085
    outer loop
      vertex 1.0661278944260826 1.001160732061684 -1.4043235024297482
      vertex 0.8462104233542409 0.7946444806039145 -1.2301467184823238
      vertex 1.183199869408463 0.8596450242556375 -1.414323502429748
    endloop
  endfacet
  facet normal 0.6845471059286881 0.7289686274214121 0
    outer loop
      vertex 1.0661278944260826 1.001160732061684 -1.475676497570252
      vertex 0.9322424456746692 1.1268875370586855 -1.394323502429748
      vertex 1.0661278944260826 1.001160732061684 -1.4043235024297482
    endloop
  endfacet
  facet normal 0.378184395378894 0.33405629879817234 0.863355634906709
    outer loop
      vertex 1.0661278944260826 1.001160732061684 -1.4043235024297482
      vertex 0.9322424456746692 1.1268875370586855 -1.394323502429748
      vertex 0.739942439127175 0.8944367601603567 -1.220146718482324
    endloop
  endfacet
  facet normal 0.6845471059286883 0.7289686274214119 0
    outer loop
      vertex 0.739942439127175 0.8944367601603567 -1.220146718482324
      vertex 0.739942439127175 0.8944367601603567 -1.1398532815176763
      vertex 0.8462104233542409 0.7946444806039145 -1.2301467184823238
    endloop
  endfacet
  facet normal 0.6845471059286883 0.7289686274214119 0
    outer loop
      vertex 0.739942439127175 0.8944367601603567 -1.1398532815176763
      vertex 0.8462104233542409 0.7946444806039145 -1.149853281517676
      vertex 0.8462104233542409 0.7946444806039145 -1.2301467184823238
    endloop
  endfacet
  facet normal 0.7705132427757894 0.6374239897486896 0
    outer loop
      vertex 0.9391331637034062 0.6823201828907451 -1.2401467184823236
      vertex 0.8462104233542409 0.7946444806039145 -1.2301467184823238
      vertex 0.8462104233542409 0.7946444806039145 -1.149853281517676
    endloop
  endfacet
  facet normal 0.2969690197219247 0.40298853015764846 -0.8656844955795253
    outer loop
      vertex 0.739942439127175 0.8944367601603567 -1.1398532815176763
      vertex 0.9322424456746692 1.1268875370586855 -0.9656764975702519
      vertex 0.8462104233542409 0.7946444806039145 -1.149853281517676
    endloop
  endfacet
  facet normal 0.34513518587505493 0.3625907577203451 -0.8656844955795254
    outer loop
      vertex 0.9391331637034062 0.6823201828907451 -1.1598532815176759
      vertex 0.8462104233542409 0.7946444806039145 -1.149853281517676
      vertex 1.0661278944260826 1.001160732061684 -0.9756764975702517
    endloop
  endfacet
  facet normal 0.3571435096641169 0.35646256630904494 -0.8633556349067091
    outer loop
      vertex 0.9391331637034062 0.6823201828907451 -1.1598532815176759
      vertex 1.0661278944260826 1.001160732061684 -0.9756764975702517
      vertex 1.183199869408463 0.8596450242556375 -0.9856764975702519
    endloop
  endfacet
  facet normal 0.3096507203366786 0.398413703416198 -0.8633556349067085
    outer loop
      vertex 0.8462104233542409 0.7946444806039145 -1.149853281517676
      vertex 0.9322424456746692 1.1268875370586855 -0.9656764975702519
      vertex 1.0661278944260826 1.001160732061684 -0.9756764975702517
    endloop
  endfacet
  facet normal 0.5877852522924738 0.8090169943749469 0
    outer loop
      vertex 0.783654976660323 1.234842652426287 -1.3843235024297478
      vertex 0.9322424456746692 1.1268875370586855 -1.394323502429748
      vertex 0.9322424456746692 1.1268875370586855 -1.4656764975702519
    endloop
  endfacet
  facet normal 0.5877852522924738 0.8090169943749469 0
    outer loop
      vertex 0.783654976660323 1.234842652426287 -1.455676497570252
      vertex 0.783654976660323 1.234842652426287 -1.3843235024297478
      vertex 0.9322424456746692 1.1268875370586855 -1.4656764975702519
    endloop
  endfacet
  facet normal 0.33333394234223007 0.3788212382607662 0.863355634906709
    outer loop
      vertex 0.6220051206148858 0.9801232376984488 -1.2101467184823238
      vertex 0.9322424456746692 1.1268875370586855 -1.394323502429748
      vertex 0.783654976660323 1.234842652426287 -1.3843235024297478
    endloop
  endfacet
  facet normal 0.4817536741017152 0.8763066800438636 0
    outer loop
      vertex 0.6227088005312517 1.323323561505881 -1.374323502429748
      vertex 0.783654976660323 1.234842652426287 -1.3843235024297478
      vertex 0.783654976660323 1.234842652426287 -1.455676497570252
    endloop
  endfacet
  facet normal 0.6845471059286881 0.7289686274214121 0
    outer loop
      vertex 1.0661278944260826 1.001160732061684 -1.475676497570252
      vertex 0.9322424456746692 1.1268875370586855 -1.4656764975702519
      vertex 0.9322424456746692 1.1268875370586855 -1.394323502429748
    endloop
  endfacet
  facet normal 0.25727455417315587 0.4340816184196678 -0.8633556349067085
    outer loop
      vertex 0.739942439127175 0.8944367601603567 -1.1398532815176763
      vertex 0.783654976660323 1.234842652426287 -0.9556764975702521
      vertex 0.9322424456746692 1.1268875370586855 -0.9656764975702519
    endloop
  endfacet
  facet normal 0.8443279255020147 0.5358267949789971 0
    outer loop
      vertex 1.2816120756409302 0.7045722008900338 -1.4956764975702521
      vertex 1.183199869408463 0.8596450242556375 -1.4856764975702519
      vertex 1.183199869408463 0.8596450242556375 -1.414323502429748
    endloop
  endfacet
  facet normal 0.8443279255020149 0.535826794978997 0
    outer loop
      vertex 1.2816120756409302 0.7045722008900338 -1.4956764975702521
      vertex 1.183199869408463 0.8596450242556375 -1.414323502429748
      vertex 1.2816120756409302 0.7045722008900338 -1.4243235024297478
    endloop
  endfacet
  facet normal 0.44937946042043536 0.22951067127058042 0.8633556349067086
    outer loop
      vertex 0.9391331637034062 0.6823201828907451 -1.2401467184823236
      vertex 1.2816120756409302 0.7045722008900338 -1.4243235024297478
      vertex 1.183199869408463 0.8596450242556375 -1.414323502429748
    endloop
  endfacet
  facet normal 0.7705132427757894 0.6374239897486895 0
    outer loop
      vertex 1.0661278944260826 1.001160732061684 -1.475676497570252
      vertex 1.0661278944260826 1.001160732061684 -1.4043235024297482
      vertex 1.183199869408463 0.8596450242556375 -1.4856764975702519
    endloop
  endfacet
  facet normal 0.7705132427757894 0.6374239897486895 0
    outer loop
      vertex 1.0661278944260826 1.001160732061684 -1.4043235024297482
      vertex 1.183199869408463 0.8596450242556375 -1.414323502429748
      vertex 1.183199869408463 0.8596450242556375 -1.4856764975702519
    endloop
  endfacet
  facet normal -0.04700728705200899 0.5024015949803933 -0.8633556349067092
    outer loop
      vertex -0.09183210615318768 1.4596295293584427 -0.9056764975702523
      vertex 0.09183210615318768 1.4596295293584427 -0.915676497570252
      vertex 0.07288927138261678 1.158541792627672 -1.089853281517676
    endloop
  endfacet
  facet normal 0.10960423699996412 0.4925484330565764 0.8633556349067092
    outer loop
      vertex 0.27404807128768643 1.4366102997400438 -0.854323502429748
      vertex 0.09183210615318768 1.4596295293584427 -0.8443235024297482
      vertex 0.07288927138261678 1.158541792627672 -0.6701467184823242
    endloop
  endfacet
  facet normal 0.01633099589354881 0.504331583631205 -0.8633556349067085
    outer loop
      vertex 0.21751830679620654 1.1402708964786132 -1.0998532815176763
      vertex 0.09183210615318768 1.4596295293584427 -0.915676497570252
      vertex 0.27404807128768643 1.4366102997400438 -0.9256764975702518
    endloop
  endfacet
  facet normal 0.24868988716485532 0.9685831611286311 0
    outer loop
      vertex 0.27404807128768643 1.4366102997400438 -0.9256764975702518
      vertex 0.27404807128768643 1.4366102997400438 -0.854323502429748
      vertex 0.45194213462959587 1.3909348675053492 -0.9356764975702516
    endloop
  endfacet
  facet normal 0.1704726626560351 0.47492748810928503 0.8633556349067089
    outer loop
      vertex 0.27404807128768643 1.4366102997400438 -0.854323502429748
      vertex 0.21751830679620654 1.1402708964786132 -0.680146718482324
      vertex 0.45194213462959587 1.3909348675053492 -0.8643235024297482
    endloop
  endfacet
  facet normal 0.05938353334850328 0.49705527869671506 0.8656844955795259
    outer loop
      vertex -0.07288927138261678 1.158541792627672 -0.660146718482324
      vertex 0.07288927138261678 1.158541792627672 -0.6701467184823242
      vertex 0.09183210615318768 1.4596295293584427 -0.8443235024297482
    endloop
  endfacet
  facet normal 0.12533323356430276 0.992114701314478 0
    outer loop
      vertex 0.07288927138261678 1.158541792627672 -0.6701467184823242
      vertex 0.07288927138261678 1.158541792627672 -0.589853281517676
      vertex 0.21751830679620654 1.1402708964786132 -0.680146718482324
    endloop
  endfacet
  facet normal 0.12533323356430282 0.992114701314478 0
    outer loop
      vertex 0.07288927138261678 1.158541792627672 -0.589853281517676
      vertex 0.21751830679620654 1.1402708964786132 -0.5998532815176763
      vertex 0.21751830679620654 1.1402708964786132 -0.680146718482324
    endloop
  endfacet
  facet normal 0 1 0
    outer loop
      vertex -0.07288927138261678 1.158541792627672 -0.5798532815176758
      vertex 0.07288927138261678 1.158541792627672 -0.589853281517676
      vertex 0.07288927138261678 1.158541792627672 -0.6701467184823242
    endloop
  endfacet
  facet normal 0.0033822688882164122 0.5005785796160176 -0.8656844955795259
    outer loop
      vertex 0.07288927138261678 1.158541792627672 -0.589853281517676
      vertex 0.09183210615318768 1.4596295293584427 -0.41567649757025205
      vertex 0.21751830679620654 1.1402708964786132 -0.5998532815176763
    endloop
  endfacet
  facet normal 0.24868988716485504 0.9685831611286311 0
    outer loop
      vertex 0.21751830679620654 1.1402708964786132 -0.680146718482324
      vertex 0.21751830679620654 1.1402708964786132 -0.5998532815176763
      vertex 0.3587169485724821 1.1040172471272702 -0.6901467184823238
    endloop
  endfacet
  facet normal 0.12121282179031098 0.48569311910593527 0.8656844955795259
    outer loop
      vertex 0.27404807128768643 1.4366102997400438 -0.854323502429748
      vertex 0.07288927138261678 1.158541792627672 -0.6701467184823242
      vertex 0.21751830679620654 1.1402708964786132 -0.680146718482324
    endloop
  endfacet
  facet normal 0.24868988716485504 0.9685831611286311 0
    outer loop
      vertex 0.3587169485724821 1.1040172471272702 -0.6901467184823238
      vertex 0.21751830679620654 1.1402708964786132 -0.5998532815176763
      vertex 0.3587169485724821 1.1040172471272702 -0.609853281517676
    endloop
  endfacet
  facet normal 0.18113051162346003 0.46667128888784926 0.8656844955795252
    outer loop
      vertex 0.21751830679620654 1.1402708964786132 -0.680146718482324
      vertex 0.3587169485724821 1.1040172471272702 -0.6901467184823238
      vertex 0.45194213462959587 1.3909348675053492 -0.8643235024297482
    endloop
  endfacet
  facet normal 0.06609473072410389 0.49620745730362725 -0.8656844955795254
    outer loop
      vertex 0.21751830679620654 1.1402708964786132 -0.5998532815176763
      vertex 0.27404807128768643 1.4366102997400438 -0.42567649757025183
      vertex 0.3587169485724821 1.1040172471272702 -0.609853281517676
    endloop
  endfacet
  facet normal 0.3681245526846781 0.9297764858882513 0
    outer loop
      vertex 0.3587169485724821 1.1040172471272702 -0.609853281517676
      vertex 0.4942584097826514 1.0503525862807943 -0.6198532815176758
      vertex 0.4942584097826514 1.0503525862807943 -0.700146718482324
    endloop
  endfacet
  facet normal 0.48175367410171605 0.8763066800438633 0
    outer loop
      vertex 0.4942584097826514 1.0503525862807943 -0.700146718482324
      vertex 0.4942584097826514 1.0503525862807943 -0.6198532815176758
      vertex 0.6220051206148858 0.9801232376984488 -0.7101467184823238
    endloop
  endfacet
  facet normal 0.48175367410171605 0.8763066800438631 0
    outer loop
      vertex 0.4942584097826514 1.0503525862807943 -0.6198532815176758
      vertex 0.6220051206148858 0.9801232376984488 -0.6298532815176761
      vertex 0.6220051206148858 0.9801232376984488 -0.7101467184823238
    endloop
  endfacet
  facet normal 0.5877852522924735 0.809016994374947 0
    outer loop
      vertex 0.6220051206148858 0.9801232376984488 -0.7101467184823238
      vertex 0.6220051206148858 0.9801232376984488 -0.6298532815176761
      vertex 0.739942439127175 0.8944367601603567 -0.720146718482324
    endloop
  endfacet
  facet normal 0.5877852522924735 0.809016994374947 0
    outer loop
      vertex 0.6220051206148858 0.9801232376984488 -0.6298532815176761
      vertex 0.739942439127175 0.8944367601603567 -0.6398532815176763
      vertex 0.739942439127175 0.8944367601603567 -0.720146718482324
    endloop
  endfacet
  facet normal 0.24411947472708398 0.4370309327406866 -0.865684495579526
    outer loop
      vertex 0.6220051206148858 0.9801232376984488 -0.6298532815176761
      vertex 0.783654976660323 1.234842652426287 -0.4556764975702521
      vertex 0.739942439127175 0.8944367601603567 -0.6398532815176763
    endloop
  endfacet
  facet normal 0.23819166508618528 0.4402897736680839 0.8656844955795258
    outer loop
      vertex 0.3587169485724821 1.1040172471272702 -0.6901467184823238
      vertex 0.4942584097826514 1.0503525862807943 -0.700146718482324
      vertex 0.6227088005312517 1.323323561505881 -0.874323502429748
    endloop
  endfacet
  facet normal 0.07941172927820184 0.49830796193506666 -0.8633556349067086
    outer loop
      vertex 0.3587169485724821 1.1040172471272702 -1.109853281517676
      vertex 0.27404807128768643 1.4366102997400438 -0.9256764975702518
      vertex 0.45194213462959587 1.3909348675053492 -0.9356764975702516
    endloop
  endfacet
  facet normal 0.24868988716485532 0.968583161128631 0
    outer loop
      vertex 0.27404807128768643 1.4366102997400438 -0.854323502429748
      vertex 0.45194213462959587 1.3909348675053492 -0.8643235024297482
      vertex 0.45194213462959587 1.3909348675053492 -0.9356764975702516
    endloop
  endfacet
  facet normal 0.368124552684678 0.9297764858882515 0
    outer loop
      vertex 0.45194213462959587 1.3909348675053492 -0.9356764975702516
      vertex 0.45194213462959587 1.3909348675053492 -0.8643235024297482
      vertex 0.6227088005312517 1.323323561505881 -0.9456764975702519
    endloop
  endfacet
  facet normal 0.22865263258658355 0.44981665296658263 0.8633556349067084
    outer loop
      vertex 0.3587169485724821 1.1040172471272702 -0.6901467184823238
      vertex 0.6227088005312517 1.323323561505881 -0.874323502429748
      vertex 0.45194213462959587 1.3909348675053492 -0.8643235024297482
    endloop
  endfacet
  facet normal 0.29149639370169356 0.40696462570121383 0.865684495579526
    outer loop
      vertex 0.4942584097826514 1.0503525862807943 -0.700146718482324
      vertex 0.6220051206148858 0.9801232376984488 -0.7101467184823238
      vertex 0.783654976660323 1.234842652426287 -0.8843235024297478
    endloop
  endfacet
  facet normal 0.2832266139107813 0.41761194049915107 0.8633556349067091
    outer loop
      vertex 0.4942584097826514 1.0503525862807943 -0.700146718482324
      vertex 0.783654976660323 1.234842652426287 -0.8843235024297478
      vertex 0.6227088005312517 1.323323561505881 -0.874323502429748
    endloop
  endfacet
  facet normal 0.368124552684678 0.9297764858882515 0
    outer loop
      vertex 0.45194213462959587 1.3909348675053492 -0.8643235024297482
      vertex 0.6227088005312517 1.323323561505881 -0.874323502429748
      vertex 0.6227088005312517 1.323323561505881 -0.9456764975702519
    endloop
  endfacet
  facet normal 0.48175367410171527 0.8763066800438636 0
    outer loop
      vertex 0.6227088005312517 1.323323561505881 -0.9456764975702519
      vertex 0.6227088005312517 1.323323561505881 -0.874323502429748
      vertex 0.783654976660323 1.234842652426287 -0.9556764975702521
    endloop
  endfacet
  facet normal 0.3681245526846781 0.9297764858882515 0
    outer loop
      vertex 0.3587169485724821 1.1040172471272702 -0.6901467184823238
      vertex 0.3587169485724821 1.1040172471272702 -0.609853281517676
      vertex 0.4942584097826514 1.0503525862807943 -0.700146718482324
    endloop
  endfacet
  facet normal 0.12776483917338977 0.4840108469695899 -0.8656844955795258
    outer loop
      vertex 0.3587169485724821 1.1040172471272702 -0.609853281517676
      vertex 0.45194213462959587 1.3909348675053492 -0.43567649757025206
      vertex 0.4942584097826514 1.0503525862807943 -0.6198532815176758
    endloop
  endfacet
  facet normal 0.14124009225386894 0.4844257260044639 -0.8633556349067091
    outer loop
      vertex 0.4942584097826514 1.0503525862807943 -0.6198532815176758
      vertex 0.45194213462959587 1.3909348675053492 -0.43567649757025206
      vertex 0.6227088005312517 1.323323561505881 -0.44567649757025185
    endloop
  endfacet
  facet normal 0.18742001978589418 0.4641810964447789 -0.8656844955795258
    outer loop
      vertex 0.4942584097826514 1.0503525862807943 -0.6198532815176758
      vertex 0.6227088005312517 1.323323561505881 -0.44567649757025185
      vertex 0.6220051206148858 0.9801232376984488 -0.6298532815176761
    endloop
  endfacet
  facet normal 0.2008410146019497 0.4629038069928706 -0.863355634906709
    outer loop
      vertex 0.6220051206148858 0.9801232376984488 -0.6298532815176761
      vertex 0.6227088005312517 1.323323561505881 -0.44567649757025185
      vertex 0.783654976660323 1.234842652426287 -0.4556764975702521
    endloop
  endfacet
  facet normal -0.047007287052011064 0.5024015949803933 -0.8633556349067091
    outer loop
      vertex -0.09183210615318768 1.4596295293584427 -0.4056764975702518
      vertex 0.09183210615318768 1.4596295293584427 -0.41567649757025205
      vertex 0.07288927138261678 1.158541792627672 -0.589853281517676
    endloop
  endfacet
  facet normal 0.10960423699996412 0.4925484330565764 0.8633556349067092
    outer loop
      vertex 0.27404807128768643 1.4366102997400438 -0.35432350242974797
      vertex 0.09183210615318768 1.4596295293584427 -0.3443235024297482
      vertex 0.07288927138261678 1.158541792627672 -0.1701467184823242
    endloop
  endfacet
  facet normal 0.01633099589354881 0.504331583631205 -0.8633556349067085
    outer loop
      vertex 0.21751830679620654 1.1402708964786132 -0.5998532815176763
      vertex 0.09183210615318768 1.4596295293584427 -0.41567649757025205
      vertex 0.27404807128768643 1.4366102997400438 -0.42567649757025183
    endloop
  endfacet
  facet normal 0.24868988716485532 0.9685831611286311 0
    outer loop
      vertex 0.27404807128768643 1.4366102997400438 -0.42567649757025183
      vertex 0.27404807128768643 1.4366102997400438 -0.35432350242974797
      vertex 0.45194213462959587 1.3909348675053492 -0.43567649757025206
    endloop
  endfacet
  facet normal 0.1704726626560351 0.47492748810928503 0.8633556349067089
    outer loop
      vertex 0.27404807128768643 1.4366102997400438 -0.35432350242974797
      vertex 0.21751830679620654 1.1402708964786132 -0.180146718482324
      vertex 0.45194213462959587 1.3909348675053492 -0.3643235024297482
    endloop
  endfacet
  facet normal 0.05938353334850328 0.49705527869671506 0.8656844955795259
    outer loop
      vertex -0.07288927138261678 1.158541792627672 -0.16014671848232398
      vertex 0.07288927138261678 1.158541792627672 -0.1701467184823242
      vertex 0.09183210615318768 1.4596295293584427 -0.3443235024297482
    endloop
  endfacet
  facet normal 0 1 0
    outer loop
      vertex -0.07288927138261678 1.158541792627672 0.06966718156366802
      vertex 0.07288927138261678 1.158541792627672 0.05966718156366824
      vertex 0.07288927138261678 1.158541792627672 -0.1701467184823242
    endloop
  endfacet
  facet normal 0.1253332335643028 0.9921147013144781 0
    outer loop
      vertex 0.07288927138261678 1.158541792627672 -0.1701467184823242
      vertex 0.07288927138261678 1.158541792627672 0.05966718156366824
      vertex 0.21751830679620654 1.1402708964786132 -0.180146718482324
    endloop
  endfacet
  facet normal 0.1253332335643028 0.9921147013144781 0
    outer loop
      vertex 0.21751830679620654 1.1402708964786132 -0.180146718482324
      vertex 0.07288927138261678 1.158541792627672 0.05966718156366824
      vertex 0.21751830679620654 1.1402708964786132 0.04966718156366823
    endloop
  endfacet
  facet normal 0.12121282179031098 0.48569311910593527 0.8656844955795259
    outer loop
      vertex 0.27404807128768643 1.4366102997400438 -0.35432350242974797
      vertex 0.07288927138261678 1.158541792627672 -0.1701467184823242
      vertex 0.21751830679620654 1.1402708964786132 -0.180146718482324
    endloop
  endfacet
  facet normal 0.18113051162346003 0.46667128888784926 0.8656844955795252
    outer loop
      vertex 0.21751830679620654 1.1402708964786132 -0.180146718482324
      vertex 0.3587169485724821 1.1040172471272702 -0.19014671848232378
      vertex 0.45194213462959587 1.3909348675053492 -0.3643235024297482
    endloop
  endfacet
  facet normal 0.2486898871648551 0.9685831611286311 0
    outer loop
      vertex 0.21751830679620654 1.1402708964786132 -0.180146718482324
      vertex 0.21751830679620654 1.1402708964786132 0.04966718156366823
      vertex 0.3587169485724821 1.1040172471272702 -0.19014671848232378
    endloop
  endfacet
  facet normal 0.24868988716485504 0.9685831611286311 0
    outer loop
      vertex 0.3587169485724821 1.1040172471272702 -0.19014671848232378
      vertex 0.21751830679620654 1.1402708964786132 0.04966718156366823
      vertex 0.3587169485724821 1.1040172471272702 0.03966718156366822
    endloop
  endfacet
  facet normal 0.48175367410171605 0.8763066800438631 0
    outer loop
      vertex 0.4942584097826514 1.0503525862807943 -0.20014671848232402
      vertex 0.4942584097826514 1.0503525862807943 0.02966718156366821
      vertex 0.6220051206148858 0.9801232376984488 -0.21014671848232425
    endloop
  endfacet
  facet normal 0.3681245526846781 0.9297764858882513 0
    outer loop
      vertex 0.4942584097826514 1.0503525862807943 -0.20014671848232402
      vertex 0.3587169485724821 1.1040172471272702 0.03966718156366822
      vertex 0.4942584097826514 1.0503525862807943 0.02966718156366821
    endloop
  endfacet
  facet normal 0.5877852522924735 0.8090169943749471 0
    outer loop
      vertex 0.6220051206148858 0.9801232376984488 -0.21014671848232425
      vertex 0.6220051206148858 0.9801232376984488 0.0196671815636682
      vertex 0.739942439127175 0.8944367601603567 -0.22014671848232403
    endloop
  endfacet
  facet normal 0.4817536741017161 0.8763066800438633 0
    outer loop
      vertex 0.6220051206148858 0.9801232376984488 -0.21014671848232425
      vertex 0.4942584097826514 1.0503525862807943 0.02966718156366821
      vertex 0.6220051206148858 0.9801232376984488 0.0196671815636682
    endloop
  endfacet
  facet normal 0.5877852522924736 0.8090169943749472 0
    outer loop
      vertex 0.739942439127175 0.8944367601603567 -0.22014671848232403
      vertex 0.6220051206148858 0.9801232376984488 0.0196671815636682
      vertex 0.739942439127175 0.8944367601603567 0.009667181563668192
    endloop
  endfacet
  facet normal 0.23819166508618528 0.4402897736680839 0.8656844955795258
    outer loop
      vertex 0.3587169485724821 1.1040172471272702 -0.19014671848232378
      vertex 0.4942584097826514 1.0503525862807943 -0.20014671848232402
      vertex 0.6227088005312517 1.323323561505881 -0.374323502429748
    endloop
  endfacet
  facet normal 0.0794117292781996 0.4983079619350663 -0.863355634906709
    outer loop
      vertex 0.3587169485724821 1.1040172471272702 -0.609853281517676
      vertex 0.27404807128768643 1.4366102997400438 -0.42567649757025183
      vertex 0.45194213462959587 1.3909348675053492 -0.43567649757025206
    endloop
  endfacet
  facet normal 0.24868988716485524 0.968583161128631 0
    outer loop
      vertex 0.27404807128768643 1.4366102997400438 -0.35432350242974797
      vertex 0.45194213462959587 1.3909348675053492 -0.3643235024297482
      vertex 0.45194213462959587 1.3909348675053492 -0.43567649757025206
    endloop
  endfacet
  facet normal 0.36812455268467786 0.9297764858882513 0
    outer loop
      vertex 0.45194213462959587 1.3909348675053492 -0.43567649757025206
      vertex 0.45194213462959587 1.3909348675053492 -0.3643235024297482
      vertex 0.6227088005312517 1.323323561505881 -0.44567649757025185
    endloop
  endfacet
  facet normal 0.22865263258658355 0.44981665296658263 0.8633556349067084
    outer loop
      vertex 0.3587169485724821 1.1040172471272702 -0.19014671848232378
      vertex 0.6227088005312517 1.323323561505881 -0.374323502429748
      vertex 0.45194213462959587 1.3909348675053492 -0.3643235024297482
    endloop
  endfacet
  facet normal 0.2914963937016958 0.4069646257012124 0.8656844955795259
    outer loop
      vertex 0.4942584097826514 1.0503525862807943 -0.20014671848232402
      vertex 0.6220051206148858 0.9801232376984488 -0.21014671848232425
      vertex 0.783654976660323 1.234842652426287 -0.3843235024297482
    endloop
  endfacet
  facet normal 0.2832266139107831 0.41761194049915007 0.8633556349067089
    outer loop
      vertex 0.4942584097826514 1.0503525862807943 -0.20014671848232402
      vertex 0.783654976660323 1.234842652426287 -0.3843235024297482
      vertex 0.6227088005312517 1.323323561505881 -0.374323502429748
    endloop
  endfacet
  facet normal 0.368124552684678 0.9297764858882515 0
    outer loop
      vertex 0.45194213462959587 1.3909348675053492 -0.3643235024297482
      vertex 0.6227088005312517 1.323323561505881 -0.374323502429748
      vertex 0.6227088005312517 1.323323561505881 -0.44567649757025185
    endloop
  endfacet
  facet normal 0.48175367410171527 0.8763066800438636 0
    outer loop
      vertex 0.6227088005312517 1.323323561505881 -0.44567649757025185
      vertex 0.6227088005312517 1.323323561505881 -0.374323502429748
      vertex 0.783654976660323 1.234842652426287 -0.4556764975702521
    endloop
  endfacet
  facet normal 0.3681245526846781 0.9297764858882513 0
    outer loop
      vertex 0.3587169485724821 1.1040172471272702 -0.19014671848232378
      vertex 0.3587169485724821 1.1040172471272702 0.03966718156366822
      vertex 0.4942584097826514 1.0503525862807943 -0.20014671848232402
    endloop
  endfacet
  facet normal 0.4514969406704789 0.21619636139033402 0.8656844955795259
    outer loop
      vertex 1.01724521305001 0.5592352882950686 -0.7501467184823238
      vertex 1.2816120756409302 0.7045722008900338 -0.9243235024297478
      vertex 0.9391331637034062 0.6823201828907451 -0.740146718482324
    endloop
  endfacet
  facet normal 0.9048270524660199 0.425779291565072 0
    outer loop
      vertex 1.0793146977139798 0.42733091913201054 -0.7601467184823241
      vertex 1.01724521305001 0.5592352882950686 -0.6698532815176761
      vertex 1.0793146977139798 0.42733091913201054 -0.6798532815176763
    endloop
  endfacet
  facet normal 0.9048270524660199 0.425779291565072 0
    outer loop
      vertex 1.0793146977139798 0.42733091913201054 -0.7601467184823241
      vertex 1.01724521305001 0.5592352882950686 -0.7501467184823238
      vertex 1.01724521305001 0.5592352882950686 -0.6698532815176761
    endloop
  endfacet
  facet normal 0.8443279255020146 0.5358267949789972 0
    outer loop
      vertex 1.01724521305001 0.5592352882950686 -0.7501467184823238
      vertex 0.9391331637034062 0.6823201828907451 -0.6598532815176759
      vertex 1.01724521305001 0.5592352882950686 -0.6698532815176761
    endloop
  endfacet
  facet normal 0.8443279255020147 0.5358267949789973 0
    outer loop
      vertex 1.01724521305001 0.5592352882950686 -0.7501467184823238
      vertex 0.9391331637034062 0.6823201828907451 -0.740146718482324
      vertex 0.9391331637034062 0.6823201828907451 -0.6598532815176759
    endloop
  endfacet
  facet normal 0.7705132427757894 0.6374239897486896 0
    outer loop
      vertex 0.9391331637034062 0.6823201828907451 -0.740146718482324
      vertex 0.8462104233542409 0.7946444806039145 -0.6498532815176761
      vertex 0.9391331637034062 0.6823201828907451 -0.6598532815176759
    endloop
  endfacet
  facet normal 0.3878583639731664 0.31647471243257463 -0.8656844955795259
    outer loop
      vertex 0.9391331637034062 0.6823201828907451 -0.6598532815176759
      vertex 1.183199869408463 0.8596450242556375 -0.4856764975702519
      vertex 1.01724521305001 0.5592352882950686 -0.6698532815176761
    endloop
  endfacet
  facet normal 0.9980267284282716 0.0627905195293121 0
    outer loop
      vertex 1.1608324302618482 0 -0.7901467184823239
      vertex 1.1516789198253932 0.14549088211102718 -0.7801467184823236
      vertex 1.1516789198253932 0.14549088211102718 -0.6998532815176759
    endloop
  endfacet
  facet normal 0.4998031765561242 -0.028055994326164038 0.8656844955795258
    outer loop
      vertex 1.1608324302618482 0 -0.7901467184823239
      vertex 1.462515469557734 0 -0.9643235024297478
      vertex 1.1516789198253932 0.14549088211102718 -0.7801467184823236
    endloop
  endfacet
  facet normal 0.499378427714767 0.03480718383251122 0.8656844955795253
    outer loop
      vertex 1.1516789198253932 0.14549088211102718 -0.7801467184823236
      vertex 1.4509830982480747 0.1833017929374876 -0.9543235024297481
      vertex 1.1243627448436522 0.2886872860991232 -0.7701467184823239
    endloop
  endfacet
  facet normal 0.49107818275413373 0.09712143190933939 0.8656844955795254
    outer loop
      vertex 1.0793146977139798 0.42733091913201054 -0.7601467184823241
      vertex 1.1243627448436522 0.2886872860991232 -0.7701467184823239
      vertex 1.4165678567037543 0.3637128071011675 -0.9443235024297483
    endloop
  endfacet
  facet normal 0.5043618321710879 -0.015368471747630693 0.8633556349067085
    outer loop
      vertex 1.1516789198253932 0.14549088211102718 -0.7801467184823236
      vertex 1.462515469557734 0 -0.9643235024297478
      vertex 1.4509830982480747 0.1833017929374876 -0.9543235024297481
    endloop
  endfacet
  facet normal 0.5023109687379136 0.0479660125548594 0.8633556349067085
    outer loop
      vertex 1.1243627448436522 0.2886872860991232 -0.7701467184823239
      vertex 1.4509830982480747 0.1833017929374876 -0.9543235024297481
      vertex 1.4165678567037543 0.3637128071011675 -0.9443235024297483
    endloop
  endfacet
  facet normal 0.9822872507286886 0.1873813145857253 0
    outer loop
      vertex 1.4165678567037543 0.3637128071011675 -0.9443235024297483
      vertex 1.4509830982480747 0.1833017929374876 -0.9543235024297481
      vertex 1.4509830982480747 0.1833017929374876 -1.025676497570252
    endloop
  endfacet
  facet normal 0.9822872507286886 0.18738131458572527 0
    outer loop
      vertex 1.4165678567037543 0.3637128071011675 -1.0156764975702517
      vertex 1.4165678567037543 0.3637128071011675 -0.9443235024297483
      vertex 1.4509830982480747 0.1833017929374876 -1.025676497570252
    endloop
  endfacet
  facet normal 0.9980267284282716 0.06279051952931208 0
    outer loop
      vertex 1.1608324302618482 0 -0.7901467184823239
      vertex 1.1516789198253932 0.14549088211102718 -0.6998532815176759
      vertex 1.1608324302618482 0 -0.7098532815176761
    endloop
  endfacet
  facet normal 0.49234573073524673 0.09047671269447155 -0.8656844955795259
    outer loop
      vertex 1.1608324302618482 0 -0.7098532815176761
      vertex 1.1516789198253932 0.14549088211102718 -0.6998532815176759
      vertex 1.4509830982480747 0.1833017929374876 -0.5256764975702519
    endloop
  endfacet
  facet normal 0.9822872507286884 0.18738131458572604 0
    outer loop
      vertex 1.1516789198253932 0.14549088211102718 -0.7801467184823236
      vertex 1.1243627448436522 0.2886872860991232 -0.6898532815176761
      vertex 1.1516789198253932 0.14549088211102718 -0.6998532815176759
    endloop
  endfacet
  facet normal 0.9822872507286884 0.18738131458572607 0
    outer loop
      vertex 1.1516789198253932 0.14549088211102718 -0.7801467184823236
      vertex 1.1243627448436522 0.2886872860991232 -0.7701467184823239
      vertex 1.1243627448436522 0.2886872860991232 -0.6898532815176761
    endloop
  endfacet
  facet normal 0.9510565162951535 0.3090169943749479 0
    outer loop
      vertex 1.0793146977139798 0.42733091913201054 -0.6798532815176763
      vertex 1.1243627448436522 0.2886872860991232 -0.6898532815176761
      vertex 1.1243627448436522 0.2886872860991232 -0.7701467184823239
    endloop
  endfacet
  facet normal 0.4771236986275922 0.1514705592554191 -0.8656844955795253
    outer loop
      vertex 1.1516789198253932 0.14549088211102718 -0.6998532815176759
      vertex 1.1243627448436522 0.2886872860991232 -0.6898532815176761
      vertex 1.4165678567037543 0.3637128071011675 -0.5156764975702517
    endloop
  endfacet
  facet normal 0.4984586082197683 0.07846058606998149 -0.863355634906709
    outer loop
      vertex 1.1608324302618482 0 -0.7098532815176761
      vertex 1.4509830982480747 0.1833017929374876 -0.5256764975702519
      vertex 1.462515469557734 0 -0.5356764975702522
    endloop
  endfacet
  facet normal 0.48469439425208455 0.14031533007992544 -0.8633556349067089
    outer loop
      vertex 1.1516789198253932 0.14549088211102718 -0.6998532815176759
      vertex 1.4165678567037543 0.3637128071011675 -0.5156764975702517
      vertex 1.4509830982480747 0.1833017929374876 -0.5256764975702519
    endloop
  endfacet
  facet normal 0.47503334149558146 0.1579040169874231 0.8656844955795258
    outer loop
      vertex 1.0793146977139798 0.42733091913201054 -0.7601467184823241
      vertex 1.3598124938425957 0.5383878530253626 -0.934323502429748
      vertex 1.01724521305001 0.5592352882950686 -0.7501467184823238
    endloop
  endfacet
  facet normal 0.47460128371973775 0.17137873020421884 0.863355634906709
    outer loop
      vertex 1.01724521305001 0.5592352882950686 -0.7501467184823238
      vertex 1.3598124938425957 0.5383878530253626 -0.934323502429748
      vertex 1.2816120756409302 0.7045722008900338 -0.9243235024297478
    endloop
  endfacet
  facet normal 0.49233836126171443 0.1105440441858493 0.8633556349067089
    outer loop
      vertex 1.0793146977139798 0.42733091913201054 -0.7601467184823241
      vertex 1.4165678567037543 0.3637128071011675 -0.9443235024297483
      vertex 1.3598124938425957 0.5383878530253626 -0.934323502429748
    endloop
  endfacet
  facet normal 0.9510565162951534 0.30901699437494806 0
    outer loop
      vertex 1.4165678567037543 0.3637128071011675 -1.0156764975702517
      vertex 1.3598124938425957 0.5383878530253626 -0.934323502429748
      vertex 1.4165678567037543 0.3637128071011675 -0.9443235024297483
    endloop
  endfacet
  facet normal 0.9510565162951534 0.309016994374948 0
    outer loop
      vertex 1.4165678567037543 0.3637128071011675 -1.0156764975702517
      vertex 1.3598124938425957 0.5383878530253626 -1.005676497570252
      vertex 1.3598124938425957 0.5383878530253626 -0.934323502429748
    endloop
  endfacet
  facet normal 0.9048270524660199 0.42577929156507177 0
    outer loop
      vertex 1.3598124938425957 0.5383878530253626 -1.005676497570252
      vertex 1.2816120756409302 0.7045722008900338 -0.9243235024297478
      vertex 1.3598124938425957 0.5383878530253626 -0.934323502429748
    endloop
  endfacet
  facet normal 0.9048270524660199 0.4257792915650718 0
    outer loop
      vertex 1.3598124938425957 0.5383878530253626 -1.005676497570252
      vertex 1.2816120756409302 0.7045722008900338 -0.9956764975702521
      vertex 1.2816120756409302 0.7045722008900338 -0.9243235024297478
    endloop
  endfacet
  facet normal 0.9510565162951535 0.3090169943749479 0
    outer loop
      vertex 1.0793146977139798 0.42733091913201054 -0.7601467184823241
      vertex 1.0793146977139798 0.42733091913201054 -0.6798532815176763
      vertex 1.1243627448436522 0.2886872860991232 -0.7701467184823239
    endloop
  endfacet
  facet normal 0.4543771407726976 0.21007562461278326 -0.8656844955795252
    outer loop
      vertex 1.0793146977139798 0.42733091913201054 -0.6798532815176763
      vertex 1.3598124938425957 0.5383878530253626 -0.5056764975702519
      vertex 1.1243627448436522 0.2886872860991232 -0.6898532815176761
    endloop
  endfacet
  facet normal 0.42446478397606835 0.2653676718769105 -0.8656844955795259
    outer loop
      vertex 1.0793146977139798 0.42733091913201054 -0.6798532815176763
      vertex 1.01724521305001 0.5592352882950686 -0.6698532815176761
      vertex 1.2816120756409302 0.7045722008900338 -0.4956764975702521
    endloop
  endfacet
  facet normal 0.39900393249696237 0.3088898015907826 -0.8633556349067091
    outer loop
      vertex 1.01724521305001 0.5592352882950686 -0.6698532815176761
      vertex 1.183199869408463 0.8596450242556375 -0.4856764975702519
      vertex 1.2816120756409302 0.7045722008900338 -0.4956764975702521
    endloop
  endfacet
  facet normal 0.434571824960937 0.25644566017960774 -0.8633556349067085
    outer loop
      vertex 1.0793146977139798 0.42733091913201054 -0.6798532815176763
      vertex 1.2816120756409302 0.7045722008900338 -0.4956764975702521
      vertex 1.3598124938425957 0.5383878530253626 -0.5056764975702519
    endloop
  endfacet
  facet normal 0.4632862601446503 0.19995721751419127 -0.8633556349067085
    outer loop
      vertex 1.1243627448436522 0.2886872860991232 -0.6898532815176761
      vertex 1.3598124938425957 0.5383878530253626 -0.5056764975702519
      vertex 1.4165678567037543 0.3637128071011675 -0.5156764975702517
    endloop
  endfacet
  facet normal 0.4514969406704789 0.21619636139033402 0.8656844955795259
    outer loop
      vertex 1.01724521305001 0.5592352882950686 -0.25014671848232384
      vertex 1.2816120756409302 0.7045722008900338 -0.4243235024297478
      vertex 0.9391331637034062 0.6823201828907451 -0.24014671848232405
    endloop
  endfacet
  facet normal 0.9048270524660199 0.42577929156507194 0
    outer loop
      vertex 1.0793146977139798 0.42733091913201054 -0.26014671848232407
      vertex 1.01724521305001 0.5592352882950686 -0.25014671848232384
      vertex 1.01724521305001 0.5592352882950686 -0.020332818436331834
    endloop
  endfacet
  facet normal 0.9048270524660198 0.42577929156507194 0
    outer loop
      vertex 1.0793146977139798 0.42733091913201054 -0.26014671848232407
      vertex 1.01724521305001 0.5592352882950686 -0.020332818436331834
      vertex 1.0793146977139798 0.42733091913201054 -0.03033281843633162
    endloop
  endfacet
  facet normal 0.9048270524660199 0.425779291565072 0
    outer loop
      vertex 1.0793146977139798 0.42733091913201054 -0.03033281843633162
      vertex 1.01724521305001 0.5592352882950686 -0.020332818436331834
      vertex 1.01724521305001 0.5592352882950686 0.029743006948552697
    endloop
  endfacet
  facet normal 0.8443279255020147 0.5358267949789973 0
    outer loop
      vertex 1.01724521305001 0.5592352882950686 -0.25014671848232384
      vertex 0.9391331637034062 0.6823201828907451 -0.24014671848232405
      vertex 0.9391331637034062 0.6823201828907451 -0.010332818436332047
    endloop
  endfacet
  facet normal 0.8443279255020147 0.5358267949789973 0
    outer loop
      vertex 1.01724521305001 0.5592352882950686 -0.25014671848232384
      vertex 0.9391331637034062 0.6823201828907451 -0.010332818436332047
      vertex 1.01724521305001 0.5592352882950686 -0.020332818436331834
    endloop
  endfacet
  facet normal 0.7705132427757891 0.6374239897486895 0
    outer loop
      vertex 0.9391331637034062 0.6823201828907451 -0.24014671848232405
      vertex 0.8462104233542409 0.7946444806039145 -0.0003328184363318165
      vertex 0.9391331637034062 0.6823201828907451 -0.010332818436332047
    endloop
  endfacet
  facet normal 0.8443279255020146 0.5358267949789973 0
    outer loop
      vertex 0.9391331637034062 0.6823201828907451 -0.010332818436332047
      vertex 0.9391331637034062 0.6823201828907451 0.039743006948552484
      vertex 1.01724521305001 0.5592352882950686 -0.020332818436331834
    endloop
  endfacet
  facet normal 0.4998031765561242 -0.028055994326164038 0.8656844955795258
    outer loop
      vertex 1.1608324302618482 0 -0.2901467184823239
      vertex 1.462515469557734 0 -0.46432350242974785
      vertex 1.1516789198253932 0.14549088211102718 -0.28014671848232364
    endloop
  endfacet
  facet normal 0.499378427714767 0.03480718383251122 0.8656844955795253
    outer loop
      vertex 1.1516789198253932 0.14549088211102718 -0.28014671848232364
      vertex 1.4509830982480747 0.1833017929374876 -0.45432350242974806
      vertex 1.1243627448436522 0.2886872860991232 -0.27014671848232386
    endloop
  endfacet
  facet normal 0.49107818275413373 0.09712143190933939 0.8656844955795254
    outer loop
      vertex 1.0793146977139798 0.42733091913201054 -0.26014671848232407
      vertex 1.1243627448436522 0.2886872860991232 -0.27014671848232386
      vertex 1.4165678567037543 0.3637128071011675 -0.4443235024297483
    endloop
  endfacet
  facet normal 0.5043618321710879 -0.015368471747630693 0.8633556349067085
    outer loop
      vertex 1.1516789198253932 0.14549088211102718 -0.28014671848232364
      vertex 1.462515469557734 0 -0.46432350242974785
      vertex 1.4509830982480747 0.1833017929374876 -0.45432350242974806
    endloop
  endfacet
  facet normal 0.5023109687379136 0.0479660125548594 0.8633556349067085
    outer loop
      vertex 1.1243627448436522 0.2886872860991232 -0.27014671848232386
      vertex 1.4509830982480747 0.1833017929374876 -0.45432350242974806
      vertex 1.4165678567037543 0.3637128071011675 -0.4443235024297483
    endloop
  endfacet
  facet normal 0.9822872507286886 0.1873813145857253 0
    outer loop
      vertex 1.4165678567037543 0.3637128071011675 -0.4443235024297483
      vertex 1.4509830982480747 0.1833017929374876 -0.45432350242974806
      vertex 1.4509830982480747 0.1833017929374876 -0.5256764975702519
    endloop
  endfacet
  facet normal 0.9822872507286886 0.18738131458572527 0
    outer loop
      vertex 1.4165678567037543 0.3637128071011675 -0.5156764975702517
      vertex 1.4165678567037543 0.3637128071011675 -0.4443235024297483
      vertex 1.4509830982480747 0.1833017929374876 -0.5256764975702519
    endloop
  endfacet
  facet normal 0.9980267284282718 0.0627905195293121 0
    outer loop
      vertex 1.1608324302618482 0 -0.2901467184823239
      vertex 1.1516789198253932 0.14549088211102718 -0.05033281843633208
      vertex 1.1608324302618482 0 -0.06033281843633187
    endloop
  endfacet
  facet normal 0.9980267284282716 0.06279051952931208 0
    outer loop
      vertex 1.1608324302618482 0 -0.2901467184823239
      vertex 1.1516789198253932 0.14549088211102718 -0.28014671848232364
      vertex 1.1516789198253932 0.14549088211102718 -0.05033281843633208
    endloop
  endfacet
  facet normal 0.9980267284282716 0.06279051952931208 0
    outer loop
      vertex 1.1608324302618482 0 -0.06033281843633187
      vertex 1.1516789198253932 0.14549088211102718 -0.0002569930514475516
      vertex 1.1608324302618482 0 -0.010256993051447338
    endloop
  endfacet
  facet normal 0.9980267284282717 0.06279051952931208 0
    outer loop
      vertex 1.1608324302618482 0 -0.06033281843633187
      vertex 1.1516789198253932 0.14549088211102718 -0.05033281843633208
      vertex 1.1516789198253932 0.14549088211102718 -0.0002569930514475516
    endloop
  endfacet
  facet normal 0.9980267284282717 0.06279051952931211 0
    outer loop
      vertex 1.1608324302618482 0 -0.010256993051447338
      vertex 1.1516789198253932 0.14549088211102718 -0.0002569930514475516
      vertex 1.1516789198253932 0.14549088211102718 0.02025699305144757
    endloop
  endfacet
  facet normal 0.9822872507286884 0.1873813145857261 0
    outer loop
      vertex 1.1516789198253932 0.14549088211102718 -0.28014671848232364
      vertex 1.1243627448436522 0.2886872860991232 -0.27014671848232386
      vertex 1.1243627448436522 0.2886872860991232 -0.04033281843633185
    endloop
  endfacet
  facet normal 0.9822872507286884 0.18738131458572604 0
    outer loop
      vertex 1.1516789198253932 0.14549088211102718 -0.28014671848232364
      vertex 1.1243627448436522 0.2886872860991232 -0.04033281843633185
      vertex 1.1516789198253932 0.14549088211102718 -0.05033281843633208
    endloop
  endfacet
  facet normal 0.9822872507286884 0.18738131458572604 0
    outer loop
      vertex 1.1516789198253932 0.14549088211102718 -0.05033281843633208
      vertex 1.1243627448436522 0.2886872860991232 0.00974300694855268
      vertex 1.1516789198253932 0.14549088211102718 -0.0002569930514475516
    endloop
  endfacet
  facet normal 0.9822872507286885 0.1873813145857261 0
    outer loop
      vertex 1.1516789198253932 0.14549088211102718 -0.05033281843633208
      vertex 1.1243627448436522 0.2886872860991232 -0.04033281843633185
      vertex 1.1243627448436522 0.2886872860991232 0.00974300694855268
    endloop
  endfacet
  facet normal 0.9510565162951534 0.30901699437494784 0
    outer loop
      vertex 1.0793146977139798 0.42733091913201054 -0.03033281843633162
      vertex 1.1243627448436522 0.2886872860991232 -0.04033281843633185
      vertex 1.1243627448436522 0.2886872860991232 -0.27014671848232386
    endloop
  endfacet
  facet normal 0.9510565162951534 0.3090169943749479 0
    outer loop
      vertex 1.1243627448436522 0.2886872860991232 -0.04033281843633185
      vertex 1.0793146977139798 0.42733091913201054 0.019743006948552466
      vertex 1.1243627448436522 0.2886872860991232 0.00974300694855268
    endloop
  endfacet
  facet normal 0.47503334149558146 0.1579040169874231 0.8656844955795258
    outer loop
      vertex 1.0793146977139798 0.42733091913201054 -0.26014671848232407
      vertex 1.3598124938425957 0.5383878530253626 -0.43432350242974804
      vertex 1.01724521305001 0.5592352882950686 -0.25014671848232384
    endloop
  endfacet
  facet normal 0.47460128371973775 0.17137873020421884 0.863355634906709
    outer loop
      vertex 1.01724521305001 0.5592352882950686 -0.25014671848232384
      vertex 1.3598124938425957 0.5383878530253626 -0.43432350242974804
      vertex 1.2816120756409302 0.7045722008900338 -0.4243235024297478
    endloop
  endfacet
  facet normal 0.49233836126171443 0.1105440441858493 0.8633556349067089
    outer loop
      vertex 1.0793146977139798 0.42733091913201054 -0.26014671848232407
      vertex 1.4165678567037543 0.3637128071011675 -0.4443235024297483
      vertex 1.3598124938425957 0.5383878530253626 -0.43432350242974804
    endloop
  endfacet
  facet normal 0.9510565162951534 0.30901699437494806 0
    outer loop
      vertex 1.4165678567037543 0.3637128071011675 -0.5156764975702517
      vertex 1.3598124938425957 0.5383878530253626 -0.43432350242974804
      vertex 1.4165678567037543 0.3637128071011675 -0.4443235024297483
    endloop
  endfacet
  facet normal 0.9510565162951534 0.309016994374948 0
    outer loop
      vertex 1.4165678567037543 0.3637128071011675 -0.5156764975702517
      vertex 1.3598124938425957 0.5383878530253626 -0.5056764975702519
      vertex 1.3598124938425957 0.5383878530253626 -0.43432350242974804
    endloop
  endfacet
  facet normal 0.9048270524660199 0.42577929156507177 0
    outer loop
      vertex 1.3598124938425957 0.5383878530253626 -0.5056764975702519
      vertex 1.2816120756409302 0.7045722008900338 -0.4243235024297478
      vertex 1.3598124938425957 0.5383878530253626 -0.43432350242974804
    endloop
  endfacet
  facet normal 0.9048270524660199 0.4257792915650718 0
    outer loop
      vertex 1.3598124938425957 0.5383878530253626 -0.5056764975702519
      vertex 1.2816120756409302 0.7045722008900338 -0.4956764975702521
      vertex 1.2816120756409302 0.7045722008900338 -0.4243235024297478
    endloop
  endfacet
  facet normal 0.9510565162951533 0.30901699437494784 0
    outer loop
      vertex 1.0793146977139798 0.42733091913201054 -0.26014671848232407
      vertex 1.0793146977139798 0.42733091913201054 -0.03033281843633162
      vertex 1.1243627448436522 0.2886872860991232 -0.27014671848232386
    endloop
  endfacet
  facet normal 0.9510565162951534 0.30901699437494784 0
    outer loop
      vertex 1.0793146977139798 0.42733091913201054 -0.03033281843633162
      vertex 1.0793146977139798 0.42733091913201054 0.019743006948552466
      vertex 1.1243627448436522 0.2886872860991232 -0.04033281843633185
    endloop
  endfacet
  facet normal 0.3835464853149047 0.3216868783705768 0.8656844955795255
    outer loop
      vertex 1.0661278944260826 1.001160732061684 -0.9043235024297482
      vertex 0.739942439127175 0.8944367601603567 -0.720146718482324
      vertex 0.8462104233542409 0.7946444806039145 -0.7301467184823238
    endloop
  endfacet
  facet normal 0.340204050057025 0.36722140247814977 0.8656844955795259
    outer loop
      vertex 0.6220051206148858 0.9801232376984488 -0.7101467184823238
      vertex 0.739942439127175 0.8944367601603567 -0.720146718482324
      vertex 0.9322424456746692 1.1268875370586855 -0.894323502429748
    endloop
  endfacet
  facet normal 0.4208401633798069 0.27107916002466753 0.8656844955795259
    outer loop
      vertex 0.9391331637034062 0.6823201828907451 -0.740146718482324
      vertex 1.183199869408463 0.8596450242556375 -0.914323502429748
      vertex 0.8462104233542409 0.7946444806039145 -0.7301467184823238
    endloop
  endfacet
  facet normal 0.4170706545840257 0.2840230919479724 0.8633556349067085
    outer loop
      vertex 1.0661278944260826 1.001160732061684 -0.9043235024297482
      vertex 0.8462104233542409 0.7946444806039145 -0.7301467184823238
      vertex 1.183199869408463 0.8596450242556375 -0.914323502429748
    endloop
  endfacet
  facet normal 0.6845471059286882 0.7289686274214121 0
    outer loop
      vertex 1.0661278944260826 1.001160732061684 -0.9756764975702517
      vertex 0.9322424456746692 1.1268875370586855 -0.894323502429748
      vertex 1.0661278944260826 1.001160732061684 -0.9043235024297482
    endloop
  endfacet
  facet normal 0.378184395378894 0.33405629879817234 0.863355634906709
    outer loop
      vertex 1.0661278944260826 1.001160732061684 -0.9043235024297482
      vertex 0.9322424456746692 1.1268875370586855 -0.894323502429748
      vertex 0.739942439127175 0.8944367601603567 -0.720146718482324
    endloop
  endfacet
  facet normal 0.6845471059286883 0.7289686274214119 0
    outer loop
      vertex 0.739942439127175 0.8944367601603567 -0.720146718482324
      vertex 0.739942439127175 0.8944367601603567 -0.6398532815176763
      vertex 0.8462104233542409 0.7946444806039145 -0.7301467184823238
    endloop
  endfacet
  facet normal 0.6845471059286883 0.7289686274214119 0
    outer loop
      vertex 0.739942439127175 0.8944367601603567 -0.6398532815176763
      vertex 0.8462104233542409 0.7946444806039145 -0.6498532815176761
      vertex 0.8462104233542409 0.7946444806039145 -0.7301467184823238
    endloop
  endfacet
  facet normal 0.7705132427757893 0.6374239897486896 0
    outer loop
      vertex 0.9391331637034062 0.6823201828907451 -0.740146718482324
      vertex 0.8462104233542409 0.7946444806039145 -0.7301467184823238
      vertex 0.8462104233542409 0.7946444806039145 -0.6498532815176761
    endloop
  endfacet
  facet normal 0.2969690197219247 0.40298853015764846 -0.8656844955795253
    outer loop
      vertex 0.739942439127175 0.8944367601603567 -0.6398532815176763
      vertex 0.9322424456746692 1.1268875370586855 -0.46567649757025187
      vertex 0.8462104233542409 0.7946444806039145 -0.6498532815176761
    endloop
  endfacet
  facet normal 0.34513518587505493 0.3625907577203451 -0.8656844955795254
    outer loop
      vertex 0.9391331637034062 0.6823201828907451 -0.6598532815176759
      vertex 0.8462104233542409 0.7946444806039145 -0.6498532815176761
      vertex 1.0661278944260826 1.001160732061684 -0.47567649757025166
    endloop
  endfacet
  facet normal 0.3571435096641169 0.35646256630904494 -0.8633556349067091
    outer loop
      vertex 0.9391331637034062 0.6823201828907451 -0.6598532815176759
      vertex 1.0661278944260826 1.001160732061684 -0.47567649757025166
      vertex 1.183199869408463 0.8596450242556375 -0.4856764975702519
    endloop
  endfacet
  facet normal 0.3096507203366786 0.398413703416198 -0.8633556349067085
    outer loop
      vertex 0.8462104233542409 0.7946444806039145 -0.6498532815176761
      vertex 0.9322424456746692 1.1268875370586855 -0.46567649757025187
      vertex 1.0661278944260826 1.001160732061684 -0.47567649757025166
    endloop
  endfacet
  facet normal 0.5877852522924738 0.8090169943749469 0
    outer loop
      vertex 0.783654976660323 1.234842652426287 -0.8843235024297478
      vertex 0.9322424456746692 1.1268875370586855 -0.894323502429748
      vertex 0.9322424456746692 1.1268875370586855 -0.9656764975702519
    endloop
  endfacet
  facet normal 0.5877852522924738 0.8090169943749469 0
    outer loop
      vertex 0.783654976660323 1.234842652426287 -0.9556764975702521
      vertex 0.783654976660323 1.234842652426287 -0.8843235024297478
      vertex 0.9322424456746692 1.1268875370586855 -0.9656764975702519
    endloop
  endfacet
  facet normal 0.33333394234223007 0.3788212382607662 0.863355634906709
    outer loop
      vertex 0.6220051206148858 0.9801232376984488 -0.7101467184823238
      vertex 0.9322424456746692 1.1268875370586855 -0.894323502429748
      vertex 0.783654976660323 1.234842652426287 -0.8843235024297478
    endloop
  endfacet
  facet normal 0.4817536741017152 0.8763066800438636 0
    outer loop
      vertex 0.6227088005312517 1.323323561505881 -0.874323502429748
      vertex 0.783654976660323 1.234842652426287 -0.8843235024297478
      vertex 0.783654976660323 1.234842652426287 -0.9556764975702521
    endloop
  endfacet
  facet normal 0.6845471059286881 0.7289686274214122 0
    outer loop
      vertex 1.0661278944260826 1.001160732061684 -0.9756764975702517
      vertex 0.9322424456746692 1.1268875370586855 -0.9656764975702519
      vertex 0.9322424456746692 1.1268875370586855 -0.894323502429748
    endloop
  endfacet
  facet normal 0.25727455417315587 0.4340816184196678 -0.8633556349067085
    outer loop
      vertex 0.739942439127175 0.8944367601603567 -0.6398532815176763
      vertex 0.783654976660323 1.234842652426287 -0.4556764975702521
      vertex 0.9322424456746692 1.1268875370586855 -0.46567649757025187
    endloop
  endfacet
  facet normal 0.8443279255020147 0.5358267949789971 0
    outer loop
      vertex 1.2816120756409302 0.7045722008900338 -0.9956764975702521
      vertex 1.183199869408463 0.8596450242556375 -0.9856764975702519
      vertex 1.183199869408463 0.8596450242556375 -0.914323502429748
    endloop
  endfacet
  facet normal 0.8443279255020149 0.535826794978997 0
    outer loop
      vertex 1.2816120756409302 0.7045722008900338 -0.9956764975702521
      vertex 1.183199869408463 0.8596450242556375 -0.914323502429748
      vertex 1.2816120756409302 0.7045722008900338 -0.9243235024297478
    endloop
  endfacet
  facet normal 0.44937946042043464 0.2295106712705798 0.8633556349067093
    outer loop
      vertex 0.9391331637034062 0.6823201828907451 -0.740146718482324
      vertex 1.2816120756409302 0.7045722008900338 -0.9243235024297478
      vertex 1.183199869408463 0.8596450242556375 -0.914323502429748
    endloop
  endfacet
  facet normal 0.7705132427757894 0.6374239897486896 0
    outer loop
      vertex 1.0661278944260826 1.001160732061684 -0.9756764975702517
      vertex 1.0661278944260826 1.001160732061684 -0.9043235024297482
      vertex 1.183199869408463 0.8596450242556375 -0.9856764975702519
    endloop
  endfacet
  facet normal 0.7705132427757894 0.6374239897486895 0
    outer loop
      vertex 1.0661278944260826 1.001160732061684 -0.9043235024297482
      vertex 1.183199869408463 0.8596450242556375 -0.914323502429748
      vertex 1.183199869408463 0.8596450242556375 -0.9856764975702519
    endloop
  endfacet
  facet normal 0.3835464853149047 0.3216868783705768 0.8656844955795255
    outer loop
      vertex 1.0661278944260826 1.001160732061684 -0.40432350242974824
      vertex 0.739942439127175 0.8944367601603567 -0.22014671848232403
      vertex 0.8462104233542409 0.7946444806039145 -0.23014671848232382
    endloop
  endfacet
  facet normal 0.340204050057023 0.3672214024781515 0.8656844955795259
    outer loop
      vertex 0.6220051206148858 0.9801232376984488 -0.21014671848232425
      vertex 0.739942439127175 0.8944367601603567 -0.22014671848232403
      vertex 0.9322424456746692 1.1268875370586855 -0.394323502429748
    endloop
  endfacet
  facet normal 0.4208401633798069 0.27107916002466753 0.8656844955795259
    outer loop
      vertex 0.9391331637034062 0.6823201828907451 -0.24014671848232405
      vertex 1.183199869408463 0.8596450242556375 -0.414323502429748
      vertex 0.8462104233542409 0.7946444806039145 -0.23014671848232382
    endloop
  endfacet
  facet normal 0.4170706545840257 0.2840230919479724 0.8633556349067085
    outer loop
      vertex 1.0661278944260826 1.001160732061684 -0.40432350242974824
      vertex 0.8462104233542409 0.7946444806039145 -0.23014671848232382
      vertex 1.183199869408463 0.8596450242556375 -0.414323502429748
    endloop
  endfacet
  facet normal 0.6845471059286882 0.7289686274214121 0
    outer loop
      vertex 1.0661278944260826 1.001160732061684 -0.47567649757025166
      vertex 0.9322424456746692 1.1268875370586855 -0.394323502429748
      vertex 1.0661278944260826 1.001160732061684 -0.40432350242974824
    endloop
  endfacet
  facet normal 0.378184395378894 0.33405629879817234 0.863355634906709
    outer loop
      vertex 1.0661278944260826 1.001160732061684 -0.40432350242974824
      vertex 0.9322424456746692 1.1268875370586855 -0.394323502429748
      vertex 0.739942439127175 0.8944367601603567 -0.22014671848232403
    endloop
  endfacet
  facet normal 0.6845471059286883 0.7289686274214119 0
    outer loop
      vertex 0.739942439127175 0.8944367601603567 -0.22014671848232403
      vertex 0.739942439127175 0.8944367601603567 0.009667181563668192
      vertex 0.8462104233542409 0.7946444806039145 -0.23014671848232382
    endloop
  endfacet
  facet normal 0.7705132427757894 0.6374239897486896 0
    outer loop
      vertex 0.9391331637034062 0.6823201828907451 -0.24014671848232405
      vertex 0.8462104233542409 0.7946444806039145 -0.23014671848232382
      vertex 0.8462104233542409 0.7946444806039145 -0.0003328184363318165
    endloop
  endfacet
  facet normal 0.6845471059286883 0.7289686274214119 0
    outer loop
      vertex 0.8462104233542409 0.7946444806039145 -0.23014671848232382
      vertex 0.739942439127175 0.8944367601603567 0.009667181563668192
      vertex 0.8462104233542409 0.7946444806039145 -0.0003328184363318165
    endloop
  endfacet
  facet normal 0.5877852522924738 0.8090169943749469 0
    outer loop
      vertex 0.783654976660323 1.234842652426287 -0.3843235024297482
      vertex 0.9322424456746692 1.1268875370586855 -0.394323502429748
      vertex 0.9322424456746692 1.1268875370586855 -0.46567649757025187
    endloop
  endfacet
  facet normal 0.5877852522924738 0.8090169943749469 0
    outer loop
      vertex 0.783654976660323 1.234842652426287 -0.4556764975702521
      vertex 0.783654976660323 1.234842652426287 -0.3843235024297482
      vertex 0.9322424456746692 1.1268875370586855 -0.46567649757025187
    endloop
  endfacet
  facet normal 0.33333394234222835 0.37882123826076736 0.8633556349067091
    outer loop
      vertex 0.6220051206148858 0.9801232376984488 -0.21014671848232425
      vertex 0.9322424456746692 1.1268875370586855 -0.394323502429748
      vertex 0.783654976660323 1.234842652426287 -0.3843235024297482
    endloop
  endfacet
  facet normal 0.48175367410171527 0.8763066800438636 0
    outer loop
      vertex 0.6227088005312517 1.323323561505881 -0.374323502429748
      vertex 0.783654976660323 1.234842652426287 -0.3843235024297482
      vertex 0.783654976660323 1.234842652426287 -0.4556764975702521
    endloop
  endfacet
  facet normal 0.6845471059286881 0.7289686274214122 0
    outer loop
      vertex 1.0661278944260826 1.001160732061684 -0.47567649757025166
      vertex 0.9322424456746692 1.1268875370586855 -0.46567649757025187
      vertex 0.9322424456746692 1.1268875370586855 -0.394323502429748
    endloop
  endfacet
  facet normal 0.8443279255020147 0.5358267949789971 0
    outer loop
      vertex 1.2816120756409302 0.7045722008900338 -0.4956764975702521
      vertex 1.183199869408463 0.8596450242556375 -0.4856764975702519
      vertex 1.183199869408463 0.8596450242556375 -0.414323502429748
    endloop
  endfacet
  facet normal 0.8443279255020149 0.535826794978997 0
    outer loop
      vertex 1.2816120756409302 0.7045722008900338 -0.4956764975702521
      vertex 1.183199869408463 0.8596450242556375 -0.414323502429748
      vertex 1.2816120756409302 0.7045722008900338 -0.4243235024297478
    endloop
  endfacet
  facet normal 0.44937946042043464 0.2295106712705798 0.8633556349067093
    outer loop
      vertex 0.9391331637034062 0.6823201828907451 -0.24014671848232405
      vertex 1.2816120756409302 0.7045722008900338 -0.4243235024297478
      vertex 1.183199869408463 0.8596450242556375 -0.414323502429748
    endloop
  endfacet
  facet normal 0.7705132427757894 0.6374239897486896 0
    outer loop
      vertex 1.0661278944260826 1.001160732061684 -0.47567649757025166
      vertex 1.0661278944260826 1.001160732061684 -0.40432350242974824
      vertex 1.183199869408463 0.8596450242556375 -0.4856764975702519
    endloop
  endfacet
  facet normal 0.7705132427757894 0.6374239897486895 0
    outer loop
      vertex 1.0661278944260826 1.001160732061684 -0.40432350242974824
      vertex 1.183199869408463 0.8596450242556375 -0.414323502429748
      vertex 1.183199869408463 0.8596450242556375 -0.4856764975702519
    endloop
  endfacet
  facet normal 0.12533323356430381 0.9921147013144779 0
    outer loop
      vertex 0.27404807128768643 1.4366102997400438 -1.4256764975702518
      vertex 0.09183210615318768 1.4596295293584427 -1.415676497570252
      vertex 0.09183210615318768 1.4596295293584427 -1.3443235024297482
    endloop
  endfacet
  facet normal 0 1 0
    outer loop
      vertex -0.09183210615318768 1.4596295293584427 -1.334323502429748
      vertex 0.09183210615318768 1.4596295293584427 -1.3443235024297482
      vertex 0.09183210615318768 1.4596295293584427 -1.415676497570252
    endloop
  endfacet
  facet normal 0.12533323356430381 0.9921147013144779 0
    outer loop
      vertex 0.27404807128768643 1.4366102997400438 -1.4256764975702518
      vertex 0.09183210615318768 1.4596295293584427 -1.3443235024297482
      vertex 0.27404807128768643 1.4366102997400438 -1.354323502429748
    endloop
  endfacet
  facet normal 0.12533323356430381 0.9921147013144779 0
    outer loop
      vertex 0.27404807128768643 1.4366102997400438 -0.9256764975702518
      vertex 0.09183210615318768 1.4596295293584427 -0.915676497570252
      vertex 0.09183210615318768 1.4596295293584427 -0.8443235024297482
    endloop
  endfacet
  facet normal 0 1 0
    outer loop
      vertex -0.09183210615318768 1.4596295293584427 -0.834323502429748
      vertex 0.09183210615318768 1.4596295293584427 -0.8443235024297482
      vertex 0.09183210615318768 1.4596295293584427 -0.915676497570252
    endloop
  endfacet
  facet normal 0.12533323356430381 0.9921147013144779 0
    outer loop
      vertex 0.27404807128768643 1.4366102997400438 -0.9256764975702518
      vertex 0.09183210615318768 1.4596295293584427 -0.8443235024297482
      vertex 0.27404807128768643 1.4366102997400438 -0.854323502429748
    endloop
  endfacet
  facet normal 0.12533323356430381 0.9921147013144779 0
    outer loop
      vertex 0.27404807128768643 1.4366102997400438 -0.42567649757025183
      vertex 0.09183210615318768 1.4596295293584427 -0.41567649757025205
      vertex 0.09183210615318768 1.4596295293584427 -0.3443235024297482
    endloop
  endfacet
  facet normal 0 1 0
    outer loop
      vertex -0.09183210615318768 1.4596295293584427 -0.33432350242974795
      vertex 0.09183210615318768 1.4596295293584427 -0.3443235024297482
      vertex 0.09183210615318768 1.4596295293584427 -0.41567649757025205
    endloop
  endfacet
  facet normal 0.12533323356430381 0.9921147013144779 0
    outer loop
      vertex 0.27404807128768643 1.4366102997400438 -0.42567649757025183
      vertex 0.09183210615318768 1.4596295293584427 -0.3443235024297482
      vertex 0.27404807128768643 1.4366102997400438 -0.35432350242974797
    endloop
  endfacet
  facet normal 0.9980267284282717 0.06279051952931283 0
    outer loop
      vertex 1.462515469557734 0 -1.5356764975702522
      vertex 1.4509830982480747 0.1833017929374876 -1.525676497570252
      vertex 1.4509830982480747 0.1833017929374876 -1.454323502429748
    endloop
  endfacet
  facet normal 0.9980267284282717 0.06279051952931283 0
    outer loop
      vertex 1.462515469557734 0 -1.5356764975702522
      vertex 1.4509830982480747 0.1833017929374876 -1.454323502429748
      vertex 1.462515469557734 0 -1.4643235024297478
    endloop
  endfacet
  facet normal 0.9980267284282717 0.06279051952931283 0
    outer loop
      vertex 1.462515469557734 0 -1.0356764975702522
      vertex 1.4509830982480747 0.1833017929374876 -1.025676497570252
      vertex 1.4509830982480747 0.1833017929374876 -0.9543235024297481
    endloop
  endfacet
  facet normal 0.9980267284282717 0.06279051952931283 0
    outer loop
      vertex 1.462515469557734 0 -1.0356764975702522
      vertex 1.4509830982480747 0.1833017929374876 -0.9543235024297481
      vertex 1.462515469557734 0 -0.9643235024297478
    endloop
  endfacet
  facet normal 0.9980267284282717 0.06279051952931283 0
    outer loop
      vertex 1.462515469557734 0 -0.5356764975702522
      vertex 1.4509830982480747 0.1833017929374876 -0.5256764975702519
      vertex 1.4509830982480747 0.1833017929374876 -0.45432350242974806
    endloop
  endfacet
  facet normal 0.9980267284282717 0.06279051952931283 0
    outer loop
      vertex 1.462515469557734 0 -0.5356764975702522
      vertex 1.4509830982480747 0.1833017929374876 -0.45432350242974806
      vertex 1.462515469557734 0 -0.46432350242974785
    endloop
  endfacet
  facet normal 0 0 1
    outer loop
      vertex -1.1827020264349486 0 0.8999999999999999
      vertex 0.5913510132174743 -1.02425 0.8999999999999999
      vertex 0.5913510132174743 1.02425 0.8999999999999999
    endloop
  endfacet
  facet normal 0 1 0
    outer loop
      vertex -0.07288927138261678 1.158541792627672 0.10251546955773416
      vertex 0.07288927138261678 1.158541792627672 0.10251546955773416
      vertex 0.07288927138261678 1.158541792627672 0.05966718156366824
    endloop
  endfacet
  facet normal 0 0 -1
    outer loop
      vertex -0.07288927138261678 1.158541792627672 0.10251546955773416
      vertex 0.09183210615318839 1.4596295293584427 0.10251546955773416
      vertex 0.07288927138261678 1.158541792627672 0.10251546955773416
    endloop
  endfacet
  facet normal 0.1253332335643028 0.9921147013144779 0
    outer loop
      vertex 0.07288927138261678 1.158541792627672 0.05966718156366824
      vertex 0.07288927138261678 1.158541792627672 0.10251546955773416
      vertex 0.21751830679620654 1.1402708964786132 0.04966718156366823
    endloop
  endfacet
  facet normal 0.1253332335643028 0.9921147013144781 0
    outer loop
      vertex 0.07288927138261678 1.158541792627672 0.10251546955773416
      vertex 0.21751830679620654 1.1402708964786132 0.09974300694855276
      vertex 0.21751830679620654 1.1402708964786132 0.04966718156366823
    endloop
  endfacet
  facet normal 0.1253332335643028 0.992114701314478 0
    outer loop
      vertex 0.07288927138261678 1.158541792627672 0.10251546955773416
      vertex 0.21751830679620654 1.1402708964786132 0.10251546955773416
      vertex 0.21751830679620654 1.1402708964786132 0.09974300694855276
    endloop
  endfacet
  facet normal 0 0 -1
    outer loop
      vertex 0.07288927138261678 1.158541792627672 0.10251546955773416
      vertex 0.09183210615318839 1.4596295293584427 0.10251546955773416
      vertex 0.2740480712876868 1.4366102997400436 0.10251546955773416
    endloop
  endfacet
  facet normal 0.24868988716485504 0.9685831611286311 0
    outer loop
      vertex 0.21751830679620654 1.1402708964786132 0.04966718156366823
      vertex 0.21751830679620654 1.1402708964786132 0.09974300694855276
      vertex 0.3587169485724821 1.1040172471272702 0.03966718156366822
    endloop
  endfacet
  facet normal 0.24868988716485504 0.968583161128631 0
    outer loop
      vertex 0.21751830679620654 1.1402708964786132 0.09974300694855276
      vertex 0.21751830679620654 1.1402708964786132 0.10251546955773416
      vertex 0.3587169485724821 1.1040172471272702 0.08974300694855275
    endloop
  endfacet
  facet normal 0 0 -1
    outer loop
      vertex 0.07288927138261678 1.158541792627672 0.10251546955773416
      vertex 0.2740480712876868 1.4366102997400436 0.10251546955773416
      vertex 0.21751830679620654 1.1402708964786132 0.10251546955773416
    endloop
  endfacet
  facet normal 0.24868988716485507 0.9685831611286311 0
    outer loop
      vertex 0.21751830679620654 1.1402708964786132 0.09974300694855276
      vertex 0.3587169485724821 1.1040172471272702 0.08974300694855275
      vertex 0.3587169485724821 1.1040172471272702 0.03966718156366822
    endloop
  endfacet
  facet normal 0.24868988716485504 0.968583161128631 0
    outer loop
      vertex 0.21751830679620654 1.1402708964786132 0.10251546955773416
      vertex 0.3587169485724821 1.1040172471272702 0.10251546955773416
      vertex 0.3587169485724821 1.1040172471272702 0.08974300694855275
    endloop
  endfacet
  facet normal 0 0 -1
    outer loop
      vertex 0.21751830679620654 1.1402708964786132 0.10251546955773416
      vertex 0.45194213462959587 1.3909348675053492 0.10251546955773416
      vertex 0.3587169485724821 1.1040172471272702 0.10251546955773416
    endloop
  endfacet
  facet normal 0 0 -1
    outer loop
      vertex 0.21751830679620654 1.1402708964786132 0.10251546955773416
      vertex 0.2740480712876868 1.4366102997400436 0.10251546955773416
      vertex 0.45194213462959587 1.3909348675053492 0.10251546955773416
    endloop
  endfacet
  facet normal 0.3681245526846781 0.9297764858882513 0
    outer loop
      vertex 0.3587169485724821 1.1040172471272702 0.08974300694855275
      vertex 0.4942584097826514 1.0503525862807943 0.07974300694855274
      vertex 0.4942584097826514 1.0503525862807943 0.02966718156366821
    endloop
  endfacet
  facet normal 0.36812455268467814 0.9297764858882513 0
    outer loop
      vertex 0.3587169485724821 1.1040172471272702 0.10251546955773416
      vertex 0.4942584097826514 1.0503525862807943 0.10025699305144742
      vertex 0.4942584097826514 1.0503525862807943 0.07974300694855274
    endloop
  endfacet
  facet normal 0.3681245526846781 0.9297764858882513 0
    outer loop
      vertex 0.3587169485724821 1.1040172471272702 0.10251546955773416
      vertex 0.4942584097826514 1.0503525862807943 0.10251546955773416
      vertex 0.4942584097826514 1.0503525862807943 0.10025699305144742
    endloop
  endfacet
  facet normal 0.48175367410171605 0.8763066800438633 0
    outer loop
      vertex 0.4942584097826514 1.0503525862807943 0.02966718156366821
      vertex 0.4942584097826514 1.0503525862807943 0.07974300694855274
      vertex 0.6220051206148858 0.9801232376984488 0.0196671815636682
    endloop
  endfacet
  facet normal 0.481753674101716 0.8763066800438631 0
    outer loop
      vertex 0.4942584097826514 1.0503525862807943 0.07974300694855274
      vertex 0.4942584097826514 1.0503525862807943 0.10025699305144742
      vertex 0.6220051206148858 0.9801232376984488 0.06974300694855273
    endloop
  endfacet
  facet normal 0.48175367410171605 0.8763066800438633 0
    outer loop
      vertex 0.4942584097826514 1.0503525862807943 0.10025699305144742
      vertex 0.4942584097826514 1.0503525862807943 0.10251546955773416
      vertex 0.6220051206148858 0.9801232376984488 0.09025699305144741
    endloop
  endfacet
  facet normal 0.48175367410171605 0.8763066800438633 0
    outer loop
      vertex 0.4942584097826514 1.0503525862807943 0.07974300694855274
      vertex 0.6220051206148858 0.9801232376984488 0.06974300694855273
      vertex 0.6220051206148858 0.9801232376984488 0.0196671815636682
    endloop
  endfacet
  facet normal 0.481753674101716 0.8763066800438633 0
    outer loop
      vertex 0.4942584097826514 1.0503525862807943 0.10025699305144742
      vertex 0.6220051206148858 0.9801232376984488 0.09025699305144741
      vertex 0.6220051206148858 0.9801232376984488 0.06974300694855273
    endloop
  endfacet
  facet normal 0.4817536741017161 0.8763066800438631 0
    outer loop
      vertex 0.4942584097826514 1.0503525862807943 0.10251546955773416
      vertex 0.6220051206148858 0.9801232376984488 0.10251546955773416
      vertex 0.6220051206148858 0.9801232376984488 0.09025699305144741
    endloop
  endfacet
  facet normal 0.5877852522924736 0.8090169943749472 0
    outer loop
      vertex 0.6220051206148858 0.9801232376984488 0.0196671815636682
      vertex 0.6220051206148858 0.9801232376984488 0.06974300694855273
      vertex 0.739942439127175 0.8944367601603567 0.009667181563668192
    endloop
  endfacet
  facet normal 0.5877852522924736 0.8090169943749472 0
    outer loop
      vertex 0.6220051206148858 0.9801232376984488 0.06974300694855273
      vertex 0.739942439127175 0.8944367601603567 0.059743006948552724
      vertex 0.739942439127175 0.8944367601603567 0.009667181563668192
    endloop
  endfacet
  facet normal 0.5877852522924735 0.8090169943749471 0
    outer loop
      vertex 0.6220051206148858 0.9801232376984488 0.06974300694855273
      vertex 0.6220051206148858 0.9801232376984488 0.09025699305144741
      vertex 0.739942439127175 0.8944367601603567 0.059743006948552724
    endloop
  endfacet
  facet normal 0.5877852522924735 0.8090169943749472 0
    outer loop
      vertex 0.6220051206148858 0.9801232376984488 0.09025699305144741
      vertex 0.6220051206148858 0.9801232376984488 0.10251546955773416
      vertex 0.739942439127175 0.8944367601603567 0.0802569930514474
    endloop
  endfacet
  facet normal 0.5877852522924735 0.8090169943749471 0
    outer loop
      vertex 0.6220051206148858 0.9801232376984488 0.09025699305144741
      vertex 0.739942439127175 0.8944367601603567 0.0802569930514474
      vertex 0.739942439127175 0.8944367601603567 0.059743006948552724
    endloop
  endfacet
  facet normal 0.5877852522924736 0.8090169943749471 0
    outer loop
      vertex 0.6220051206148858 0.9801232376984488 0.10251546955773416
      vertex 0.739942439127175 0.8944367601603567 0.10251546955773416
      vertex 0.739942439127175 0.8944367601603567 0.0802569930514474
    endloop
  endfacet
  facet normal 0 0 -1
    outer loop
      vertex 0.6220051206148858 0.9801232376984488 0.10251546955773416
      vertex 0.7836549766603224 1.2348426524262874 0.10251546955773416
      vertex 0.739942439127175 0.8944367601603567 0.10251546955773416
    endloop
  endfacet
  facet normal 0.36812455268467803 0.9297764858882515 0
    outer loop
      vertex 0.3587169485724821 1.1040172471272702 0.03966718156366822
      vertex 0.3587169485724821 1.1040172471272702 0.08974300694855275
      vertex 0.4942584097826514 1.0503525862807943 0.02966718156366821
    endloop
  endfacet
  facet normal 0.36812455268467803 0.9297764858882513 0
    outer loop
      vertex 0.3587169485724821 1.1040172471272702 0.08974300694855275
      vertex 0.3587169485724821 1.1040172471272702 0.10251546955773416
      vertex 0.4942584097826514 1.0503525862807943 0.07974300694855274
    endloop
  endfacet
  facet normal 0 0 -1
    outer loop
      vertex 0.3587169485724821 1.1040172471272702 0.10251546955773416
      vertex 0.6227088005312512 1.3233235615058812 0.10251546955773416
      vertex 0.4942584097826514 1.0503525862807943 0.10251546955773416
    endloop
  endfacet
  facet normal 0 0 -1
    outer loop
      vertex 0.3587169485724821 1.1040172471272702 0.10251546955773416
      vertex 0.45194213462959587 1.3909348675053492 0.10251546955773416
      vertex 0.6227088005312512 1.3233235615058812 0.10251546955773416
    endloop
  endfacet
  facet normal 0 0 -1
    outer loop
      vertex 0.4942584097826514 1.0503525862807943 0.10251546955773416
      vertex 0.6227088005312512 1.3233235615058812 0.10251546955773416
      vertex 0.6220051206148858 0.9801232376984488 0.10251546955773416
    endloop
  endfacet
  facet normal 0 0 -1
    outer loop
      vertex 0.6220051206148858 0.9801232376984488 0.10251546955773416
      vertex 0.6227088005312512 1.3233235615058812 0.10251546955773416
      vertex 0.7836549766603224 1.2348426524262874 0.10251546955773416
    endloop
  endfacet
  facet normal 0.9048270524660198 0.42577929156507194 0
    outer loop
      vertex 1.0793146977139798 0.42733091913201054 -0.03033281843633162
      vertex 1.01724521305001 0.5592352882950686 0.029743006948552697
      vertex 1.0793146977139798 0.42733091913201054 0.019743006948552466
    endloop
  endfacet
  facet normal 0.9048270524660198 0.42577929156507194 0
    outer loop
      vertex 1.0793146977139798 0.42733091913201054 0.019743006948552466
      vertex 1.01724521305001 0.5592352882950686 0.050256993051447374
      vertex 1.0793146977139798 0.42733091913201054 0.04025699305144759
    endloop
  endfacet
  facet normal 0.9048270524660198 0.4257792915650719 0
    outer loop
      vertex 1.0793146977139798 0.42733091913201054 0.019743006948552466
      vertex 1.01724521305001 0.5592352882950686 0.029743006948552697
      vertex 1.01724521305001 0.5592352882950686 0.050256993051447374
    endloop
  endfacet
  facet normal 0.9048270524660199 0.425779291565072 0
    outer loop
      vertex 1.0793146977139798 0.42733091913201054 0.04025699305144759
      vertex 1.01724521305001 0.5592352882950686 0.050256993051447374
      vertex 1.01724521305001 0.5592352882950686 0.1003328184363319
    endloop
  endfacet
  facet normal 0.9048270524660199 0.42577929156507194 0
    outer loop
      vertex 1.0793146977139798 0.42733091913201054 0.04025699305144759
      vertex 1.01724521305001 0.5592352882950686 0.1003328184363319
      vertex 1.0793146977139798 0.42733091913201054 0.0903328184363319
    endloop
  endfacet
  facet normal 0.9048270524660199 0.42577929156507194 0
    outer loop
      vertex 1.0793146977139798 0.42733091913201054 0.0903328184363319
      vertex 1.01724521305001 0.5592352882950686 0.10251546955773416
      vertex 1.0793146977139798 0.42733091913201054 0.10251546955773416
    endloop
  endfacet
  facet normal 0.9048270524660198 0.4257792915650718 0
    outer loop
      vertex 1.0793146977139798 0.42733091913201054 0.0903328184363319
      vertex 1.01724521305001 0.5592352882950686 0.1003328184363319
      vertex 1.01724521305001 0.5592352882950686 0.10251546955773416
    endloop
  endfacet
  facet normal 0.8443279255020146 0.5358267949789973 0
    outer loop
      vertex 1.01724521305001 0.5592352882950686 -0.020332818436331834
      vertex 0.9391331637034062 0.6823201828907451 0.039743006948552484
      vertex 1.01724521305001 0.5592352882950686 0.029743006948552697
    endloop
  endfacet
  facet normal 0.8443279255020146 0.5358267949789973 0
    outer loop
      vertex 0.9391331637034062 0.6823201828907451 0.06025699305144738
      vertex 1.01724521305001 0.5592352882950686 0.050256993051447374
      vertex 1.01724521305001 0.5592352882950686 0.029743006948552697
    endloop
  endfacet
  facet normal 0.8443279255020146 0.5358267949789973 0
    outer loop
      vertex 0.9391331637034062 0.6823201828907451 0.10251546955773416
      vertex 1.01724521305001 0.5592352882950686 0.1003328184363319
      vertex 1.01724521305001 0.5592352882950686 0.050256993051447374
    endloop
  endfacet
  facet normal 0.8443279255020146 0.5358267949789973 0
    outer loop
      vertex 0.9391331637034062 0.6823201828907451 0.10251546955773416
      vertex 1.01724521305001 0.5592352882950686 0.10251546955773416
      vertex 1.01724521305001 0.5592352882950686 0.1003328184363319
    endloop
  endfacet
  facet normal 0.7705132427757893 0.6374239897486895 0
    outer loop
      vertex 0.9391331637034062 0.6823201828907451 -0.010332818436332047
      vertex 0.8462104233542409 0.7946444806039145 0.049743006948552715
      vertex 0.9391331637034062 0.6823201828907451 0.039743006948552484
    endloop
  endfacet
  facet normal 0.7705132427757894 0.6374239897486896 0
    outer loop
      vertex 0.9391331637034062 0.6823201828907451 0.039743006948552484
      vertex 0.8462104233542409 0.7946444806039145 0.07025699305144739
      vertex 0.9391331637034062 0.6823201828907451 0.06025699305144738
    endloop
  endfacet
  facet normal 0.8443279255020146 0.5358267949789973 0
    outer loop
      vertex 0.9391331637034062 0.6823201828907451 0.039743006948552484
      vertex 0.9391331637034062 0.6823201828907451 0.06025699305144738
      vertex 1.01724521305001 0.5592352882950686 0.029743006948552697
    endloop
  endfacet
  facet normal 0.7705132427757893 0.6374239897486896 0
    outer loop
      vertex 0.9391331637034062 0.6823201828907451 0.06025699305144738
      vertex 0.8462104233542409 0.7946444806039145 0.10251546955773416
      vertex 0.9391331637034062 0.6823201828907451 0.10251546955773416
    endloop
  endfacet
  facet normal 0.8443279255020146 0.5358267949789972 0
    outer loop
      vertex 0.9391331637034062 0.6823201828907451 0.06025699305144738
      vertex 0.9391331637034062 0.6823201828907451 0.10251546955773416
      vertex 1.01724521305001 0.5592352882950686 0.050256993051447374
    endloop
  endfacet
  facet normal 0.9980267284282716 0.06279051952931208 0
    outer loop
      vertex 1.1608324302618482 0 -0.010256993051447338
      vertex 1.1516789198253932 0.14549088211102718 0.02025699305144757
      vertex 1.1608324302618482 0 0.010256993051447338
    endloop
  endfacet
  facet normal 0.9980267284282716 0.06279051952931208 0
    outer loop
      vertex 1.1608324302618482 0 0.010256993051447338
      vertex 1.1516789198253932 0.14549088211102718 0.07033281843633188
      vertex 1.1608324302618482 0 0.06033281843633187
    endloop
  endfacet
  facet normal 0.9980267284282717 0.06279051952931208 0
    outer loop
      vertex 1.1608324302618482 0 0.06033281843633187
      vertex 1.1516789198253932 0.14549088211102718 0.10251546955773416
      vertex 1.1608324302618482 0 0.10251546955773416
    endloop
  endfacet
  facet normal 0.9980267284282716 0.06279051952931208 0
    outer loop
      vertex 1.1608324302618482 0 0.010256993051447338
      vertex 1.1516789198253932 0.14549088211102718 0.02025699305144757
      vertex 1.1516789198253932 0.14549088211102718 0.07033281843633188
    endloop
  endfacet
  facet normal 0.9980267284282717 0.0627905195293121 0
    outer loop
      vertex 1.1608324302618482 0 0.06033281843633187
      vertex 1.1516789198253932 0.14549088211102718 0.07033281843633188
      vertex 1.1516789198253932 0.14549088211102718 0.10251546955773416
    endloop
  endfacet
  facet normal 0 0 -1
    outer loop
      vertex 1.183199869408463 -0.8596450242556375 0.10251546955773416
      vertex 1.1608324302618482 0 0.10251546955773416
      vertex 1.183199869408463 0.8596450242556375 0.10251546955773416
    endloop
  endfacet
  facet normal 0.9822872507286884 0.18738131458572607 0
    outer loop
      vertex 1.1516789198253932 0.14549088211102718 -0.0002569930514475516
      vertex 1.1243627448436522 0.2886872860991232 0.030256993051447356
      vertex 1.1516789198253932 0.14549088211102718 0.02025699305144757
    endloop
  endfacet
  facet normal 0.9822872507286884 0.18738131458572607 0
    outer loop
      vertex 1.1516789198253932 0.14549088211102718 0.02025699305144757
      vertex 1.1243627448436522 0.2886872860991232 0.08033281843633189
      vertex 1.1516789198253932 0.14549088211102718 0.07033281843633188
    endloop
  endfacet
  facet normal 0.9822872507286884 0.18738131458572604 0
    outer loop
      vertex 1.1516789198253932 0.14549088211102718 -0.0002569930514475516
      vertex 1.1243627448436522 0.2886872860991232 0.00974300694855268
      vertex 1.1243627448436522 0.2886872860991232 0.030256993051447356
    endloop
  endfacet
  facet normal 0.9822872507286884 0.18738131458572604 0
    outer loop
      vertex 1.1516789198253932 0.14549088211102718 0.02025699305144757
      vertex 1.1243627448436522 0.2886872860991232 0.030256993051447356
      vertex 1.1243627448436522 0.2886872860991232 0.08033281843633189
    endloop
  endfacet
  facet normal 0.9822872507286884 0.18738131458572607 0
    outer loop
      vertex 1.1516789198253932 0.14549088211102718 0.07033281843633188
      vertex 1.1243627448436522 0.2886872860991232 0.10251546955773416
      vertex 1.1516789198253932 0.14549088211102718 0.10251546955773416
    endloop
  endfacet
  facet normal 0.9822872507286885 0.1873813145857261 0
    outer loop
      vertex 1.1516789198253932 0.14549088211102718 0.07033281843633188
      vertex 1.1243627448436522 0.2886872860991232 0.08033281843633189
      vertex 1.1243627448436522 0.2886872860991232 0.10251546955773416
    endloop
  endfacet
  facet normal 0.9510565162951534 0.3090169943749478 0
    outer loop
      vertex 1.0793146977139798 0.42733091913201054 0.04025699305144759
      vertex 1.1243627448436522 0.2886872860991232 0.030256993051447356
      vertex 1.1243627448436522 0.2886872860991232 0.00974300694855268
    endloop
  endfacet
  facet normal 0.9510565162951534 0.3090169943749479 0
    outer loop
      vertex 1.0793146977139798 0.42733091913201054 0.0903328184363319
      vertex 1.1243627448436522 0.2886872860991232 0.08033281843633189
      vertex 1.1243627448436522 0.2886872860991232 0.030256993051447356
    endloop
  endfacet
  facet normal 0.9510565162951534 0.30901699437494784 0
    outer loop
      vertex 1.0793146977139798 0.42733091913201054 0.10251546955773416
      vertex 1.1243627448436522 0.2886872860991232 0.10251546955773416
      vertex 1.1243627448436522 0.2886872860991232 0.08033281843633189
    endloop
  endfacet
  facet normal 0 0 -1
    outer loop
      vertex 1.1608324302618482 0 0.10251546955773416
      vertex 1.1516789198253932 0.14549088211102718 0.10251546955773416
      vertex 1.183199869408463 0.8596450242556375 0.10251546955773416
    endloop
  endfacet
  facet normal 0 0 -1
    outer loop
      vertex 1.183199869408463 -0.8596450242556375 0.10251546955773416
      vertex 1.183199869408463 0.8596450242556375 0.10251546955773416
      vertex 1.28161207564093 0.7045722008900338 0.10251546955773416
    endloop
  endfacet
  facet normal 0 0 -1
    outer loop
      vertex 1.28161207564093 -0.7045722008900338 0.10251546955773416
      vertex 1.28161207564093 0.7045722008900338 0.10251546955773416
      vertex 1.3598124938425957 0.5383878530253632 0.10251546955773416
    endloop
  endfacet
  facet normal 0 0 -1
    outer loop
      vertex 1.4165678567037545 -0.363712807101167 0.10251546955773416
      vertex 1.4165678567037545 0.363712807101167 0.10251546955773416
      vertex 1.4509830982480747 0.1833017929374873 0.10251546955773416
    endloop
  endfacet
  facet normal 0 0 -1
    outer loop
      vertex 1.3598124938425957 -0.5383878530253632 0.10251546955773416
      vertex 1.3598124938425957 0.5383878530253632 0.10251546955773416
      vertex 1.4165678567037545 0.363712807101167 0.10251546955773416
    endloop
  endfacet
  facet normal 0.9510565162951534 0.30901699437494784 0
    outer loop
      vertex 1.0793146977139798 0.42733091913201054 0.019743006948552466
      vertex 1.0793146977139798 0.42733091913201054 0.04025699305144759
      vertex 1.1243627448436522 0.2886872860991232 0.00974300694855268
    endloop
  endfacet
  facet normal 0.9510565162951534 0.30901699437494784 0
    outer loop
      vertex 1.0793146977139798 0.42733091913201054 0.04025699305144759
      vertex 1.0793146977139798 0.42733091913201054 0.0903328184363319
      vertex 1.1243627448436522 0.2886872860991232 0.030256993051447356
    endloop
  endfacet
  facet normal 0.9510565162951534 0.30901699437494784 0
    outer loop
      vertex 1.0793146977139798 0.42733091913201054 0.0903328184363319
      vertex 1.0793146977139798 0.42733091913201054 0.10251546955773416
      vertex 1.1243627448436522 0.2886872860991232 0.08033281843633189
    endloop
  endfacet
  facet normal 0 0 -1
    outer loop
      vertex 1.1516789198253932 0.14549088211102718 0.10251546955773416
      vertex 1.1243627448436522 0.2886872860991232 0.10251546955773416
      vertex 1.183199869408463 0.8596450242556375 0.10251546955773416
    endloop
  endfacet
  facet normal 0 0 -1
    outer loop
      vertex 1.0793146977139798 0.42733091913201054 0.10251546955773416
      vertex 1.183199869408463 0.8596450242556375 0.10251546955773416
      vertex 1.1243627448436522 0.2886872860991232 0.10251546955773416
    endloop
  endfacet
  facet normal 0 0 -1
    outer loop
      vertex 1.0793146977139798 0.42733091913201054 0.10251546955773416
      vertex 1.01724521305001 0.5592352882950686 0.10251546955773416
      vertex 1.183199869408463 0.8596450242556375 0.10251546955773416
    endloop
  endfacet
  facet normal 0 0 1
    outer loop
      vertex 0.5913510132174743 -1.02425 0.8999999999999999
      vertex 1.1827020264349486 0 0.8999999999999999
      vertex 0.5913510132174743 1.02425 0.8999999999999999
    endloop
  endfacet
  facet normal 0.6845471059286883 0.728968627421412 0
    outer loop
      vertex 0.8462104233542409 0.7946444806039145 -0.0003328184363318165
      vertex 0.739942439127175 0.8944367601603567 0.059743006948552724
      vertex 0.8462104233542409 0.7946444806039145 0.049743006948552715
    endloop
  endfacet
  facet normal 0.6845471059286883 0.7289686274214119 0
    outer loop
      vertex 0.739942439127175 0.8944367601603567 0.0802569930514474
      vertex 0.8462104233542409 0.7946444806039145 0.07025699305144739
      vertex 0.8462104233542409 0.7946444806039145 0.049743006948552715
    endloop
  endfacet
  facet normal 0.6845471059286883 0.7289686274214118 0
    outer loop
      vertex 0.8462104233542409 0.7946444806039145 -0.0003328184363318165
      vertex 0.739942439127175 0.8944367601603567 0.009667181563668192
      vertex 0.739942439127175 0.8944367601603567 0.059743006948552724
    endloop
  endfacet
  facet normal 0.6845471059286883 0.7289686274214119 0
    outer loop
      vertex 0.739942439127175 0.8944367601603567 0.059743006948552724
      vertex 0.739942439127175 0.8944367601603567 0.0802569930514474
      vertex 0.8462104233542409 0.7946444806039145 0.049743006948552715
    endloop
  endfacet
  facet normal 0.6845471059286883 0.7289686274214119 0
    outer loop
      vertex 0.739942439127175 0.8944367601603567 0.10251546955773416
      vertex 0.8462104233542409 0.7946444806039145 0.10251546955773416
      vertex 0.8462104233542409 0.7946444806039145 0.07025699305144739
    endloop
  endfacet
  facet normal 0.6845471059286882 0.7289686274214119 0
    outer loop
      vertex 0.739942439127175 0.8944367601603567 0.0802569930514474
      vertex 0.739942439127175 0.8944367601603567 0.10251546955773416
      vertex 0.8462104233542409 0.7946444806039145 0.07025699305144739
    endloop
  endfacet
  facet normal 0.7705132427757893 0.6374239897486895 0
    outer loop
      vertex 0.9391331637034062 0.6823201828907451 -0.010332818436332047
      vertex 0.8462104233542409 0.7946444806039145 -0.0003328184363318165
      vertex 0.8462104233542409 0.7946444806039145 0.049743006948552715
    endloop
  endfacet
  facet normal 0.7705132427757894 0.6374239897486895 0
    outer loop
      vertex 0.9391331637034062 0.6823201828907451 0.039743006948552484
      vertex 0.8462104233542409 0.7946444806039145 0.049743006948552715
      vertex 0.8462104233542409 0.7946444806039145 0.07025699305144739
    endloop
  endfacet
  facet normal 0.7705132427757893 0.6374239897486896 0
    outer loop
      vertex 0.9391331637034062 0.6823201828907451 0.06025699305144738
      vertex 0.8462104233542409 0.7946444806039145 0.07025699305144739
      vertex 0.8462104233542409 0.7946444806039145 0.10251546955773416
    endloop
  endfacet
  facet normal 0 0 -1
    outer loop
      vertex 0.739942439127175 0.8944367601603567 0.10251546955773416
      vertex 0.9322424456746695 1.1268875370586855 0.10251546955773416
      vertex 0.8462104233542409 0.7946444806039145 0.10251546955773416
    endloop
  endfacet
  facet normal 0 0 -1
    outer loop
      vertex 0.9391331637034062 0.6823201828907451 0.10251546955773416
      vertex 0.8462104233542409 0.7946444806039145 0.10251546955773416
      vertex 1.0661278944260828 1.0011607320616838 0.10251546955773416
    endloop
  endfacet
  facet normal 0 0 -1
    outer loop
      vertex 0.9391331637034062 0.6823201828907451 0.10251546955773416
      vertex 1.0661278944260828 1.0011607320616838 0.10251546955773416
      vertex 1.01724521305001 0.5592352882950686 0.10251546955773416
    endloop
  endfacet
  facet normal 0 0 -1
    outer loop
      vertex 0.8462104233542409 0.7946444806039145 0.10251546955773416
      vertex 0.9322424456746695 1.1268875370586855 0.10251546955773416
      vertex 1.0661278944260828 1.0011607320616838 0.10251546955773416
    endloop
  endfacet
  facet normal 0 0 -1
    outer loop
      vertex 0.739942439127175 0.8944367601603567 0.10251546955773416
      vertex 0.7836549766603224 1.2348426524262874 0.10251546955773416
      vertex 0.9322424456746695 1.1268875370586855 0.10251546955773416
    endloop
  endfacet
  facet normal 0 0 -1
    outer loop
      vertex 1.01724521305001 0.5592352882950686 0.10251546955773416
      vertex 1.0661278944260828 1.0011607320616838 0.10251546955773416
      vertex 1.183199869408463 0.8596450242556375 0.10251546955773416
    endloop
  endfacet
  facet normal 0 -1 0
    outer loop
      vertex -0.5913510132174743 1.02425 0.8999999999999999
      vertex 0.5913510132174743 1.02425 0.8999999999999999
      vertex 0.5913510132174743 1.02425 2.01
    endloop
  endfacet
  facet normal -0.8660254037844387 -0.5 0
    outer loop
      vertex 1.1827020264349486 0 0.8999999999999999
      vertex 1.1827020264349486 0 2.01
      vertex 0.5913510132174743 1.02425 0.8999999999999999
    endloop
  endfacet
  facet normal -0.8660254037844387 -0.5 0
    outer loop
      vertex 0.5913510132174743 1.02425 0.8999999999999999
      vertex 1.1827020264349486 0 2.01
      vertex 0.5913510132174743 1.02425 2.01
    endloop
  endfacet
  facet normal 0 0 1
    outer loop
      vertex 1.2296505940399294 -2.613140527521865 2.01
      vertex 1.2296505940399294 2.613140527521865 2.01
      vertex 1.1827020264349486 0 2.01
    endloop
  endfacet
  facet normal 0 0 1
    outer loop
      vertex 0.5411572365235734 2.836845580104453 2.01
      vertex 0.5913510132174743 1.02425 2.01
      vertex 1.1827020264349486 0 2.01
    endloop
  endfacet
  facet normal 0 0 1
    outer loop
      vertex 1.5474677838993411 -2.4384190488498203 2.01
      vertex 1.5474677838993411 2.4384190488498203 2.01
      vertex 1.2296505940399294 2.613140527521865 2.01
    endloop
  endfacet
  facet normal 0.0887114620436996 0.7022235297511815 -0.7064080908128535
    outer loop
      vertex 0.2740480712876868 1.4366102997400436 0.10251546955773416
      vertex 0.09183210615318839 1.4596295293584427 0.10251546955773416
      vertex 0.18133902040065816 2.8823011917008485 1.5280000000000005
    endloop
  endfacet
  facet normal 0.1760238913373099 0.685567793082938 -0.7064080908128536
    outer loop
      vertex 0.2740480712876868 1.4366102997400436 0.10251546955773416
      vertex 0.5411572365235734 2.836845580104453 1.5280000000000005
      vertex 0.45194213462959587 1.3909348675053492 0.10251546955773416
    endloop
  endfacet
  facet normal 0.26056031871295576 0.6581002427794281 -0.7064080908128535
    outer loop
      vertex 0.45194213462959587 1.3909348675053492 0.10251546955773416
      vertex 0.8924410797548482 2.7466512190604035 1.5280000000000005
      vertex 0.6227088005312512 1.3233235615058812 0.10251546955773416
    endloop
  endfacet
  facet normal 0.34098755421130844 0.6202540585172573 -0.7064080908128535
    outer loop
      vertex 0.6227088005312512 1.3233235615058812 0.10251546955773416
      vertex 1.2296505940399294 2.613140527521865 1.5280000000000005
      vertex 0.7836549766603224 1.2348426524262874 0.10251546955773416
    endloop
  endfacet
  facet normal 0.4160372122836578 0.5726260972304545 -0.7064080908128536
    outer loop
      vertex 0.7836549766603224 1.2348426524262874 0.10251546955773416
      vertex 1.5474677838993411 2.4384190488498203 1.5280000000000005
      vertex 0.9322424456746695 1.1268875370586855 0.10251546955773416
    endloop
  endfacet
  facet normal 0.48452571498971003 0.5159674803200773 -0.7064080908128535
    outer loop
      vertex 1.0661278944260828 1.0011607320616838 0.10251546955773416
      vertex 0.9322424456746695 1.1268875370586855 0.10251546955773416
      vertex 1.8408804823942169 2.225242245136479 1.5280000000000005
    endloop
  endfacet
  facet normal 0 0.7078047818672456 -0.7064080908128535
    outer loop
      vertex -0.18133902040065816 2.8823011917008485 1.5280000000000005
      vertex 0.18133902040065816 2.8823011917008485 1.5280000000000005
      vertex 0.09183210615318839 1.4596295293584427 0.10251546955773416
    endloop
  endfacet
  facet normal 0.08871146204369933 0.7022235297511814 -0.7064080908128535
    outer loop
      vertex 0.2740480712876868 1.4366102997400436 0.10251546955773416
      vertex 0.18133902040065816 2.8823011917008485 1.5280000000000005
      vertex 0.5411572365235734 2.836845580104453 1.5280000000000005
    endloop
  endfacet
  facet normal 0.1760238913373109 0.6855677930829379 -0.7064080908128535
    outer loop
      vertex 0.45194213462959587 1.3909348675053492 0.10251546955773416
      vertex 0.5411572365235734 2.836845580104453 1.5280000000000005
      vertex 0.8924410797548482 2.7466512190604035 1.5280000000000005
    endloop
  endfacet
  facet normal 0 0 1
    outer loop
      vertex -0.18133902040065816 2.8823011917008485 2.01
      vertex 0.5913510132174743 1.02425 2.01
      vertex 0.18133902040065816 2.8823011917008485 2.01
    endloop
  endfacet
  facet normal 0.12533323356430434 0.9921147013144778 0
    outer loop
      vertex 0.18133902040065816 2.8823011917008485 1.5280000000000005
      vertex 0.18133902040065816 2.8823011917008485 2.01
      vertex 0.5411572365235734 2.836845580104453 1.5280000000000005
    endloop
  endfacet
  facet normal 0 1 0
    outer loop
      vertex -0.18133902040065816 2.8823011917008485 2.01
      vertex 0.18133902040065816 2.8823011917008485 2.01
      vertex 0.18133902040065816 2.8823011917008485 1.5280000000000005
    endloop
  endfacet
  facet normal 0 0 1
    outer loop
      vertex 0.18133902040065816 2.8823011917008485 2.01
      vertex 0.5913510132174743 1.02425 2.01
      vertex 0.5411572365235734 2.836845580104453 2.01
    endloop
  endfacet
  facet normal 0.24868988716485588 0.9685831611286307 0
    outer loop
      vertex 0.5411572365235734 2.836845580104453 1.5280000000000005
      vertex 0.5411572365235734 2.836845580104453 2.01
      vertex 0.8924410797548482 2.7466512190604035 1.5280000000000005
    endloop
  endfacet
  facet normal 0.12533323356430434 0.9921147013144778 0
    outer loop
      vertex 0.18133902040065816 2.8823011917008485 2.01
      vertex 0.5411572365235734 2.836845580104453 2.01
      vertex 0.5411572365235734 2.836845580104453 1.5280000000000005
    endloop
  endfacet
  facet normal 0.340987554211309 0.6202540585172571 -0.7064080908128535
    outer loop
      vertex 0.7836549766603224 1.2348426524262874 0.10251546955773416
      vertex 1.2296505940399294 2.613140527521865 1.5280000000000005
      vertex 1.5474677838993411 2.4384190488498203 1.5280000000000005
    endloop
  endfacet
  facet normal 0.4160372122836575 0.5726260972304547 -0.7064080908128536
    outer loop
      vertex 0.9322424456746695 1.1268875370586855 0.10251546955773416
      vertex 1.5474677838993411 2.4384190488498203 1.5280000000000005
      vertex 1.8408804823942169 2.225242245136479 1.5280000000000005
    endloop
  endfacet
  facet normal 0 0 1
    outer loop
      vertex 0.5411572365235734 2.836845580104453 2.01
      vertex 1.1827020264349486 0 2.01
      vertex 0.8924410797548482 2.7466512190604035 2.01
    endloop
  endfacet
  facet normal 0 0 1
    outer loop
      vertex 0.8924410797548482 2.7466512190604035 2.01
      vertex 1.1827020264349486 0 2.01
      vertex 1.2296505940399294 2.613140527521865 2.01
    endloop
  endfacet
  facet normal 0.26056031871295515 0.6581002427794281 -0.7064080908128536
    outer loop
      vertex 0.6227088005312512 1.3233235615058812 0.10251546955773416
      vertex 0.8924410797548482 2.7466512190604035 1.5280000000000005
      vertex 1.2296505940399294 2.613140527521865 1.5280000000000005
    endloop
  endfacet
  facet normal 0.3681245526846773 0.9297764858882516 0
    outer loop
      vertex 0.8924410797548482 2.7466512190604035 1.5280000000000005
      vertex 0.8924410797548482 2.7466512190604035 2.01
      vertex 1.2296505940399294 2.613140527521865 1.5280000000000005
    endloop
  endfacet
  facet normal 0.24868988716485588 0.9685831611286307 0
    outer loop
      vertex 0.5411572365235734 2.836845580104453 2.01
      vertex 0.8924410797548482 2.7466512190604035 2.01
      vertex 0.8924410797548482 2.7466512190604035 1.5280000000000005
    endloop
  endfacet
  facet normal 0.4817536741017155 0.8763066800438636 0
    outer loop
      vertex 1.2296505940399294 2.613140527521865 2.01
      vertex 1.5474677838993411 2.4384190488498203 2.01
      vertex 1.5474677838993411 2.4384190488498203 1.5280000000000005
    endloop
  endfacet
  facet normal 0.4817536741017155 0.8763066800438636 0
    outer loop
      vertex 1.2296505940399294 2.613140527521865 1.5280000000000005
      vertex 1.2296505940399294 2.613140527521865 2.01
      vertex 1.5474677838993411 2.4384190488498203 1.5280000000000005
    endloop
  endfacet
  facet normal 0.3681245526846773 0.9297764858882516 0
    outer loop
      vertex 0.8924410797548482 2.7466512190604035 2.01
      vertex 1.2296505940399294 2.613140527521865 2.01
      vertex 1.2296505940399294 2.613140527521865 1.5280000000000005
    endloop
  endfacet
  facet normal 0 0 -1
    outer loop
      vertex 1.4509830982480747 -0.1833017929374873 0.10251546955773416
      vertex 1.4509830982480747 0.1833017929374873 0.10251546955773416
      vertex 1.462515469557734 0 0.10251546955773416
    endloop
  endfacet
  facet normal 0.7064080908128537 0.04444342997877637 -0.7064080908128537
    outer loop
      vertex 1.462515469557734 0 0.10251546955773416
      vertex 1.4509830982480747 0.1833017929374873 0.10251546955773416
      vertex 2.8652272573962123 0.36196237853371016 1.5280000000000005
    endloop
  endfacet
  facet normal 0.695267613232996 0.13262939049634637 -0.7064080908128536
    outer loop
      vertex 1.4165678567037545 0.363712807101167 0.10251546955773416
      vertex 2.797268169339487 0.7182163941320997 1.5280000000000005
      vertex 1.4509830982480747 0.1833017929374873 0.10251546955773416
    endloop
  endfacet
  facet normal 0.6731623500597139 0.21872370629683155 -0.7064080908128536
    outer loop
      vertex 1.4165678567037545 0.363712807101167 0.10251546955773416
      vertex 1.3598124938425957 0.5383878530253632 0.10251546955773416
      vertex 2.68519449124527 1.0631437081533512 1.5280000000000005
    endloop
  endfacet
  facet normal 0.6404409144982933 0.30136861858980757 -0.7064080908128537
    outer loop
      vertex 1.3598124938425957 0.5383878530253632 0.10251546955773416
      vertex 1.28161207564093 0.7045722008900338 0.10251546955773416
      vertex 2.530773691966678 1.391304610805754 1.5280000000000005
    endloop
  endfacet
  facet normal 0.597619343134378 0.3792607677387337 -0.7064080908128537
    outer loop
      vertex 1.28161207564093 0.7045722008900338 0.10251546955773416
      vertex 1.183199869408463 0.8596450242556375 0.10251546955773416
      vertex 2.3364410797548487 1.6975238086206625 1.5280000000000005
    endloop
  endfacet
  facet normal 0.5453729577287417 0.4511717480210206 -0.7064080908128536
    outer loop
      vertex 1.0661278944260828 1.0011607320616838 0.10251546955773416
      vertex 2.105261395993037 1.9769720419220527 1.5280000000000005
      vertex 1.183199869408463 0.8596450242556375 0.10251546955773416
    endloop
  endfacet
  facet normal 0.5976193431343781 0.3792607677387336 -0.7064080908128536
    outer loop
      vertex 1.28161207564093 0.7045722008900338 0.10251546955773416
      vertex 2.3364410797548487 1.6975238086206625 1.5280000000000005
      vertex 2.530773691966678 1.391304610805754 1.5280000000000005
    endloop
  endfacet
  facet normal 0 0 1
    outer loop
      vertex 1.8408804823942169 -2.225242245136479 2.01
      vertex 1.8408804823942169 2.225242245136479 2.01
      vertex 1.5474677838993411 2.4384190488498203 2.01
    endloop
  endfacet
  facet normal 0 0 1
    outer loop
      vertex 2.105261395993037 -1.9769720419220527 2.01
      vertex 2.105261395993037 1.9769720419220527 2.01
      vertex 1.8408804823942169 2.225242245136479 2.01
    endloop
  endfacet
  facet normal 0.7064080908128535 0.04444342997877665 -0.7064080908128535
    outer loop
      vertex 1.462515469557734 0 0.10251546955773416
      vertex 2.8652272573962123 0.36196237853371016 1.5280000000000005
      vertex 2.8880000000000003 0 1.5280000000000005
    endloop
  endfacet
  facet normal 0.6731623500597137 0.21872370629683174 -0.7064080908128535
    outer loop
      vertex 1.4165678567037545 0.363712807101167 0.10251546955773416
      vertex 2.68519449124527 1.0631437081533512 1.5280000000000005
      vertex 2.797268169339487 0.7182163941320997 1.5280000000000005
    endloop
  endfacet
  facet normal 0.695267613232996 0.13262939049634614 -0.7064080908128535
    outer loop
      vertex 1.4509830982480747 0.1833017929374873 0.10251546955773416
      vertex 2.797268169339487 0.7182163941320997 1.5280000000000005
      vertex 2.8652272573962123 0.36196237853371016 1.5280000000000005
    endloop
  endfacet
  facet normal 0 0 1
    outer loop
      vertex 2.3364410797548487 -1.6975238086206625 2.01
      vertex 2.3364410797548487 1.6975238086206625 2.01
      vertex 2.105261395993037 1.9769720419220527 2.01
    endloop
  endfacet
  facet normal 0 0 1
    outer loop
      vertex 2.530773691966678 -1.391304610805754 2.01
      vertex 2.530773691966678 1.391304610805754 2.01
      vertex 2.3364410797548487 1.6975238086206625 2.01
    endloop
  endfacet
  facet normal 0.9980267284282716 0.06279051952931348 0
    outer loop
      vertex 2.8880000000000003 0 1.5280000000000005
      vertex 2.8652272573962123 0.36196237853371016 1.5280000000000005
      vertex 2.8652272573962123 0.36196237853371016 2.01
    endloop
  endfacet
  facet normal 0.9980267284282716 0.06279051952931348 0
    outer loop
      vertex 2.8880000000000003 0 1.5280000000000005
      vertex 2.8652272573962123 0.36196237853371016 2.01
      vertex 2.8880000000000003 0 2.01
    endloop
  endfacet
  facet normal 0 0 1
    outer loop
      vertex 2.8652272573962123 -0.36196237853371016 2.01
      vertex 2.8880000000000003 0 2.01
      vertex 2.8652272573962123 0.36196237853371016 2.01
    endloop
  endfacet
  facet normal 0 0 1
    outer loop
      vertex 2.797268169339487 -0.7182163941320997 2.01
      vertex 2.797268169339487 0.7182163941320997 2.01
      vertex 2.68519449124527 1.0631437081533512 2.01
    endloop
  endfacet
  facet normal 0 0 1
    outer loop
      vertex 2.8652272573962123 -0.36196237853371016 2.01
      vertex 2.8652272573962123 0.36196237853371016 2.01
      vertex 2.797268169339487 0.7182163941320997 2.01
    endloop
  endfacet
  facet normal 0.9822872507286888 0.18738131458572438 0
    outer loop
      vertex 2.8652272573962123 0.36196237853371016 1.5280000000000005
      vertex 2.797268169339487 0.7182163941320997 1.5280000000000005
      vertex 2.797268169339487 0.7182163941320997 2.01
    endloop
  endfacet
  facet normal 0 0 1
    outer loop
      vertex 2.68519449124527 -1.0631437081533512 2.01
      vertex 2.68519449124527 1.0631437081533512 2.01
      vertex 2.530773691966678 1.391304610805754 2.01
    endloop
  endfacet
  facet normal 0.9822872507286888 0.18738131458572438 0
    outer loop
      vertex 2.8652272573962123 0.36196237853371016 1.5280000000000005
      vertex 2.797268169339487 0.7182163941320997 2.01
      vertex 2.8652272573962123 0.36196237853371016 2.01
    endloop
  endfacet
  facet normal 0.6404409144982937 0.30136861858980696 -0.7064080908128535
    outer loop
      vertex 1.3598124938425957 0.5383878530253632 0.10251546955773416
      vertex 2.530773691966678 1.391304610805754 1.5280000000000005
      vertex 2.68519449124527 1.0631437081533512 1.5280000000000005
    endloop
  endfacet
  facet normal 0.9510565162951535 0.30901699437494734 0
    outer loop
      vertex 2.797268169339487 0.7182163941320997 1.5280000000000005
      vertex 2.68519449124527 1.0631437081533512 1.5280000000000005
      vertex 2.68519449124527 1.0631437081533512 2.01
    endloop
  endfacet
  facet normal 0.9510565162951535 0.30901699437494734 0
    outer loop
      vertex 2.797268169339487 0.7182163941320997 1.5280000000000005
      vertex 2.68519449124527 1.0631437081533512 2.01
      vertex 2.797268169339487 0.7182163941320997 2.01
    endloop
  endfacet
  facet normal 0.9048270524660192 0.42577929156507305 0
    outer loop
      vertex 2.68519449124527 1.0631437081533512 1.5280000000000005
      vertex 2.530773691966678 1.391304610805754 1.5280000000000005
      vertex 2.530773691966678 1.391304610805754 2.01
    endloop
  endfacet
  facet normal 0.9048270524660192 0.42577929156507305 0
    outer loop
      vertex 2.68519449124527 1.0631437081533512 1.5280000000000005
      vertex 2.530773691966678 1.391304610805754 2.01
      vertex 2.68519449124527 1.0631437081533512 2.01
    endloop
  endfacet
  facet normal 0.4845257149897098 0.5159674803200774 -0.7064080908128536
    outer loop
      vertex 1.0661278944260828 1.0011607320616838 0.10251546955773416
      vertex 1.8408804823942169 2.225242245136479 1.5280000000000005
      vertex 2.105261395993037 1.9769720419220527 1.5280000000000005
    endloop
  endfacet
  facet normal 0.5453729577287413 0.45117174802102095 -0.7064080908128537
    outer loop
      vertex 1.183199869408463 0.8596450242556375 0.10251546955773416
      vertex 2.105261395993037 1.9769720419220527 1.5280000000000005
      vertex 2.3364410797548487 1.6975238086206625 1.5280000000000005
    endloop
  endfacet
  facet normal 0.6845471059286888 0.7289686274214114 0
    outer loop
      vertex 2.105261395993037 1.9769720419220527 1.5280000000000005
      vertex 1.8408804823942169 2.225242245136479 1.5280000000000005
      vertex 1.8408804823942169 2.225242245136479 2.01
    endloop
  endfacet
  facet normal 0.6845471059286888 0.7289686274214114 0
    outer loop
      vertex 2.105261395993037 1.9769720419220527 1.5280000000000005
      vertex 1.8408804823942169 2.225242245136479 2.01
      vertex 2.105261395993037 1.9769720419220527 2.01
    endloop
  endfacet
  facet normal 0.5877852522924726 0.8090169943749478 0
    outer loop
      vertex 1.5474677838993411 2.4384190488498203 1.5280000000000005
      vertex 1.5474677838993411 2.4384190488498203 2.01
      vertex 1.8408804823942169 2.225242245136479 1.5280000000000005
    endloop
  endfacet
  facet normal 0.5877852522924726 0.8090169943749478 0
    outer loop
      vertex 1.5474677838993411 2.4384190488498203 2.01
      vertex 1.8408804823942169 2.225242245136479 2.01
      vertex 1.8408804823942169 2.225242245136479 1.5280000000000005
    endloop
  endfacet
  facet normal 0.8443279255020156 0.535826794978996 0
    outer loop
      vertex 2.530773691966678 1.391304610805754 1.5280000000000005
      vertex 2.3364410797548487 1.6975238086206625 1.5280000000000005
      vertex 2.3364410797548487 1.6975238086206625 2.01
    endloop
  endfacet
  facet normal 0.7705132427757889 0.6374239897486902 0
    outer loop
      vertex 2.105261395993037 1.9769720419220527 2.01
      vertex 2.3364410797548487 1.6975238086206625 2.01
      vertex 2.3364410797548487 1.6975238086206625 1.5280000000000005
    endloop
  endfacet
  facet normal 0.8443279255020156 0.535826794978996 0
    outer loop
      vertex 2.530773691966678 1.391304610805754 1.5280000000000005
      vertex 2.3364410797548487 1.6975238086206625 2.01
      vertex 2.530773691966678 1.391304610805754 2.01
    endloop
  endfacet
  facet normal 0.7705132427757889 0.6374239897486902 0
    outer loop
      vertex 2.105261395993037 1.9769720419220527 1.5280000000000005
      vertex 2.105261395993037 1.9769720419220527 2.01
      vertex 2.3364410797548487 1.6975238086206625 1.5280000000000005
    endloop
  endfacet
endsolid OpenSCAD_Model
