solid OpenSCAD_Model
  facet normal 0 -1 0
    outer loop
      vertex -40.5 -61.5 0
      vertex -39 -61.5 1.5
      vertex -40.5 -61.5 1.5
    endloop
  endfacet
  facet normal 0 -1 0
    outer loop
      vertex -40.5 -61.5 0
      vertex 39 -61.5 1.5
      vertex -39 -61.5 1.5
    endloop
  endfacet
  facet normal 0 0 1
    outer loop
      vertex -39 -60 1.5
      vertex 39 -60 1.5
      vertex -39 60 1.5
    endloop
  endfacet
  facet normal 0 0 -1
    outer loop
      vertex -40.5 -61.5 0
      vertex -40.5 61.5 0
      vertex 40.5 61.5 0
    endloop
  endfacet
  facet normal 0 1 0
    outer loop
      vertex -40.5 61.5 0
      vertex -40.5 61.5 1.5
      vertex 40.5 61.5 0
    endloop
  endfacet
  facet normal 0 1 0
    outer loop
      vertex -40.5 61.5 1.5
      vertex -39 61.5 1.5
      vertex 40.5 61.5 0
    endloop
  endfacet
  facet normal 0 -1 0
    outer loop
      vertex -40.5 -61.5 0
      vertex 40.5 -61.5 0
      vertex 40.5 -61.5 1.5
    endloop
  endfacet
  facet normal 0 -1 0
    outer loop
      vertex -40.5 -61.5 0
      vertex 40.5 -61.5 1.5
      vertex 39 -61.5 1.5
    endloop
  endfacet
  facet normal 0 0 -1
    outer loop
      vertex -40.5 -61.5 0
      vertex 40.5 61.5 0
      vertex 40.5 -61.5 0
    endloop
  endfacet
  facet normal 0 0 1
    outer loop
      vertex -39 60 1.5
      vertex 39 -60 1.5
      vertex 39 60 1.5
    endloop
  endfacet
  facet normal 0 1 0
    outer loop
      vertex -39 61.5 1.5
      vertex 39 61.5 1.5
      vertex 40.5 61.5 0
    endloop
  endfacet
  facet normal 0 1 0
    outer loop
      vertex 40.5 61.5 0
      vertex 39 61.5 1.5
      vertex 40.5 61.5 1.5
    endloop
  endfacet
  facet normal 0 -1 0
    outer loop
      vertex -39 60 1.5
      vertex 39 60 1.5
      vertex -39 60 15
    endloop
  endfacet
  facet normal 0 1 0
    outer loop
      vertex -39 61.5 1.5
      vertex -39 61.5 15
      vertex 39 61.5 15
    endloop
  endfacet
  facet normal 0 0 1
    outer loop
      vertex -39 60 15
      vertex 39 61.5 15
      vertex -39 61.5 15
    endloop
  endfacet
  facet normal 0 1 0
    outer loop
      vertex -39 61.5 1.5
      vertex 39 61.5 15
      vertex 39 61.5 1.5
    endloop
  endfacet
  facet normal 1 0 0
    outer loop
      vertex 40.5 60 0.18292682926829268
      vertex 40.5 61.5 0
      vertex 40.5 60 15
    endloop
  endfacet
  facet normal 1 0 0
    outer loop
      vertex 40.5 61.5 0
      vertex 40.5 61.5 1.5
      vertex 40.5 60 15
    endloop
  endfacet
  facet normal 0 -1 0
    outer loop
      vertex -39 60 15
      vertex 39 60 1.5
      vertex 39 60 15
    endloop
  endfacet
  facet normal 0 0 1
    outer loop
      vertex -39 60 15
      vertex 39 60 15
      vertex 40.5 61.5 15
    endloop
  endfacet
  facet normal 0 0 1
    outer loop
      vertex -39 60 15
      vertex 40.5 61.5 15
      vertex 39 61.5 15
    endloop
  endfacet
  facet normal 1 0 0
    outer loop
      vertex 40.5 61.5 1.5
      vertex 40.5 61.5 15
      vertex 40.5 60 15
    endloop
  endfacet
  facet normal 0 0 1
    outer loop
      vertex 39 60 15
      vertex 40.5 60 15
      vertex 40.5 61.5 15
    endloop
  endfacet
  facet normal 0 -1 0
    outer loop
      vertex -39 -61.5 1.5
      vertex -33.67333176669067 -61.5 5.427697906598982
      vertex -33.927750666883895 -61.5 5.52842947515299
    endloop
  endfacet
  facet normal 0 -1 0
    outer loop
      vertex -39 -61.5 1.5
      vertex -34.167538384848974 -61.5 5.660253888642979
      vertex -34.38891332503135 -61.5 5.821092197320123
    endloop
  endfacet
  facet normal 0 -1 0
    outer loop
      vertex -39 -61.5 1.5
      vertex -33.927750666883895 -61.5 5.52842947515299
      vertex -34.167538384848974 -61.5 5.660253888642979
    endloop
  endfacet
  facet normal 0 -1 0
    outer loop
      vertex -39 -61.5 1.5
      vertex -34.38891332503135 -61.5 5.821092197320123
      vertex -34.58838427238139 -61.5 6.008407884976437
    endloop
  endfacet
  facet normal 0 1 0
    outer loop
      vertex -39 -60 1.5
      vertex -33.766402724817134 -60 5.871311305561164
      vertex -33.55623058987491 -60 5.788098270668724
    endloop
  endfacet
  facet normal 0 1 0
    outer loop
      vertex -39 -60 1.5
      vertex -33.964488230962196 -60 5.980209734096373
      vertex -33.766402724817134 -60 5.871311305561164
    endloop
  endfacet
  facet normal 0 -1 0
    outer loop
      vertex -39 -61.5 1.5
      vertex -34.58838427238139 -61.5 6.008407884976437
      vertex -34.762805450901205 -61.5 6.219246871320611
    endloop
  endfacet
  facet normal 0 1 0
    outer loop
      vertex -39 -60 1.5
      vertex -34.14736318154764 -60 6.113076163003579
      vertex -33.964488230962196 -60 5.980209734096373
    endloop
  endfacet
  facet normal 0 1 0
    outer loop
      vertex -39 -60 1.5
      vertex -34.31214352935854 -60 6.267815209328361
      vertex -34.14736318154764 -60 6.113076163003579
    endloop
  endfacet
  facet normal 0 -1 0
    outer loop
      vertex -39 -61.5 1.5
      vertex -34.762805450901205 -61.5 6.219246871320611
      vertex -34.90942613441137 -61.5 6.450284099588894
    endloop
  endfacet
  facet normal 0 -1 0
    outer loop
      vertex -39 -61.5 1.5
      vertex -34.90942613441137 -61.5 6.450284099588894
      vertex -35.02593402714598 -61.5 6.697875974676544
    endloop
  endfacet
  facet normal 0 1 0
    outer loop
      vertex -39 -60 1.5
      vertex -34.456230589874906 -60 6.441986545873548
      vertex -34.31214352935854 -60 6.267815209328361
    endloop
  endfacet
  facet normal 0 1 0
    outer loop
      vertex -39 -60 1.5
      vertex -34.577352024078955 -60 6.632843386616912
      vertex -34.456230589874906 -60 6.441986545873548
    endloop
  endfacet
  facet normal 0 1 0
    outer loop
      vertex -39 -60 1.5
      vertex -34.67359767459885 -60 6.8373758051675795
      vertex -34.577352024078955 -60 6.632843386616912
    endloop
  endfacet
  facet normal 0 1 0
    outer loop
      vertex -39 -60 1.5
      vertex -34.74344969003154 -60 7.052358203103261
      vertex -34.67359767459885 -60 6.8373758051675795
    endloop
  endfacet
  facet normal 0 1 0
    outer loop
      vertex -39 -60 1.5
      vertex -34.78580646236606 -60 7.274400179584252
      vertex -34.74344969003154 -60 7.052358203103261
    endloop
  endfacet
  facet normal 0 1 0
    outer loop
      vertex -39 -60 1.5
      vertex -34.8 -60 7.5
      vertex -34.78580646236606 -60 7.274400179584252
    endloop
  endfacet
  facet normal 0 1 0
    outer loop
      vertex -39 -60 1.5
      vertex -34.79880817622921 -60 7.518943496370788
      vertex -34.8 -60 7.5
    endloop
  endfacet
  facet normal 0 1 0
    outer loop
      vertex -39 -60 1.5
      vertex -34.78580646236606 -60 7.725599820415748
      vertex -34.79880817622921 -60 7.518943496370788
    endloop
  endfacet
  facet normal 0 -1 0
    outer loop
      vertex -39 -61.5 1.5
      vertex -33.40829402230784 -61.5 5.359647779991175
      vertex -33.67333176669067 -61.5 5.427697906598982
    endloop
  endfacet
  facet normal 0 -1 0
    outer loop
      vertex -39 -61.5 1.5
      vertex -33.13681723729019 -61.5 5.3253522864773455
      vertex -33.40829402230784 -61.5 5.359647779991175
    endloop
  endfacet
  facet normal 0 -1 0
    outer loop
      vertex -39 -61.5 1.5
      vertex -33.041640028740495 -61.5 5.3253522864773455
      vertex -33.13681723729019 -61.5 5.3253522864773455
    endloop
  endfacet
  facet normal 0 -1 0
    outer loop
      vertex -39 -61.5 1.5
      vertex -32.86318276270981 -61.5 5.3253522864773455
      vertex -33.041640028740495 -61.5 5.3253522864773455
    endloop
  endfacet
  facet normal 0 1 0
    outer loop
      vertex -39 -60 1.5
      vertex -33.337286366254304 -60 5.7318829486883605
      vertex -33.11302293515276 -60 5.703551888829111
    endloop
  endfacet
  facet normal 0 1 0
    outer loop
      vertex -39 -60 1.5
      vertex -33.11302293515276 -60 5.703551888829111
      vertex -32.88697706484724 -60 5.703551888829111
    endloop
  endfacet
  facet normal 0 1 0
    outer loop
      vertex -39 -60 1.5
      vertex -32.88697706484724 -60 5.703551888829111
      vertex -32.662713633745696 -60 5.7318829486883605
    endloop
  endfacet
  facet normal 0 1 0
    outer loop
      vertex -39 -60 1.5
      vertex -33.55623058987491 -60 5.788098270668724
      vertex -33.337286366254304 -60 5.7318829486883605
    endloop
  endfacet
  facet normal 0 1 0
    outer loop
      vertex -39 -60 1.5
      vertex -32.662713633745696 -60 5.7318829486883605
      vertex -32.44376941012509 -60 5.788098270668724
    endloop
  endfacet
  facet normal 0 1 0
    outer loop
      vertex -39 -60 1.5
      vertex -32.44376941012509 -60 5.788098270668724
      vertex -32.233597275182866 -60 5.871311305561164
    endloop
  endfacet
  facet normal 0 1 0
    outer loop
      vertex -39 -60 1.5
      vertex -32.233597275182866 -60 5.871311305561164
      vertex -32.035511769037804 -60 5.9802097340963725
    endloop
  endfacet
  facet normal 0 1 0
    outer loop
      vertex -39 -60 1.5
      vertex -34.78224978682652 -60 7.744244566532472
      vertex -34.78580646236606 -60 7.725599820415748
    endloop
  endfacet
  facet normal 0 1 0
    outer loop
      vertex -39 -60 1.5
      vertex -34.74344969003154 -60 7.947641796896739
      vertex -34.78224978682652 -60 7.744244566532472
    endloop
  endfacet
  facet normal 0 1 0
    outer loop
      vertex -39 -60 1.5
      vertex -34.73758425362116 -60 7.965693753975307
      vertex -34.74344969003154 -60 7.947641796896739
    endloop
  endfacet
  facet normal 0 1 0
    outer loop
      vertex -39 -60 1.5
      vertex -34.67359767459885 -60 8.16262419483242
      vertex -34.73758425362116 -60 7.965693753975307
    endloop
  endfacet
  facet normal 0 1 0
    outer loop
      vertex -39 -60 1.5
      vertex -34.66551597875367 -60 8.179798672725987
      vertex -34.67359767459885 -60 8.16262419483242
    endloop
  endfacet
  facet normal 0 -1 0
    outer loop
      vertex -39 -61.5 1.5
      vertex 39 -61.5 1.5
      vertex -32.86318276270981 -61.5 5.3253522864773455
    endloop
  endfacet
  facet normal 0 1 0
    outer loop
      vertex -39 -60 1.5
      vertex -32.035511769037804 -60 5.9802097340963725
      vertex 39 -60 15
    endloop
  endfacet
  facet normal 0 -1 0
    outer loop
      vertex 39 -61.5 1.5
      vertex -32.59170597769216 -61.5 5.359647779991175
      vertex -32.86318276270981 -61.5 5.3253522864773455
    endloop
  endfacet
  facet normal 0 -1 0
    outer loop
      vertex 39 -61.5 1.5
      vertex -32.32666823330933 -61.5 5.427697906598982
      vertex -32.59170597769216 -61.5 5.359647779991175
    endloop
  endfacet
  facet normal 0 -1 0
    outer loop
      vertex 39 -61.5 1.5
      vertex -32.072249333116105 -61.5 5.52842947515299
      vertex -32.32666823330933 -61.5 5.427697906598982
    endloop
  endfacet
  facet normal 0 -1 0
    outer loop
      vertex 39 -61.5 1.5
      vertex -31.83246161515103 -61.5 5.660253888642978
      vertex -32.072249333116105 -61.5 5.52842947515299
    endloop
  endfacet
  facet normal 0 -1 0
    outer loop
      vertex 39 -61.5 1.5
      vertex -31.688086654162518 -61.5 5.7651484377802475
      vertex -31.83246161515103 -61.5 5.660253888642978
    endloop
  endfacet
  facet normal 0 -1 0
    outer loop
      vertex 39 -61.5 1.5
      vertex -31.611086674968643 -61.5 5.821092197320124
      vertex -31.688086654162518 -61.5 5.7651484377802475
    endloop
  endfacet
  facet normal 0 -1 0
    outer loop
      vertex 39 -61.5 1.5
      vertex -31.480996926696882 -61.5 5.943254602313372
      vertex -31.611086674968643 -61.5 5.821092197320124
    endloop
  endfacet
  facet normal 0 -1 0
    outer loop
      vertex 39 -61.5 1.5
      vertex -31.41161572761861 -61.5 6.008407884976437
      vertex -31.480996926696882 -61.5 5.943254602313372
    endloop
  endfacet
  facet normal 0 -1 0
    outer loop
      vertex 39 -61.5 1.5
      vertex -31.29786278510569 -61.5 6.145911571722638
      vertex -31.41161572761861 -61.5 6.008407884976437
    endloop
  endfacet
  facet normal 0 -1 0
    outer loop
      vertex 39 -61.5 1.5
      vertex -31.2371945490988 -61.5 6.219246871320611
      vertex -31.29786278510569 -61.5 6.145911571722638
    endloop
  endfacet
  facet normal 0 -1 0
    outer loop
      vertex 39 -61.5 1.5
      vertex -31.141572364200865 -61.5 6.369923324539057
      vertex -31.2371945490988 -61.5 6.219246871320611
    endloop
  endfacet
  facet normal 0 -1 0
    outer loop
      vertex 39 -61.5 1.5
      vertex -31.090573865588635 -61.5 6.450284099588894
      vertex -31.141572364200865 -61.5 6.369923324539057
    endloop
  endfacet
  facet normal 0 -1 0
    outer loop
      vertex 39 -61.5 1.5
      vertex -31.014590457283454 -61.5 6.611757061602578
      vertex -31.090573865588635 -61.5 6.450284099588894
    endloop
  endfacet
  facet normal 0 -1 0
    outer loop
      vertex 39 -61.5 1.5
      vertex -30.97406597285402 -61.5 6.697875974676543
      vertex -31.014590457283454 -61.5 6.611757061602578
    endloop
  endfacet
  facet normal 0 -1 0
    outer loop
      vertex 39 -61.5 1.5
      vertex -30.944654597934996 -61.5 6.788394879070514
      vertex -30.97406597285402 -61.5 6.697875974676543
    endloop
  endfacet
  facet normal 0 -1 0
    outer loop
      vertex 39 -61.5 1.5
      vertex -30.889508269961826 -61.5 6.958117824809213
      vertex -30.944654597934996 -61.5 6.788394879070514
    endloop
  endfacet
  facet normal 0 -1 0
    outer loop
      vertex 39 -61.5 1.5
      vertex -30.871673839505185 -61.5 7.051609183327524
      vertex -30.889508269961826 -61.5 6.958117824809213
    endloop
  endfacet
  facet normal 0 -1 0
    outer loop
      vertex 39 -61.5 1.5
      vertex -30.83823428239898 -61.5 7.226905480549358
      vertex -30.871673839505185 -61.5 7.051609183327524
    endloop
  endfacet
  facet normal 0 -1 0
    outer loop
      vertex 39 -61.5 1.5
      vertex -30.832258056026795 -61.5 7.321894878619147
      vertex -30.83823428239898 -61.5 7.226905480549358
    endloop
  endfacet
  facet normal 0 -1 0
    outer loop
      vertex 39 -61.5 1.5
      vertex -30.821052631578947 -61.5 7.5
      vertex -30.832258056026795 -61.5 7.321894878619147
    endloop
  endfacet
  facet normal 0 -1 0
    outer loop
      vertex 39 -61.5 1.5
      vertex -30.83823428239898 -61.5 7.773094519450642
      vertex -30.821052631578947 -61.5 7.5
    endloop
  endfacet
  facet normal 0 -1 0
    outer loop
      vertex 39 -61.5 1.5
      vertex -30.944654597934996 -61.5 8.211605120929484
      vertex -30.889508269961826 -61.5 8.04188217519079
    endloop
  endfacet
  facet normal 0 -1 0
    outer loop
      vertex 39 -61.5 1.5
      vertex -30.97406597285402 -61.5 8.302124025323455
      vertex -30.944654597934996 -61.5 8.211605120929484
    endloop
  endfacet
  facet normal 0 -1 0
    outer loop
      vertex 39 -61.5 1.5
      vertex -31.014590457283454 -61.5 8.38824293839742
      vertex -30.97406597285402 -61.5 8.302124025323455
    endloop
  endfacet
  facet normal 0 -1 0
    outer loop
      vertex 39 -61.5 1.5
      vertex -31.090573865588635 -61.5 8.549715900411107
      vertex -31.014590457283454 -61.5 8.38824293839742
    endloop
  endfacet
  facet normal 0 -1 0
    outer loop
      vertex 39 -61.5 1.5
      vertex -31.2371945490988 -61.5 8.780753128679388
      vertex -31.090573865588635 -61.5 8.549715900411107
    endloop
  endfacet
  facet normal 0 -1 0
    outer loop
      vertex 39 -61.5 1.5
      vertex -31.41161572761861 -61.5 8.991592115023563
      vertex -31.2371945490988 -61.5 8.780753128679388
    endloop
  endfacet
  facet normal 0 -1 0
    outer loop
      vertex 39 -61.5 1.5
      vertex -31.480996926696882 -61.5 9.05674539768663
      vertex -31.41161572761861 -61.5 8.991592115023563
    endloop
  endfacet
  facet normal 0 -1 0
    outer loop
      vertex 39 -61.5 1.5
      vertex -30.871673839505185 -61.5 7.948390816672477
      vertex -30.83823428239898 -61.5 7.773094519450642
    endloop
  endfacet
  facet normal 0 -1 0
    outer loop
      vertex 39 -61.5 1.5
      vertex -30.889508269961826 -61.5 8.04188217519079
      vertex -30.871673839505185 -61.5 7.948390816672477
    endloop
  endfacet
  facet normal 0 -1 0
    outer loop
      vertex 39 -61.5 1.5
      vertex -31.915866038791055 -61.5 9.385598081266583
      vertex -31.832461615151026 -61.5 9.339746111357021
    endloop
  endfacet
  facet normal 0 -1 0
    outer loop
      vertex 39 -61.5 1.5
      vertex -32.072249333116105 -61.5 9.47157052484701
      vertex -31.915866038791055 -61.5 9.385598081266583
    endloop
  endfacet
  facet normal 0 -1 0
    outer loop
      vertex 39 -61.5 1.5
      vertex -31.611086674968643 -61.5 9.178907802679877
      vertex -31.480996926696882 -61.5 9.05674539768663
    endloop
  endfacet
  facet normal 0 -1 0
    outer loop
      vertex 39 -61.5 1.5
      vertex -31.688086654162515 -61.5 9.234851562219752
      vertex -31.611086674968643 -61.5 9.178907802679877
    endloop
  endfacet
  facet normal 0 -1 0
    outer loop
      vertex 39 -61.5 1.5
      vertex -31.832461615151026 -61.5 9.339746111357021
      vertex -31.688086654162515 -61.5 9.234851562219752
    endloop
  endfacet
  facet normal 0 -1 0
    outer loop
      vertex 39 -61.5 1.5
      vertex -32.59170597769216 -61.5 9.640352220008825
      vertex -32.32666823330933 -61.5 9.572302093401019
    endloop
  endfacet
  facet normal 0 -1 0
    outer loop
      vertex 39 -61.5 1.5
      vertex -32.32666823330933 -61.5 9.572302093401019
      vertex -32.072249333116105 -61.5 9.47157052484701
    endloop
  endfacet
  facet normal 0 -1 0
    outer loop
      vertex 39 -61.5 1.5
      vertex -32.86318276270981 -61.5 9.674647713522655
      vertex -32.686132685524385 -61.5 9.652281087317984
    endloop
  endfacet
  facet normal 0 -1 0
    outer loop
      vertex 39 -61.5 1.5
      vertex -32.686132685524385 -61.5 9.652281087317984
      vertex -32.59170597769216 -61.5 9.640352220008825
    endloop
  endfacet
  facet normal 0 -1 0
    outer loop
      vertex -39 -61.5 1.5
      vertex -35.02593402714598 -61.5 6.697875974676544
      vertex -39 -61.5 15
    endloop
  endfacet
  facet normal 0 1 0
    outer loop
      vertex -39 -60 1.5
      vertex -39 -60 15
      vertex -34.66551597875367 -60 8.179798672725987
    endloop
  endfacet
  facet normal 0 -1 0
    outer loop
      vertex -39 -61.5 15
      vertex -35.02593402714598 -61.5 6.697875974676544
      vertex -35.11049173003818 -61.5 6.958117824809211
    endloop
  endfacet
  facet normal 0 -1 0
    outer loop
      vertex -39 -61.5 15
      vertex -35.11049173003818 -61.5 6.958117824809211
      vertex -35.16176571760102 -61.5 7.226905480549358
    endloop
  endfacet
  facet normal 0 -1 0
    outer loop
      vertex -39 -61.5 15
      vertex -35.16176571760102 -61.5 7.226905480549358
      vertex -35.17894736842105 -61.5 7.5
    endloop
  endfacet
  facet normal 0 -1 0
    outer loop
      vertex -39 -61.5 15
      vertex -35.17894736842105 -61.5 7.5
      vertex -35.167741943973205 -61.5 7.678105121380853
    endloop
  endfacet
  facet normal 0 -1 0
    outer loop
      vertex -39 -61.5 15
      vertex -35.167741943973205 -61.5 7.678105121380853
      vertex -35.16176571760102 -61.5 7.773094519450642
    endloop
  endfacet
  facet normal 0 -1 0
    outer loop
      vertex -39 -61.5 15
      vertex -35.16176571760102 -61.5 7.773094519450642
      vertex -35.12832616049482 -61.5 7.948390816672477
    endloop
  endfacet
  facet normal 0 -1 0
    outer loop
      vertex -39 -61.5 15
      vertex -35.12832616049482 -61.5 7.948390816672477
      vertex -35.11049173003818 -61.5 8.04188217519079
    endloop
  endfacet
  facet normal 0 -1 0
    outer loop
      vertex -39 -61.5 15
      vertex -35.11049173003818 -61.5 8.04188217519079
      vertex -35.055345402065 -61.5 8.211605120929484
    endloop
  endfacet
  facet normal 0 -1 0
    outer loop
      vertex -39 -61.5 15
      vertex -35.055345402065 -61.5 8.211605120929484
      vertex -35.02593402714598 -61.5 8.302124025323455
    endloop
  endfacet
  facet normal 0 1 0
    outer loop
      vertex -39 -60 15
      vertex -34.577352024078955 -60 8.367156613383088
      vertex -34.66551597875367 -60 8.179798672725987
    endloop
  endfacet
  facet normal 0 -1 0
    outer loop
      vertex -39 -61.5 15
      vertex -35.02593402714598 -61.5 8.302124025323455
      vertex -34.985409542716546 -61.5 8.38824293839742
    endloop
  endfacet
  facet normal 0 -1 0
    outer loop
      vertex -39 -61.5 15
      vertex -34.985409542716546 -61.5 8.38824293839742
      vertex -34.90942613441137 -61.5 8.549715900411107
    endloop
  endfacet
  facet normal 0 -1 0
    outer loop
      vertex -39 -61.5 15
      vertex -34.90942613441137 -61.5 8.549715900411107
      vertex -34.85842763579913 -61.5 8.630076675460943
    endloop
  endfacet
  facet normal 0 1 0
    outer loop
      vertex -39 -60 15
      vertex -34.56718152197022 -60 8.383182760315737
      vertex -34.577352024078955 -60 8.367156613383088
    endloop
  endfacet
  facet normal 0 1 0
    outer loop
      vertex -39 -60 15
      vertex -34.456230589874906 -60 8.558013454126451
      vertex -34.56718152197022 -60 8.383182760315737
    endloop
  endfacet
  facet normal 0 1 0
    outer loop
      vertex -39 -60 15
      vertex -34.44413167639643 -60 8.572638528187497
      vertex -34.456230589874906 -60 8.558013454126451
    endloop
  endfacet
  facet normal 0 1 0
    outer loop
      vertex -39 -60 15
      vertex -34.31214352935854 -60 8.732184790671639
      vertex -34.44413167639643 -60 8.572638528187497
    endloop
  endfacet
  facet normal 0 -1 0
    outer loop
      vertex -39 -61.5 15
      vertex -34.85842763579913 -61.5 8.630076675460943
      vertex -34.762805450901205 -61.5 8.780753128679388
    endloop
  endfacet
  facet normal 0 -1 0
    outer loop
      vertex -39 -61.5 15
      vertex -34.762805450901205 -61.5 8.780753128679388
      vertex -34.70213721489431 -61.5 8.854088428277361
    endloop
  endfacet
  facet normal 0 -1 0
    outer loop
      vertex -39 -61.5 15
      vertex -34.70213721489431 -61.5 8.854088428277361
      vertex -34.58838427238139 -61.5 8.991592115023563
    endloop
  endfacet
  facet normal 0 1 0
    outer loop
      vertex -39 -60 15
      vertex -34.29830701160343 -60 8.745178145706545
      vertex -34.31214352935854 -60 8.732184790671639
    endloop
  endfacet
  facet normal 0 1 0
    outer loop
      vertex -39 -60 15
      vertex -34.14736318154764 -60 8.88692383699642
      vertex -34.29830701160343 -60 8.745178145706545
    endloop
  endfacet
  facet normal 0 1 0
    outer loop
      vertex -39 -60 15
      vertex -34.13200726966642 -60 8.89808056003443
      vertex -34.14736318154764 -60 8.88692383699642
    endloop
  endfacet
  facet normal 0 1 0
    outer loop
      vertex -39 -60 15
      vertex -33.964488230962196 -60 9.019790265903627
      vertex -34.13200726966642 -60 8.89808056003443
    endloop
  endfacet
  facet normal 0 -1 0
    outer loop
      vertex -39 -61.5 15
      vertex -34.58838427238139 -61.5 8.991592115023563
      vertex -34.38891332503135 -61.5 9.178907802679877
    endloop
  endfacet
  facet normal 0 -1 0
    outer loop
      vertex -39 -61.5 15
      vertex -34.38891332503135 -61.5 9.178907802679877
      vertex -34.167538384848974 -61.5 9.339746111357021
    endloop
  endfacet
  facet normal 0 1 0
    outer loop
      vertex -39 -60 15
      vertex -33.94785509685841 -60 9.028934408757728
      vertex -33.964488230962196 -60 9.019790265903627
    endloop
  endfacet
  facet normal 0 1 0
    outer loop
      vertex -39 -60 15
      vertex -33.766402724817134 -60 9.128688694438836
      vertex -33.94785509685841 -60 9.028934408757728
    endloop
  endfacet
  facet normal 0 1 0
    outer loop
      vertex -39 -60 15
      vertex -33.748754682951756 -60 9.135676048513773
      vertex -33.766402724817134 -60 9.128688694438836
    endloop
  endfacet
  facet normal 0 1 0
    outer loop
      vertex -39 -60 15
      vertex -33.55623058987491 -60 9.211901729331277
      vertex -33.748754682951756 -60 9.135676048513773
    endloop
  endfacet
  facet normal 0 1 0
    outer loop
      vertex -39 -60 15
      vertex -33.53784596041058 -60 9.216622099879247
      vertex -33.55623058987491 -60 9.211901729331277
    endloop
  endfacet
  facet normal 0 1 0
    outer loop
      vertex -39 -60 15
      vertex -33.337286366254304 -60 9.26811705131164
      vertex -33.53784596041058 -60 9.216622099879247
    endloop
  endfacet
  facet normal 0 1 0
    outer loop
      vertex -39 -60 15
      vertex -33.31845508578013 -60 9.270495995269286
      vertex -33.337286366254304 -60 9.26811705131164
    endloop
  endfacet
  facet normal 0 1 0
    outer loop
      vertex -39 -60 15
      vertex -33.11302293515276 -60 9.29644811117089
      vertex -33.31845508578013 -60 9.270495995269286
    endloop
  endfacet
  facet normal 0 1 0
    outer loop
      vertex -39 -60 15
      vertex -33.094041984211074 -60 9.29644811117089
      vertex -33.11302293515276 -60 9.29644811117089
    endloop
  endfacet
  facet normal 0 1 0
    outer loop
      vertex -39 -60 15
      vertex -32.88697706484724 -60 9.29644811117089
      vertex -33.094041984211074 -60 9.29644811117089
    endloop
  endfacet
  facet normal 0 -1 0
    outer loop
      vertex -39 -61.5 15
      vertex -34.167538384848974 -61.5 9.339746111357021
      vertex -33.927750666883895 -61.5 9.47157052484701
    endloop
  endfacet
  facet normal 0 -1 0
    outer loop
      vertex -39 -61.5 15
      vertex -33.927750666883895 -61.5 9.47157052484701
      vertex -33.67333176669067 -61.5 9.572302093401019
    endloop
  endfacet
  facet normal 0 -1 0
    outer loop
      vertex -39 -61.5 15
      vertex -33.67333176669067 -61.5 9.572302093401019
      vertex -33.40829402230784 -61.5 9.640352220008825
    endloop
  endfacet
  facet normal 0 -1 0
    outer loop
      vertex -39 -61.5 15
      vertex -33.40829402230784 -61.5 9.640352220008825
      vertex -33.313867314475615 -61.5 9.652281087317984
    endloop
  endfacet
  facet normal 0 -1 0
    outer loop
      vertex -39 -61.5 15
      vertex -33.313867314475615 -61.5 9.652281087317984
      vertex -33.13681723729019 -61.5 9.674647713522655
    endloop
  endfacet
  facet normal 0 -1 0
    outer loop
      vertex -39 -61.5 15
      vertex -33.13681723729019 -61.5 9.674647713522655
      vertex -32.86318276270981 -61.5 9.674647713522655
    endloop
  endfacet
  facet normal 0 0 1
    outer loop
      vertex -39 -61.5 15
      vertex -39 -60 15
      vertex -39.01829268292683 -60 15
    endloop
  endfacet
  facet normal 0 -1 0
    outer loop
      vertex -39 -61.5 15
      vertex -32.86318276270981 -61.5 9.674647713522655
      vertex 39 -61.5 1.5
    endloop
  endfacet
  facet normal 0 1 0
    outer loop
      vertex 39 -60 15
      vertex -32.035511769037804 -60 5.9802097340963725
      vertex -31.852636818452357 -60 6.11307616300358
    endloop
  endfacet
  facet normal 0 1 0
    outer loop
      vertex 39 -60 15
      vertex -31.852636818452357 -60 6.11307616300358
      vertex -31.68785647064146 -60 6.267815209328361
    endloop
  endfacet
  facet normal 0 1 0
    outer loop
      vertex 39 -60 15
      vertex -31.68785647064146 -60 6.267815209328361
      vertex -31.543769410125094 -60 6.441986545873548
    endloop
  endfacet
  facet normal 0 1 0
    outer loop
      vertex 39 -60 15
      vertex -31.543769410125094 -60 6.441986545873548
      vertex -31.422647975921045 -60 6.632843386616912
    endloop
  endfacet
  facet normal 0 1 0
    outer loop
      vertex 39 -60 15
      vertex -31.422647975921045 -60 6.632843386616912
      vertex -31.326402325401148 -60 6.837375805167579
    endloop
  endfacet
  facet normal 0 1 0
    outer loop
      vertex 39 -60 15
      vertex -31.326402325401148 -60 6.837375805167579
      vertex -31.256550309968464 -60 7.052358203103262
    endloop
  endfacet
  facet normal 0 1 0
    outer loop
      vertex 39 -60 15
      vertex -31.256550309968464 -60 7.052358203103262
      vertex -31.21419353763394 -60 7.274400179584252
    endloop
  endfacet
  facet normal 0 1 0
    outer loop
      vertex 39 -60 15
      vertex -31.21419353763394 -60 7.274400179584252
      vertex -31.2 -60 7.5
    endloop
  endfacet
  facet normal 0 1 0
    outer loop
      vertex 39 -60 15
      vertex -31.2 -60 7.5
      vertex -31.21300171386315 -60 7.7066563240449595
    endloop
  endfacet
  facet normal 0 1 0
    outer loop
      vertex 39 -60 15
      vertex -31.21300171386315 -60 7.7066563240449595
      vertex -31.21419353763394 -60 7.725599820415748
    endloop
  endfacet
  facet normal 0 1 0
    outer loop
      vertex 39 -60 15
      vertex -31.21419353763394 -60 7.725599820415748
      vertex -31.252993634428925 -60 7.928997050780015
    endloop
  endfacet
  facet normal 0 1 0
    outer loop
      vertex 39 -60 15
      vertex -31.252993634428925 -60 7.928997050780015
      vertex -31.256550309968464 -60 7.947641796896739
    endloop
  endfacet
  facet normal 0 1 0
    outer loop
      vertex 39 -60 15
      vertex -31.256550309968464 -60 7.947641796896739
      vertex -31.32053688899077 -60 8.14457223775385
    endloop
  endfacet
  facet normal 0 1 0
    outer loop
      vertex 39 -60 15
      vertex -31.326402325401148 -60 8.16262419483242
      vertex -31.414566280075864 -60 8.34998213548952
    endloop
  endfacet
  facet normal 0 1 0
    outer loop
      vertex 39 -60 15
      vertex -31.32053688899077 -60 8.14457223775385
      vertex -31.326402325401148 -60 8.16262419483242
    endloop
  endfacet
  facet normal 0 1 0
    outer loop
      vertex 39 -60 15
      vertex -31.414566280075864 -60 8.34998213548952
      vertex -31.422647975921045 -60 8.367156613383088
    endloop
  endfacet
  facet normal 0 1 0
    outer loop
      vertex 39 -60 15
      vertex -31.422647975921045 -60 8.367156613383088
      vertex -31.53359890801636 -60 8.541987307193802
    endloop
  endfacet
  facet normal 0 1 0
    outer loop
      vertex 39 -60 15
      vertex -31.53359890801636 -60 8.541987307193802
      vertex -31.543769410125094 -60 8.558013454126451
    endloop
  endfacet
  facet normal 0 1 0
    outer loop
      vertex 39 -60 15
      vertex -31.543769410125094 -60 8.558013454126451
      vertex -31.675757557162985 -60 8.717559716610594
    endloop
  endfacet
  facet normal 0 1 0
    outer loop
      vertex 39 -60 15
      vertex -32.86814578437306 -60 9.294069167213243
      vertex -32.88697706484724 -60 9.29644811117089
    endloop
  endfacet
  facet normal 0 1 0
    outer loop
      vertex 39 -60 15
      vertex -31.838800300697244 -60 8.873930481961516
      vertex -31.852636818452357 -60 8.88692383699642
    endloop
  endfacet
  facet normal 0 1 0
    outer loop
      vertex 39 -60 15
      vertex -31.852636818452357 -60 8.88692383699642
      vertex -32.02015585715658 -60 9.008633542865617
    endloop
  endfacet
  facet normal 0 1 0
    outer loop
      vertex 39 -60 15
      vertex -32.02015585715658 -60 9.008633542865617
      vertex -32.035511769037804 -60 9.019790265903627
    endloop
  endfacet
  facet normal 0 1 0
    outer loop
      vertex 39 -60 15
      vertex -31.675757557162985 -60 8.717559716610594
      vertex -31.68785647064146 -60 8.73218479067164
    endloop
  endfacet
  facet normal 0 1 0
    outer loop
      vertex 39 -60 15
      vertex -31.68785647064146 -60 8.73218479067164
      vertex -31.838800300697244 -60 8.873930481961516
    endloop
  endfacet
  facet normal 0 1 0
    outer loop
      vertex 39 -60 15
      vertex -32.233597275182866 -60 9.128688694438836
      vertex -32.426121368259714 -60 9.20491437525634
    endloop
  endfacet
  facet normal 0 1 0
    outer loop
      vertex 39 -60 15
      vertex -32.035511769037804 -60 9.019790265903627
      vertex -32.21696414107908 -60 9.119544551584735
    endloop
  endfacet
  facet normal 0 1 0
    outer loop
      vertex 39 -60 15
      vertex -32.21696414107908 -60 9.119544551584735
      vertex -32.233597275182866 -60 9.128688694438836
    endloop
  endfacet
  facet normal 0 1 0
    outer loop
      vertex 39 -60 15
      vertex -32.662713633745696 -60 9.26811705131164
      vertex -32.86814578437306 -60 9.294069167213243
    endloop
  endfacet
  facet normal 0 1 0
    outer loop
      vertex 39 -60 15
      vertex -32.64432900428137 -60 9.26339668076367
      vertex -32.662713633745696 -60 9.26811705131164
    endloop
  endfacet
  facet normal 0 1 0
    outer loop
      vertex 39 -60 15
      vertex -32.426121368259714 -60 9.20491437525634
      vertex -32.44376941012509 -60 9.211901729331277
    endloop
  endfacet
  facet normal 0 1 0
    outer loop
      vertex 39 -60 15
      vertex -32.44376941012509 -60 9.211901729331277
      vertex -32.64432900428137 -60 9.26339668076367
    endloop
  endfacet
  facet normal 0 1 0
    outer loop
      vertex -39 -60 15
      vertex 39 -60 15
      vertex -32.88697706484724 -60 9.29644811117089
    endloop
  endfacet
  facet normal 0 0 1
    outer loop
      vertex -39 -61.5 15
      vertex 39 -60 15
      vertex -39 -60 15
    endloop
  endfacet
  facet normal 0 1 0
    outer loop
      vertex -39 -60 1.5
      vertex 33.11302293515276 -60 5.703551888829111
      vertex 39 -60 1.5
    endloop
  endfacet
  facet normal 0 1 0
    outer loop
      vertex -39 -60 1.5
      vertex 32.662713633745696 -60 5.7318829486883605
      vertex 32.88697706484724 -60 5.703551888829111
    endloop
  endfacet
  facet normal 0 1 0
    outer loop
      vertex -39 -60 1.5
      vertex 32.035511769037804 -60 5.980209734096373
      vertex 32.233597275182866 -60 5.871311305561164
    endloop
  endfacet
  facet normal 0 1 0
    outer loop
      vertex -39 -60 1.5
      vertex 32.233597275182866 -60 5.871311305561164
      vertex 32.44376941012509 -60 5.788098270668724
    endloop
  endfacet
  facet normal 0 1 0
    outer loop
      vertex -39 -60 1.5
      vertex 32.44376941012509 -60 5.788098270668724
      vertex 32.662713633745696 -60 5.7318829486883605
    endloop
  endfacet
  facet normal 0 1 0
    outer loop
      vertex -39 -60 1.5
      vertex 31.68785647064146 -60 6.267815209328361
      vertex 31.85263681845236 -60 6.113076163003579
    endloop
  endfacet
  facet normal 0 1 0
    outer loop
      vertex -39 -60 1.5
      vertex 31.85263681845236 -60 6.113076163003579
      vertex 32.035511769037804 -60 5.980209734096373
    endloop
  endfacet
  facet normal 0 1 0
    outer loop
      vertex -39 -60 1.5
      vertex 32.88697706484724 -60 5.703551888829111
      vertex 33.11302293515276 -60 5.703551888829111
    endloop
  endfacet
  facet normal 0 1 0
    outer loop
      vertex -39 -60 1.5
      vertex 31.543769410125094 -60 6.441986545873548
      vertex 31.68785647064146 -60 6.267815209328361
    endloop
  endfacet
  facet normal 0 1 0
    outer loop
      vertex -39 -60 1.5
      vertex 31.422647975921045 -60 6.632843386616912
      vertex 31.543769410125094 -60 6.441986545873548
    endloop
  endfacet
  facet normal 0 1 0
    outer loop
      vertex -39 -60 1.5
      vertex 31.326402325401148 -60 6.8373758051675795
      vertex 31.422647975921045 -60 6.632843386616912
    endloop
  endfacet
  facet normal 0 1 0
    outer loop
      vertex -39 -60 1.5
      vertex 31.256550309968464 -60 7.052358203103261
      vertex 31.326402325401148 -60 6.8373758051675795
    endloop
  endfacet
  facet normal 0 1 0
    outer loop
      vertex -39 -60 1.5
      vertex 31.21419353763394 -60 7.274400179584252
      vertex 31.256550309968464 -60 7.052358203103261
    endloop
  endfacet
  facet normal 0 1 0
    outer loop
      vertex -39 -60 1.5
      vertex 31.2 -60 7.5
      vertex 31.21419353763394 -60 7.274400179584252
    endloop
  endfacet
  facet normal 0 1 0
    outer loop
      vertex -39 -60 1.5
      vertex 31.201191823770788 -60 7.518943496370788
      vertex 31.2 -60 7.5
    endloop
  endfacet
  facet normal 0 1 0
    outer loop
      vertex -39 -60 1.5
      vertex 31.21419353763394 -60 7.725599820415748
      vertex 31.201191823770788 -60 7.518943496370788
    endloop
  endfacet
  facet normal 0 1 0
    outer loop
      vertex -39 -60 1.5
      vertex 31.217750213173478 -60 7.744244566532472
      vertex 31.21419353763394 -60 7.725599820415748
    endloop
  endfacet
  facet normal 0 1 0
    outer loop
      vertex -39 -60 1.5
      vertex 31.256550309968464 -60 7.947641796896739
      vertex 31.217750213173478 -60 7.744244566532472
    endloop
  endfacet
  facet normal 0 1 0
    outer loop
      vertex -39 -60 1.5
      vertex 31.262415746378842 -60 7.965693753975307
      vertex 31.256550309968464 -60 7.947641796896739
    endloop
  endfacet
  facet normal 0 1 0
    outer loop
      vertex -39 -60 1.5
      vertex 31.326402325401148 -60 8.16262419483242
      vertex 31.262415746378842 -60 7.965693753975307
    endloop
  endfacet
  facet normal 0 1 0
    outer loop
      vertex -39 -60 1.5
      vertex 31.33448402124633 -60 8.179798672725987
      vertex 31.326402325401148 -60 8.16262419483242
    endloop
  endfacet
  facet normal 0 1 0
    outer loop
      vertex -39 -60 1.5
      vertex 31.422647975921045 -60 8.367156613383088
      vertex 31.33448402124633 -60 8.179798672725987
    endloop
  endfacet
  facet normal 0 1 0
    outer loop
      vertex -39 -60 1.5
      vertex 31.43281847802978 -60 8.383182760315737
      vertex 31.422647975921045 -60 8.367156613383088
    endloop
  endfacet
  facet normal 0 1 0
    outer loop
      vertex -39 -60 1.5
      vertex 31.543769410125094 -60 8.558013454126451
      vertex 31.43281847802978 -60 8.383182760315737
    endloop
  endfacet
  facet normal 0 1 0
    outer loop
      vertex -39 -60 1.5
      vertex 31.55586832360357 -60 8.572638528187497
      vertex 31.543769410125094 -60 8.558013454126451
    endloop
  endfacet
  facet normal 0 1 0
    outer loop
      vertex -39 -60 1.5
      vertex 31.68785647064146 -60 8.732184790671639
      vertex 31.55586832360357 -60 8.572638528187497
    endloop
  endfacet
  facet normal 0 1 0
    outer loop
      vertex -39 -60 1.5
      vertex 31.701692988396573 -60 8.745178145706545
      vertex 31.68785647064146 -60 8.732184790671639
    endloop
  endfacet
  facet normal 0 1 0
    outer loop
      vertex -39 -60 1.5
      vertex 31.85263681845236 -60 8.88692383699642
      vertex 31.701692988396573 -60 8.745178145706545
    endloop
  endfacet
  facet normal 0 1 0
    outer loop
      vertex -39 -60 1.5
      vertex 31.86799273033358 -60 8.89808056003443
      vertex 31.85263681845236 -60 8.88692383699642
    endloop
  endfacet
  facet normal 0 1 0
    outer loop
      vertex -39 -60 1.5
      vertex 32.035511769037804 -60 9.019790265903627
      vertex 31.86799273033358 -60 8.89808056003443
    endloop
  endfacet
  facet normal 0 1 0
    outer loop
      vertex -39 -60 1.5
      vertex 32.05214490314159 -60 9.028934408757728
      vertex 32.035511769037804 -60 9.019790265903627
    endloop
  endfacet
  facet normal 0 1 0
    outer loop
      vertex -39 -60 1.5
      vertex 32.233597275182866 -60 9.128688694438836
      vertex 32.05214490314159 -60 9.028934408757728
    endloop
  endfacet
  facet normal 0 1 0
    outer loop
      vertex -39 -60 1.5
      vertex 32.251245317048244 -60 9.135676048513773
      vertex 32.233597275182866 -60 9.128688694438836
    endloop
  endfacet
  facet normal 0 1 0
    outer loop
      vertex -39 -60 1.5
      vertex 32.44376941012509 -60 9.211901729331277
      vertex 32.251245317048244 -60 9.135676048513773
    endloop
  endfacet
  facet normal 0 1 0
    outer loop
      vertex -39 -60 1.5
      vertex 32.46215403958942 -60 9.216622099879247
      vertex 32.44376941012509 -60 9.211901729331277
    endloop
  endfacet
  facet normal 0 1 0
    outer loop
      vertex -39 -60 1.5
      vertex 32.662713633745696 -60 9.26811705131164
      vertex 32.46215403958942 -60 9.216622099879247
    endloop
  endfacet
  facet normal 0 1 0
    outer loop
      vertex -39 -60 1.5
      vertex 32.68154491421987 -60 9.270495995269286
      vertex 32.662713633745696 -60 9.26811705131164
    endloop
  endfacet
  facet normal 0 1 0
    outer loop
      vertex -39 -60 1.5
      vertex 32.88697706484724 -60 9.29644811117089
      vertex 32.68154491421987 -60 9.270495995269286
    endloop
  endfacet
  facet normal 0 -1 0
    outer loop
      vertex -39 -61.5 15
      vertex 39 -61.5 1.5
      vertex 31.832461615151026 -61.5 5.660253888642979
    endloop
  endfacet
  facet normal 0 -1 0
    outer loop
      vertex 39 -61.5 1.5
      vertex 32.59170597769216 -61.5 5.359647779991175
      vertex 32.32666823330933 -61.5 5.427697906598982
    endloop
  endfacet
  facet normal 0 -1 0
    outer loop
      vertex 39 -61.5 1.5
      vertex 32.32666823330933 -61.5 5.427697906598982
      vertex 32.072249333116105 -61.5 5.52842947515299
    endloop
  endfacet
  facet normal 0 -1 0
    outer loop
      vertex 39 -61.5 1.5
      vertex 32.86318276270981 -61.5 5.3253522864773455
      vertex 32.59170597769216 -61.5 5.359647779991175
    endloop
  endfacet
  facet normal 0 -1 0
    outer loop
      vertex 39 -61.5 1.5
      vertex 32.958359971259505 -61.5 5.3253522864773455
      vertex 32.86318276270981 -61.5 5.3253522864773455
    endloop
  endfacet
  facet normal 0 -1 0
    outer loop
      vertex 39 -61.5 1.5
      vertex 33.13681723729019 -61.5 5.3253522864773455
      vertex 32.958359971259505 -61.5 5.3253522864773455
    endloop
  endfacet
  facet normal 0 -1 0
    outer loop
      vertex 39 -61.5 1.5
      vertex 33.40829402230784 -61.5 5.359647779991175
      vertex 33.13681723729019 -61.5 5.3253522864773455
    endloop
  endfacet
  facet normal 0 -1 0
    outer loop
      vertex 39 -61.5 1.5
      vertex 33.67333176669067 -61.5 5.427697906598982
      vertex 33.40829402230784 -61.5 5.359647779991175
    endloop
  endfacet
  facet normal 0 -1 0
    outer loop
      vertex 39 -61.5 1.5
      vertex 32.072249333116105 -61.5 5.52842947515299
      vertex 31.832461615151026 -61.5 5.660253888642979
    endloop
  endfacet
  facet normal 0 1 0
    outer loop
      vertex 39 -60 1.5
      vertex 33.11302293515276 -60 5.703551888829111
      vertex 33.337286366254304 -60 5.7318829486883605
    endloop
  endfacet
  facet normal 0 1 0
    outer loop
      vertex 39 -60 1.5
      vertex 33.337286366254304 -60 5.7318829486883605
      vertex 33.55623058987491 -60 5.788098270668724
    endloop
  endfacet
  facet normal 0 -1 0
    outer loop
      vertex 39 -61.5 1.5
      vertex 33.927750666883895 -61.5 5.52842947515299
      vertex 33.67333176669067 -61.5 5.427697906598982
    endloop
  endfacet
  facet normal 0 -1 0
    outer loop
      vertex 39 -61.5 1.5
      vertex 34.167538384848974 -61.5 5.660253888642978
      vertex 33.927750666883895 -61.5 5.52842947515299
    endloop
  endfacet
  facet normal 0 -1 0
    outer loop
      vertex 39 -61.5 1.5
      vertex 34.31191334583748 -61.5 5.7651484377802475
      vertex 34.167538384848974 -61.5 5.660253888642978
    endloop
  endfacet
  facet normal 0 -1 0
    outer loop
      vertex 39 -61.5 1.5
      vertex 34.38891332503135 -61.5 5.821092197320124
      vertex 34.31191334583748 -61.5 5.7651484377802475
    endloop
  endfacet
  facet normal 0 -1 0
    outer loop
      vertex 39 -61.5 1.5
      vertex 34.51900307330312 -61.5 5.943254602313372
      vertex 34.38891332503135 -61.5 5.821092197320124
    endloop
  endfacet
  facet normal 0 1 0
    outer loop
      vertex 39 -60 1.5
      vertex 33.55623058987491 -60 5.788098270668724
      vertex 33.766402724817134 -60 5.871311305561164
    endloop
  endfacet
  facet normal 0 1 0
    outer loop
      vertex 39 -60 1.5
      vertex 33.766402724817134 -60 5.871311305561164
      vertex 33.964488230962196 -60 5.9802097340963725
    endloop
  endfacet
  facet normal 0 -1 0
    outer loop
      vertex 39 -61.5 1.5
      vertex 34.58838427238139 -61.5 6.008407884976437
      vertex 34.51900307330312 -61.5 5.943254602313372
    endloop
  endfacet
  facet normal 0 1 0
    outer loop
      vertex 39 -60 1.5
      vertex 33.964488230962196 -60 5.9802097340963725
      vertex 34.14736318154764 -60 6.11307616300358
    endloop
  endfacet
  facet normal 0 1 0
    outer loop
      vertex 39 -60 1.5
      vertex 34.14736318154764 -60 6.11307616300358
      vertex 34.31214352935854 -60 6.267815209328361
    endloop
  endfacet
  facet normal 0 -1 0
    outer loop
      vertex 39 -61.5 1.5
      vertex 34.70213721489431 -61.5 6.145911571722638
      vertex 34.58838427238139 -61.5 6.008407884976437
    endloop
  endfacet
  facet normal 0 -1 0
    outer loop
      vertex 39 -61.5 1.5
      vertex 34.762805450901205 -61.5 6.219246871320611
      vertex 34.70213721489431 -61.5 6.145911571722638
    endloop
  endfacet
  facet normal 0 1 0
    outer loop
      vertex 39 -60 1.5
      vertex 34.31214352935854 -60 6.267815209328361
      vertex 34.456230589874906 -60 6.441986545873548
    endloop
  endfacet
  facet normal 0 1 0
    outer loop
      vertex 39 -60 1.5
      vertex 34.456230589874906 -60 6.441986545873548
      vertex 34.577352024078955 -60 6.632843386616912
    endloop
  endfacet
  facet normal 0 -1 0
    outer loop
      vertex 39 -61.5 1.5
      vertex 34.85842763579913 -61.5 6.369923324539057
      vertex 34.762805450901205 -61.5 6.219246871320611
    endloop
  endfacet
  facet normal 0 -1 0
    outer loop
      vertex 39 -61.5 1.5
      vertex 34.90942613441137 -61.5 6.450284099588894
      vertex 34.85842763579913 -61.5 6.369923324539057
    endloop
  endfacet
  facet normal 0 -1 0
    outer loop
      vertex 39 -61.5 1.5
      vertex 34.985409542716546 -61.5 6.611757061602578
      vertex 34.90942613441137 -61.5 6.450284099588894
    endloop
  endfacet
  facet normal 0 -1 0
    outer loop
      vertex 39 -61.5 1.5
      vertex 35.02593402714598 -61.5 6.697875974676543
      vertex 34.985409542716546 -61.5 6.611757061602578
    endloop
  endfacet
  facet normal 0 1 0
    outer loop
      vertex 39 -60 1.5
      vertex 34.577352024078955 -60 6.632843386616912
      vertex 34.67359767459885 -60 6.837375805167579
    endloop
  endfacet
  facet normal 0 1 0
    outer loop
      vertex 39 -60 1.5
      vertex 34.67359767459885 -60 6.837375805167579
      vertex 34.74344969003154 -60 7.052358203103262
    endloop
  endfacet
  facet normal 0 1 0
    outer loop
      vertex 39 -60 1.5
      vertex 34.74344969003154 -60 7.052358203103262
      vertex 34.78580646236606 -60 7.274400179584252
    endloop
  endfacet
  facet normal 0 1 0
    outer loop
      vertex 39 -60 1.5
      vertex 34.78580646236606 -60 7.274400179584252
      vertex 34.8 -60 7.5
    endloop
  endfacet
  facet normal 0 1 0
    outer loop
      vertex 39 -60 1.5
      vertex 34.8 -60 7.5
      vertex 34.78699828613685 -60 7.7066563240449595
    endloop
  endfacet
  facet normal 0 1 0
    outer loop
      vertex 39 -60 1.5
      vertex 34.78699828613685 -60 7.7066563240449595
      vertex 34.78580646236606 -60 7.725599820415748
    endloop
  endfacet
  facet normal 0 1 0
    outer loop
      vertex 39 -60 1.5
      vertex 34.78580646236606 -60 7.725599820415748
      vertex 34.74700636557108 -60 7.928997050780015
    endloop
  endfacet
  facet normal 0 1 0
    outer loop
      vertex 39 -60 1.5
      vertex 34.74700636557108 -60 7.928997050780015
      vertex 34.74344969003154 -60 7.947641796896739
    endloop
  endfacet
  facet normal 0 1 0
    outer loop
      vertex 39 -60 1.5
      vertex 34.74344969003154 -60 7.947641796896739
      vertex 34.679463111009234 -60 8.14457223775385
    endloop
  endfacet
  facet normal 0 1 0
    outer loop
      vertex 39 -60 1.5
      vertex 34.679463111009234 -60 8.14457223775385
      vertex 34.67359767459885 -60 8.16262419483242
    endloop
  endfacet
  facet normal 0 -1 0
    outer loop
      vertex -39 -61.5 15
      vertex 31.832461615151026 -61.5 5.660253888642979
      vertex 31.611086674968647 -61.5 5.821092197320123
    endloop
  endfacet
  facet normal 0 -1 0
    outer loop
      vertex -39 -61.5 15
      vertex 31.611086674968647 -61.5 5.821092197320123
      vertex 31.41161572761861 -61.5 6.008407884976437
    endloop
  endfacet
  facet normal 0 -1 0
    outer loop
      vertex -39 -61.5 15
      vertex 31.41161572761861 -61.5 6.008407884976437
      vertex 31.2371945490988 -61.5 6.219246871320611
    endloop
  endfacet
  facet normal 0 -1 0
    outer loop
      vertex -39 -61.5 15
      vertex 31.2371945490988 -61.5 6.219246871320611
      vertex 31.090573865588635 -61.5 6.450284099588894
    endloop
  endfacet
  facet normal 0 -1 0
    outer loop
      vertex -39 -61.5 15
      vertex 30.889508269961826 -61.5 6.958117824809211
      vertex 30.83823428239898 -61.5 7.226905480549358
    endloop
  endfacet
  facet normal 0 -1 0
    outer loop
      vertex -39 -61.5 15
      vertex 30.83823428239898 -61.5 7.226905480549358
      vertex 30.821052631578947 -61.5 7.5
    endloop
  endfacet
  facet normal 0 -1 0
    outer loop
      vertex -39 -61.5 15
      vertex 30.821052631578947 -61.5 7.5
      vertex 30.832258056026795 -61.5 7.678105121380853
    endloop
  endfacet
  facet normal 0 -1 0
    outer loop
      vertex -39 -61.5 15
      vertex 30.832258056026795 -61.5 7.678105121380853
      vertex 30.83823428239898 -61.5 7.773094519450642
    endloop
  endfacet
  facet normal 0 -1 0
    outer loop
      vertex -39 -61.5 15
      vertex 30.83823428239898 -61.5 7.773094519450642
      vertex 30.871673839505185 -61.5 7.948390816672477
    endloop
  endfacet
  facet normal 0 -1 0
    outer loop
      vertex -39 -61.5 15
      vertex 31.090573865588635 -61.5 6.450284099588894
      vertex 30.97406597285402 -61.5 6.697875974676544
    endloop
  endfacet
  facet normal 0 -1 0
    outer loop
      vertex -39 -61.5 15
      vertex 30.97406597285402 -61.5 6.697875974676544
      vertex 30.889508269961826 -61.5 6.958117824809211
    endloop
  endfacet
  facet normal 0 -1 0
    outer loop
      vertex -39 -61.5 15
      vertex 30.871673839505185 -61.5 7.948390816672477
      vertex 30.889508269961826 -61.5 8.04188217519079
    endloop
  endfacet
  facet normal 0 -1 0
    outer loop
      vertex -39 -61.5 15
      vertex 30.889508269961826 -61.5 8.04188217519079
      vertex 30.944654597934996 -61.5 8.211605120929484
    endloop
  endfacet
  facet normal 0 -1 0
    outer loop
      vertex -39 -61.5 15
      vertex 30.944654597934996 -61.5 8.211605120929484
      vertex 30.97406597285402 -61.5 8.302124025323455
    endloop
  endfacet
  facet normal 0 -1 0
    outer loop
      vertex -39 -61.5 15
      vertex 30.97406597285402 -61.5 8.302124025323455
      vertex 31.014590457283454 -61.5 8.38824293839742
    endloop
  endfacet
  facet normal 0 -1 0
    outer loop
      vertex -39 -61.5 15
      vertex 31.014590457283454 -61.5 8.38824293839742
      vertex 31.090573865588635 -61.5 8.549715900411107
    endloop
  endfacet
  facet normal 0 -1 0
    outer loop
      vertex -39 -61.5 15
      vertex 31.090573865588635 -61.5 8.549715900411107
      vertex 31.141572364200865 -61.5 8.630076675460943
    endloop
  endfacet
  facet normal 0 -1 0
    outer loop
      vertex -39 -61.5 15
      vertex 31.141572364200865 -61.5 8.630076675460943
      vertex 31.2371945490988 -61.5 8.780753128679388
    endloop
  endfacet
  facet normal 0 -1 0
    outer loop
      vertex -39 -61.5 15
      vertex 31.2371945490988 -61.5 8.780753128679388
      vertex 31.29786278510569 -61.5 8.854088428277361
    endloop
  endfacet
  facet normal 0 -1 0
    outer loop
      vertex -39 -61.5 15
      vertex 31.29786278510569 -61.5 8.854088428277361
      vertex 31.41161572761861 -61.5 8.991592115023563
    endloop
  endfacet
  facet normal 0 -1 0
    outer loop
      vertex -39 -61.5 15
      vertex 31.41161572761861 -61.5 8.991592115023563
      vertex 31.611086674968647 -61.5 9.178907802679877
    endloop
  endfacet
  facet normal 0 -1 0
    outer loop
      vertex -39 -61.5 15
      vertex 31.611086674968647 -61.5 9.178907802679877
      vertex 31.832461615151026 -61.5 9.339746111357021
    endloop
  endfacet
  facet normal 0 1 0
    outer loop
      vertex -39 -60 1.5
      vertex 39 -60 15
      vertex 32.88697706484724 -60 9.29644811117089
    endloop
  endfacet
  facet normal 0 -1 0
    outer loop
      vertex -39 -61.5 15
      vertex 31.832461615151026 -61.5 9.339746111357021
      vertex 32.072249333116105 -61.5 9.47157052484701
    endloop
  endfacet
  facet normal 0 -1 0
    outer loop
      vertex -39 -61.5 15
      vertex 32.072249333116105 -61.5 9.47157052484701
      vertex 32.32666823330933 -61.5 9.572302093401019
    endloop
  endfacet
  facet normal 0 -1 0
    outer loop
      vertex -39 -61.5 15
      vertex 32.32666823330933 -61.5 9.572302093401019
      vertex 32.59170597769216 -61.5 9.640352220008825
    endloop
  endfacet
  facet normal 0 -1 0
    outer loop
      vertex -39 -61.5 15
      vertex 32.59170597769216 -61.5 9.640352220008825
      vertex 32.686132685524385 -61.5 9.652281087317984
    endloop
  endfacet
  facet normal 0 -1 0
    outer loop
      vertex -39 -61.5 15
      vertex 32.686132685524385 -61.5 9.652281087317984
      vertex 32.86318276270981 -61.5 9.674647713522655
    endloop
  endfacet
  facet normal 0 -1 0
    outer loop
      vertex -39 -61.5 15
      vertex 32.86318276270981 -61.5 9.674647713522655
      vertex 33.13681723729019 -61.5 9.674647713522655
    endloop
  endfacet
  facet normal 0 -1 0
    outer loop
      vertex -39 -61.5 15
      vertex 33.13681723729019 -61.5 9.674647713522655
      vertex 39 -61.5 15
    endloop
  endfacet
  facet normal 0 0 1
    outer loop
      vertex -39 -61.5 15
      vertex 39 -61.5 15
      vertex 39 -60 15
    endloop
  endfacet
  facet normal 0 -1 0
    outer loop
      vertex 39 -61.5 1.5
      vertex 39 -61.5 15
      vertex 35.02593402714598 -61.5 6.697875974676543
    endloop
  endfacet
  facet normal 0 1 0
    outer loop
      vertex 39 -60 1.5
      vertex 34.67359767459885 -60 8.16262419483242
      vertex 39 -60 15
    endloop
  endfacet
  facet normal 0 1 0
    outer loop
      vertex 39 -60 15
      vertex 32.905958015788926 -60 9.29644811117089
      vertex 32.88697706484724 -60 9.29644811117089
    endloop
  endfacet
  facet normal 0 1 0
    outer loop
      vertex 39 -60 15
      vertex 33.11302293515276 -60 9.29644811117089
      vertex 32.905958015788926 -60 9.29644811117089
    endloop
  endfacet
  facet normal 0 1 0
    outer loop
      vertex 39 -60 15
      vertex 33.13185421562694 -60 9.294069167213243
      vertex 33.11302293515276 -60 9.29644811117089
    endloop
  endfacet
  facet normal 0 1 0
    outer loop
      vertex 39 -60 15
      vertex 33.337286366254304 -60 9.26811705131164
      vertex 33.13185421562694 -60 9.294069167213243
    endloop
  endfacet
  facet normal 0 1 0
    outer loop
      vertex 39 -60 15
      vertex 33.35567099571863 -60 9.26339668076367
      vertex 33.337286366254304 -60 9.26811705131164
    endloop
  endfacet
  facet normal 0 1 0
    outer loop
      vertex 39 -60 15
      vertex 33.55623058987491 -60 9.211901729331277
      vertex 33.35567099571863 -60 9.26339668076367
    endloop
  endfacet
  facet normal 0 1 0
    outer loop
      vertex 39 -60 15
      vertex 33.573878631740286 -60 9.20491437525634
      vertex 33.55623058987491 -60 9.211901729331277
    endloop
  endfacet
  facet normal 0 -1 0
    outer loop
      vertex 39 -61.5 15
      vertex 35.055345402065 -61.5 6.788394879070514
      vertex 35.02593402714598 -61.5 6.697875974676543
    endloop
  endfacet
  facet normal 0 -1 0
    outer loop
      vertex 39 -61.5 15
      vertex 35.11049173003818 -61.5 6.958117824809213
      vertex 35.055345402065 -61.5 6.788394879070514
    endloop
  endfacet
  facet normal 0 -1 0
    outer loop
      vertex 39 -61.5 15
      vertex 35.12832616049482 -61.5 7.051609183327524
      vertex 35.11049173003818 -61.5 6.958117824809213
    endloop
  endfacet
  facet normal 0 -1 0
    outer loop
      vertex 39 -61.5 15
      vertex 35.16176571760102 -61.5 7.226905480549358
      vertex 35.12832616049482 -61.5 7.051609183327524
    endloop
  endfacet
  facet normal 0 -1 0
    outer loop
      vertex 39 -61.5 15
      vertex 35.167741943973205 -61.5 7.321894878619147
      vertex 35.16176571760102 -61.5 7.226905480549358
    endloop
  endfacet
  facet normal 0 -1 0
    outer loop
      vertex 39 -61.5 15
      vertex 35.17894736842105 -61.5 7.5
      vertex 35.167741943973205 -61.5 7.321894878619147
    endloop
  endfacet
  facet normal 0 -1 0
    outer loop
      vertex 39 -61.5 15
      vertex 35.16176571760102 -61.5 7.773094519450642
      vertex 35.17894736842105 -61.5 7.5
    endloop
  endfacet
  facet normal 0 -1 0
    outer loop
      vertex 39 -61.5 15
      vertex 35.12832616049482 -61.5 7.948390816672477
      vertex 35.16176571760102 -61.5 7.773094519450642
    endloop
  endfacet
  facet normal 0 -1 0
    outer loop
      vertex 39 -61.5 15
      vertex 35.11049173003818 -61.5 8.04188217519079
      vertex 35.12832616049482 -61.5 7.948390816672477
    endloop
  endfacet
  facet normal 0 -1 0
    outer loop
      vertex 39 -61.5 15
      vertex 35.055345402065 -61.5 8.211605120929484
      vertex 35.11049173003818 -61.5 8.04188217519079
    endloop
  endfacet
  facet normal 0 -1 0
    outer loop
      vertex 39 -61.5 15
      vertex 35.02593402714598 -61.5 8.302124025323455
      vertex 35.055345402065 -61.5 8.211605120929484
    endloop
  endfacet
  facet normal 0 1 0
    outer loop
      vertex 39 -60 15
      vertex 34.67359767459885 -60 8.16262419483242
      vertex 34.58543371992414 -60 8.34998213548952
    endloop
  endfacet
  facet normal 0 1 0
    outer loop
      vertex 39 -60 15
      vertex 34.58543371992414 -60 8.34998213548952
      vertex 34.577352024078955 -60 8.367156613383088
    endloop
  endfacet
  facet normal 0 1 0
    outer loop
      vertex 39 -60 15
      vertex 34.577352024078955 -60 8.367156613383088
      vertex 34.46640109198364 -60 8.541987307193802
    endloop
  endfacet
  facet normal 0 1 0
    outer loop
      vertex 39 -60 15
      vertex 34.46640109198364 -60 8.541987307193802
      vertex 34.456230589874906 -60 8.558013454126451
    endloop
  endfacet
  facet normal 0 1 0
    outer loop
      vertex 39 -60 15
      vertex 34.456230589874906 -60 8.558013454126451
      vertex 34.32424244283702 -60 8.717559716610594
    endloop
  endfacet
  facet normal 0 -1 0
    outer loop
      vertex 39 -61.5 15
      vertex 34.985409542716546 -61.5 8.38824293839742
      vertex 35.02593402714598 -61.5 8.302124025323455
    endloop
  endfacet
  facet normal 0 -1 0
    outer loop
      vertex 39 -61.5 15
      vertex 34.90942613441137 -61.5 8.549715900411107
      vertex 34.985409542716546 -61.5 8.38824293839742
    endloop
  endfacet
  facet normal 0 -1 0
    outer loop
      vertex 39 -61.5 15
      vertex 34.762805450901205 -61.5 8.780753128679388
      vertex 34.90942613441137 -61.5 8.549715900411107
    endloop
  endfacet
  facet normal 0 1 0
    outer loop
      vertex 39 -60 15
      vertex 34.32424244283702 -60 8.717559716610594
      vertex 34.31214352935854 -60 8.73218479067164
    endloop
  endfacet
  facet normal 0 1 0
    outer loop
      vertex 39 -60 15
      vertex 34.31214352935854 -60 8.73218479067164
      vertex 34.161199699302756 -60 8.873930481961516
    endloop
  endfacet
  facet normal 0 1 0
    outer loop
      vertex 39 -60 15
      vertex 34.14736318154764 -60 8.88692383699642
      vertex 33.97984414284342 -60 9.008633542865617
    endloop
  endfacet
  facet normal 0 1 0
    outer loop
      vertex 39 -60 15
      vertex 33.97984414284342 -60 9.008633542865617
      vertex 33.964488230962196 -60 9.019790265903627
    endloop
  endfacet
  facet normal 0 1 0
    outer loop
      vertex 39 -60 15
      vertex 34.161199699302756 -60 8.873930481961516
      vertex 34.14736318154764 -60 8.88692383699642
    endloop
  endfacet
  facet normal 0 -1 0
    outer loop
      vertex 39 -61.5 15
      vertex 34.58838427238139 -61.5 8.991592115023563
      vertex 34.762805450901205 -61.5 8.780753128679388
    endloop
  endfacet
  facet normal 0 -1 0
    outer loop
      vertex 39 -61.5 15
      vertex 34.51900307330312 -61.5 9.05674539768663
      vertex 34.58838427238139 -61.5 8.991592115023563
    endloop
  endfacet
  facet normal 0 -1 0
    outer loop
      vertex 39 -61.5 15
      vertex 34.38891332503135 -61.5 9.178907802679877
      vertex 34.51900307330312 -61.5 9.05674539768663
    endloop
  endfacet
  facet normal 0 -1 0
    outer loop
      vertex 39 -61.5 15
      vertex 34.08413396120895 -61.5 9.385598081266583
      vertex 34.167538384848974 -61.5 9.339746111357021
    endloop
  endfacet
  facet normal 0 -1 0
    outer loop
      vertex 39 -61.5 15
      vertex 34.31191334583748 -61.5 9.234851562219752
      vertex 34.38891332503135 -61.5 9.178907802679877
    endloop
  endfacet
  facet normal 0 -1 0
    outer loop
      vertex 39 -61.5 15
      vertex 34.167538384848974 -61.5 9.339746111357021
      vertex 34.31191334583748 -61.5 9.234851562219752
    endloop
  endfacet
  facet normal 0 1 0
    outer loop
      vertex 39 -60 15
      vertex 33.964488230962196 -60 9.019790265903627
      vertex 33.78303585892092 -60 9.119544551584735
    endloop
  endfacet
  facet normal 0 1 0
    outer loop
      vertex 39 -60 15
      vertex 33.78303585892092 -60 9.119544551584735
      vertex 33.766402724817134 -60 9.128688694438836
    endloop
  endfacet
  facet normal 0 1 0
    outer loop
      vertex 39 -60 15
      vertex 33.766402724817134 -60 9.128688694438836
      vertex 33.573878631740286 -60 9.20491437525634
    endloop
  endfacet
  facet normal 0 -1 0
    outer loop
      vertex 39 -61.5 15
      vertex 33.40829402230784 -61.5 9.640352220008825
      vertex 33.67333176669067 -61.5 9.572302093401019
    endloop
  endfacet
  facet normal 0 -1 0
    outer loop
      vertex 39 -61.5 15
      vertex 33.13681723729019 -61.5 9.674647713522655
      vertex 33.313867314475615 -61.5 9.652281087317984
    endloop
  endfacet
  facet normal 0 -1 0
    outer loop
      vertex 39 -61.5 15
      vertex 33.313867314475615 -61.5 9.652281087317984
      vertex 33.40829402230784 -61.5 9.640352220008825
    endloop
  endfacet
  facet normal 0 -1 0
    outer loop
      vertex 39 -61.5 15
      vertex 33.927750666883895 -61.5 9.47157052484701
      vertex 34.08413396120895 -61.5 9.385598081266583
    endloop
  endfacet
  facet normal 0 -1 0
    outer loop
      vertex 39 -61.5 15
      vertex 33.67333176669067 -61.5 9.572302093401019
      vertex 33.927750666883895 -61.5 9.47157052484701
    endloop
  endfacet
  facet normal 0 0 1
    outer loop
      vertex 39 -61.5 15
      vertex 40.5 -61.5 15
      vertex 39 -60 15
    endloop
  endfacet
  facet normal 0 0 1
    outer loop
      vertex 39 -60 15
      vertex 40.5 -61.5 15
      vertex 40.5 -60 15
    endloop
  endfacet
  facet normal 1 0 0
    outer loop
      vertex 40.5 -61.5 15
      vertex 40.5 -60 14.817073170731707
      vertex 40.5 -60 15
    endloop
  endfacet
  facet normal 1 0 0
    outer loop
      vertex 40.5 -61.5 0
      vertex 40.5 -60 14.817073170731707
      vertex 40.5 -61.5 1.5
    endloop
  endfacet
  facet normal 0 -1 0
    outer loop
      vertex 39 -61.5 1.5
      vertex 40.5 -61.5 1.5
      vertex 39 -61.5 15
    endloop
  endfacet
  facet normal 1 0 0
    outer loop
      vertex 40.5 -61.5 0
      vertex 40.5 60 0.18292682926829268
      vertex 40.5 -60 14.817073170731707
    endloop
  endfacet
  facet normal 0 -1 0
    outer loop
      vertex 40.5 -61.5 1.5
      vertex 40.5 -61.5 15
      vertex 39 -61.5 15
    endloop
  endfacet
  facet normal 1 0 0
    outer loop
      vertex 40.5 -61.5 1.5
      vertex 40.5 -60 14.817073170731707
      vertex 40.5 -61.5 15
    endloop
  endfacet
  facet normal -1 0 0
    outer loop
      vertex 39 -60 1.5
      vertex 39 -60 15
      vertex 39 60 15
    endloop
  endfacet
  facet normal 0 0 1
    outer loop
      vertex 39 -60 15
      vertex 40.5 -60 15
      vertex 40.5 60 15
    endloop
  endfacet
  facet normal 1 0 0
    outer loop
      vertex 40.5 -60 14.817073170731707
      vertex 40.5 60 15
      vertex 40.5 -60 15
    endloop
  endfacet
  facet normal 1 0 0
    outer loop
      vertex 40.5 -61.5 0
      vertex 40.5 61.5 0
      vertex 40.5 60 0.18292682926829268
    endloop
  endfacet
  facet normal -1 0 0
    outer loop
      vertex 39 -60 1.5
      vertex 39 60 15
      vertex 39 60 1.5
    endloop
  endfacet
  facet normal 0 1 0
    outer loop
      vertex 39 61.5 1.5
      vertex 40.5 61.5 15
      vertex 40.5 61.5 1.5
    endloop
  endfacet
  facet normal 1 0 0
    outer loop
      vertex 40.5 -60 14.817073170731707
      vertex 40.5 60 0.18292682926829268
      vertex 40.5 60 15
    endloop
  endfacet
  facet normal 0 0 1
    outer loop
      vertex 39 -60 15
      vertex 40.5 60 15
      vertex 39 60 15
    endloop
  endfacet
  facet normal 0 1 0
    outer loop
      vertex 39 61.5 1.5
      vertex 39 61.5 15
      vertex 40.5 61.5 15
    endloop
  endfacet
  facet normal 0 -1 0
    outer loop
      vertex -40.5 -61.5 1.5
      vertex -39 -61.5 1.5
      vertex -40.5 -61.5 15
    endloop
  endfacet
  facet normal -1 0 0
    outer loop
      vertex -40.5 -61.5 0
      vertex -40.5 -61.5 1.5
      vertex -40.5 61.5 15
    endloop
  endfacet
  facet normal 1 0 0
    outer loop
      vertex -39 -60 1.5
      vertex -39 60 1.5
      vertex -39 -60 15
    endloop
  endfacet
  facet normal 0 -1 0
    outer loop
      vertex -39 -61.5 1.5
      vertex -39 -61.5 15
      vertex -40.5 -61.5 15
    endloop
  endfacet
  facet normal 0 0 1
    outer loop
      vertex -40.5 -61.5 15
      vertex -39 -61.5 15
      vertex -39.01829268292683 -60 15
    endloop
  endfacet
  facet normal -1 0 0
    outer loop
      vertex -40.5 -61.5 1.5
      vertex -40.5 -61.5 15
      vertex -40.5 61.5 15
    endloop
  endfacet
  facet normal 0 0 1
    outer loop
      vertex -40.5 -61.5 15
      vertex -39.01829268292683 -60 15
      vertex -40.5 61.5 15
    endloop
  endfacet
  facet normal 0 0 1
    outer loop
      vertex -39 -60 15
      vertex -39 60 15
      vertex -39.01829268292683 -60 15
    endloop
  endfacet
  facet normal -1 0 0
    outer loop
      vertex -40.5 -61.5 0
      vertex -40.5 61.5 1.5
      vertex -40.5 61.5 0
    endloop
  endfacet
  facet normal -1 0 0
    outer loop
      vertex -40.5 -61.5 0
      vertex -40.5 61.5 15
      vertex -40.5 61.5 1.5
    endloop
  endfacet
  facet normal 0 1 0
    outer loop
      vertex -40.5 61.5 1.5
      vertex -39 61.5 15
      vertex -39 61.5 1.5
    endloop
  endfacet
  facet normal 1 0 0
    outer loop
      vertex -39 -60 15
      vertex -39 60 1.5
      vertex -39 60 15
    endloop
  endfacet
  facet normal 0 0 1
    outer loop
      vertex -39.01829268292683 -60 15
      vertex -39 60 15
      vertex -40.5 61.5 15
    endloop
  endfacet
  facet normal 0 1 0
    outer loop
      vertex -40.5 61.5 1.5
      vertex -40.5 61.5 15
      vertex -39 61.5 15
    endloop
  endfacet
  facet normal 0 0 1
    outer loop
      vertex -40.5 61.5 15
      vertex -39 60 15
      vertex -39 61.5 15
    endloop
  endfacet
  facet normal 0 -0.6870284404387182 0.7266305264908314
    outer loop
      vertex -32.88697706484724 -61.1 5.703551888829111
      vertex -33.041640028740495 -61.5 5.3253522864773455
      vertex -32.86318276270981 -61.5 5.3253522864773455
    endloop
  endfacet
  facet normal 0 -0.6870284404387181 0.7266305264908314
    outer loop
      vertex -33.11302293515276 -61.1 5.703551888829111
      vertex -33.041640028740495 -61.5 5.3253522864773455
      vertex -32.88697706484724 -61.1 5.703551888829111
    endloop
  endfacet
  facet normal -0.42710270733683103 -0.6870284404387165 0.5878564445626961
    outer loop
      vertex -32.035511769037804 -61.1 5.9802097340963725
      vertex -31.83246161515103 -61.5 5.660253888642978
      vertex -31.688086654162518 -61.5 5.7651484377802475
    endloop
  endfacet
  facet normal -0.4271027073368301 -0.6870284404387162 0.5878564445626971
    outer loop
      vertex -32.035511769037804 -61.1 5.9802097340963725
      vertex -31.688086654162518 -61.5 5.7651484377802475
      vertex -31.852636818452357 -61.1 6.11307616300358
    endloop
  endfacet
  facet normal -0.4974128239887414 -0.6870284404387179 0.529690857538516
    outer loop
      vertex -31.852636818452357 -61.1 6.11307616300358
      vertex -31.611086674968643 -61.5 5.821092197320124
      vertex -31.480996926696882 -61.5 5.943254602313372
    endloop
  endfacet
  facet normal -0.4974128239887412 -0.6870284404387179 0.5296908575385161
    outer loop
      vertex -31.852636818452357 -61.1 6.11307616300358
      vertex -31.480996926696882 -61.5 5.943254602313372
      vertex -31.68785647064146 -61.1 6.267815209328361
    endloop
  endfacet
  facet normal -0.5598784432663264 -0.6870284404387182 0.46317172926898054
    outer loop
      vertex -31.68785647064146 -61.1 6.267815209328361
      vertex -31.41161572761861 -61.5 6.008407884976437
      vertex -31.29786278510569 -61.5 6.145911571722638
    endloop
  endfacet
  facet normal -0.5598784432663267 -0.6870284404387182 0.4631717292689799
    outer loop
      vertex -31.68785647064146 -61.1 6.267815209328361
      vertex -31.29786278510569 -61.5 6.145911571722638
      vertex -31.543769410125094 -61.1 6.441986545873548
    endloop
  endfacet
  facet normal -0.6135144450384403 -0.6870284404387181 0.3893481061434839
    outer loop
      vertex -31.543769410125094 -61.1 6.441986545873548
      vertex -31.2371945490988 -61.5 6.219246871320611
      vertex -31.141572364200865 -61.5 6.369923324539057
    endloop
  endfacet
  facet normal -0.6135144450384403 -0.687028440438718 0.38934810614348353
    outer loop
      vertex -31.543769410125094 -61.1 6.441986545873548
      vertex -31.141572364200865 -61.5 6.369923324539057
      vertex -31.422647975921045 -61.1 6.632843386616912
    endloop
  endfacet
  facet normal -0.6574749575165338 -0.6870284404387172 0.30938423079881716
    outer loop
      vertex -31.422647975921045 -61.1 6.632843386616912
      vertex -31.090573865588635 -61.5 6.450284099588894
      vertex -31.014590457283454 -61.5 6.611757061602578
    endloop
  endfacet
  facet normal -0.657474957516533 -0.6870284404387166 0.3093842307988211
    outer loop
      vertex -31.422647975921045 -61.1 6.632843386616912
      vertex -31.014590457283454 -61.5 6.611757061602578
      vertex -31.326402325401148 -61.1 6.837375805167579
    endloop
  endfacet
  facet normal -0.6910666971580827 -0.6870284404387194 0.22454118131728057
    outer loop
      vertex -31.326402325401148 -61.1 6.837375805167579
      vertex -30.944654597934996 -61.5 6.788394879070514
      vertex -31.256550309968464 -61.1 7.052358203103262
    endloop
  endfacet
  facet normal -0.691066697158087 -0.6870284404387176 0.22454118131727263
    outer loop
      vertex -31.256550309968464 -61.1 7.052358203103262
      vertex -30.944654597934996 -61.5 6.788394879070514
      vertex -30.889508269961826 -61.5 6.958117824809213
    endloop
  endfacet
  facet normal -0.7137599021622187 -0.6870284404387169 0.13615698327197287
    outer loop
      vertex -31.256550309968464 -61.1 7.052358203103262
      vertex -30.871673839505185 -61.5 7.051609183327524
      vertex -31.21419353763394 -61.1 7.274400179584252
    endloop
  endfacet
  facet normal -0.7137599021622156 -0.6870284404387187 0.1361569832719808
    outer loop
      vertex -31.21419353763394 -61.1 7.274400179584252
      vertex -30.871673839505185 -61.5 7.051609183327524
      vertex -30.83823428239898 -61.5 7.226905480549358
    endloop
  endfacet
  facet normal -0.7251966871297575 -0.6870284404387176 0.04562550826421722
    outer loop
      vertex -31.21419353763394 -61.1 7.274400179584252
      vertex -30.832258056026795 -61.5 7.321894878619147
      vertex -31.2 -61.1 7.5
    endloop
  endfacet
  facet normal -0.7251966871297566 -0.6870284404387181 0.04562550826422034
    outer loop
      vertex -31.2 -61.1 7.5
      vertex -30.832258056026795 -61.5 7.321894878619147
      vertex -30.821052631578947 -61.5 7.5
    endloop
  endfacet
  facet normal 0.7251966871297572 -0.6870284404387186 -0.045625508264205965
    outer loop
      vertex -34.8 -61.1 7.5
      vertex -35.167741943973205 -61.5 7.678105121380853
      vertex -35.17894736842105 -61.5 7.5
    endloop
  endfacet
  facet normal 0.7251966871297573 -0.6870284404387187 -0.04562550826420578
    outer loop
      vertex -34.8 -61.1 7.5
      vertex -34.78580646236606 -61.1 7.725599820415748
      vertex -35.167741943973205 -61.5 7.678105121380853
    endloop
  endfacet
  facet normal 0.7137599021622202 -0.6870284404387197 -0.1361569832719522
    outer loop
      vertex -34.78580646236606 -61.1 7.725599820415748
      vertex -35.12832616049482 -61.5 7.948390816672477
      vertex -35.16176571760102 -61.5 7.773094519450642
    endloop
  endfacet
  facet normal 0.7137599021622167 -0.6870284404387214 -0.13615698327196052
    outer loop
      vertex -34.78580646236606 -61.1 7.725599820415748
      vertex -34.74344969003154 -61.1 7.947641796896739
      vertex -35.12832616049482 -61.5 7.948390816672477
    endloop
  endfacet
  facet normal 0.6910666971580778 -0.6870284404387168 -0.22454118131730327
    outer loop
      vertex -34.74344969003154 -61.1 7.947641796896739
      vertex -35.055345402065 -61.5 8.211605120929484
      vertex -35.11049173003818 -61.5 8.04188217519079
    endloop
  endfacet
  facet normal 0.6910666971580826 -0.6870284404387148 -0.22454118131729472
    outer loop
      vertex -34.74344969003154 -61.1 7.947641796896739
      vertex -34.67359767459885 -61.1 8.16262419483242
      vertex -35.055345402065 -61.5 8.211605120929484
    endloop
  endfacet
  facet normal 0.657474957516539 -0.6870284404387201 -0.30938423079879973
    outer loop
      vertex -34.577352024078955 -61.1 8.367156613383088
      vertex -34.90942613441137 -61.5 8.549715900411107
      vertex -34.985409542716546 -61.5 8.38824293839742
    endloop
  endfacet
  facet normal 0.6574749575165342 -0.6870284404387164 -0.309384230798819
    outer loop
      vertex -34.67359767459885 -61.1 8.16262419483242
      vertex -34.577352024078955 -61.1 8.367156613383088
      vertex -34.985409542716546 -61.5 8.38824293839742
    endloop
  endfacet
  facet normal -0.7137599021622187 -0.687028440438717 -0.13615698327197234
    outer loop
      vertex -31.21419353763394 -61.1 7.725599820415748
      vertex -30.871673839505185 -61.5 7.948390816672477
      vertex -31.256550309968464 -61.1 7.947641796896739
    endloop
  endfacet
  facet normal -0.7137599021622156 -0.6870284404387187 -0.13615698327198014
    outer loop
      vertex -31.21419353763394 -61.1 7.725599820415748
      vertex -30.83823428239898 -61.5 7.773094519450642
      vertex -30.871673839505185 -61.5 7.948390816672477
    endloop
  endfacet
  facet normal -0.6910666971580856 -0.6870284404387177 -0.22454118131727682
    outer loop
      vertex -31.256550309968464 -61.1 7.947641796896739
      vertex -30.889508269961826 -61.5 8.04188217519079
      vertex -30.944654597934996 -61.5 8.211605120929484
    endloop
  endfacet
  facet normal -0.691066697158082 -0.6870284404387191 -0.22454118131728315
    outer loop
      vertex -31.256550309968464 -61.1 7.947641796896739
      vertex -30.944654597934996 -61.5 8.211605120929484
      vertex -31.326402325401148 -61.1 8.16262419483242
    endloop
  endfacet
  facet normal -0.6574749575165342 -0.6870284404387164 -0.309384230798819
    outer loop
      vertex -31.326402325401148 -61.1 8.16262419483242
      vertex -31.014590457283454 -61.5 8.38824293839742
      vertex -31.422647975921045 -61.1 8.367156613383088
    endloop
  endfacet
  facet normal -0.6574749575165356 -0.6870284404387175 -0.3093842307988129
    outer loop
      vertex -31.422647975921045 -61.1 8.367156613383088
      vertex -31.014590457283454 -61.5 8.38824293839742
      vertex -31.090573865588635 -61.5 8.549715900411107
    endloop
  endfacet
  facet normal 0.6135144450384417 -0.6870284404387155 -0.38934810614348625
    outer loop
      vertex -34.577352024078955 -61.1 8.367156613383088
      vertex -34.456230589874906 -61.1 8.558013454126451
      vertex -34.85842763579913 -61.5 8.630076675460943
    endloop
  endfacet
  facet normal 0.6135144450384504 -0.6870284404387201 -0.3893481061434637
    outer loop
      vertex -34.456230589874906 -61.1 8.558013454126451
      vertex -34.762805450901205 -61.5 8.780753128679388
      vertex -34.85842763579913 -61.5 8.630076675460943
    endloop
  endfacet
  facet normal 0.5598784432663348 -0.6870284404387148 -0.4631717292689752
    outer loop
      vertex -34.456230589874906 -61.1 8.558013454126451
      vertex -34.31214352935854 -61.1 8.732184790671639
      vertex -34.70213721489431 -61.5 8.854088428277361
    endloop
  endfacet
  facet normal 0.559878443266337 -0.6870284404387157 -0.46317172926897143
    outer loop
      vertex -34.31214352935854 -61.1 8.732184790671639
      vertex -34.58838427238139 -61.5 8.991592115023563
      vertex -34.70213721489431 -61.5 8.854088428277361
    endloop
  endfacet
  facet normal -0.4974128239887392 -0.6870284404387187 -0.529690857538517
    outer loop
      vertex -31.68785647064146 -61.1 8.73218479067164
      vertex -31.480996926696882 -61.5 9.05674539768663
      vertex -31.852636818452357 -61.1 8.88692383699642
    endloop
  endfacet
  facet normal -0.6135144450384397 -0.6870284404387179 -0.389348106143485
    outer loop
      vertex -31.422647975921045 -61.1 8.367156613383088
      vertex -31.090573865588635 -61.5 8.549715900411107
      vertex -31.543769410125094 -61.1 8.558013454126451
    endloop
  endfacet
  facet normal -0.6135144450384398 -0.687028440438718 -0.3893481061434844
    outer loop
      vertex -31.543769410125094 -61.1 8.558013454126451
      vertex -31.090573865588635 -61.5 8.549715900411107
      vertex -31.2371945490988 -61.5 8.780753128679388
    endloop
  endfacet
  facet normal -0.4974128239887391 -0.6870284404387186 -0.5296908575385172
    outer loop
      vertex -31.852636818452357 -61.1 8.88692383699642
      vertex -31.480996926696882 -61.5 9.05674539768663
      vertex -31.611086674968643 -61.5 9.178907802679877
    endloop
  endfacet
  facet normal -0.4271027073368247 -0.6870284404387187 -0.587856444562698
    outer loop
      vertex -31.852636818452357 -61.1 8.88692383699642
      vertex -31.611086674968643 -61.5 9.178907802679877
      vertex -31.688086654162515 -61.5 9.234851562219752
    endloop
  endfacet
  facet normal -0.3500569258514128 -0.6870284404387184 -0.6367511842877097
    outer loop
      vertex -32.035511769037804 -61.1 9.019790265903627
      vertex -31.832461615151026 -61.5 9.339746111357021
      vertex -31.915866038791055 -61.5 9.385598081266583
    endloop
  endfacet
  facet normal 0.09107095349162996 -0.6870284404387188 -0.7209008277554322
    outer loop
      vertex -33.337286366254304 -61.1 9.26811705131164
      vertex -33.11302293515276 -61.1 9.29644811117089
      vertex -33.313867314475615 -61.5 9.652281087317984
    endloop
  endfacet
  facet normal 0.09107095349162772 -0.6870284404387182 -0.7209008277554328
    outer loop
      vertex -33.11302293515276 -61.1 9.29644811117089
      vertex -33.13681723729019 -61.5 9.674647713522655
      vertex -33.313867314475615 -61.5 9.652281087317984
    endloop
  endfacet
  facet normal -0.09107095349162996 -0.6870284404387188 -0.7209008277554322
    outer loop
      vertex -32.662713633745696 -61.1 9.26811705131164
      vertex -32.686132685524385 -61.5 9.652281087317984
      vertex -32.88697706484724 -61.1 9.29644811117089
    endloop
  endfacet
  facet normal -0.09107095349162772 -0.6870284404387182 -0.7209008277554328
    outer loop
      vertex -32.88697706484724 -61.1 9.29644811117089
      vertex -32.686132685524385 -61.5 9.652281087317984
      vertex -32.86318276270981 -61.5 9.674647713522655
    endloop
  endfacet
  facet normal 0 -0.6870284404387182 0.7266305264908314
    outer loop
      vertex 33.11302293515276 -61.1 5.703551888829111
      vertex 32.958359971259505 -61.5 5.3253522864773455
      vertex 33.13681723729019 -61.5 5.3253522864773455
    endloop
  endfacet
  facet normal 0 -0.6870284404387181 0.7266305264908314
    outer loop
      vertex 32.88697706484724 -61.1 5.703551888829111
      vertex 32.958359971259505 -61.5 5.3253522864773455
      vertex 33.11302293515276 -61.1 5.703551888829111
    endloop
  endfacet
  facet normal -0.427102707336837 -0.6870284404387182 0.5878564445626898
    outer loop
      vertex 33.964488230962196 -61.1 5.9802097340963725
      vertex 34.167538384848974 -61.5 5.660253888642978
      vertex 34.31191334583748 -61.5 5.7651484377802475
    endloop
  endfacet
  facet normal -0.42710270733683475 -0.6870284404387177 0.5878564445626921
    outer loop
      vertex 33.964488230962196 -61.1 5.9802097340963725
      vertex 34.31191334583748 -61.5 5.7651484377802475
      vertex 34.14736318154764 -61.1 6.11307616300358
    endloop
  endfacet
  facet normal -0.497412823988734 -0.6870284404387182 0.5296908575385224
    outer loop
      vertex 34.14736318154764 -61.1 6.11307616300358
      vertex 34.38891332503135 -61.5 5.821092197320124
      vertex 34.51900307330312 -61.5 5.943254602313372
    endloop
  endfacet
  facet normal -0.4974128239887304 -0.6870284404387171 0.5296908575385273
    outer loop
      vertex 34.14736318154764 -61.1 6.11307616300358
      vertex 34.51900307330312 -61.5 5.943254602313372
      vertex 34.31214352935854 -61.1 6.267815209328361
    endloop
  endfacet
  facet normal -0.5598784432663357 -0.6870284404387151 0.4631717292689735
    outer loop
      vertex 34.31214352935854 -61.1 6.267815209328361
      vertex 34.58838427238139 -61.5 6.008407884976437
      vertex 34.70213721489431 -61.5 6.145911571722638
    endloop
  endfacet
  facet normal -0.5598784432663348 -0.6870284404387148 0.4631717292689752
    outer loop
      vertex 34.31214352935854 -61.1 6.267815209328361
      vertex 34.70213721489431 -61.5 6.145911571722638
      vertex 34.456230589874906 -61.1 6.441986545873548
    endloop
  endfacet
  facet normal -0.6135144450384517 -0.6870284404387201 0.38934810614346216
    outer loop
      vertex 34.456230589874906 -61.1 6.441986545873548
      vertex 34.762805450901205 -61.5 6.219246871320611
      vertex 34.85842763579913 -61.5 6.369923324539057
    endloop
  endfacet
  facet normal -0.6135144450384425 -0.6870284404387152 0.389348106143485
    outer loop
      vertex 34.456230589874906 -61.1 6.441986545873548
      vertex 34.85842763579913 -61.5 6.369923324539057
      vertex 34.577352024078955 -61.1 6.632843386616912
    endloop
  endfacet
  facet normal -0.657474957516533 -0.6870284404387166 0.3093842307988211
    outer loop
      vertex 34.577352024078955 -61.1 6.632843386616912
      vertex 34.985409542716546 -61.5 6.611757061602578
      vertex 34.67359767459885 -61.1 6.837375805167579
    endloop
  endfacet
  facet normal -0.6574749575165372 -0.68702844043872 0.30938423079880406
    outer loop
      vertex 34.577352024078955 -61.1 6.632843386616912
      vertex 34.90942613441137 -61.5 6.450284099588894
      vertex 34.985409542716546 -61.5 6.611757061602578
    endloop
  endfacet
  facet normal -0.6910666971580831 -0.6870284404387151 0.22454118131729212
    outer loop
      vertex 34.67359767459885 -61.1 6.837375805167579
      vertex 35.055345402065 -61.5 6.788394879070514
      vertex 34.74344969003154 -61.1 7.052358203103262
    endloop
  endfacet
  facet normal -0.6910666971580793 -0.6870284404387167 0.22454118131729908
    outer loop
      vertex 34.74344969003154 -61.1 7.052358203103262
      vertex 35.055345402065 -61.5 6.788394879070514
      vertex 35.11049173003818 -61.5 6.958117824809213
    endloop
  endfacet
  facet normal -0.7137599021622167 -0.6870284404387214 0.13615698327196107
    outer loop
      vertex 34.74344969003154 -61.1 7.052358203103262
      vertex 35.12832616049482 -61.5 7.051609183327524
      vertex 34.78580646236606 -61.1 7.274400179584252
    endloop
  endfacet
  facet normal -0.7137599021622201 -0.6870284404387196 0.13615698327195283
    outer loop
      vertex 34.78580646236606 -61.1 7.274400179584252
      vertex 35.12832616049482 -61.5 7.051609183327524
      vertex 35.16176571760102 -61.5 7.226905480549358
    endloop
  endfacet
  facet normal -0.7251966871297573 -0.6870284404387187 0.04562550826420578
    outer loop
      vertex 34.78580646236606 -61.1 7.274400179584252
      vertex 35.167741943973205 -61.5 7.321894878619147
      vertex 34.8 -61.1 7.5
    endloop
  endfacet
  facet normal -0.7251966871297572 -0.6870284404387186 0.045625508264205965
    outer loop
      vertex 34.8 -61.1 7.5
      vertex 35.167741943973205 -61.5 7.321894878619147
      vertex 35.17894736842105 -61.5 7.5
    endloop
  endfacet
  facet normal 0.7251966871297566 -0.6870284404387181 -0.04562550826422034
    outer loop
      vertex 31.2 -61.1 7.5
      vertex 30.832258056026795 -61.5 7.678105121380853
      vertex 30.821052631578947 -61.5 7.5
    endloop
  endfacet
  facet normal 0.7251966871297575 -0.6870284404387176 -0.04562550826421722
    outer loop
      vertex 31.2 -61.1 7.5
      vertex 31.21419353763394 -61.1 7.725599820415748
      vertex 30.832258056026795 -61.5 7.678105121380853
    endloop
  endfacet
  facet normal 0.7137599021622156 -0.6870284404387187 -0.13615698327198014
    outer loop
      vertex 31.21419353763394 -61.1 7.725599820415748
      vertex 30.871673839505185 -61.5 7.948390816672477
      vertex 30.83823428239898 -61.5 7.773094519450642
    endloop
  endfacet
  facet normal 0.7137599021622187 -0.687028440438717 -0.13615698327197234
    outer loop
      vertex 31.21419353763394 -61.1 7.725599820415748
      vertex 31.256550309968464 -61.1 7.947641796896739
      vertex 30.871673839505185 -61.5 7.948390816672477
    endloop
  endfacet
  facet normal 0.6910666971580856 -0.6870284404387177 -0.22454118131727682
    outer loop
      vertex 31.256550309968464 -61.1 7.947641796896739
      vertex 30.944654597934996 -61.5 8.211605120929484
      vertex 30.889508269961826 -61.5 8.04188217519079
    endloop
  endfacet
  facet normal 0.691066697158082 -0.6870284404387191 -0.22454118131728315
    outer loop
      vertex 31.256550309968464 -61.1 7.947641796896739
      vertex 31.326402325401148 -61.1 8.16262419483242
      vertex 30.944654597934996 -61.5 8.211605120929484
    endloop
  endfacet
  facet normal 0.6574749575165342 -0.6870284404387164 -0.309384230798819
    outer loop
      vertex 31.326402325401148 -61.1 8.16262419483242
      vertex 31.422647975921045 -61.1 8.367156613383088
      vertex 31.014590457283454 -61.5 8.38824293839742
    endloop
  endfacet
  facet normal 0.6574749575165356 -0.6870284404387175 -0.3093842307988129
    outer loop
      vertex 31.422647975921045 -61.1 8.367156613383088
      vertex 31.090573865588635 -61.5 8.549715900411107
      vertex 31.014590457283454 -61.5 8.38824293839742
    endloop
  endfacet
  facet normal -0.7137599021622202 -0.6870284404387197 -0.1361569832719522
    outer loop
      vertex 34.78580646236606 -61.1 7.725599820415748
      vertex 35.16176571760102 -61.5 7.773094519450642
      vertex 35.12832616049482 -61.5 7.948390816672477
    endloop
  endfacet
  facet normal -0.7137599021622167 -0.6870284404387214 -0.13615698327196052
    outer loop
      vertex 34.78580646236606 -61.1 7.725599820415748
      vertex 35.12832616049482 -61.5 7.948390816672477
      vertex 34.74344969003154 -61.1 7.947641796896739
    endloop
  endfacet
  facet normal -0.6910666971580778 -0.6870284404387168 -0.22454118131730327
    outer loop
      vertex 34.74344969003154 -61.1 7.947641796896739
      vertex 35.11049173003818 -61.5 8.04188217519079
      vertex 35.055345402065 -61.5 8.211605120929484
    endloop
  endfacet
  facet normal -0.6910666971580826 -0.6870284404387148 -0.22454118131729472
    outer loop
      vertex 34.74344969003154 -61.1 7.947641796896739
      vertex 35.055345402065 -61.5 8.211605120929484
      vertex 34.67359767459885 -61.1 8.16262419483242
    endloop
  endfacet
  facet normal -0.6574749575165342 -0.6870284404387164 -0.309384230798819
    outer loop
      vertex 34.67359767459885 -61.1 8.16262419483242
      vertex 34.985409542716546 -61.5 8.38824293839742
      vertex 34.577352024078955 -61.1 8.367156613383088
    endloop
  endfacet
  facet normal -0.657474957516539 -0.6870284404387201 -0.30938423079879973
    outer loop
      vertex 34.577352024078955 -61.1 8.367156613383088
      vertex 34.985409542716546 -61.5 8.38824293839742
      vertex 34.90942613441137 -61.5 8.549715900411107
    endloop
  endfacet
  facet normal 0.6135144450384393 -0.6870284404387182 -0.3893481061434848
    outer loop
      vertex 31.422647975921045 -61.1 8.367156613383088
      vertex 31.543769410125094 -61.1 8.558013454126451
      vertex 31.141572364200865 -61.5 8.630076675460943
    endloop
  endfacet
  facet normal 0.6135144450384392 -0.6870284404387181 -0.38934810614348553
    outer loop
      vertex 31.543769410125094 -61.1 8.558013454126451
      vertex 31.2371945490988 -61.5 8.780753128679388
      vertex 31.141572364200865 -61.5 8.630076675460943
    endloop
  endfacet
  facet normal 0.5598784432663267 -0.6870284404387182 -0.4631717292689799
    outer loop
      vertex 31.543769410125094 -61.1 8.558013454126451
      vertex 31.68785647064146 -61.1 8.732184790671639
      vertex 31.29786278510569 -61.5 8.854088428277361
    endloop
  endfacet
  facet normal 0.5598784432663276 -0.6870284404387186 -0.4631717292689784
    outer loop
      vertex 31.68785647064146 -61.1 8.732184790671639
      vertex 31.41161572761861 -61.5 8.991592115023563
      vertex 31.29786278510569 -61.5 8.854088428277361
    endloop
  endfacet
  facet normal -0.6135144450384373 -0.6870284404387208 -0.3893481061434835
    outer loop
      vertex 34.577352024078955 -61.1 8.367156613383088
      vertex 34.90942613441137 -61.5 8.549715900411107
      vertex 34.456230589874906 -61.1 8.558013454126451
    endloop
  endfacet
  facet normal -0.6135144450384374 -0.6870284404387209 -0.3893481061434831
    outer loop
      vertex 34.456230589874906 -61.1 8.558013454126451
      vertex 34.90942613441137 -61.5 8.549715900411107
      vertex 34.762805450901205 -61.5 8.780753128679388
    endloop
  endfacet
  facet normal -0.4974128239887284 -0.6870284404387178 -0.5296908575385282
    outer loop
      vertex 34.31214352935854 -61.1 8.73218479067164
      vertex 34.51900307330312 -61.5 9.05674539768663
      vertex 34.14736318154764 -61.1 8.88692383699642
    endloop
  endfacet
  facet normal -0.35005692585142406 -0.6870284404387188 -0.636751184287703
    outer loop
      vertex 33.964488230962196 -61.1 9.019790265903627
      vertex 34.167538384848974 -61.5 9.339746111357021
      vertex 34.08413396120895 -61.5 9.385598081266583
    endloop
  endfacet
  facet normal -0.4974128239887317 -0.687028440438719 -0.5296908575385237
    outer loop
      vertex 34.14736318154764 -61.1 8.88692383699642
      vertex 34.51900307330312 -61.5 9.05674539768663
      vertex 34.38891332503135 -61.5 9.178907802679877
    endloop
  endfacet
  facet normal -0.4271027073368247 -0.6870284404387187 -0.587856444562698
    outer loop
      vertex 34.14736318154764 -61.1 8.88692383699642
      vertex 34.38891332503135 -61.5 9.178907802679877
      vertex 34.31191334583748 -61.5 9.234851562219752
    endloop
  endfacet
  facet normal 0.09107095349162996 -0.6870284404387188 -0.7209008277554322
    outer loop
      vertex 32.662713633745696 -61.1 9.26811705131164
      vertex 32.88697706484724 -61.1 9.29644811117089
      vertex 32.686132685524385 -61.5 9.652281087317984
    endloop
  endfacet
  facet normal 0.09107095349162772 -0.6870284404387182 -0.7209008277554328
    outer loop
      vertex 32.88697706484724 -61.1 9.29644811117089
      vertex 32.86318276270981 -61.5 9.674647713522655
      vertex 32.686132685524385 -61.5 9.652281087317984
    endloop
  endfacet
  facet normal -0.09107095349162996 -0.6870284404387188 -0.7209008277554322
    outer loop
      vertex 33.337286366254304 -61.1 9.26811705131164
      vertex 33.313867314475615 -61.5 9.652281087317984
      vertex 33.11302293515276 -61.1 9.29644811117089
    endloop
  endfacet
  facet normal -0.09107095349162772 -0.6870284404387182 -0.7209008277554328
    outer loop
      vertex 33.11302293515276 -61.1 9.29644811117089
      vertex 33.313867314475615 -61.5 9.652281087317984
      vertex 33.13681723729019 -61.5 9.674647713522655
    endloop
  endfacet
  facet normal 0.1807056636435436 -0.6870284404387178 0.7038020923210516
    outer loop
      vertex 32.662713633745696 -61.1 5.7318829486883605
      vertex 32.32666823330933 -61.5 5.427697906598982
      vertex 32.59170597769216 -61.5 5.359647779991175
    endloop
  endfacet
  facet normal 0.09107095349163165 -0.6870284404387182 0.7209008277554325
    outer loop
      vertex 32.88697706484724 -61.1 5.703551888829111
      vertex 32.59170597769216 -61.5 5.359647779991175
      vertex 32.86318276270981 -61.5 5.3253522864773455
    endloop
  endfacet
  facet normal 0 -0.6870284404387181 0.7266305264908314
    outer loop
      vertex 32.88697706484724 -61.1 5.703551888829111
      vertex 32.86318276270981 -61.5 5.3253522864773455
      vertex 32.958359971259505 -61.5 5.3253522864773455
    endloop
  endfacet
  facet normal 0.2674905375314682 -0.6870284404387169 0.675603977459777
    outer loop
      vertex 32.44376941012509 -61.1 5.788098270668724
      vertex 32.072249333116105 -61.5 5.52842947515299
      vertex 32.32666823330933 -61.5 5.427697906598982
    endloop
  endfacet
  facet normal 0.09107095349163008 -0.6870284404387177 0.7209008277554332
    outer loop
      vertex 32.88697706484724 -61.1 5.703551888829111
      vertex 32.662713633745696 -61.1 5.7318829486883605
      vertex 32.59170597769216 -61.5 5.359647779991175
    endloop
  endfacet
  facet normal -0.0910709534916317 -0.6870284404387177 0.720900827755433
    outer loop
      vertex 33.337286366254304 -61.1 5.7318829486883605
      vertex 33.13681723729019 -61.5 5.3253522864773455
      vertex 33.40829402230784 -61.5 5.359647779991175
    endloop
  endfacet
  facet normal -0.09107095349163002 -0.6870284404387182 0.7209008277554327
    outer loop
      vertex 33.11302293515276 -61.1 5.703551888829111
      vertex 33.13681723729019 -61.5 5.3253522864773455
      vertex 33.337286366254304 -61.1 5.7318829486883605
    endloop
  endfacet
  facet normal -0.18070566364354348 -0.6870284404387171 0.7038020923210518
    outer loop
      vertex 33.55623058987491 -61.1 5.788098270668724
      vertex 33.40829402230784 -61.5 5.359647779991175
      vertex 33.67333176669067 -61.5 5.427697906598982
    endloop
  endfacet
  facet normal -0.2674905375314682 -0.6870284404387166 0.6756039774597772
    outer loop
      vertex 33.766402724817134 -61.1 5.871311305561164
      vertex 33.67333176669067 -61.5 5.427697906598982
      vertex 33.927750666883895 -61.5 5.52842947515299
    endloop
  endfacet
  facet normal 0.49741282398873743 -0.6870284404387182 0.5296908575385193
    outer loop
      vertex 31.85263681845236 -61.1 6.113076163003579
      vertex 31.41161572761861 -61.5 6.008407884976437
      vertex 31.611086674968647 -61.5 5.821092197320123
    endloop
  endfacet
  facet normal 0.3500569258514199 -0.6870284404387165 0.6367511842877079
    outer loop
      vertex 32.233597275182866 -61.1 5.871311305561164
      vertex 31.832461615151026 -61.5 5.660253888642979
      vertex 32.072249333116105 -61.5 5.52842947515299
    endloop
  endfacet
  facet normal 0.2674905375314673 -0.6870284404387166 0.6756039774597776
    outer loop
      vertex 32.44376941012509 -61.1 5.788098270668724
      vertex 32.233597275182866 -61.1 5.871311305561164
      vertex 32.072249333116105 -61.5 5.52842947515299
    endloop
  endfacet
  facet normal 0.4271027073368312 -0.6870284404387186 0.5878564445626938
    outer loop
      vertex 32.035511769037804 -61.1 5.980209734096373
      vertex 31.611086674968647 -61.5 5.821092197320123
      vertex 31.832461615151026 -61.5 5.660253888642979
    endloop
  endfacet
  facet normal 0.3500569258514248 -0.6870284404387187 0.6367511842877028
    outer loop
      vertex 32.233597275182866 -61.1 5.871311305561164
      vertex 32.035511769037804 -61.1 5.980209734096373
      vertex 31.832461615151026 -61.5 5.660253888642979
    endloop
  endfacet
  facet normal 0.18070566364354215 -0.6870284404387172 0.7038020923210522
    outer loop
      vertex 32.44376941012509 -61.1 5.788098270668724
      vertex 32.32666823330933 -61.5 5.427697906598982
      vertex 32.662713633745696 -61.1 5.7318829486883605
    endloop
  endfacet
  facet normal 0.4271027073368307 -0.6870284404387181 0.5878564445626944
    outer loop
      vertex 31.85263681845236 -61.1 6.113076163003579
      vertex 31.611086674968647 -61.5 5.821092197320123
      vertex 32.035511769037804 -61.1 5.980209734096373
    endloop
  endfacet
  facet normal 0.559878443266327 -0.687028440438718 0.4631717292689797
    outer loop
      vertex 31.68785647064146 -61.1 6.267815209328361
      vertex 31.2371945490988 -61.5 6.219246871320611
      vertex 31.41161572761861 -61.5 6.008407884976437
    endloop
  endfacet
  facet normal 0.559878443266327 -0.687028440438718 0.4631717292689801
    outer loop
      vertex 31.68785647064146 -61.1 6.267815209328361
      vertex 31.543769410125094 -61.1 6.441986545873548
      vertex 31.2371945490988 -61.5 6.219246871320611
    endloop
  endfacet
  facet normal 0.6135144450384412 -0.6870284404387179 0.38934810614348236
    outer loop
      vertex 31.543769410125094 -61.1 6.441986545873548
      vertex 31.090573865588635 -61.5 6.450284099588894
      vertex 31.2371945490988 -61.5 6.219246871320611
    endloop
  endfacet
  facet normal 0.6135144450384408 -0.6870284404387175 0.38934810614348386
    outer loop
      vertex 31.543769410125094 -61.1 6.441986545873548
      vertex 31.422647975921045 -61.1 6.632843386616912
      vertex 31.090573865588635 -61.5 6.450284099588894
    endloop
  endfacet
  facet normal 0.4974128239887371 -0.6870284404387179 0.5296908575385201
    outer loop
      vertex 31.85263681845236 -61.1 6.113076163003579
      vertex 31.68785647064146 -61.1 6.267815209328361
      vertex 31.41161572761861 -61.5 6.008407884976437
    endloop
  endfacet
  facet normal -0.18070566364354204 -0.6870284404387178 0.7038020923210517
    outer loop
      vertex 33.337286366254304 -61.1 5.7318829486883605
      vertex 33.40829402230784 -61.5 5.359647779991175
      vertex 33.55623058987491 -61.1 5.788098270668724
    endloop
  endfacet
  facet normal -0.2674905375314671 -0.687028440438717 0.6756039774597772
    outer loop
      vertex 33.55623058987491 -61.1 5.788098270668724
      vertex 33.67333176669067 -61.5 5.427697906598982
      vertex 33.766402724817134 -61.1 5.871311305561164
    endloop
  endfacet
  facet normal -0.3500569258514172 -0.6870284404387185 0.6367511842877073
    outer loop
      vertex 33.964488230962196 -61.1 5.9802097340963725
      vertex 33.927750666883895 -61.5 5.52842947515299
      vertex 34.167538384848974 -61.5 5.660253888642978
    endloop
  endfacet
  facet normal -0.3500569258514236 -0.6870284404387164 0.6367511842877059
    outer loop
      vertex 33.766402724817134 -61.1 5.871311305561164
      vertex 33.927750666883895 -61.5 5.52842947515299
      vertex 33.964488230962196 -61.1 5.9802097340963725
    endloop
  endfacet
  facet normal -0.42710270733682953 -0.6870284404387182 0.5878564445626953
    outer loop
      vertex 34.14736318154764 -61.1 6.11307616300358
      vertex 34.31191334583748 -61.5 5.7651484377802475
      vertex 34.38891332503135 -61.5 5.821092197320124
    endloop
  endfacet
  facet normal -0.4974128239887418 -0.6870284404387156 0.5296908575385185
    outer loop
      vertex 34.31214352935854 -61.1 6.267815209328361
      vertex 34.51900307330312 -61.5 5.943254602313372
      vertex 34.58838427238139 -61.5 6.008407884976437
    endloop
  endfacet
  facet normal -0.5598784432663007 -0.6870284404387192 0.4631717292690098
    outer loop
      vertex 34.456230589874906 -61.1 6.441986545873548
      vertex 34.70213721489431 -61.5 6.145911571722638
      vertex 34.762805450901205 -61.5 6.219246871320611
    endloop
  endfacet
  facet normal -0.6135144450384173 -0.6870284404387191 0.3893481061435181
    outer loop
      vertex 34.577352024078955 -61.1 6.632843386616912
      vertex 34.85842763579913 -61.5 6.369923324539057
      vertex 34.90942613441137 -61.5 6.450284099588894
    endloop
  endfacet
  facet normal 0.6574749575165308 -0.6870284404387176 0.3093842307988231
    outer loop
      vertex 31.422647975921045 -61.1 6.632843386616912
      vertex 30.97406597285402 -61.5 6.697875974676544
      vertex 31.090573865588635 -61.5 6.450284099588894
    endloop
  endfacet
  facet normal 0.6574749575165314 -0.6870284404387188 0.309384230798819
    outer loop
      vertex 31.422647975921045 -61.1 6.632843386616912
      vertex 31.326402325401148 -61.1 6.8373758051675795
      vertex 30.97406597285402 -61.5 6.697875974676544
    endloop
  endfacet
  facet normal 0.6910666971580839 -0.6870284404387187 0.22454118131727907
    outer loop
      vertex 31.326402325401148 -61.1 6.8373758051675795
      vertex 30.889508269961826 -61.5 6.958117824809211
      vertex 30.97406597285402 -61.5 6.697875974676544
    endloop
  endfacet
  facet normal 0.6910666971580838 -0.6870284404387175 0.2245411813172828
    outer loop
      vertex 31.326402325401148 -61.1 6.8373758051675795
      vertex 31.256550309968464 -61.1 7.052358203103261
      vertex 30.889508269961826 -61.5 6.958117824809211
    endloop
  endfacet
  facet normal 0.7137599021622175 -0.6870284404387177 0.13615698327197615
    outer loop
      vertex 31.256550309968464 -61.1 7.052358203103261
      vertex 30.83823428239898 -61.5 7.226905480549358
      vertex 30.889508269961826 -61.5 6.958117824809211
    endloop
  endfacet
  facet normal 0.713759902162217 -0.687028440438719 0.13615698327197198
    outer loop
      vertex 31.256550309968464 -61.1 7.052358203103261
      vertex 31.21419353763394 -61.1 7.274400179584252
      vertex 30.83823428239898 -61.5 7.226905480549358
    endloop
  endfacet
  facet normal 0.7251966871297564 -0.6870284404387189 0.04562550826421516
    outer loop
      vertex 31.21419353763394 -61.1 7.274400179584252
      vertex 30.821052631578947 -61.5 7.5
      vertex 30.83823428239898 -61.5 7.226905480549358
    endloop
  endfacet
  facet normal 0.7251966871297568 -0.6870284404387182 0.04562550826421718
    outer loop
      vertex 31.21419353763394 -61.1 7.274400179584252
      vertex 31.2 -61.1 7.5
      vertex 30.821052631578947 -61.5 7.5
    endloop
  endfacet
  facet normal -0.6574749575165237 -0.6870284404387182 0.30938423079883687
    outer loop
      vertex 34.67359767459885 -61.1 6.837375805167579
      vertex 34.985409542716546 -61.5 6.611757061602578
      vertex 35.02593402714598 -61.5 6.697875974676543
    endloop
  endfacet
  facet normal -0.6910666971580902 -0.687028440438718 0.22454118131726097
    outer loop
      vertex 34.67359767459885 -61.1 6.837375805167579
      vertex 35.02593402714598 -61.5 6.697875974676543
      vertex 35.055345402065 -61.5 6.788394879070514
    endloop
  endfacet
  facet normal -0.7137599021622132 -0.687028440438718 0.13615698327199555
    outer loop
      vertex 34.74344969003154 -61.1 7.052358203103262
      vertex 35.11049173003818 -61.5 6.958117824809213
      vertex 35.12832616049482 -61.5 7.051609183327524
    endloop
  endfacet
  facet normal -0.7251966871297572 -0.6870284404387187 0.045625508264205535
    outer loop
      vertex 34.78580646236606 -61.1 7.274400179584252
      vertex 35.16176571760102 -61.5 7.226905480549358
      vertex 35.167741943973205 -61.5 7.321894878619147
    endloop
  endfacet
  facet normal 0.7251966871297572 -0.6870284404387187 -0.045625508264205535
    outer loop
      vertex 31.21419353763394 -61.1 7.725599820415748
      vertex 30.83823428239898 -61.5 7.773094519450642
      vertex 30.832258056026795 -61.5 7.678105121380853
    endloop
  endfacet
  facet normal 0.7137599021622193 -0.6870284404387174 -0.13615698327196785
    outer loop
      vertex 31.256550309968464 -61.1 7.947641796896739
      vertex 30.889508269961826 -61.5 8.04188217519079
      vertex 30.871673839505185 -61.5 7.948390816672477
    endloop
  endfacet
  facet normal 0.6910666971580809 -0.6870284404387187 -0.22454118131728767
    outer loop
      vertex 31.326402325401148 -61.1 8.16262419483242
      vertex 30.97406597285402 -61.5 8.302124025323455
      vertex 30.944654597934996 -61.5 8.211605120929484
    endloop
  endfacet
  facet normal 0.6574749575165252 -0.687028440438718 -0.30938423079883437
    outer loop
      vertex 31.326402325401148 -61.1 8.16262419483242
      vertex 31.014590457283454 -61.5 8.38824293839742
      vertex 30.97406597285402 -61.5 8.302124025323455
    endloop
  endfacet
  facet normal -0.7251966871297573 -0.6870284404387187 -0.04562550826420578
    outer loop
      vertex 34.8 -61.1 7.5
      vertex 35.17894736842105 -61.5 7.5
      vertex 34.78580646236606 -61.1 7.725599820415748
    endloop
  endfacet
  facet normal -0.7251966871297572 -0.6870284404387186 -0.04562550826420581
    outer loop
      vertex 34.78580646236606 -61.1 7.725599820415748
      vertex 35.17894736842105 -61.5 7.5
      vertex 35.16176571760102 -61.5 7.773094519450642
    endloop
  endfacet
  facet normal -0.7137599021622135 -0.6870284404387181 -0.1361569832719943
    outer loop
      vertex 34.74344969003154 -61.1 7.947641796896739
      vertex 35.12832616049482 -61.5 7.948390816672477
      vertex 35.11049173003818 -61.5 8.04188217519079
    endloop
  endfacet
  facet normal -0.6910666971580898 -0.687028440438718 -0.22454118131726303
    outer loop
      vertex 34.67359767459885 -61.1 8.16262419483242
      vertex 35.055345402065 -61.5 8.211605120929484
      vertex 35.02593402714598 -61.5 8.302124025323455
    endloop
  endfacet
  facet normal -0.6574749575165252 -0.687028440438718 -0.30938423079883437
    outer loop
      vertex 34.67359767459885 -61.1 8.16262419483242
      vertex 35.02593402714598 -61.5 8.302124025323455
      vertex 34.985409542716546 -61.5 8.38824293839742
    endloop
  endfacet
  facet normal 0.6135144450384409 -0.6870284404387182 -0.3893481061434826
    outer loop
      vertex 31.422647975921045 -61.1 8.367156613383088
      vertex 31.141572364200865 -61.5 8.630076675460943
      vertex 31.090573865588635 -61.5 8.549715900411107
    endloop
  endfacet
  facet normal 0.5598784432663283 -0.687028440438718 -0.46317172926897837
    outer loop
      vertex 31.543769410125094 -61.1 8.558013454126451
      vertex 31.29786278510569 -61.5 8.854088428277361
      vertex 31.2371945490988 -61.5 8.780753128679388
    endloop
  endfacet
  facet normal 0.49741282398873726 -0.6870284404387185 -0.529690857538519
    outer loop
      vertex 31.68785647064146 -61.1 8.732184790671639
      vertex 31.611086674968647 -61.5 9.178907802679877
      vertex 31.41161572761861 -61.5 8.991592115023563
    endloop
  endfacet
  facet normal 0.4974128239887365 -0.6870284404387188 -0.5296908575385194
    outer loop
      vertex 31.68785647064146 -61.1 8.732184790671639
      vertex 31.85263681845236 -61.1 8.88692383699642
      vertex 31.611086674968647 -61.5 9.178907802679877
    endloop
  endfacet
  facet normal 0.42710270733683087 -0.6870284404387189 -0.5878564445626935
    outer loop
      vertex 31.85263681845236 -61.1 8.88692383699642
      vertex 31.832461615151026 -61.5 9.339746111357021
      vertex 31.611086674968647 -61.5 9.178907802679877
    endloop
  endfacet
  facet normal 0.4271027073368324 -0.6870284404387184 -0.5878564445626928
    outer loop
      vertex 31.85263681845236 -61.1 8.88692383699642
      vertex 32.035511769037804 -61.1 9.019790265903627
      vertex 31.832461615151026 -61.5 9.339746111357021
    endloop
  endfacet
  facet normal 0.3500569258514259 -0.6870284404387162 -0.6367511842877048
    outer loop
      vertex 32.035511769037804 -61.1 9.019790265903627
      vertex 32.233597275182866 -61.1 9.128688694438836
      vertex 32.072249333116105 -61.5 9.47157052484701
    endloop
  endfacet
  facet normal 0.35005692585141884 -0.6870284404387186 -0.6367511842877063
    outer loop
      vertex 32.035511769037804 -61.1 9.019790265903627
      vertex 32.072249333116105 -61.5 9.47157052484701
      vertex 31.832461615151026 -61.5 9.339746111357021
    endloop
  endfacet
  facet normal 0.2674905375314696 -0.6870284404387169 -0.6756039774597763
    outer loop
      vertex 32.233597275182866 -61.1 9.128688694438836
      vertex 32.44376941012509 -61.1 9.211901729331277
      vertex 32.32666823330933 -61.5 9.572302093401019
    endloop
  endfacet
  facet normal 0.18070566364353932 -0.6870284404387178 -0.7038020923210523
    outer loop
      vertex 32.44376941012509 -61.1 9.211901729331277
      vertex 32.662713633745696 -61.1 9.26811705131164
      vertex 32.59170597769216 -61.5 9.640352220008825
    endloop
  endfacet
  facet normal -0.5598784432663327 -0.687028440438721 -0.46317172926896866
    outer loop
      vertex 34.31214352935854 -61.1 8.73218479067164
      vertex 34.456230589874906 -61.1 8.558013454126451
      vertex 34.762805450901205 -61.5 8.780753128679388
    endloop
  endfacet
  facet normal -0.5598784432663255 -0.6870284404387151 -0.463171729268986
    outer loop
      vertex 34.31214352935854 -61.1 8.73218479067164
      vertex 34.762805450901205 -61.5 8.780753128679388
      vertex 34.58838427238139 -61.5 8.991592115023563
    endloop
  endfacet
  facet normal -0.42710270733683275 -0.6870284404387178 -0.5878564445626933
    outer loop
      vertex 34.14736318154764 -61.1 8.88692383699642
      vertex 34.31191334583748 -61.5 9.234851562219752
      vertex 33.964488230962196 -61.1 9.019790265903627
    endloop
  endfacet
  facet normal -0.1807056636435395 -0.6870284404387172 -0.703802092321053
    outer loop
      vertex 33.55623058987491 -61.1 9.211901729331277
      vertex 33.67333176669067 -61.5 9.572302093401019
      vertex 33.337286366254304 -61.1 9.26811705131164
    endloop
  endfacet
  facet normal -0.3500569258514248 -0.6870284404387187 -0.6367511842877028
    outer loop
      vertex 33.964488230962196 -61.1 9.019790265903627
      vertex 34.08413396120895 -61.5 9.385598081266583
      vertex 33.766402724817134 -61.1 9.128688694438836
    endloop
  endfacet
  facet normal -0.4271027073368345 -0.6870284404387184 -0.5878564445626914
    outer loop
      vertex 33.964488230962196 -61.1 9.019790265903627
      vertex 34.31191334583748 -61.5 9.234851562219752
      vertex 34.167538384848974 -61.5 9.339746111357021
    endloop
  endfacet
  facet normal -0.26749053753146973 -0.6870284404387168 -0.6756039774597765
    outer loop
      vertex 33.766402724817134 -61.1 9.128688694438836
      vertex 33.927750666883895 -61.5 9.47157052484701
      vertex 33.55623058987491 -61.1 9.211901729331277
    endloop
  endfacet
  facet normal -0.35005692585141696 -0.6870284404387166 -0.6367511842877094
    outer loop
      vertex 33.766402724817134 -61.1 9.128688694438836
      vertex 34.08413396120895 -61.5 9.385598081266583
      vertex 33.927750666883895 -61.5 9.47157052484701
    endloop
  endfacet
  facet normal -0.4974128239887492 -0.6870284404387154 -0.529690857538512
    outer loop
      vertex 34.31214352935854 -61.1 8.73218479067164
      vertex 34.58838427238139 -61.5 8.991592115023563
      vertex 34.51900307330312 -61.5 9.05674539768663
    endloop
  endfacet
  facet normal 0.26749053753147023 -0.6870284404387167 -0.6756039774597763
    outer loop
      vertex 32.233597275182866 -61.1 9.128688694438836
      vertex 32.32666823330933 -61.5 9.572302093401019
      vertex 32.072249333116105 -61.5 9.47157052484701
    endloop
  endfacet
  facet normal 0.18070566364354126 -0.6870284404387171 -0.7038020923210525
    outer loop
      vertex 32.44376941012509 -61.1 9.211901729331277
      vertex 32.59170597769216 -61.5 9.640352220008825
      vertex 32.32666823330933 -61.5 9.572302093401019
    endloop
  endfacet
  facet normal 0.09107095349163899 -0.687028440438718 -0.7209008277554319
    outer loop
      vertex 32.662713633745696 -61.1 9.26811705131164
      vertex 32.686132685524385 -61.5 9.652281087317984
      vertex 32.59170597769216 -61.5 9.640352220008825
    endloop
  endfacet
  facet normal 0 -0.6870284404387181 -0.7266305264908314
    outer loop
      vertex 32.88697706484724 -61.1 9.29644811117089
      vertex 33.11302293515276 -61.1 9.29644811117089
      vertex 33.13681723729019 -61.5 9.674647713522655
    endloop
  endfacet
  facet normal 0 -0.687028440438718 -0.7266305264908314
    outer loop
      vertex 32.88697706484724 -61.1 9.29644811117089
      vertex 33.13681723729019 -61.5 9.674647713522655
      vertex 32.86318276270981 -61.5 9.674647713522655
    endloop
  endfacet
  facet normal -0.09107095349163899 -0.687028440438718 -0.7209008277554319
    outer loop
      vertex 33.337286366254304 -61.1 9.26811705131164
      vertex 33.40829402230784 -61.5 9.640352220008825
      vertex 33.313867314475615 -61.5 9.652281087317984
    endloop
  endfacet
  facet normal -0.18070566364354132 -0.6870284404387177 -0.703802092321052
    outer loop
      vertex 33.337286366254304 -61.1 9.26811705131164
      vertex 33.67333176669067 -61.5 9.572302093401019
      vertex 33.40829402230784 -61.5 9.640352220008825
    endloop
  endfacet
  facet normal -0.26749053753147023 -0.6870284404387168 -0.6756039774597762
    outer loop
      vertex 33.55623058987491 -61.1 9.211901729331277
      vertex 33.927750666883895 -61.5 9.47157052484701
      vertex 33.67333176669067 -61.5 9.572302093401019
    endloop
  endfacet
  facet normal 0.2674905375314682 -0.6870284404387169 0.675603977459777
    outer loop
      vertex -33.55623058987491 -61.1 5.788098270668724
      vertex -33.927750666883895 -61.5 5.52842947515299
      vertex -33.67333176669067 -61.5 5.427697906598982
    endloop
  endfacet
  facet normal 0.1807056636435436 -0.6870284404387178 0.7038020923210516
    outer loop
      vertex -33.337286366254304 -61.1 5.7318829486883605
      vertex -33.67333176669067 -61.5 5.427697906598982
      vertex -33.40829402230784 -61.5 5.359647779991175
    endloop
  endfacet
  facet normal 0.09107095349163165 -0.6870284404387182 0.7209008277554325
    outer loop
      vertex -33.11302293515276 -61.1 5.703551888829111
      vertex -33.40829402230784 -61.5 5.359647779991175
      vertex -33.13681723729019 -61.5 5.3253522864773455
    endloop
  endfacet
  facet normal 0 -0.6870284404387181 0.7266305264908314
    outer loop
      vertex -33.11302293515276 -61.1 5.703551888829111
      vertex -33.13681723729019 -61.5 5.3253522864773455
      vertex -33.041640028740495 -61.5 5.3253522864773455
    endloop
  endfacet
  facet normal 0.09107095349163008 -0.6870284404387177 0.7209008277554332
    outer loop
      vertex -33.11302293515276 -61.1 5.703551888829111
      vertex -33.337286366254304 -61.1 5.7318829486883605
      vertex -33.40829402230784 -61.5 5.359647779991175
    endloop
  endfacet
  facet normal -0.0910709534916317 -0.6870284404387177 0.720900827755433
    outer loop
      vertex -32.662713633745696 -61.1 5.7318829486883605
      vertex -32.86318276270981 -61.5 5.3253522864773455
      vertex -32.59170597769216 -61.5 5.359647779991175
    endloop
  endfacet
  facet normal -0.09107095349163002 -0.6870284404387182 0.7209008277554327
    outer loop
      vertex -32.88697706484724 -61.1 5.703551888829111
      vertex -32.86318276270981 -61.5 5.3253522864773455
      vertex -32.662713633745696 -61.1 5.7318829486883605
    endloop
  endfacet
  facet normal -0.18070566364354348 -0.6870284404387171 0.7038020923210518
    outer loop
      vertex -32.44376941012509 -61.1 5.788098270668724
      vertex -32.59170597769216 -61.5 5.359647779991175
      vertex -32.32666823330933 -61.5 5.427697906598982
    endloop
  endfacet
  facet normal -0.2674905375314682 -0.6870284404387166 0.6756039774597772
    outer loop
      vertex -32.233597275182866 -61.1 5.871311305561164
      vertex -32.32666823330933 -61.5 5.427697906598982
      vertex -32.072249333116105 -61.5 5.52842947515299
    endloop
  endfacet
  facet normal 0.4271027073368312 -0.6870284404387186 0.5878564445626938
    outer loop
      vertex -33.964488230962196 -61.1 5.980209734096373
      vertex -34.38891332503135 -61.5 5.821092197320123
      vertex -34.167538384848974 -61.5 5.660253888642979
    endloop
  endfacet
  facet normal 0.49741282398873743 -0.6870284404387182 0.5296908575385193
    outer loop
      vertex -34.14736318154764 -61.1 6.113076163003579
      vertex -34.58838427238139 -61.5 6.008407884976437
      vertex -34.38891332503135 -61.5 5.821092197320123
    endloop
  endfacet
  facet normal 0.3500569258514199 -0.6870284404387165 0.6367511842877079
    outer loop
      vertex -33.766402724817134 -61.1 5.871311305561164
      vertex -34.167538384848974 -61.5 5.660253888642979
      vertex -33.927750666883895 -61.5 5.52842947515299
    endloop
  endfacet
  facet normal 0.2674905375314673 -0.6870284404387166 0.6756039774597776
    outer loop
      vertex -33.55623058987491 -61.1 5.788098270668724
      vertex -33.766402724817134 -61.1 5.871311305561164
      vertex -33.927750666883895 -61.5 5.52842947515299
    endloop
  endfacet
  facet normal 0.3500569258514248 -0.6870284404387187 0.6367511842877028
    outer loop
      vertex -33.766402724817134 -61.1 5.871311305561164
      vertex -33.964488230962196 -61.1 5.980209734096373
      vertex -34.167538384848974 -61.5 5.660253888642979
    endloop
  endfacet
  facet normal 0.18070566364354215 -0.6870284404387172 0.7038020923210522
    outer loop
      vertex -33.337286366254304 -61.1 5.7318829486883605
      vertex -33.55623058987491 -61.1 5.788098270668724
      vertex -33.67333176669067 -61.5 5.427697906598982
    endloop
  endfacet
  facet normal 0.4271027073368307 -0.6870284404387182 0.5878564445626944
    outer loop
      vertex -33.964488230962196 -61.1 5.980209734096373
      vertex -34.14736318154764 -61.1 6.113076163003579
      vertex -34.38891332503135 -61.5 5.821092197320123
    endloop
  endfacet
  facet normal 0.5598784432663241 -0.6870284404387157 0.4631717292689867
    outer loop
      vertex -34.31214352935854 -61.1 6.267815209328361
      vertex -34.762805450901205 -61.5 6.219246871320611
      vertex -34.58838427238139 -61.5 6.008407884976437
    endloop
  endfacet
  facet normal 0.49741282398873304 -0.6870284404387154 0.5296908575385272
    outer loop
      vertex -34.14736318154764 -61.1 6.113076163003579
      vertex -34.31214352935854 -61.1 6.267815209328361
      vertex -34.58838427238139 -61.5 6.008407884976437
    endloop
  endfacet
  facet normal 0.5598784432663303 -0.6870284404387209 0.4631717292689715
    outer loop
      vertex -34.456230589874906 -61.1 6.441986545873548
      vertex -34.762805450901205 -61.5 6.219246871320611
      vertex -34.31214352935854 -61.1 6.267815209328361
    endloop
  endfacet
  facet normal 0.6135144450384389 -0.6870284404387209 0.389348106143481
    outer loop
      vertex -34.456230589874906 -61.1 6.441986545873548
      vertex -34.90942613441137 -61.5 6.450284099588894
      vertex -34.762805450901205 -61.5 6.219246871320611
    endloop
  endfacet
  facet normal 0.6135144450384385 -0.6870284404387205 0.3893481061434824
    outer loop
      vertex -34.456230589874906 -61.1 6.441986545873548
      vertex -34.577352024078955 -61.1 6.632843386616912
      vertex -34.90942613441137 -61.5 6.450284099588894
    endloop
  endfacet
  facet normal -0.18070566364354204 -0.6870284404387178 0.7038020923210517
    outer loop
      vertex -32.662713633745696 -61.1 5.7318829486883605
      vertex -32.59170597769216 -61.5 5.359647779991175
      vertex -32.44376941012509 -61.1 5.788098270668724
    endloop
  endfacet
  facet normal -0.2674905375314671 -0.687028440438717 0.6756039774597772
    outer loop
      vertex -32.44376941012509 -61.1 5.788098270668724
      vertex -32.32666823330933 -61.5 5.427697906598982
      vertex -32.233597275182866 -61.1 5.871311305561164
    endloop
  endfacet
  facet normal -0.35005692585142184 -0.6870284404387169 0.6367511842877063
    outer loop
      vertex -32.035511769037804 -61.1 5.9802097340963725
      vertex -32.072249333116105 -61.5 5.52842947515299
      vertex -31.83246161515103 -61.5 5.660253888642978
    endloop
  endfacet
  facet normal -0.3500569258514236 -0.6870284404387164 0.6367511842877059
    outer loop
      vertex -32.233597275182866 -61.1 5.871311305561164
      vertex -32.072249333116105 -61.5 5.52842947515299
      vertex -32.035511769037804 -61.1 5.9802097340963725
    endloop
  endfacet
  facet normal -0.42710270733681693 -0.6870284404387177 0.5878564445627049
    outer loop
      vertex -31.852636818452357 -61.1 6.11307616300358
      vertex -31.688086654162518 -61.5 5.7651484377802475
      vertex -31.611086674968643 -61.5 5.821092197320124
    endloop
  endfacet
  facet normal -0.4974128239887404 -0.6870284404387181 0.5296908575385167
    outer loop
      vertex -31.68785647064146 -61.1 6.267815209328361
      vertex -31.480996926696882 -61.5 5.943254602313372
      vertex -31.41161572761861 -61.5 6.008407884976437
    endloop
  endfacet
  facet normal -0.5598784432663283 -0.687028440438718 0.46317172926897837
    outer loop
      vertex -31.543769410125094 -61.1 6.441986545873548
      vertex -31.29786278510569 -61.5 6.145911571722638
      vertex -31.2371945490988 -61.5 6.219246871320611
    endloop
  endfacet
  facet normal -0.6135144450384431 -0.6870284404387178 0.38934810614347964
    outer loop
      vertex -31.422647975921045 -61.1 6.632843386616912
      vertex -31.141572364200865 -61.5 6.369923324539057
      vertex -31.090573865588635 -61.5 6.450284099588894
    endloop
  endfacet
  facet normal 0.6574749575165321 -0.6870284404387205 0.3093842307988141
    outer loop
      vertex -34.577352024078955 -61.1 6.632843386616912
      vertex -35.02593402714598 -61.5 6.697875974676544
      vertex -34.90942613441137 -61.5 6.450284099588894
    endloop
  endfacet
  facet normal 0.6574749575165314 -0.6870284404387188 0.309384230798819
    outer loop
      vertex -34.577352024078955 -61.1 6.632843386616912
      vertex -34.67359767459885 -61.1 6.8373758051675795
      vertex -35.02593402714598 -61.5 6.697875974676544
    endloop
  endfacet
  facet normal 0.6910666971580808 -0.687028440438719 0.22454118131728748
    outer loop
      vertex -34.67359767459885 -61.1 6.8373758051675795
      vertex -35.11049173003818 -61.5 6.958117824809211
      vertex -35.02593402714598 -61.5 6.697875974676544
    endloop
  endfacet
  facet normal 0.6910666971580808 -0.6870284404387172 0.2245411813172932
    outer loop
      vertex -34.67359767459885 -61.1 6.8373758051675795
      vertex -34.74344969003154 -61.1 7.052358203103261
      vertex -35.11049173003818 -61.5 6.958117824809211
    endloop
  endfacet
  facet normal 0.7137599021622195 -0.6870284404387174 0.13615698327196696
    outer loop
      vertex -34.74344969003154 -61.1 7.052358203103261
      vertex -35.16176571760102 -61.5 7.226905480549358
      vertex -35.11049173003818 -61.5 6.958117824809211
    endloop
  endfacet
  facet normal 0.7137599021622187 -0.6870284404387192 0.1361569832719609
    outer loop
      vertex -34.74344969003154 -61.1 7.052358203103261
      vertex -34.78580646236606 -61.1 7.274400179584252
      vertex -35.16176571760102 -61.5 7.226905480549358
    endloop
  endfacet
  facet normal 0.7251966871297572 -0.6870284404387186 0.04562550826420581
    outer loop
      vertex -34.78580646236606 -61.1 7.274400179584252
      vertex -35.17894736842105 -61.5 7.5
      vertex -35.16176571760102 -61.5 7.226905480549358
    endloop
  endfacet
  facet normal 0.7251966871297573 -0.6870284404387187 0.04562550826420578
    outer loop
      vertex -34.78580646236606 -61.1 7.274400179584252
      vertex -34.8 -61.1 7.5
      vertex -35.17894736842105 -61.5 7.5
    endloop
  endfacet
  facet normal -0.6574749575165237 -0.6870284404387182 0.30938423079883687
    outer loop
      vertex -31.326402325401148 -61.1 6.837375805167579
      vertex -31.014590457283454 -61.5 6.611757061602578
      vertex -30.97406597285402 -61.5 6.697875974676543
    endloop
  endfacet
  facet normal -0.6910666971580814 -0.6870284404387189 0.22454118131728568
    outer loop
      vertex -31.326402325401148 -61.1 6.837375805167579
      vertex -30.97406597285402 -61.5 6.697875974676543
      vertex -30.944654597934996 -61.5 6.788394879070514
    endloop
  endfacet
  facet normal -0.7137599021622191 -0.6870284404387174 0.13615698327196912
    outer loop
      vertex -31.256550309968464 -61.1 7.052358203103262
      vertex -30.889508269961826 -61.5 6.958117824809213
      vertex -30.871673839505185 -61.5 7.051609183327524
    endloop
  endfacet
  facet normal -0.7251966871297572 -0.6870284404387187 0.045625508264205535
    outer loop
      vertex -31.21419353763394 -61.1 7.274400179584252
      vertex -30.83823428239898 -61.5 7.226905480549358
      vertex -30.832258056026795 -61.5 7.321894878619147
    endloop
  endfacet
  facet normal 0.7251966871297572 -0.6870284404387187 -0.045625508264205535
    outer loop
      vertex -34.78580646236606 -61.1 7.725599820415748
      vertex -35.16176571760102 -61.5 7.773094519450642
      vertex -35.167741943973205 -61.5 7.678105121380853
    endloop
  endfacet
  facet normal 0.7137599021622135 -0.6870284404387181 -0.1361569832719943
    outer loop
      vertex -34.74344969003154 -61.1 7.947641796896739
      vertex -35.11049173003818 -61.5 8.04188217519079
      vertex -35.12832616049482 -61.5 7.948390816672477
    endloop
  endfacet
  facet normal 0.6910666971580898 -0.687028440438718 -0.22454118131726303
    outer loop
      vertex -34.67359767459885 -61.1 8.16262419483242
      vertex -35.02593402714598 -61.5 8.302124025323455
      vertex -35.055345402065 -61.5 8.211605120929484
    endloop
  endfacet
  facet normal 0.6574749575165252 -0.687028440438718 -0.30938423079883437
    outer loop
      vertex -34.67359767459885 -61.1 8.16262419483242
      vertex -34.985409542716546 -61.5 8.38824293839742
      vertex -35.02593402714598 -61.5 8.302124025323455
    endloop
  endfacet
  facet normal -0.7251966871297568 -0.6870284404387182 -0.04562550826421718
    outer loop
      vertex -31.2 -61.1 7.5
      vertex -30.821052631578947 -61.5 7.5
      vertex -31.21419353763394 -61.1 7.725599820415748
    endloop
  endfacet
  facet normal -0.7251966871297564 -0.6870284404387189 -0.04562550826421516
    outer loop
      vertex -31.21419353763394 -61.1 7.725599820415748
      vertex -30.821052631578947 -61.5 7.5
      vertex -30.83823428239898 -61.5 7.773094519450642
    endloop
  endfacet
  facet normal -0.7137599021622193 -0.6870284404387174 -0.13615698327196785
    outer loop
      vertex -31.256550309968464 -61.1 7.947641796896739
      vertex -30.871673839505185 -61.5 7.948390816672477
      vertex -30.889508269961826 -61.5 8.04188217519079
    endloop
  endfacet
  facet normal -0.6910666971580809 -0.6870284404387187 -0.22454118131728767
    outer loop
      vertex -31.326402325401148 -61.1 8.16262419483242
      vertex -30.944654597934996 -61.5 8.211605120929484
      vertex -30.97406597285402 -61.5 8.302124025323455
    endloop
  endfacet
  facet normal -0.6574749575165252 -0.687028440438718 -0.30938423079883437
    outer loop
      vertex -31.326402325401148 -61.1 8.16262419483242
      vertex -30.97406597285402 -61.5 8.302124025323455
      vertex -31.014590457283454 -61.5 8.38824293839742
    endloop
  endfacet
  facet normal 0.613514445038415 -0.6870284404387195 -0.389348106143521
    outer loop
      vertex -34.577352024078955 -61.1 8.367156613383088
      vertex -34.85842763579913 -61.5 8.630076675460943
      vertex -34.90942613441137 -61.5 8.549715900411107
    endloop
  endfacet
  facet normal 0.5598784432663007 -0.6870284404387192 -0.4631717292690098
    outer loop
      vertex -34.456230589874906 -61.1 8.558013454126451
      vertex -34.70213721489431 -61.5 8.854088428277361
      vertex -34.762805450901205 -61.5 8.780753128679388
    endloop
  endfacet
  facet normal 0.4974128239887306 -0.687028440438719 -0.5296908575385245
    outer loop
      vertex -34.31214352935854 -61.1 8.732184790671639
      vertex -34.14736318154764 -61.1 8.88692383699642
      vertex -34.38891332503135 -61.5 9.178907802679877
    endloop
  endfacet
  facet normal 0.4974128239887388 -0.6870284404387162 -0.5296908575385207
    outer loop
      vertex -34.31214352935854 -61.1 8.732184790671639
      vertex -34.38891332503135 -61.5 9.178907802679877
      vertex -34.58838427238139 -61.5 8.991592115023563
    endloop
  endfacet
  facet normal 0.42710270733683087 -0.6870284404387189 -0.5878564445626935
    outer loop
      vertex -34.14736318154764 -61.1 8.88692383699642
      vertex -34.167538384848974 -61.5 9.339746111357021
      vertex -34.38891332503135 -61.5 9.178907802679877
    endloop
  endfacet
  facet normal 0.4271027073368324 -0.6870284404387184 -0.5878564445626928
    outer loop
      vertex -34.14736318154764 -61.1 8.88692383699642
      vertex -33.964488230962196 -61.1 9.019790265903627
      vertex -34.167538384848974 -61.5 9.339746111357021
    endloop
  endfacet
  facet normal 0.3500569258514259 -0.6870284404387162 -0.6367511842877048
    outer loop
      vertex -33.964488230962196 -61.1 9.019790265903627
      vertex -33.766402724817134 -61.1 9.128688694438836
      vertex -33.927750666883895 -61.5 9.47157052484701
    endloop
  endfacet
  facet normal 0.35005692585141884 -0.6870284404387186 -0.6367511842877063
    outer loop
      vertex -33.964488230962196 -61.1 9.019790265903627
      vertex -33.927750666883895 -61.5 9.47157052484701
      vertex -34.167538384848974 -61.5 9.339746111357021
    endloop
  endfacet
  facet normal 0.2674905375314696 -0.6870284404387169 -0.6756039774597763
    outer loop
      vertex -33.766402724817134 -61.1 9.128688694438836
      vertex -33.55623058987491 -61.1 9.211901729331277
      vertex -33.67333176669067 -61.5 9.572302093401019
    endloop
  endfacet
  facet normal 0.18070566364353932 -0.6870284404387178 -0.7038020923210523
    outer loop
      vertex -33.55623058987491 -61.1 9.211901729331277
      vertex -33.337286366254304 -61.1 9.26811705131164
      vertex -33.40829402230784 -61.5 9.640352220008825
    endloop
  endfacet
  facet normal -0.5598784432663292 -0.6870284404387179 -0.46317172926897715
    outer loop
      vertex -31.543769410125094 -61.1 8.558013454126451
      vertex -31.2371945490988 -61.5 8.780753128679388
      vertex -31.68785647064146 -61.1 8.73218479067164
    endloop
  endfacet
  facet normal -0.5598784432663284 -0.6870284404387175 -0.4631717292689789
    outer loop
      vertex -31.68785647064146 -61.1 8.73218479067164
      vertex -31.2371945490988 -61.5 8.780753128679388
      vertex -31.41161572761861 -61.5 8.991592115023563
    endloop
  endfacet
  facet normal -0.4271027073368269 -0.6870284404387185 -0.5878564445626968
    outer loop
      vertex -32.035511769037804 -61.1 9.019790265903627
      vertex -31.852636818452357 -61.1 8.88692383699642
      vertex -31.688086654162515 -61.5 9.234851562219752
    endloop
  endfacet
  facet normal -0.1807056636435395 -0.6870284404387171 -0.703802092321053
    outer loop
      vertex -32.662713633745696 -61.1 9.26811705131164
      vertex -32.44376941012509 -61.1 9.211901729331277
      vertex -32.32666823330933 -61.5 9.572302093401019
    endloop
  endfacet
  facet normal -0.3500569258514255 -0.687028440438717 -0.6367511842877042
    outer loop
      vertex -32.035511769037804 -61.1 9.019790265903627
      vertex -31.915866038791055 -61.5 9.385598081266583
      vertex -32.233597275182866 -61.1 9.128688694438836
    endloop
  endfacet
  facet normal -0.42710270733682754 -0.6870284404387185 -0.5878564445626963
    outer loop
      vertex -32.035511769037804 -61.1 9.019790265903627
      vertex -31.688086654162515 -61.5 9.234851562219752
      vertex -31.832461615151026 -61.5 9.339746111357021
    endloop
  endfacet
  facet normal -0.26749053753146973 -0.6870284404387168 -0.6756039774597765
    outer loop
      vertex -32.233597275182866 -61.1 9.128688694438836
      vertex -32.072249333116105 -61.5 9.47157052484701
      vertex -32.44376941012509 -61.1 9.211901729331277
    endloop
  endfacet
  facet normal -0.35005692585142323 -0.6870284404387165 -0.6367511842877062
    outer loop
      vertex -32.233597275182866 -61.1 9.128688694438836
      vertex -31.915866038791055 -61.5 9.385598081266583
      vertex -32.072249333116105 -61.5 9.47157052484701
    endloop
  endfacet
  facet normal -0.4974128239887478 -0.6870284404387178 -0.5296908575385102
    outer loop
      vertex -31.68785647064146 -61.1 8.73218479067164
      vertex -31.41161572761861 -61.5 8.991592115023563
      vertex -31.480996926696882 -61.5 9.05674539768663
    endloop
  endfacet
  facet normal 0.26749053753147023 -0.6870284404387167 -0.6756039774597763
    outer loop
      vertex -33.766402724817134 -61.1 9.128688694438836
      vertex -33.67333176669067 -61.5 9.572302093401019
      vertex -33.927750666883895 -61.5 9.47157052484701
    endloop
  endfacet
  facet normal 0.18070566364354126 -0.6870284404387171 -0.7038020923210525
    outer loop
      vertex -33.55623058987491 -61.1 9.211901729331277
      vertex -33.40829402230784 -61.5 9.640352220008825
      vertex -33.67333176669067 -61.5 9.572302093401019
    endloop
  endfacet
  facet normal 0 -0.6870284404387181 -0.7266305264908314
    outer loop
      vertex -33.11302293515276 -61.1 9.29644811117089
      vertex -32.88697706484724 -61.1 9.29644811117089
      vertex -32.86318276270981 -61.5 9.674647713522655
    endloop
  endfacet
  facet normal 0.09107095349163899 -0.687028440438718 -0.7209008277554319
    outer loop
      vertex -33.337286366254304 -61.1 9.26811705131164
      vertex -33.313867314475615 -61.5 9.652281087317984
      vertex -33.40829402230784 -61.5 9.640352220008825
    endloop
  endfacet
  facet normal 0 -0.687028440438718 -0.7266305264908314
    outer loop
      vertex -33.11302293515276 -61.1 9.29644811117089
      vertex -32.86318276270981 -61.5 9.674647713522655
      vertex -33.13681723729019 -61.5 9.674647713522655
    endloop
  endfacet
  facet normal -0.26749053753147023 -0.6870284404387168 -0.6756039774597762
    outer loop
      vertex -32.44376941012509 -61.1 9.211901729331277
      vertex -32.072249333116105 -61.5 9.47157052484701
      vertex -32.32666823330933 -61.5 9.572302093401019
    endloop
  endfacet
  facet normal -0.09107095349163899 -0.687028440438718 -0.7209008277554319
    outer loop
      vertex -32.662713633745696 -61.1 9.26811705131164
      vertex -32.59170597769216 -61.5 9.640352220008825
      vertex -32.686132685524385 -61.5 9.652281087317984
    endloop
  endfacet
  facet normal -0.18070566364354132 -0.6870284404387177 -0.703802092321052
    outer loop
      vertex -32.662713633745696 -61.1 9.26811705131164
      vertex -32.32666823330933 -61.5 9.572302093401019
      vertex -32.59170597769216 -61.5 9.640352220008825
    endloop
  endfacet
  facet normal 0.9980267284282727 -2.832045106909007e-16 -0.06279051952929687
    outer loop
      vertex -34.8 -61.1 7.5
      vertex -34.79880817622921 -60 7.518943496370788
      vertex -34.78580646236606 -61.1 7.725599820415748
    endloop
  endfacet
  facet normal 0.9980267284282726 0 -0.06279051952929536
    outer loop
      vertex -34.78580646236606 -61.1 7.725599820415748
      vertex -34.79880817622921 -60 7.518943496370788
      vertex -34.78580646236606 -60 7.725599820415748
    endloop
  endfacet
  facet normal 0.9822872507286907 -2.050234964231895e-15 -0.18738131458571353
    outer loop
      vertex -34.78580646236606 -61.1 7.725599820415748
      vertex -34.78224978682652 -60 7.744244566532472
      vertex -34.74344969003154 -61.1 7.947641796896739
    endloop
  endfacet
  facet normal 0.9822872507286928 0 -0.18738131458570284
    outer loop
      vertex -34.74344969003154 -61.1 7.947641796896739
      vertex -34.78224978682652 -60 7.744244566532472
      vertex -34.74344969003154 -60 7.947641796896739
    endloop
  endfacet
  facet normal 0.9510565162951485 -2.9755005095530435e-15 -0.3090169943749632
    outer loop
      vertex -34.74344969003154 -61.1 7.947641796896739
      vertex -34.73758425362116 -60 7.965693753975307
      vertex -34.67359767459885 -61.1 8.16262419483242
    endloop
  endfacet
  facet normal 0.9510565162951533 0 -0.3090169943749481
    outer loop
      vertex -34.67359767459885 -61.1 8.16262419483242
      vertex -34.73758425362116 -60 7.965693753975307
      vertex -34.67359767459885 -60 8.16262419483242
    endloop
  endfacet
  facet normal 0.9048270524660219 -2.2883098877688086e-15 -0.4257792915650676
    outer loop
      vertex -34.67359767459885 -61.1 8.16262419483242
      vertex -34.66551597875367 -60 8.179798672725987
      vertex -34.577352024078955 -61.1 8.367156613383088
    endloop
  endfacet
  facet normal 0.8443279255020134 1.3421146788400226e-15 -0.535826794978999
    outer loop
      vertex -34.577352024078955 -61.1 8.367156613383088
      vertex -34.56718152197022 -60 8.383182760315737
      vertex -34.456230589874906 -61.1 8.558013454126451
    endloop
  endfacet
  facet normal 0.9048270524660271 0 -0.42577929156505656
    outer loop
      vertex -34.577352024078955 -61.1 8.367156613383088
      vertex -34.66551597875367 -60 8.179798672725987
      vertex -34.577352024078955 -60 8.367156613383088
    endloop
  endfacet
  facet normal -0.9980267284282717 1.2208970437790934e-17 -0.06279051952931253
    outer loop
      vertex -31.2 -61.1 7.5
      vertex -31.21419353763394 -61.1 7.725599820415748
      vertex -31.21300171386315 -60 7.7066563240449595
    endloop
  endfacet
  facet normal -0.9980267284282716 0 -0.06279051952931246
    outer loop
      vertex -31.2 -61.1 7.5
      vertex -31.21300171386315 -60 7.7066563240449595
      vertex -31.2 -60 7.5
    endloop
  endfacet
  facet normal -0.9822872507286879 -1.3883343526402244e-15 -0.1873813145857287
    outer loop
      vertex -31.21419353763394 -61.1 7.725599820415748
      vertex -31.256550309968464 -61.1 7.947641796896739
      vertex -31.252993634428925 -60 7.928997050780015
    endloop
  endfacet
  facet normal -0.9822872507286865 0 -0.18738131458573595
    outer loop
      vertex -31.21419353763394 -61.1 7.725599820415748
      vertex -31.252993634428925 -60 7.928997050780015
      vertex -31.21419353763394 -60 7.725599820415748
    endloop
  endfacet
  facet normal -0.9510565162951531 -8.37186544305667e-17 -0.30901699437494895
    outer loop
      vertex -31.256550309968464 -61.1 7.947641796896739
      vertex -31.326402325401148 -61.1 8.16262419483242
      vertex -31.32053688899077 -60 8.14457223775385
    endloop
  endfacet
  facet normal -0.951056516295153 0 -0.3090169943749494
    outer loop
      vertex -31.256550309968464 -61.1 7.947641796896739
      vertex -31.32053688899077 -60 8.14457223775385
      vertex -31.256550309968464 -60 7.947641796896739
    endloop
  endfacet
  facet normal -0.9048270524660219 -6.278899082292462e-16 -0.4257792915650676
    outer loop
      vertex -31.326402325401148 -61.1 8.16262419483242
      vertex -31.422647975921045 -61.1 8.367156613383088
      vertex -31.414566280075864 -60 8.34998213548952
    endloop
  endfacet
  facet normal -0.9048270524660205 0 -0.42577929156507066
    outer loop
      vertex -31.326402325401148 -61.1 8.16262419483242
      vertex -31.414566280075864 -60 8.34998213548952
      vertex -31.326402325401148 -60 8.16262419483242
    endloop
  endfacet
  facet normal -0.8443279255020096 0 -0.5358267949790051
    outer loop
      vertex -31.422647975921045 -61.1 8.367156613383088
      vertex -31.53359890801636 -60 8.541987307193802
      vertex -31.422647975921045 -60 8.367156613383088
    endloop
  endfacet
  facet normal 0.7705132427757933 -1.5435626910635798e-15 -0.6374239897486849
    outer loop
      vertex -34.456230589874906 -61.1 8.558013454126451
      vertex -34.44413167639643 -60 8.572638528187497
      vertex -34.31214352935854 -61.1 8.732184790671639
    endloop
  endfacet
  facet normal 0.8443279255020096 0 -0.5358267949790051
    outer loop
      vertex -34.456230589874906 -61.1 8.558013454126451
      vertex -34.56718152197022 -60 8.383182760315737
      vertex -34.456230589874906 -60 8.558013454126451
    endloop
  endfacet
  facet normal 0.6845471059286795 -9.522996941476768e-16 -0.7289686274214202
    outer loop
      vertex -34.31214352935854 -61.1 8.732184790671639
      vertex -34.29830701160343 -60 8.745178145706545
      vertex -34.14736318154764 -61.1 8.88692383699642
    endloop
  endfacet
  facet normal 0.7705132427757985 0 -0.6374239897486785
    outer loop
      vertex -34.31214352935854 -61.1 8.732184790671639
      vertex -34.44413167639643 -60 8.572638528187497
      vertex -34.31214352935854 -60 8.732184790671639
    endloop
  endfacet
  facet normal 0.6845471059286831 0 -0.7289686274214167
    outer loop
      vertex -34.14736318154764 -61.1 8.88692383699642
      vertex -34.29830701160343 -60 8.745178145706545
      vertex -34.14736318154764 -60 8.88692383699642
    endloop
  endfacet
  facet normal 0.5877852522924824 -1.1912466870016196e-15 -0.8090169943749407
    outer loop
      vertex -34.14736318154764 -61.1 8.88692383699642
      vertex -34.13200726966642 -60 8.89808056003443
      vertex -33.964488230962196 -61.1 9.019790265903627
    endloop
  endfacet
  facet normal 0.4817536741017198 -7.212013251466502e-16 -0.8763066800438611
    outer loop
      vertex -33.964488230962196 -61.1 9.019790265903627
      vertex -33.94785509685841 -60 9.028934408757728
      vertex -33.766402724817134 -61.1 9.128688694438836
    endloop
  endfacet
  facet normal 0.5877852522924876 0 -0.809016994374937
    outer loop
      vertex -33.964488230962196 -61.1 9.019790265903627
      vertex -34.13200726966642 -60 8.89808056003443
      vertex -33.964488230962196 -60 9.019790265903627
    endloop
  endfacet
  facet normal 0.48175367410172315 0 -0.8763066800438593
    outer loop
      vertex -33.766402724817134 -61.1 9.128688694438836
      vertex -33.94785509685841 -60 9.028934408757728
      vertex -33.766402724817134 -60 9.128688694438836
    endloop
  endfacet
  facet normal 0.3681245526846777 -8.380586136226456e-16 -0.9297764858882515
    outer loop
      vertex -33.766402724817134 -61.1 9.128688694438836
      vertex -33.748754682951756 -60 9.135676048513773
      vertex -33.55623058987491 -61.1 9.211901729331277
    endloop
  endfacet
  facet normal 0.36812455268468186 0 -0.9297764858882499
    outer loop
      vertex -33.55623058987491 -61.1 9.211901729331277
      vertex -33.748754682951756 -60 9.135676048513773
      vertex -33.55623058987491 -60 9.211901729331277
    endloop
  endfacet
  facet normal 0.24868988716484844 -2.581325178275774e-16 -0.9685831611286327
    outer loop
      vertex -33.55623058987491 -61.1 9.211901729331277
      vertex -33.53784596041058 -60 9.216622099879247
      vertex -33.337286366254304 -61.1 9.26811705131164
    endloop
  endfacet
  facet normal 0.12533323356430603 -2.7382976553331025e-16 -0.9921147013144777
    outer loop
      vertex -33.337286366254304 -61.1 9.26811705131164
      vertex -33.31845508578013 -60 9.270495995269286
      vertex -33.11302293515276 -61.1 9.29644811117089
    endloop
  endfacet
  facet normal 0 0 -1
    outer loop
      vertex -33.11302293515276 -61.1 9.29644811117089
      vertex -33.094041984211074 -60 9.29644811117089
      vertex -32.88697706484724 -61.1 9.29644811117089
    endloop
  endfacet
  facet normal 0.24868988716484977 0 -0.9685831611286324
    outer loop
      vertex -33.337286366254304 -61.1 9.26811705131164
      vertex -33.53784596041058 -60 9.216622099879247
      vertex -33.337286366254304 -60 9.26811705131164
    endloop
  endfacet
  facet normal 0.12533323356430748 0 -0.9921147013144774
    outer loop
      vertex -33.11302293515276 -61.1 9.29644811117089
      vertex -33.31845508578013 -60 9.270495995269286
      vertex -33.11302293515276 -60 9.29644811117089
    endloop
  endfacet
  facet normal 0 0 -1
    outer loop
      vertex -32.88697706484724 -61.1 9.29644811117089
      vertex -33.094041984211074 -60 9.29644811117089
      vertex -32.88697706484724 -60 9.29644811117089
    endloop
  endfacet
  facet normal -0.684547105928691 1.9534352700465717e-16 -0.7289686274214093
    outer loop
      vertex -31.68785647064146 -61.1 8.73218479067164
      vertex -31.852636818452357 -61.1 8.88692383699642
      vertex -31.838800300697244 -60 8.873930481961516
    endloop
  endfacet
  facet normal -0.6845471059286917 0 -0.7289686274214088
    outer loop
      vertex -31.68785647064146 -61.1 8.73218479067164
      vertex -31.838800300697244 -60 8.873930481961516
      vertex -31.68785647064146 -60 8.73218479067164
    endloop
  endfacet
  facet normal -0.8443279255020134 -1.3394984708890674e-15 -0.535826794978999
    outer loop
      vertex -31.422647975921045 -61.1 8.367156613383088
      vertex -31.543769410125094 -61.1 8.558013454126451
      vertex -31.53359890801636 -60 8.541987307193802
    endloop
  endfacet
  facet normal -0.7705132427757887 1.4232171253196167e-15 -0.6374239897486903
    outer loop
      vertex -31.543769410125094 -61.1 8.558013454126451
      vertex -31.68785647064146 -61.1 8.73218479067164
      vertex -31.675757557162985 -60 8.717559716610594
    endloop
  endfacet
  facet normal -0.7705132427757935 0 -0.6374239897486845
    outer loop
      vertex -31.543769410125094 -61.1 8.558013454126451
      vertex -31.675757557162985 -60 8.717559716610594
      vertex -31.543769410125094 -60 8.558013454126451
    endloop
  endfacet
  facet normal -0.5877852522924749 1.0307859326763517e-15 -0.8090169943749461
    outer loop
      vertex -32.035511769037804 -61.1 9.019790265903627
      vertex -32.02015585715658 -60 9.008633542865617
      vertex -31.852636818452357 -61.1 8.88692383699642
    endloop
  endfacet
  facet normal -0.4817536741017198 7.255616717315755e-16 -0.8763066800438611
    outer loop
      vertex -32.035511769037804 -61.1 9.019790265903627
      vertex -32.233597275182866 -61.1 9.128688694438836
      vertex -32.21696414107908 -60 9.119544551584735
    endloop
  endfacet
  facet normal -0.5877852522924795 0 -0.809016994374943
    outer loop
      vertex -31.852636818452357 -61.1 8.88692383699642
      vertex -32.02015585715658 -60 9.008633542865617
      vertex -31.852636818452357 -60 8.88692383699642
    endloop
  endfacet
  facet normal -0.48175367410172315 0 -0.8763066800438593
    outer loop
      vertex -32.035511769037804 -61.1 9.019790265903627
      vertex -32.21696414107908 -60 9.119544551584735
      vertex -32.035511769037804 -60 9.019790265903627
    endloop
  endfacet
  facet normal -0.3681245526846777 8.371865443056605e-16 -0.9297764858882515
    outer loop
      vertex -32.233597275182866 -61.1 9.128688694438836
      vertex -32.44376941012509 -61.1 9.211901729331277
      vertex -32.426121368259714 -60 9.20491437525634
    endloop
  endfacet
  facet normal -0.24868988716484844 2.581325178275774e-16 -0.9685831611286327
    outer loop
      vertex -32.662713633745696 -61.1 9.26811705131164
      vertex -32.64432900428137 -60 9.26339668076367
      vertex -32.44376941012509 -61.1 9.211901729331277
    endloop
  endfacet
  facet normal -0.12533323356430603 2.755739041672804e-16 -0.9921147013144777
    outer loop
      vertex -32.662713633745696 -61.1 9.26811705131164
      vertex -32.88697706484724 -61.1 9.29644811117089
      vertex -32.86814578437306 -60 9.294069167213243
    endloop
  endfacet
  facet normal -0.36812455268468186 0 -0.9297764858882499
    outer loop
      vertex -32.233597275182866 -61.1 9.128688694438836
      vertex -32.426121368259714 -60 9.20491437525634
      vertex -32.233597275182866 -60 9.128688694438836
    endloop
  endfacet
  facet normal -0.24868988716484977 0 -0.9685831611286324
    outer loop
      vertex -32.44376941012509 -61.1 9.211901729331277
      vertex -32.64432900428137 -60 9.26339668076367
      vertex -32.44376941012509 -60 9.211901729331277
    endloop
  endfacet
  facet normal -0.12533323356430748 0 -0.9921147013144774
    outer loop
      vertex -32.662713633745696 -61.1 9.26811705131164
      vertex -32.86814578437306 -60 9.294069167213243
      vertex -32.662713633745696 -60 9.26811705131164
    endloop
  endfacet
  facet normal 0.9980267284282717 -1.2645005096283468e-17 -0.06279051952931253
    outer loop
      vertex 31.2 -61.1 7.5
      vertex 31.201191823770788 -60 7.518943496370788
      vertex 31.21419353763394 -61.1 7.725599820415748
    endloop
  endfacet
  facet normal 0.9980267284282716 0 -0.06279051952931246
    outer loop
      vertex 31.21419353763394 -61.1 7.725599820415748
      vertex 31.201191823770788 -60 7.518943496370788
      vertex 31.21419353763394 -60 7.725599820415748
    endloop
  endfacet
  facet normal 0.9822872507286879 1.3883343526402244e-15 -0.1873813145857287
    outer loop
      vertex 31.21419353763394 -61.1 7.725599820415748
      vertex 31.217750213173478 -60 7.744244566532472
      vertex 31.256550309968464 -61.1 7.947641796896739
    endloop
  endfacet
  facet normal 0.9822872507286865 0 -0.18738131458573595
    outer loop
      vertex 31.256550309968464 -61.1 7.947641796896739
      vertex 31.217750213173478 -60 7.744244566532472
      vertex 31.256550309968464 -60 7.947641796896739
    endloop
  endfacet
  facet normal 0.9510565162951531 -1.6046075432525284e-16 -0.30901699437494895
    outer loop
      vertex 31.256550309968464 -61.1 7.947641796896739
      vertex 31.262415746378842 -60 7.965693753975307
      vertex 31.326402325401148 -61.1 8.16262419483242
    endloop
  endfacet
  facet normal 0.9510565162951533 0 -0.3090169943749481
    outer loop
      vertex 31.326402325401148 -61.1 8.16262419483242
      vertex 31.262415746378842 -60 7.965693753975307
      vertex 31.326402325401148 -60 8.16262419483242
    endloop
  endfacet
  facet normal 0.9048270524660219 6.339943934481418e-16 -0.4257792915650676
    outer loop
      vertex 31.326402325401148 -61.1 8.16262419483242
      vertex 31.33448402124633 -60 8.179798672725987
      vertex 31.422647975921045 -61.1 8.367156613383088
    endloop
  endfacet
  facet normal 0.8443279255020134 1.3421146788400226e-15 -0.535826794978999
    outer loop
      vertex 31.422647975921045 -61.1 8.367156613383088
      vertex 31.43281847802978 -60 8.383182760315737
      vertex 31.543769410125094 -61.1 8.558013454126451
    endloop
  endfacet
  facet normal 0.9048270524660205 0 -0.42577929156507066
    outer loop
      vertex 31.422647975921045 -61.1 8.367156613383088
      vertex 31.33448402124633 -60 8.179798672725987
      vertex 31.422647975921045 -60 8.367156613383088
    endloop
  endfacet
  facet normal -0.9980267284282727 2.84294597337132e-16 -0.06279051952929687
    outer loop
      vertex 34.8 -61.1 7.5
      vertex 34.78580646236606 -61.1 7.725599820415748
      vertex 34.78699828613685 -60 7.7066563240449595
    endloop
  endfacet
  facet normal -0.9980267284282726 0 -0.06279051952929536
    outer loop
      vertex 34.8 -61.1 7.5
      vertex 34.78699828613685 -60 7.7066563240449595
      vertex 34.8 -60 7.5
    endloop
  endfacet
  facet normal -0.9822872507286907 2.05110703354888e-15 -0.18738131458571353
    outer loop
      vertex 34.78580646236606 -61.1 7.725599820415748
      vertex 34.74344969003154 -61.1 7.947641796896739
      vertex 34.74700636557108 -60 7.928997050780015
    endloop
  endfacet
  facet normal -0.9822872507286928 0 -0.18738131458570284
    outer loop
      vertex 34.78580646236606 -61.1 7.725599820415748
      vertex 34.74700636557108 -60 7.928997050780015
      vertex 34.78580646236606 -60 7.725599820415748
    endloop
  endfacet
  facet normal -0.9510565162951485 2.727832823529285e-15 -0.3090169943749632
    outer loop
      vertex 34.74344969003154 -61.1 7.947641796896739
      vertex 34.67359767459885 -61.1 8.16262419483242
      vertex 34.679463111009234 -60 8.14457223775385
    endloop
  endfacet
  facet normal -0.951056516295153 0 -0.3090169943749494
    outer loop
      vertex 34.74344969003154 -61.1 7.947641796896739
      vertex 34.679463111009234 -60 8.14457223775385
      vertex 34.74344969003154 -60 7.947641796896739
    endloop
  endfacet
  facet normal -0.9048270524660219 2.2883098877688086e-15 -0.4257792915650676
    outer loop
      vertex 34.67359767459885 -61.1 8.16262419483242
      vertex 34.577352024078955 -61.1 8.367156613383088
      vertex 34.58543371992414 -60 8.34998213548952
    endloop
  endfacet
  facet normal -0.9048270524660271 0 -0.42577929156505656
    outer loop
      vertex 34.67359767459885 -61.1 8.16262419483242
      vertex 34.58543371992414 -60 8.34998213548952
      vertex 34.67359767459885 -60 8.16262419483242
    endloop
  endfacet
  facet normal -0.8443279255020096 0 -0.5358267949790051
    outer loop
      vertex 34.577352024078955 -61.1 8.367156613383088
      vertex 34.46640109198364 -60 8.541987307193802
      vertex 34.577352024078955 -60 8.367156613383088
    endloop
  endfacet
  facet normal 0.7705132427757856 -1.3342660549871489e-15 -0.6374239897486943
    outer loop
      vertex 31.543769410125094 -61.1 8.558013454126451
      vertex 31.55586832360357 -60 8.572638528187497
      vertex 31.68785647064146 -61.1 8.732184790671639
    endloop
  endfacet
  facet normal 0.8443279255020096 0 -0.5358267949790051
    outer loop
      vertex 31.543769410125094 -61.1 8.558013454126451
      vertex 31.43281847802978 -60 8.383182760315737
      vertex 31.543769410125094 -60 8.558013454126451
    endloop
  endfacet
  facet normal 0.6845471059286873 1.0726452598916261e-15 -0.7289686274214128
    outer loop
      vertex 31.68785647064146 -61.1 8.732184790671639
      vertex 31.701692988396573 -60 8.745178145706545
      vertex 31.85263681845236 -61.1 8.88692383699642
    endloop
  endfacet
  facet normal 0.77051324277579 0 -0.6374239897486887
    outer loop
      vertex 31.68785647064146 -61.1 8.732184790671639
      vertex 31.55586832360357 -60 8.572638528187497
      vertex 31.68785647064146 -60 8.732184790671639
    endloop
  endfacet
  facet normal 0.6845471059286831 0 -0.7289686274214167
    outer loop
      vertex 31.85263681845236 -61.1 8.88692383699642
      vertex 31.701692988396573 -60 8.745178145706545
      vertex 31.85263681845236 -60 8.88692383699642
    endloop
  endfacet
  facet normal 0.5877852522924824 7.081202853918851e-16 -0.8090169943749407
    outer loop
      vertex 31.85263681845236 -61.1 8.88692383699642
      vertex 31.86799273033358 -60 8.89808056003443
      vertex 32.035511769037804 -61.1 9.019790265903627
    endloop
  endfacet
  facet normal 0.4817536741017198 -7.212013251466502e-16 -0.8763066800438611
    outer loop
      vertex 32.035511769037804 -61.1 9.019790265903627
      vertex 32.05214490314159 -60 9.028934408757728
      vertex 32.233597275182866 -61.1 9.128688694438836
    endloop
  endfacet
  facet normal 0.5877852522924795 0 -0.809016994374943
    outer loop
      vertex 32.035511769037804 -61.1 9.019790265903627
      vertex 31.86799273033358 -60 8.89808056003443
      vertex 32.035511769037804 -60 9.019790265903627
    endloop
  endfacet
  facet normal 0.48175367410172315 0 -0.8763066800438593
    outer loop
      vertex 32.233597275182866 -61.1 9.128688694438836
      vertex 32.05214490314159 -60 9.028934408757728
      vertex 32.233597275182866 -60 9.128688694438836
    endloop
  endfacet
  facet normal 0.3681245526846777 -8.380586136226456e-16 -0.9297764858882515
    outer loop
      vertex 32.233597275182866 -61.1 9.128688694438836
      vertex 32.251245317048244 -60 9.135676048513773
      vertex 32.44376941012509 -61.1 9.211901729331277
    endloop
  endfacet
  facet normal 0.24868988716484844 -2.581325178275774e-16 -0.9685831611286327
    outer loop
      vertex 32.44376941012509 -61.1 9.211901729331277
      vertex 32.46215403958942 -60 9.216622099879247
      vertex 32.662713633745696 -61.1 9.26811705131164
    endloop
  endfacet
  facet normal 0.12533323356430603 -2.7382976553331025e-16 -0.9921147013144777
    outer loop
      vertex 32.662713633745696 -61.1 9.26811705131164
      vertex 32.68154491421987 -60 9.270495995269286
      vertex 32.88697706484724 -61.1 9.29644811117089
    endloop
  endfacet
  facet normal 0.36812455268468186 0 -0.9297764858882499
    outer loop
      vertex 32.44376941012509 -61.1 9.211901729331277
      vertex 32.251245317048244 -60 9.135676048513773
      vertex 32.44376941012509 -60 9.211901729331277
    endloop
  endfacet
  facet normal 0.24868988716484977 0 -0.9685831611286324
    outer loop
      vertex 32.662713633745696 -61.1 9.26811705131164
      vertex 32.46215403958942 -60 9.216622099879247
      vertex 32.662713633745696 -60 9.26811705131164
    endloop
  endfacet
  facet normal 0.12533323356430748 0 -0.9921147013144774
    outer loop
      vertex 32.88697706484724 -61.1 9.29644811117089
      vertex 32.68154491421987 -60 9.270495995269286
      vertex 32.88697706484724 -60 9.29644811117089
    endloop
  endfacet
  facet normal -0.8443279255020134 -1.3394984708890674e-15 -0.535826794978999
    outer loop
      vertex 34.577352024078955 -61.1 8.367156613383088
      vertex 34.456230589874906 -61.1 8.558013454126451
      vertex 34.46640109198364 -60 8.541987307193802
    endloop
  endfacet
  facet normal -0.7705132427757965 1.6290254841281071e-15 -0.637423989748681
    outer loop
      vertex 34.31214352935854 -61.1 8.73218479067164
      vertex 34.32424244283702 -60 8.717559716610594
      vertex 34.456230589874906 -61.1 8.558013454126451
    endloop
  endfacet
  facet normal -0.7705132427758019 0 -0.6374239897486743
    outer loop
      vertex 34.456230589874906 -61.1 8.558013454126451
      vertex 34.32424244283702 -60 8.717559716610594
      vertex 34.456230589874906 -60 8.558013454126451
    endloop
  endfacet
  facet normal -0.6845471059286753 2.0232008154053314e-15 -0.7289686274214241
    outer loop
      vertex 34.31214352935854 -61.1 8.73218479067164
      vertex 34.14736318154764 -61.1 8.88692383699642
      vertex 34.161199699302756 -60 8.873930481961516
    endloop
  endfacet
  facet normal -0.6845471059286831 0 -0.7289686274214167
    outer loop
      vertex 34.31214352935854 -61.1 8.73218479067164
      vertex 34.161199699302756 -60 8.873930481961516
      vertex 34.31214352935854 -60 8.73218479067164
    endloop
  endfacet
  facet normal -0.5877852522924824 1.1999673801714703e-15 -0.8090169943749407
    outer loop
      vertex 34.14736318154764 -61.1 8.88692383699642
      vertex 33.964488230962196 -61.1 9.019790265903627
      vertex 33.97984414284342 -60 9.008633542865617
    endloop
  endfacet
  facet normal -0.4817536741017198 7.255616717315755e-16 -0.8763066800438611
    outer loop
      vertex 33.964488230962196 -61.1 9.019790265903627
      vertex 33.766402724817134 -61.1 9.128688694438836
      vertex 33.78303585892092 -60 9.119544551584735
    endloop
  endfacet
  facet normal -0.5877852522924876 0 -0.809016994374937
    outer loop
      vertex 34.14736318154764 -61.1 8.88692383699642
      vertex 33.97984414284342 -60 9.008633542865617
      vertex 34.14736318154764 -60 8.88692383699642
    endloop
  endfacet
  facet normal -0.48175367410172315 0 -0.8763066800438593
    outer loop
      vertex 33.964488230962196 -61.1 9.019790265903627
      vertex 33.78303585892092 -60 9.119544551584735
      vertex 33.964488230962196 -60 9.019790265903627
    endloop
  endfacet
  facet normal -0.24868988716484844 2.6510907236345784e-16 -0.9685831611286327
    outer loop
      vertex 33.55623058987491 -61.1 9.211901729331277
      vertex 33.337286366254304 -61.1 9.26811705131164
      vertex 33.35567099571863 -60 9.26339668076367
    endloop
  endfacet
  facet normal 0 0 -1
    outer loop
      vertex 32.88697706484724 -61.1 9.29644811117089
      vertex 32.905958015788926 -60 9.29644811117089
      vertex 33.11302293515276 -61.1 9.29644811117089
    endloop
  endfacet
  facet normal -0.12533323356430603 2.755739041672804e-16 -0.9921147013144777
    outer loop
      vertex 33.337286366254304 -61.1 9.26811705131164
      vertex 33.11302293515276 -61.1 9.29644811117089
      vertex 33.13185421562694 -60 9.294069167213243
    endloop
  endfacet
  facet normal -0.24868988716484977 0 -0.9685831611286324
    outer loop
      vertex 33.55623058987491 -61.1 9.211901729331277
      vertex 33.35567099571863 -60 9.26339668076367
      vertex 33.55623058987491 -60 9.211901729331277
    endloop
  endfacet
  facet normal 0 0 -1
    outer loop
      vertex 33.11302293515276 -61.1 9.29644811117089
      vertex 32.905958015788926 -60 9.29644811117089
      vertex 33.11302293515276 -60 9.29644811117089
    endloop
  endfacet
  facet normal -0.12533323356430748 0 -0.9921147013144774
    outer loop
      vertex 33.337286366254304 -61.1 9.26811705131164
      vertex 33.13185421562694 -60 9.294069167213243
      vertex 33.337286366254304 -60 9.26811705131164
    endloop
  endfacet
  facet normal -0.3681245526846777 8.371865443056605e-16 -0.9297764858882515
    outer loop
      vertex 33.766402724817134 -61.1 9.128688694438836
      vertex 33.55623058987491 -61.1 9.211901729331277
      vertex 33.573878631740286 -60 9.20491437525634
    endloop
  endfacet
  facet normal -0.36812455268468186 0 -0.9297764858882499
    outer loop
      vertex 33.766402724817134 -61.1 9.128688694438836
      vertex 33.573878631740286 -60 9.20491437525634
      vertex 33.766402724817134 -60 9.128688694438836
    endloop
  endfacet
  facet normal 0.12533323356430603 0 0.9921147013144777
    outer loop
      vertex 32.88697706484724 -61.1 5.703551888829111
      vertex 32.88697706484724 -60 5.703551888829111
      vertex 32.662713633745696 -61.1 5.7318829486883605
    endloop
  endfacet
  facet normal 0.24868988716485213 0 0.9685831611286317
    outer loop
      vertex 32.44376941012509 -61.1 5.788098270668724
      vertex 32.662713633745696 -61.1 5.7318829486883605
      vertex 32.662713633745696 -60 5.7318829486883605
    endloop
  endfacet
  facet normal 0.36812455268467437 0 0.9297764858882529
    outer loop
      vertex 32.44376941012509 -61.1 5.788098270668724
      vertex 32.44376941012509 -60 5.788098270668724
      vertex 32.233597275182866 -61.1 5.871311305561164
    endloop
  endfacet
  facet normal 0.12533323356430603 0 0.9921147013144777
    outer loop
      vertex 32.662713633745696 -61.1 5.7318829486883605
      vertex 32.88697706484724 -60 5.703551888829111
      vertex 32.662713633745696 -60 5.7318829486883605
    endloop
  endfacet
  facet normal 0.24868988716485213 0 0.9685831611286317
    outer loop
      vertex 32.44376941012509 -61.1 5.788098270668724
      vertex 32.662713633745696 -60 5.7318829486883605
      vertex 32.44376941012509 -60 5.788098270668724
    endloop
  endfacet
  facet normal 0.36812455268467437 0 0.9297764858882529
    outer loop
      vertex 32.233597275182866 -61.1 5.871311305561164
      vertex 32.44376941012509 -60 5.788098270668724
      vertex 32.233597275182866 -60 5.871311305561164
    endloop
  endfacet
  facet normal 0.4817536741017198 0 0.8763066800438611
    outer loop
      vertex 32.233597275182866 -61.1 5.871311305561164
      vertex 32.233597275182866 -60 5.871311305561164
      vertex 32.035511769037804 -61.1 5.980209734096373
    endloop
  endfacet
  facet normal 0.5877852522924798 0 0.8090169943749426
    outer loop
      vertex 31.85263681845236 -61.1 6.113076163003579
      vertex 32.035511769037804 -61.1 5.980209734096373
      vertex 32.035511769037804 -60 5.980209734096373
    endloop
  endfacet
  facet normal 0.4817536741017198 0 0.8763066800438611
    outer loop
      vertex 32.035511769037804 -61.1 5.980209734096373
      vertex 32.233597275182866 -60 5.871311305561164
      vertex 32.035511769037804 -60 5.980209734096373
    endloop
  endfacet
  facet normal 0.5877852522924798 0 0.8090169943749426
    outer loop
      vertex 31.85263681845236 -61.1 6.113076163003579
      vertex 32.035511769037804 -60 5.980209734096373
      vertex 31.85263681845236 -60 6.113076163003579
    endloop
  endfacet
  facet normal 0.7705132427757856 0 0.6374239897486943
    outer loop
      vertex 31.68785647064146 -61.1 6.267815209328361
      vertex 31.68785647064146 -60 6.267815209328361
      vertex 31.543769410125094 -61.1 6.441986545873548
    endloop
  endfacet
  facet normal 0.8443279255020146 0 0.5358267949789973
    outer loop
      vertex 31.543769410125094 -61.1 6.441986545873548
      vertex 31.543769410125094 -60 6.441986545873548
      vertex 31.422647975921045 -61.1 6.632843386616912
    endloop
  endfacet
  facet normal 0.7705132427757856 0 0.6374239897486943
    outer loop
      vertex 31.543769410125094 -61.1 6.441986545873548
      vertex 31.68785647064146 -60 6.267815209328361
      vertex 31.543769410125094 -60 6.441986545873548
    endloop
  endfacet
  facet normal 0.6845471059286873 0 0.7289686274214128
    outer loop
      vertex 31.85263681845236 -61.1 6.113076163003579
      vertex 31.85263681845236 -60 6.113076163003579
      vertex 31.68785647064146 -61.1 6.267815209328361
    endloop
  endfacet
  facet normal 0.6845471059286873 0 0.7289686274214128
    outer loop
      vertex 31.68785647064146 -61.1 6.267815209328361
      vertex 31.85263681845236 -60 6.113076163003579
      vertex 31.68785647064146 -60 6.267815209328361
    endloop
  endfacet
  facet normal 0 0 1
    outer loop
      vertex 32.88697706484724 -61.1 5.703551888829111
      vertex 33.11302293515276 -61.1 5.703551888829111
      vertex 33.11302293515276 -60 5.703551888829111
    endloop
  endfacet
  facet normal -0.12533323356430603 0 0.9921147013144777
    outer loop
      vertex 33.11302293515276 -61.1 5.703551888829111
      vertex 33.337286366254304 -61.1 5.7318829486883605
      vertex 33.337286366254304 -60 5.7318829486883605
    endloop
  endfacet
  facet normal -0.24868988716485213 0 0.9685831611286317
    outer loop
      vertex 33.337286366254304 -61.1 5.7318829486883605
      vertex 33.55623058987491 -61.1 5.788098270668724
      vertex 33.55623058987491 -60 5.788098270668724
    endloop
  endfacet
  facet normal 0 0 1
    outer loop
      vertex 32.88697706484724 -61.1 5.703551888829111
      vertex 33.11302293515276 -60 5.703551888829111
      vertex 32.88697706484724 -60 5.703551888829111
    endloop
  endfacet
  facet normal -0.12533323356430603 0 0.9921147013144777
    outer loop
      vertex 33.11302293515276 -61.1 5.703551888829111
      vertex 33.337286366254304 -60 5.7318829486883605
      vertex 33.11302293515276 -60 5.703551888829111
    endloop
  endfacet
  facet normal -0.24868988716485213 0 0.9685831611286317
    outer loop
      vertex 33.337286366254304 -61.1 5.7318829486883605
      vertex 33.55623058987491 -60 5.788098270668724
      vertex 33.337286366254304 -60 5.7318829486883605
    endloop
  endfacet
  facet normal -0.36812455268467437 0 0.9297764858882529
    outer loop
      vertex 33.55623058987491 -61.1 5.788098270668724
      vertex 33.766402724817134 -61.1 5.871311305561164
      vertex 33.766402724817134 -60 5.871311305561164
    endloop
  endfacet
  facet normal -0.36812455268467437 0 0.9297764858882529
    outer loop
      vertex 33.55623058987491 -61.1 5.788098270668724
      vertex 33.766402724817134 -60 5.871311305561164
      vertex 33.55623058987491 -60 5.788098270668724
    endloop
  endfacet
  facet normal -0.48175367410171677 0 0.8763066800438627
    outer loop
      vertex 33.766402724817134 -61.1 5.871311305561164
      vertex 33.964488230962196 -61.1 5.9802097340963725
      vertex 33.964488230962196 -60 5.9802097340963725
    endloop
  endfacet
  facet normal -0.5877852522924849 0 0.8090169943749389
    outer loop
      vertex 33.964488230962196 -61.1 5.9802097340963725
      vertex 34.14736318154764 -61.1 6.11307616300358
      vertex 34.14736318154764 -60 6.11307616300358
    endloop
  endfacet
  facet normal -0.48175367410171677 0 0.8763066800438627
    outer loop
      vertex 33.766402724817134 -61.1 5.871311305561164
      vertex 33.964488230962196 -60 5.9802097340963725
      vertex 33.766402724817134 -60 5.871311305561164
    endloop
  endfacet
  facet normal -0.5877852522924849 0 0.8090169943749389
    outer loop
      vertex 33.964488230962196 -61.1 5.9802097340963725
      vertex 34.14736318154764 -60 6.11307616300358
      vertex 33.964488230962196 -60 5.9802097340963725
    endloop
  endfacet
  facet normal -0.6845471059286773 0 0.7289686274214222
    outer loop
      vertex 34.14736318154764 -61.1 6.11307616300358
      vertex 34.31214352935854 -61.1 6.267815209328361
      vertex 34.31214352935854 -60 6.267815209328361
    endloop
  endfacet
  facet normal -0.6845471059286773 0 0.7289686274214222
    outer loop
      vertex 34.14736318154764 -61.1 6.11307616300358
      vertex 34.31214352935854 -60 6.267815209328361
      vertex 34.14736318154764 -60 6.11307616300358
    endloop
  endfacet
  facet normal -0.7705132427757933 0 0.6374239897486849
    outer loop
      vertex 34.31214352935854 -61.1 6.267815209328361
      vertex 34.456230589874906 -60 6.441986545873548
      vertex 34.31214352935854 -60 6.267815209328361
    endloop
  endfacet
  facet normal -0.7705132427757933 0 0.6374239897486849
    outer loop
      vertex 34.31214352935854 -61.1 6.267815209328361
      vertex 34.456230589874906 -61.1 6.441986545873548
      vertex 34.456230589874906 -60 6.441986545873548
    endloop
  endfacet
  facet normal -0.8443279255020146 0 0.5358267949789973
    outer loop
      vertex 34.456230589874906 -61.1 6.441986545873548
      vertex 34.577352024078955 -60 6.632843386616912
      vertex 34.456230589874906 -60 6.441986545873548
    endloop
  endfacet
  facet normal 0.9048270524660212 0 0.4257792915650691
    outer loop
      vertex 31.422647975921045 -61.1 6.632843386616912
      vertex 31.422647975921045 -60 6.632843386616912
      vertex 31.326402325401148 -61.1 6.8373758051675795
    endloop
  endfacet
  facet normal 0.8443279255020146 0 0.5358267949789973
    outer loop
      vertex 31.422647975921045 -61.1 6.632843386616912
      vertex 31.543769410125094 -60 6.441986545873548
      vertex 31.422647975921045 -60 6.632843386616912
    endloop
  endfacet
  facet normal 0.9048270524660212 0 0.4257792915650691
    outer loop
      vertex 31.326402325401148 -61.1 6.8373758051675795
      vertex 31.422647975921045 -60 6.632843386616912
      vertex 31.326402325401148 -60 6.8373758051675795
    endloop
  endfacet
  facet normal 0.9510565162951534 0 0.3090169943749478
    outer loop
      vertex 31.326402325401148 -61.1 6.8373758051675795
      vertex 31.326402325401148 -60 6.8373758051675795
      vertex 31.256550309968464 -61.1 7.052358203103261
    endloop
  endfacet
  facet normal 0.9510565162951534 0 0.3090169943749478
    outer loop
      vertex 31.256550309968464 -61.1 7.052358203103261
      vertex 31.326402325401148 -60 6.8373758051675795
      vertex 31.256550309968464 -60 7.052358203103261
    endloop
  endfacet
  facet normal 0.9822872507286879 0 0.1873813145857287
    outer loop
      vertex 31.256550309968464 -61.1 7.052358203103261
      vertex 31.256550309968464 -60 7.052358203103261
      vertex 31.21419353763394 -61.1 7.274400179584252
    endloop
  endfacet
  facet normal 0.9822872507286879 0 0.1873813145857287
    outer loop
      vertex 31.21419353763394 -61.1 7.274400179584252
      vertex 31.256550309968464 -60 7.052358203103261
      vertex 31.21419353763394 -60 7.274400179584252
    endloop
  endfacet
  facet normal 0.9980267284282717 0 0.06279051952931253
    outer loop
      vertex 31.21419353763394 -61.1 7.274400179584252
      vertex 31.21419353763394 -60 7.274400179584252
      vertex 31.2 -61.1 7.5
    endloop
  endfacet
  facet normal 0.9980267284282717 0 0.06279051952931253
    outer loop
      vertex 31.2 -61.1 7.5
      vertex 31.21419353763394 -60 7.274400179584252
      vertex 31.2 -60 7.5
    endloop
  endfacet
  facet normal -0.8443279255020146 0 0.5358267949789973
    outer loop
      vertex 34.456230589874906 -61.1 6.441986545873548
      vertex 34.577352024078955 -61.1 6.632843386616912
      vertex 34.577352024078955 -60 6.632843386616912
    endloop
  endfacet
  facet normal -0.9048270524660205 0 0.4257792915650706
    outer loop
      vertex 34.577352024078955 -61.1 6.632843386616912
      vertex 34.67359767459885 -61.1 6.837375805167579
      vertex 34.67359767459885 -60 6.837375805167579
    endloop
  endfacet
  facet normal -0.9048270524660205 0 0.4257792915650706
    outer loop
      vertex 34.577352024078955 -61.1 6.632843386616912
      vertex 34.67359767459885 -60 6.837375805167579
      vertex 34.577352024078955 -60 6.632843386616912
    endloop
  endfacet
  facet normal -0.9510565162951496 0 0.3090169943749597
    outer loop
      vertex 34.67359767459885 -61.1 6.837375805167579
      vertex 34.74344969003154 -61.1 7.052358203103262
      vertex 34.74344969003154 -60 7.052358203103262
    endloop
  endfacet
  facet normal -0.9510565162951496 0 0.3090169943749597
    outer loop
      vertex 34.67359767459885 -61.1 6.837375805167579
      vertex 34.74344969003154 -60 7.052358203103262
      vertex 34.67359767459885 -60 6.837375805167579
    endloop
  endfacet
  facet normal -0.9822872507286907 0 0.18738131458571428
    outer loop
      vertex 34.74344969003154 -61.1 7.052358203103262
      vertex 34.78580646236606 -61.1 7.274400179584252
      vertex 34.78580646236606 -60 7.274400179584252
    endloop
  endfacet
  facet normal -0.9822872507286907 0 0.18738131458571428
    outer loop
      vertex 34.74344969003154 -61.1 7.052358203103262
      vertex 34.78580646236606 -60 7.274400179584252
      vertex 34.74344969003154 -60 7.052358203103262
    endloop
  endfacet
  facet normal -0.9980267284282727 0 0.06279051952929687
    outer loop
      vertex 34.78580646236606 -61.1 7.274400179584252
      vertex 34.8 -61.1 7.5
      vertex 34.8 -60 7.5
    endloop
  endfacet
  facet normal -0.9980267284282727 0 0.06279051952929687
    outer loop
      vertex 34.78580646236606 -61.1 7.274400179584252
      vertex 34.8 -60 7.5
      vertex 34.78580646236606 -60 7.274400179584252
    endloop
  endfacet
  facet normal 0.9980267284282716 0 -0.06279051952931325
    outer loop
      vertex 31.2 -61.1 7.5
      vertex 31.2 -60 7.5
      vertex 31.201191823770788 -60 7.518943496370788
    endloop
  endfacet
  facet normal 0.982287250728703 0 -0.18738131458564966
    outer loop
      vertex 31.21419353763394 -61.1 7.725599820415748
      vertex 31.21419353763394 -60 7.725599820415748
      vertex 31.217750213173478 -60 7.744244566532472
    endloop
  endfacet
  facet normal 0.9510565162951502 0 -0.30901699437495783
    outer loop
      vertex 31.256550309968464 -61.1 7.947641796896739
      vertex 31.256550309968464 -60 7.947641796896739
      vertex 31.262415746378842 -60 7.965693753975307
    endloop
  endfacet
  facet normal 0.9048270524660376 0 -0.42577929156503436
    outer loop
      vertex 31.326402325401148 -61.1 8.16262419483242
      vertex 31.326402325401148 -60 8.16262419483242
      vertex 31.33448402124633 -60 8.179798672725987
    endloop
  endfacet
  facet normal 0.8443279255020552 0 -0.5358267949789335
    outer loop
      vertex 31.422647975921045 -61.1 8.367156613383088
      vertex 31.422647975921045 -60 8.367156613383088
      vertex 31.43281847802978 -60 8.383182760315737
    endloop
  endfacet
  facet normal -0.9980267284282716 0 -0.06279051952931325
    outer loop
      vertex 34.78580646236606 -61.1 7.725599820415748
      vertex 34.78580646236606 -60 7.725599820415748
      vertex 34.78699828613685 -60 7.7066563240449595
    endloop
  endfacet
  facet normal -0.9822872507286686 0 -0.1873813145858303
    outer loop
      vertex 34.74344969003154 -61.1 7.947641796896739
      vertex 34.74344969003154 -60 7.947641796896739
      vertex 34.74700636557108 -60 7.928997050780015
    endloop
  endfacet
  facet normal -0.9510565162950996 0 -0.30901699437511343
    outer loop
      vertex 34.67359767459885 -61.1 8.16262419483242
      vertex 34.67359767459885 -60 8.16262419483242
      vertex 34.679463111009234 -60 8.14457223775385
    endloop
  endfacet
  facet normal -0.9048270524659655 0 -0.42577929156518757
    outer loop
      vertex 34.577352024078955 -61.1 8.367156613383088
      vertex 34.577352024078955 -60 8.367156613383088
      vertex 34.58543371992414 -60 8.34998213548952
    endloop
  endfacet
  facet normal 0.7705132427757363 0 -0.6374239897487538
    outer loop
      vertex 31.543769410125094 -61.1 8.558013454126451
      vertex 31.543769410125094 -60 8.558013454126451
      vertex 31.55586832360357 -60 8.572638528187497
    endloop
  endfacet
  facet normal 0.6845471059287326 0 -0.7289686274213703
    outer loop
      vertex 31.68785647064146 -61.1 8.732184790671639
      vertex 31.68785647064146 -60 8.732184790671639
      vertex 31.701692988396573 -60 8.745178145706545
    endloop
  endfacet
  facet normal 0.5877852522925157 0 -0.8090169943749166
    outer loop
      vertex 31.85263681845236 -61.1 8.88692383699642
      vertex 31.85263681845236 -60 8.88692383699642
      vertex 31.86799273033358 -60 8.89808056003443
    endloop
  endfacet
  facet normal 0.4817536741016832 0 -0.8763066800438813
    outer loop
      vertex 32.035511769037804 -61.1 9.019790265903627
      vertex 32.035511769037804 -60 9.019790265903627
      vertex 32.05214490314159 -60 9.028934408757728
    endloop
  endfacet
  facet normal 0.3681245526846326 0 -0.9297764858882694
    outer loop
      vertex 32.233597275182866 -61.1 9.128688694438836
      vertex 32.233597275182866 -60 9.128688694438836
      vertex 32.251245317048244 -60 9.135676048513773
    endloop
  endfacet
  facet normal 0.24868988716483395 0 -0.9685831611286365
    outer loop
      vertex 32.44376941012509 -61.1 9.211901729331277
      vertex 32.44376941012509 -60 9.211901729331277
      vertex 32.46215403958942 -60 9.216622099879247
    endloop
  endfacet
  facet normal 0.12533323356429027 0 -0.9921147013144794
    outer loop
      vertex 32.662713633745696 -61.1 9.26811705131164
      vertex 32.662713633745696 -60 9.26811705131164
      vertex 32.68154491421987 -60 9.270495995269286
    endloop
  endfacet
  facet normal 0 0 -1
    outer loop
      vertex 32.88697706484724 -61.1 9.29644811117089
      vertex 32.88697706484724 -60 9.29644811117089
      vertex 32.905958015788926 -60 9.29644811117089
    endloop
  endfacet
  facet normal -0.6845471059285894 0 -0.7289686274215046
    outer loop
      vertex 34.14736318154764 -61.1 8.88692383699642
      vertex 34.14736318154764 -60 8.88692383699642
      vertex 34.161199699302756 -60 8.873930481961516
    endloop
  endfacet
  facet normal -0.8443279255020552 0 -0.5358267949789335
    outer loop
      vertex 34.456230589874906 -61.1 8.558013454126451
      vertex 34.456230589874906 -60 8.558013454126451
      vertex 34.46640109198364 -60 8.541987307193802
    endloop
  endfacet
  facet normal -0.7705132427757363 0 -0.6374239897487538
    outer loop
      vertex 34.31214352935854 -61.1 8.73218479067164
      vertex 34.31214352935854 -60 8.73218479067164
      vertex 34.32424244283702 -60 8.717559716610594
    endloop
  endfacet
  facet normal -0.5877852522924266 0 -0.8090169943749812
    outer loop
      vertex 33.964488230962196 -61.1 9.019790265903627
      vertex 33.964488230962196 -60 9.019790265903627
      vertex 33.97984414284342 -60 9.008633542865617
    endloop
  endfacet
  facet normal -0.4817536741016832 0 -0.8763066800438813
    outer loop
      vertex 33.766402724817134 -61.1 9.128688694438836
      vertex 33.766402724817134 -60 9.128688694438836
      vertex 33.78303585892092 -60 9.119544551584735
    endloop
  endfacet
  facet normal -0.12533323356429027 0 -0.9921147013144794
    outer loop
      vertex 33.11302293515276 -61.1 9.29644811117089
      vertex 33.11302293515276 -60 9.29644811117089
      vertex 33.13185421562694 -60 9.294069167213243
    endloop
  endfacet
  facet normal -0.24868988716483395 0 -0.9685831611286365
    outer loop
      vertex 33.337286366254304 -61.1 9.26811705131164
      vertex 33.337286366254304 -60 9.26811705131164
      vertex 33.35567099571863 -60 9.26339668076367
    endloop
  endfacet
  facet normal -0.3681245526846326 0 -0.9297764858882694
    outer loop
      vertex 33.55623058987491 -61.1 9.211901729331277
      vertex 33.55623058987491 -60 9.211901729331277
      vertex 33.573878631740286 -60 9.20491437525634
    endloop
  endfacet
  facet normal 0.36812455268467437 0 0.9297764858882529
    outer loop
      vertex -33.55623058987491 -61.1 5.788098270668724
      vertex -33.55623058987491 -60 5.788098270668724
      vertex -33.766402724817134 -61.1 5.871311305561164
    endloop
  endfacet
  facet normal 0.36812455268467437 0 0.9297764858882529
    outer loop
      vertex -33.766402724817134 -61.1 5.871311305561164
      vertex -33.55623058987491 -60 5.788098270668724
      vertex -33.766402724817134 -60 5.871311305561164
    endloop
  endfacet
  facet normal 0.12533323356430603 0 0.9921147013144777
    outer loop
      vertex -33.11302293515276 -61.1 5.703551888829111
      vertex -33.11302293515276 -60 5.703551888829111
      vertex -33.337286366254304 -61.1 5.7318829486883605
    endloop
  endfacet
  facet normal 0 0 1
    outer loop
      vertex -33.11302293515276 -61.1 5.703551888829111
      vertex -32.88697706484724 -61.1 5.703551888829111
      vertex -32.88697706484724 -60 5.703551888829111
    endloop
  endfacet
  facet normal 0.24868988716485213 0 0.9685831611286317
    outer loop
      vertex -33.337286366254304 -61.1 5.7318829486883605
      vertex -33.337286366254304 -60 5.7318829486883605
      vertex -33.55623058987491 -61.1 5.788098270668724
    endloop
  endfacet
  facet normal 0.12533323356430603 0 0.9921147013144777
    outer loop
      vertex -33.337286366254304 -61.1 5.7318829486883605
      vertex -33.11302293515276 -60 5.703551888829111
      vertex -33.337286366254304 -60 5.7318829486883605
    endloop
  endfacet
  facet normal 0 0 1
    outer loop
      vertex -33.11302293515276 -61.1 5.703551888829111
      vertex -32.88697706484724 -60 5.703551888829111
      vertex -33.11302293515276 -60 5.703551888829111
    endloop
  endfacet
  facet normal 0.24868988716485213 0 0.9685831611286317
    outer loop
      vertex -33.55623058987491 -61.1 5.788098270668724
      vertex -33.337286366254304 -60 5.7318829486883605
      vertex -33.55623058987491 -60 5.788098270668724
    endloop
  endfacet
  facet normal 0.4817536741017198 0 0.8763066800438611
    outer loop
      vertex -33.766402724817134 -61.1 5.871311305561164
      vertex -33.766402724817134 -60 5.871311305561164
      vertex -33.964488230962196 -61.1 5.980209734096373
    endloop
  endfacet
  facet normal 0.5877852522924798 0 0.8090169943749426
    outer loop
      vertex -33.964488230962196 -61.1 5.980209734096373
      vertex -33.964488230962196 -60 5.980209734096373
      vertex -34.14736318154764 -61.1 6.113076163003579
    endloop
  endfacet
  facet normal 0.4817536741017198 0 0.8763066800438611
    outer loop
      vertex -33.964488230962196 -61.1 5.980209734096373
      vertex -33.766402724817134 -60 5.871311305561164
      vertex -33.964488230962196 -60 5.980209734096373
    endloop
  endfacet
  facet normal 0.5877852522924798 0 0.8090169943749426
    outer loop
      vertex -34.14736318154764 -61.1 6.113076163003579
      vertex -33.964488230962196 -60 5.980209734096373
      vertex -34.14736318154764 -60 6.113076163003579
    endloop
  endfacet
  facet normal 0.6845471059286795 0 0.7289686274214202
    outer loop
      vertex -34.14736318154764 -61.1 6.113076163003579
      vertex -34.14736318154764 -60 6.113076163003579
      vertex -34.31214352935854 -61.1 6.267815209328361
    endloop
  endfacet
  facet normal 0.7705132427757933 0 0.6374239897486849
    outer loop
      vertex -34.456230589874906 -61.1 6.441986545873548
      vertex -34.31214352935854 -61.1 6.267815209328361
      vertex -34.31214352935854 -60 6.267815209328361
    endloop
  endfacet
  facet normal 0.6845471059286795 0 0.7289686274214202
    outer loop
      vertex -34.31214352935854 -61.1 6.267815209328361
      vertex -34.14736318154764 -60 6.113076163003579
      vertex -34.31214352935854 -60 6.267815209328361
    endloop
  endfacet
  facet normal 0.8443279255020146 0 0.5358267949789973
    outer loop
      vertex -34.456230589874906 -61.1 6.441986545873548
      vertex -34.456230589874906 -60 6.441986545873548
      vertex -34.577352024078955 -61.1 6.632843386616912
    endloop
  endfacet
  facet normal 0.7705132427757933 0 0.6374239897486849
    outer loop
      vertex -34.456230589874906 -61.1 6.441986545873548
      vertex -34.31214352935854 -60 6.267815209328361
      vertex -34.456230589874906 -60 6.441986545873548
    endloop
  endfacet
  facet normal -0.12533323356430603 0 0.9921147013144777
    outer loop
      vertex -32.88697706484724 -61.1 5.703551888829111
      vertex -32.662713633745696 -61.1 5.7318829486883605
      vertex -32.662713633745696 -60 5.7318829486883605
    endloop
  endfacet
  facet normal -0.24868988716485213 0 0.9685831611286317
    outer loop
      vertex -32.662713633745696 -61.1 5.7318829486883605
      vertex -32.44376941012509 -61.1 5.788098270668724
      vertex -32.44376941012509 -60 5.788098270668724
    endloop
  endfacet
  facet normal -0.36812455268467437 0 0.9297764858882529
    outer loop
      vertex -32.44376941012509 -61.1 5.788098270668724
      vertex -32.233597275182866 -61.1 5.871311305561164
      vertex -32.233597275182866 -60 5.871311305561164
    endloop
  endfacet
  facet normal -0.12533323356430603 0 0.9921147013144777
    outer loop
      vertex -32.88697706484724 -61.1 5.703551888829111
      vertex -32.662713633745696 -60 5.7318829486883605
      vertex -32.88697706484724 -60 5.703551888829111
    endloop
  endfacet
  facet normal -0.24868988716485213 0 0.9685831611286317
    outer loop
      vertex -32.662713633745696 -61.1 5.7318829486883605
      vertex -32.44376941012509 -60 5.788098270668724
      vertex -32.662713633745696 -60 5.7318829486883605
    endloop
  endfacet
  facet normal -0.36812455268467437 0 0.9297764858882529
    outer loop
      vertex -32.44376941012509 -61.1 5.788098270668724
      vertex -32.233597275182866 -60 5.871311305561164
      vertex -32.44376941012509 -60 5.788098270668724
    endloop
  endfacet
  facet normal -0.48175367410171677 0 0.8763066800438627
    outer loop
      vertex -32.233597275182866 -61.1 5.871311305561164
      vertex -32.035511769037804 -61.1 5.9802097340963725
      vertex -32.035511769037804 -60 5.9802097340963725
    endloop
  endfacet
  facet normal -0.5877852522924775 0 0.8090169943749443
    outer loop
      vertex -32.035511769037804 -61.1 5.9802097340963725
      vertex -31.852636818452357 -61.1 6.11307616300358
      vertex -31.852636818452357 -60 6.11307616300358
    endloop
  endfacet
  facet normal -0.48175367410171677 0 0.8763066800438627
    outer loop
      vertex -32.233597275182866 -61.1 5.871311305561164
      vertex -32.035511769037804 -60 5.9802097340963725
      vertex -32.233597275182866 -60 5.871311305561164
    endloop
  endfacet
  facet normal -0.5877852522924775 0 0.8090169943749443
    outer loop
      vertex -32.035511769037804 -61.1 5.9802097340963725
      vertex -31.852636818452357 -60 6.11307616300358
      vertex -32.035511769037804 -60 5.9802097340963725
    endloop
  endfacet
  facet normal -0.684547105928693 0 0.7289686274214073
    outer loop
      vertex -31.852636818452357 -61.1 6.11307616300358
      vertex -31.68785647064146 -61.1 6.267815209328361
      vertex -31.68785647064146 -60 6.267815209328361
    endloop
  endfacet
  facet normal -0.684547105928693 0 0.7289686274214073
    outer loop
      vertex -31.852636818452357 -61.1 6.11307616300358
      vertex -31.68785647064146 -60 6.267815209328361
      vertex -31.852636818452357 -60 6.11307616300358
    endloop
  endfacet
  facet normal -0.7705132427757856 0 0.6374239897486943
    outer loop
      vertex -31.68785647064146 -61.1 6.267815209328361
      vertex -31.543769410125094 -60 6.441986545873548
      vertex -31.68785647064146 -60 6.267815209328361
    endloop
  endfacet
  facet normal -0.7705132427757856 0 0.6374239897486943
    outer loop
      vertex -31.68785647064146 -61.1 6.267815209328361
      vertex -31.543769410125094 -61.1 6.441986545873548
      vertex -31.543769410125094 -60 6.441986545873548
    endloop
  endfacet
  facet normal -0.8443279255020146 0 0.5358267949789973
    outer loop
      vertex -31.543769410125094 -61.1 6.441986545873548
      vertex -31.422647975921045 -60 6.632843386616912
      vertex -31.543769410125094 -60 6.441986545873548
    endloop
  endfacet
  facet normal 0.9048270524660212 0 0.4257792915650691
    outer loop
      vertex -34.577352024078955 -61.1 6.632843386616912
      vertex -34.577352024078955 -60 6.632843386616912
      vertex -34.67359767459885 -61.1 6.8373758051675795
    endloop
  endfacet
  facet normal 0.8443279255020146 0 0.5358267949789973
    outer loop
      vertex -34.577352024078955 -61.1 6.632843386616912
      vertex -34.456230589874906 -60 6.441986545873548
      vertex -34.577352024078955 -60 6.632843386616912
    endloop
  endfacet
  facet normal 0.9048270524660212 0 0.4257792915650691
    outer loop
      vertex -34.67359767459885 -61.1 6.8373758051675795
      vertex -34.577352024078955 -60 6.632843386616912
      vertex -34.67359767459885 -60 6.8373758051675795
    endloop
  endfacet
  facet normal 0.9510565162951488 0 0.309016994374962
    outer loop
      vertex -34.67359767459885 -61.1 6.8373758051675795
      vertex -34.67359767459885 -60 6.8373758051675795
      vertex -34.74344969003154 -61.1 7.052358203103261
    endloop
  endfacet
  facet normal 0.9510565162951488 0 0.309016994374962
    outer loop
      vertex -34.74344969003154 -61.1 7.052358203103261
      vertex -34.67359767459885 -60 6.8373758051675795
      vertex -34.74344969003154 -60 7.052358203103261
    endloop
  endfacet
  facet normal 0.9822872507286907 0 0.18738131458571353
    outer loop
      vertex -34.74344969003154 -61.1 7.052358203103261
      vertex -34.74344969003154 -60 7.052358203103261
      vertex -34.78580646236606 -61.1 7.274400179584252
    endloop
  endfacet
  facet normal 0.9822872507286907 0 0.18738131458571353
    outer loop
      vertex -34.78580646236606 -61.1 7.274400179584252
      vertex -34.74344969003154 -60 7.052358203103261
      vertex -34.78580646236606 -60 7.274400179584252
    endloop
  endfacet
  facet normal 0.9980267284282727 0 0.06279051952929687
    outer loop
      vertex -34.78580646236606 -61.1 7.274400179584252
      vertex -34.78580646236606 -60 7.274400179584252
      vertex -34.8 -61.1 7.5
    endloop
  endfacet
  facet normal 0.9980267284282727 0 0.06279051952929687
    outer loop
      vertex -34.8 -61.1 7.5
      vertex -34.78580646236606 -60 7.274400179584252
      vertex -34.8 -60 7.5
    endloop
  endfacet
  facet normal -0.8443279255020146 0 0.5358267949789973
    outer loop
      vertex -31.543769410125094 -61.1 6.441986545873548
      vertex -31.422647975921045 -61.1 6.632843386616912
      vertex -31.422647975921045 -60 6.632843386616912
    endloop
  endfacet
  facet normal -0.9048270524660205 0 0.4257792915650706
    outer loop
      vertex -31.422647975921045 -61.1 6.632843386616912
      vertex -31.326402325401148 -61.1 6.837375805167579
      vertex -31.326402325401148 -60 6.837375805167579
    endloop
  endfacet
  facet normal -0.9048270524660205 0 0.4257792915650706
    outer loop
      vertex -31.422647975921045 -61.1 6.632843386616912
      vertex -31.326402325401148 -60 6.837375805167579
      vertex -31.422647975921045 -60 6.632843386616912
    endloop
  endfacet
  facet normal -0.9510565162951542 0 0.3090169943749455
    outer loop
      vertex -31.326402325401148 -61.1 6.837375805167579
      vertex -31.256550309968464 -61.1 7.052358203103262
      vertex -31.256550309968464 -60 7.052358203103262
    endloop
  endfacet
  facet normal -0.9510565162951542 0 0.3090169943749455
    outer loop
      vertex -31.326402325401148 -61.1 6.837375805167579
      vertex -31.256550309968464 -60 7.052358203103262
      vertex -31.326402325401148 -60 6.837375805167579
    endloop
  endfacet
  facet normal -0.9822872507286878 0 0.18738131458572943
    outer loop
      vertex -31.256550309968464 -61.1 7.052358203103262
      vertex -31.21419353763394 -61.1 7.274400179584252
      vertex -31.21419353763394 -60 7.274400179584252
    endloop
  endfacet
  facet normal -0.9822872507286878 0 0.18738131458572943
    outer loop
      vertex -31.256550309968464 -61.1 7.052358203103262
      vertex -31.21419353763394 -60 7.274400179584252
      vertex -31.256550309968464 -60 7.052358203103262
    endloop
  endfacet
  facet normal -0.9980267284282717 0 0.06279051952931253
    outer loop
      vertex -31.21419353763394 -61.1 7.274400179584252
      vertex -31.2 -61.1 7.5
      vertex -31.2 -60 7.5
    endloop
  endfacet
  facet normal -0.9980267284282717 0 0.06279051952931253
    outer loop
      vertex -31.21419353763394 -61.1 7.274400179584252
      vertex -31.2 -60 7.5
      vertex -31.21419353763394 -60 7.274400179584252
    endloop
  endfacet
  facet normal 0.9980267284282716 0 -0.06279051952931325
    outer loop
      vertex -34.8 -61.1 7.5
      vertex -34.8 -60 7.5
      vertex -34.79880817622921 -60 7.518943496370788
    endloop
  endfacet
  facet normal 0.9822872507286686 0 -0.1873813145858303
    outer loop
      vertex -34.78580646236606 -61.1 7.725599820415748
      vertex -34.78580646236606 -60 7.725599820415748
      vertex -34.78224978682652 -60 7.744244566532472
    endloop
  endfacet
  facet normal 0.9510565162950952 0 -0.3090169943751272
    outer loop
      vertex -34.74344969003154 -61.1 7.947641796896739
      vertex -34.74344969003154 -60 7.947641796896739
      vertex -34.73758425362116 -60 7.965693753975307
    endloop
  endfacet
  facet normal 0.9048270524659655 0 -0.42577929156518757
    outer loop
      vertex -34.67359767459885 -61.1 8.16262419483242
      vertex -34.67359767459885 -60 8.16262419483242
      vertex -34.66551597875367 -60 8.179798672725987
    endloop
  endfacet
  facet normal 0.8443279255020552 0 -0.5358267949789335
    outer loop
      vertex -34.577352024078955 -61.1 8.367156613383088
      vertex -34.577352024078955 -60 8.367156613383088
      vertex -34.56718152197022 -60 8.383182760315737
    endloop
  endfacet
  facet normal -0.9980267284282716 0 -0.06279051952931325
    outer loop
      vertex -31.21419353763394 -61.1 7.725599820415748
      vertex -31.21419353763394 -60 7.725599820415748
      vertex -31.21300171386315 -60 7.7066563240449595
    endloop
  endfacet
  facet normal -0.982287250728703 0 -0.18738131458564966
    outer loop
      vertex -31.256550309968464 -61.1 7.947641796896739
      vertex -31.256550309968464 -60 7.947641796896739
      vertex -31.252993634428925 -60 7.928997050780015
    endloop
  endfacet
  facet normal -0.9510565162951545 0 -0.3090169943749441
    outer loop
      vertex -31.326402325401148 -61.1 8.16262419483242
      vertex -31.326402325401148 -60 8.16262419483242
      vertex -31.32053688899077 -60 8.14457223775385
    endloop
  endfacet
  facet normal -0.9048270524660376 0 -0.42577929156503436
    outer loop
      vertex -31.422647975921045 -61.1 8.367156613383088
      vertex -31.422647975921045 -60 8.367156613383088
      vertex -31.414566280075864 -60 8.34998213548952
    endloop
  endfacet
  facet normal 0.7705132427757363 0 -0.6374239897487538
    outer loop
      vertex -34.456230589874906 -61.1 8.558013454126451
      vertex -34.456230589874906 -60 8.558013454126451
      vertex -34.44413167639643 -60 8.572638528187497
    endloop
  endfacet
  facet normal 0.6845471059286391 0 -0.728968627421458
    outer loop
      vertex -34.31214352935854 -61.1 8.732184790671639
      vertex -34.31214352935854 -60 8.732184790671639
      vertex -34.29830701160343 -60 8.745178145706545
    endloop
  endfacet
  facet normal 0.5877852522924266 0 -0.8090169943749812
    outer loop
      vertex -34.14736318154764 -61.1 8.88692383699642
      vertex -34.14736318154764 -60 8.88692383699642
      vertex -34.13200726966642 -60 8.89808056003443
    endloop
  endfacet
  facet normal 0.4817536741016832 0 -0.8763066800438813
    outer loop
      vertex -33.964488230962196 -61.1 9.019790265903627
      vertex -33.964488230962196 -60 9.019790265903627
      vertex -33.94785509685841 -60 9.028934408757728
    endloop
  endfacet
  facet normal 0.3681245526846326 0 -0.9297764858882694
    outer loop
      vertex -33.766402724817134 -61.1 9.128688694438836
      vertex -33.766402724817134 -60 9.128688694438836
      vertex -33.748754682951756 -60 9.135676048513773
    endloop
  endfacet
  facet normal 0.24868988716483395 0 -0.9685831611286365
    outer loop
      vertex -33.55623058987491 -61.1 9.211901729331277
      vertex -33.55623058987491 -60 9.211901729331277
      vertex -33.53784596041058 -60 9.216622099879247
    endloop
  endfacet
  facet normal 0.12533323356429027 0 -0.9921147013144794
    outer loop
      vertex -33.337286366254304 -61.1 9.26811705131164
      vertex -33.337286366254304 -60 9.26811705131164
      vertex -33.31845508578013 -60 9.270495995269286
    endloop
  endfacet
  facet normal 0 0 -1
    outer loop
      vertex -33.11302293515276 -61.1 9.29644811117089
      vertex -33.11302293515276 -60 9.29644811117089
      vertex -33.094041984211074 -60 9.29644811117089
    endloop
  endfacet
  facet normal -0.7705132427757363 0 -0.6374239897487538
    outer loop
      vertex -31.68785647064146 -61.1 8.73218479067164
      vertex -31.68785647064146 -60 8.73218479067164
      vertex -31.675757557162985 -60 8.717559716610594
    endloop
  endfacet
  facet normal -0.6845471059286828 0 -0.728968627421417
    outer loop
      vertex -31.852636818452357 -61.1 8.88692383699642
      vertex -31.852636818452357 -60 8.88692383699642
      vertex -31.838800300697244 -60 8.873930481961516
    endloop
  endfacet
  facet normal -0.8443279255020552 0 -0.5358267949789335
    outer loop
      vertex -31.543769410125094 -61.1 8.558013454126451
      vertex -31.543769410125094 -60 8.558013454126451
      vertex -31.53359890801636 -60 8.541987307193802
    endloop
  endfacet
  facet normal -0.5877852522924266 0 -0.8090169943749812
    outer loop
      vertex -32.035511769037804 -61.1 9.019790265903627
      vertex -32.035511769037804 -60 9.019790265903627
      vertex -32.02015585715658 -60 9.008633542865617
    endloop
  endfacet
  facet normal -0.4817536741016832 0 -0.8763066800438813
    outer loop
      vertex -32.233597275182866 -61.1 9.128688694438836
      vertex -32.233597275182866 -60 9.128688694438836
      vertex -32.21696414107908 -60 9.119544551584735
    endloop
  endfacet
  facet normal -0.3681245526846326 0 -0.9297764858882694
    outer loop
      vertex -32.44376941012509 -61.1 9.211901729331277
      vertex -32.44376941012509 -60 9.211901729331277
      vertex -32.426121368259714 -60 9.20491437525634
    endloop
  endfacet
  facet normal -0.12533323356429027 0 -0.9921147013144794
    outer loop
      vertex -32.88697706484724 -61.1 9.29644811117089
      vertex -32.88697706484724 -60 9.29644811117089
      vertex -32.86814578437306 -60 9.294069167213243
    endloop
  endfacet
  facet normal -0.24868988716483395 0 -0.9685831611286365
    outer loop
      vertex -32.662713633745696 -61.1 9.26811705131164
      vertex -32.662713633745696 -60 9.26811705131164
      vertex -32.64432900428137 -60 9.26339668076367
    endloop
  endfacet
endsolid OpenSCAD_Model
