solid OpenSCAD_Model
  facet normal 0 -1 0
    outer loop
      vertex -40.5 -61.5 0
      vertex -40.475 -61.5 1.5
      vertex -40.5 -61.5 1.5
    endloop
  endfacet
  facet normal 0 -1 0
    outer loop
      vertex -40.5 -61.5 0
      vertex -39.15 -61.5 1.5
      vertex -40.475 -61.5 1.5
    endloop
  endfacet
  facet normal 0 0 -1
    outer loop
      vertex -40.5 -61.5 0
      vertex -40.5 -60 0
      vertex 39.51219512195122 60 0
    endloop
  endfacet
  facet normal 0 0 1
    outer loop
      vertex -39 -60 1.5
      vertex 39 -60 1.5
      vertex -39 60 1.5
    endloop
  endfacet
  facet normal 0 0 -1
    outer loop
      vertex -40.5 -60 0
      vertex -40.5 60 0
      vertex 39.51219512195122 60 0
    endloop
  endfacet
  facet normal 0 0 -1
    outer loop
      vertex -40.5 60 0
      vertex -40.5 61.5 0
      vertex 39.51219512195122 60 0
    endloop
  endfacet
  facet normal 0 1 0
    outer loop
      vertex -40.5 61.5 0
      vertex -40.5 61.5 1.5
      vertex 40.5 61.5 0
    endloop
  endfacet
  facet normal 0 0 -1
    outer loop
      vertex -40.5 -61.5 0
      vertex 40.5 -60 0
      vertex 40.5 -61.5 0
    endloop
  endfacet
  facet normal 0 0 -1
    outer loop
      vertex -40.5 -61.5 0
      vertex 39.51219512195122 60 0
      vertex 40.5 -60 0
    endloop
  endfacet
  facet normal 0 0 1
    outer loop
      vertex -39 60 1.5
      vertex 39 -60 1.5
      vertex 39 60 1.5
    endloop
  endfacet
  facet normal 0 0 -1
    outer loop
      vertex -40.5 61.5 0
      vertex 40.5 61.5 0
      vertex 39.51219512195122 60 0
    endloop
  endfacet
  facet normal 0 1 0
    outer loop
      vertex -40.5 61.5 1.5
      vertex 39.15 61.5 1.5
      vertex 40.5 61.5 0
    endloop
  endfacet
  facet normal 0 0 -1
    outer loop
      vertex 40.5 -60 0
      vertex 39.51219512195122 60 0
      vertex 40.5 60 0
    endloop
  endfacet
  facet normal -1 0 0
    outer loop
      vertex -40.5 60 0
      vertex -40.5 61.5 1.5
      vertex -40.5 61.5 0
    endloop
  endfacet
  facet normal -1 0 0
    outer loop
      vertex -40.5 60 0
      vertex -40.5 61.5 90
      vertex -40.5 61.5 1.5
    endloop
  endfacet
  facet normal 0 1 0
    outer loop
      vertex -40.5 61.5 1.5
      vertex -40.5 61.5 90
      vertex 39.15 61.5 1.5
    endloop
  endfacet
  facet normal 0 -1 0
    outer loop
      vertex -39 60 1.5
      vertex 39 60 1.5
      vertex -39 60 90
    endloop
  endfacet
  facet normal -1 0 0
    outer loop
      vertex -40.5 60 0
      vertex -40.5 60 90
      vertex -40.5 61.5 90
    endloop
  endfacet
  facet normal 0 0 1
    outer loop
      vertex -40.5 60 90
      vertex -39 60 90
      vertex -40.5 61.5 90
    endloop
  endfacet
  facet normal 0 0 1
    outer loop
      vertex -40.5 61.5 90
      vertex -39 60 90
      vertex 39 60 90
    endloop
  endfacet
  facet normal 0 0 -1
    outer loop
      vertex 39.51219512195122 60 0
      vertex 40.5 61.5 0
      vertex 40.5 60 0
    endloop
  endfacet
  facet normal 1 0 0
    outer loop
      vertex 40.5 60 0
      vertex 40.5 61.5 0
      vertex 40.5 60 90
    endloop
  endfacet
  facet normal 0 1 0
    outer loop
      vertex 39.15 61.5 1.5
      vertex 40.5 61.5 90
      vertex 40.5 61.5 0
    endloop
  endfacet
  facet normal 0 -1 0
    outer loop
      vertex -39 60 90
      vertex 39 60 1.5
      vertex 39 60 90
    endloop
  endfacet
  facet normal 0 1 0
    outer loop
      vertex -40.5 61.5 90
      vertex 40.5 61.5 90
      vertex 39.15 61.5 1.5
    endloop
  endfacet
  facet normal 0 0 1
    outer loop
      vertex -40.5 61.5 90
      vertex 39 60 90
      vertex 40.5 60 90
    endloop
  endfacet
  facet normal 0 0 1
    outer loop
      vertex -40.5 61.5 90
      vertex 40.5 60 90
      vertex 40.5 61.5 90
    endloop
  endfacet
  facet normal 1 0 0
    outer loop
      vertex 40.5 61.5 0
      vertex 40.5 61.5 90
      vertex 40.5 60 90
    endloop
  endfacet
  facet normal 0 -1 0
    outer loop
      vertex -39.15 -61.5 1.5
      vertex -33.67333176669067 -61.5 5.427697906598982
      vertex -33.927750666883895 -61.5 5.52842947515299
    endloop
  endfacet
  facet normal 0 -1 0
    outer loop
      vertex -39.15 -61.5 1.5
      vertex -34.762805450901205 -61.5 6.219246871320611
      vertex -34.90942613441137 -61.5 6.450284099588894
    endloop
  endfacet
  facet normal 0 -1 0
    outer loop
      vertex -39.15 -61.5 1.5
      vertex -34.90942613441137 -61.5 6.450284099588894
      vertex -35.02593402714598 -61.5 6.697875974676544
    endloop
  endfacet
  facet normal 0 -1 0
    outer loop
      vertex -39.15 -61.5 1.5
      vertex -34.58838427238139 -61.5 6.008407884976437
      vertex -34.762805450901205 -61.5 6.219246871320611
    endloop
  endfacet
  facet normal 0 -1 0
    outer loop
      vertex -39.15 -61.5 1.5
      vertex -35.02593402714598 -61.5 6.697875974676544
      vertex -35.11049173003818 -61.5 6.958117824809211
    endloop
  endfacet
  facet normal 0 -1 0
    outer loop
      vertex -39.15 -61.5 1.5
      vertex -35.11049173003818 -61.5 6.958117824809211
      vertex -35.16176571760102 -61.5 7.226905480549358
    endloop
  endfacet
  facet normal 0 -1 0
    outer loop
      vertex -39.15 -61.5 1.5
      vertex -35.16176571760102 -61.5 7.226905480549358
      vertex -35.17894736842105 -61.5 7.5
    endloop
  endfacet
  facet normal 0 1 0
    outer loop
      vertex -39 -60 1.5
      vertex -34.67359767459885 -60 6.8373758051675795
      vertex -34.577352024078955 -60 6.632843386616912
    endloop
  endfacet
  facet normal 0 1 0
    outer loop
      vertex -39 -60 1.5
      vertex -34.74344969003154 -60 7.052358203103261
      vertex -34.67359767459885 -60 6.8373758051675795
    endloop
  endfacet
  facet normal 0 1 0
    outer loop
      vertex -39 -60 1.5
      vertex -34.78580646236606 -60 7.274400179584252
      vertex -34.74344969003154 -60 7.052358203103261
    endloop
  endfacet
  facet normal 0 1 0
    outer loop
      vertex -39 -60 1.5
      vertex -34.8 -60 7.5
      vertex -34.78580646236606 -60 7.274400179584252
    endloop
  endfacet
  facet normal 0 -1 0
    outer loop
      vertex -39.15 -61.5 1.5
      vertex -34.38891332503135 -61.5 5.821092197320123
      vertex -34.58838427238139 -61.5 6.008407884976437
    endloop
  endfacet
  facet normal 0 -1 0
    outer loop
      vertex -39.15 -61.5 1.5
      vertex -34.167538384848974 -61.5 5.660253888642979
      vertex -34.38891332503135 -61.5 5.821092197320123
    endloop
  endfacet
  facet normal 0 -1 0
    outer loop
      vertex -39.15 -61.5 1.5
      vertex -33.927750666883895 -61.5 5.52842947515299
      vertex -34.167538384848974 -61.5 5.660253888642979
    endloop
  endfacet
  facet normal 0 1 0
    outer loop
      vertex -39 -60 1.5
      vertex -34.456230589874906 -60 6.441986545873548
      vertex -34.31214352935854 -60 6.267815209328361
    endloop
  endfacet
  facet normal 0 1 0
    outer loop
      vertex -39 -60 1.5
      vertex -34.577352024078955 -60 6.632843386616912
      vertex -34.456230589874906 -60 6.441986545873548
    endloop
  endfacet
  facet normal 0 1 0
    outer loop
      vertex -39 -60 1.5
      vertex -34.31214352935854 -60 6.267815209328361
      vertex -34.14736318154764 -60 6.113076163003579
    endloop
  endfacet
  facet normal 0 1 0
    outer loop
      vertex -39 -60 1.5
      vertex -34.14736318154764 -60 6.113076163003579
      vertex -33.964488230962196 -60 5.980209734096373
    endloop
  endfacet
  facet normal 0 1 0
    outer loop
      vertex -39 -60 1.5
      vertex -33.766402724817134 -60 5.871311305561164
      vertex -33.55623058987491 -60 5.788098270668724
    endloop
  endfacet
  facet normal 0 1 0
    outer loop
      vertex -39 -60 1.5
      vertex -33.964488230962196 -60 5.980209734096373
      vertex -33.766402724817134 -60 5.871311305561164
    endloop
  endfacet
  facet normal 0 -1 0
    outer loop
      vertex -39.15 -61.5 1.5
      vertex -33.40829402230784 -61.5 5.359647779991175
      vertex -33.67333176669067 -61.5 5.427697906598982
    endloop
  endfacet
  facet normal 0 -1 0
    outer loop
      vertex -39.15 -61.5 1.5
      vertex -33.13681723729019 -61.5 5.3253522864773455
      vertex -33.40829402230784 -61.5 5.359647779991175
    endloop
  endfacet
  facet normal 0 -1 0
    outer loop
      vertex -39.15 -61.5 1.5
      vertex -32.86318276270981 -61.5 5.3253522864773455
      vertex -33.13681723729019 -61.5 5.3253522864773455
    endloop
  endfacet
  facet normal 0 -1 0
    outer loop
      vertex -39.15 -61.5 1.5
      vertex -32.59170597769216 -61.5 5.359647779991175
      vertex -32.86318276270981 -61.5 5.3253522864773455
    endloop
  endfacet
  facet normal 0 -1 0
    outer loop
      vertex -39.15 -61.5 1.5
      vertex -32.32666823330933 -61.5 5.427697906598982
      vertex -32.59170597769216 -61.5 5.359647779991175
    endloop
  endfacet
  facet normal 0 -1 0
    outer loop
      vertex -39.15 -61.5 1.5
      vertex -32.072249333116105 -61.5 5.52842947515299
      vertex -32.32666823330933 -61.5 5.427697906598982
    endloop
  endfacet
  facet normal 0 1 0
    outer loop
      vertex -39 -60 1.5
      vertex -33.55623058987491 -60 5.788098270668724
      vertex -33.337286366254304 -60 5.7318829486883605
    endloop
  endfacet
  facet normal 0 1 0
    outer loop
      vertex -39 -60 1.5
      vertex -33.337286366254304 -60 5.7318829486883605
      vertex -33.11302293515276 -60 5.703551888829111
    endloop
  endfacet
  facet normal 0 -1 0
    outer loop
      vertex -39.15 -61.5 1.5
      vertex -31.83246161515103 -61.5 5.660253888642978
      vertex -32.072249333116105 -61.5 5.52842947515299
    endloop
  endfacet
  facet normal -1 0 0
    outer loop
      vertex -40.5 -61.5 0
      vertex -40.5 -61.5 1.5
      vertex -40.5 -60 90
    endloop
  endfacet
  facet normal -1 0 0
    outer loop
      vertex -40.5 -61.5 0
      vertex -40.5 -60 90
      vertex -40.5 -60 0
    endloop
  endfacet
  facet normal 0 -1 0
    outer loop
      vertex -40.475 -61.5 1.5
      vertex -39.15 -61.5 1.5
      vertex -39 -61.5 90
    endloop
  endfacet
  facet normal 0 -1 0
    outer loop
      vertex -39.15 -61.5 1.5
      vertex -35.17894736842105 -61.5 7.5
      vertex -39 -61.5 90
    endloop
  endfacet
  facet normal 0 1 0
    outer loop
      vertex -39 -60 1.5
      vertex -39 -60 90
      vertex -34.8 -60 7.5
    endloop
  endfacet
  facet normal 0 -1 0
    outer loop
      vertex -34.58838427238139 -61.5 8.991592115023563
      vertex -34.762805450901205 -61.5 81.2192468713206
      vertex -34.762805450901205 -61.5 8.780753128679388
    endloop
  endfacet
  facet normal 0 -1 0
    outer loop
      vertex -34.38891332503135 -61.5 9.178907802679877
      vertex -34.58838427238139 -61.5 81.00840788497644
      vertex -34.58838427238139 -61.5 8.991592115023563
    endloop
  endfacet
  facet normal 0 -1 0
    outer loop
      vertex -34.167538384848974 -61.5 9.339746111357021
      vertex -34.38891332503135 -61.5 80.82109219732013
      vertex -34.38891332503135 -61.5 9.178907802679877
    endloop
  endfacet
  facet normal 0 1 0
    outer loop
      vertex -34.14736318154764 -60 8.88692383699642
      vertex -34.31214352935854 -60 8.732184790671639
      vertex -34.14736318154764 -60 81.11307616300358
    endloop
  endfacet
  facet normal 0 -1 0
    outer loop
      vertex -33.927750666883895 -61.5 9.47157052484701
      vertex -34.167538384848974 -61.5 80.66025388864298
      vertex -34.167538384848974 -61.5 9.339746111357021
    endloop
  endfacet
  facet normal 0 -1 0
    outer loop
      vertex -33.67333176669067 -61.5 9.572302093401019
      vertex -33.927750666883895 -61.5 80.52842947515299
      vertex -33.927750666883895 -61.5 9.47157052484701
    endloop
  endfacet
  facet normal 0 -1 0
    outer loop
      vertex -33.40829402230784 -61.5 9.640352220008825
      vertex -33.67333176669067 -61.5 80.42769790659898
      vertex -33.67333176669067 -61.5 9.572302093401019
    endloop
  endfacet
  facet normal 0 1 0
    outer loop
      vertex -33.964488230962196 -60 9.019790265903627
      vertex -34.14736318154764 -60 8.88692383699642
      vertex -33.964488230962196 -60 80.98020973409638
    endloop
  endfacet
  facet normal 0 1 0
    outer loop
      vertex -33.766402724817134 -60 9.128688694438836
      vertex -33.964488230962196 -60 9.019790265903627
      vertex -33.766402724817134 -60 80.87131130556116
    endloop
  endfacet
  facet normal 0 1 0
    outer loop
      vertex -33.55623058987491 -60 9.211901729331277
      vertex -33.766402724817134 -60 9.128688694438836
      vertex -33.55623058987491 -60 80.78809827066873
    endloop
  endfacet
  facet normal 0 -1 0
    outer loop
      vertex -33.13681723729019 -61.5 9.674647713522655
      vertex -33.40829402230784 -61.5 80.35964777999118
      vertex -33.40829402230784 -61.5 9.640352220008825
    endloop
  endfacet
  facet normal 0 -1 0
    outer loop
      vertex -33.13681723729019 -61.5 9.674647713522655
      vertex -32.86318276270981 -61.5 9.674647713522655
      vertex -33.13681723729019 -61.5 80.32535228647734
    endloop
  endfacet
  facet normal 0 1 0
    outer loop
      vertex -33.337286366254304 -60 9.26811705131164
      vertex -33.55623058987491 -60 9.211901729331277
      vertex -33.337286366254304 -60 80.73188294868837
    endloop
  endfacet
  facet normal 0 1 0
    outer loop
      vertex -33.11302293515276 -60 9.29644811117089
      vertex -33.337286366254304 -60 9.26811705131164
      vertex -33.11302293515276 -60 80.70355188882911
    endloop
  endfacet
  facet normal 0 -1 0
    outer loop
      vertex -32.86318276270981 -61.5 9.674647713522655
      vertex -32.59170597769216 -61.5 9.640352220008825
      vertex -32.86318276270981 -61.5 80.32535228647734
    endloop
  endfacet
  facet normal 0 -1 0
    outer loop
      vertex -32.59170597769216 -61.5 9.640352220008825
      vertex -32.32666823330933 -61.5 9.572302093401019
      vertex -32.59170597769216 -61.5 80.35964777999118
    endloop
  endfacet
  facet normal 0 -1 0
    outer loop
      vertex -39 -61.5 90
      vertex -35.17894736842105 -61.5 7.5
      vertex -35.16176571760102 -61.5 7.773094519450642
    endloop
  endfacet
  facet normal 0 1 0
    outer loop
      vertex -39 -60 90
      vertex -34.78580646236606 -60 7.725599820415748
      vertex -34.8 -60 7.5
    endloop
  endfacet
  facet normal 0 -1 0
    outer loop
      vertex -39 -61.5 90
      vertex -35.16176571760102 -61.5 7.773094519450642
      vertex -35.11049173003818 -61.5 8.04188217519079
    endloop
  endfacet
  facet normal 0 -1 0
    outer loop
      vertex -39 -61.5 90
      vertex -35.11049173003818 -61.5 8.04188217519079
      vertex -35.02593402714598 -61.5 8.302124025323455
    endloop
  endfacet
  facet normal 0 -1 0
    outer loop
      vertex -39 -61.5 90
      vertex -35.02593402714598 -61.5 8.302124025323455
      vertex -34.90942613441137 -61.5 8.549715900411107
    endloop
  endfacet
  facet normal 0 -1 0
    outer loop
      vertex -39 -61.5 90
      vertex -34.90942613441137 -61.5 8.549715900411107
      vertex -34.762805450901205 -61.5 8.780753128679388
    endloop
  endfacet
  facet normal 0 1 0
    outer loop
      vertex -39 -60 90
      vertex -34.74344969003154 -60 7.947641796896739
      vertex -34.78580646236606 -60 7.725599820415748
    endloop
  endfacet
  facet normal 0 1 0
    outer loop
      vertex -39 -60 90
      vertex -34.67359767459885 -60 8.16262419483242
      vertex -34.74344969003154 -60 7.947641796896739
    endloop
  endfacet
  facet normal 0 1 0
    outer loop
      vertex -39 -60 90
      vertex -34.577352024078955 -60 8.367156613383088
      vertex -34.67359767459885 -60 8.16262419483242
    endloop
  endfacet
  facet normal 0 1 0
    outer loop
      vertex -39 -60 90
      vertex -34.456230589874906 -60 8.558013454126451
      vertex -34.577352024078955 -60 8.367156613383088
    endloop
  endfacet
  facet normal 0 1 0
    outer loop
      vertex -39 -60 90
      vertex -34.31214352935854 -60 8.732184790671639
      vertex -34.456230589874906 -60 8.558013454126451
    endloop
  endfacet
  facet normal 0 -1 0
    outer loop
      vertex -40.5 -61.5 0
      vertex 40.5 -61.5 0
      vertex -39.15 -61.5 1.5
    endloop
  endfacet
  facet normal 0 -1 0
    outer loop
      vertex -39.15 -61.5 1.5
      vertex 31.41161572761861 -61.5 8.991592115023563
      vertex -31.83246161515103 -61.5 5.660253888642978
    endloop
  endfacet
  facet normal 0 1 0
    outer loop
      vertex -39 -60 1.5
      vertex -33.11302293515276 -60 5.703551888829111
      vertex 39 -60 1.5
    endloop
  endfacet
  facet normal 0 -1 0
    outer loop
      vertex -31.83246161515103 -61.5 5.660253888642978
      vertex 31.41161572761861 -61.5 8.991592115023563
      vertex -31.611086674968643 -61.5 5.821092197320124
    endloop
  endfacet
  facet normal 0 -1 0
    outer loop
      vertex -31.611086674968643 -61.5 5.821092197320124
      vertex 31.41161572761861 -61.5 8.991592115023563
      vertex -31.41161572761861 -61.5 6.008407884976437
    endloop
  endfacet
  facet normal 0 1 0
    outer loop
      vertex -31.852636818452357 -60 6.11307616300358
      vertex -31.68785647064146 -60 6.267815209328361
      vertex 31.85263681845236 -60 6.113076163003579
    endloop
  endfacet
  facet normal 0 1 0
    outer loop
      vertex -31.68785647064146 -60 6.267815209328361
      vertex -31.543769410125094 -60 6.441986545873548
      vertex 31.68785647064146 -60 6.267815209328361
    endloop
  endfacet
  facet normal 0 1 0
    outer loop
      vertex -31.543769410125094 -60 6.441986545873548
      vertex -31.422647975921045 -60 6.632843386616912
      vertex 31.543769410125094 -60 6.441986545873548
    endloop
  endfacet
  facet normal 0 1 0
    outer loop
      vertex -31.422647975921045 -60 6.632843386616912
      vertex -31.326402325401148 -60 6.837375805167579
      vertex 31.422647975921045 -60 6.632843386616912
    endloop
  endfacet
  facet normal 0 1 0
    outer loop
      vertex -31.326402325401148 -60 6.837375805167579
      vertex -31.256550309968464 -60 7.052358203103262
      vertex 31.326402325401148 -60 6.8373758051675795
    endloop
  endfacet
  facet normal 0 -1 0
    outer loop
      vertex -31.41161572761861 -61.5 6.008407884976437
      vertex 31.41161572761861 -61.5 8.991592115023563
      vertex -31.2371945490988 -61.5 6.219246871320611
    endloop
  endfacet
  facet normal 0 -1 0
    outer loop
      vertex -31.2371945490988 -61.5 6.219246871320611
      vertex 31.41161572761861 -61.5 8.991592115023563
      vertex -31.090573865588635 -61.5 6.450284099588894
    endloop
  endfacet
  facet normal 0 -1 0
    outer loop
      vertex -31.090573865588635 -61.5 6.450284099588894
      vertex 31.41161572761861 -61.5 8.991592115023563
      vertex -30.97406597285402 -61.5 6.697875974676543
    endloop
  endfacet
  facet normal 0 -1 0
    outer loop
      vertex -30.889508269961826 -61.5 6.958117824809213
      vertex -30.97406597285402 -61.5 6.697875974676543
      vertex 31.41161572761861 -61.5 8.991592115023563
    endloop
  endfacet
  facet normal 0 1 0
    outer loop
      vertex -31.256550309968464 -60 7.052358203103262
      vertex -31.21419353763394 -60 7.274400179584252
      vertex 31.256550309968464 -60 7.052358203103261
    endloop
  endfacet
  facet normal 0 1 0
    outer loop
      vertex -31.21419353763394 -60 7.274400179584252
      vertex -31.2 -60 7.5
      vertex 31.21419353763394 -60 7.274400179584252
    endloop
  endfacet
  facet normal 0 1 0
    outer loop
      vertex -31.2 -60 7.5
      vertex -31.21419353763394 -60 7.725599820415748
      vertex 31.2 -60 7.5
    endloop
  endfacet
  facet normal 0 1 0
    outer loop
      vertex -31.256550309968464 -60 7.947641796896739
      vertex -31.326402325401148 -60 8.16262419483242
      vertex 31.256550309968464 -60 7.947641796896739
    endloop
  endfacet
  facet normal 0 1 0
    outer loop
      vertex -31.326402325401148 -60 8.16262419483242
      vertex -31.422647975921045 -60 8.367156613383088
      vertex 31.326402325401148 -60 8.16262419483242
    endloop
  endfacet
  facet normal 0 1 0
    outer loop
      vertex -31.21419353763394 -60 7.725599820415748
      vertex -31.256550309968464 -60 7.947641796896739
      vertex 31.21419353763394 -60 7.725599820415748
    endloop
  endfacet
  facet normal 0 1 0
    outer loop
      vertex 39 -60 1.5
      vertex -33.11302293515276 -60 5.703551888829111
      vertex -32.88697706484724 -60 5.703551888829111
    endloop
  endfacet
  facet normal 0 1 0
    outer loop
      vertex 39 -60 1.5
      vertex -32.88697706484724 -60 5.703551888829111
      vertex -32.662713633745696 -60 5.7318829486883605
    endloop
  endfacet
  facet normal 0 1 0
    outer loop
      vertex 39 -60 1.5
      vertex -32.662713633745696 -60 5.7318829486883605
      vertex -32.44376941012509 -60 5.788098270668724
    endloop
  endfacet
  facet normal 0 1 0
    outer loop
      vertex 39 -60 1.5
      vertex -32.44376941012509 -60 5.788098270668724
      vertex -32.233597275182866 -60 5.871311305561164
    endloop
  endfacet
  facet normal 0 1 0
    outer loop
      vertex 39 -60 1.5
      vertex -32.233597275182866 -60 5.871311305561164
      vertex -32.035511769037804 -60 5.9802097340963725
    endloop
  endfacet
  facet normal 0 1 0
    outer loop
      vertex 39 -60 1.5
      vertex -32.035511769037804 -60 5.9802097340963725
      vertex -31.852636818452357 -60 6.11307616300358
    endloop
  endfacet
  facet normal 0 -1 0
    outer loop
      vertex -30.83823428239898 -61.5 7.226905480549358
      vertex -30.889508269961826 -61.5 6.958117824809213
      vertex 31.41161572761861 -61.5 8.991592115023563
    endloop
  endfacet
  facet normal 0 -1 0
    outer loop
      vertex -30.83823428239898 -61.5 7.226905480549358
      vertex 31.41161572761861 -61.5 8.991592115023563
      vertex -30.821052631578947 -61.5 7.5
    endloop
  endfacet
  facet normal 0 1 0
    outer loop
      vertex -32.88697706484724 -60 9.29644811117089
      vertex -33.11302293515276 -60 9.29644811117089
      vertex 31.21419353763394 -60 82.27440017958425
    endloop
  endfacet
  facet normal 0 1 0
    outer loop
      vertex -32.662713633745696 -60 9.26811705131164
      vertex -32.88697706484724 -60 9.29644811117089
      vertex 31.256550309968464 -60 82.05235820310327
    endloop
  endfacet
  facet normal 0 -1 0
    outer loop
      vertex -32.32666823330933 -61.5 9.572302093401019
      vertex -32.072249333116105 -61.5 9.47157052484701
      vertex 31.090573865588635 -61.5 81.4502840995889
    endloop
  endfacet
  facet normal 0 -1 0
    outer loop
      vertex -31.832461615151026 -61.5 9.339746111357021
      vertex 31.2371945490988 -61.5 81.2192468713206
      vertex -32.072249333116105 -61.5 9.47157052484701
    endloop
  endfacet
  facet normal 0 1 0
    outer loop
      vertex -32.44376941012509 -60 9.211901729331277
      vertex -32.662713633745696 -60 9.26811705131164
      vertex 31.326402325401148 -60 81.83737580516758
    endloop
  endfacet
  facet normal 0 1 0
    outer loop
      vertex -32.44376941012509 -60 9.211901729331277
      vertex 31.543769410125094 -60 81.44198654587355
      vertex -32.233597275182866 -60 9.128688694438836
    endloop
  endfacet
  facet normal 0 1 0
    outer loop
      vertex 31.543769410125094 -60 81.44198654587355
      vertex -32.035511769037804 -60 9.019790265903627
      vertex -32.233597275182866 -60 9.128688694438836
    endloop
  endfacet
  facet normal 0 -1 0
    outer loop
      vertex 31.832461615151026 -61.5 80.66025388864298
      vertex -31.611086674968643 -61.5 9.178907802679877
      vertex -31.41161572761861 -61.5 8.991592115023563
    endloop
  endfacet
  facet normal 0 -1 0
    outer loop
      vertex 31.832461615151026 -61.5 80.66025388864298
      vertex -31.41161572761861 -61.5 8.991592115023563
      vertex -31.2371945490988 -61.5 8.780753128679388
    endloop
  endfacet
  facet normal 0 -1 0
    outer loop
      vertex 31.832461615151026 -61.5 80.66025388864298
      vertex -31.832461615151026 -61.5 9.339746111357021
      vertex -31.611086674968643 -61.5 9.178907802679877
    endloop
  endfacet
  facet normal 0 1 0
    outer loop
      vertex -31.68785647064146 -60 8.73218479067164
      vertex -31.852636818452357 -60 8.88692383699642
      vertex 31.85263681845236 -60 81.11307616300358
    endloop
  endfacet
  facet normal 0 1 0
    outer loop
      vertex -31.422647975921045 -60 8.367156613383088
      vertex -31.543769410125094 -60 8.558013454126451
      vertex 32.233597275182866 -60 80.87131130556116
    endloop
  endfacet
  facet normal 0 1 0
    outer loop
      vertex -31.543769410125094 -60 8.558013454126451
      vertex -31.68785647064146 -60 8.73218479067164
      vertex 32.035511769037804 -60 80.98020973409638
    endloop
  endfacet
  facet normal 0 1 0
    outer loop
      vertex -31.852636818452357 -60 8.88692383699642
      vertex -32.035511769037804 -60 9.019790265903627
      vertex 31.68785647064146 -60 81.26781520932836
    endloop
  endfacet
  facet normal 0 -1 0
    outer loop
      vertex -30.821052631578947 -61.5 7.5
      vertex 33.13681723729019 -61.5 80.32535228647734
      vertex -30.83823428239898 -61.5 7.773094519450642
    endloop
  endfacet
  facet normal 0 -1 0
    outer loop
      vertex -30.889508269961826 -61.5 8.04188217519079
      vertex 32.59170597769216 -61.5 80.35964777999118
      vertex -30.97406597285402 -61.5 8.302124025323455
    endloop
  endfacet
  facet normal 0 -1 0
    outer loop
      vertex -30.83823428239898 -61.5 7.773094519450642
      vertex 32.86318276270981 -61.5 80.32535228647734
      vertex -30.889508269961826 -61.5 8.04188217519079
    endloop
  endfacet
  facet normal 0 -1 0
    outer loop
      vertex -31.2371945490988 -61.5 8.780753128679388
      vertex -31.090573865588635 -61.5 8.549715900411107
      vertex 32.072249333116105 -61.5 80.52842947515299
    endloop
  endfacet
  facet normal 0 -1 0
    outer loop
      vertex -31.090573865588635 -61.5 8.549715900411107
      vertex -30.97406597285402 -61.5 8.302124025323455
      vertex 32.32666823330933 -61.5 80.42769790659898
    endloop
  endfacet
  facet normal -1 0 0
    outer loop
      vertex -40.5 -61.5 1.5
      vertex -40.5 -61.5 90
      vertex -40.5 -60 90
    endloop
  endfacet
  facet normal 0 -1 0
    outer loop
      vertex -39 -61.5 90
      vertex -34.762805450901205 -61.5 8.780753128679388
      vertex -34.90942613441137 -61.5 81.4502840995889
    endloop
  endfacet
  facet normal 0 1 0
    outer loop
      vertex -39 -60 90
      vertex -34.8 -60 82.5
      vertex -34.31214352935854 -60 8.732184790671639
    endloop
  endfacet
  facet normal 0 -1 0
    outer loop
      vertex -34.762805450901205 -61.5 8.780753128679388
      vertex -34.762805450901205 -61.5 81.2192468713206
      vertex -34.90942613441137 -61.5 81.4502840995889
    endloop
  endfacet
  facet normal 0 -1 0
    outer loop
      vertex -34.167538384848974 -61.5 9.339746111357021
      vertex -34.167538384848974 -61.5 80.66025388864298
      vertex -34.38891332503135 -61.5 80.82109219732013
    endloop
  endfacet
  facet normal 0 -1 0
    outer loop
      vertex -34.58838427238139 -61.5 8.991592115023563
      vertex -34.58838427238139 -61.5 81.00840788497644
      vertex -34.762805450901205 -61.5 81.2192468713206
    endloop
  endfacet
  facet normal 0 -1 0
    outer loop
      vertex -34.38891332503135 -61.5 9.178907802679877
      vertex -34.38891332503135 -61.5 80.82109219732013
      vertex -34.58838427238139 -61.5 81.00840788497644
    endloop
  endfacet
  facet normal 0 1 0
    outer loop
      vertex -34.31214352935854 -60 8.732184790671639
      vertex -34.67359767459885 -60 81.83737580516758
      vertex -34.577352024078955 -60 81.63284338661691
    endloop
  endfacet
  facet normal 0 1 0
    outer loop
      vertex -34.31214352935854 -60 8.732184790671639
      vertex -34.74344969003154 -60 82.05235820310327
      vertex -34.67359767459885 -60 81.83737580516758
    endloop
  endfacet
  facet normal 0 1 0
    outer loop
      vertex -34.31214352935854 -60 8.732184790671639
      vertex -34.577352024078955 -60 81.63284338661691
      vertex -34.456230589874906 -60 81.44198654587355
    endloop
  endfacet
  facet normal 0 1 0
    outer loop
      vertex -34.31214352935854 -60 8.732184790671639
      vertex -34.456230589874906 -60 81.44198654587355
      vertex -34.31214352935854 -60 81.26781520932836
    endloop
  endfacet
  facet normal 0 1 0
    outer loop
      vertex -34.31214352935854 -60 81.26781520932836
      vertex -34.14736318154764 -60 81.11307616300358
      vertex -34.31214352935854 -60 8.732184790671639
    endloop
  endfacet
  facet normal 0 1 0
    outer loop
      vertex -34.31214352935854 -60 8.732184790671639
      vertex -34.78580646236606 -60 82.27440017958425
      vertex -34.74344969003154 -60 82.05235820310327
    endloop
  endfacet
  facet normal 0 1 0
    outer loop
      vertex -34.31214352935854 -60 8.732184790671639
      vertex -34.8 -60 82.5
      vertex -34.78580646236606 -60 82.27440017958425
    endloop
  endfacet
  facet normal 0 -1 0
    outer loop
      vertex -33.927750666883895 -61.5 9.47157052484701
      vertex -33.927750666883895 -61.5 80.52842947515299
      vertex -34.167538384848974 -61.5 80.66025388864298
    endloop
  endfacet
  facet normal 0 -1 0
    outer loop
      vertex -33.67333176669067 -61.5 9.572302093401019
      vertex -33.67333176669067 -61.5 80.42769790659898
      vertex -33.927750666883895 -61.5 80.52842947515299
    endloop
  endfacet
  facet normal 0 1 0
    outer loop
      vertex -33.766402724817134 -60 80.87131130556116
      vertex -33.55623058987491 -60 80.78809827066873
      vertex -33.766402724817134 -60 9.128688694438836
    endloop
  endfacet
  facet normal 0 1 0
    outer loop
      vertex -34.14736318154764 -60 81.11307616300358
      vertex -33.964488230962196 -60 80.98020973409638
      vertex -34.14736318154764 -60 8.88692383699642
    endloop
  endfacet
  facet normal 0 1 0
    outer loop
      vertex -33.964488230962196 -60 80.98020973409638
      vertex -33.766402724817134 -60 80.87131130556116
      vertex -33.964488230962196 -60 9.019790265903627
    endloop
  endfacet
  facet normal 0 -1 0
    outer loop
      vertex -33.40829402230784 -61.5 9.640352220008825
      vertex -33.40829402230784 -61.5 80.35964777999118
      vertex -33.67333176669067 -61.5 80.42769790659898
    endloop
  endfacet
  facet normal 0 -1 0
    outer loop
      vertex -33.13681723729019 -61.5 9.674647713522655
      vertex -33.13681723729019 -61.5 80.32535228647734
      vertex -33.40829402230784 -61.5 80.35964777999118
    endloop
  endfacet
  facet normal 0 -1 0
    outer loop
      vertex -32.86318276270981 -61.5 9.674647713522655
      vertex -32.86318276270981 -61.5 80.32535228647734
      vertex -33.13681723729019 -61.5 80.32535228647734
    endloop
  endfacet
  facet normal 0 1 0
    outer loop
      vertex -33.55623058987491 -60 80.78809827066873
      vertex -33.337286366254304 -60 80.73188294868837
      vertex -33.55623058987491 -60 9.211901729331277
    endloop
  endfacet
  facet normal 0 1 0
    outer loop
      vertex -33.337286366254304 -60 80.73188294868837
      vertex -33.11302293515276 -60 80.70355188882911
      vertex -33.337286366254304 -60 9.26811705131164
    endloop
  endfacet
  facet normal 0 1 0
    outer loop
      vertex -33.11302293515276 -60 9.29644811117089
      vertex -33.11302293515276 -60 80.70355188882911
      vertex -32.88697706484724 -60 80.70355188882911
    endloop
  endfacet
  facet normal 0 -1 0
    outer loop
      vertex -32.59170597769216 -61.5 9.640352220008825
      vertex -32.59170597769216 -61.5 80.35964777999118
      vertex -32.86318276270981 -61.5 80.32535228647734
    endloop
  endfacet
  facet normal 0 -1 0
    outer loop
      vertex -32.32666823330933 -61.5 9.572302093401019
      vertex -32.32666823330933 -61.5 80.42769790659898
      vertex -32.59170597769216 -61.5 80.35964777999118
    endloop
  endfacet
  facet normal 0 1 0
    outer loop
      vertex -33.11302293515276 -60 9.29644811117089
      vertex -32.88697706484724 -60 80.70355188882911
      vertex -32.662713633745696 -60 80.73188294868837
    endloop
  endfacet
  facet normal 0 1 0
    outer loop
      vertex -33.11302293515276 -60 9.29644811117089
      vertex -32.662713633745696 -60 80.73188294868837
      vertex -32.44376941012509 -60 80.78809827066873
    endloop
  endfacet
  facet normal 0 1 0
    outer loop
      vertex -33.11302293515276 -60 9.29644811117089
      vertex -32.44376941012509 -60 80.78809827066873
      vertex -32.233597275182866 -60 80.87131130556116
    endloop
  endfacet
  facet normal 0 1 0
    outer loop
      vertex -33.11302293515276 -60 9.29644811117089
      vertex -32.233597275182866 -60 80.87131130556116
      vertex -32.035511769037804 -60 80.98020973409638
    endloop
  endfacet
  facet normal 0 1 0
    outer loop
      vertex -33.11302293515276 -60 9.29644811117089
      vertex -32.035511769037804 -60 80.98020973409638
      vertex -31.852636818452357 -60 81.11307616300358
    endloop
  endfacet
  facet normal 0 1 0
    outer loop
      vertex -33.11302293515276 -60 9.29644811117089
      vertex -31.852636818452357 -60 81.11307616300358
      vertex -31.68785647064146 -60 81.26781520932836
    endloop
  endfacet
  facet normal 0 0 1
    outer loop
      vertex -40.5 -61.5 90
      vertex -39 -61.5 90
      vertex -40.5 -60 90
    endloop
  endfacet
  facet normal 0 -1 0
    outer loop
      vertex -39 -61.5 90
      vertex -35.11049173003818 -61.5 81.95811782480922
      vertex -35.16176571760102 -61.5 82.22690548054936
    endloop
  endfacet
  facet normal 0 -1 0
    outer loop
      vertex -39 -61.5 90
      vertex -35.16176571760102 -61.5 82.22690548054936
      vertex -35.17894736842105 -61.5 82.5
    endloop
  endfacet
  facet normal 0 -1 0
    outer loop
      vertex -39 -61.5 90
      vertex -34.90942613441137 -61.5 81.4502840995889
      vertex -35.02593402714598 -61.5 81.69787597467655
    endloop
  endfacet
  facet normal 0 -1 0
    outer loop
      vertex -39 -61.5 90
      vertex -35.02593402714598 -61.5 81.69787597467655
      vertex -35.11049173003818 -61.5 81.95811782480922
    endloop
  endfacet
  facet normal 0 -1 0
    outer loop
      vertex -39 -61.5 90
      vertex -35.17894736842105 -61.5 82.5
      vertex -35.16176571760102 -61.5 82.77309451945064
    endloop
  endfacet
  facet normal 0 -1 0
    outer loop
      vertex -39 -61.5 90
      vertex -35.16176571760102 -61.5 82.77309451945064
      vertex -35.11049173003818 -61.5 83.04188217519078
    endloop
  endfacet
  facet normal 0 -1 0
    outer loop
      vertex -39 -61.5 90
      vertex -35.11049173003818 -61.5 83.04188217519078
      vertex -35.02593402714598 -61.5 83.30212402532345
    endloop
  endfacet
  facet normal 0 -1 0
    outer loop
      vertex -39 -61.5 90
      vertex -35.02593402714598 -61.5 83.30212402532345
      vertex -34.90942613441137 -61.5 83.5497159004111
    endloop
  endfacet
  facet normal 0 -1 0
    outer loop
      vertex -39 -61.5 90
      vertex -34.90942613441137 -61.5 83.5497159004111
      vertex -34.762805450901205 -61.5 83.7807531286794
    endloop
  endfacet
  facet normal 0 1 0
    outer loop
      vertex -39 -60 90
      vertex -34.78580646236606 -60 82.72559982041575
      vertex -34.8 -60 82.5
    endloop
  endfacet
  facet normal 0 1 0
    outer loop
      vertex -39 -60 90
      vertex -34.74344969003154 -60 82.94764179689673
      vertex -34.78580646236606 -60 82.72559982041575
    endloop
  endfacet
  facet normal 0 1 0
    outer loop
      vertex -39 -60 90
      vertex -34.67359767459885 -60 83.16262419483242
      vertex -34.74344969003154 -60 82.94764179689673
    endloop
  endfacet
  facet normal 0 1 0
    outer loop
      vertex -39 -60 90
      vertex -34.577352024078955 -60 83.36715661338309
      vertex -34.67359767459885 -60 83.16262419483242
    endloop
  endfacet
  facet normal 0 1 0
    outer loop
      vertex -39 -60 90
      vertex -34.456230589874906 -60 83.55801345412645
      vertex -34.577352024078955 -60 83.36715661338309
    endloop
  endfacet
  facet normal 0 1 0
    outer loop
      vertex -39 -60 90
      vertex -34.31214352935854 -60 83.73218479067164
      vertex -34.456230589874906 -60 83.55801345412645
    endloop
  endfacet
  facet normal 0 -1 0
    outer loop
      vertex -39 -61.5 90
      vertex -34.762805450901205 -61.5 83.7807531286794
      vertex -34.58838427238139 -61.5 83.99159211502356
    endloop
  endfacet
  facet normal 0 -1 0
    outer loop
      vertex -39 -61.5 90
      vertex -34.58838427238139 -61.5 83.99159211502356
      vertex -34.38891332503135 -61.5 84.17890780267987
    endloop
  endfacet
  facet normal 0 -1 0
    outer loop
      vertex -39 -61.5 90
      vertex -34.38891332503135 -61.5 84.17890780267987
      vertex -34.167538384848974 -61.5 84.33974611135702
    endloop
  endfacet
  facet normal 0 -1 0
    outer loop
      vertex -39 -61.5 90
      vertex -34.167538384848974 -61.5 84.33974611135702
      vertex -33.927750666883895 -61.5 84.47157052484701
    endloop
  endfacet
  facet normal 0 -1 0
    outer loop
      vertex -39 -61.5 90
      vertex -33.927750666883895 -61.5 84.47157052484701
      vertex -33.67333176669067 -61.5 84.57230209340102
    endloop
  endfacet
  facet normal 0 1 0
    outer loop
      vertex -39 -60 90
      vertex -34.14736318154764 -60 83.88692383699642
      vertex -34.31214352935854 -60 83.73218479067164
    endloop
  endfacet
  facet normal 0 1 0
    outer loop
      vertex -39 -60 90
      vertex -33.964488230962196 -60 84.01979026590362
      vertex -34.14736318154764 -60 83.88692383699642
    endloop
  endfacet
  facet normal 0 1 0
    outer loop
      vertex -39 -60 90
      vertex -33.766402724817134 -60 84.12868869443884
      vertex -33.964488230962196 -60 84.01979026590362
    endloop
  endfacet
  facet normal 0 1 0
    outer loop
      vertex -39 -60 90
      vertex -33.55623058987491 -60 84.21190172933127
      vertex -33.766402724817134 -60 84.12868869443884
    endloop
  endfacet
  facet normal 0 -1 0
    outer loop
      vertex -39 -61.5 90
      vertex -33.67333176669067 -61.5 84.57230209340102
      vertex -33.40829402230784 -61.5 84.64035222000882
    endloop
  endfacet
  facet normal 0 -1 0
    outer loop
      vertex -39 -61.5 90
      vertex -33.40829402230784 -61.5 84.64035222000882
      vertex -33.13681723729019 -61.5 84.67464771352266
    endloop
  endfacet
  facet normal 0 -1 0
    outer loop
      vertex -39 -61.5 90
      vertex -33.13681723729019 -61.5 84.67464771352266
      vertex -32.86318276270981 -61.5 84.67464771352266
    endloop
  endfacet
  facet normal 0 -1 0
    outer loop
      vertex -39 -61.5 90
      vertex -32.86318276270981 -61.5 84.67464771352266
      vertex -32.59170597769216 -61.5 84.64035222000882
    endloop
  endfacet
  facet normal 0 1 0
    outer loop
      vertex -39 -60 90
      vertex -33.337286366254304 -60 84.26811705131163
      vertex -33.55623058987491 -60 84.21190172933127
    endloop
  endfacet
  facet normal 0 1 0
    outer loop
      vertex -39 -60 90
      vertex -33.11302293515276 -60 84.29644811117089
      vertex -33.337286366254304 -60 84.26811705131163
    endloop
  endfacet
  facet normal 0 1 0
    outer loop
      vertex -39 -60 90
      vertex -32.88697706484724 -60 84.29644811117089
      vertex -33.11302293515276 -60 84.29644811117089
    endloop
  endfacet
  facet normal 0 -1 0
    outer loop
      vertex -39 -61.5 90
      vertex -32.59170597769216 -61.5 84.64035222000882
      vertex -32.32666823330933 -61.5 84.57230209340102
    endloop
  endfacet
  facet normal 0 -1 0
    outer loop
      vertex -39 -61.5 90
      vertex -32.32666823330933 -61.5 84.57230209340102
      vertex -32.072249333116105 -61.5 84.47157052484701
    endloop
  endfacet
  facet normal 0 -1 0
    outer loop
      vertex -39 -61.5 90
      vertex -32.072249333116105 -61.5 84.47157052484701
      vertex -31.832461615151026 -61.5 84.33974611135702
    endloop
  endfacet
  facet normal 0 -1 0
    outer loop
      vertex -39 -61.5 90
      vertex -31.832461615151026 -61.5 84.33974611135702
      vertex -31.611086674968643 -61.5 84.17890780267987
    endloop
  endfacet
  facet normal 0 -1 0
    outer loop
      vertex -32.32666823330933 -61.5 9.572302093401019
      vertex 31.090573865588635 -61.5 81.4502840995889
      vertex -32.32666823330933 -61.5 80.42769790659898
    endloop
  endfacet
  facet normal 0 1 0
    outer loop
      vertex -33.11302293515276 -60 9.29644811117089
      vertex -31.68785647064146 -60 81.26781520932836
      vertex 31.2 -60 82.5
    endloop
  endfacet
  facet normal 0 -1 0
    outer loop
      vertex -32.32666823330933 -61.5 80.42769790659898
      vertex 31.090573865588635 -61.5 81.4502840995889
      vertex -32.072249333116105 -61.5 80.52842947515299
    endloop
  endfacet
  facet normal 0 -1 0
    outer loop
      vertex -32.072249333116105 -61.5 80.52842947515299
      vertex 31.090573865588635 -61.5 81.4502840995889
      vertex -31.83246161515103 -61.5 80.66025388864298
    endloop
  endfacet
  facet normal 0 -1 0
    outer loop
      vertex -31.83246161515103 -61.5 80.66025388864298
      vertex 31.090573865588635 -61.5 81.4502840995889
      vertex -31.611086674968643 -61.5 80.82109219732013
    endloop
  endfacet
  facet normal 0 -1 0
    outer loop
      vertex -31.611086674968643 -61.5 80.82109219732013
      vertex 31.090573865588635 -61.5 81.4502840995889
      vertex -31.41161572761861 -61.5 81.00840788497644
    endloop
  endfacet
  facet normal 0 -1 0
    outer loop
      vertex -31.41161572761861 -61.5 81.00840788497644
      vertex 31.090573865588635 -61.5 81.4502840995889
      vertex -31.2371945490988 -61.5 81.2192468713206
    endloop
  endfacet
  facet normal 0 -1 0
    outer loop
      vertex -31.2371945490988 -61.5 81.2192468713206
      vertex 31.090573865588635 -61.5 81.4502840995889
      vertex -31.090573865588635 -61.5 81.4502840995889
    endloop
  endfacet
  facet normal 0 -1 0
    outer loop
      vertex -31.090573865588635 -61.5 81.4502840995889
      vertex 30.97406597285402 -61.5 81.69787597467655
      vertex -30.97406597285402 -61.5 81.69787597467655
    endloop
  endfacet
  facet normal 0 -1 0
    outer loop
      vertex -30.889508269961826 -61.5 81.95811782480922
      vertex -30.97406597285402 -61.5 81.69787597467655
      vertex 30.889508269961826 -61.5 81.95811782480922
    endloop
  endfacet
  facet normal 0 -1 0
    outer loop
      vertex -30.83823428239898 -61.5 82.22690548054936
      vertex -30.889508269961826 -61.5 81.95811782480922
      vertex 30.83823428239898 -61.5 82.22690548054936
    endloop
  endfacet
  facet normal 0 -1 0
    outer loop
      vertex -30.83823428239898 -61.5 82.22690548054936
      vertex 30.821052631578947 -61.5 82.5
      vertex -30.821052631578947 -61.5 82.5
    endloop
  endfacet
  facet normal 0 -1 0
    outer loop
      vertex -30.821052631578947 -61.5 82.5
      vertex 30.83823428239898 -61.5 82.77309451945064
      vertex -30.83823428239898 -61.5 82.77309451945064
    endloop
  endfacet
  facet normal 0 -1 0
    outer loop
      vertex -30.83823428239898 -61.5 82.77309451945064
      vertex 30.889508269961826 -61.5 83.04188217519078
      vertex -30.889508269961826 -61.5 83.04188217519078
    endloop
  endfacet
  facet normal 0 -1 0
    outer loop
      vertex -30.889508269961826 -61.5 83.04188217519078
      vertex 30.97406597285402 -61.5 83.30212402532345
      vertex -30.97406597285402 -61.5 83.30212402532345
    endloop
  endfacet
  facet normal 0 -1 0
    outer loop
      vertex -31.090573865588635 -61.5 83.5497159004111
      vertex -30.97406597285402 -61.5 83.30212402532345
      vertex 31.090573865588635 -61.5 83.5497159004111
    endloop
  endfacet
  facet normal 0 -1 0
    outer loop
      vertex -31.611086674968643 -61.5 84.17890780267987
      vertex -31.41161572761861 -61.5 83.99159211502356
      vertex 31.41161572761861 -61.5 83.99159211502356
    endloop
  endfacet
  facet normal 0 -1 0
    outer loop
      vertex -31.2371945490988 -61.5 83.7807531286794
      vertex -31.090573865588635 -61.5 83.5497159004111
      vertex 31.2371945490988 -61.5 83.7807531286794
    endloop
  endfacet
  facet normal 0 -1 0
    outer loop
      vertex -31.41161572761861 -61.5 83.99159211502356
      vertex -31.2371945490988 -61.5 83.7807531286794
      vertex 31.41161572761861 -61.5 83.99159211502356
    endloop
  endfacet
  facet normal 0 -1 0
    outer loop
      vertex -39 -61.5 90
      vertex -31.611086674968643 -61.5 84.17890780267987
      vertex 31.41161572761861 -61.5 83.99159211502356
    endloop
  endfacet
  facet normal 0 0 1
    outer loop
      vertex -40.5 -60 90
      vertex -39 -61.5 90
      vertex 40.5 -61.5 90
    endloop
  endfacet
  facet normal 0 0 1
    outer loop
      vertex -40.5 -60 90
      vertex 40.5 -61.5 90
      vertex -39 -60 90
    endloop
  endfacet
  facet normal 0 1 0
    outer loop
      vertex -39 -60 90
      vertex 39 -60 90
      vertex -32.88697706484724 -60 84.29644811117089
    endloop
  endfacet
  facet normal 0 1 0
    outer loop
      vertex 39 -60 90
      vertex -31.68785647064146 -60 81.26781520932836
      vertex -31.543769410125094 -60 81.44198654587355
    endloop
  endfacet
  facet normal 0 1 0
    outer loop
      vertex 39 -60 90
      vertex -31.543769410125094 -60 81.44198654587355
      vertex -31.422647975921045 -60 81.63284338661691
    endloop
  endfacet
  facet normal 0 1 0
    outer loop
      vertex 39 -60 90
      vertex -31.422647975921045 -60 81.63284338661691
      vertex -31.326402325401148 -60 81.83737580516758
    endloop
  endfacet
  facet normal 0 1 0
    outer loop
      vertex 39 -60 90
      vertex -31.326402325401148 -60 81.83737580516758
      vertex -31.256550309968464 -60 82.05235820310327
    endloop
  endfacet
  facet normal 0 1 0
    outer loop
      vertex 39 -60 90
      vertex -31.256550309968464 -60 82.05235820310327
      vertex -31.21419353763394 -60 82.27440017958425
    endloop
  endfacet
  facet normal 0 1 0
    outer loop
      vertex 39 -60 90
      vertex -31.21419353763394 -60 82.27440017958425
      vertex -31.2 -60 82.5
    endloop
  endfacet
  facet normal 0 1 0
    outer loop
      vertex 39 -60 90
      vertex -31.2 -60 82.5
      vertex -31.21419353763394 -60 82.72559982041575
    endloop
  endfacet
  facet normal 0 1 0
    outer loop
      vertex 39 -60 90
      vertex -31.543769410125094 -60 83.55801345412645
      vertex -31.68785647064146 -60 83.73218479067164
    endloop
  endfacet
  facet normal 0 1 0
    outer loop
      vertex 39 -60 90
      vertex -31.326402325401148 -60 83.16262419483242
      vertex -31.422647975921045 -60 83.36715661338309
    endloop
  endfacet
  facet normal 0 1 0
    outer loop
      vertex 39 -60 90
      vertex -31.422647975921045 -60 83.36715661338309
      vertex -31.543769410125094 -60 83.55801345412645
    endloop
  endfacet
  facet normal 0 1 0
    outer loop
      vertex 39 -60 90
      vertex -31.21419353763394 -60 82.72559982041575
      vertex -31.256550309968464 -60 82.94764179689673
    endloop
  endfacet
  facet normal 0 1 0
    outer loop
      vertex 39 -60 90
      vertex -31.256550309968464 -60 82.94764179689673
      vertex -31.326402325401148 -60 83.16262419483242
    endloop
  endfacet
  facet normal 0 1 0
    outer loop
      vertex 39 -60 90
      vertex -32.233597275182866 -60 84.12868869443884
      vertex -32.44376941012509 -60 84.21190172933127
    endloop
  endfacet
  facet normal 0 1 0
    outer loop
      vertex 39 -60 90
      vertex -32.662713633745696 -60 84.26811705131163
      vertex -32.88697706484724 -60 84.29644811117089
    endloop
  endfacet
  facet normal 0 1 0
    outer loop
      vertex 39 -60 90
      vertex -32.44376941012509 -60 84.21190172933127
      vertex -32.662713633745696 -60 84.26811705131163
    endloop
  endfacet
  facet normal 0 1 0
    outer loop
      vertex 39 -60 90
      vertex -32.035511769037804 -60 84.01979026590362
      vertex -32.233597275182866 -60 84.12868869443884
    endloop
  endfacet
  facet normal 0 1 0
    outer loop
      vertex 39 -60 90
      vertex -31.852636818452357 -60 83.88692383699642
      vertex -32.035511769037804 -60 84.01979026590362
    endloop
  endfacet
  facet normal 0 1 0
    outer loop
      vertex 39 -60 90
      vertex -31.68785647064146 -60 83.73218479067164
      vertex -31.852636818452357 -60 83.88692383699642
    endloop
  endfacet
  facet normal 0 -1 0
    outer loop
      vertex -39.15 -61.5 1.5
      vertex 30.97406597285402 -61.5 6.697875974676544
      vertex 30.889508269961826 -61.5 6.958117824809211
    endloop
  endfacet
  facet normal 0 -1 0
    outer loop
      vertex -39.15 -61.5 1.5
      vertex 30.889508269961826 -61.5 6.958117824809211
      vertex 30.83823428239898 -61.5 7.226905480549358
    endloop
  endfacet
  facet normal 0 -1 0
    outer loop
      vertex -39.15 -61.5 1.5
      vertex 30.83823428239898 -61.5 7.226905480549358
      vertex 30.821052631578947 -61.5 7.5
    endloop
  endfacet
  facet normal 0 -1 0
    outer loop
      vertex -39.15 -61.5 1.5
      vertex 30.821052631578947 -61.5 7.5
      vertex 30.83823428239898 -61.5 7.773094519450642
    endloop
  endfacet
  facet normal 0 -1 0
    outer loop
      vertex -39.15 -61.5 1.5
      vertex 32.32666823330933 -61.5 5.427697906598982
      vertex 32.072249333116105 -61.5 5.52842947515299
    endloop
  endfacet
  facet normal 0 -1 0
    outer loop
      vertex -39.15 -61.5 1.5
      vertex 32.59170597769216 -61.5 5.359647779991175
      vertex 32.32666823330933 -61.5 5.427697906598982
    endloop
  endfacet
  facet normal 0 -1 0
    outer loop
      vertex -39.15 -61.5 1.5
      vertex 32.86318276270981 -61.5 5.3253522864773455
      vertex 32.59170597769216 -61.5 5.359647779991175
    endloop
  endfacet
  facet normal 0 -1 0
    outer loop
      vertex -39.15 -61.5 1.5
      vertex 31.2371945490988 -61.5 6.219246871320611
      vertex 31.090573865588635 -61.5 6.450284099588894
    endloop
  endfacet
  facet normal 0 -1 0
    outer loop
      vertex -39.15 -61.5 1.5
      vertex 31.090573865588635 -61.5 6.450284099588894
      vertex 30.97406597285402 -61.5 6.697875974676544
    endloop
  endfacet
  facet normal 0 -1 0
    outer loop
      vertex -39.15 -61.5 1.5
      vertex 31.41161572761861 -61.5 6.008407884976437
      vertex 31.2371945490988 -61.5 6.219246871320611
    endloop
  endfacet
  facet normal 0 -1 0
    outer loop
      vertex -39.15 -61.5 1.5
      vertex 31.611086674968647 -61.5 5.821092197320123
      vertex 31.41161572761861 -61.5 6.008407884976437
    endloop
  endfacet
  facet normal 0 -1 0
    outer loop
      vertex -39.15 -61.5 1.5
      vertex 31.832461615151026 -61.5 5.660253888642979
      vertex 31.611086674968647 -61.5 5.821092197320123
    endloop
  endfacet
  facet normal 0 -1 0
    outer loop
      vertex -39.15 -61.5 1.5
      vertex 32.072249333116105 -61.5 5.52842947515299
      vertex 31.832461615151026 -61.5 5.660253888642979
    endloop
  endfacet
  facet normal 0 -1 0
    outer loop
      vertex -39.15 -61.5 1.5
      vertex 33.13681723729019 -61.5 5.3253522864773455
      vertex 32.86318276270981 -61.5 5.3253522864773455
    endloop
  endfacet
  facet normal 0 -1 0
    outer loop
      vertex -39.15 -61.5 1.5
      vertex 30.83823428239898 -61.5 7.773094519450642
      vertex 30.889508269961826 -61.5 8.04188217519079
    endloop
  endfacet
  facet normal 0 -1 0
    outer loop
      vertex -39.15 -61.5 1.5
      vertex 30.889508269961826 -61.5 8.04188217519079
      vertex 30.97406597285402 -61.5 8.302124025323455
    endloop
  endfacet
  facet normal 0 -1 0
    outer loop
      vertex -39.15 -61.5 1.5
      vertex 30.97406597285402 -61.5 8.302124025323455
      vertex 31.090573865588635 -61.5 8.549715900411107
    endloop
  endfacet
  facet normal 0 -1 0
    outer loop
      vertex -39.15 -61.5 1.5
      vertex 31.090573865588635 -61.5 8.549715900411107
      vertex 31.2371945490988 -61.5 8.780753128679388
    endloop
  endfacet
  facet normal 0 -1 0
    outer loop
      vertex -39.15 -61.5 1.5
      vertex 31.2371945490988 -61.5 8.780753128679388
      vertex 31.41161572761861 -61.5 8.991592115023563
    endloop
  endfacet
  facet normal 0 -1 0
    outer loop
      vertex -39.15 -61.5 1.5
      vertex 40.5 -61.5 0
      vertex 33.13681723729019 -61.5 5.3253522864773455
    endloop
  endfacet
  facet normal 0 1 0
    outer loop
      vertex 39 -60 1.5
      vertex -31.852636818452357 -60 6.11307616300358
      vertex 32.035511769037804 -60 5.980209734096373
    endloop
  endfacet
  facet normal 0 1 0
    outer loop
      vertex -31.852636818452357 -60 6.11307616300358
      vertex 31.85263681845236 -60 6.113076163003579
      vertex 32.035511769037804 -60 5.980209734096373
    endloop
  endfacet
  facet normal 0 1 0
    outer loop
      vertex -31.68785647064146 -60 6.267815209328361
      vertex 31.68785647064146 -60 6.267815209328361
      vertex 31.85263681845236 -60 6.113076163003579
    endloop
  endfacet
  facet normal 0 1 0
    outer loop
      vertex -31.543769410125094 -60 6.441986545873548
      vertex 31.543769410125094 -60 6.441986545873548
      vertex 31.68785647064146 -60 6.267815209328361
    endloop
  endfacet
  facet normal 0 1 0
    outer loop
      vertex -31.422647975921045 -60 6.632843386616912
      vertex 31.422647975921045 -60 6.632843386616912
      vertex 31.543769410125094 -60 6.441986545873548
    endloop
  endfacet
  facet normal 0 1 0
    outer loop
      vertex -31.326402325401148 -60 6.837375805167579
      vertex 31.326402325401148 -60 6.8373758051675795
      vertex 31.422647975921045 -60 6.632843386616912
    endloop
  endfacet
  facet normal 0 1 0
    outer loop
      vertex -31.256550309968464 -60 7.052358203103262
      vertex 31.256550309968464 -60 7.052358203103261
      vertex 31.326402325401148 -60 6.8373758051675795
    endloop
  endfacet
  facet normal 0 1 0
    outer loop
      vertex -31.21419353763394 -60 7.274400179584252
      vertex 31.21419353763394 -60 7.274400179584252
      vertex 31.256550309968464 -60 7.052358203103261
    endloop
  endfacet
  facet normal 0 1 0
    outer loop
      vertex -31.2 -60 7.5
      vertex 31.2 -60 7.5
      vertex 31.21419353763394 -60 7.274400179584252
    endloop
  endfacet
  facet normal 0 1 0
    outer loop
      vertex -31.21419353763394 -60 7.725599820415748
      vertex 31.21419353763394 -60 7.725599820415748
      vertex 31.2 -60 7.5
    endloop
  endfacet
  facet normal 0 1 0
    outer loop
      vertex -31.256550309968464 -60 7.947641796896739
      vertex 31.256550309968464 -60 7.947641796896739
      vertex 31.21419353763394 -60 7.725599820415748
    endloop
  endfacet
  facet normal 0 1 0
    outer loop
      vertex -31.326402325401148 -60 8.16262419483242
      vertex 31.326402325401148 -60 8.16262419483242
      vertex 31.256550309968464 -60 7.947641796896739
    endloop
  endfacet
  facet normal 0 1 0
    outer loop
      vertex -31.422647975921045 -60 8.367156613383088
      vertex 31.422647975921045 -60 8.367156613383088
      vertex 31.326402325401148 -60 8.16262419483242
    endloop
  endfacet
  facet normal 0 1 0
    outer loop
      vertex -31.422647975921045 -60 8.367156613383088
      vertex 31.543769410125094 -60 8.558013454126451
      vertex 31.422647975921045 -60 8.367156613383088
    endloop
  endfacet
  facet normal 0 1 0
    outer loop
      vertex -31.422647975921045 -60 8.367156613383088
      vertex 31.68785647064146 -60 8.732184790671639
      vertex 31.543769410125094 -60 8.558013454126451
    endloop
  endfacet
  facet normal 0 1 0
    outer loop
      vertex -31.422647975921045 -60 8.367156613383088
      vertex 31.85263681845236 -60 8.88692383699642
      vertex 31.68785647064146 -60 8.732184790671639
    endloop
  endfacet
  facet normal 0 1 0
    outer loop
      vertex -31.422647975921045 -60 8.367156613383088
      vertex 32.035511769037804 -60 9.019790265903627
      vertex 31.85263681845236 -60 8.88692383699642
    endloop
  endfacet
  facet normal 0 1 0
    outer loop
      vertex -31.422647975921045 -60 8.367156613383088
      vertex 32.233597275182866 -60 9.128688694438836
      vertex 32.035511769037804 -60 9.019790265903627
    endloop
  endfacet
  facet normal 0 1 0
    outer loop
      vertex -31.422647975921045 -60 8.367156613383088
      vertex 32.44376941012509 -60 9.211901729331277
      vertex 32.233597275182866 -60 9.128688694438836
    endloop
  endfacet
  facet normal 0 -1 0
    outer loop
      vertex -30.821052631578947 -61.5 7.5
      vertex 31.41161572761861 -61.5 8.991592115023563
      vertex 33.40829402230784 -61.5 80.35964777999118
    endloop
  endfacet
  facet normal 0 1 0
    outer loop
      vertex -31.422647975921045 -60 8.367156613383088
      vertex 32.44376941012509 -60 80.78809827066873
      vertex 32.44376941012509 -60 9.211901729331277
    endloop
  endfacet
  facet normal 0 1 0
    outer loop
      vertex 39 -60 1.5
      vertex 32.035511769037804 -60 5.980209734096373
      vertex 32.233597275182866 -60 5.871311305561164
    endloop
  endfacet
  facet normal 0 1 0
    outer loop
      vertex 39 -60 1.5
      vertex 32.233597275182866 -60 5.871311305561164
      vertex 32.44376941012509 -60 5.788098270668724
    endloop
  endfacet
  facet normal 0 1 0
    outer loop
      vertex 39 -60 1.5
      vertex 32.44376941012509 -60 5.788098270668724
      vertex 32.662713633745696 -60 5.7318829486883605
    endloop
  endfacet
  facet normal 0 1 0
    outer loop
      vertex 39 -60 1.5
      vertex 32.662713633745696 -60 5.7318829486883605
      vertex 32.88697706484724 -60 5.703551888829111
    endloop
  endfacet
  facet normal 0 1 0
    outer loop
      vertex 39 -60 1.5
      vertex 32.88697706484724 -60 5.703551888829111
      vertex 33.11302293515276 -60 5.703551888829111
    endloop
  endfacet
  facet normal 0 1 0
    outer loop
      vertex 39 -60 1.5
      vertex 33.11302293515276 -60 5.703551888829111
      vertex 33.337286366254304 -60 5.7318829486883605
    endloop
  endfacet
  facet normal 0 1 0
    outer loop
      vertex 39 -60 1.5
      vertex 33.337286366254304 -60 5.7318829486883605
      vertex 33.55623058987491 -60 5.788098270668724
    endloop
  endfacet
  facet normal 0 -1 0
    outer loop
      vertex 40.5 -61.5 0
      vertex 33.40829402230784 -61.5 5.359647779991175
      vertex 33.13681723729019 -61.5 5.3253522864773455
    endloop
  endfacet
  facet normal 0 -1 0
    outer loop
      vertex 40.5 -61.5 0
      vertex 33.67333176669067 -61.5 5.427697906598982
      vertex 33.40829402230784 -61.5 5.359647779991175
    endloop
  endfacet
  facet normal 0 -1 0
    outer loop
      vertex 40.5 -61.5 0
      vertex 33.927750666883895 -61.5 5.52842947515299
      vertex 33.67333176669067 -61.5 5.427697906598982
    endloop
  endfacet
  facet normal 0 -1 0
    outer loop
      vertex 40.5 -61.5 0
      vertex 34.167538384848974 -61.5 5.660253888642978
      vertex 33.927750666883895 -61.5 5.52842947515299
    endloop
  endfacet
  facet normal 0 -1 0
    outer loop
      vertex 40.5 -61.5 0
      vertex 34.38891332503135 -61.5 5.821092197320124
      vertex 34.167538384848974 -61.5 5.660253888642978
    endloop
  endfacet
  facet normal 0 -1 0
    outer loop
      vertex 40.5 -61.5 0
      vertex 34.58838427238139 -61.5 6.008407884976437
      vertex 34.38891332503135 -61.5 5.821092197320124
    endloop
  endfacet
  facet normal 0 -1 0
    outer loop
      vertex 40.5 -61.5 0
      vertex 34.762805450901205 -61.5 6.219246871320611
      vertex 34.58838427238139 -61.5 6.008407884976437
    endloop
  endfacet
  facet normal 0 1 0
    outer loop
      vertex 39 -60 1.5
      vertex 33.55623058987491 -60 5.788098270668724
      vertex 33.766402724817134 -60 5.871311305561164
    endloop
  endfacet
  facet normal 0 1 0
    outer loop
      vertex 39 -60 1.5
      vertex 33.766402724817134 -60 5.871311305561164
      vertex 33.964488230962196 -60 5.9802097340963725
    endloop
  endfacet
  facet normal 0 1 0
    outer loop
      vertex 39 -60 1.5
      vertex 33.964488230962196 -60 5.9802097340963725
      vertex 34.14736318154764 -60 6.11307616300358
    endloop
  endfacet
  facet normal 0 1 0
    outer loop
      vertex 39 -60 1.5
      vertex 34.14736318154764 -60 6.11307616300358
      vertex 34.31214352935854 -60 6.267815209328361
    endloop
  endfacet
  facet normal 0 1 0
    outer loop
      vertex 39 -60 1.5
      vertex 34.31214352935854 -60 6.267815209328361
      vertex 34.456230589874906 -60 6.441986545873548
    endloop
  endfacet
  facet normal 0 1 0
    outer loop
      vertex 39 -60 1.5
      vertex 34.456230589874906 -60 6.441986545873548
      vertex 34.577352024078955 -60 6.632843386616912
    endloop
  endfacet
  facet normal 0 1 0
    outer loop
      vertex 39 -60 1.5
      vertex 34.577352024078955 -60 6.632843386616912
      vertex 34.67359767459885 -60 6.837375805167579
    endloop
  endfacet
  facet normal 0 1 0
    outer loop
      vertex 39 -60 1.5
      vertex 34.67359767459885 -60 6.837375805167579
      vertex 34.74344969003154 -60 7.052358203103262
    endloop
  endfacet
  facet normal 0 1 0
    outer loop
      vertex 39 -60 1.5
      vertex 34.74344969003154 -60 7.052358203103262
      vertex 34.78580646236606 -60 7.274400179584252
    endloop
  endfacet
  facet normal 0 1 0
    outer loop
      vertex 39 -60 1.5
      vertex 34.78580646236606 -60 7.274400179584252
      vertex 34.8 -60 7.5
    endloop
  endfacet
  facet normal 0 -1 0
    outer loop
      vertex 40.5 -61.5 0
      vertex 34.90942613441137 -61.5 6.450284099588894
      vertex 34.762805450901205 -61.5 6.219246871320611
    endloop
  endfacet
  facet normal 0 -1 0
    outer loop
      vertex 40.5 -61.5 0
      vertex 35.02593402714598 -61.5 6.697875974676543
      vertex 34.90942613441137 -61.5 6.450284099588894
    endloop
  endfacet
  facet normal 0 -1 0
    outer loop
      vertex 40.5 -61.5 0
      vertex 35.11049173003818 -61.5 6.958117824809213
      vertex 35.02593402714598 -61.5 6.697875974676543
    endloop
  endfacet
  facet normal 0 -1 0
    outer loop
      vertex 40.5 -61.5 0
      vertex 35.16176571760102 -61.5 7.226905480549358
      vertex 35.11049173003818 -61.5 6.958117824809213
    endloop
  endfacet
  facet normal 0 1 0
    outer loop
      vertex 32.662713633745696 -60 9.26811705131164
      vertex 32.44376941012509 -60 9.211901729331277
      vertex 32.662713633745696 -60 80.73188294868837
    endloop
  endfacet
  facet normal 0 1 0
    outer loop
      vertex 32.88697706484724 -60 9.29644811117089
      vertex 32.662713633745696 -60 9.26811705131164
      vertex 32.88697706484724 -60 80.70355188882911
    endloop
  endfacet
  facet normal 0 1 0
    outer loop
      vertex 33.11302293515276 -60 9.29644811117089
      vertex 32.88697706484724 -60 9.29644811117089
      vertex 33.11302293515276 -60 80.70355188882911
    endloop
  endfacet
  facet normal 0 1 0
    outer loop
      vertex 33.337286366254304 -60 9.26811705131164
      vertex 33.11302293515276 -60 9.29644811117089
      vertex 33.337286366254304 -60 80.73188294868837
    endloop
  endfacet
  facet normal 0 1 0
    outer loop
      vertex 33.55623058987491 -60 9.211901729331277
      vertex 33.337286366254304 -60 9.26811705131164
      vertex 33.55623058987491 -60 80.78809827066873
    endloop
  endfacet
  facet normal 0 1 0
    outer loop
      vertex 33.964488230962196 -60 9.019790265903627
      vertex 33.766402724817134 -60 9.128688694438836
      vertex 33.964488230962196 -60 80.98020973409638
    endloop
  endfacet
  facet normal 0 1 0
    outer loop
      vertex 34.14736318154764 -60 8.88692383699642
      vertex 33.964488230962196 -60 9.019790265903627
      vertex 34.14736318154764 -60 81.11307616300358
    endloop
  endfacet
  facet normal 0 1 0
    outer loop
      vertex 33.766402724817134 -60 9.128688694438836
      vertex 33.55623058987491 -60 9.211901729331277
      vertex 33.766402724817134 -60 80.87131130556116
    endloop
  endfacet
  facet normal 0 1 0
    outer loop
      vertex 34.31214352935854 -60 8.73218479067164
      vertex 34.14736318154764 -60 8.88692383699642
      vertex 34.31214352935854 -60 81.26781520932836
    endloop
  endfacet
  facet normal 0 1 0
    outer loop
      vertex 34.456230589874906 -60 8.558013454126451
      vertex 34.31214352935854 -60 8.73218479067164
      vertex 34.456230589874906 -60 81.44198654587355
    endloop
  endfacet
  facet normal 0 1 0
    outer loop
      vertex 39 -60 1.5
      vertex 34.8 -60 7.5
      vertex 39 -60 90
    endloop
  endfacet
  facet normal 1 0 0
    outer loop
      vertex 40.5 -61.5 0
      vertex 40.5 -60 0
      vertex 40.5 -61.5 90
    endloop
  endfacet
  facet normal 0 -1 0
    outer loop
      vertex 40.5 -61.5 0
      vertex 40.5 -61.5 90
      vertex 35.16176571760102 -61.5 7.226905480549358
    endloop
  endfacet
  facet normal 0 -1 0
    outer loop
      vertex 40.5 -61.5 90
      vertex 31.41161572761861 -61.5 8.991592115023563
      vertex 31.611086674968647 -61.5 9.178907802679877
    endloop
  endfacet
  facet normal 0 -1 0
    outer loop
      vertex 40.5 -61.5 90
      vertex 31.611086674968647 -61.5 9.178907802679877
      vertex 31.832461615151026 -61.5 9.339746111357021
    endloop
  endfacet
  facet normal 0 -1 0
    outer loop
      vertex 40.5 -61.5 90
      vertex 31.832461615151026 -61.5 9.339746111357021
      vertex 32.072249333116105 -61.5 9.47157052484701
    endloop
  endfacet
  facet normal 0 -1 0
    outer loop
      vertex 40.5 -61.5 90
      vertex 32.072249333116105 -61.5 9.47157052484701
      vertex 32.32666823330933 -61.5 9.572302093401019
    endloop
  endfacet
  facet normal 0 -1 0
    outer loop
      vertex 40.5 -61.5 90
      vertex 32.32666823330933 -61.5 9.572302093401019
      vertex 32.59170597769216 -61.5 9.640352220008825
    endloop
  endfacet
  facet normal 0 -1 0
    outer loop
      vertex 40.5 -61.5 90
      vertex 32.59170597769216 -61.5 9.640352220008825
      vertex 32.86318276270981 -61.5 9.674647713522655
    endloop
  endfacet
  facet normal 0 1 0
    outer loop
      vertex 39 -60 90
      vertex 34.8 -60 7.5
      vertex 34.78580646236606 -60 7.725599820415748
    endloop
  endfacet
  facet normal 0 -1 0
    outer loop
      vertex 40.5 -61.5 90
      vertex 32.86318276270981 -61.5 9.674647713522655
      vertex 33.13681723729019 -61.5 9.674647713522655
    endloop
  endfacet
  facet normal 0 -1 0
    outer loop
      vertex 40.5 -61.5 90
      vertex 33.13681723729019 -61.5 9.674647713522655
      vertex 33.40829402230784 -61.5 9.640352220008825
    endloop
  endfacet
  facet normal 0 -1 0
    outer loop
      vertex 40.5 -61.5 90
      vertex 33.40829402230784 -61.5 9.640352220008825
      vertex 33.67333176669067 -61.5 9.572302093401019
    endloop
  endfacet
  facet normal 0 -1 0
    outer loop
      vertex 40.5 -61.5 90
      vertex 33.67333176669067 -61.5 9.572302093401019
      vertex 33.927750666883895 -61.5 9.47157052484701
    endloop
  endfacet
  facet normal 0 1 0
    outer loop
      vertex 39 -60 90
      vertex 34.577352024078955 -60 8.367156613383088
      vertex 34.456230589874906 -60 8.558013454126451
    endloop
  endfacet
  facet normal 0 -1 0
    outer loop
      vertex 40.5 -61.5 90
      vertex 34.167538384848974 -61.5 9.339746111357021
      vertex 34.38891332503135 -61.5 9.178907802679877
    endloop
  endfacet
  facet normal 0 -1 0
    outer loop
      vertex 40.5 -61.5 90
      vertex 33.927750666883895 -61.5 9.47157052484701
      vertex 34.167538384848974 -61.5 9.339746111357021
    endloop
  endfacet
  facet normal 0 -1 0
    outer loop
      vertex 40.5 -61.5 90
      vertex 34.38891332503135 -61.5 9.178907802679877
      vertex 34.58838427238139 -61.5 8.991592115023563
    endloop
  endfacet
  facet normal 0 -1 0
    outer loop
      vertex 40.5 -61.5 90
      vertex 34.58838427238139 -61.5 8.991592115023563
      vertex 34.762805450901205 -61.5 8.780753128679388
    endloop
  endfacet
  facet normal 0 1 0
    outer loop
      vertex 39 -60 90
      vertex 34.78580646236606 -60 7.725599820415748
      vertex 34.74344969003154 -60 7.947641796896739
    endloop
  endfacet
  facet normal 0 1 0
    outer loop
      vertex 39 -60 90
      vertex 34.74344969003154 -60 7.947641796896739
      vertex 34.67359767459885 -60 8.16262419483242
    endloop
  endfacet
  facet normal 0 1 0
    outer loop
      vertex 39 -60 90
      vertex 34.67359767459885 -60 8.16262419483242
      vertex 34.577352024078955 -60 8.367156613383088
    endloop
  endfacet
  facet normal 0 -1 0
    outer loop
      vertex 40.5 -61.5 90
      vertex 35.17894736842105 -61.5 7.5
      vertex 35.16176571760102 -61.5 7.226905480549358
    endloop
  endfacet
  facet normal 0 -1 0
    outer loop
      vertex 40.5 -61.5 90
      vertex 35.16176571760102 -61.5 7.773094519450642
      vertex 35.17894736842105 -61.5 7.5
    endloop
  endfacet
  facet normal 0 -1 0
    outer loop
      vertex 40.5 -61.5 90
      vertex 35.11049173003818 -61.5 8.04188217519079
      vertex 35.16176571760102 -61.5 7.773094519450642
    endloop
  endfacet
  facet normal 0 -1 0
    outer loop
      vertex 40.5 -61.5 90
      vertex 35.02593402714598 -61.5 8.302124025323455
      vertex 35.11049173003818 -61.5 8.04188217519079
    endloop
  endfacet
  facet normal 0 -1 0
    outer loop
      vertex 40.5 -61.5 90
      vertex 34.90942613441137 -61.5 8.549715900411107
      vertex 35.02593402714598 -61.5 8.302124025323455
    endloop
  endfacet
  facet normal 0 -1 0
    outer loop
      vertex 40.5 -61.5 90
      vertex 34.762805450901205 -61.5 8.780753128679388
      vertex 34.90942613441137 -61.5 8.549715900411107
    endloop
  endfacet
  facet normal 1 0 0
    outer loop
      vertex 40.5 -60 0
      vertex 40.5 -60 44.451219512195124
      vertex 40.5 -61.5 90
    endloop
  endfacet
  facet normal 0 -1 0
    outer loop
      vertex -32.072249333116105 -61.5 9.47157052484701
      vertex 31.2371945490988 -61.5 81.2192468713206
      vertex 31.090573865588635 -61.5 81.4502840995889
    endloop
  endfacet
  facet normal 0 1 0
    outer loop
      vertex -32.44376941012509 -60 9.211901729331277
      vertex 31.326402325401148 -60 81.83737580516758
      vertex 31.422647975921045 -60 81.63284338661691
    endloop
  endfacet
  facet normal 0 1 0
    outer loop
      vertex -33.11302293515276 -60 9.29644811117089
      vertex 31.2 -60 82.5
      vertex 31.21419353763394 -60 82.27440017958425
    endloop
  endfacet
  facet normal 0 1 0
    outer loop
      vertex -32.88697706484724 -60 9.29644811117089
      vertex 31.21419353763394 -60 82.27440017958425
      vertex 31.256550309968464 -60 82.05235820310327
    endloop
  endfacet
  facet normal 0 1 0
    outer loop
      vertex -32.662713633745696 -60 9.26811705131164
      vertex 31.256550309968464 -60 82.05235820310327
      vertex 31.326402325401148 -60 81.83737580516758
    endloop
  endfacet
  facet normal 0 -1 0
    outer loop
      vertex -30.889508269961826 -61.5 8.04188217519079
      vertex 32.86318276270981 -61.5 80.32535228647734
      vertex 32.59170597769216 -61.5 80.35964777999118
    endloop
  endfacet
  facet normal 0 -1 0
    outer loop
      vertex -30.83823428239898 -61.5 7.773094519450642
      vertex 33.13681723729019 -61.5 80.32535228647734
      vertex 32.86318276270981 -61.5 80.32535228647734
    endloop
  endfacet
  facet normal 0 -1 0
    outer loop
      vertex -30.821052631578947 -61.5 7.5
      vertex 33.40829402230784 -61.5 80.35964777999118
      vertex 33.13681723729019 -61.5 80.32535228647734
    endloop
  endfacet
  facet normal 0 -1 0
    outer loop
      vertex -31.832461615151026 -61.5 9.339746111357021
      vertex 31.832461615151026 -61.5 80.66025388864298
      vertex 31.611086674968647 -61.5 80.82109219732013
    endloop
  endfacet
  facet normal 0 -1 0
    outer loop
      vertex -31.832461615151026 -61.5 9.339746111357021
      vertex 31.41161572761861 -61.5 81.00840788497644
      vertex 31.2371945490988 -61.5 81.2192468713206
    endloop
  endfacet
  facet normal 0 -1 0
    outer loop
      vertex -31.832461615151026 -61.5 9.339746111357021
      vertex 31.611086674968647 -61.5 80.82109219732013
      vertex 31.41161572761861 -61.5 81.00840788497644
    endloop
  endfacet
  facet normal 0 1 0
    outer loop
      vertex -31.68785647064146 -60 8.73218479067164
      vertex 31.85263681845236 -60 81.11307616300358
      vertex 32.035511769037804 -60 80.98020973409638
    endloop
  endfacet
  facet normal 0 1 0
    outer loop
      vertex -32.035511769037804 -60 9.019790265903627
      vertex 31.543769410125094 -60 81.44198654587355
      vertex 31.68785647064146 -60 81.26781520932836
    endloop
  endfacet
  facet normal 0 1 0
    outer loop
      vertex -32.44376941012509 -60 9.211901729331277
      vertex 31.422647975921045 -60 81.63284338661691
      vertex 31.543769410125094 -60 81.44198654587355
    endloop
  endfacet
  facet normal 0 1 0
    outer loop
      vertex -31.852636818452357 -60 8.88692383699642
      vertex 31.68785647064146 -60 81.26781520932836
      vertex 31.85263681845236 -60 81.11307616300358
    endloop
  endfacet
  facet normal 0 -1 0
    outer loop
      vertex 31.832461615151026 -61.5 80.66025388864298
      vertex -31.2371945490988 -61.5 8.780753128679388
      vertex 32.072249333116105 -61.5 80.52842947515299
    endloop
  endfacet
  facet normal 0 -1 0
    outer loop
      vertex -31.090573865588635 -61.5 8.549715900411107
      vertex 32.32666823330933 -61.5 80.42769790659898
      vertex 32.072249333116105 -61.5 80.52842947515299
    endloop
  endfacet
  facet normal 0 -1 0
    outer loop
      vertex -30.97406597285402 -61.5 8.302124025323455
      vertex 32.59170597769216 -61.5 80.35964777999118
      vertex 32.32666823330933 -61.5 80.42769790659898
    endloop
  endfacet
  facet normal 0 1 0
    outer loop
      vertex -31.543769410125094 -60 8.558013454126451
      vertex 32.035511769037804 -60 80.98020973409638
      vertex 32.233597275182866 -60 80.87131130556116
    endloop
  endfacet
  facet normal 0 1 0
    outer loop
      vertex -31.422647975921045 -60 8.367156613383088
      vertex 32.233597275182866 -60 80.87131130556116
      vertex 32.44376941012509 -60 80.78809827066873
    endloop
  endfacet
  facet normal 0 -1 0
    outer loop
      vertex -39 -61.5 90
      vertex 31.41161572761861 -61.5 83.99159211502356
      vertex 31.611086674968647 -61.5 84.17890780267987
    endloop
  endfacet
  facet normal 0 -1 0
    outer loop
      vertex -39 -61.5 90
      vertex 31.611086674968647 -61.5 84.17890780267987
      vertex 31.832461615151026 -61.5 84.33974611135702
    endloop
  endfacet
  facet normal 0 -1 0
    outer loop
      vertex -39 -61.5 90
      vertex 31.832461615151026 -61.5 84.33974611135702
      vertex 32.072249333116105 -61.5 84.47157052484701
    endloop
  endfacet
  facet normal 0 -1 0
    outer loop
      vertex -39 -61.5 90
      vertex 32.072249333116105 -61.5 84.47157052484701
      vertex 32.32666823330933 -61.5 84.57230209340102
    endloop
  endfacet
  facet normal 0 -1 0
    outer loop
      vertex -39 -61.5 90
      vertex 32.32666823330933 -61.5 84.57230209340102
      vertex 32.59170597769216 -61.5 84.64035222000882
    endloop
  endfacet
  facet normal 0 -1 0
    outer loop
      vertex -39 -61.5 90
      vertex 32.59170597769216 -61.5 84.64035222000882
      vertex 32.86318276270981 -61.5 84.67464771352266
    endloop
  endfacet
  facet normal 0 -1 0
    outer loop
      vertex -39 -61.5 90
      vertex 32.86318276270981 -61.5 84.67464771352266
      vertex 33.13681723729019 -61.5 84.67464771352266
    endloop
  endfacet
  facet normal 0 -1 0
    outer loop
      vertex -31.090573865588635 -61.5 81.4502840995889
      vertex 31.090573865588635 -61.5 81.4502840995889
      vertex 30.97406597285402 -61.5 81.69787597467655
    endloop
  endfacet
  facet normal 0 -1 0
    outer loop
      vertex -30.97406597285402 -61.5 81.69787597467655
      vertex 30.97406597285402 -61.5 81.69787597467655
      vertex 30.889508269961826 -61.5 81.95811782480922
    endloop
  endfacet
  facet normal 0 -1 0
    outer loop
      vertex -30.889508269961826 -61.5 81.95811782480922
      vertex 30.889508269961826 -61.5 81.95811782480922
      vertex 30.83823428239898 -61.5 82.22690548054936
    endloop
  endfacet
  facet normal 0 -1 0
    outer loop
      vertex -30.83823428239898 -61.5 82.22690548054936
      vertex 30.83823428239898 -61.5 82.22690548054936
      vertex 30.821052631578947 -61.5 82.5
    endloop
  endfacet
  facet normal 0 -1 0
    outer loop
      vertex -30.821052631578947 -61.5 82.5
      vertex 30.821052631578947 -61.5 82.5
      vertex 30.83823428239898 -61.5 82.77309451945064
    endloop
  endfacet
  facet normal 0 -1 0
    outer loop
      vertex -30.83823428239898 -61.5 82.77309451945064
      vertex 30.83823428239898 -61.5 82.77309451945064
      vertex 30.889508269961826 -61.5 83.04188217519078
    endloop
  endfacet
  facet normal 0 1 0
    outer loop
      vertex -31.68785647064146 -60 81.26781520932836
      vertex 31.21419353763394 -60 82.72559982041575
      vertex 31.2 -60 82.5
    endloop
  endfacet
  facet normal 0 1 0
    outer loop
      vertex -31.68785647064146 -60 81.26781520932836
      vertex 31.256550309968464 -60 82.94764179689673
      vertex 31.21419353763394 -60 82.72559982041575
    endloop
  endfacet
  facet normal 0 1 0
    outer loop
      vertex -31.68785647064146 -60 81.26781520932836
      vertex 31.326402325401148 -60 83.16262419483242
      vertex 31.256550309968464 -60 82.94764179689673
    endloop
  endfacet
  facet normal 0 1 0
    outer loop
      vertex -31.68785647064146 -60 81.26781520932836
      vertex 31.422647975921045 -60 83.36715661338309
      vertex 31.326402325401148 -60 83.16262419483242
    endloop
  endfacet
  facet normal 0 1 0
    outer loop
      vertex -31.68785647064146 -60 81.26781520932836
      vertex 31.543769410125094 -60 83.55801345412645
      vertex 31.422647975921045 -60 83.36715661338309
    endloop
  endfacet
  facet normal 0 1 0
    outer loop
      vertex -31.68785647064146 -60 81.26781520932836
      vertex 31.68785647064146 -60 83.73218479067164
      vertex 31.543769410125094 -60 83.55801345412645
    endloop
  endfacet
  facet normal 0 1 0
    outer loop
      vertex -31.68785647064146 -60 81.26781520932836
      vertex 31.85263681845236 -60 83.88692383699642
      vertex 31.68785647064146 -60 83.73218479067164
    endloop
  endfacet
  facet normal 0 -1 0
    outer loop
      vertex -30.889508269961826 -61.5 83.04188217519078
      vertex 30.889508269961826 -61.5 83.04188217519078
      vertex 30.97406597285402 -61.5 83.30212402532345
    endloop
  endfacet
  facet normal 0 -1 0
    outer loop
      vertex -30.97406597285402 -61.5 83.30212402532345
      vertex 30.97406597285402 -61.5 83.30212402532345
      vertex 31.090573865588635 -61.5 83.5497159004111
    endloop
  endfacet
  facet normal 0 -1 0
    outer loop
      vertex -31.090573865588635 -61.5 83.5497159004111
      vertex 31.090573865588635 -61.5 83.5497159004111
      vertex 31.2371945490988 -61.5 83.7807531286794
    endloop
  endfacet
  facet normal 0 -1 0
    outer loop
      vertex -31.2371945490988 -61.5 83.7807531286794
      vertex 31.2371945490988 -61.5 83.7807531286794
      vertex 31.41161572761861 -61.5 83.99159211502356
    endloop
  endfacet
  facet normal 0 1 0
    outer loop
      vertex -31.68785647064146 -60 81.26781520932836
      vertex 32.035511769037804 -60 84.01979026590362
      vertex 31.85263681845236 -60 83.88692383699642
    endloop
  endfacet
  facet normal 0 1 0
    outer loop
      vertex -31.68785647064146 -60 81.26781520932836
      vertex 32.233597275182866 -60 84.12868869443884
      vertex 32.035511769037804 -60 84.01979026590362
    endloop
  endfacet
  facet normal 0 1 0
    outer loop
      vertex -31.68785647064146 -60 81.26781520932836
      vertex 32.44376941012509 -60 84.21190172933127
      vertex 32.233597275182866 -60 84.12868869443884
    endloop
  endfacet
  facet normal 0 1 0
    outer loop
      vertex -31.68785647064146 -60 81.26781520932836
      vertex 32.662713633745696 -60 84.26811705131163
      vertex 32.44376941012509 -60 84.21190172933127
    endloop
  endfacet
  facet normal 0 1 0
    outer loop
      vertex -31.68785647064146 -60 81.26781520932836
      vertex 32.88697706484724 -60 84.29644811117089
      vertex 32.662713633745696 -60 84.26811705131163
    endloop
  endfacet
  facet normal 0 -1 0
    outer loop
      vertex -39 -61.5 90
      vertex 33.13681723729019 -61.5 84.67464771352266
      vertex 40.5 -61.5 90
    endloop
  endfacet
  facet normal 0 1 0
    outer loop
      vertex 39 -60 90
      vertex 32.88697706484724 -60 84.29644811117089
      vertex -31.68785647064146 -60 81.26781520932836
    endloop
  endfacet
  facet normal 0 0 1
    outer loop
      vertex -39 -60 90
      vertex 40.5 -61.5 90
      vertex 39 -60 90
    endloop
  endfacet
  facet normal 0 -1 0
    outer loop
      vertex 31.41161572761861 -61.5 8.991592115023563
      vertex 33.67333176669067 -61.5 80.42769790659898
      vertex 33.40829402230784 -61.5 80.35964777999118
    endloop
  endfacet
  facet normal 0 1 0
    outer loop
      vertex 32.44376941012509 -60 80.78809827066873
      vertex 32.662713633745696 -60 80.73188294868837
      vertex 32.44376941012509 -60 9.211901729331277
    endloop
  endfacet
  facet normal 0 1 0
    outer loop
      vertex 32.662713633745696 -60 80.73188294868837
      vertex 32.88697706484724 -60 80.70355188882911
      vertex 32.662713633745696 -60 9.26811705131164
    endloop
  endfacet
  facet normal 0 -1 0
    outer loop
      vertex 31.41161572761861 -61.5 8.991592115023563
      vertex 33.927750666883895 -61.5 80.52842947515299
      vertex 33.67333176669067 -61.5 80.42769790659898
    endloop
  endfacet
  facet normal 0 -1 0
    outer loop
      vertex 31.41161572761861 -61.5 8.991592115023563
      vertex 34.167538384848974 -61.5 80.66025388864298
      vertex 33.927750666883895 -61.5 80.52842947515299
    endloop
  endfacet
  facet normal 0 -1 0
    outer loop
      vertex 31.41161572761861 -61.5 8.991592115023563
      vertex 34.38891332503135 -61.5 80.82109219732013
      vertex 34.167538384848974 -61.5 80.66025388864298
    endloop
  endfacet
  facet normal 0 -1 0
    outer loop
      vertex 31.41161572761861 -61.5 8.991592115023563
      vertex 34.58838427238139 -61.5 81.00840788497644
      vertex 34.38891332503135 -61.5 80.82109219732013
    endloop
  endfacet
  facet normal 0 1 0
    outer loop
      vertex 32.88697706484724 -60 80.70355188882911
      vertex 33.11302293515276 -60 80.70355188882911
      vertex 32.88697706484724 -60 9.29644811117089
    endloop
  endfacet
  facet normal 0 1 0
    outer loop
      vertex 33.11302293515276 -60 80.70355188882911
      vertex 33.337286366254304 -60 80.73188294868837
      vertex 33.11302293515276 -60 9.29644811117089
    endloop
  endfacet
  facet normal 0 1 0
    outer loop
      vertex 33.337286366254304 -60 9.26811705131164
      vertex 33.337286366254304 -60 80.73188294868837
      vertex 33.55623058987491 -60 80.78809827066873
    endloop
  endfacet
  facet normal 0 -1 0
    outer loop
      vertex 31.41161572761861 -61.5 8.991592115023563
      vertex 34.762805450901205 -61.5 81.2192468713206
      vertex 34.58838427238139 -61.5 81.00840788497644
    endloop
  endfacet
  facet normal 0 -1 0
    outer loop
      vertex 31.41161572761861 -61.5 8.991592115023563
      vertex 34.90942613441137 -61.5 81.4502840995889
      vertex 34.762805450901205 -61.5 81.2192468713206
    endloop
  endfacet
  facet normal 0 -1 0
    outer loop
      vertex 31.41161572761861 -61.5 8.991592115023563
      vertex 35.02593402714598 -61.5 81.69787597467655
      vertex 34.90942613441137 -61.5 81.4502840995889
    endloop
  endfacet
  facet normal 0 -1 0
    outer loop
      vertex 31.41161572761861 -61.5 8.991592115023563
      vertex 35.11049173003818 -61.5 81.95811782480922
      vertex 35.02593402714598 -61.5 81.69787597467655
    endloop
  endfacet
  facet normal 0 1 0
    outer loop
      vertex 33.55623058987491 -60 80.78809827066873
      vertex 33.766402724817134 -60 80.87131130556116
      vertex 33.55623058987491 -60 9.211901729331277
    endloop
  endfacet
  facet normal 0 1 0
    outer loop
      vertex 33.766402724817134 -60 80.87131130556116
      vertex 33.964488230962196 -60 80.98020973409638
      vertex 33.766402724817134 -60 9.128688694438836
    endloop
  endfacet
  facet normal 0 1 0
    outer loop
      vertex 33.964488230962196 -60 80.98020973409638
      vertex 34.14736318154764 -60 81.11307616300358
      vertex 33.964488230962196 -60 9.019790265903627
    endloop
  endfacet
  facet normal 0 -1 0
    outer loop
      vertex 31.41161572761861 -61.5 8.991592115023563
      vertex 35.16176571760102 -61.5 82.22690548054936
      vertex 35.11049173003818 -61.5 81.95811782480922
    endloop
  endfacet
  facet normal 0 -1 0
    outer loop
      vertex 31.41161572761861 -61.5 8.991592115023563
      vertex 35.17894736842105 -61.5 82.5
      vertex 35.16176571760102 -61.5 82.22690548054936
    endloop
  endfacet
  facet normal 0 1 0
    outer loop
      vertex 34.14736318154764 -60 81.11307616300358
      vertex 34.31214352935854 -60 81.26781520932836
      vertex 34.14736318154764 -60 8.88692383699642
    endloop
  endfacet
  facet normal 0 1 0
    outer loop
      vertex 34.31214352935854 -60 81.26781520932836
      vertex 34.456230589874906 -60 81.44198654587355
      vertex 34.31214352935854 -60 8.73218479067164
    endloop
  endfacet
  facet normal 0 1 0
    outer loop
      vertex 34.456230589874906 -60 8.558013454126451
      vertex 34.456230589874906 -60 81.44198654587355
      vertex 34.577352024078955 -60 81.63284338661691
    endloop
  endfacet
  facet normal 0 1 0
    outer loop
      vertex 34.456230589874906 -60 8.558013454126451
      vertex 34.577352024078955 -60 81.63284338661691
      vertex 34.67359767459885 -60 81.83737580516758
    endloop
  endfacet
  facet normal 0 1 0
    outer loop
      vertex 34.456230589874906 -60 8.558013454126451
      vertex 34.67359767459885 -60 81.83737580516758
      vertex 34.74344969003154 -60 82.05235820310327
    endloop
  endfacet
  facet normal 0 1 0
    outer loop
      vertex 34.456230589874906 -60 8.558013454126451
      vertex 34.74344969003154 -60 82.05235820310327
      vertex 34.78580646236606 -60 82.27440017958425
    endloop
  endfacet
  facet normal 0 1 0
    outer loop
      vertex 34.456230589874906 -60 8.558013454126451
      vertex 34.78580646236606 -60 82.27440017958425
      vertex 34.8 -60 82.5
    endloop
  endfacet
  facet normal 0 1 0
    outer loop
      vertex 39 -60 90
      vertex 34.456230589874906 -60 8.558013454126451
      vertex 34.8 -60 82.5
    endloop
  endfacet
  facet normal 0 -1 0
    outer loop
      vertex 40.5 -61.5 90
      vertex 35.17894736842105 -61.5 82.5
      vertex 31.41161572761861 -61.5 8.991592115023563
    endloop
  endfacet
  facet normal 0 1 0
    outer loop
      vertex 39 -60 90
      vertex 33.11302293515276 -60 84.29644811117089
      vertex 32.88697706484724 -60 84.29644811117089
    endloop
  endfacet
  facet normal 0 1 0
    outer loop
      vertex 39 -60 90
      vertex 33.337286366254304 -60 84.26811705131163
      vertex 33.11302293515276 -60 84.29644811117089
    endloop
  endfacet
  facet normal 0 1 0
    outer loop
      vertex 39 -60 90
      vertex 33.55623058987491 -60 84.21190172933127
      vertex 33.337286366254304 -60 84.26811705131163
    endloop
  endfacet
  facet normal 0 1 0
    outer loop
      vertex 39 -60 90
      vertex 34.456230589874906 -60 83.55801345412645
      vertex 34.31214352935854 -60 83.73218479067164
    endloop
  endfacet
  facet normal 0 1 0
    outer loop
      vertex 39 -60 90
      vertex 34.577352024078955 -60 83.36715661338309
      vertex 34.456230589874906 -60 83.55801345412645
    endloop
  endfacet
  facet normal 0 1 0
    outer loop
      vertex 39 -60 90
      vertex 34.8 -60 82.5
      vertex 34.78580646236606 -60 82.72559982041575
    endloop
  endfacet
  facet normal 0 1 0
    outer loop
      vertex 39 -60 90
      vertex 34.78580646236606 -60 82.72559982041575
      vertex 34.74344969003154 -60 82.94764179689673
    endloop
  endfacet
  facet normal 0 1 0
    outer loop
      vertex 39 -60 90
      vertex 34.74344969003154 -60 82.94764179689673
      vertex 34.67359767459885 -60 83.16262419483242
    endloop
  endfacet
  facet normal 0 1 0
    outer loop
      vertex 39 -60 90
      vertex 34.67359767459885 -60 83.16262419483242
      vertex 34.577352024078955 -60 83.36715661338309
    endloop
  endfacet
  facet normal 0 -1 0
    outer loop
      vertex 40.5 -61.5 90
      vertex 33.13681723729019 -61.5 84.67464771352266
      vertex 33.40829402230784 -61.5 84.64035222000882
    endloop
  endfacet
  facet normal 0 -1 0
    outer loop
      vertex 40.5 -61.5 90
      vertex 33.40829402230784 -61.5 84.64035222000882
      vertex 33.67333176669067 -61.5 84.57230209340102
    endloop
  endfacet
  facet normal 0 -1 0
    outer loop
      vertex 40.5 -61.5 90
      vertex 33.67333176669067 -61.5 84.57230209340102
      vertex 33.927750666883895 -61.5 84.47157052484701
    endloop
  endfacet
  facet normal 0 1 0
    outer loop
      vertex 39 -60 90
      vertex 33.766402724817134 -60 84.12868869443884
      vertex 33.55623058987491 -60 84.21190172933127
    endloop
  endfacet
  facet normal 0 1 0
    outer loop
      vertex 39 -60 90
      vertex 33.964488230962196 -60 84.01979026590362
      vertex 33.766402724817134 -60 84.12868869443884
    endloop
  endfacet
  facet normal 0 1 0
    outer loop
      vertex 39 -60 90
      vertex 34.14736318154764 -60 83.88692383699642
      vertex 33.964488230962196 -60 84.01979026590362
    endloop
  endfacet
  facet normal 0 1 0
    outer loop
      vertex 39 -60 90
      vertex 34.31214352935854 -60 83.73218479067164
      vertex 34.14736318154764 -60 83.88692383699642
    endloop
  endfacet
  facet normal 0 -1 0
    outer loop
      vertex 40.5 -61.5 90
      vertex 33.927750666883895 -61.5 84.47157052484701
      vertex 34.167538384848974 -61.5 84.33974611135702
    endloop
  endfacet
  facet normal 0 -1 0
    outer loop
      vertex 40.5 -61.5 90
      vertex 34.167538384848974 -61.5 84.33974611135702
      vertex 34.38891332503135 -61.5 84.17890780267987
    endloop
  endfacet
  facet normal 0 -1 0
    outer loop
      vertex 40.5 -61.5 90
      vertex 34.38891332503135 -61.5 84.17890780267987
      vertex 34.58838427238139 -61.5 83.99159211502356
    endloop
  endfacet
  facet normal 0 -1 0
    outer loop
      vertex 40.5 -61.5 90
      vertex 34.58838427238139 -61.5 83.99159211502356
      vertex 34.762805450901205 -61.5 83.7807531286794
    endloop
  endfacet
  facet normal 0 -1 0
    outer loop
      vertex 40.5 -61.5 90
      vertex 35.16176571760102 -61.5 82.77309451945064
      vertex 35.17894736842105 -61.5 82.5
    endloop
  endfacet
  facet normal 0 -1 0
    outer loop
      vertex 40.5 -61.5 90
      vertex 35.11049173003818 -61.5 83.04188217519078
      vertex 35.16176571760102 -61.5 82.77309451945064
    endloop
  endfacet
  facet normal 0 -1 0
    outer loop
      vertex 40.5 -61.5 90
      vertex 34.762805450901205 -61.5 83.7807531286794
      vertex 34.90942613441137 -61.5 83.5497159004111
    endloop
  endfacet
  facet normal 0 -1 0
    outer loop
      vertex 40.5 -61.5 90
      vertex 34.90942613441137 -61.5 83.5497159004111
      vertex 35.02593402714598 -61.5 83.30212402532345
    endloop
  endfacet
  facet normal 0 -1 0
    outer loop
      vertex 40.5 -61.5 90
      vertex 35.02593402714598 -61.5 83.30212402532345
      vertex 35.11049173003818 -61.5 83.04188217519078
    endloop
  endfacet
  facet normal 0 0 1
    outer loop
      vertex 39 -60 90
      vertex 40.5 -61.5 90
      vertex 40.5 -60 90
    endloop
  endfacet
  facet normal 1 0 0
    outer loop
      vertex 40.5 -61.5 90
      vertex 40.5 -60 88.90243902439025
      vertex 40.5 -60 90
    endloop
  endfacet
  facet normal 1 0 0
    outer loop
      vertex 40.5 -60 0
      vertex 40.5 60 0
      vertex 40.5 -60 44.451219512195124
    endloop
  endfacet
  facet normal 1 0 0
    outer loop
      vertex 40.5 -60 44.451219512195124
      vertex 40.5 60 0
      vertex 40.5 -61.5 90
    endloop
  endfacet
  facet normal -1 0 0
    outer loop
      vertex 39 -60 1.5
      vertex 39 -60 90
      vertex 39 60 90
    endloop
  endfacet
  facet normal 1 0 0
    outer loop
      vertex 40.5 -61.5 90
      vertex 40.5 60 0
      vertex 40.5 -60 88.90243902439025
    endloop
  endfacet
  facet normal 0 0 1
    outer loop
      vertex 39 -60 90
      vertex 40.5 -60 90
      vertex 40.5 60 90
    endloop
  endfacet
  facet normal 1 0 0
    outer loop
      vertex 40.5 -60 88.90243902439025
      vertex 40.5 60 90
      vertex 40.5 -60 90
    endloop
  endfacet
  facet normal -1 0 0
    outer loop
      vertex 39 -60 1.5
      vertex 39 60 90
      vertex 39 60 1.5
    endloop
  endfacet
  facet normal 1 0 0
    outer loop
      vertex 40.5 -60 88.90243902439025
      vertex 40.5 60 0
      vertex 40.5 60 90
    endloop
  endfacet
  facet normal 0 0 1
    outer loop
      vertex 39 -60 90
      vertex 40.5 60 90
      vertex 39 60 90
    endloop
  endfacet
  facet normal 0 -1 0
    outer loop
      vertex -40.475 -61.5 1.5
      vertex -40.5 -61.5 90
      vertex -40.5 -61.5 1.5
    endloop
  endfacet
  facet normal 1 0 0
    outer loop
      vertex -39 -60 1.5
      vertex -39 60 1.5
      vertex -39 -60 90
    endloop
  endfacet
  facet normal 0 -1 0
    outer loop
      vertex -40.475 -61.5 1.5
      vertex -39 -61.5 90
      vertex -40.5 -61.5 90
    endloop
  endfacet
  facet normal -1 0 0
    outer loop
      vertex -40.5 -60 0
      vertex -40.5 -60 90
      vertex -40.5 60 90
    endloop
  endfacet
  facet normal 0 0 1
    outer loop
      vertex -40.5 -60 90
      vertex -39 -60 90
      vertex -39 60 90
    endloop
  endfacet
  facet normal -1 0 0
    outer loop
      vertex -40.5 -60 0
      vertex -40.5 60 90
      vertex -40.5 60 0
    endloop
  endfacet
  facet normal 1 0 0
    outer loop
      vertex -39 -60 90
      vertex -39 60 1.5
      vertex -39 60 90
    endloop
  endfacet
  facet normal 0 0 1
    outer loop
      vertex -40.5 -60 90
      vertex -39 60 90
      vertex -40.5 60 90
    endloop
  endfacet
  facet normal 0.2674905375314682 -0.6870284404387169 0.675603977459777
    outer loop
      vertex -33.55623058987491 -61.1 5.788098270668724
      vertex -33.927750666883895 -61.5 5.52842947515299
      vertex -33.67333176669067 -61.5 5.427697906598982
    endloop
  endfacet
  facet normal 0.1807056636435436 -0.6870284404387178 0.7038020923210516
    outer loop
      vertex -33.337286366254304 -61.1 5.7318829486883605
      vertex -33.67333176669067 -61.5 5.427697906598982
      vertex -33.40829402230784 -61.5 5.359647779991175
    endloop
  endfacet
  facet normal 0.09107095349163008 -0.6870284404387177 0.7209008277554332
    outer loop
      vertex -33.337286366254304 -61.1 5.7318829486883605
      vertex -33.40829402230784 -61.5 5.359647779991175
      vertex -33.11302293515276 -61.1 5.703551888829111
    endloop
  endfacet
  facet normal 0.09107095349163165 -0.6870284404387182 0.7209008277554325
    outer loop
      vertex -33.11302293515276 -61.1 5.703551888829111
      vertex -33.40829402230784 -61.5 5.359647779991175
      vertex -33.13681723729019 -61.5 5.3253522864773455
    endloop
  endfacet
  facet normal 0 -0.687028440438718 0.7266305264908314
    outer loop
      vertex -32.88697706484724 -61.1 5.703551888829111
      vertex -33.13681723729019 -61.5 5.3253522864773455
      vertex -32.86318276270981 -61.5 5.3253522864773455
    endloop
  endfacet
  facet normal 0 -0.6870284404387181 0.7266305264908314
    outer loop
      vertex -33.11302293515276 -61.1 5.703551888829111
      vertex -33.13681723729019 -61.5 5.3253522864773455
      vertex -32.88697706484724 -61.1 5.703551888829111
    endloop
  endfacet
  facet normal -0.09107095349163002 -0.6870284404387182 0.7209008277554327
    outer loop
      vertex -32.88697706484724 -61.1 5.703551888829111
      vertex -32.86318276270981 -61.5 5.3253522864773455
      vertex -32.662713633745696 -61.1 5.7318829486883605
    endloop
  endfacet
  facet normal -0.0910709534916317 -0.6870284404387177 0.720900827755433
    outer loop
      vertex -32.662713633745696 -61.1 5.7318829486883605
      vertex -32.86318276270981 -61.5 5.3253522864773455
      vertex -32.59170597769216 -61.5 5.359647779991175
    endloop
  endfacet
  facet normal -0.18070566364354348 -0.6870284404387171 0.7038020923210518
    outer loop
      vertex -32.44376941012509 -61.1 5.788098270668724
      vertex -32.59170597769216 -61.5 5.359647779991175
      vertex -32.32666823330933 -61.5 5.427697906598982
    endloop
  endfacet
  facet normal -0.2674905375314682 -0.6870284404387166 0.6756039774597772
    outer loop
      vertex -32.233597275182866 -61.1 5.871311305561164
      vertex -32.32666823330933 -61.5 5.427697906598982
      vertex -32.072249333116105 -61.5 5.52842947515299
    endloop
  endfacet
  facet normal 0.6574749575165321 -0.6870284404387205 0.3093842307988141
    outer loop
      vertex -34.577352024078955 -61.1 6.632843386616912
      vertex -35.02593402714598 -61.5 6.697875974676544
      vertex -34.90942613441137 -61.5 6.450284099588894
    endloop
  endfacet
  facet normal 0.6910666971580808 -0.687028440438719 0.22454118131728748
    outer loop
      vertex -34.67359767459885 -61.1 6.8373758051675795
      vertex -35.11049173003818 -61.5 6.958117824809211
      vertex -35.02593402714598 -61.5 6.697875974676544
    endloop
  endfacet
  facet normal 0.6910666971580808 -0.6870284404387172 0.2245411813172932
    outer loop
      vertex -34.74344969003154 -61.1 7.052358203103261
      vertex -35.11049173003818 -61.5 6.958117824809211
      vertex -34.67359767459885 -61.1 6.8373758051675795
    endloop
  endfacet
  facet normal 0.5598784432663241 -0.6870284404387157 0.4631717292689867
    outer loop
      vertex -34.31214352935854 -61.1 6.267815209328361
      vertex -34.762805450901205 -61.5 6.219246871320611
      vertex -34.58838427238139 -61.5 6.008407884976437
    endloop
  endfacet
  facet normal 0.5598784432663303 -0.6870284404387209 0.4631717292689715
    outer loop
      vertex -34.456230589874906 -61.1 6.441986545873548
      vertex -34.762805450901205 -61.5 6.219246871320611
      vertex -34.31214352935854 -61.1 6.267815209328361
    endloop
  endfacet
  facet normal 0.4271027073368312 -0.6870284404387186 0.5878564445626938
    outer loop
      vertex -33.964488230962196 -61.1 5.980209734096373
      vertex -34.38891332503135 -61.5 5.821092197320123
      vertex -34.167538384848974 -61.5 5.660253888642979
    endloop
  endfacet
  facet normal 0.49741282398873743 -0.6870284404387182 0.5296908575385193
    outer loop
      vertex -34.14736318154764 -61.1 6.113076163003579
      vertex -34.58838427238139 -61.5 6.008407884976437
      vertex -34.38891332503135 -61.5 5.821092197320123
    endloop
  endfacet
  facet normal 0.49741282398873304 -0.6870284404387154 0.5296908575385272
    outer loop
      vertex -34.14736318154764 -61.1 6.113076163003579
      vertex -34.31214352935854 -61.1 6.267815209328361
      vertex -34.58838427238139 -61.5 6.008407884976437
    endloop
  endfacet
  facet normal 0.6135144450384389 -0.6870284404387209 0.389348106143481
    outer loop
      vertex -34.456230589874906 -61.1 6.441986545873548
      vertex -34.90942613441137 -61.5 6.450284099588894
      vertex -34.762805450901205 -61.5 6.219246871320611
    endloop
  endfacet
  facet normal 0.6135144450384385 -0.6870284404387205 0.3893481061434824
    outer loop
      vertex -34.456230589874906 -61.1 6.441986545873548
      vertex -34.577352024078955 -61.1 6.632843386616912
      vertex -34.90942613441137 -61.5 6.450284099588894
    endloop
  endfacet
  facet normal 0.6574749575165314 -0.6870284404387188 0.309384230798819
    outer loop
      vertex -34.67359767459885 -61.1 6.8373758051675795
      vertex -35.02593402714598 -61.5 6.697875974676544
      vertex -34.577352024078955 -61.1 6.632843386616912
    endloop
  endfacet
  facet normal 0.7137599021622195 -0.6870284404387174 0.13615698327196696
    outer loop
      vertex -34.74344969003154 -61.1 7.052358203103261
      vertex -35.16176571760102 -61.5 7.226905480549358
      vertex -35.11049173003818 -61.5 6.958117824809211
    endloop
  endfacet
  facet normal 0.7251966871297572 -0.6870284404387186 0.04562550826420581
    outer loop
      vertex -34.78580646236606 -61.1 7.274400179584252
      vertex -35.17894736842105 -61.5 7.5
      vertex -35.16176571760102 -61.5 7.226905480549358
    endloop
  endfacet
  facet normal 0.7137599021622187 -0.6870284404387192 0.1361569832719609
    outer loop
      vertex -34.74344969003154 -61.1 7.052358203103261
      vertex -34.78580646236606 -61.1 7.274400179584252
      vertex -35.16176571760102 -61.5 7.226905480549358
    endloop
  endfacet
  facet normal 0.725196687129757 -0.6870284404387187 -0.04562550826420581
    outer loop
      vertex -34.8 -61.1 7.5
      vertex -35.16176571760102 -61.5 7.773094519450642
      vertex -35.17894736842105 -61.5 7.5
    endloop
  endfacet
  facet normal 0.7251966871297573 -0.6870284404387187 0.04562550826420578
    outer loop
      vertex -34.78580646236606 -61.1 7.274400179584252
      vertex -34.8 -61.1 7.5
      vertex -35.17894736842105 -61.5 7.5
    endloop
  endfacet
  facet normal 0.7251966871297573 -0.6870284404387187 -0.04562550826420578
    outer loop
      vertex -34.8 -61.1 7.5
      vertex -34.78580646236606 -61.1 7.725599820415748
      vertex -35.16176571760102 -61.5 7.773094519450642
    endloop
  endfacet
  facet normal 0.7137599021622179 -0.6870284404387191 -0.13615698327196665
    outer loop
      vertex -34.78580646236606 -61.1 7.725599820415748
      vertex -35.11049173003818 -61.5 8.04188217519079
      vertex -35.16176571760102 -61.5 7.773094519450642
    endloop
  endfacet
  facet normal 0.7137599021622206 -0.6870284404387172 -0.13615698327196127
    outer loop
      vertex -34.78580646236606 -61.1 7.725599820415748
      vertex -34.74344969003154 -61.1 7.947641796896739
      vertex -35.11049173003818 -61.5 8.04188217519079
    endloop
  endfacet
  facet normal 0.6910666971580819 -0.6870284404387172 -0.22454118131728934
    outer loop
      vertex -34.74344969003154 -61.1 7.947641796896739
      vertex -35.02593402714598 -61.5 8.302124025323455
      vertex -35.11049173003818 -61.5 8.04188217519079
    endloop
  endfacet
  facet normal 0.6574749575165348 -0.6870284404387186 -0.30938423079881217
    outer loop
      vertex -34.67359767459885 -61.1 8.16262419483242
      vertex -34.90942613441137 -61.5 8.549715900411107
      vertex -35.02593402714598 -61.5 8.302124025323455
    endloop
  endfacet
  facet normal 0.691066697158079 -0.6870284404387189 -0.22454118131729356
    outer loop
      vertex -34.74344969003154 -61.1 7.947641796896739
      vertex -34.67359767459885 -61.1 8.16262419483242
      vertex -35.02593402714598 -61.5 8.302124025323455
    endloop
  endfacet
  facet normal 0.6574749575165303 -0.6870284404387209 -0.30938423079881716
    outer loop
      vertex -34.67359767459885 -61.1 8.16262419483242
      vertex -34.577352024078955 -61.1 8.367156613383088
      vertex -34.90942613441137 -61.5 8.549715900411107
    endloop
  endfacet
  facet normal 0.4271027073368307 -0.6870284404387181 0.5878564445626944
    outer loop
      vertex -34.14736318154764 -61.1 6.113076163003579
      vertex -34.38891332503135 -61.5 5.821092197320123
      vertex -33.964488230962196 -61.1 5.980209734096373
    endloop
  endfacet
  facet normal 0.3500569258514199 -0.6870284404387165 0.6367511842877079
    outer loop
      vertex -33.766402724817134 -61.1 5.871311305561164
      vertex -34.167538384848974 -61.5 5.660253888642979
      vertex -33.927750666883895 -61.5 5.52842947515299
    endloop
  endfacet
  facet normal 0.3500569258514248 -0.6870284404387187 0.6367511842877028
    outer loop
      vertex -33.964488230962196 -61.1 5.980209734096373
      vertex -34.167538384848974 -61.5 5.660253888642979
      vertex -33.766402724817134 -61.1 5.871311305561164
    endloop
  endfacet
  facet normal 0.26749053753146723 -0.6870284404387167 0.6756039774597775
    outer loop
      vertex -33.766402724817134 -61.1 5.871311305561164
      vertex -33.927750666883895 -61.5 5.52842947515299
      vertex -33.55623058987491 -61.1 5.788098270668724
    endloop
  endfacet
  facet normal 0.18070566364354215 -0.6870284404387172 0.7038020923210522
    outer loop
      vertex -33.55623058987491 -61.1 5.788098270668724
      vertex -33.67333176669067 -61.5 5.427697906598982
      vertex -33.337286366254304 -61.1 5.7318829486883605
    endloop
  endfacet
  facet normal 0.6135144450384376 -0.6870284404387209 -0.38934810614348314
    outer loop
      vertex -34.577352024078955 -61.1 8.367156613383088
      vertex -34.762805450901205 -61.5 8.780753128679388
      vertex -34.90942613441137 -61.5 8.549715900411107
    endloop
  endfacet
  facet normal 0.5598784432663216 -0.6870284404387204 -0.4631717292689827
    outer loop
      vertex -34.456230589874906 -61.1 8.558013454126451
      vertex -34.58838427238139 -61.5 8.991592115023563
      vertex -34.762805450901205 -61.5 8.780753128679388
    endloop
  endfacet
  facet normal 0.6135144450384372 -0.6870284404387211 -0.3893481061434834
    outer loop
      vertex -34.577352024078955 -61.1 8.367156613383088
      vertex -34.456230589874906 -61.1 8.558013454126451
      vertex -34.762805450901205 -61.5 8.780753128679388
    endloop
  endfacet
  facet normal 0.5598784432663342 -0.6870284404387157 -0.46317172926897465
    outer loop
      vertex -34.456230589874906 -61.1 8.558013454126451
      vertex -34.31214352935854 -61.1 8.732184790671639
      vertex -34.58838427238139 -61.5 8.991592115023563
    endloop
  endfacet
  facet normal 0.4974128239887388 -0.6870284404387162 -0.5296908575385207
    outer loop
      vertex -34.31214352935854 -61.1 8.732184790671639
      vertex -34.38891332503135 -61.5 9.178907802679877
      vertex -34.58838427238139 -61.5 8.991592115023563
    endloop
  endfacet
  facet normal 0.42710270733683087 -0.6870284404387189 -0.5878564445626935
    outer loop
      vertex -34.14736318154764 -61.1 8.88692383699642
      vertex -34.167538384848974 -61.5 9.339746111357021
      vertex -34.38891332503135 -61.5 9.178907802679877
    endloop
  endfacet
  facet normal 0.4974128239887306 -0.687028440438719 -0.5296908575385245
    outer loop
      vertex -34.31214352935854 -61.1 8.732184790671639
      vertex -34.14736318154764 -61.1 8.88692383699642
      vertex -34.38891332503135 -61.5 9.178907802679877
    endloop
  endfacet
  facet normal 0.4271027073368324 -0.6870284404387184 -0.5878564445626928
    outer loop
      vertex -34.14736318154764 -61.1 8.88692383699642
      vertex -33.964488230962196 -61.1 9.019790265903627
      vertex -34.167538384848974 -61.5 9.339746111357021
    endloop
  endfacet
  facet normal 0.35005692585141884 -0.6870284404387186 -0.6367511842877063
    outer loop
      vertex -33.964488230962196 -61.1 9.019790265903627
      vertex -33.927750666883895 -61.5 9.47157052484701
      vertex -34.167538384848974 -61.5 9.339746111357021
    endloop
  endfacet
  facet normal 0.3500569258514259 -0.6870284404387162 -0.6367511842877048
    outer loop
      vertex -33.964488230962196 -61.1 9.019790265903627
      vertex -33.766402724817134 -61.1 9.128688694438836
      vertex -33.927750666883895 -61.5 9.47157052484701
    endloop
  endfacet
  facet normal 0.26749053753147023 -0.6870284404387167 -0.6756039774597763
    outer loop
      vertex -33.766402724817134 -61.1 9.128688694438836
      vertex -33.67333176669067 -61.5 9.572302093401019
      vertex -33.927750666883895 -61.5 9.47157052484701
    endloop
  endfacet
  facet normal 0.18070566364354126 -0.6870284404387171 -0.7038020923210525
    outer loop
      vertex -33.55623058987491 -61.1 9.211901729331277
      vertex -33.40829402230784 -61.5 9.640352220008825
      vertex -33.67333176669067 -61.5 9.572302093401019
    endloop
  endfacet
  facet normal 0.2674905375314696 -0.6870284404387169 -0.6756039774597763
    outer loop
      vertex -33.766402724817134 -61.1 9.128688694438836
      vertex -33.55623058987491 -61.1 9.211901729331277
      vertex -33.67333176669067 -61.5 9.572302093401019
    endloop
  endfacet
  facet normal 0.18070566364353932 -0.6870284404387178 -0.7038020923210523
    outer loop
      vertex -33.55623058987491 -61.1 9.211901729331277
      vertex -33.337286366254304 -61.1 9.26811705131164
      vertex -33.40829402230784 -61.5 9.640352220008825
    endloop
  endfacet
  facet normal 0.0910709534916317 -0.6870284404387177 -0.720900827755433
    outer loop
      vertex -33.337286366254304 -61.1 9.26811705131164
      vertex -33.13681723729019 -61.5 9.674647713522655
      vertex -33.40829402230784 -61.5 9.640352220008825
    endloop
  endfacet
  facet normal 0.09107095349163001 -0.6870284404387182 -0.7209008277554326
    outer loop
      vertex -33.337286366254304 -61.1 9.26811705131164
      vertex -33.11302293515276 -61.1 9.29644811117089
      vertex -33.13681723729019 -61.5 9.674647713522655
    endloop
  endfacet
  facet normal 0 -0.6870284404387181 -0.7266305264908314
    outer loop
      vertex -33.11302293515276 -61.1 9.29644811117089
      vertex -32.88697706484724 -61.1 9.29644811117089
      vertex -32.86318276270981 -61.5 9.674647713522655
    endloop
  endfacet
  facet normal 0 -0.687028440438718 -0.7266305264908314
    outer loop
      vertex -33.11302293515276 -61.1 9.29644811117089
      vertex -32.86318276270981 -61.5 9.674647713522655
      vertex -33.13681723729019 -61.5 9.674647713522655
    endloop
  endfacet
  facet normal -0.18070566364354204 -0.6870284404387178 0.7038020923210517
    outer loop
      vertex -32.662713633745696 -61.1 5.7318829486883605
      vertex -32.59170597769216 -61.5 5.359647779991175
      vertex -32.44376941012509 -61.1 5.788098270668724
    endloop
  endfacet
  facet normal -0.2674905375314671 -0.687028440438717 0.6756039774597772
    outer loop
      vertex -32.44376941012509 -61.1 5.788098270668724
      vertex -32.32666823330933 -61.5 5.427697906598982
      vertex -32.233597275182866 -61.1 5.871311305561164
    endloop
  endfacet
  facet normal -0.35005692585142184 -0.6870284404387169 0.6367511842877063
    outer loop
      vertex -32.035511769037804 -61.1 5.9802097340963725
      vertex -32.072249333116105 -61.5 5.52842947515299
      vertex -31.83246161515103 -61.5 5.660253888642978
    endloop
  endfacet
  facet normal -0.3500569258514236 -0.6870284404387164 0.6367511842877059
    outer loop
      vertex -32.233597275182866 -61.1 5.871311305561164
      vertex -32.072249333116105 -61.5 5.52842947515299
      vertex -32.035511769037804 -61.1 5.9802097340963725
    endloop
  endfacet
  facet normal -0.42710270733682987 -0.6870284404387166 0.5878564445626969
    outer loop
      vertex -32.035511769037804 -61.1 5.9802097340963725
      vertex -31.83246161515103 -61.5 5.660253888642978
      vertex -31.852636818452357 -61.1 6.11307616300358
    endloop
  endfacet
  facet normal -0.4271027073368254 -0.6870284404387181 0.5878564445626985
    outer loop
      vertex -31.852636818452357 -61.1 6.11307616300358
      vertex -31.83246161515103 -61.5 5.660253888642978
      vertex -31.611086674968643 -61.5 5.821092197320124
    endloop
  endfacet
  facet normal -0.49741282398874115 -0.6870284404387179 0.529690857538516
    outer loop
      vertex -31.852636818452357 -61.1 6.11307616300358
      vertex -31.611086674968643 -61.5 5.821092197320124
      vertex -31.68785647064146 -61.1 6.267815209328361
    endloop
  endfacet
  facet normal -0.497412823988741 -0.687028440438718 0.5296908575385162
    outer loop
      vertex -31.68785647064146 -61.1 6.267815209328361
      vertex -31.611086674968643 -61.5 5.821092197320124
      vertex -31.41161572761861 -61.5 6.008407884976437
    endloop
  endfacet
  facet normal -0.5598784432663267 -0.687028440438718 0.46317172926898
    outer loop
      vertex -31.68785647064146 -61.1 6.267815209328361
      vertex -31.41161572761861 -61.5 6.008407884976437
      vertex -31.543769410125094 -61.1 6.441986545873548
    endloop
  endfacet
  facet normal -0.5598784432663271 -0.687028440438718 0.4631717292689798
    outer loop
      vertex -31.543769410125094 -61.1 6.441986545873548
      vertex -31.41161572761861 -61.5 6.008407884976437
      vertex -31.2371945490988 -61.5 6.219246871320611
    endloop
  endfacet
  facet normal -0.6135144450384403 -0.687028440438718 0.3893481061434836
    outer loop
      vertex -31.543769410125094 -61.1 6.441986545873548
      vertex -31.2371945490988 -61.5 6.219246871320611
      vertex -31.422647975921045 -61.1 6.632843386616912
    endloop
  endfacet
  facet normal -0.6135144450384415 -0.6870284404387176 0.3893481061434826
    outer loop
      vertex -31.422647975921045 -61.1 6.632843386616912
      vertex -31.2371945490988 -61.5 6.219246871320611
      vertex -31.090573865588635 -61.5 6.450284099588894
    endloop
  endfacet
  facet normal -0.657474957516532 -0.6870284404387176 0.30938423079882066
    outer loop
      vertex -31.422647975921045 -61.1 6.632843386616912
      vertex -31.090573865588635 -61.5 6.450284099588894
      vertex -31.326402325401148 -61.1 6.837375805167579
    endloop
  endfacet
  facet normal -0.6574749575165295 -0.6870284404387188 0.3093842307988235
    outer loop
      vertex -31.326402325401148 -61.1 6.837375805167579
      vertex -31.090573865588635 -61.5 6.450284099588894
      vertex -30.97406597285402 -61.5 6.697875974676543
    endloop
  endfacet
  facet normal -0.6910666971580832 -0.6870284404387188 0.22454118131728074
    outer loop
      vertex -31.326402325401148 -61.1 6.837375805167579
      vertex -30.97406597285402 -61.5 6.697875974676543
      vertex -31.256550309968464 -61.1 7.052358203103262
    endloop
  endfacet
  facet normal -0.6910666971580857 -0.6870284404387174 0.22454118131727732
    outer loop
      vertex -31.256550309968464 -61.1 7.052358203103262
      vertex -30.97406597285402 -61.5 6.697875974676543
      vertex -30.889508269961826 -61.5 6.958117824809213
    endloop
  endfacet
  facet normal -0.7137599021622183 -0.6870284404387174 0.1361569832719728
    outer loop
      vertex -31.256550309968464 -61.1 7.052358203103262
      vertex -30.889508269961826 -61.5 6.958117824809213
      vertex -31.21419353763394 -61.1 7.274400179584252
    endloop
  endfacet
  facet normal -0.7251966871297562 -0.687028440438719 0.045625508264217136
    outer loop
      vertex -31.21419353763394 -61.1 7.274400179584252
      vertex -30.83823428239898 -61.5 7.226905480549358
      vertex -31.2 -61.1 7.5
    endloop
  endfacet
  facet normal -0.7251966871297568 -0.6870284404387182 -0.04562550826421718
    outer loop
      vertex -31.2 -61.1 7.5
      vertex -30.821052631578947 -61.5 7.5
      vertex -31.21419353763394 -61.1 7.725599820415748
    endloop
  endfacet
  facet normal -0.713759902162217 -0.687028440438719 -0.13615698327197198
    outer loop
      vertex -31.21419353763394 -61.1 7.725599820415748
      vertex -30.83823428239898 -61.5 7.773094519450642
      vertex -31.256550309968464 -61.1 7.947641796896739
    endloop
  endfacet
  facet normal -0.6910666971580836 -0.6870284404387175 -0.22454118131728365
    outer loop
      vertex -31.256550309968464 -61.1 7.947641796896739
      vertex -30.889508269961826 -61.5 8.04188217519079
      vertex -31.326402325401148 -61.1 8.16262419483242
    endloop
  endfacet
  facet normal -0.6574749575165322 -0.6870284404387186 -0.30938423079881805
    outer loop
      vertex -31.326402325401148 -61.1 8.16262419483242
      vertex -30.97406597285402 -61.5 8.302124025323455
      vertex -31.422647975921045 -61.1 8.367156613383088
    endloop
  endfacet
  facet normal -0.6910666971580836 -0.6870284404387185 -0.22454118131728049
    outer loop
      vertex -31.326402325401148 -61.1 8.16262419483242
      vertex -30.889508269961826 -61.5 8.04188217519079
      vertex -30.97406597285402 -61.5 8.302124025323455
    endloop
  endfacet
  facet normal -0.6574749575165318 -0.6870284404387178 -0.30938423079882027
    outer loop
      vertex -31.422647975921045 -61.1 8.367156613383088
      vertex -30.97406597285402 -61.5 8.302124025323455
      vertex -31.090573865588635 -61.5 8.549715900411107
    endloop
  endfacet
  facet normal -0.7137599021622162 -0.6870284404387189 0.13615698327197664
    outer loop
      vertex -31.21419353763394 -61.1 7.274400179584252
      vertex -30.889508269961826 -61.5 6.958117824809213
      vertex -30.83823428239898 -61.5 7.226905480549358
    endloop
  endfacet
  facet normal -0.7251966871297568 -0.6870284404387184 0.045625508264215194
    outer loop
      vertex -31.2 -61.1 7.5
      vertex -30.83823428239898 -61.5 7.226905480549358
      vertex -30.821052631578947 -61.5 7.5
    endloop
  endfacet
  facet normal -0.7251966871297564 -0.6870284404387189 -0.04562550826421516
    outer loop
      vertex -31.21419353763394 -61.1 7.725599820415748
      vertex -30.821052631578947 -61.5 7.5
      vertex -30.83823428239898 -61.5 7.773094519450642
    endloop
  endfacet
  facet normal -0.7137599021622175 -0.6870284404387177 -0.13615698327197615
    outer loop
      vertex -31.256550309968464 -61.1 7.947641796896739
      vertex -30.83823428239898 -61.5 7.773094519450642
      vertex -30.889508269961826 -61.5 8.04188217519079
    endloop
  endfacet
  facet normal -0.09107095349163008 -0.6870284404387177 -0.7209008277554332
    outer loop
      vertex -32.88697706484724 -61.1 9.29644811117089
      vertex -32.662713633745696 -61.1 9.26811705131164
      vertex -32.59170597769216 -61.5 9.640352220008825
    endloop
  endfacet
  facet normal -0.09107095349163165 -0.6870284404387182 -0.7209008277554325
    outer loop
      vertex -32.88697706484724 -61.1 9.29644811117089
      vertex -32.59170597769216 -61.5 9.640352220008825
      vertex -32.86318276270981 -61.5 9.674647713522655
    endloop
  endfacet
  facet normal -0.1807056636435395 -0.6870284404387171 -0.703802092321053
    outer loop
      vertex -32.662713633745696 -61.1 9.26811705131164
      vertex -32.44376941012509 -61.1 9.211901729331277
      vertex -32.32666823330933 -61.5 9.572302093401019
    endloop
  endfacet
  facet normal -0.26749053753147023 -0.6870284404387168 -0.6756039774597762
    outer loop
      vertex -32.44376941012509 -61.1 9.211901729331277
      vertex -32.072249333116105 -61.5 9.47157052484701
      vertex -32.32666823330933 -61.5 9.572302093401019
    endloop
  endfacet
  facet normal -0.18070566364354132 -0.6870284404387177 -0.703802092321052
    outer loop
      vertex -32.662713633745696 -61.1 9.26811705131164
      vertex -32.32666823330933 -61.5 9.572302093401019
      vertex -32.59170597769216 -61.5 9.640352220008825
    endloop
  endfacet
  facet normal -0.4271027073368268 -0.6870284404387188 -0.5878564445626966
    outer loop
      vertex -32.035511769037804 -61.1 9.019790265903627
      vertex -31.852636818452357 -61.1 8.88692383699642
      vertex -31.611086674968643 -61.5 9.178907802679877
    endloop
  endfacet
  facet normal -0.4974128239887401 -0.6870284404387174 -0.529690857538518
    outer loop
      vertex -31.852636818452357 -61.1 8.88692383699642
      vertex -31.68785647064146 -61.1 8.73218479067164
      vertex -31.41161572761861 -61.5 8.991592115023563
    endloop
  endfacet
  facet normal -0.26749053753146973 -0.6870284404387168 -0.6756039774597765
    outer loop
      vertex -32.44376941012509 -61.1 9.211901729331277
      vertex -32.233597275182866 -61.1 9.128688694438836
      vertex -32.072249333116105 -61.5 9.47157052484701
    endloop
  endfacet
  facet normal -0.3500569258514199 -0.6870284404387165 -0.6367511842877079
    outer loop
      vertex -32.233597275182866 -61.1 9.128688694438836
      vertex -31.832461615151026 -61.5 9.339746111357021
      vertex -32.072249333116105 -61.5 9.47157052484701
    endloop
  endfacet
  facet normal -0.3500569258514248 -0.6870284404387187 -0.6367511842877028
    outer loop
      vertex -32.035511769037804 -61.1 9.019790265903627
      vertex -31.832461615151026 -61.5 9.339746111357021
      vertex -32.233597275182866 -61.1 9.128688694438836
    endloop
  endfacet
  facet normal -0.42710270733682654 -0.6870284404387187 -0.5878564445626968
    outer loop
      vertex -32.035511769037804 -61.1 9.019790265903627
      vertex -31.611086674968643 -61.5 9.178907802679877
      vertex -31.832461615151026 -61.5 9.339746111357021
    endloop
  endfacet
  facet normal -0.5598784432663292 -0.6870284404387179 -0.46317172926897715
    outer loop
      vertex -31.543769410125094 -61.1 8.558013454126451
      vertex -31.2371945490988 -61.5 8.780753128679388
      vertex -31.68785647064146 -61.1 8.73218479067164
    endloop
  endfacet
  facet normal -0.6135144450384397 -0.6870284404387179 -0.389348106143485
    outer loop
      vertex -31.543769410125094 -61.1 8.558013454126451
      vertex -31.422647975921045 -61.1 8.367156613383088
      vertex -31.090573865588635 -61.5 8.549715900411107
    endloop
  endfacet
  facet normal -0.4974128239887419 -0.6870284404387185 -0.5296908575385145
    outer loop
      vertex -31.852636818452357 -61.1 8.88692383699642
      vertex -31.41161572761861 -61.5 8.991592115023563
      vertex -31.611086674968643 -61.5 9.178907802679877
    endloop
  endfacet
  facet normal -0.5598784432663284 -0.6870284404387175 -0.4631717292689789
    outer loop
      vertex -31.68785647064146 -61.1 8.73218479067164
      vertex -31.2371945490988 -61.5 8.780753128679388
      vertex -31.41161572761861 -61.5 8.991592115023563
    endloop
  endfacet
  facet normal -0.6135144450384398 -0.687028440438718 -0.3893481061434844
    outer loop
      vertex -31.543769410125094 -61.1 8.558013454126451
      vertex -31.090573865588635 -61.5 8.549715900411107
      vertex -31.2371945490988 -61.5 8.780753128679388
    endloop
  endfacet
  facet normal 0.2674905375314682 -0.6870284404387169 0.675603977459777
    outer loop
      vertex 32.44376941012509 -61.1 5.788098270668724
      vertex 32.072249333116105 -61.5 5.52842947515299
      vertex 32.32666823330933 -61.5 5.427697906598982
    endloop
  endfacet
  facet normal 0.1807056636435436 -0.6870284404387178 0.7038020923210516
    outer loop
      vertex 32.662713633745696 -61.1 5.7318829486883605
      vertex 32.32666823330933 -61.5 5.427697906598982
      vertex 32.59170597769216 -61.5 5.359647779991175
    endloop
  endfacet
  facet normal 0.09107095349163008 -0.6870284404387177 0.7209008277554332
    outer loop
      vertex 32.662713633745696 -61.1 5.7318829486883605
      vertex 32.59170597769216 -61.5 5.359647779991175
      vertex 32.88697706484724 -61.1 5.703551888829111
    endloop
  endfacet
  facet normal 0.09107095349163165 -0.6870284404387182 0.7209008277554325
    outer loop
      vertex 32.88697706484724 -61.1 5.703551888829111
      vertex 32.59170597769216 -61.5 5.359647779991175
      vertex 32.86318276270981 -61.5 5.3253522864773455
    endloop
  endfacet
  facet normal 0 -0.687028440438718 0.7266305264908314
    outer loop
      vertex 33.11302293515276 -61.1 5.703551888829111
      vertex 32.86318276270981 -61.5 5.3253522864773455
      vertex 33.13681723729019 -61.5 5.3253522864773455
    endloop
  endfacet
  facet normal 0 -0.6870284404387181 0.7266305264908314
    outer loop
      vertex 32.88697706484724 -61.1 5.703551888829111
      vertex 32.86318276270981 -61.5 5.3253522864773455
      vertex 33.11302293515276 -61.1 5.703551888829111
    endloop
  endfacet
  facet normal -0.09107095349163002 -0.6870284404387182 0.7209008277554327
    outer loop
      vertex 33.11302293515276 -61.1 5.703551888829111
      vertex 33.13681723729019 -61.5 5.3253522864773455
      vertex 33.337286366254304 -61.1 5.7318829486883605
    endloop
  endfacet
  facet normal -0.0910709534916317 -0.6870284404387177 0.720900827755433
    outer loop
      vertex 33.337286366254304 -61.1 5.7318829486883605
      vertex 33.13681723729019 -61.5 5.3253522864773455
      vertex 33.40829402230784 -61.5 5.359647779991175
    endloop
  endfacet
  facet normal -0.18070566364354348 -0.6870284404387171 0.7038020923210518
    outer loop
      vertex 33.55623058987491 -61.1 5.788098270668724
      vertex 33.40829402230784 -61.5 5.359647779991175
      vertex 33.67333176669067 -61.5 5.427697906598982
    endloop
  endfacet
  facet normal -0.2674905375314682 -0.6870284404387166 0.6756039774597772
    outer loop
      vertex 33.766402724817134 -61.1 5.871311305561164
      vertex 33.67333176669067 -61.5 5.427697906598982
      vertex 33.927750666883895 -61.5 5.52842947515299
    endloop
  endfacet
  facet normal 0.559878443266327 -0.687028440438718 0.4631717292689797
    outer loop
      vertex 31.68785647064146 -61.1 6.267815209328361
      vertex 31.2371945490988 -61.5 6.219246871320611
      vertex 31.41161572761861 -61.5 6.008407884976437
    endloop
  endfacet
  facet normal 0.49741282398873743 -0.6870284404387182 0.5296908575385193
    outer loop
      vertex 31.85263681845236 -61.1 6.113076163003579
      vertex 31.41161572761861 -61.5 6.008407884976437
      vertex 31.611086674968647 -61.5 5.821092197320123
    endloop
  endfacet
  facet normal 0.559878443266327 -0.687028440438718 0.4631717292689801
    outer loop
      vertex 31.543769410125094 -61.1 6.441986545873548
      vertex 31.2371945490988 -61.5 6.219246871320611
      vertex 31.68785647064146 -61.1 6.267815209328361
    endloop
  endfacet
  facet normal 0.6574749575165308 -0.6870284404387176 0.3093842307988231
    outer loop
      vertex 31.422647975921045 -61.1 6.632843386616912
      vertex 30.97406597285402 -61.5 6.697875974676544
      vertex 31.090573865588635 -61.5 6.450284099588894
    endloop
  endfacet
  facet normal 0.6135144450384412 -0.6870284404387179 0.38934810614348236
    outer loop
      vertex 31.543769410125094 -61.1 6.441986545873548
      vertex 31.090573865588635 -61.5 6.450284099588894
      vertex 31.2371945490988 -61.5 6.219246871320611
    endloop
  endfacet
  facet normal 0.6910666971580839 -0.6870284404387187 0.22454118131727907
    outer loop
      vertex 31.326402325401148 -61.1 6.8373758051675795
      vertex 30.889508269961826 -61.5 6.958117824809211
      vertex 30.97406597285402 -61.5 6.697875974676544
    endloop
  endfacet
  facet normal 0.6910666971580839 -0.6870284404387175 0.2245411813172828
    outer loop
      vertex 31.256550309968464 -61.1 7.052358203103261
      vertex 30.889508269961826 -61.5 6.958117824809211
      vertex 31.326402325401148 -61.1 6.8373758051675795
    endloop
  endfacet
  facet normal 0.6574749575165314 -0.6870284404387188 0.309384230798819
    outer loop
      vertex 31.422647975921045 -61.1 6.632843386616912
      vertex 31.326402325401148 -61.1 6.8373758051675795
      vertex 30.97406597285402 -61.5 6.697875974676544
    endloop
  endfacet
  facet normal 0.6135144450384408 -0.6870284404387175 0.38934810614348386
    outer loop
      vertex 31.543769410125094 -61.1 6.441986545873548
      vertex 31.422647975921045 -61.1 6.632843386616912
      vertex 31.090573865588635 -61.5 6.450284099588894
    endloop
  endfacet
  facet normal 0.7137599021622175 -0.6870284404387177 0.13615698327197615
    outer loop
      vertex 31.256550309968464 -61.1 7.052358203103261
      vertex 30.83823428239898 -61.5 7.226905480549358
      vertex 30.889508269961826 -61.5 6.958117824809211
    endloop
  endfacet
  facet normal 0.7251966871297564 -0.6870284404387189 0.04562550826421516
    outer loop
      vertex 31.21419353763394 -61.1 7.274400179584252
      vertex 30.821052631578947 -61.5 7.5
      vertex 30.83823428239898 -61.5 7.226905480549358
    endloop
  endfacet
  facet normal 0.7251966871297568 -0.6870284404387184 -0.045625508264215194
    outer loop
      vertex 31.2 -61.1 7.5
      vertex 30.83823428239898 -61.5 7.773094519450642
      vertex 30.821052631578947 -61.5 7.5
    endloop
  endfacet
  facet normal 0.7137599021622164 -0.6870284404387189 -0.13615698327197576
    outer loop
      vertex 31.21419353763394 -61.1 7.725599820415748
      vertex 30.889508269961826 -61.5 8.04188217519079
      vertex 30.83823428239898 -61.5 7.773094519450642
    endloop
  endfacet
  facet normal 0.713759902162217 -0.687028440438719 0.13615698327197198
    outer loop
      vertex 31.256550309968464 -61.1 7.052358203103261
      vertex 31.21419353763394 -61.1 7.274400179584252
      vertex 30.83823428239898 -61.5 7.226905480549358
    endloop
  endfacet
  facet normal 0.7251966871297568 -0.6870284404387182 0.04562550826421718
    outer loop
      vertex 31.21419353763394 -61.1 7.274400179584252
      vertex 31.2 -61.1 7.5
      vertex 30.821052631578947 -61.5 7.5
    endloop
  endfacet
  facet normal 0.7251966871297562 -0.687028440438719 -0.045625508264217136
    outer loop
      vertex 31.2 -61.1 7.5
      vertex 31.21419353763394 -61.1 7.725599820415748
      vertex 30.83823428239898 -61.5 7.773094519450642
    endloop
  endfacet
  facet normal 0.7137599021622183 -0.6870284404387176 -0.13615698327197226
    outer loop
      vertex 31.21419353763394 -61.1 7.725599820415748
      vertex 31.256550309968464 -61.1 7.947641796896739
      vertex 30.889508269961826 -61.5 8.04188217519079
    endloop
  endfacet
  facet normal 0.6910666971580844 -0.6870284404387176 -0.22454118131728076
    outer loop
      vertex 31.256550309968464 -61.1 7.947641796896739
      vertex 30.97406597285402 -61.5 8.302124025323455
      vertex 30.889508269961826 -61.5 8.04188217519079
    endloop
  endfacet
  facet normal 0.6574749575165315 -0.6870284404387185 -0.30938423079882
    outer loop
      vertex 31.326402325401148 -61.1 8.16262419483242
      vertex 31.090573865588635 -61.5 8.549715900411107
      vertex 30.97406597285402 -61.5 8.302124025323455
    endloop
  endfacet
  facet normal 0.6910666971580826 -0.6870284404387186 -0.22454118131728332
    outer loop
      vertex 31.256550309968464 -61.1 7.947641796896739
      vertex 31.326402325401148 -61.1 8.16262419483242
      vertex 30.97406597285402 -61.5 8.302124025323455
    endloop
  endfacet
  facet normal 0.6574749575165328 -0.6870284404387178 -0.3093842307988184
    outer loop
      vertex 31.326402325401148 -61.1 8.16262419483242
      vertex 31.422647975921045 -61.1 8.367156613383088
      vertex 31.090573865588635 -61.5 8.549715900411107
    endloop
  endfacet
  facet normal 0.4271027073368312 -0.6870284404387186 0.5878564445626938
    outer loop
      vertex 32.035511769037804 -61.1 5.980209734096373
      vertex 31.611086674968647 -61.5 5.821092197320123
      vertex 31.832461615151026 -61.5 5.660253888642979
    endloop
  endfacet
  facet normal 0.4271027073368307 -0.6870284404387181 0.5878564445626944
    outer loop
      vertex 31.85263681845236 -61.1 6.113076163003579
      vertex 31.611086674968647 -61.5 5.821092197320123
      vertex 32.035511769037804 -61.1 5.980209734096373
    endloop
  endfacet
  facet normal 0.49741282398873704 -0.6870284404387179 0.52969085753852
    outer loop
      vertex 31.68785647064146 -61.1 6.267815209328361
      vertex 31.41161572761861 -61.5 6.008407884976437
      vertex 31.85263681845236 -61.1 6.113076163003579
    endloop
  endfacet
  facet normal 0.3500569258514199 -0.6870284404387165 0.6367511842877079
    outer loop
      vertex 32.233597275182866 -61.1 5.871311305561164
      vertex 31.832461615151026 -61.5 5.660253888642979
      vertex 32.072249333116105 -61.5 5.52842947515299
    endloop
  endfacet
  facet normal 0.3500569258514248 -0.6870284404387187 0.6367511842877028
    outer loop
      vertex 32.035511769037804 -61.1 5.980209734096373
      vertex 31.832461615151026 -61.5 5.660253888642979
      vertex 32.233597275182866 -61.1 5.871311305561164
    endloop
  endfacet
  facet normal 0.2674905375314673 -0.6870284404387166 0.6756039774597776
    outer loop
      vertex 32.44376941012509 -61.1 5.788098270668724
      vertex 32.233597275182866 -61.1 5.871311305561164
      vertex 32.072249333116105 -61.5 5.52842947515299
    endloop
  endfacet
  facet normal 0.18070566364354215 -0.6870284404387172 0.7038020923210522
    outer loop
      vertex 32.44376941012509 -61.1 5.788098270668724
      vertex 32.32666823330933 -61.5 5.427697906598982
      vertex 32.662713633745696 -61.1 5.7318829486883605
    endloop
  endfacet
  facet normal 0.6135144450384398 -0.687028440438718 -0.3893481061434845
    outer loop
      vertex 31.422647975921045 -61.1 8.367156613383088
      vertex 31.2371945490988 -61.5 8.780753128679388
      vertex 31.090573865588635 -61.5 8.549715900411107
    endloop
  endfacet
  facet normal 0.5598784432663281 -0.6870284404387179 -0.4631717292689786
    outer loop
      vertex 31.543769410125094 -61.1 8.558013454126451
      vertex 31.41161572761861 -61.5 8.991592115023563
      vertex 31.2371945490988 -61.5 8.780753128679388
    endloop
  endfacet
  facet normal 0.6135144450384395 -0.6870284404387181 -0.38934810614348486
    outer loop
      vertex 31.422647975921045 -61.1 8.367156613383088
      vertex 31.543769410125094 -61.1 8.558013454126451
      vertex 31.2371945490988 -61.5 8.780753128679388
    endloop
  endfacet
  facet normal 0.5598784432663264 -0.6870284404387186 -0.46317172926897965
    outer loop
      vertex 31.543769410125094 -61.1 8.558013454126451
      vertex 31.68785647064146 -61.1 8.732184790671639
      vertex 31.41161572761861 -61.5 8.991592115023563
    endloop
  endfacet
  facet normal 0.49741282398873726 -0.6870284404387185 -0.529690857538519
    outer loop
      vertex 31.68785647064146 -61.1 8.732184790671639
      vertex 31.611086674968647 -61.5 9.178907802679877
      vertex 31.41161572761861 -61.5 8.991592115023563
    endloop
  endfacet
  facet normal 0.42710270733683087 -0.6870284404387189 -0.5878564445626935
    outer loop
      vertex 31.85263681845236 -61.1 8.88692383699642
      vertex 31.832461615151026 -61.5 9.339746111357021
      vertex 31.611086674968647 -61.5 9.178907802679877
    endloop
  endfacet
  facet normal 0.4974128239887365 -0.6870284404387188 -0.5296908575385194
    outer loop
      vertex 31.68785647064146 -61.1 8.732184790671639
      vertex 31.85263681845236 -61.1 8.88692383699642
      vertex 31.611086674968647 -61.5 9.178907802679877
    endloop
  endfacet
  facet normal 0.4271027073368324 -0.6870284404387184 -0.5878564445626928
    outer loop
      vertex 31.85263681845236 -61.1 8.88692383699642
      vertex 32.035511769037804 -61.1 9.019790265903627
      vertex 31.832461615151026 -61.5 9.339746111357021
    endloop
  endfacet
  facet normal 0.35005692585141884 -0.6870284404387186 -0.6367511842877063
    outer loop
      vertex 32.035511769037804 -61.1 9.019790265903627
      vertex 32.072249333116105 -61.5 9.47157052484701
      vertex 31.832461615151026 -61.5 9.339746111357021
    endloop
  endfacet
  facet normal 0.3500569258514259 -0.6870284404387162 -0.6367511842877048
    outer loop
      vertex 32.035511769037804 -61.1 9.019790265903627
      vertex 32.233597275182866 -61.1 9.128688694438836
      vertex 32.072249333116105 -61.5 9.47157052484701
    endloop
  endfacet
  facet normal 0.26749053753147023 -0.6870284404387167 -0.6756039774597763
    outer loop
      vertex 32.233597275182866 -61.1 9.128688694438836
      vertex 32.32666823330933 -61.5 9.572302093401019
      vertex 32.072249333116105 -61.5 9.47157052484701
    endloop
  endfacet
  facet normal 0.2674905375314696 -0.6870284404387169 -0.6756039774597763
    outer loop
      vertex 32.233597275182866 -61.1 9.128688694438836
      vertex 32.44376941012509 -61.1 9.211901729331277
      vertex 32.32666823330933 -61.5 9.572302093401019
    endloop
  endfacet
  facet normal 0.18070566364354126 -0.6870284404387171 -0.7038020923210525
    outer loop
      vertex 32.44376941012509 -61.1 9.211901729331277
      vertex 32.59170597769216 -61.5 9.640352220008825
      vertex 32.32666823330933 -61.5 9.572302093401019
    endloop
  endfacet
  facet normal 0.18070566364353932 -0.6870284404387178 -0.7038020923210523
    outer loop
      vertex 32.44376941012509 -61.1 9.211901729331277
      vertex 32.662713633745696 -61.1 9.26811705131164
      vertex 32.59170597769216 -61.5 9.640352220008825
    endloop
  endfacet
  facet normal 0.09107095349163001 -0.6870284404387182 -0.7209008277554326
    outer loop
      vertex 32.662713633745696 -61.1 9.26811705131164
      vertex 32.88697706484724 -61.1 9.29644811117089
      vertex 32.86318276270981 -61.5 9.674647713522655
    endloop
  endfacet
  facet normal 0.0910709534916317 -0.6870284404387177 -0.720900827755433
    outer loop
      vertex 32.662713633745696 -61.1 9.26811705131164
      vertex 32.86318276270981 -61.5 9.674647713522655
      vertex 32.59170597769216 -61.5 9.640352220008825
    endloop
  endfacet
  facet normal -0.18070566364354204 -0.6870284404387178 0.7038020923210517
    outer loop
      vertex 33.337286366254304 -61.1 5.7318829486883605
      vertex 33.40829402230784 -61.5 5.359647779991175
      vertex 33.55623058987491 -61.1 5.788098270668724
    endloop
  endfacet
  facet normal -0.2674905375314671 -0.687028440438717 0.6756039774597772
    outer loop
      vertex 33.55623058987491 -61.1 5.788098270668724
      vertex 33.67333176669067 -61.5 5.427697906598982
      vertex 33.766402724817134 -61.1 5.871311305561164
    endloop
  endfacet
  facet normal -0.3500569258514236 -0.6870284404387164 0.6367511842877059
    outer loop
      vertex 33.766402724817134 -61.1 5.871311305561164
      vertex 33.927750666883895 -61.5 5.52842947515299
      vertex 33.964488230962196 -61.1 5.9802097340963725
    endloop
  endfacet
  facet normal -0.3500569258514172 -0.6870284404387185 0.6367511842877073
    outer loop
      vertex 33.964488230962196 -61.1 5.9802097340963725
      vertex 33.927750666883895 -61.5 5.52842947515299
      vertex 34.167538384848974 -61.5 5.660253888642978
    endloop
  endfacet
  facet normal -0.4271027073368343 -0.6870284404387185 0.5878564445626915
    outer loop
      vertex 33.964488230962196 -61.1 5.9802097340963725
      vertex 34.167538384848974 -61.5 5.660253888642978
      vertex 34.14736318154764 -61.1 6.11307616300358
    endloop
  endfacet
  facet normal -0.42710270733683414 -0.6870284404387184 0.5878564445626916
    outer loop
      vertex 34.14736318154764 -61.1 6.11307616300358
      vertex 34.167538384848974 -61.5 5.660253888642978
      vertex 34.38891332503135 -61.5 5.821092197320124
    endloop
  endfacet
  facet normal -0.4974128239887295 -0.6870284404387186 0.5296908575385264
    outer loop
      vertex 34.14736318154764 -61.1 6.11307616300358
      vertex 34.38891332503135 -61.5 5.821092197320124
      vertex 34.31214352935854 -61.1 6.267815209328361
    endloop
  endfacet
  facet normal -0.4974128239887379 -0.6870284404387155 0.5296908575385223
    outer loop
      vertex 34.31214352935854 -61.1 6.267815209328361
      vertex 34.38891332503135 -61.5 5.821092197320124
      vertex 34.58838427238139 -61.5 6.008407884976437
    endloop
  endfacet
  facet normal -0.5598784432663345 -0.6870284404387151 0.46317172926897493
    outer loop
      vertex 34.31214352935854 -61.1 6.267815209328361
      vertex 34.58838427238139 -61.5 6.008407884976437
      vertex 34.456230589874906 -61.1 6.441986545873548
    endloop
  endfacet
  facet normal -0.5598784432663206 -0.6870284404387202 0.4631717292689839
    outer loop
      vertex 34.456230589874906 -61.1 6.441986545873548
      vertex 34.58838427238139 -61.5 6.008407884976437
      vertex 34.762805450901205 -61.5 6.219246871320611
    endloop
  endfacet
  facet normal -0.6135144450384381 -0.687028440438721 0.38934810614348214
    outer loop
      vertex 34.456230589874906 -61.1 6.441986545873548
      vertex 34.762805450901205 -61.5 6.219246871320611
      vertex 34.577352024078955 -61.1 6.632843386616912
    endloop
  endfacet
  facet normal -0.6135144450384391 -0.6870284404387205 0.38934810614348114
    outer loop
      vertex 34.577352024078955 -61.1 6.632843386616912
      vertex 34.762805450901205 -61.5 6.219246871320611
      vertex 34.90942613441137 -61.5 6.450284099588894
    endloop
  endfacet
  facet normal -0.6574749575165294 -0.6870284404387207 0.30938423079881944
    outer loop
      vertex 34.577352024078955 -61.1 6.632843386616912
      vertex 34.90942613441137 -61.5 6.450284099588894
      vertex 34.67359767459885 -61.1 6.837375805167579
    endloop
  endfacet
  facet normal -0.657474957516533 -0.687028440438719 0.30938423079881566
    outer loop
      vertex 34.67359767459885 -61.1 6.837375805167579
      vertex 34.90942613441137 -61.5 6.450284099588894
      vertex 35.02593402714598 -61.5 6.697875974676543
    endloop
  endfacet
  facet normal -0.6910666971580832 -0.6870284404387171 0.22454118131728595
    outer loop
      vertex 34.74344969003154 -61.1 7.052358203103262
      vertex 35.02593402714598 -61.5 6.697875974676543
      vertex 35.11049173003818 -61.5 6.958117824809213
    endloop
  endfacet
  facet normal -0.6910666971580796 -0.6870284404387191 0.22454118131729095
    outer loop
      vertex 34.67359767459885 -61.1 6.837375805167579
      vertex 35.02593402714598 -61.5 6.697875974676543
      vertex 34.74344969003154 -61.1 7.052358203103262
    endloop
  endfacet
  facet normal -0.6574749575165322 -0.6870284404387186 -0.30938423079881805
    outer loop
      vertex 34.577352024078955 -61.1 8.367156613383088
      vertex 34.67359767459885 -61.1 8.16262419483242
      vertex 35.02593402714598 -61.5 8.302124025323455
    endloop
  endfacet
  facet normal -0.7137599021622207 -0.6870284404387171 0.13615698327196182
    outer loop
      vertex 34.74344969003154 -61.1 7.052358203103262
      vertex 35.11049173003818 -61.5 6.958117824809213
      vertex 34.78580646236606 -61.1 7.274400179584252
    endloop
  endfacet
  facet normal -0.7251966871297573 -0.6870284404387187 0.04562550826420578
    outer loop
      vertex 34.78580646236606 -61.1 7.274400179584252
      vertex 35.16176571760102 -61.5 7.226905480549358
      vertex 34.8 -61.1 7.5
    endloop
  endfacet
  facet normal -0.7137599021622176 -0.6870284404387191 0.1361569832719675
    outer loop
      vertex 34.78580646236606 -61.1 7.274400179584252
      vertex 35.11049173003818 -61.5 6.958117824809213
      vertex 35.16176571760102 -61.5 7.226905480549358
    endloop
  endfacet
  facet normal -0.7251966871297573 -0.6870284404387187 -0.04562550826420578
    outer loop
      vertex 34.8 -61.1 7.5
      vertex 35.17894736842105 -61.5 7.5
      vertex 34.78580646236606 -61.1 7.725599820415748
    endloop
  endfacet
  facet normal -0.725196687129757 -0.6870284404387187 0.04562550826420581
    outer loop
      vertex 34.8 -61.1 7.5
      vertex 35.16176571760102 -61.5 7.226905480549358
      vertex 35.17894736842105 -61.5 7.5
    endloop
  endfacet
  facet normal -0.7251966871297572 -0.6870284404387186 -0.04562550826420581
    outer loop
      vertex 34.78580646236606 -61.1 7.725599820415748
      vertex 35.17894736842105 -61.5 7.5
      vertex 35.16176571760102 -61.5 7.773094519450642
    endloop
  endfacet
  facet normal -0.7137599021622186 -0.6870284404387194 -0.1361569832719609
    outer loop
      vertex 34.78580646236606 -61.1 7.725599820415748
      vertex 35.16176571760102 -61.5 7.773094519450642
      vertex 34.74344969003154 -61.1 7.947641796896739
    endloop
  endfacet
  facet normal -0.6910666971580804 -0.6870284404387171 -0.22454118131729403
    outer loop
      vertex 34.74344969003154 -61.1 7.947641796896739
      vertex 35.11049173003818 -61.5 8.04188217519079
      vertex 34.67359767459885 -61.1 8.16262419483242
    endloop
  endfacet
  facet normal -0.7137599021622195 -0.6870284404387174 -0.13615698327196696
    outer loop
      vertex 34.74344969003154 -61.1 7.947641796896739
      vertex 35.16176571760102 -61.5 7.773094519450642
      vertex 35.11049173003818 -61.5 8.04188217519079
    endloop
  endfacet
  facet normal -0.6910666971580806 -0.6870284404387187 -0.22454118131728887
    outer loop
      vertex 34.67359767459885 -61.1 8.16262419483242
      vertex 35.11049173003818 -61.5 8.04188217519079
      vertex 35.02593402714598 -61.5 8.302124025323455
    endloop
  endfacet
  facet normal -0.6574749575165331 -0.6870284404387206 -0.3093842307988113
    outer loop
      vertex 34.577352024078955 -61.1 8.367156613383088
      vertex 35.02593402714598 -61.5 8.302124025323455
      vertex 34.90942613441137 -61.5 8.549715900411107
    endloop
  endfacet
  facet normal 0 -0.6870284404387181 -0.7266305264908314
    outer loop
      vertex 32.88697706484724 -61.1 9.29644811117089
      vertex 33.11302293515276 -61.1 9.29644811117089
      vertex 33.13681723729019 -61.5 9.674647713522655
    endloop
  endfacet
  facet normal 0 -0.687028440438718 -0.7266305264908314
    outer loop
      vertex 32.88697706484724 -61.1 9.29644811117089
      vertex 33.13681723729019 -61.5 9.674647713522655
      vertex 32.86318276270981 -61.5 9.674647713522655
    endloop
  endfacet
  facet normal -0.09107095349163165 -0.6870284404387182 -0.7209008277554325
    outer loop
      vertex 33.11302293515276 -61.1 9.29644811117089
      vertex 33.40829402230784 -61.5 9.640352220008825
      vertex 33.13681723729019 -61.5 9.674647713522655
    endloop
  endfacet
  facet normal -0.09107095349163008 -0.6870284404387177 -0.7209008277554332
    outer loop
      vertex 33.11302293515276 -61.1 9.29644811117089
      vertex 33.337286366254304 -61.1 9.26811705131164
      vertex 33.40829402230784 -61.5 9.640352220008825
    endloop
  endfacet
  facet normal -0.1807056636435395 -0.6870284404387171 -0.703802092321053
    outer loop
      vertex 33.337286366254304 -61.1 9.26811705131164
      vertex 33.55623058987491 -61.1 9.211901729331277
      vertex 33.67333176669067 -61.5 9.572302093401019
    endloop
  endfacet
  facet normal -0.18070566364354132 -0.6870284404387177 -0.703802092321052
    outer loop
      vertex 33.337286366254304 -61.1 9.26811705131164
      vertex 33.67333176669067 -61.5 9.572302093401019
      vertex 33.40829402230784 -61.5 9.640352220008825
    endloop
  endfacet
  facet normal -0.4271027073368321 -0.687028440438719 -0.5878564445626924
    outer loop
      vertex 33.964488230962196 -61.1 9.019790265903627
      vertex 34.14736318154764 -61.1 8.88692383699642
      vertex 34.38891332503135 -61.5 9.178907802679877
    endloop
  endfacet
  facet normal -0.26749053753147023 -0.6870284404387168 -0.6756039774597762
    outer loop
      vertex 33.55623058987491 -61.1 9.211901729331277
      vertex 33.927750666883895 -61.5 9.47157052484701
      vertex 33.67333176669067 -61.5 9.572302093401019
    endloop
  endfacet
  facet normal -0.26749053753146973 -0.6870284404387168 -0.6756039774597765
    outer loop
      vertex 33.55623058987491 -61.1 9.211901729331277
      vertex 33.766402724817134 -61.1 9.128688694438836
      vertex 33.927750666883895 -61.5 9.47157052484701
    endloop
  endfacet
  facet normal -0.3500569258514199 -0.6870284404387165 -0.6367511842877079
    outer loop
      vertex 33.766402724817134 -61.1 9.128688694438836
      vertex 34.167538384848974 -61.5 9.339746111357021
      vertex 33.927750666883895 -61.5 9.47157052484701
    endloop
  endfacet
  facet normal -0.3500569258514248 -0.6870284404387187 -0.6367511842877028
    outer loop
      vertex 33.964488230962196 -61.1 9.019790265903627
      vertex 34.167538384848974 -61.5 9.339746111357021
      vertex 33.766402724817134 -61.1 9.128688694438836
    endloop
  endfacet
  facet normal -0.49741282398873715 -0.6870284404387188 -0.5296908575385189
    outer loop
      vertex 34.14736318154764 -61.1 8.88692383699642
      vertex 34.58838427238139 -61.5 8.991592115023563
      vertex 34.38891332503135 -61.5 9.178907802679877
    endloop
  endfacet
  facet normal -0.49741282398873055 -0.6870284404387146 -0.5296908575385305
    outer loop
      vertex 34.14736318154764 -61.1 8.88692383699642
      vertex 34.31214352935854 -61.1 8.73218479067164
      vertex 34.58838427238139 -61.5 8.991592115023563
    endloop
  endfacet
  facet normal -0.5598784432663327 -0.687028440438721 -0.46317172926896866
    outer loop
      vertex 34.31214352935854 -61.1 8.73218479067164
      vertex 34.456230589874906 -61.1 8.558013454126451
      vertex 34.762805450901205 -61.5 8.780753128679388
    endloop
  endfacet
  facet normal -0.6135144450384374 -0.6870284404387209 -0.3893481061434831
    outer loop
      vertex 34.456230589874906 -61.1 8.558013454126451
      vertex 34.90942613441137 -61.5 8.549715900411107
      vertex 34.762805450901205 -61.5 8.780753128679388
    endloop
  endfacet
  facet normal -0.6135144450384373 -0.6870284404387208 -0.3893481061434835
    outer loop
      vertex 34.577352024078955 -61.1 8.367156613383088
      vertex 34.90942613441137 -61.5 8.549715900411107
      vertex 34.456230589874906 -61.1 8.558013454126451
    endloop
  endfacet
  facet normal -0.5598784432663255 -0.6870284404387151 -0.463171729268986
    outer loop
      vertex 34.31214352935854 -61.1 8.73218479067164
      vertex 34.762805450901205 -61.5 8.780753128679388
      vertex 34.58838427238139 -61.5 8.991592115023563
    endloop
  endfacet
  facet normal -0.4271027073368312 -0.6870284404387186 -0.5878564445626938
    outer loop
      vertex 33.964488230962196 -61.1 9.019790265903627
      vertex 34.38891332503135 -61.5 9.178907802679877
      vertex 34.167538384848974 -61.5 9.339746111357021
    endloop
  endfacet
  facet normal 0.6135144450384469 -0.6870284404387195 0.389348106143471
    outer loop
      vertex 31.543769410125094 -61.1 81.44198654587355
      vertex 31.090573865588635 -61.5 81.4502840995889
      vertex 31.2371945490988 -61.5 81.2192468713206
    endloop
  endfacet
  facet normal 0.5598784432663229 -0.6870284404387198 0.4631717292689821
    outer loop
      vertex 31.68785647064146 -61.1 81.26781520932836
      vertex 31.2371945490988 -61.5 81.2192468713206
      vertex 31.41161572761861 -61.5 81.00840788497644
    endloop
  endfacet
  facet normal 0.4974128239887294 -0.687028440438719 0.5296908575385256
    outer loop
      vertex 31.85263681845236 -61.1 81.11307616300358
      vertex 31.41161572761861 -61.5 81.00840788497644
      vertex 31.611086674968647 -61.5 80.82109219732013
    endloop
  endfacet
  facet normal 0.6135144450384434 -0.6870284404387152 0.38934810614348364
    outer loop
      vertex 31.422647975921045 -61.1 81.63284338661691
      vertex 31.090573865588635 -61.5 81.4502840995889
      vertex 31.543769410125094 -61.1 81.44198654587355
    endloop
  endfacet
  facet normal 0.5598784432663231 -0.6870284404387199 0.46317172926898165
    outer loop
      vertex 31.68785647064146 -61.1 81.26781520932836
      vertex 31.543769410125094 -61.1 81.44198654587355
      vertex 31.2371945490988 -61.5 81.2192468713206
    endloop
  endfacet
  facet normal 0.4271027073368287 -0.6870284404387174 0.5878564445626969
    outer loop
      vertex 32.035511769037804 -61.1 80.98020973409638
      vertex 31.611086674968647 -61.5 80.82109219732013
      vertex 31.832461615151026 -61.5 80.66025388864298
    endloop
  endfacet
  facet normal 0.3500569258514309 -0.6870284404387161 0.6367511842877023
    outer loop
      vertex 32.233597275182866 -61.1 80.87131130556116
      vertex 31.832461615151026 -61.5 80.66025388864298
      vertex 32.072249333116105 -61.5 80.52842947515299
    endloop
  endfacet
  facet normal 0.350056925851434 -0.6870284404387175 0.636751184287699
    outer loop
      vertex 32.233597275182866 -61.1 80.87131130556116
      vertex 32.035511769037804 -61.1 80.98020973409638
      vertex 31.832461615151026 -61.5 80.66025388864298
    endloop
  endfacet
  facet normal 0.26749053753145996 -0.6870284404387164 0.6756039774597807
    outer loop
      vertex 32.233597275182866 -61.1 80.87131130556116
      vertex 32.072249333116105 -61.5 80.52842947515299
      vertex 32.44376941012509 -61.1 80.78809827066873
    endloop
  endfacet
  facet normal 0.49741282398872994 -0.6870284404387195 0.5296908575385246
    outer loop
      vertex 31.68785647064146 -61.1 81.26781520932836
      vertex 31.41161572761861 -61.5 81.00840788497644
      vertex 31.85263681845236 -61.1 81.11307616300358
    endloop
  endfacet
  facet normal 0.4271027073368321 -0.687028440438719 0.5878564445626924
    outer loop
      vertex 31.85263681845236 -61.1 81.11307616300358
      vertex 31.611086674968647 -61.5 80.82109219732013
      vertex 32.035511769037804 -61.1 80.98020973409638
    endloop
  endfacet
  facet normal 0.18070566364352758 -0.6870284404387198 0.7038020923210534
    outer loop
      vertex 32.662713633745696 -61.1 80.73188294868837
      vertex 32.32666823330933 -61.5 80.42769790659898
      vertex 32.59170597769216 -61.5 80.35964777999118
    endloop
  endfacet
  facet normal 0.2674905375314725 -0.6870284404387215 0.6756039774597704
    outer loop
      vertex 32.44376941012509 -61.1 80.78809827066873
      vertex 32.072249333116105 -61.5 80.52842947515299
      vertex 32.32666823330933 -61.5 80.42769790659898
    endloop
  endfacet
  facet normal 0.18070566364353302 -0.687028440438722 0.7038020923210501
    outer loop
      vertex 32.44376941012509 -61.1 80.78809827066873
      vertex 32.32666823330933 -61.5 80.42769790659898
      vertex 32.662713633745696 -61.1 80.73188294868837
    endloop
  endfacet
  facet normal 0.09107095349165416 -0.6870284404387226 0.7209008277554255
    outer loop
      vertex 32.88697706484724 -61.1 80.70355188882911
      vertex 32.59170597769216 -61.5 80.35964777999118
      vertex 32.86318276270981 -61.5 80.32535228647734
    endloop
  endfacet
  facet normal 0.09107095349164669 -0.6870284404387198 0.720900827755429
    outer loop
      vertex 32.662713633745696 -61.1 80.73188294868837
      vertex 32.59170597769216 -61.5 80.35964777999118
      vertex 32.88697706484724 -61.1 80.70355188882911
    endloop
  endfacet
  facet normal 0.7137599021622175 -0.687028440438717 0.1361569832719793
    outer loop
      vertex 31.256550309968464 -61.1 82.05235820310327
      vertex 30.83823428239898 -61.5 82.22690548054936
      vertex 30.889508269961826 -61.5 81.95811782480922
    endloop
  endfacet
  facet normal 0.7251966871297567 -0.6870284404387185 0.04562550826421593
    outer loop
      vertex 31.21419353763394 -61.1 82.27440017958425
      vertex 30.821052631578947 -61.5 82.5
      vertex 30.83823428239898 -61.5 82.22690548054936
    endloop
  endfacet
  facet normal 0.7251966871297568 -0.6870284404387184 -0.045625508264215936
    outer loop
      vertex 31.2 -61.1 82.5
      vertex 30.83823428239898 -61.5 82.77309451945064
      vertex 30.821052631578947 -61.5 82.5
    endloop
  endfacet
  facet normal 0.7137599021622173 -0.6870284404387171 -0.13615698327197912
    outer loop
      vertex 31.21419353763394 -61.1 82.72559982041575
      vertex 30.889508269961826 -61.5 83.04188217519078
      vertex 30.83823428239898 -61.5 82.77309451945064
    endloop
  endfacet
  facet normal 0.657474957516533 -0.6870284404387158 0.309384230798823
    outer loop
      vertex 31.422647975921045 -61.1 81.63284338661691
      vertex 30.97406597285402 -61.5 81.69787597467655
      vertex 31.090573865588635 -61.5 81.4502840995889
    endloop
  endfacet
  facet normal 0.6910666971580861 -0.6870284404387179 0.22454118131727518
    outer loop
      vertex 31.326402325401148 -61.1 81.83737580516758
      vertex 30.889508269961826 -61.5 81.95811782480922
      vertex 30.97406597285402 -61.5 81.69787597467655
    endloop
  endfacet
  facet normal 0.6574749575165338 -0.6870284404387179 0.3093842307988161
    outer loop
      vertex 31.422647975921045 -61.1 81.63284338661691
      vertex 31.326402325401148 -61.1 81.83737580516758
      vertex 30.97406597285402 -61.5 81.69787597467655
    endloop
  endfacet
  facet normal 0.691066697158086 -0.6870284404387164 0.2245411813172798
    outer loop
      vertex 31.326402325401148 -61.1 81.83737580516758
      vertex 31.256550309968464 -61.1 82.05235820310327
      vertex 30.889508269961826 -61.5 81.95811782480922
    endloop
  endfacet
  facet normal 0.7137599021622175 -0.6870284404387172 0.13615698327197862
    outer loop
      vertex 31.256550309968464 -61.1 82.05235820310327
      vertex 31.21419353763394 -61.1 82.27440017958425
      vertex 30.83823428239898 -61.5 82.22690548054936
    endloop
  endfacet
  facet normal 0.7251966871297568 -0.6870284404387184 0.045625508264216276
    outer loop
      vertex 31.21419353763394 -61.1 82.27440017958425
      vertex 31.2 -61.1 82.5
      vertex 30.821052631578947 -61.5 82.5
    endloop
  endfacet
  facet normal 0.7251966871297567 -0.6870284404387184 -0.045625508264216276
    outer loop
      vertex 31.2 -61.1 82.5
      vertex 31.21419353763394 -61.1 82.72559982041575
      vertex 30.83823428239898 -61.5 82.77309451945064
    endloop
  endfacet
  facet normal 0.7137599021622177 -0.687028440438717 -0.13615698327197867
    outer loop
      vertex 31.21419353763394 -61.1 82.72559982041575
      vertex 31.256550309968464 -61.1 82.94764179689673
      vertex 30.889508269961826 -61.5 83.04188217519078
    endloop
  endfacet
  facet normal 0.6910666971580872 -0.6870284404387166 -0.22454118131727555
    outer loop
      vertex 31.256550309968464 -61.1 82.94764179689673
      vertex 30.97406597285402 -61.5 83.30212402532345
      vertex 30.889508269961826 -61.5 83.04188217519078
    endloop
  endfacet
  facet normal 0.6910666971580846 -0.6870284404387179 -0.22454118131727932
    outer loop
      vertex 31.256550309968464 -61.1 82.94764179689673
      vertex 31.326402325401148 -61.1 83.16262419483242
      vertex 30.97406597285402 -61.5 83.30212402532345
    endloop
  endfacet
  facet normal 0.6574749575165312 -0.6870284404387177 -0.3093842307988221
    outer loop
      vertex 31.326402325401148 -61.1 83.16262419483242
      vertex 31.090573865588635 -61.5 83.5497159004111
      vertex 30.97406597285402 -61.5 83.30212402532345
    endloop
  endfacet
  facet normal 0.6135144450384498 -0.6870284404387157 -0.3893481061434728
    outer loop
      vertex 31.422647975921045 -61.1 83.36715661338309
      vertex 31.2371945490988 -61.5 83.7807531286794
      vertex 31.090573865588635 -61.5 83.5497159004111
    endloop
  endfacet
  facet normal 0.6574749575165358 -0.6870284404387156 -0.30938423079881705
    outer loop
      vertex 31.326402325401148 -61.1 83.16262419483242
      vertex 31.422647975921045 -61.1 83.36715661338309
      vertex 31.090573865588635 -61.5 83.5497159004111
    endloop
  endfacet
  facet normal 0.6135144450384399 -0.6870284404387199 -0.3893481061434814
    outer loop
      vertex 31.422647975921045 -61.1 83.36715661338309
      vertex 31.543769410125094 -61.1 83.55801345412645
      vertex 31.2371945490988 -61.5 83.7807531286794
    endloop
  endfacet
  facet normal 0.5598784432663229 -0.6870284404387199 -0.4631717292689821
    outer loop
      vertex 31.543769410125094 -61.1 83.55801345412645
      vertex 31.41161572761861 -61.5 83.99159211502356
      vertex 31.2371945490988 -61.5 83.7807531286794
    endloop
  endfacet
  facet normal 0.4974128239887292 -0.6870284404387194 -0.5296908575385254
    outer loop
      vertex 31.68785647064146 -61.1 83.73218479067164
      vertex 31.611086674968647 -61.5 84.17890780267987
      vertex 31.41161572761861 -61.5 83.99159211502356
    endloop
  endfacet
  facet normal 0.5598784432663232 -0.6870284404387198 -0.46317172926898176
    outer loop
      vertex 31.543769410125094 -61.1 83.55801345412645
      vertex 31.68785647064146 -61.1 83.73218479067164
      vertex 31.41161572761861 -61.5 83.99159211502356
    endloop
  endfacet
  facet normal 0.49741282398873027 -0.687028440438719 -0.529690857538525
    outer loop
      vertex 31.68785647064146 -61.1 83.73218479067164
      vertex 31.85263681845236 -61.1 83.88692383699642
      vertex 31.611086674968647 -61.5 84.17890780267987
    endloop
  endfacet
  facet normal 0.4271027073368278 -0.6870284404387189 -0.5878564445626958
    outer loop
      vertex 31.85263681845236 -61.1 83.88692383699642
      vertex 31.832461615151026 -61.5 84.33974611135702
      vertex 31.611086674968647 -61.5 84.17890780267987
    endloop
  endfacet
  facet normal 0.4271027073368332 -0.687028440438717 -0.5878564445626939
    outer loop
      vertex 31.85263681845236 -61.1 83.88692383699642
      vertex 32.035511769037804 -61.1 84.01979026590362
      vertex 31.832461615151026 -61.5 84.33974611135702
    endloop
  endfacet
  facet normal 0.35005692585143033 -0.6870284404387174 -0.636751184287701
    outer loop
      vertex 32.035511769037804 -61.1 84.01979026590362
      vertex 32.072249333116105 -61.5 84.47157052484701
      vertex 31.832461615151026 -61.5 84.33974611135702
    endloop
  endfacet
  facet normal 0.3500569258514348 -0.687028440438716 -0.6367511842877003
    outer loop
      vertex 32.035511769037804 -61.1 84.01979026590362
      vertex 32.233597275182866 -61.1 84.12868869443884
      vertex 32.072249333116105 -61.5 84.47157052484701
    endloop
  endfacet
  facet normal 0.267490537531458 -0.6870284404387219 -0.6756039774597757
    outer loop
      vertex 32.233597275182866 -61.1 84.12868869443884
      vertex 32.44376941012509 -61.1 84.21190172933127
      vertex 32.32666823330933 -61.5 84.57230209340102
    endloop
  endfacet
  facet normal 0.18070566364353355 -0.6870284404387197 -0.7038020923210521
    outer loop
      vertex 32.44376941012509 -61.1 84.21190172933127
      vertex 32.662713633745696 -61.1 84.26811705131163
      vertex 32.59170597769216 -61.5 84.64035222000882
    endloop
  endfacet
  facet normal 0 -0.6870284404387232 0.7266305264908265
    outer loop
      vertex 33.11302293515276 -61.1 80.70355188882911
      vertex 32.86318276270981 -61.5 80.32535228647734
      vertex 33.13681723729019 -61.5 80.32535228647734
    endloop
  endfacet
  facet normal 0 -0.6870284404387232 0.7266305264908265
    outer loop
      vertex 32.88697706484724 -61.1 80.70355188882911
      vertex 32.86318276270981 -61.5 80.32535228647734
      vertex 33.11302293515276 -61.1 80.70355188882911
    endloop
  endfacet
  facet normal -0.09107095349164633 -0.6870284404387227 0.7209008277554262
    outer loop
      vertex 33.11302293515276 -61.1 80.70355188882911
      vertex 33.13681723729019 -61.5 80.32535228647734
      vertex 33.337286366254304 -61.1 80.73188294868837
    endloop
  endfacet
  facet normal -0.09107095349165444 -0.6870284404387201 0.7209008277554276
    outer loop
      vertex 33.337286366254304 -61.1 80.73188294868837
      vertex 33.13681723729019 -61.5 80.32535228647734
      vertex 33.40829402230784 -61.5 80.35964777999118
    endloop
  endfacet
  facet normal -0.18070566364353355 -0.6870284404387197 0.7038020923210521
    outer loop
      vertex 33.337286366254304 -61.1 80.73188294868837
      vertex 33.40829402230784 -61.5 80.35964777999118
      vertex 33.55623058987491 -61.1 80.78809827066873
    endloop
  endfacet
  facet normal -0.18070566364352705 -0.6870284404387217 0.7038020923210517
    outer loop
      vertex 33.55623058987491 -61.1 80.78809827066873
      vertex 33.40829402230784 -61.5 80.35964777999118
      vertex 33.67333176669067 -61.5 80.42769790659898
    endloop
  endfacet
  facet normal -0.267490537531458 -0.6870284404387219 0.6756039774597757
    outer loop
      vertex 33.55623058987491 -61.1 80.78809827066873
      vertex 33.67333176669067 -61.5 80.42769790659898
      vertex 33.766402724817134 -61.1 80.87131130556116
    endloop
  endfacet
  facet normal -0.2674905375314741 -0.6870284404387169 0.6756039774597745
    outer loop
      vertex 33.766402724817134 -61.1 80.87131130556116
      vertex 33.67333176669067 -61.5 80.42769790659898
      vertex 33.927750666883895 -61.5 80.52842947515299
    endloop
  endfacet
  facet normal -0.3500569258514348 -0.6870284404387159 0.6367511842877003
    outer loop
      vertex 33.766402724817134 -61.1 80.87131130556116
      vertex 33.927750666883895 -61.5 80.52842947515299
      vertex 33.964488230962196 -61.1 80.98020973409638
    endloop
  endfacet
  facet normal -0.35005692585143033 -0.6870284404387174 0.636751184287701
    outer loop
      vertex 33.964488230962196 -61.1 80.98020973409638
      vertex 33.927750666883895 -61.5 80.52842947515299
      vertex 34.167538384848974 -61.5 80.66025388864298
    endloop
  endfacet
  facet normal -0.4271027073368332 -0.687028440438717 0.5878564445626939
    outer loop
      vertex 33.964488230962196 -61.1 80.98020973409638
      vertex 34.167538384848974 -61.5 80.66025388864298
      vertex 34.14736318154764 -61.1 81.11307616300358
    endloop
  endfacet
  facet normal -0.4271027073368278 -0.6870284404387189 0.5878564445626958
    outer loop
      vertex 34.14736318154764 -61.1 81.11307616300358
      vertex 34.167538384848974 -61.5 80.66025388864298
      vertex 34.38891332503135 -61.5 80.82109219732013
    endloop
  endfacet
  facet normal -0.49741282398872433 -0.6870284404387192 0.5296908575385301
    outer loop
      vertex 34.14736318154764 -61.1 81.11307616300358
      vertex 34.38891332503135 -61.5 80.82109219732013
      vertex 34.31214352935854 -61.1 81.26781520932836
    endloop
  endfacet
  facet normal -0.49741282398873066 -0.687028440438717 0.5296908575385271
    outer loop
      vertex 34.31214352935854 -61.1 81.26781520932836
      vertex 34.38891332503135 -61.5 80.82109219732013
      vertex 34.58838427238139 -61.5 81.00840788497644
    endloop
  endfacet
  facet normal -0.559878443266331 -0.687028440438717 0.4631717292689767
    outer loop
      vertex 34.31214352935854 -61.1 81.26781520932836
      vertex 34.58838427238139 -61.5 81.00840788497644
      vertex 34.456230589874906 -61.1 81.44198654587355
    endloop
  endfacet
  facet normal -0.5598784432663163 -0.6870284404387222 0.46317172926898614
    outer loop
      vertex 34.456230589874906 -61.1 81.44198654587355
      vertex 34.58838427238139 -61.5 81.00840788497644
      vertex 34.762805450901205 -61.5 81.2192468713206
    endloop
  endfacet
  facet normal -0.6135144450384376 -0.6870284404387227 0.3893481061434799
    outer loop
      vertex 34.456230589874906 -61.1 81.44198654587355
      vertex 34.762805450901205 -61.5 81.2192468713206
      vertex 34.577352024078955 -61.1 81.63284338661691
    endloop
  endfacet
  facet normal -0.6135144450384474 -0.6870284404387186 0.3893481061434715
    outer loop
      vertex 34.577352024078955 -61.1 81.63284338661691
      vertex 34.762805450901205 -61.5 81.2192468713206
      vertex 34.90942613441137 -61.5 81.4502840995889
    endloop
  endfacet
  facet normal -0.18070566364353302 -0.6870284404387219 -0.7038020923210501
    outer loop
      vertex 33.337286366254304 -61.1 84.26811705131163
      vertex 33.55623058987491 -61.1 84.21190172933127
      vertex 33.67333176669067 -61.5 84.57230209340102
    endloop
  endfacet
  facet normal -0.26749053753145996 -0.6870284404387164 -0.6756039774597807
    outer loop
      vertex 33.55623058987491 -61.1 84.21190172933127
      vertex 33.766402724817134 -61.1 84.12868869443884
      vertex 33.927750666883895 -61.5 84.47157052484701
    endloop
  endfacet
  facet normal -0.3500569258514309 -0.6870284404387161 -0.6367511842877023
    outer loop
      vertex 33.766402724817134 -61.1 84.12868869443884
      vertex 34.167538384848974 -61.5 84.33974611135702
      vertex 33.927750666883895 -61.5 84.47157052484701
    endloop
  endfacet
  facet normal -0.350056925851434 -0.6870284404387175 -0.636751184287699
    outer loop
      vertex 33.766402724817134 -61.1 84.12868869443884
      vertex 33.964488230962196 -61.1 84.01979026590362
      vertex 34.167538384848974 -61.5 84.33974611135702
    endloop
  endfacet
  facet normal -0.4271027073368321 -0.687028440438719 -0.5878564445626924
    outer loop
      vertex 33.964488230962196 -61.1 84.01979026590362
      vertex 34.14736318154764 -61.1 83.88692383699642
      vertex 34.38891332503135 -61.5 84.17890780267987
    endloop
  endfacet
  facet normal -0.6574749575165332 -0.6870284404387186 0.30938423079881583
    outer loop
      vertex 34.577352024078955 -61.1 81.63284338661691
      vertex 34.90942613441137 -61.5 81.4502840995889
      vertex 34.67359767459885 -61.1 81.83737580516758
    endloop
  endfacet
  facet normal -0.6574749575165346 -0.6870284404387179 0.30938423079881433
    outer loop
      vertex 34.67359767459885 -61.1 81.83737580516758
      vertex 34.90942613441137 -61.5 81.4502840995889
      vertex 35.02593402714598 -61.5 81.69787597467655
    endloop
  endfacet
  facet normal -0.6910666971580847 -0.6870284404387162 0.22454118131728412
    outer loop
      vertex 34.74344969003154 -61.1 82.05235820310327
      vertex 35.02593402714598 -61.5 81.69787597467655
      vertex 35.11049173003818 -61.5 81.95811782480922
    endloop
  endfacet
  facet normal -0.6910666971580809 -0.6870284404387182 0.22454118131728953
    outer loop
      vertex 34.67359767459885 -61.1 81.83737580516758
      vertex 35.02593402714598 -61.5 81.69787597467655
      vertex 34.74344969003154 -61.1 82.05235820310327
    endloop
  endfacet
  facet normal -0.7137599021622201 -0.6870284404387166 0.1361569832719677
    outer loop
      vertex 34.74344969003154 -61.1 82.05235820310327
      vertex 35.11049173003818 -61.5 81.95811782480922
      vertex 34.78580646236606 -61.1 82.27440017958425
    endloop
  endfacet
  facet normal -0.7137599021622187 -0.6870284404387175 0.13615698327196998
    outer loop
      vertex 34.78580646236606 -61.1 82.27440017958425
      vertex 35.11049173003818 -61.5 81.95811782480922
      vertex 35.16176571760102 -61.5 82.22690548054936
    endloop
  endfacet
  facet normal -0.7251966871297577 -0.6870284404387181 0.04562550826420492
    outer loop
      vertex 34.78580646236606 -61.1 82.27440017958425
      vertex 35.16176571760102 -61.5 82.22690548054936
      vertex 34.8 -61.1 82.5
    endloop
  endfacet
  facet normal -0.7251966871297572 -0.6870284404387187 -0.04562550826420488
    outer loop
      vertex 34.8 -61.1 82.5
      vertex 35.17894736842105 -61.5 82.5
      vertex 34.78580646236606 -61.1 82.72559982041575
    endloop
  endfacet
  facet normal -0.725196687129757 -0.6870284404387187 0.045625508264206555
    outer loop
      vertex 34.8 -61.1 82.5
      vertex 35.16176571760102 -61.5 82.22690548054936
      vertex 35.17894736842105 -61.5 82.5
    endloop
  endfacet
  facet normal -0.7137599021622192 -0.6870284404387176 -0.13615698327196754
    outer loop
      vertex 34.78580646236606 -61.1 82.72559982041575
      vertex 35.16176571760102 -61.5 82.77309451945064
      vertex 34.74344969003154 -61.1 82.94764179689673
    endloop
  endfacet
  facet normal -0.7251966871297576 -0.6870284404387181 -0.045625508264206575
    outer loop
      vertex 34.78580646236606 -61.1 82.72559982041575
      vertex 35.17894736842105 -61.5 82.5
      vertex 35.16176571760102 -61.5 82.77309451945064
    endloop
  endfacet
  facet normal -0.7137599021622195 -0.6870284404387167 -0.1361569832719701
    outer loop
      vertex 34.74344969003154 -61.1 82.94764179689673
      vertex 35.16176571760102 -61.5 82.77309451945064
      vertex 35.11049173003818 -61.5 83.04188217519078
    endloop
  endfacet
  facet normal -0.6574749575165338 -0.6870284404387179 -0.3093842307988161
    outer loop
      vertex 34.577352024078955 -61.1 83.36715661338309
      vertex 34.67359767459885 -61.1 83.16262419483242
      vertex 35.02593402714598 -61.5 83.30212402532345
    endloop
  endfacet
  facet normal -0.6135144450384445 -0.6870284404387222 -0.3893481061434696
    outer loop
      vertex 34.456230589874906 -61.1 83.55801345412645
      vertex 34.90942613441137 -61.5 83.5497159004111
      vertex 34.762805450901205 -61.5 83.7807531286794
    endloop
  endfacet
  facet normal -0.6135144450384411 -0.6870284404387182 -0.38934810614348225
    outer loop
      vertex 34.577352024078955 -61.1 83.36715661338309
      vertex 34.90942613441137 -61.5 83.5497159004111
      vertex 34.456230589874906 -61.1 83.55801345412645
    endloop
  endfacet
  facet normal -0.4974128239887294 -0.687028440438719 -0.5296908575385256
    outer loop
      vertex 34.14736318154764 -61.1 83.88692383699642
      vertex 34.58838427238139 -61.5 83.99159211502356
      vertex 34.38891332503135 -61.5 84.17890780267987
    endloop
  endfacet
  facet normal -0.49741282398872594 -0.6870284404387169 -0.5296908575385317
    outer loop
      vertex 34.31214352935854 -61.1 83.73218479067164
      vertex 34.58838427238139 -61.5 83.99159211502356
      vertex 34.14736318154764 -61.1 83.88692383699642
    endloop
  endfacet
  facet normal -0.4271027073368287 -0.6870284404387174 -0.5878564445626969
    outer loop
      vertex 33.964488230962196 -61.1 84.01979026590362
      vertex 34.38891332503135 -61.5 84.17890780267987
      vertex 34.167538384848974 -61.5 84.33974611135702
    endloop
  endfacet
  facet normal -0.55987844326632 -0.6870284404387174 -0.46317172926898914
    outer loop
      vertex 34.31214352935854 -61.1 83.73218479067164
      vertex 34.762805450901205 -61.5 83.7807531286794
      vertex 34.58838427238139 -61.5 83.99159211502356
    endloop
  endfacet
  facet normal -0.5598784432663266 -0.6870284404387229 -0.4631717292689731
    outer loop
      vertex 34.31214352935854 -61.1 83.73218479067164
      vertex 34.456230589874906 -61.1 83.55801345412645
      vertex 34.762805450901205 -61.5 83.7807531286794
    endloop
  endfacet
  facet normal -0.691066697158083 -0.687028440438718 -0.2245411813172836
    outer loop
      vertex 34.67359767459885 -61.1 83.16262419483242
      vertex 35.11049173003818 -61.5 83.04188217519078
      vertex 35.02593402714598 -61.5 83.30212402532345
    endloop
  endfacet
  facet normal -0.6910666971580829 -0.687028440438716 -0.2245411813172902
    outer loop
      vertex 34.67359767459885 -61.1 83.16262419483242
      vertex 34.74344969003154 -61.1 82.94764179689673
      vertex 35.11049173003818 -61.5 83.04188217519078
    endloop
  endfacet
  facet normal -0.6574749575165342 -0.6870284404387186 -0.309384230798814
    outer loop
      vertex 34.577352024078955 -61.1 83.36715661338309
      vertex 35.02593402714598 -61.5 83.30212402532345
      vertex 34.90942613441137 -61.5 83.5497159004111
    endloop
  endfacet
  facet normal 0.2674905375314741 -0.6870284404387169 -0.6756039774597745
    outer loop
      vertex 32.233597275182866 -61.1 84.12868869443884
      vertex 32.32666823330933 -61.5 84.57230209340102
      vertex 32.072249333116105 -61.5 84.47157052484701
    endloop
  endfacet
  facet normal 0.18070566364352705 -0.6870284404387217 -0.7038020923210517
    outer loop
      vertex 32.44376941012509 -61.1 84.21190172933127
      vertex 32.59170597769216 -61.5 84.64035222000882
      vertex 32.32666823330933 -61.5 84.57230209340102
    endloop
  endfacet
  facet normal 0.09107095349165444 -0.6870284404387201 -0.7209008277554276
    outer loop
      vertex 32.662713633745696 -61.1 84.26811705131163
      vertex 32.86318276270981 -61.5 84.67464771352266
      vertex 32.59170597769216 -61.5 84.64035222000882
    endloop
  endfacet
  facet normal 0.09107095349164633 -0.6870284404387227 -0.7209008277554262
    outer loop
      vertex 32.662713633745696 -61.1 84.26811705131163
      vertex 32.88697706484724 -61.1 84.29644811117089
      vertex 32.86318276270981 -61.5 84.67464771352266
    endloop
  endfacet
  facet normal 0 -0.6870284404387232 -0.7266305264908265
    outer loop
      vertex 32.88697706484724 -61.1 84.29644811117089
      vertex 33.13681723729019 -61.5 84.67464771352266
      vertex 32.86318276270981 -61.5 84.67464771352266
    endloop
  endfacet
  facet normal 0 -0.6870284404387232 -0.7266305264908265
    outer loop
      vertex 32.88697706484724 -61.1 84.29644811117089
      vertex 33.11302293515276 -61.1 84.29644811117089
      vertex 33.13681723729019 -61.5 84.67464771352266
    endloop
  endfacet
  facet normal -0.09107095349165416 -0.6870284404387226 -0.7209008277554255
    outer loop
      vertex 33.11302293515276 -61.1 84.29644811117089
      vertex 33.40829402230784 -61.5 84.64035222000882
      vertex 33.13681723729019 -61.5 84.67464771352266
    endloop
  endfacet
  facet normal -0.09107095349164669 -0.6870284404387198 -0.720900827755429
    outer loop
      vertex 33.11302293515276 -61.1 84.29644811117089
      vertex 33.337286366254304 -61.1 84.26811705131163
      vertex 33.40829402230784 -61.5 84.64035222000882
    endloop
  endfacet
  facet normal -0.18070566364352758 -0.6870284404387198 -0.7038020923210534
    outer loop
      vertex 33.337286366254304 -61.1 84.26811705131163
      vertex 33.67333176669067 -61.5 84.57230209340102
      vertex 33.40829402230784 -61.5 84.64035222000882
    endloop
  endfacet
  facet normal -0.2674905375314725 -0.6870284404387215 -0.6756039774597704
    outer loop
      vertex 33.55623058987491 -61.1 84.21190172933127
      vertex 33.927750666883895 -61.5 84.47157052484701
      vertex 33.67333176669067 -61.5 84.57230209340102
    endloop
  endfacet
  facet normal 0.4271027073368287 -0.6870284404387174 0.5878564445626969
    outer loop
      vertex -33.964488230962196 -61.1 80.98020973409638
      vertex -34.38891332503135 -61.5 80.82109219732013
      vertex -34.167538384848974 -61.5 80.66025388864298
    endloop
  endfacet
  facet normal 0.55987844326632 -0.6870284404387174 0.46317172926898914
    outer loop
      vertex -34.31214352935854 -61.1 81.26781520932836
      vertex -34.762805450901205 -61.5 81.2192468713206
      vertex -34.58838427238139 -61.5 81.00840788497644
    endloop
  endfacet
  facet normal 0.6135144450384445 -0.6870284404387222 0.3893481061434696
    outer loop
      vertex -34.456230589874906 -61.1 81.44198654587355
      vertex -34.90942613441137 -61.5 81.4502840995889
      vertex -34.762805450901205 -61.5 81.2192468713206
    endloop
  endfacet
  facet normal 0.6135144450384411 -0.6870284404387181 0.38934810614348225
    outer loop
      vertex -34.456230589874906 -61.1 81.44198654587355
      vertex -34.577352024078955 -61.1 81.63284338661691
      vertex -34.90942613441137 -61.5 81.4502840995889
    endloop
  endfacet
  facet normal 0.5598784432663266 -0.687028440438723 0.4631717292689731
    outer loop
      vertex -34.456230589874906 -61.1 81.44198654587355
      vertex -34.762805450901205 -61.5 81.2192468713206
      vertex -34.31214352935854 -61.1 81.26781520932836
    endloop
  endfacet
  facet normal 0.4974128239887294 -0.687028440438719 0.5296908575385256
    outer loop
      vertex -34.14736318154764 -61.1 81.11307616300358
      vertex -34.58838427238139 -61.5 81.00840788497644
      vertex -34.38891332503135 -61.5 80.82109219732013
    endloop
  endfacet
  facet normal 0.49741282398872594 -0.6870284404387169 0.5296908575385317
    outer loop
      vertex -34.31214352935854 -61.1 81.26781520932836
      vertex -34.58838427238139 -61.5 81.00840788497644
      vertex -34.14736318154764 -61.1 81.11307616300358
    endloop
  endfacet
  facet normal 0.3500569258514309 -0.6870284404387161 0.6367511842877023
    outer loop
      vertex -33.766402724817134 -61.1 80.87131130556116
      vertex -34.167538384848974 -61.5 80.66025388864298
      vertex -33.927750666883895 -61.5 80.52842947515299
    endloop
  endfacet
  facet normal 0.350056925851434 -0.6870284404387175 0.636751184287699
    outer loop
      vertex -33.766402724817134 -61.1 80.87131130556116
      vertex -33.964488230962196 -61.1 80.98020973409638
      vertex -34.167538384848974 -61.5 80.66025388864298
    endloop
  endfacet
  facet normal 0.2674905375314725 -0.6870284404387215 0.6756039774597704
    outer loop
      vertex -33.55623058987491 -61.1 80.78809827066873
      vertex -33.927750666883895 -61.5 80.52842947515299
      vertex -33.67333176669067 -61.5 80.42769790659898
    endloop
  endfacet
  facet normal 0.26749053753145996 -0.6870284404387164 0.6756039774597807
    outer loop
      vertex -33.766402724817134 -61.1 80.87131130556116
      vertex -33.927750666883895 -61.5 80.52842947515299
      vertex -33.55623058987491 -61.1 80.78809827066873
    endloop
  endfacet
  facet normal 0.4271027073368321 -0.687028440438719 0.5878564445626924
    outer loop
      vertex -34.14736318154764 -61.1 81.11307616300358
      vertex -34.38891332503135 -61.5 80.82109219732013
      vertex -33.964488230962196 -61.1 80.98020973409638
    endloop
  endfacet
  facet normal 0.18070566364352758 -0.6870284404387198 0.7038020923210534
    outer loop
      vertex -33.337286366254304 -61.1 80.73188294868837
      vertex -33.67333176669067 -61.5 80.42769790659898
      vertex -33.40829402230784 -61.5 80.35964777999118
    endloop
  endfacet
  facet normal 0.18070566364353302 -0.687028440438722 0.7038020923210501
    outer loop
      vertex -33.55623058987491 -61.1 80.78809827066873
      vertex -33.67333176669067 -61.5 80.42769790659898
      vertex -33.337286366254304 -61.1 80.73188294868837
    endloop
  endfacet
  facet normal 0.09107095349164669 -0.6870284404387198 0.720900827755429
    outer loop
      vertex -33.337286366254304 -61.1 80.73188294868837
      vertex -33.40829402230784 -61.5 80.35964777999118
      vertex -33.11302293515276 -61.1 80.70355188882911
    endloop
  endfacet
  facet normal 0.09107095349165416 -0.6870284404387226 0.7209008277554255
    outer loop
      vertex -33.11302293515276 -61.1 80.70355188882911
      vertex -33.40829402230784 -61.5 80.35964777999118
      vertex -33.13681723729019 -61.5 80.32535228647734
    endloop
  endfacet
  facet normal 0 -0.6870284404387232 0.7266305264908265
    outer loop
      vertex -32.88697706484724 -61.1 80.70355188882911
      vertex -33.13681723729019 -61.5 80.32535228647734
      vertex -32.86318276270981 -61.5 80.32535228647734
    endloop
  endfacet
  facet normal 0 -0.6870284404387232 0.7266305264908265
    outer loop
      vertex -33.11302293515276 -61.1 80.70355188882911
      vertex -33.13681723729019 -61.5 80.32535228647734
      vertex -32.88697706484724 -61.1 80.70355188882911
    endloop
  endfacet
  facet normal 0.6574749575165342 -0.6870284404387186 0.309384230798814
    outer loop
      vertex -34.577352024078955 -61.1 81.63284338661691
      vertex -35.02593402714598 -61.5 81.69787597467655
      vertex -34.90942613441137 -61.5 81.4502840995889
    endloop
  endfacet
  facet normal 0.691066697158083 -0.687028440438718 0.2245411813172836
    outer loop
      vertex -34.67359767459885 -61.1 81.83737580516758
      vertex -35.11049173003818 -61.5 81.95811782480922
      vertex -35.02593402714598 -61.5 81.69787597467655
    endloop
  endfacet
  facet normal 0.7137599021622195 -0.6870284404387167 0.1361569832719701
    outer loop
      vertex -34.74344969003154 -61.1 82.05235820310327
      vertex -35.16176571760102 -61.5 82.22690548054936
      vertex -35.11049173003818 -61.5 81.95811782480922
    endloop
  endfacet
  facet normal 0.6910666971580829 -0.687028440438716 0.2245411813172902
    outer loop
      vertex -34.67359767459885 -61.1 81.83737580516758
      vertex -34.74344969003154 -61.1 82.05235820310327
      vertex -35.11049173003818 -61.5 81.95811782480922
    endloop
  endfacet
  facet normal 0.7137599021622192 -0.6870284404387176 0.13615698327196754
    outer loop
      vertex -34.74344969003154 -61.1 82.05235820310327
      vertex -34.78580646236606 -61.1 82.27440017958425
      vertex -35.16176571760102 -61.5 82.22690548054936
    endloop
  endfacet
  facet normal 0.7251966871297576 -0.6870284404387181 0.045625508264206575
    outer loop
      vertex -34.78580646236606 -61.1 82.27440017958425
      vertex -35.17894736842105 -61.5 82.5
      vertex -35.16176571760102 -61.5 82.22690548054936
    endloop
  endfacet
  facet normal 0.725196687129757 -0.6870284404387187 -0.045625508264206555
    outer loop
      vertex -34.8 -61.1 82.5
      vertex -35.16176571760102 -61.5 82.77309451945064
      vertex -35.17894736842105 -61.5 82.5
    endloop
  endfacet
  facet normal 0.7251966871297573 -0.6870284404387187 0.04562550826420488
    outer loop
      vertex -34.78580646236606 -61.1 82.27440017958425
      vertex -34.8 -61.1 82.5
      vertex -35.17894736842105 -61.5 82.5
    endloop
  endfacet
  facet normal 0.7137599021622187 -0.6870284404387175 -0.13615698327196998
    outer loop
      vertex -34.78580646236606 -61.1 82.72559982041575
      vertex -35.11049173003818 -61.5 83.04188217519078
      vertex -35.16176571760102 -61.5 82.77309451945064
    endloop
  endfacet
  facet normal 0.7251966871297578 -0.6870284404387181 -0.04562550826420492
    outer loop
      vertex -34.8 -61.1 82.5
      vertex -34.78580646236606 -61.1 82.72559982041575
      vertex -35.16176571760102 -61.5 82.77309451945064
    endloop
  endfacet
  facet normal 0.7137599021622201 -0.6870284404387166 -0.1361569832719677
    outer loop
      vertex -34.78580646236606 -61.1 82.72559982041575
      vertex -34.74344969003154 -61.1 82.94764179689673
      vertex -35.11049173003818 -61.5 83.04188217519078
    endloop
  endfacet
  facet normal 0.6574749575165338 -0.6870284404387179 0.3093842307988161
    outer loop
      vertex -34.67359767459885 -61.1 81.83737580516758
      vertex -35.02593402714598 -61.5 81.69787597467655
      vertex -34.577352024078955 -61.1 81.63284338661691
    endloop
  endfacet
  facet normal 0.6910666971580847 -0.6870284404387162 -0.22454118131728412
    outer loop
      vertex -34.74344969003154 -61.1 82.94764179689673
      vertex -35.02593402714598 -61.5 83.30212402532345
      vertex -35.11049173003818 -61.5 83.04188217519078
    endloop
  endfacet
  facet normal 0.6910666971580809 -0.6870284404387182 -0.22454118131728953
    outer loop
      vertex -34.74344969003154 -61.1 82.94764179689673
      vertex -34.67359767459885 -61.1 83.16262419483242
      vertex -35.02593402714598 -61.5 83.30212402532345
    endloop
  endfacet
  facet normal 0.6574749575165346 -0.6870284404387179 -0.30938423079881433
    outer loop
      vertex -34.67359767459885 -61.1 83.16262419483242
      vertex -34.90942613441137 -61.5 83.5497159004111
      vertex -35.02593402714598 -61.5 83.30212402532345
    endloop
  endfacet
  facet normal 0.6135144450384474 -0.6870284404387186 -0.3893481061434715
    outer loop
      vertex -34.577352024078955 -61.1 83.36715661338309
      vertex -34.762805450901205 -61.5 83.7807531286794
      vertex -34.90942613441137 -61.5 83.5497159004111
    endloop
  endfacet
  facet normal 0.6574749575165332 -0.6870284404387186 -0.30938423079881583
    outer loop
      vertex -34.67359767459885 -61.1 83.16262419483242
      vertex -34.577352024078955 -61.1 83.36715661338309
      vertex -34.90942613441137 -61.5 83.5497159004111
    endloop
  endfacet
  facet normal 0.6135144450384374 -0.6870284404387227 -0.38934810614347987
    outer loop
      vertex -34.577352024078955 -61.1 83.36715661338309
      vertex -34.456230589874906 -61.1 83.55801345412645
      vertex -34.762805450901205 -61.5 83.7807531286794
    endloop
  endfacet
  facet normal 0.5598784432663163 -0.6870284404387222 -0.46317172926898614
    outer loop
      vertex -34.456230589874906 -61.1 83.55801345412645
      vertex -34.58838427238139 -61.5 83.99159211502356
      vertex -34.762805450901205 -61.5 83.7807531286794
    endloop
  endfacet
  facet normal 0.49741282398873066 -0.687028440438717 -0.5296908575385271
    outer loop
      vertex -34.31214352935854 -61.1 83.73218479067164
      vertex -34.38891332503135 -61.5 84.17890780267987
      vertex -34.58838427238139 -61.5 83.99159211502356
    endloop
  endfacet
  facet normal 0.559878443266331 -0.687028440438717 -0.4631717292689767
    outer loop
      vertex -34.456230589874906 -61.1 83.55801345412645
      vertex -34.31214352935854 -61.1 83.73218479067164
      vertex -34.58838427238139 -61.5 83.99159211502356
    endloop
  endfacet
  facet normal 0.49741282398872433 -0.6870284404387192 -0.5296908575385301
    outer loop
      vertex -34.31214352935854 -61.1 83.73218479067164
      vertex -34.14736318154764 -61.1 83.88692383699642
      vertex -34.38891332503135 -61.5 84.17890780267987
    endloop
  endfacet
  facet normal 0.4271027073368278 -0.6870284404387189 -0.5878564445626958
    outer loop
      vertex -34.14736318154764 -61.1 83.88692383699642
      vertex -34.167538384848974 -61.5 84.33974611135702
      vertex -34.38891332503135 -61.5 84.17890780267987
    endloop
  endfacet
  facet normal 0.35005692585143033 -0.6870284404387174 -0.636751184287701
    outer loop
      vertex -33.964488230962196 -61.1 84.01979026590362
      vertex -33.927750666883895 -61.5 84.47157052484701
      vertex -34.167538384848974 -61.5 84.33974611135702
    endloop
  endfacet
  facet normal 0.4271027073368332 -0.687028440438717 -0.5878564445626939
    outer loop
      vertex -34.14736318154764 -61.1 83.88692383699642
      vertex -33.964488230962196 -61.1 84.01979026590362
      vertex -34.167538384848974 -61.5 84.33974611135702
    endloop
  endfacet
  facet normal 0.3500569258514348 -0.687028440438716 -0.6367511842877003
    outer loop
      vertex -33.964488230962196 -61.1 84.01979026590362
      vertex -33.766402724817134 -61.1 84.12868869443884
      vertex -33.927750666883895 -61.5 84.47157052484701
    endloop
  endfacet
  facet normal 0.267490537531458 -0.6870284404387219 -0.6756039774597757
    outer loop
      vertex -33.766402724817134 -61.1 84.12868869443884
      vertex -33.55623058987491 -61.1 84.21190172933127
      vertex -33.67333176669067 -61.5 84.57230209340102
    endloop
  endfacet
  facet normal 0.18070566364353355 -0.6870284404387197 -0.7038020923210521
    outer loop
      vertex -33.55623058987491 -61.1 84.21190172933127
      vertex -33.337286366254304 -61.1 84.26811705131163
      vertex -33.40829402230784 -61.5 84.64035222000882
    endloop
  endfacet
  facet normal -0.09107095349165444 -0.6870284404387201 0.7209008277554276
    outer loop
      vertex -32.662713633745696 -61.1 80.73188294868837
      vertex -32.86318276270981 -61.5 80.32535228647734
      vertex -32.59170597769216 -61.5 80.35964777999118
    endloop
  endfacet
  facet normal -0.09107095349164633 -0.6870284404387227 0.7209008277554262
    outer loop
      vertex -32.88697706484724 -61.1 80.70355188882911
      vertex -32.86318276270981 -61.5 80.32535228647734
      vertex -32.662713633745696 -61.1 80.73188294868837
    endloop
  endfacet
  facet normal -0.18070566364352705 -0.6870284404387217 0.7038020923210517
    outer loop
      vertex -32.44376941012509 -61.1 80.78809827066873
      vertex -32.59170597769216 -61.5 80.35964777999118
      vertex -32.32666823330933 -61.5 80.42769790659898
    endloop
  endfacet
  facet normal -0.18070566364353355 -0.6870284404387197 0.7038020923210521
    outer loop
      vertex -32.662713633745696 -61.1 80.73188294868837
      vertex -32.59170597769216 -61.5 80.35964777999118
      vertex -32.44376941012509 -61.1 80.78809827066873
    endloop
  endfacet
  facet normal -0.267490537531458 -0.6870284404387219 0.6756039774597757
    outer loop
      vertex -32.44376941012509 -61.1 80.78809827066873
      vertex -32.32666823330933 -61.5 80.42769790659898
      vertex -32.233597275182866 -61.1 80.87131130556116
    endloop
  endfacet
  facet normal -0.2674905375314741 -0.6870284404387169 0.6756039774597745
    outer loop
      vertex -32.233597275182866 -61.1 80.87131130556116
      vertex -32.32666823330933 -61.5 80.42769790659898
      vertex -32.072249333116105 -61.5 80.52842947515299
    endloop
  endfacet
  facet normal -0.35005692585143505 -0.6870284404387159 0.6367511842877002
    outer loop
      vertex -32.035511769037804 -61.1 80.98020973409638
      vertex -32.072249333116105 -61.5 80.52842947515299
      vertex -31.83246161515103 -61.5 80.66025388864298
    endloop
  endfacet
  facet normal -0.3500569258514348 -0.6870284404387159 0.6367511842877003
    outer loop
      vertex -32.233597275182866 -61.1 80.87131130556116
      vertex -32.072249333116105 -61.5 80.52842947515299
      vertex -32.035511769037804 -61.1 80.98020973409638
    endloop
  endfacet
  facet normal -0.42710270733682876 -0.6870284404387152 0.5878564445626993
    outer loop
      vertex -32.035511769037804 -61.1 80.98020973409638
      vertex -31.83246161515103 -61.5 80.66025388864298
      vertex -31.852636818452357 -61.1 81.11307616300358
    endloop
  endfacet
  facet normal -0.427102707336819 -0.6870284404387185 0.5878564445627026
    outer loop
      vertex -31.852636818452357 -61.1 81.11307616300358
      vertex -31.83246161515103 -61.5 80.66025388864298
      vertex -31.611086674968643 -61.5 80.82109219732013
    endloop
  endfacet
  facet normal -0.49741282398873604 -0.6870284404387187 0.5296908575385197
    outer loop
      vertex -31.852636818452357 -61.1 81.11307616300358
      vertex -31.611086674968643 -61.5 80.82109219732013
      vertex -31.68785647064146 -61.1 81.26781520932836
    endloop
  endfacet
  facet normal -0.4974128239887338 -0.6870284404387196 0.529690857538521
    outer loop
      vertex -31.68785647064146 -61.1 81.26781520932836
      vertex -31.611086674968643 -61.5 80.82109219732013
      vertex -31.41161572761861 -61.5 81.00840788497644
    endloop
  endfacet
  facet normal -0.5598784432663232 -0.6870284404387198 0.46317172926898176
    outer loop
      vertex -31.68785647064146 -61.1 81.26781520932836
      vertex -31.41161572761861 -61.5 81.00840788497644
      vertex -31.543769410125094 -61.1 81.44198654587355
    endloop
  endfacet
  facet normal -0.5598784432663229 -0.6870284404387199 0.4631717292689821
    outer loop
      vertex -31.543769410125094 -61.1 81.44198654587355
      vertex -31.41161572761861 -61.5 81.00840788497644
      vertex -31.2371945490988 -61.5 81.2192468713206
    endloop
  endfacet
  facet normal -0.6135144450384399 -0.6870284404387199 0.3893481061434814
    outer loop
      vertex -31.543769410125094 -61.1 81.44198654587355
      vertex -31.2371945490988 -61.5 81.2192468713206
      vertex -31.422647975921045 -61.1 81.63284338661691
    endloop
  endfacet
  facet normal -0.6135144450384498 -0.6870284404387157 0.3893481061434728
    outer loop
      vertex -31.422647975921045 -61.1 81.63284338661691
      vertex -31.2371945490988 -61.5 81.2192468713206
      vertex -31.090573865588635 -61.5 81.4502840995889
    endloop
  endfacet
  facet normal -0.18070566364353302 -0.6870284404387219 -0.7038020923210501
    outer loop
      vertex -32.662713633745696 -61.1 84.26811705131163
      vertex -32.44376941012509 -61.1 84.21190172933127
      vertex -32.32666823330933 -61.5 84.57230209340102
    endloop
  endfacet
  facet normal -0.26749053753145996 -0.6870284404387164 -0.6756039774597807
    outer loop
      vertex -32.233597275182866 -61.1 84.12868869443884
      vertex -32.072249333116105 -61.5 84.47157052484701
      vertex -32.44376941012509 -61.1 84.21190172933127
    endloop
  endfacet
  facet normal -0.3500569258514309 -0.6870284404387161 -0.6367511842877023
    outer loop
      vertex -32.233597275182866 -61.1 84.12868869443884
      vertex -31.832461615151026 -61.5 84.33974611135702
      vertex -32.072249333116105 -61.5 84.47157052484701
    endloop
  endfacet
  facet normal -0.350056925851434 -0.6870284404387175 -0.636751184287699
    outer loop
      vertex -32.233597275182866 -61.1 84.12868869443884
      vertex -32.035511769037804 -61.1 84.01979026590362
      vertex -31.832461615151026 -61.5 84.33974611135702
    endloop
  endfacet
  facet normal -0.49741282398873543 -0.6870284404387197 -0.5296908575385191
    outer loop
      vertex -31.852636818452357 -61.1 83.88692383699642
      vertex -31.68785647064146 -61.1 83.73218479067164
      vertex -31.41161572761861 -61.5 83.99159211502356
    endloop
  endfacet
  facet normal -0.4271027073368241 -0.6870284404387176 -0.5878564445627
    outer loop
      vertex -32.035511769037804 -61.1 84.01979026590362
      vertex -31.611086674968643 -61.5 84.17890780267987
      vertex -31.832461615151026 -61.5 84.33974611135702
    endloop
  endfacet
  facet normal -0.4271027073368268 -0.6870284404387188 -0.5878564445626966
    outer loop
      vertex -32.035511769037804 -61.1 84.01979026590362
      vertex -31.852636818452357 -61.1 83.88692383699642
      vertex -31.611086674968643 -61.5 84.17890780267987
    endloop
  endfacet
  facet normal -0.6574749575165358 -0.6870284404387156 0.30938423079881705
    outer loop
      vertex -31.422647975921045 -61.1 81.63284338661691
      vertex -31.090573865588635 -61.5 81.4502840995889
      vertex -31.326402325401148 -61.1 81.83737580516758
    endloop
  endfacet
  facet normal -0.6910666971580846 -0.6870284404387179 0.22454118131727932
    outer loop
      vertex -31.326402325401148 -61.1 81.83737580516758
      vertex -30.97406597285402 -61.5 81.69787597467655
      vertex -31.256550309968464 -61.1 82.05235820310327
    endloop
  endfacet
  facet normal -0.6574749575165312 -0.6870284404387177 0.3093842307988221
    outer loop
      vertex -31.326402325401148 -61.1 81.83737580516758
      vertex -31.090573865588635 -61.5 81.4502840995889
      vertex -30.97406597285402 -61.5 81.69787597467655
    endloop
  endfacet
  facet normal -0.6910666971580872 -0.6870284404387166 0.22454118131727555
    outer loop
      vertex -31.256550309968464 -61.1 82.05235820310327
      vertex -30.97406597285402 -61.5 81.69787597467655
      vertex -30.889508269961826 -61.5 81.95811782480922
    endloop
  endfacet
  facet normal -0.7137599021622177 -0.687028440438717 0.13615698327197867
    outer loop
      vertex -31.256550309968464 -61.1 82.05235820310327
      vertex -30.889508269961826 -61.5 81.95811782480922
      vertex -31.21419353763394 -61.1 82.27440017958425
    endloop
  endfacet
  facet normal -0.7251966871297567 -0.6870284404387185 0.045625508264216276
    outer loop
      vertex -31.21419353763394 -61.1 82.27440017958425
      vertex -30.83823428239898 -61.5 82.22690548054936
      vertex -31.2 -61.1 82.5
    endloop
  endfacet
  facet normal -0.7251966871297568 -0.6870284404387184 -0.045625508264216276
    outer loop
      vertex -31.2 -61.1 82.5
      vertex -30.821052631578947 -61.5 82.5
      vertex -31.21419353763394 -61.1 82.72559982041575
    endloop
  endfacet
  facet normal -0.7137599021622175 -0.6870284404387172 -0.13615698327197862
    outer loop
      vertex -31.21419353763394 -61.1 82.72559982041575
      vertex -30.83823428239898 -61.5 82.77309451945064
      vertex -31.256550309968464 -61.1 82.94764179689673
    endloop
  endfacet
  facet normal -0.7137599021622173 -0.6870284404387171 0.13615698327197912
    outer loop
      vertex -31.21419353763394 -61.1 82.27440017958425
      vertex -30.889508269961826 -61.5 81.95811782480922
      vertex -30.83823428239898 -61.5 82.22690548054936
    endloop
  endfacet
  facet normal -0.7251966871297568 -0.6870284404387184 0.045625508264215936
    outer loop
      vertex -31.2 -61.1 82.5
      vertex -30.83823428239898 -61.5 82.22690548054936
      vertex -30.821052631578947 -61.5 82.5
    endloop
  endfacet
  facet normal -0.7251966871297567 -0.6870284404387185 -0.04562550826421593
    outer loop
      vertex -31.21419353763394 -61.1 82.72559982041575
      vertex -30.821052631578947 -61.5 82.5
      vertex -30.83823428239898 -61.5 82.77309451945064
    endloop
  endfacet
  facet normal -0.7137599021622175 -0.687028440438717 -0.1361569832719793
    outer loop
      vertex -31.256550309968464 -61.1 82.94764179689673
      vertex -30.83823428239898 -61.5 82.77309451945064
      vertex -30.889508269961826 -61.5 83.04188217519078
    endloop
  endfacet
  facet normal -0.6135144450384434 -0.6870284404387152 -0.38934810614348364
    outer loop
      vertex -31.422647975921045 -61.1 83.36715661338309
      vertex -31.090573865588635 -61.5 83.5497159004111
      vertex -31.543769410125094 -61.1 83.55801345412645
    endloop
  endfacet
  facet normal -0.6574749575165338 -0.6870284404387179 -0.3093842307988161
    outer loop
      vertex -31.326402325401148 -61.1 83.16262419483242
      vertex -30.97406597285402 -61.5 83.30212402532345
      vertex -31.422647975921045 -61.1 83.36715661338309
    endloop
  endfacet
  facet normal -0.6910666971580861 -0.6870284404387179 -0.22454118131727518
    outer loop
      vertex -31.326402325401148 -61.1 83.16262419483242
      vertex -30.889508269961826 -61.5 83.04188217519078
      vertex -30.97406597285402 -61.5 83.30212402532345
    endloop
  endfacet
  facet normal -0.691066697158086 -0.6870284404387164 -0.2245411813172798
    outer loop
      vertex -31.326402325401148 -61.1 83.16262419483242
      vertex -31.256550309968464 -61.1 82.94764179689673
      vertex -30.889508269961826 -61.5 83.04188217519078
    endloop
  endfacet
  facet normal -0.6135144450384469 -0.6870284404387195 -0.389348106143471
    outer loop
      vertex -31.543769410125094 -61.1 83.55801345412645
      vertex -31.090573865588635 -61.5 83.5497159004111
      vertex -31.2371945490988 -61.5 83.7807531286794
    endloop
  endfacet
  facet normal -0.657474957516533 -0.6870284404387158 -0.309384230798823
    outer loop
      vertex -31.422647975921045 -61.1 83.36715661338309
      vertex -30.97406597285402 -61.5 83.30212402532345
      vertex -31.090573865588635 -61.5 83.5497159004111
    endloop
  endfacet
  facet normal -0.4974128239887344 -0.6870284404387188 -0.5296908575385215
    outer loop
      vertex -31.852636818452357 -61.1 83.88692383699642
      vertex -31.41161572761861 -61.5 83.99159211502356
      vertex -31.611086674968643 -61.5 84.17890780267987
    endloop
  endfacet
  facet normal -0.5598784432663231 -0.6870284404387199 -0.46317172926898165
    outer loop
      vertex -31.68785647064146 -61.1 83.73218479067164
      vertex -31.543769410125094 -61.1 83.55801345412645
      vertex -31.2371945490988 -61.5 83.7807531286794
    endloop
  endfacet
  facet normal -0.5598784432663229 -0.6870284404387198 -0.4631717292689821
    outer loop
      vertex -31.68785647064146 -61.1 83.73218479067164
      vertex -31.2371945490988 -61.5 83.7807531286794
      vertex -31.41161572761861 -61.5 83.99159211502356
    endloop
  endfacet
  facet normal 0.2674905375314741 -0.6870284404387169 -0.6756039774597745
    outer loop
      vertex -33.766402724817134 -61.1 84.12868869443884
      vertex -33.67333176669067 -61.5 84.57230209340102
      vertex -33.927750666883895 -61.5 84.47157052484701
    endloop
  endfacet
  facet normal 0.18070566364352705 -0.6870284404387217 -0.7038020923210517
    outer loop
      vertex -33.55623058987491 -61.1 84.21190172933127
      vertex -33.40829402230784 -61.5 84.64035222000882
      vertex -33.67333176669067 -61.5 84.57230209340102
    endloop
  endfacet
  facet normal 0.09107095349165444 -0.6870284404387201 -0.7209008277554276
    outer loop
      vertex -33.337286366254304 -61.1 84.26811705131163
      vertex -33.13681723729019 -61.5 84.67464771352266
      vertex -33.40829402230784 -61.5 84.64035222000882
    endloop
  endfacet
  facet normal 0.09107095349164633 -0.6870284404387227 -0.7209008277554262
    outer loop
      vertex -33.337286366254304 -61.1 84.26811705131163
      vertex -33.11302293515276 -61.1 84.29644811117089
      vertex -33.13681723729019 -61.5 84.67464771352266
    endloop
  endfacet
  facet normal 0 -0.6870284404387232 -0.7266305264908265
    outer loop
      vertex -33.11302293515276 -61.1 84.29644811117089
      vertex -32.86318276270981 -61.5 84.67464771352266
      vertex -33.13681723729019 -61.5 84.67464771352266
    endloop
  endfacet
  facet normal 0 -0.6870284404387232 -0.7266305264908265
    outer loop
      vertex -33.11302293515276 -61.1 84.29644811117089
      vertex -32.88697706484724 -61.1 84.29644811117089
      vertex -32.86318276270981 -61.5 84.67464771352266
    endloop
  endfacet
  facet normal -0.09107095349165416 -0.6870284404387226 -0.7209008277554255
    outer loop
      vertex -32.88697706484724 -61.1 84.29644811117089
      vertex -32.59170597769216 -61.5 84.64035222000882
      vertex -32.86318276270981 -61.5 84.67464771352266
    endloop
  endfacet
  facet normal -0.09107095349164669 -0.6870284404387198 -0.720900827755429
    outer loop
      vertex -32.88697706484724 -61.1 84.29644811117089
      vertex -32.662713633745696 -61.1 84.26811705131163
      vertex -32.59170597769216 -61.5 84.64035222000882
    endloop
  endfacet
  facet normal -0.18070566364352758 -0.6870284404387198 -0.7038020923210534
    outer loop
      vertex -32.662713633745696 -61.1 84.26811705131163
      vertex -32.32666823330933 -61.5 84.57230209340102
      vertex -32.59170597769216 -61.5 84.64035222000882
    endloop
  endfacet
  facet normal -0.2674905375314725 -0.6870284404387215 -0.6756039774597704
    outer loop
      vertex -32.44376941012509 -61.1 84.21190172933127
      vertex -32.072249333116105 -61.5 84.47157052484701
      vertex -32.32666823330933 -61.5 84.57230209340102
    endloop
  endfacet
  facet normal 0.7705132427757933 0 0.6374239897486849
    outer loop
      vertex -34.456230589874906 -61.1 6.441986545873548
      vertex -34.31214352935854 -61.1 6.267815209328361
      vertex -34.31214352935854 -60 6.267815209328361
    endloop
  endfacet
  facet normal 0.6845471059286795 0 0.7289686274214202
    outer loop
      vertex -34.14736318154764 -61.1 6.113076163003579
      vertex -34.14736318154764 -60 6.113076163003579
      vertex -34.31214352935854 -61.1 6.267815209328361
    endloop
  endfacet
  facet normal 0.8443279255020146 0 0.5358267949789973
    outer loop
      vertex -34.456230589874906 -61.1 6.441986545873548
      vertex -34.456230589874906 -60 6.441986545873548
      vertex -34.577352024078955 -61.1 6.632843386616912
    endloop
  endfacet
  facet normal 0.9510565162951488 0 0.309016994374962
    outer loop
      vertex -34.74344969003154 -61.1 7.052358203103261
      vertex -34.67359767459885 -61.1 6.8373758051675795
      vertex -34.67359767459885 -60 6.8373758051675795
    endloop
  endfacet
  facet normal 0.9048270524660212 0 0.4257792915650691
    outer loop
      vertex -34.67359767459885 -61.1 6.8373758051675795
      vertex -34.577352024078955 -61.1 6.632843386616912
      vertex -34.577352024078955 -60 6.632843386616912
    endloop
  endfacet
  facet normal 0.6845471059286795 0 0.7289686274214202
    outer loop
      vertex -34.31214352935854 -61.1 6.267815209328361
      vertex -34.14736318154764 -60 6.113076163003579
      vertex -34.31214352935854 -60 6.267815209328361
    endloop
  endfacet
  facet normal 0.8443279255020146 0 0.5358267949789973
    outer loop
      vertex -34.577352024078955 -61.1 6.632843386616912
      vertex -34.456230589874906 -60 6.441986545873548
      vertex -34.577352024078955 -60 6.632843386616912
    endloop
  endfacet
  facet normal 0.9510565162951488 0 0.309016994374962
    outer loop
      vertex -34.74344969003154 -61.1 7.052358203103261
      vertex -34.67359767459885 -60 6.8373758051675795
      vertex -34.74344969003154 -60 7.052358203103261
    endloop
  endfacet
  facet normal 0.9048270524660212 0 0.4257792915650691
    outer loop
      vertex -34.67359767459885 -61.1 6.8373758051675795
      vertex -34.577352024078955 -60 6.632843386616912
      vertex -34.67359767459885 -60 6.8373758051675795
    endloop
  endfacet
  facet normal 0.7705132427757933 0 0.6374239897486849
    outer loop
      vertex -34.456230589874906 -61.1 6.441986545873548
      vertex -34.31214352935854 -60 6.267815209328361
      vertex -34.456230589874906 -60 6.441986545873548
    endloop
  endfacet
  facet normal 0.9822872507286907 0 0.18738131458571353
    outer loop
      vertex -34.74344969003154 -61.1 7.052358203103261
      vertex -34.74344969003154 -60 7.052358203103261
      vertex -34.78580646236606 -61.1 7.274400179584252
    endloop
  endfacet
  facet normal 0.9980267284282727 0 0.06279051952929687
    outer loop
      vertex -34.78580646236606 -61.1 7.274400179584252
      vertex -34.78580646236606 -60 7.274400179584252
      vertex -34.8 -61.1 7.5
    endloop
  endfacet
  facet normal 0.9980267284282727 0 -0.06279051952929687
    outer loop
      vertex -34.8 -61.1 7.5
      vertex -34.8 -60 7.5
      vertex -34.78580646236606 -61.1 7.725599820415748
    endloop
  endfacet
  facet normal 0.9822872507286907 0 -0.18738131458571353
    outer loop
      vertex -34.78580646236606 -61.1 7.725599820415748
      vertex -34.78580646236606 -60 7.725599820415748
      vertex -34.74344969003154 -61.1 7.947641796896739
    endloop
  endfacet
  facet normal 0.9510565162951485 0 -0.3090169943749632
    outer loop
      vertex -34.74344969003154 -61.1 7.947641796896739
      vertex -34.74344969003154 -60 7.947641796896739
      vertex -34.67359767459885 -61.1 8.16262419483242
    endloop
  endfacet
  facet normal 0.9048270524660219 0 -0.4257792915650676
    outer loop
      vertex -34.67359767459885 -61.1 8.16262419483242
      vertex -34.67359767459885 -60 8.16262419483242
      vertex -34.577352024078955 -61.1 8.367156613383088
    endloop
  endfacet
  facet normal 0.8443279255020134 0 -0.535826794978999
    outer loop
      vertex -34.577352024078955 -61.1 8.367156613383088
      vertex -34.577352024078955 -60 8.367156613383088
      vertex -34.456230589874906 -61.1 8.558013454126451
    endloop
  endfacet
  facet normal 0.9822872507286907 0 0.18738131458571353
    outer loop
      vertex -34.78580646236606 -61.1 7.274400179584252
      vertex -34.74344969003154 -60 7.052358203103261
      vertex -34.78580646236606 -60 7.274400179584252
    endloop
  endfacet
  facet normal 0.9980267284282727 0 0.06279051952929687
    outer loop
      vertex -34.8 -61.1 7.5
      vertex -34.78580646236606 -60 7.274400179584252
      vertex -34.8 -60 7.5
    endloop
  endfacet
  facet normal 0.9980267284282727 0 -0.06279051952929687
    outer loop
      vertex -34.78580646236606 -61.1 7.725599820415748
      vertex -34.8 -60 7.5
      vertex -34.78580646236606 -60 7.725599820415748
    endloop
  endfacet
  facet normal 0.9822872507286907 0 -0.18738131458571353
    outer loop
      vertex -34.74344969003154 -61.1 7.947641796896739
      vertex -34.78580646236606 -60 7.725599820415748
      vertex -34.74344969003154 -60 7.947641796896739
    endloop
  endfacet
  facet normal 0.9510565162951485 0 -0.3090169943749632
    outer loop
      vertex -34.67359767459885 -61.1 8.16262419483242
      vertex -34.74344969003154 -60 7.947641796896739
      vertex -34.67359767459885 -60 8.16262419483242
    endloop
  endfacet
  facet normal 0.9048270524660219 0 -0.4257792915650676
    outer loop
      vertex -34.577352024078955 -61.1 8.367156613383088
      vertex -34.67359767459885 -60 8.16262419483242
      vertex -34.577352024078955 -60 8.367156613383088
    endloop
  endfacet
  facet normal 0.5877852522924798 0 0.8090169943749426
    outer loop
      vertex -34.14736318154764 -61.1 6.113076163003579
      vertex -33.964488230962196 -61.1 5.980209734096373
      vertex -33.964488230962196 -60 5.980209734096373
    endloop
  endfacet
  facet normal 0.4817536741017198 0 0.8763066800438611
    outer loop
      vertex -33.964488230962196 -61.1 5.980209734096373
      vertex -33.766402724817134 -61.1 5.871311305561164
      vertex -33.766402724817134 -60 5.871311305561164
    endloop
  endfacet
  facet normal 0.36812455268467437 0 0.9297764858882529
    outer loop
      vertex -33.766402724817134 -61.1 5.871311305561164
      vertex -33.55623058987491 -61.1 5.788098270668724
      vertex -33.55623058987491 -60 5.788098270668724
    endloop
  endfacet
  facet normal 0.4817536741017198 0 0.8763066800438611
    outer loop
      vertex -33.964488230962196 -61.1 5.980209734096373
      vertex -33.766402724817134 -60 5.871311305561164
      vertex -33.964488230962196 -60 5.980209734096373
    endloop
  endfacet
  facet normal 0.5877852522924798 0 0.8090169943749426
    outer loop
      vertex -34.14736318154764 -61.1 6.113076163003579
      vertex -33.964488230962196 -60 5.980209734096373
      vertex -34.14736318154764 -60 6.113076163003579
    endloop
  endfacet
  facet normal 0.36812455268467437 0 0.9297764858882529
    outer loop
      vertex -33.766402724817134 -61.1 5.871311305561164
      vertex -33.55623058987491 -60 5.788098270668724
      vertex -33.766402724817134 -60 5.871311305561164
    endloop
  endfacet
  facet normal 0.24868988716485213 0 0.9685831611286317
    outer loop
      vertex -33.55623058987491 -61.1 5.788098270668724
      vertex -33.337286366254304 -61.1 5.7318829486883605
      vertex -33.337286366254304 -60 5.7318829486883605
    endloop
  endfacet
  facet normal 0.12533323356430603 0 0.9921147013144777
    outer loop
      vertex -33.337286366254304 -61.1 5.7318829486883605
      vertex -33.11302293515276 -61.1 5.703551888829111
      vertex -33.11302293515276 -60 5.703551888829111
    endloop
  endfacet
  facet normal 0 0 1
    outer loop
      vertex -33.11302293515276 -61.1 5.703551888829111
      vertex -32.88697706484724 -61.1 5.703551888829111
      vertex -32.88697706484724 -60 5.703551888829111
    endloop
  endfacet
  facet normal 0.24868988716485213 0 0.9685831611286317
    outer loop
      vertex -33.55623058987491 -61.1 5.788098270668724
      vertex -33.337286366254304 -60 5.7318829486883605
      vertex -33.55623058987491 -60 5.788098270668724
    endloop
  endfacet
  facet normal 0.12533323356430603 0 0.9921147013144777
    outer loop
      vertex -33.337286366254304 -61.1 5.7318829486883605
      vertex -33.11302293515276 -60 5.703551888829111
      vertex -33.337286366254304 -60 5.7318829486883605
    endloop
  endfacet
  facet normal 0 0 1
    outer loop
      vertex -33.11302293515276 -61.1 5.703551888829111
      vertex -32.88697706484724 -60 5.703551888829111
      vertex -33.11302293515276 -60 5.703551888829111
    endloop
  endfacet
  facet normal 0.7705132427757933 0 -0.6374239897486849
    outer loop
      vertex -34.456230589874906 -61.1 8.558013454126451
      vertex -34.456230589874906 -60 8.558013454126451
      vertex -34.31214352935854 -61.1 8.732184790671639
    endloop
  endfacet
  facet normal 0.6845471059286795 0 -0.7289686274214202
    outer loop
      vertex -34.31214352935854 -61.1 8.732184790671639
      vertex -34.31214352935854 -60 8.732184790671639
      vertex -34.14736318154764 -61.1 8.88692383699642
    endloop
  endfacet
  facet normal 0.8443279255020134 0 -0.535826794978999
    outer loop
      vertex -34.456230589874906 -61.1 8.558013454126451
      vertex -34.577352024078955 -60 8.367156613383088
      vertex -34.456230589874906 -60 8.558013454126451
    endloop
  endfacet
  facet normal 0.7705132427757933 0 -0.6374239897486849
    outer loop
      vertex -34.31214352935854 -61.1 8.732184790671639
      vertex -34.456230589874906 -60 8.558013454126451
      vertex -34.31214352935854 -60 8.732184790671639
    endloop
  endfacet
  facet normal 0.6845471059286795 0 -0.7289686274214202
    outer loop
      vertex -34.14736318154764 -61.1 8.88692383699642
      vertex -34.31214352935854 -60 8.732184790671639
      vertex -34.14736318154764 -60 8.88692383699642
    endloop
  endfacet
  facet normal 0.5877852522924824 0 -0.8090169943749407
    outer loop
      vertex -34.14736318154764 -61.1 8.88692383699642
      vertex -34.14736318154764 -60 8.88692383699642
      vertex -33.964488230962196 -61.1 9.019790265903627
    endloop
  endfacet
  facet normal 0.4817536741017198 0 -0.8763066800438611
    outer loop
      vertex -33.964488230962196 -61.1 9.019790265903627
      vertex -33.964488230962196 -60 9.019790265903627
      vertex -33.766402724817134 -61.1 9.128688694438836
    endloop
  endfacet
  facet normal 0.3681245526846777 0 -0.9297764858882515
    outer loop
      vertex -33.766402724817134 -61.1 9.128688694438836
      vertex -33.766402724817134 -60 9.128688694438836
      vertex -33.55623058987491 -61.1 9.211901729331277
    endloop
  endfacet
  facet normal 0.5877852522924824 0 -0.8090169943749407
    outer loop
      vertex -33.964488230962196 -61.1 9.019790265903627
      vertex -34.14736318154764 -60 8.88692383699642
      vertex -33.964488230962196 -60 9.019790265903627
    endloop
  endfacet
  facet normal 0.4817536741017198 0 -0.8763066800438611
    outer loop
      vertex -33.766402724817134 -61.1 9.128688694438836
      vertex -33.964488230962196 -60 9.019790265903627
      vertex -33.766402724817134 -60 9.128688694438836
    endloop
  endfacet
  facet normal 0.3681245526846777 0 -0.9297764858882515
    outer loop
      vertex -33.55623058987491 -61.1 9.211901729331277
      vertex -33.766402724817134 -60 9.128688694438836
      vertex -33.55623058987491 -60 9.211901729331277
    endloop
  endfacet
  facet normal 0.24868988716484844 0 -0.9685831611286327
    outer loop
      vertex -33.55623058987491 -61.1 9.211901729331277
      vertex -33.55623058987491 -60 9.211901729331277
      vertex -33.337286366254304 -61.1 9.26811705131164
    endloop
  endfacet
  facet normal 0.12533323356430603 0 -0.9921147013144777
    outer loop
      vertex -33.337286366254304 -61.1 9.26811705131164
      vertex -33.337286366254304 -60 9.26811705131164
      vertex -33.11302293515276 -61.1 9.29644811117089
    endloop
  endfacet
  facet normal 0 0 -1
    outer loop
      vertex -33.11302293515276 -61.1 9.29644811117089
      vertex -33.11302293515276 -60 9.29644811117089
      vertex -32.88697706484724 -61.1 9.29644811117089
    endloop
  endfacet
  facet normal 0.24868988716484844 0 -0.9685831611286327
    outer loop
      vertex -33.337286366254304 -61.1 9.26811705131164
      vertex -33.55623058987491 -60 9.211901729331277
      vertex -33.337286366254304 -60 9.26811705131164
    endloop
  endfacet
  facet normal 0.12533323356430603 0 -0.9921147013144777
    outer loop
      vertex -33.11302293515276 -61.1 9.29644811117089
      vertex -33.337286366254304 -60 9.26811705131164
      vertex -33.11302293515276 -60 9.29644811117089
    endloop
  endfacet
  facet normal 0 0 -1
    outer loop
      vertex -32.88697706484724 -61.1 9.29644811117089
      vertex -33.11302293515276 -60 9.29644811117089
      vertex -32.88697706484724 -60 9.29644811117089
    endloop
  endfacet
  facet normal -0.12533323356430603 0 0.9921147013144777
    outer loop
      vertex -32.88697706484724 -61.1 5.703551888829111
      vertex -32.662713633745696 -61.1 5.7318829486883605
      vertex -32.662713633745696 -60 5.7318829486883605
    endloop
  endfacet
  facet normal -0.24868988716485213 0 0.9685831611286317
    outer loop
      vertex -32.662713633745696 -61.1 5.7318829486883605
      vertex -32.44376941012509 -61.1 5.788098270668724
      vertex -32.44376941012509 -60 5.788098270668724
    endloop
  endfacet
  facet normal -0.36812455268467437 0 0.9297764858882529
    outer loop
      vertex -32.44376941012509 -61.1 5.788098270668724
      vertex -32.233597275182866 -61.1 5.871311305561164
      vertex -32.233597275182866 -60 5.871311305561164
    endloop
  endfacet
  facet normal -0.12533323356430603 0 0.9921147013144777
    outer loop
      vertex -32.88697706484724 -61.1 5.703551888829111
      vertex -32.662713633745696 -60 5.7318829486883605
      vertex -32.88697706484724 -60 5.703551888829111
    endloop
  endfacet
  facet normal -0.24868988716485213 0 0.9685831611286317
    outer loop
      vertex -32.662713633745696 -61.1 5.7318829486883605
      vertex -32.44376941012509 -60 5.788098270668724
      vertex -32.662713633745696 -60 5.7318829486883605
    endloop
  endfacet
  facet normal -0.36812455268467437 0 0.9297764858882529
    outer loop
      vertex -32.44376941012509 -61.1 5.788098270668724
      vertex -32.233597275182866 -60 5.871311305561164
      vertex -32.44376941012509 -60 5.788098270668724
    endloop
  endfacet
  facet normal -0.48175367410171677 0 0.8763066800438627
    outer loop
      vertex -32.233597275182866 -61.1 5.871311305561164
      vertex -32.035511769037804 -61.1 5.9802097340963725
      vertex -32.035511769037804 -60 5.9802097340963725
    endloop
  endfacet
  facet normal -0.5877852522924775 0 0.8090169943749443
    outer loop
      vertex -32.035511769037804 -61.1 5.9802097340963725
      vertex -31.852636818452357 -61.1 6.11307616300358
      vertex -31.852636818452357 -60 6.11307616300358
    endloop
  endfacet
  facet normal -0.684547105928693 0 0.7289686274214073
    outer loop
      vertex -31.852636818452357 -61.1 6.11307616300358
      vertex -31.68785647064146 -61.1 6.267815209328361
      vertex -31.68785647064146 -60 6.267815209328361
    endloop
  endfacet
  facet normal -0.48175367410171677 0 0.8763066800438627
    outer loop
      vertex -32.233597275182866 -61.1 5.871311305561164
      vertex -32.035511769037804 -60 5.9802097340963725
      vertex -32.233597275182866 -60 5.871311305561164
    endloop
  endfacet
  facet normal -0.5877852522924775 0 0.8090169943749443
    outer loop
      vertex -32.035511769037804 -61.1 5.9802097340963725
      vertex -31.852636818452357 -60 6.11307616300358
      vertex -32.035511769037804 -60 5.9802097340963725
    endloop
  endfacet
  facet normal -0.684547105928693 0 0.7289686274214073
    outer loop
      vertex -31.852636818452357 -61.1 6.11307616300358
      vertex -31.68785647064146 -60 6.267815209328361
      vertex -31.852636818452357 -60 6.11307616300358
    endloop
  endfacet
  facet normal -0.7705132427757856 0 0.6374239897486943
    outer loop
      vertex -31.68785647064146 -61.1 6.267815209328361
      vertex -31.543769410125094 -61.1 6.441986545873548
      vertex -31.543769410125094 -60 6.441986545873548
    endloop
  endfacet
  facet normal -0.8443279255020146 0 0.5358267949789973
    outer loop
      vertex -31.543769410125094 -61.1 6.441986545873548
      vertex -31.422647975921045 -61.1 6.632843386616912
      vertex -31.422647975921045 -60 6.632843386616912
    endloop
  endfacet
  facet normal -0.9048270524660205 0 0.4257792915650706
    outer loop
      vertex -31.422647975921045 -61.1 6.632843386616912
      vertex -31.326402325401148 -61.1 6.837375805167579
      vertex -31.326402325401148 -60 6.837375805167579
    endloop
  endfacet
  facet normal -0.9510565162951542 0 0.3090169943749455
    outer loop
      vertex -31.326402325401148 -61.1 6.837375805167579
      vertex -31.256550309968464 -61.1 7.052358203103262
      vertex -31.256550309968464 -60 7.052358203103262
    endloop
  endfacet
  facet normal -0.7705132427757856 0 0.6374239897486943
    outer loop
      vertex -31.68785647064146 -61.1 6.267815209328361
      vertex -31.543769410125094 -60 6.441986545873548
      vertex -31.68785647064146 -60 6.267815209328361
    endloop
  endfacet
  facet normal -0.8443279255020146 0 0.5358267949789973
    outer loop
      vertex -31.543769410125094 -61.1 6.441986545873548
      vertex -31.422647975921045 -60 6.632843386616912
      vertex -31.543769410125094 -60 6.441986545873548
    endloop
  endfacet
  facet normal -0.9048270524660205 0 0.4257792915650706
    outer loop
      vertex -31.422647975921045 -61.1 6.632843386616912
      vertex -31.326402325401148 -60 6.837375805167579
      vertex -31.422647975921045 -60 6.632843386616912
    endloop
  endfacet
  facet normal -0.9510565162951542 0 0.3090169943749455
    outer loop
      vertex -31.326402325401148 -61.1 6.837375805167579
      vertex -31.256550309968464 -60 7.052358203103262
      vertex -31.326402325401148 -60 6.837375805167579
    endloop
  endfacet
  facet normal -0.9822872507286878 0 0.18738131458572943
    outer loop
      vertex -31.256550309968464 -61.1 7.052358203103262
      vertex -31.21419353763394 -61.1 7.274400179584252
      vertex -31.21419353763394 -60 7.274400179584252
    endloop
  endfacet
  facet normal -0.9980267284282717 0 0.06279051952931253
    outer loop
      vertex -31.21419353763394 -61.1 7.274400179584252
      vertex -31.2 -61.1 7.5
      vertex -31.2 -60 7.5
    endloop
  endfacet
  facet normal -0.9980267284282717 0 -0.06279051952931253
    outer loop
      vertex -31.2 -61.1 7.5
      vertex -31.21419353763394 -61.1 7.725599820415748
      vertex -31.21419353763394 -60 7.725599820415748
    endloop
  endfacet
  facet normal -0.9048270524660219 0 -0.4257792915650676
    outer loop
      vertex -31.326402325401148 -61.1 8.16262419483242
      vertex -31.422647975921045 -61.1 8.367156613383088
      vertex -31.422647975921045 -60 8.367156613383088
    endloop
  endfacet
  facet normal -0.9822872507286879 0 -0.1873813145857287
    outer loop
      vertex -31.21419353763394 -61.1 7.725599820415748
      vertex -31.256550309968464 -61.1 7.947641796896739
      vertex -31.256550309968464 -60 7.947641796896739
    endloop
  endfacet
  facet normal -0.9510565162951531 0 -0.30901699437494895
    outer loop
      vertex -31.256550309968464 -61.1 7.947641796896739
      vertex -31.326402325401148 -61.1 8.16262419483242
      vertex -31.326402325401148 -60 8.16262419483242
    endloop
  endfacet
  facet normal -0.9822872507286878 0 0.18738131458572943
    outer loop
      vertex -31.256550309968464 -61.1 7.052358203103262
      vertex -31.21419353763394 -60 7.274400179584252
      vertex -31.256550309968464 -60 7.052358203103262
    endloop
  endfacet
  facet normal -0.9980267284282717 0 0.06279051952931253
    outer loop
      vertex -31.21419353763394 -61.1 7.274400179584252
      vertex -31.2 -60 7.5
      vertex -31.21419353763394 -60 7.274400179584252
    endloop
  endfacet
  facet normal -0.9980267284282717 0 -0.06279051952931253
    outer loop
      vertex -31.2 -61.1 7.5
      vertex -31.21419353763394 -60 7.725599820415748
      vertex -31.2 -60 7.5
    endloop
  endfacet
  facet normal -0.9048270524660219 0 -0.4257792915650676
    outer loop
      vertex -31.326402325401148 -61.1 8.16262419483242
      vertex -31.422647975921045 -60 8.367156613383088
      vertex -31.326402325401148 -60 8.16262419483242
    endloop
  endfacet
  facet normal -0.8443279255020134 0 -0.535826794978999
    outer loop
      vertex -31.422647975921045 -61.1 8.367156613383088
      vertex -31.543769410125094 -60 8.558013454126451
      vertex -31.422647975921045 -60 8.367156613383088
    endloop
  endfacet
  facet normal -0.9822872507286879 0 -0.1873813145857287
    outer loop
      vertex -31.21419353763394 -61.1 7.725599820415748
      vertex -31.256550309968464 -60 7.947641796896739
      vertex -31.21419353763394 -60 7.725599820415748
    endloop
  endfacet
  facet normal -0.9510565162951531 0 -0.30901699437494895
    outer loop
      vertex -31.256550309968464 -61.1 7.947641796896739
      vertex -31.326402325401148 -60 8.16262419483242
      vertex -31.256550309968464 -60 7.947641796896739
    endloop
  endfacet
  facet normal -0.12533323356430603 0 -0.9921147013144777
    outer loop
      vertex -32.88697706484724 -61.1 9.29644811117089
      vertex -32.88697706484724 -60 9.29644811117089
      vertex -32.662713633745696 -61.1 9.26811705131164
    endloop
  endfacet
  facet normal -0.24868988716484844 0 -0.9685831611286327
    outer loop
      vertex -32.662713633745696 -61.1 9.26811705131164
      vertex -32.662713633745696 -60 9.26811705131164
      vertex -32.44376941012509 -61.1 9.211901729331277
    endloop
  endfacet
  facet normal -0.3681245526846777 0 -0.9297764858882515
    outer loop
      vertex -32.44376941012509 -61.1 9.211901729331277
      vertex -32.44376941012509 -60 9.211901729331277
      vertex -32.233597275182866 -61.1 9.128688694438836
    endloop
  endfacet
  facet normal -0.12533323356430603 0 -0.9921147013144777
    outer loop
      vertex -32.662713633745696 -61.1 9.26811705131164
      vertex -32.88697706484724 -60 9.29644811117089
      vertex -32.662713633745696 -60 9.26811705131164
    endloop
  endfacet
  facet normal -0.24868988716484844 0 -0.9685831611286327
    outer loop
      vertex -32.44376941012509 -61.1 9.211901729331277
      vertex -32.662713633745696 -60 9.26811705131164
      vertex -32.44376941012509 -60 9.211901729331277
    endloop
  endfacet
  facet normal -0.3681245526846777 0 -0.9297764858882515
    outer loop
      vertex -32.233597275182866 -61.1 9.128688694438836
      vertex -32.44376941012509 -60 9.211901729331277
      vertex -32.233597275182866 -60 9.128688694438836
    endloop
  endfacet
  facet normal -0.4817536741017198 0 -0.8763066800438611
    outer loop
      vertex -32.035511769037804 -61.1 9.019790265903627
      vertex -32.233597275182866 -61.1 9.128688694438836
      vertex -32.233597275182866 -60 9.128688694438836
    endloop
  endfacet
  facet normal -0.5877852522924749 0 -0.8090169943749461
    outer loop
      vertex -32.035511769037804 -61.1 9.019790265903627
      vertex -32.035511769037804 -60 9.019790265903627
      vertex -31.852636818452357 -61.1 8.88692383699642
    endloop
  endfacet
  facet normal -0.684547105928691 0 -0.7289686274214093
    outer loop
      vertex -31.852636818452357 -61.1 8.88692383699642
      vertex -31.852636818452357 -60 8.88692383699642
      vertex -31.68785647064146 -61.1 8.73218479067164
    endloop
  endfacet
  facet normal -0.4817536741017198 0 -0.8763066800438611
    outer loop
      vertex -32.035511769037804 -61.1 9.019790265903627
      vertex -32.233597275182866 -60 9.128688694438836
      vertex -32.035511769037804 -60 9.019790265903627
    endloop
  endfacet
  facet normal -0.684547105928691 0 -0.7289686274214093
    outer loop
      vertex -31.68785647064146 -61.1 8.73218479067164
      vertex -31.852636818452357 -60 8.88692383699642
      vertex -31.68785647064146 -60 8.73218479067164
    endloop
  endfacet
  facet normal -0.5877852522924749 0 -0.8090169943749461
    outer loop
      vertex -31.852636818452357 -61.1 8.88692383699642
      vertex -32.035511769037804 -60 9.019790265903627
      vertex -31.852636818452357 -60 8.88692383699642
    endloop
  endfacet
  facet normal -0.8443279255020134 0 -0.535826794978999
    outer loop
      vertex -31.543769410125094 -61.1 8.558013454126451
      vertex -31.543769410125094 -60 8.558013454126451
      vertex -31.422647975921045 -61.1 8.367156613383088
    endloop
  endfacet
  facet normal -0.7705132427757887 0 -0.6374239897486903
    outer loop
      vertex -31.543769410125094 -61.1 8.558013454126451
      vertex -31.68785647064146 -61.1 8.73218479067164
      vertex -31.68785647064146 -60 8.73218479067164
    endloop
  endfacet
  facet normal -0.7705132427757887 0 -0.6374239897486903
    outer loop
      vertex -31.543769410125094 -61.1 8.558013454126451
      vertex -31.68785647064146 -60 8.73218479067164
      vertex -31.543769410125094 -60 8.558013454126451
    endloop
  endfacet
  facet normal 0.7705132427757856 0 0.6374239897486943
    outer loop
      vertex 31.543769410125094 -61.1 6.441986545873548
      vertex 31.68785647064146 -61.1 6.267815209328361
      vertex 31.68785647064146 -60 6.267815209328361
    endloop
  endfacet
  facet normal 0.9510565162951534 0 0.3090169943749478
    outer loop
      vertex 31.256550309968464 -61.1 7.052358203103261
      vertex 31.326402325401148 -61.1 6.8373758051675795
      vertex 31.326402325401148 -60 6.8373758051675795
    endloop
  endfacet
  facet normal 0.8443279255020146 0 0.5358267949789973
    outer loop
      vertex 31.543769410125094 -61.1 6.441986545873548
      vertex 31.543769410125094 -60 6.441986545873548
      vertex 31.422647975921045 -61.1 6.632843386616912
    endloop
  endfacet
  facet normal 0.9048270524660212 0 0.4257792915650691
    outer loop
      vertex 31.422647975921045 -61.1 6.632843386616912
      vertex 31.422647975921045 -60 6.632843386616912
      vertex 31.326402325401148 -61.1 6.8373758051675795
    endloop
  endfacet
  facet normal 0.9510565162951534 0 0.3090169943749478
    outer loop
      vertex 31.256550309968464 -61.1 7.052358203103261
      vertex 31.326402325401148 -60 6.8373758051675795
      vertex 31.256550309968464 -60 7.052358203103261
    endloop
  endfacet
  facet normal 0.8443279255020146 0 0.5358267949789973
    outer loop
      vertex 31.422647975921045 -61.1 6.632843386616912
      vertex 31.543769410125094 -60 6.441986545873548
      vertex 31.422647975921045 -60 6.632843386616912
    endloop
  endfacet
  facet normal 0.7705132427757856 0 0.6374239897486943
    outer loop
      vertex 31.543769410125094 -61.1 6.441986545873548
      vertex 31.68785647064146 -60 6.267815209328361
      vertex 31.543769410125094 -60 6.441986545873548
    endloop
  endfacet
  facet normal 0.9048270524660212 0 0.4257792915650691
    outer loop
      vertex 31.326402325401148 -61.1 6.8373758051675795
      vertex 31.422647975921045 -60 6.632843386616912
      vertex 31.326402325401148 -60 6.8373758051675795
    endloop
  endfacet
  facet normal 0.9822872507286879 0 0.1873813145857287
    outer loop
      vertex 31.256550309968464 -61.1 7.052358203103261
      vertex 31.256550309968464 -60 7.052358203103261
      vertex 31.21419353763394 -61.1 7.274400179584252
    endloop
  endfacet
  facet normal 0.9980267284282717 0 0.06279051952931253
    outer loop
      vertex 31.21419353763394 -61.1 7.274400179584252
      vertex 31.21419353763394 -60 7.274400179584252
      vertex 31.2 -61.1 7.5
    endloop
  endfacet
  facet normal 0.9980267284282717 0 -0.06279051952931253
    outer loop
      vertex 31.2 -61.1 7.5
      vertex 31.2 -60 7.5
      vertex 31.21419353763394 -61.1 7.725599820415748
    endloop
  endfacet
  facet normal 0.9822872507286879 0 -0.1873813145857287
    outer loop
      vertex 31.21419353763394 -61.1 7.725599820415748
      vertex 31.21419353763394 -60 7.725599820415748
      vertex 31.256550309968464 -61.1 7.947641796896739
    endloop
  endfacet
  facet normal 0.9510565162951531 0 -0.30901699437494895
    outer loop
      vertex 31.256550309968464 -61.1 7.947641796896739
      vertex 31.256550309968464 -60 7.947641796896739
      vertex 31.326402325401148 -61.1 8.16262419483242
    endloop
  endfacet
  facet normal 0.9048270524660219 0 -0.4257792915650676
    outer loop
      vertex 31.326402325401148 -61.1 8.16262419483242
      vertex 31.326402325401148 -60 8.16262419483242
      vertex 31.422647975921045 -61.1 8.367156613383088
    endloop
  endfacet
  facet normal 0.8443279255020134 0 -0.535826794978999
    outer loop
      vertex 31.422647975921045 -61.1 8.367156613383088
      vertex 31.422647975921045 -60 8.367156613383088
      vertex 31.543769410125094 -61.1 8.558013454126451
    endloop
  endfacet
  facet normal 0.9822872507286879 0 0.1873813145857287
    outer loop
      vertex 31.21419353763394 -61.1 7.274400179584252
      vertex 31.256550309968464 -60 7.052358203103261
      vertex 31.21419353763394 -60 7.274400179584252
    endloop
  endfacet
  facet normal 0.9980267284282717 0 0.06279051952931253
    outer loop
      vertex 31.2 -61.1 7.5
      vertex 31.21419353763394 -60 7.274400179584252
      vertex 31.2 -60 7.5
    endloop
  endfacet
  facet normal 0.9980267284282717 0 -0.06279051952931253
    outer loop
      vertex 31.21419353763394 -61.1 7.725599820415748
      vertex 31.2 -60 7.5
      vertex 31.21419353763394 -60 7.725599820415748
    endloop
  endfacet
  facet normal 0.9822872507286879 0 -0.1873813145857287
    outer loop
      vertex 31.256550309968464 -61.1 7.947641796896739
      vertex 31.21419353763394 -60 7.725599820415748
      vertex 31.256550309968464 -60 7.947641796896739
    endloop
  endfacet
  facet normal 0.9510565162951531 0 -0.30901699437494895
    outer loop
      vertex 31.326402325401148 -61.1 8.16262419483242
      vertex 31.256550309968464 -60 7.947641796896739
      vertex 31.326402325401148 -60 8.16262419483242
    endloop
  endfacet
  facet normal 0.9048270524660219 0 -0.4257792915650676
    outer loop
      vertex 31.422647975921045 -61.1 8.367156613383088
      vertex 31.326402325401148 -60 8.16262419483242
      vertex 31.422647975921045 -60 8.367156613383088
    endloop
  endfacet
  facet normal 0.6845471059286873 0 0.7289686274214128
    outer loop
      vertex 31.68785647064146 -61.1 6.267815209328361
      vertex 31.85263681845236 -61.1 6.113076163003579
      vertex 31.85263681845236 -60 6.113076163003579
    endloop
  endfacet
  facet normal 0.4817536741017198 0 0.8763066800438611
    outer loop
      vertex 32.035511769037804 -61.1 5.980209734096373
      vertex 32.233597275182866 -61.1 5.871311305561164
      vertex 32.233597275182866 -60 5.871311305561164
    endloop
  endfacet
  facet normal 0.5877852522924798 0 0.8090169943749426
    outer loop
      vertex 31.85263681845236 -61.1 6.113076163003579
      vertex 32.035511769037804 -61.1 5.980209734096373
      vertex 32.035511769037804 -60 5.980209734096373
    endloop
  endfacet
  facet normal 0.6845471059286873 0 0.7289686274214128
    outer loop
      vertex 31.68785647064146 -61.1 6.267815209328361
      vertex 31.85263681845236 -60 6.113076163003579
      vertex 31.68785647064146 -60 6.267815209328361
    endloop
  endfacet
  facet normal 0.5877852522924798 0 0.8090169943749426
    outer loop
      vertex 31.85263681845236 -61.1 6.113076163003579
      vertex 32.035511769037804 -60 5.980209734096373
      vertex 31.85263681845236 -60 6.113076163003579
    endloop
  endfacet
  facet normal 0.4817536741017198 0 0.8763066800438611
    outer loop
      vertex 32.035511769037804 -61.1 5.980209734096373
      vertex 32.233597275182866 -60 5.871311305561164
      vertex 32.035511769037804 -60 5.980209734096373
    endloop
  endfacet
  facet normal 0.36812455268467437 0 0.9297764858882529
    outer loop
      vertex 32.44376941012509 -61.1 5.788098270668724
      vertex 32.44376941012509 -60 5.788098270668724
      vertex 32.233597275182866 -61.1 5.871311305561164
    endloop
  endfacet
  facet normal 0.24868988716485213 0 0.9685831611286317
    outer loop
      vertex 32.44376941012509 -61.1 5.788098270668724
      vertex 32.662713633745696 -61.1 5.7318829486883605
      vertex 32.662713633745696 -60 5.7318829486883605
    endloop
  endfacet
  facet normal 0.12533323356430603 0 0.9921147013144777
    outer loop
      vertex 32.662713633745696 -61.1 5.7318829486883605
      vertex 32.88697706484724 -61.1 5.703551888829111
      vertex 32.88697706484724 -60 5.703551888829111
    endloop
  endfacet
  facet normal 0.36812455268467437 0 0.9297764858882529
    outer loop
      vertex 32.233597275182866 -61.1 5.871311305561164
      vertex 32.44376941012509 -60 5.788098270668724
      vertex 32.233597275182866 -60 5.871311305561164
    endloop
  endfacet
  facet normal 0.24868988716485213 0 0.9685831611286317
    outer loop
      vertex 32.44376941012509 -61.1 5.788098270668724
      vertex 32.662713633745696 -60 5.7318829486883605
      vertex 32.44376941012509 -60 5.788098270668724
    endloop
  endfacet
  facet normal 0.12533323356430603 0 0.9921147013144777
    outer loop
      vertex 32.662713633745696 -61.1 5.7318829486883605
      vertex 32.88697706484724 -60 5.703551888829111
      vertex 32.662713633745696 -60 5.7318829486883605
    endloop
  endfacet
  facet normal 0.7705132427757856 0 -0.6374239897486943
    outer loop
      vertex 31.543769410125094 -61.1 8.558013454126451
      vertex 31.543769410125094 -60 8.558013454126451
      vertex 31.68785647064146 -61.1 8.732184790671639
    endloop
  endfacet
  facet normal 0.8443279255020134 0 -0.535826794978999
    outer loop
      vertex 31.543769410125094 -61.1 8.558013454126451
      vertex 31.422647975921045 -60 8.367156613383088
      vertex 31.543769410125094 -60 8.558013454126451
    endloop
  endfacet
  facet normal 0.7705132427757856 0 -0.6374239897486943
    outer loop
      vertex 31.68785647064146 -61.1 8.732184790671639
      vertex 31.543769410125094 -60 8.558013454126451
      vertex 31.68785647064146 -60 8.732184790671639
    endloop
  endfacet
  facet normal 0.6845471059286873 0 -0.7289686274214128
    outer loop
      vertex 31.68785647064146 -61.1 8.732184790671639
      vertex 31.68785647064146 -60 8.732184790671639
      vertex 31.85263681845236 -61.1 8.88692383699642
    endloop
  endfacet
  facet normal 0.5877852522924824 0 -0.8090169943749407
    outer loop
      vertex 31.85263681845236 -61.1 8.88692383699642
      vertex 31.85263681845236 -60 8.88692383699642
      vertex 32.035511769037804 -61.1 9.019790265903627
    endloop
  endfacet
  facet normal 0.4817536741017198 0 -0.8763066800438611
    outer loop
      vertex 32.035511769037804 -61.1 9.019790265903627
      vertex 32.035511769037804 -60 9.019790265903627
      vertex 32.233597275182866 -61.1 9.128688694438836
    endloop
  endfacet
  facet normal 0.6845471059286873 0 -0.7289686274214128
    outer loop
      vertex 31.85263681845236 -61.1 8.88692383699642
      vertex 31.68785647064146 -60 8.732184790671639
      vertex 31.85263681845236 -60 8.88692383699642
    endloop
  endfacet
  facet normal 0.5877852522924824 0 -0.8090169943749407
    outer loop
      vertex 32.035511769037804 -61.1 9.019790265903627
      vertex 31.85263681845236 -60 8.88692383699642
      vertex 32.035511769037804 -60 9.019790265903627
    endloop
  endfacet
  facet normal 0.4817536741017198 0 -0.8763066800438611
    outer loop
      vertex 32.233597275182866 -61.1 9.128688694438836
      vertex 32.035511769037804 -60 9.019790265903627
      vertex 32.233597275182866 -60 9.128688694438836
    endloop
  endfacet
  facet normal 0.3681245526846777 0 -0.9297764858882515
    outer loop
      vertex 32.233597275182866 -61.1 9.128688694438836
      vertex 32.233597275182866 -60 9.128688694438836
      vertex 32.44376941012509 -61.1 9.211901729331277
    endloop
  endfacet
  facet normal 0.24868988716484844 0 -0.9685831611286327
    outer loop
      vertex 32.44376941012509 -61.1 9.211901729331277
      vertex 32.44376941012509 -60 9.211901729331277
      vertex 32.662713633745696 -61.1 9.26811705131164
    endloop
  endfacet
  facet normal 0.12533323356430603 0 -0.9921147013144777
    outer loop
      vertex 32.662713633745696 -61.1 9.26811705131164
      vertex 32.662713633745696 -60 9.26811705131164
      vertex 32.88697706484724 -61.1 9.29644811117089
    endloop
  endfacet
  facet normal 0.3681245526846777 0 -0.9297764858882515
    outer loop
      vertex 32.44376941012509 -61.1 9.211901729331277
      vertex 32.233597275182866 -60 9.128688694438836
      vertex 32.44376941012509 -60 9.211901729331277
    endloop
  endfacet
  facet normal 0.24868988716484844 0 -0.9685831611286327
    outer loop
      vertex 32.662713633745696 -61.1 9.26811705131164
      vertex 32.44376941012509 -60 9.211901729331277
      vertex 32.662713633745696 -60 9.26811705131164
    endloop
  endfacet
  facet normal 0.12533323356430603 0 -0.9921147013144777
    outer loop
      vertex 32.88697706484724 -61.1 9.29644811117089
      vertex 32.662713633745696 -60 9.26811705131164
      vertex 32.88697706484724 -60 9.29644811117089
    endloop
  endfacet
  facet normal 0 0 1
    outer loop
      vertex 32.88697706484724 -61.1 5.703551888829111
      vertex 33.11302293515276 -61.1 5.703551888829111
      vertex 33.11302293515276 -60 5.703551888829111
    endloop
  endfacet
  facet normal -0.12533323356430603 0 0.9921147013144777
    outer loop
      vertex 33.11302293515276 -61.1 5.703551888829111
      vertex 33.337286366254304 -61.1 5.7318829486883605
      vertex 33.337286366254304 -60 5.7318829486883605
    endloop
  endfacet
  facet normal -0.24868988716485213 0 0.9685831611286317
    outer loop
      vertex 33.337286366254304 -61.1 5.7318829486883605
      vertex 33.55623058987491 -61.1 5.788098270668724
      vertex 33.55623058987491 -60 5.788098270668724
    endloop
  endfacet
  facet normal 0 0 1
    outer loop
      vertex 32.88697706484724 -61.1 5.703551888829111
      vertex 33.11302293515276 -60 5.703551888829111
      vertex 32.88697706484724 -60 5.703551888829111
    endloop
  endfacet
  facet normal -0.12533323356430603 0 0.9921147013144777
    outer loop
      vertex 33.11302293515276 -61.1 5.703551888829111
      vertex 33.337286366254304 -60 5.7318829486883605
      vertex 33.11302293515276 -60 5.703551888829111
    endloop
  endfacet
  facet normal -0.24868988716485213 0 0.9685831611286317
    outer loop
      vertex 33.337286366254304 -61.1 5.7318829486883605
      vertex 33.55623058987491 -60 5.788098270668724
      vertex 33.337286366254304 -60 5.7318829486883605
    endloop
  endfacet
  facet normal -0.36812455268467437 0 0.9297764858882529
    outer loop
      vertex 33.55623058987491 -61.1 5.788098270668724
      vertex 33.766402724817134 -61.1 5.871311305561164
      vertex 33.766402724817134 -60 5.871311305561164
    endloop
  endfacet
  facet normal -0.48175367410171677 0 0.8763066800438627
    outer loop
      vertex 33.766402724817134 -61.1 5.871311305561164
      vertex 33.964488230962196 -61.1 5.9802097340963725
      vertex 33.964488230962196 -60 5.9802097340963725
    endloop
  endfacet
  facet normal -0.5877852522924849 0 0.8090169943749389
    outer loop
      vertex 33.964488230962196 -61.1 5.9802097340963725
      vertex 34.14736318154764 -61.1 6.11307616300358
      vertex 34.14736318154764 -60 6.11307616300358
    endloop
  endfacet
  facet normal -0.36812455268467437 0 0.9297764858882529
    outer loop
      vertex 33.55623058987491 -61.1 5.788098270668724
      vertex 33.766402724817134 -60 5.871311305561164
      vertex 33.55623058987491 -60 5.788098270668724
    endloop
  endfacet
  facet normal -0.48175367410171677 0 0.8763066800438627
    outer loop
      vertex 33.766402724817134 -61.1 5.871311305561164
      vertex 33.964488230962196 -60 5.9802097340963725
      vertex 33.766402724817134 -60 5.871311305561164
    endloop
  endfacet
  facet normal -0.5877852522924849 0 0.8090169943749389
    outer loop
      vertex 33.964488230962196 -61.1 5.9802097340963725
      vertex 34.14736318154764 -60 6.11307616300358
      vertex 33.964488230962196 -60 5.9802097340963725
    endloop
  endfacet
  facet normal -0.6845471059286773 0 0.7289686274214222
    outer loop
      vertex 34.14736318154764 -61.1 6.11307616300358
      vertex 34.31214352935854 -61.1 6.267815209328361
      vertex 34.31214352935854 -60 6.267815209328361
    endloop
  endfacet
  facet normal -0.7705132427757933 0 0.6374239897486849
    outer loop
      vertex 34.31214352935854 -61.1 6.267815209328361
      vertex 34.456230589874906 -61.1 6.441986545873548
      vertex 34.456230589874906 -60 6.441986545873548
    endloop
  endfacet
  facet normal -0.8443279255020146 0 0.5358267949789973
    outer loop
      vertex 34.456230589874906 -61.1 6.441986545873548
      vertex 34.577352024078955 -61.1 6.632843386616912
      vertex 34.577352024078955 -60 6.632843386616912
    endloop
  endfacet
  facet normal -0.9048270524660205 0 0.4257792915650706
    outer loop
      vertex 34.577352024078955 -61.1 6.632843386616912
      vertex 34.67359767459885 -61.1 6.837375805167579
      vertex 34.67359767459885 -60 6.837375805167579
    endloop
  endfacet
  facet normal -0.9510565162951496 0 0.3090169943749597
    outer loop
      vertex 34.67359767459885 -61.1 6.837375805167579
      vertex 34.74344969003154 -61.1 7.052358203103262
      vertex 34.74344969003154 -60 7.052358203103262
    endloop
  endfacet
  facet normal -0.6845471059286773 0 0.7289686274214222
    outer loop
      vertex 34.14736318154764 -61.1 6.11307616300358
      vertex 34.31214352935854 -60 6.267815209328361
      vertex 34.14736318154764 -60 6.11307616300358
    endloop
  endfacet
  facet normal -0.7705132427757933 0 0.6374239897486849
    outer loop
      vertex 34.31214352935854 -61.1 6.267815209328361
      vertex 34.456230589874906 -60 6.441986545873548
      vertex 34.31214352935854 -60 6.267815209328361
    endloop
  endfacet
  facet normal -0.8443279255020146 0 0.5358267949789973
    outer loop
      vertex 34.456230589874906 -61.1 6.441986545873548
      vertex 34.577352024078955 -60 6.632843386616912
      vertex 34.456230589874906 -60 6.441986545873548
    endloop
  endfacet
  facet normal -0.9048270524660205 0 0.4257792915650706
    outer loop
      vertex 34.577352024078955 -61.1 6.632843386616912
      vertex 34.67359767459885 -60 6.837375805167579
      vertex 34.577352024078955 -60 6.632843386616912
    endloop
  endfacet
  facet normal -0.9510565162951496 0 0.3090169943749597
    outer loop
      vertex 34.67359767459885 -61.1 6.837375805167579
      vertex 34.74344969003154 -60 7.052358203103262
      vertex 34.67359767459885 -60 6.837375805167579
    endloop
  endfacet
  facet normal -0.9822872507286907 0 0.18738131458571428
    outer loop
      vertex 34.74344969003154 -61.1 7.052358203103262
      vertex 34.78580646236606 -61.1 7.274400179584252
      vertex 34.78580646236606 -60 7.274400179584252
    endloop
  endfacet
  facet normal -0.9980267284282727 0 0.06279051952929687
    outer loop
      vertex 34.78580646236606 -61.1 7.274400179584252
      vertex 34.8 -61.1 7.5
      vertex 34.8 -60 7.5
    endloop
  endfacet
  facet normal -0.9980267284282727 0 -0.06279051952929687
    outer loop
      vertex 34.8 -61.1 7.5
      vertex 34.78580646236606 -61.1 7.725599820415748
      vertex 34.78580646236606 -60 7.725599820415748
    endloop
  endfacet
  facet normal -0.9822872507286907 0 -0.18738131458571353
    outer loop
      vertex 34.78580646236606 -61.1 7.725599820415748
      vertex 34.74344969003154 -61.1 7.947641796896739
      vertex 34.74344969003154 -60 7.947641796896739
    endloop
  endfacet
  facet normal -0.9048270524660219 0 -0.4257792915650676
    outer loop
      vertex 34.577352024078955 -61.1 8.367156613383088
      vertex 34.577352024078955 -60 8.367156613383088
      vertex 34.67359767459885 -61.1 8.16262419483242
    endloop
  endfacet
  facet normal -0.9510565162951485 0 -0.3090169943749632
    outer loop
      vertex 34.74344969003154 -61.1 7.947641796896739
      vertex 34.67359767459885 -61.1 8.16262419483242
      vertex 34.67359767459885 -60 8.16262419483242
    endloop
  endfacet
  facet normal -0.9822872507286907 0 0.18738131458571428
    outer loop
      vertex 34.74344969003154 -61.1 7.052358203103262
      vertex 34.78580646236606 -60 7.274400179584252
      vertex 34.74344969003154 -60 7.052358203103262
    endloop
  endfacet
  facet normal -0.9980267284282727 0 0.06279051952929687
    outer loop
      vertex 34.78580646236606 -61.1 7.274400179584252
      vertex 34.8 -60 7.5
      vertex 34.78580646236606 -60 7.274400179584252
    endloop
  endfacet
  facet normal -0.9980267284282727 0 -0.06279051952929687
    outer loop
      vertex 34.8 -61.1 7.5
      vertex 34.78580646236606 -60 7.725599820415748
      vertex 34.8 -60 7.5
    endloop
  endfacet
  facet normal -0.9822872507286907 0 -0.18738131458571353
    outer loop
      vertex 34.78580646236606 -61.1 7.725599820415748
      vertex 34.74344969003154 -60 7.947641796896739
      vertex 34.78580646236606 -60 7.725599820415748
    endloop
  endfacet
  facet normal -0.9510565162951485 0 -0.3090169943749632
    outer loop
      vertex 34.74344969003154 -61.1 7.947641796896739
      vertex 34.67359767459885 -60 8.16262419483242
      vertex 34.74344969003154 -60 7.947641796896739
    endloop
  endfacet
  facet normal -0.9048270524660219 0 -0.4257792915650676
    outer loop
      vertex 34.67359767459885 -61.1 8.16262419483242
      vertex 34.577352024078955 -60 8.367156613383088
      vertex 34.67359767459885 -60 8.16262419483242
    endloop
  endfacet
  facet normal -0.8443279255020134 0 -0.535826794978999
    outer loop
      vertex 34.577352024078955 -61.1 8.367156613383088
      vertex 34.456230589874906 -60 8.558013454126451
      vertex 34.577352024078955 -60 8.367156613383088
    endloop
  endfacet
  facet normal 0 0 -1
    outer loop
      vertex 32.88697706484724 -61.1 9.29644811117089
      vertex 32.88697706484724 -60 9.29644811117089
      vertex 33.11302293515276 -61.1 9.29644811117089
    endloop
  endfacet
  facet normal -0.12533323356430603 0 -0.9921147013144777
    outer loop
      vertex 33.11302293515276 -61.1 9.29644811117089
      vertex 33.11302293515276 -60 9.29644811117089
      vertex 33.337286366254304 -61.1 9.26811705131164
    endloop
  endfacet
  facet normal -0.24868988716484844 0 -0.9685831611286327
    outer loop
      vertex 33.337286366254304 -61.1 9.26811705131164
      vertex 33.337286366254304 -60 9.26811705131164
      vertex 33.55623058987491 -61.1 9.211901729331277
    endloop
  endfacet
  facet normal 0 0 -1
    outer loop
      vertex 33.11302293515276 -61.1 9.29644811117089
      vertex 32.88697706484724 -60 9.29644811117089
      vertex 33.11302293515276 -60 9.29644811117089
    endloop
  endfacet
  facet normal -0.12533323356430603 0 -0.9921147013144777
    outer loop
      vertex 33.337286366254304 -61.1 9.26811705131164
      vertex 33.11302293515276 -60 9.29644811117089
      vertex 33.337286366254304 -60 9.26811705131164
    endloop
  endfacet
  facet normal -0.24868988716484844 0 -0.9685831611286327
    outer loop
      vertex 33.55623058987491 -61.1 9.211901729331277
      vertex 33.337286366254304 -60 9.26811705131164
      vertex 33.55623058987491 -60 9.211901729331277
    endloop
  endfacet
  facet normal -0.4817536741017198 0 -0.8763066800438611
    outer loop
      vertex 33.964488230962196 -61.1 9.019790265903627
      vertex 33.766402724817134 -61.1 9.128688694438836
      vertex 33.766402724817134 -60 9.128688694438836
    endloop
  endfacet
  facet normal -0.5877852522924824 0 -0.8090169943749407
    outer loop
      vertex 33.964488230962196 -61.1 9.019790265903627
      vertex 33.964488230962196 -60 9.019790265903627
      vertex 34.14736318154764 -61.1 8.88692383699642
    endloop
  endfacet
  facet normal -0.3681245526846777 0 -0.9297764858882515
    outer loop
      vertex 33.55623058987491 -61.1 9.211901729331277
      vertex 33.55623058987491 -60 9.211901729331277
      vertex 33.766402724817134 -61.1 9.128688694438836
    endloop
  endfacet
  facet normal -0.4817536741017198 0 -0.8763066800438611
    outer loop
      vertex 33.964488230962196 -61.1 9.019790265903627
      vertex 33.766402724817134 -60 9.128688694438836
      vertex 33.964488230962196 -60 9.019790265903627
    endloop
  endfacet
  facet normal -0.5877852522924824 0 -0.8090169943749407
    outer loop
      vertex 34.14736318154764 -61.1 8.88692383699642
      vertex 33.964488230962196 -60 9.019790265903627
      vertex 34.14736318154764 -60 8.88692383699642
    endloop
  endfacet
  facet normal -0.3681245526846777 0 -0.9297764858882515
    outer loop
      vertex 33.766402724817134 -61.1 9.128688694438836
      vertex 33.55623058987491 -60 9.211901729331277
      vertex 33.766402724817134 -60 9.128688694438836
    endloop
  endfacet
  facet normal -0.7705132427757965 0 -0.637423989748681
    outer loop
      vertex 34.31214352935854 -61.1 8.73218479067164
      vertex 34.31214352935854 -60 8.73218479067164
      vertex 34.456230589874906 -61.1 8.558013454126451
    endloop
  endfacet
  facet normal -0.6845471059286753 0 -0.7289686274214241
    outer loop
      vertex 34.14736318154764 -61.1 8.88692383699642
      vertex 34.14736318154764 -60 8.88692383699642
      vertex 34.31214352935854 -61.1 8.73218479067164
    endloop
  endfacet
  facet normal -0.8443279255020134 0 -0.535826794978999
    outer loop
      vertex 34.577352024078955 -61.1 8.367156613383088
      vertex 34.456230589874906 -61.1 8.558013454126451
      vertex 34.456230589874906 -60 8.558013454126451
    endloop
  endfacet
  facet normal -0.6845471059286753 0 -0.7289686274214241
    outer loop
      vertex 34.31214352935854 -61.1 8.73218479067164
      vertex 34.14736318154764 -60 8.88692383699642
      vertex 34.31214352935854 -60 8.73218479067164
    endloop
  endfacet
  facet normal -0.7705132427757965 0 -0.637423989748681
    outer loop
      vertex 34.456230589874906 -61.1 8.558013454126451
      vertex 34.31214352935854 -60 8.73218479067164
      vertex 34.456230589874906 -60 8.558013454126451
    endloop
  endfacet
  facet normal 0.7705132427757824 0 0.6374239897486981
    outer loop
      vertex 31.68785647064146 -61.1 81.26781520932836
      vertex 31.68785647064146 -60 81.26781520932836
      vertex 31.543769410125094 -61.1 81.44198654587355
    endloop
  endfacet
  facet normal 0.8443279255020159 0 0.5358267949789955
    outer loop
      vertex 31.422647975921045 -61.1 81.63284338661691
      vertex 31.543769410125094 -61.1 81.44198654587355
      vertex 31.543769410125094 -60 81.44198654587355
    endloop
  endfacet
  facet normal 0.7705132427757824 0 0.6374239897486981
    outer loop
      vertex 31.543769410125094 -61.1 81.44198654587355
      vertex 31.68785647064146 -60 81.26781520932836
      vertex 31.543769410125094 -60 81.44198654587355
    endloop
  endfacet
  facet normal 0.684547105928679 0 0.7289686274214207
    outer loop
      vertex 31.68785647064146 -61.1 81.26781520932836
      vertex 31.85263681845236 -61.1 81.11307616300358
      vertex 31.85263681845236 -60 81.11307616300358
    endloop
  endfacet
  facet normal 0.5877852522924824 0 0.8090169943749407
    outer loop
      vertex 31.85263681845236 -61.1 81.11307616300358
      vertex 32.035511769037804 -61.1 80.98020973409638
      vertex 32.035511769037804 -60 80.98020973409638
    endloop
  endfacet
  facet normal 0.4817536741017318 0 0.8763066800438544
    outer loop
      vertex 32.233597275182866 -61.1 80.87131130556116
      vertex 32.233597275182866 -60 80.87131130556116
      vertex 32.035511769037804 -61.1 80.98020973409638
    endloop
  endfacet
  facet normal 0.5877852522924824 0 0.8090169943749407
    outer loop
      vertex 31.85263681845236 -61.1 81.11307616300358
      vertex 32.035511769037804 -60 80.98020973409638
      vertex 31.85263681845236 -60 81.11307616300358
    endloop
  endfacet
  facet normal 0.684547105928679 0 0.7289686274214207
    outer loop
      vertex 31.68785647064146 -61.1 81.26781520932836
      vertex 31.85263681845236 -60 81.11307616300358
      vertex 31.68785647064146 -60 81.26781520932836
    endloop
  endfacet
  facet normal 0.4817536741017318 0 0.8763066800438544
    outer loop
      vertex 32.035511769037804 -61.1 80.98020973409638
      vertex 32.233597275182866 -60 80.87131130556116
      vertex 32.035511769037804 -60 80.98020973409638
    endloop
  endfacet
  facet normal 0.36812455268466415 0 0.9297764858882568
    outer loop
      vertex 32.233597275182866 -61.1 80.87131130556116
      vertex 32.44376941012509 -61.1 80.78809827066873
      vertex 32.44376941012509 -60 80.78809827066873
    endloop
  endfacet
  facet normal 0.24868988716484106 0 0.9685831611286346
    outer loop
      vertex 32.44376941012509 -61.1 80.78809827066873
      vertex 32.662713633745696 -61.1 80.73188294868837
      vertex 32.662713633745696 -60 80.73188294868837
    endloop
  endfacet
  facet normal 0.12533323356432924 0 0.9921147013144747
    outer loop
      vertex 32.662713633745696 -61.1 80.73188294868837
      vertex 32.88697706484724 -61.1 80.70355188882911
      vertex 32.88697706484724 -60 80.70355188882911
    endloop
  endfacet
  facet normal 0.36812455268466415 0 0.9297764858882568
    outer loop
      vertex 32.233597275182866 -61.1 80.87131130556116
      vertex 32.44376941012509 -60 80.78809827066873
      vertex 32.233597275182866 -60 80.87131130556116
    endloop
  endfacet
  facet normal 0.24868988716484106 0 0.9685831611286346
    outer loop
      vertex 32.44376941012509 -61.1 80.78809827066873
      vertex 32.662713633745696 -60 80.73188294868837
      vertex 32.44376941012509 -60 80.78809827066873
    endloop
  endfacet
  facet normal 0.12533323356432924 0 0.9921147013144747
    outer loop
      vertex 32.662713633745696 -61.1 80.73188294868837
      vertex 32.88697706484724 -60 80.70355188882911
      vertex 32.662713633745696 -60 80.73188294868837
    endloop
  endfacet
  facet normal 0.951056516295155 0 0.30901699437494323
    outer loop
      vertex 31.326402325401148 -61.1 81.83737580516758
      vertex 31.326402325401148 -60 81.83737580516758
      vertex 31.256550309968464 -61.1 82.05235820310327
    endloop
  endfacet
  facet normal 0.9822872507286863 0 0.18738131458573737
    outer loop
      vertex 31.256550309968464 -61.1 82.05235820310327
      vertex 31.256550309968464 -60 82.05235820310327
      vertex 31.21419353763394 -61.1 82.27440017958425
    endloop
  endfacet
  facet normal 0.9048270524660234 0 0.42577929156506455
    outer loop
      vertex 31.422647975921045 -61.1 81.63284338661691
      vertex 31.422647975921045 -60 81.63284338661691
      vertex 31.326402325401148 -61.1 81.83737580516758
    endloop
  endfacet
  facet normal 0.9980267284282717 0 0.06279051952931129
    outer loop
      vertex 31.21419353763394 -61.1 82.27440017958425
      vertex 31.21419353763394 -60 82.27440017958425
      vertex 31.2 -61.1 82.5
    endloop
  endfacet
  facet normal 0.9980267284282717 0 -0.06279051952931129
    outer loop
      vertex 31.2 -61.1 82.5
      vertex 31.2 -60 82.5
      vertex 31.21419353763394 -61.1 82.72559982041575
    endloop
  endfacet
  facet normal 0.9822872507286863 0 -0.18738131458573737
    outer loop
      vertex 31.21419353763394 -61.1 82.72559982041575
      vertex 31.21419353763394 -60 82.72559982041575
      vertex 31.256550309968464 -61.1 82.94764179689673
    endloop
  endfacet
  facet normal 0.951056516295155 0 0.30901699437494323
    outer loop
      vertex 31.256550309968464 -61.1 82.05235820310327
      vertex 31.326402325401148 -60 81.83737580516758
      vertex 31.256550309968464 -60 82.05235820310327
    endloop
  endfacet
  facet normal 0.9822872507286863 0 0.18738131458573737
    outer loop
      vertex 31.21419353763394 -61.1 82.27440017958425
      vertex 31.256550309968464 -60 82.05235820310327
      vertex 31.21419353763394 -60 82.27440017958425
    endloop
  endfacet
  facet normal 0.8443279255020159 0 0.5358267949789955
    outer loop
      vertex 31.422647975921045 -61.1 81.63284338661691
      vertex 31.543769410125094 -60 81.44198654587355
      vertex 31.422647975921045 -60 81.63284338661691
    endloop
  endfacet
  facet normal 0.9048270524660234 0 0.42577929156506455
    outer loop
      vertex 31.326402325401148 -61.1 81.83737580516758
      vertex 31.422647975921045 -60 81.63284338661691
      vertex 31.326402325401148 -60 81.83737580516758
    endloop
  endfacet
  facet normal 0.9980267284282717 0 0.06279051952931129
    outer loop
      vertex 31.2 -61.1 82.5
      vertex 31.21419353763394 -60 82.27440017958425
      vertex 31.2 -60 82.5
    endloop
  endfacet
  facet normal 0.9980267284282717 0 -0.06279051952931129
    outer loop
      vertex 31.21419353763394 -61.1 82.72559982041575
      vertex 31.2 -60 82.5
      vertex 31.21419353763394 -60 82.72559982041575
    endloop
  endfacet
  facet normal 0.9822872507286863 0 -0.18738131458573737
    outer loop
      vertex 31.256550309968464 -61.1 82.94764179689673
      vertex 31.21419353763394 -60 82.72559982041575
      vertex 31.256550309968464 -60 82.94764179689673
    endloop
  endfacet
  facet normal 0.951056516295155 0 -0.30901699437494323
    outer loop
      vertex 31.256550309968464 -61.1 82.94764179689673
      vertex 31.256550309968464 -60 82.94764179689673
      vertex 31.326402325401148 -61.1 83.16262419483242
    endloop
  endfacet
  facet normal 0.9048270524660234 0 -0.42577929156506455
    outer loop
      vertex 31.326402325401148 -61.1 83.16262419483242
      vertex 31.326402325401148 -60 83.16262419483242
      vertex 31.422647975921045 -61.1 83.36715661338309
    endloop
  endfacet
  facet normal 0.8443279255020159 0 -0.5358267949789955
    outer loop
      vertex 31.422647975921045 -61.1 83.36715661338309
      vertex 31.422647975921045 -60 83.36715661338309
      vertex 31.543769410125094 -61.1 83.55801345412645
    endloop
  endfacet
  facet normal 0.7705132427757824 0 -0.6374239897486981
    outer loop
      vertex 31.543769410125094 -61.1 83.55801345412645
      vertex 31.543769410125094 -60 83.55801345412645
      vertex 31.68785647064146 -61.1 83.73218479067164
    endloop
  endfacet
  facet normal 0.951056516295155 0 -0.30901699437494323
    outer loop
      vertex 31.326402325401148 -61.1 83.16262419483242
      vertex 31.256550309968464 -60 82.94764179689673
      vertex 31.326402325401148 -60 83.16262419483242
    endloop
  endfacet
  facet normal 0.9048270524660234 0 -0.42577929156506455
    outer loop
      vertex 31.422647975921045 -61.1 83.36715661338309
      vertex 31.326402325401148 -60 83.16262419483242
      vertex 31.422647975921045 -60 83.36715661338309
    endloop
  endfacet
  facet normal 0.8443279255020159 0 -0.5358267949789955
    outer loop
      vertex 31.543769410125094 -61.1 83.55801345412645
      vertex 31.422647975921045 -60 83.36715661338309
      vertex 31.543769410125094 -60 83.55801345412645
    endloop
  endfacet
  facet normal 0.7705132427757824 0 -0.6374239897486981
    outer loop
      vertex 31.68785647064146 -61.1 83.73218479067164
      vertex 31.543769410125094 -60 83.55801345412645
      vertex 31.68785647064146 -60 83.73218479067164
    endloop
  endfacet
  facet normal 0.684547105928679 0 -0.7289686274214207
    outer loop
      vertex 31.68785647064146 -61.1 83.73218479067164
      vertex 31.68785647064146 -60 83.73218479067164
      vertex 31.85263681845236 -61.1 83.88692383699642
    endloop
  endfacet
  facet normal 0.5877852522924824 0 -0.8090169943749407
    outer loop
      vertex 31.85263681845236 -61.1 83.88692383699642
      vertex 31.85263681845236 -60 83.88692383699642
      vertex 32.035511769037804 -61.1 84.01979026590362
    endloop
  endfacet
  facet normal 0.4817536741017318 0 -0.8763066800438544
    outer loop
      vertex 32.035511769037804 -61.1 84.01979026590362
      vertex 32.035511769037804 -60 84.01979026590362
      vertex 32.233597275182866 -61.1 84.12868869443884
    endloop
  endfacet
  facet normal 0.684547105928679 0 -0.7289686274214207
    outer loop
      vertex 31.85263681845236 -61.1 83.88692383699642
      vertex 31.68785647064146 -60 83.73218479067164
      vertex 31.85263681845236 -60 83.88692383699642
    endloop
  endfacet
  facet normal 0.5877852522924824 0 -0.8090169943749407
    outer loop
      vertex 32.035511769037804 -61.1 84.01979026590362
      vertex 31.85263681845236 -60 83.88692383699642
      vertex 32.035511769037804 -60 84.01979026590362
    endloop
  endfacet
  facet normal 0.4817536741017318 0 -0.8763066800438544
    outer loop
      vertex 32.233597275182866 -61.1 84.12868869443884
      vertex 32.035511769037804 -60 84.01979026590362
      vertex 32.233597275182866 -60 84.12868869443884
    endloop
  endfacet
  facet normal 0.36812455268466415 0 -0.9297764858882568
    outer loop
      vertex 32.233597275182866 -61.1 84.12868869443884
      vertex 32.233597275182866 -60 84.12868869443884
      vertex 32.44376941012509 -61.1 84.21190172933127
    endloop
  endfacet
  facet normal 0.24868988716484106 0 -0.9685831611286346
    outer loop
      vertex 32.44376941012509 -61.1 84.21190172933127
      vertex 32.44376941012509 -60 84.21190172933127
      vertex 32.662713633745696 -61.1 84.26811705131163
    endloop
  endfacet
  facet normal 0.12533323356432924 0 -0.9921147013144747
    outer loop
      vertex 32.662713633745696 -61.1 84.26811705131163
      vertex 32.662713633745696 -60 84.26811705131163
      vertex 32.88697706484724 -61.1 84.29644811117089
    endloop
  endfacet
  facet normal 0.36812455268466415 0 -0.9297764858882568
    outer loop
      vertex 32.44376941012509 -61.1 84.21190172933127
      vertex 32.233597275182866 -60 84.12868869443884
      vertex 32.44376941012509 -60 84.21190172933127
    endloop
  endfacet
  facet normal 0.24868988716484106 0 -0.9685831611286346
    outer loop
      vertex 32.662713633745696 -61.1 84.26811705131163
      vertex 32.44376941012509 -60 84.21190172933127
      vertex 32.662713633745696 -60 84.26811705131163
    endloop
  endfacet
  facet normal 0.12533323356432924 0 -0.9921147013144747
    outer loop
      vertex 32.88697706484724 -61.1 84.29644811117089
      vertex 32.662713633745696 -60 84.26811705131163
      vertex 32.88697706484724 -60 84.29644811117089
    endloop
  endfacet
  facet normal 0 0 1
    outer loop
      vertex 32.88697706484724 -61.1 80.70355188882911
      vertex 33.11302293515276 -61.1 80.70355188882911
      vertex 33.11302293515276 -60 80.70355188882911
    endloop
  endfacet
  facet normal -0.12533323356432924 0 0.9921147013144747
    outer loop
      vertex 33.11302293515276 -61.1 80.70355188882911
      vertex 33.337286366254304 -61.1 80.73188294868837
      vertex 33.337286366254304 -60 80.73188294868837
    endloop
  endfacet
  facet normal -0.24868988716484106 0 0.9685831611286346
    outer loop
      vertex 33.337286366254304 -61.1 80.73188294868837
      vertex 33.55623058987491 -61.1 80.78809827066873
      vertex 33.55623058987491 -60 80.78809827066873
    endloop
  endfacet
  facet normal 0 0 1
    outer loop
      vertex 32.88697706484724 -61.1 80.70355188882911
      vertex 33.11302293515276 -60 80.70355188882911
      vertex 32.88697706484724 -60 80.70355188882911
    endloop
  endfacet
  facet normal -0.12533323356432924 0 0.9921147013144747
    outer loop
      vertex 33.11302293515276 -61.1 80.70355188882911
      vertex 33.337286366254304 -60 80.73188294868837
      vertex 33.11302293515276 -60 80.70355188882911
    endloop
  endfacet
  facet normal -0.24868988716484106 0 0.9685831611286346
    outer loop
      vertex 33.337286366254304 -61.1 80.73188294868837
      vertex 33.55623058987491 -60 80.78809827066873
      vertex 33.337286366254304 -60 80.73188294868837
    endloop
  endfacet
  facet normal -0.36812455268466415 0 0.9297764858882568
    outer loop
      vertex 33.55623058987491 -61.1 80.78809827066873
      vertex 33.766402724817134 -61.1 80.87131130556116
      vertex 33.766402724817134 -60 80.87131130556116
    endloop
  endfacet
  facet normal -0.4817536741017318 0 0.8763066800438544
    outer loop
      vertex 33.766402724817134 -61.1 80.87131130556116
      vertex 33.964488230962196 -61.1 80.98020973409638
      vertex 33.964488230962196 -60 80.98020973409638
    endloop
  endfacet
  facet normal -0.5877852522924824 0 0.8090169943749407
    outer loop
      vertex 33.964488230962196 -61.1 80.98020973409638
      vertex 34.14736318154764 -61.1 81.11307616300358
      vertex 34.14736318154764 -60 81.11307616300358
    endloop
  endfacet
  facet normal -0.36812455268466415 0 0.9297764858882568
    outer loop
      vertex 33.55623058987491 -61.1 80.78809827066873
      vertex 33.766402724817134 -60 80.87131130556116
      vertex 33.55623058987491 -60 80.78809827066873
    endloop
  endfacet
  facet normal -0.4817536741017318 0 0.8763066800438544
    outer loop
      vertex 33.766402724817134 -61.1 80.87131130556116
      vertex 33.964488230962196 -60 80.98020973409638
      vertex 33.766402724817134 -60 80.87131130556116
    endloop
  endfacet
  facet normal -0.5877852522924824 0 0.8090169943749407
    outer loop
      vertex 33.964488230962196 -61.1 80.98020973409638
      vertex 34.14736318154764 -60 81.11307616300358
      vertex 33.964488230962196 -60 80.98020973409638
    endloop
  endfacet
  facet normal -0.6845471059286711 0 0.728968627421428
    outer loop
      vertex 34.14736318154764 -61.1 81.11307616300358
      vertex 34.31214352935854 -61.1 81.26781520932836
      vertex 34.31214352935854 -60 81.26781520932836
    endloop
  endfacet
  facet normal -0.77051324277579 0 0.6374239897486887
    outer loop
      vertex 34.31214352935854 -61.1 81.26781520932836
      vertex 34.456230589874906 -61.1 81.44198654587355
      vertex 34.456230589874906 -60 81.44198654587355
    endloop
  endfacet
  facet normal -0.6845471059286711 0 0.728968627421428
    outer loop
      vertex 34.14736318154764 -61.1 81.11307616300358
      vertex 34.31214352935854 -60 81.26781520932836
      vertex 34.14736318154764 -60 81.11307616300358
    endloop
  endfacet
  facet normal -0.77051324277579 0 0.6374239897486887
    outer loop
      vertex 34.31214352935854 -61.1 81.26781520932836
      vertex 34.456230589874906 -60 81.44198654587355
      vertex 34.31214352935854 -60 81.26781520932836
    endloop
  endfacet
  facet normal -0.8443279255020159 0 0.5358267949789955
    outer loop
      vertex 34.456230589874906 -61.1 81.44198654587355
      vertex 34.577352024078955 -60 81.63284338661691
      vertex 34.456230589874906 -60 81.44198654587355
    endloop
  endfacet
  facet normal 0 0 -1
    outer loop
      vertex 32.88697706484724 -61.1 84.29644811117089
      vertex 32.88697706484724 -60 84.29644811117089
      vertex 33.11302293515276 -61.1 84.29644811117089
    endloop
  endfacet
  facet normal -0.12533323356432924 0 -0.9921147013144747
    outer loop
      vertex 33.11302293515276 -61.1 84.29644811117089
      vertex 33.11302293515276 -60 84.29644811117089
      vertex 33.337286366254304 -61.1 84.26811705131163
    endloop
  endfacet
  facet normal -0.24868988716484106 0 -0.9685831611286346
    outer loop
      vertex 33.337286366254304 -61.1 84.26811705131163
      vertex 33.337286366254304 -60 84.26811705131163
      vertex 33.55623058987491 -61.1 84.21190172933127
    endloop
  endfacet
  facet normal 0 0 -1
    outer loop
      vertex 33.11302293515276 -61.1 84.29644811117089
      vertex 32.88697706484724 -60 84.29644811117089
      vertex 33.11302293515276 -60 84.29644811117089
    endloop
  endfacet
  facet normal -0.12533323356432924 0 -0.9921147013144747
    outer loop
      vertex 33.337286366254304 -61.1 84.26811705131163
      vertex 33.11302293515276 -60 84.29644811117089
      vertex 33.337286366254304 -60 84.26811705131163
    endloop
  endfacet
  facet normal -0.24868988716484106 0 -0.9685831611286346
    outer loop
      vertex 33.55623058987491 -61.1 84.21190172933127
      vertex 33.337286366254304 -60 84.26811705131163
      vertex 33.55623058987491 -60 84.21190172933127
    endloop
  endfacet
  facet normal -0.36812455268466415 0 -0.9297764858882568
    outer loop
      vertex 33.55623058987491 -61.1 84.21190172933127
      vertex 33.55623058987491 -60 84.21190172933127
      vertex 33.766402724817134 -61.1 84.12868869443884
    endloop
  endfacet
  facet normal -0.4817536741017318 0 -0.8763066800438544
    outer loop
      vertex 33.766402724817134 -61.1 84.12868869443884
      vertex 33.766402724817134 -60 84.12868869443884
      vertex 33.964488230962196 -61.1 84.01979026590362
    endloop
  endfacet
  facet normal -0.5877852522924824 0 -0.8090169943749407
    outer loop
      vertex 33.964488230962196 -61.1 84.01979026590362
      vertex 33.964488230962196 -60 84.01979026590362
      vertex 34.14736318154764 -61.1 83.88692383699642
    endloop
  endfacet
  facet normal -0.36812455268466415 0 -0.9297764858882568
    outer loop
      vertex 33.766402724817134 -61.1 84.12868869443884
      vertex 33.55623058987491 -60 84.21190172933127
      vertex 33.766402724817134 -60 84.12868869443884
    endloop
  endfacet
  facet normal -0.5877852522924824 0 -0.8090169943749407
    outer loop
      vertex 34.14736318154764 -61.1 83.88692383699642
      vertex 33.964488230962196 -60 84.01979026590362
      vertex 34.14736318154764 -60 83.88692383699642
    endloop
  endfacet
  facet normal -0.4817536741017318 0 -0.8763066800438544
    outer loop
      vertex 33.964488230962196 -61.1 84.01979026590362
      vertex 33.766402724817134 -60 84.12868869443884
      vertex 33.964488230962196 -60 84.01979026590362
    endloop
  endfacet
  facet normal -0.8443279255020159 0 0.5358267949789955
    outer loop
      vertex 34.456230589874906 -61.1 81.44198654587355
      vertex 34.577352024078955 -61.1 81.63284338661691
      vertex 34.577352024078955 -60 81.63284338661691
    endloop
  endfacet
  facet normal -0.9048270524660234 0 0.42577929156506455
    outer loop
      vertex 34.577352024078955 -61.1 81.63284338661691
      vertex 34.67359767459885 -61.1 81.83737580516758
      vertex 34.67359767459885 -60 81.83737580516758
    endloop
  endfacet
  facet normal -0.9510565162951503 0 0.30901699437495744
    outer loop
      vertex 34.67359767459885 -61.1 81.83737580516758
      vertex 34.74344969003154 -61.1 82.05235820310327
      vertex 34.74344969003154 -60 82.05235820310327
    endloop
  endfacet
  facet normal -0.9822872507286892 0 0.18738131458572221
    outer loop
      vertex 34.74344969003154 -61.1 82.05235820310327
      vertex 34.78580646236606 -61.1 82.27440017958425
      vertex 34.78580646236606 -60 82.27440017958425
    endloop
  endfacet
  facet normal -0.9980267284282727 0 0.06279051952929564
    outer loop
      vertex 34.78580646236606 -61.1 82.27440017958425
      vertex 34.8 -61.1 82.5
      vertex 34.8 -60 82.5
    endloop
  endfacet
  facet normal -0.9980267284282727 0 -0.06279051952929564
    outer loop
      vertex 34.8 -61.1 82.5
      vertex 34.78580646236606 -61.1 82.72559982041575
      vertex 34.78580646236606 -60 82.72559982041575
    endloop
  endfacet
  facet normal -0.9822872507286892 0 -0.18738131458572221
    outer loop
      vertex 34.78580646236606 -61.1 82.72559982041575
      vertex 34.74344969003154 -61.1 82.94764179689673
      vertex 34.74344969003154 -60 82.94764179689673
    endloop
  endfacet
  facet normal -0.9048270524660234 0 0.42577929156506455
    outer loop
      vertex 34.577352024078955 -61.1 81.63284338661691
      vertex 34.67359767459885 -60 81.83737580516758
      vertex 34.577352024078955 -60 81.63284338661691
    endloop
  endfacet
  facet normal -0.9510565162951503 0 0.30901699437495744
    outer loop
      vertex 34.67359767459885 -61.1 81.83737580516758
      vertex 34.74344969003154 -60 82.05235820310327
      vertex 34.67359767459885 -60 81.83737580516758
    endloop
  endfacet
  facet normal -0.9822872507286892 0 0.18738131458572221
    outer loop
      vertex 34.74344969003154 -61.1 82.05235820310327
      vertex 34.78580646236606 -60 82.27440017958425
      vertex 34.74344969003154 -60 82.05235820310327
    endloop
  endfacet
  facet normal -0.9980267284282727 0 0.06279051952929564
    outer loop
      vertex 34.78580646236606 -61.1 82.27440017958425
      vertex 34.8 -60 82.5
      vertex 34.78580646236606 -60 82.27440017958425
    endloop
  endfacet
  facet normal -0.9980267284282727 0 -0.06279051952929564
    outer loop
      vertex 34.8 -61.1 82.5
      vertex 34.78580646236606 -60 82.72559982041575
      vertex 34.8 -60 82.5
    endloop
  endfacet
  facet normal -0.9822872507286892 0 -0.18738131458572221
    outer loop
      vertex 34.78580646236606 -61.1 82.72559982041575
      vertex 34.74344969003154 -60 82.94764179689673
      vertex 34.78580646236606 -60 82.72559982041575
    endloop
  endfacet
  facet normal -0.9048270524660234 0 -0.42577929156506455
    outer loop
      vertex 34.577352024078955 -61.1 83.36715661338309
      vertex 34.577352024078955 -60 83.36715661338309
      vertex 34.67359767459885 -61.1 83.16262419483242
    endloop
  endfacet
  facet normal -0.9510565162951503 0 -0.30901699437495744
    outer loop
      vertex 34.67359767459885 -61.1 83.16262419483242
      vertex 34.67359767459885 -60 83.16262419483242
      vertex 34.74344969003154 -61.1 82.94764179689673
    endloop
  endfacet
  facet normal -0.8443279255020159 0 -0.5358267949789955
    outer loop
      vertex 34.577352024078955 -61.1 83.36715661338309
      vertex 34.456230589874906 -61.1 83.55801345412645
      vertex 34.456230589874906 -60 83.55801345412645
    endloop
  endfacet
  facet normal -0.6845471059286711 0 -0.728968627421428
    outer loop
      vertex 34.31214352935854 -61.1 83.73218479067164
      vertex 34.14736318154764 -61.1 83.88692383699642
      vertex 34.14736318154764 -60 83.88692383699642
    endloop
  endfacet
  facet normal -0.77051324277579 0 -0.6374239897486887
    outer loop
      vertex 34.31214352935854 -61.1 83.73218479067164
      vertex 34.31214352935854 -60 83.73218479067164
      vertex 34.456230589874906 -61.1 83.55801345412645
    endloop
  endfacet
  facet normal -0.77051324277579 0 -0.6374239897486887
    outer loop
      vertex 34.456230589874906 -61.1 83.55801345412645
      vertex 34.31214352935854 -60 83.73218479067164
      vertex 34.456230589874906 -60 83.55801345412645
    endloop
  endfacet
  facet normal -0.9048270524660234 0 -0.42577929156506455
    outer loop
      vertex 34.67359767459885 -61.1 83.16262419483242
      vertex 34.577352024078955 -60 83.36715661338309
      vertex 34.67359767459885 -60 83.16262419483242
    endloop
  endfacet
  facet normal -0.9510565162951503 0 -0.30901699437495744
    outer loop
      vertex 34.74344969003154 -61.1 82.94764179689673
      vertex 34.67359767459885 -60 83.16262419483242
      vertex 34.74344969003154 -60 82.94764179689673
    endloop
  endfacet
  facet normal -0.8443279255020159 0 -0.5358267949789955
    outer loop
      vertex 34.577352024078955 -61.1 83.36715661338309
      vertex 34.456230589874906 -60 83.55801345412645
      vertex 34.577352024078955 -60 83.36715661338309
    endloop
  endfacet
  facet normal -0.6845471059286711 0 -0.728968627421428
    outer loop
      vertex 34.31214352935854 -61.1 83.73218479067164
      vertex 34.14736318154764 -60 83.88692383699642
      vertex 34.31214352935854 -60 83.73218479067164
    endloop
  endfacet
  facet normal 0.8443279255020159 0 0.5358267949789955
    outer loop
      vertex -34.456230589874906 -61.1 81.44198654587355
      vertex -34.456230589874906 -60 81.44198654587355
      vertex -34.577352024078955 -61.1 81.63284338661691
    endloop
  endfacet
  facet normal 0.6845471059286711 0 0.728968627421428
    outer loop
      vertex -34.31214352935854 -61.1 81.26781520932836
      vertex -34.14736318154764 -61.1 81.11307616300358
      vertex -34.14736318154764 -60 81.11307616300358
    endloop
  endfacet
  facet normal 0.77051324277579 0 0.6374239897486887
    outer loop
      vertex -34.456230589874906 -61.1 81.44198654587355
      vertex -34.31214352935854 -61.1 81.26781520932836
      vertex -34.31214352935854 -60 81.26781520932836
    endloop
  endfacet
  facet normal 0.77051324277579 0 0.6374239897486887
    outer loop
      vertex -34.456230589874906 -61.1 81.44198654587355
      vertex -34.31214352935854 -60 81.26781520932836
      vertex -34.456230589874906 -60 81.44198654587355
    endloop
  endfacet
  facet normal 0.6845471059286711 0 0.728968627421428
    outer loop
      vertex -34.31214352935854 -61.1 81.26781520932836
      vertex -34.14736318154764 -60 81.11307616300358
      vertex -34.31214352935854 -60 81.26781520932836
    endloop
  endfacet
  facet normal 0.36812455268466415 0 0.9297764858882568
    outer loop
      vertex -33.766402724817134 -61.1 80.87131130556116
      vertex -33.55623058987491 -61.1 80.78809827066873
      vertex -33.55623058987491 -60 80.78809827066873
    endloop
  endfacet
  facet normal 0.5877852522924824 0 0.8090169943749407
    outer loop
      vertex -34.14736318154764 -61.1 81.11307616300358
      vertex -33.964488230962196 -61.1 80.98020973409638
      vertex -33.964488230962196 -60 80.98020973409638
    endloop
  endfacet
  facet normal 0.4817536741017318 0 0.8763066800438544
    outer loop
      vertex -33.766402724817134 -61.1 80.87131130556116
      vertex -33.766402724817134 -60 80.87131130556116
      vertex -33.964488230962196 -61.1 80.98020973409638
    endloop
  endfacet
  facet normal 0.36812455268466415 0 0.9297764858882568
    outer loop
      vertex -33.766402724817134 -61.1 80.87131130556116
      vertex -33.55623058987491 -60 80.78809827066873
      vertex -33.766402724817134 -60 80.87131130556116
    endloop
  endfacet
  facet normal 0.5877852522924824 0 0.8090169943749407
    outer loop
      vertex -34.14736318154764 -61.1 81.11307616300358
      vertex -33.964488230962196 -60 80.98020973409638
      vertex -34.14736318154764 -60 81.11307616300358
    endloop
  endfacet
  facet normal 0.4817536741017318 0 0.8763066800438544
    outer loop
      vertex -33.964488230962196 -61.1 80.98020973409638
      vertex -33.766402724817134 -60 80.87131130556116
      vertex -33.964488230962196 -60 80.98020973409638
    endloop
  endfacet
  facet normal 0.24868988716484106 0 0.9685831611286346
    outer loop
      vertex -33.55623058987491 -61.1 80.78809827066873
      vertex -33.337286366254304 -61.1 80.73188294868837
      vertex -33.337286366254304 -60 80.73188294868837
    endloop
  endfacet
  facet normal 0.12533323356432924 0 0.9921147013144747
    outer loop
      vertex -33.337286366254304 -61.1 80.73188294868837
      vertex -33.11302293515276 -61.1 80.70355188882911
      vertex -33.11302293515276 -60 80.70355188882911
    endloop
  endfacet
  facet normal 0 0 1
    outer loop
      vertex -33.11302293515276 -61.1 80.70355188882911
      vertex -32.88697706484724 -61.1 80.70355188882911
      vertex -32.88697706484724 -60 80.70355188882911
    endloop
  endfacet
  facet normal 0.24868988716484106 0 0.9685831611286346
    outer loop
      vertex -33.55623058987491 -61.1 80.78809827066873
      vertex -33.337286366254304 -60 80.73188294868837
      vertex -33.55623058987491 -60 80.78809827066873
    endloop
  endfacet
  facet normal 0.12533323356432924 0 0.9921147013144747
    outer loop
      vertex -33.337286366254304 -61.1 80.73188294868837
      vertex -33.11302293515276 -60 80.70355188882911
      vertex -33.337286366254304 -60 80.73188294868837
    endloop
  endfacet
  facet normal 0 0 1
    outer loop
      vertex -33.11302293515276 -61.1 80.70355188882911
      vertex -32.88697706484724 -60 80.70355188882911
      vertex -33.11302293515276 -60 80.70355188882911
    endloop
  endfacet
  facet normal 0.9510565162951503 0 0.30901699437495744
    outer loop
      vertex -34.67359767459885 -61.1 81.83737580516758
      vertex -34.67359767459885 -60 81.83737580516758
      vertex -34.74344969003154 -61.1 82.05235820310327
    endloop
  endfacet
  facet normal 0.9048270524660234 0 0.42577929156506455
    outer loop
      vertex -34.67359767459885 -61.1 81.83737580516758
      vertex -34.577352024078955 -61.1 81.63284338661691
      vertex -34.577352024078955 -60 81.63284338661691
    endloop
  endfacet
  facet normal 0.9822872507286892 0 0.18738131458572221
    outer loop
      vertex -34.74344969003154 -61.1 82.05235820310327
      vertex -34.74344969003154 -60 82.05235820310327
      vertex -34.78580646236606 -61.1 82.27440017958425
    endloop
  endfacet
  facet normal 0.9980267284282727 0 0.06279051952929564
    outer loop
      vertex -34.78580646236606 -61.1 82.27440017958425
      vertex -34.78580646236606 -60 82.27440017958425
      vertex -34.8 -61.1 82.5
    endloop
  endfacet
  facet normal 0.9980267284282727 0 -0.06279051952929564
    outer loop
      vertex -34.8 -61.1 82.5
      vertex -34.8 -60 82.5
      vertex -34.78580646236606 -61.1 82.72559982041575
    endloop
  endfacet
  facet normal 0.9822872507286892 0 -0.18738131458572221
    outer loop
      vertex -34.78580646236606 -61.1 82.72559982041575
      vertex -34.78580646236606 -60 82.72559982041575
      vertex -34.74344969003154 -61.1 82.94764179689673
    endloop
  endfacet
  facet normal 0.8443279255020159 0 0.5358267949789955
    outer loop
      vertex -34.577352024078955 -61.1 81.63284338661691
      vertex -34.456230589874906 -60 81.44198654587355
      vertex -34.577352024078955 -60 81.63284338661691
    endloop
  endfacet
  facet normal 0.9048270524660234 0 0.42577929156506455
    outer loop
      vertex -34.67359767459885 -61.1 81.83737580516758
      vertex -34.577352024078955 -60 81.63284338661691
      vertex -34.67359767459885 -60 81.83737580516758
    endloop
  endfacet
  facet normal 0.9510565162951503 0 0.30901699437495744
    outer loop
      vertex -34.74344969003154 -61.1 82.05235820310327
      vertex -34.67359767459885 -60 81.83737580516758
      vertex -34.74344969003154 -60 82.05235820310327
    endloop
  endfacet
  facet normal 0.9822872507286892 0 0.18738131458572221
    outer loop
      vertex -34.78580646236606 -61.1 82.27440017958425
      vertex -34.74344969003154 -60 82.05235820310327
      vertex -34.78580646236606 -60 82.27440017958425
    endloop
  endfacet
  facet normal 0.9980267284282727 0 0.06279051952929564
    outer loop
      vertex -34.8 -61.1 82.5
      vertex -34.78580646236606 -60 82.27440017958425
      vertex -34.8 -60 82.5
    endloop
  endfacet
  facet normal 0.9980267284282727 0 -0.06279051952929564
    outer loop
      vertex -34.78580646236606 -61.1 82.72559982041575
      vertex -34.8 -60 82.5
      vertex -34.78580646236606 -60 82.72559982041575
    endloop
  endfacet
  facet normal 0.9822872507286892 0 -0.18738131458572221
    outer loop
      vertex -34.74344969003154 -61.1 82.94764179689673
      vertex -34.78580646236606 -60 82.72559982041575
      vertex -34.74344969003154 -60 82.94764179689673
    endloop
  endfacet
  facet normal 0.9510565162951503 0 -0.30901699437495744
    outer loop
      vertex -34.74344969003154 -61.1 82.94764179689673
      vertex -34.74344969003154 -60 82.94764179689673
      vertex -34.67359767459885 -61.1 83.16262419483242
    endloop
  endfacet
  facet normal 0.9048270524660234 0 -0.42577929156506455
    outer loop
      vertex -34.67359767459885 -61.1 83.16262419483242
      vertex -34.67359767459885 -60 83.16262419483242
      vertex -34.577352024078955 -61.1 83.36715661338309
    endloop
  endfacet
  facet normal 0.8443279255020159 0 -0.5358267949789955
    outer loop
      vertex -34.577352024078955 -61.1 83.36715661338309
      vertex -34.577352024078955 -60 83.36715661338309
      vertex -34.456230589874906 -61.1 83.55801345412645
    endloop
  endfacet
  facet normal 0.77051324277579 0 -0.6374239897486887
    outer loop
      vertex -34.456230589874906 -61.1 83.55801345412645
      vertex -34.456230589874906 -60 83.55801345412645
      vertex -34.31214352935854 -61.1 83.73218479067164
    endloop
  endfacet
  facet normal 0.6845471059286711 0 -0.728968627421428
    outer loop
      vertex -34.31214352935854 -61.1 83.73218479067164
      vertex -34.31214352935854 -60 83.73218479067164
      vertex -34.14736318154764 -61.1 83.88692383699642
    endloop
  endfacet
  facet normal 0.9510565162951503 0 -0.30901699437495744
    outer loop
      vertex -34.67359767459885 -61.1 83.16262419483242
      vertex -34.74344969003154 -60 82.94764179689673
      vertex -34.67359767459885 -60 83.16262419483242
    endloop
  endfacet
  facet normal 0.9048270524660234 0 -0.42577929156506455
    outer loop
      vertex -34.577352024078955 -61.1 83.36715661338309
      vertex -34.67359767459885 -60 83.16262419483242
      vertex -34.577352024078955 -60 83.36715661338309
    endloop
  endfacet
  facet normal 0.8443279255020159 0 -0.5358267949789955
    outer loop
      vertex -34.456230589874906 -61.1 83.55801345412645
      vertex -34.577352024078955 -60 83.36715661338309
      vertex -34.456230589874906 -60 83.55801345412645
    endloop
  endfacet
  facet normal 0.77051324277579 0 -0.6374239897486887
    outer loop
      vertex -34.31214352935854 -61.1 83.73218479067164
      vertex -34.456230589874906 -60 83.55801345412645
      vertex -34.31214352935854 -60 83.73218479067164
    endloop
  endfacet
  facet normal 0.6845471059286711 0 -0.728968627421428
    outer loop
      vertex -34.14736318154764 -61.1 83.88692383699642
      vertex -34.31214352935854 -60 83.73218479067164
      vertex -34.14736318154764 -60 83.88692383699642
    endloop
  endfacet
  facet normal 0.5877852522924824 0 -0.8090169943749407
    outer loop
      vertex -34.14736318154764 -61.1 83.88692383699642
      vertex -34.14736318154764 -60 83.88692383699642
      vertex -33.964488230962196 -61.1 84.01979026590362
    endloop
  endfacet
  facet normal 0.4817536741017318 0 -0.8763066800438544
    outer loop
      vertex -33.964488230962196 -61.1 84.01979026590362
      vertex -33.964488230962196 -60 84.01979026590362
      vertex -33.766402724817134 -61.1 84.12868869443884
    endloop
  endfacet
  facet normal 0.36812455268466415 0 -0.9297764858882568
    outer loop
      vertex -33.766402724817134 -61.1 84.12868869443884
      vertex -33.766402724817134 -60 84.12868869443884
      vertex -33.55623058987491 -61.1 84.21190172933127
    endloop
  endfacet
  facet normal 0.5877852522924824 0 -0.8090169943749407
    outer loop
      vertex -33.964488230962196 -61.1 84.01979026590362
      vertex -34.14736318154764 -60 83.88692383699642
      vertex -33.964488230962196 -60 84.01979026590362
    endloop
  endfacet
  facet normal 0.4817536741017318 0 -0.8763066800438544
    outer loop
      vertex -33.766402724817134 -61.1 84.12868869443884
      vertex -33.964488230962196 -60 84.01979026590362
      vertex -33.766402724817134 -60 84.12868869443884
    endloop
  endfacet
  facet normal 0.36812455268466415 0 -0.9297764858882568
    outer loop
      vertex -33.55623058987491 -61.1 84.21190172933127
      vertex -33.766402724817134 -60 84.12868869443884
      vertex -33.55623058987491 -60 84.21190172933127
    endloop
  endfacet
  facet normal 0.24868988716484106 0 -0.9685831611286346
    outer loop
      vertex -33.55623058987491 -61.1 84.21190172933127
      vertex -33.55623058987491 -60 84.21190172933127
      vertex -33.337286366254304 -61.1 84.26811705131163
    endloop
  endfacet
  facet normal 0.12533323356432924 0 -0.9921147013144747
    outer loop
      vertex -33.337286366254304 -61.1 84.26811705131163
      vertex -33.337286366254304 -60 84.26811705131163
      vertex -33.11302293515276 -61.1 84.29644811117089
    endloop
  endfacet
  facet normal 0 0 -1
    outer loop
      vertex -33.11302293515276 -61.1 84.29644811117089
      vertex -33.11302293515276 -60 84.29644811117089
      vertex -32.88697706484724 -61.1 84.29644811117089
    endloop
  endfacet
  facet normal 0.24868988716484106 0 -0.9685831611286346
    outer loop
      vertex -33.337286366254304 -61.1 84.26811705131163
      vertex -33.55623058987491 -60 84.21190172933127
      vertex -33.337286366254304 -60 84.26811705131163
    endloop
  endfacet
  facet normal 0.12533323356432924 0 -0.9921147013144747
    outer loop
      vertex -33.11302293515276 -61.1 84.29644811117089
      vertex -33.337286366254304 -60 84.26811705131163
      vertex -33.11302293515276 -60 84.29644811117089
    endloop
  endfacet
  facet normal 0 0 -1
    outer loop
      vertex -32.88697706484724 -61.1 84.29644811117089
      vertex -33.11302293515276 -60 84.29644811117089
      vertex -32.88697706484724 -60 84.29644811117089
    endloop
  endfacet
  facet normal -0.12533323356432924 0 0.9921147013144747
    outer loop
      vertex -32.88697706484724 -61.1 80.70355188882911
      vertex -32.662713633745696 -61.1 80.73188294868837
      vertex -32.662713633745696 -60 80.73188294868837
    endloop
  endfacet
  facet normal -0.24868988716484106 0 0.9685831611286346
    outer loop
      vertex -32.662713633745696 -61.1 80.73188294868837
      vertex -32.44376941012509 -61.1 80.78809827066873
      vertex -32.44376941012509 -60 80.78809827066873
    endloop
  endfacet
  facet normal -0.36812455268466415 0 0.9297764858882568
    outer loop
      vertex -32.44376941012509 -61.1 80.78809827066873
      vertex -32.233597275182866 -61.1 80.87131130556116
      vertex -32.233597275182866 -60 80.87131130556116
    endloop
  endfacet
  facet normal -0.12533323356432924 0 0.9921147013144747
    outer loop
      vertex -32.88697706484724 -61.1 80.70355188882911
      vertex -32.662713633745696 -60 80.73188294868837
      vertex -32.88697706484724 -60 80.70355188882911
    endloop
  endfacet
  facet normal -0.24868988716484106 0 0.9685831611286346
    outer loop
      vertex -32.662713633745696 -61.1 80.73188294868837
      vertex -32.44376941012509 -60 80.78809827066873
      vertex -32.662713633745696 -60 80.73188294868837
    endloop
  endfacet
  facet normal -0.36812455268466415 0 0.9297764858882568
    outer loop
      vertex -32.44376941012509 -61.1 80.78809827066873
      vertex -32.233597275182866 -60 80.87131130556116
      vertex -32.44376941012509 -60 80.78809827066873
    endloop
  endfacet
  facet normal -0.4817536741017318 0 0.8763066800438544
    outer loop
      vertex -32.233597275182866 -61.1 80.87131130556116
      vertex -32.035511769037804 -61.1 80.98020973409638
      vertex -32.035511769037804 -60 80.98020973409638
    endloop
  endfacet
  facet normal -0.5877852522924749 0 0.8090169943749461
    outer loop
      vertex -32.035511769037804 -61.1 80.98020973409638
      vertex -31.852636818452357 -61.1 81.11307616300358
      vertex -31.852636818452357 -60 81.11307616300358
    endloop
  endfacet
  facet normal -0.6845471059286867 0 0.7289686274214132
    outer loop
      vertex -31.852636818452357 -61.1 81.11307616300358
      vertex -31.68785647064146 -61.1 81.26781520932836
      vertex -31.68785647064146 -60 81.26781520932836
    endloop
  endfacet
  facet normal -0.4817536741017318 0 0.8763066800438544
    outer loop
      vertex -32.233597275182866 -61.1 80.87131130556116
      vertex -32.035511769037804 -60 80.98020973409638
      vertex -32.233597275182866 -60 80.87131130556116
    endloop
  endfacet
  facet normal -0.5877852522924749 0 0.8090169943749461
    outer loop
      vertex -32.035511769037804 -61.1 80.98020973409638
      vertex -31.852636818452357 -60 81.11307616300358
      vertex -32.035511769037804 -60 80.98020973409638
    endloop
  endfacet
  facet normal -0.6845471059286867 0 0.7289686274214132
    outer loop
      vertex -31.852636818452357 -61.1 81.11307616300358
      vertex -31.68785647064146 -60 81.26781520932836
      vertex -31.852636818452357 -60 81.11307616300358
    endloop
  endfacet
  facet normal -0.7705132427757824 0 0.6374239897486981
    outer loop
      vertex -31.68785647064146 -61.1 81.26781520932836
      vertex -31.543769410125094 -61.1 81.44198654587355
      vertex -31.543769410125094 -60 81.44198654587355
    endloop
  endfacet
  facet normal -0.7705132427757824 0 0.6374239897486981
    outer loop
      vertex -31.68785647064146 -61.1 81.26781520932836
      vertex -31.543769410125094 -60 81.44198654587355
      vertex -31.68785647064146 -60 81.26781520932836
    endloop
  endfacet
  facet normal -0.8443279255020159 0 0.5358267949789955
    outer loop
      vertex -31.543769410125094 -61.1 81.44198654587355
      vertex -31.422647975921045 -60 81.63284338661691
      vertex -31.543769410125094 -60 81.44198654587355
    endloop
  endfacet
  facet normal -0.12533323356432924 0 -0.9921147013144747
    outer loop
      vertex -32.88697706484724 -61.1 84.29644811117089
      vertex -32.88697706484724 -60 84.29644811117089
      vertex -32.662713633745696 -61.1 84.26811705131163
    endloop
  endfacet
  facet normal -0.24868988716484106 0 -0.9685831611286346
    outer loop
      vertex -32.662713633745696 -61.1 84.26811705131163
      vertex -32.662713633745696 -60 84.26811705131163
      vertex -32.44376941012509 -61.1 84.21190172933127
    endloop
  endfacet
  facet normal -0.36812455268466415 0 -0.9297764858882568
    outer loop
      vertex -32.233597275182866 -61.1 84.12868869443884
      vertex -32.44376941012509 -61.1 84.21190172933127
      vertex -32.44376941012509 -60 84.21190172933127
    endloop
  endfacet
  facet normal -0.12533323356432924 0 -0.9921147013144747
    outer loop
      vertex -32.662713633745696 -61.1 84.26811705131163
      vertex -32.88697706484724 -60 84.29644811117089
      vertex -32.662713633745696 -60 84.26811705131163
    endloop
  endfacet
  facet normal -0.24868988716484106 0 -0.9685831611286346
    outer loop
      vertex -32.44376941012509 -61.1 84.21190172933127
      vertex -32.662713633745696 -60 84.26811705131163
      vertex -32.44376941012509 -60 84.21190172933127
    endloop
  endfacet
  facet normal -0.36812455268466415 0 -0.9297764858882568
    outer loop
      vertex -32.233597275182866 -61.1 84.12868869443884
      vertex -32.44376941012509 -60 84.21190172933127
      vertex -32.233597275182866 -60 84.12868869443884
    endloop
  endfacet
  facet normal -0.5877852522924749 0 -0.8090169943749461
    outer loop
      vertex -32.035511769037804 -61.1 84.01979026590362
      vertex -32.035511769037804 -60 84.01979026590362
      vertex -31.852636818452357 -61.1 83.88692383699642
    endloop
  endfacet
  facet normal -0.4817536741017318 0 -0.8763066800438544
    outer loop
      vertex -32.233597275182866 -61.1 84.12868869443884
      vertex -32.233597275182866 -60 84.12868869443884
      vertex -32.035511769037804 -61.1 84.01979026590362
    endloop
  endfacet
  facet normal -0.6845471059286867 0 -0.7289686274214132
    outer loop
      vertex -31.852636818452357 -61.1 83.88692383699642
      vertex -31.852636818452357 -60 83.88692383699642
      vertex -31.68785647064146 -61.1 83.73218479067164
    endloop
  endfacet
  facet normal -0.4817536741017318 0 -0.8763066800438544
    outer loop
      vertex -32.035511769037804 -61.1 84.01979026590362
      vertex -32.233597275182866 -60 84.12868869443884
      vertex -32.035511769037804 -60 84.01979026590362
    endloop
  endfacet
  facet normal -0.5877852522924749 0 -0.8090169943749461
    outer loop
      vertex -31.852636818452357 -61.1 83.88692383699642
      vertex -32.035511769037804 -60 84.01979026590362
      vertex -31.852636818452357 -60 83.88692383699642
    endloop
  endfacet
  facet normal -0.6845471059286867 0 -0.7289686274214132
    outer loop
      vertex -31.68785647064146 -61.1 83.73218479067164
      vertex -31.852636818452357 -60 83.88692383699642
      vertex -31.68785647064146 -60 83.73218479067164
    endloop
  endfacet
  facet normal -0.8443279255020159 0 0.5358267949789955
    outer loop
      vertex -31.543769410125094 -61.1 81.44198654587355
      vertex -31.422647975921045 -61.1 81.63284338661691
      vertex -31.422647975921045 -60 81.63284338661691
    endloop
  endfacet
  facet normal -0.9048270524660234 0 0.42577929156506455
    outer loop
      vertex -31.422647975921045 -61.1 81.63284338661691
      vertex -31.326402325401148 -61.1 81.83737580516758
      vertex -31.326402325401148 -60 81.83737580516758
    endloop
  endfacet
  facet normal -0.951056516295155 0 0.30901699437494323
    outer loop
      vertex -31.326402325401148 -61.1 81.83737580516758
      vertex -31.256550309968464 -61.1 82.05235820310327
      vertex -31.256550309968464 -60 82.05235820310327
    endloop
  endfacet
  facet normal -0.9822872507286863 0 0.18738131458573737
    outer loop
      vertex -31.256550309968464 -61.1 82.05235820310327
      vertex -31.21419353763394 -61.1 82.27440017958425
      vertex -31.21419353763394 -60 82.27440017958425
    endloop
  endfacet
  facet normal -0.9980267284282717 0 0.06279051952931129
    outer loop
      vertex -31.21419353763394 -61.1 82.27440017958425
      vertex -31.2 -61.1 82.5
      vertex -31.2 -60 82.5
    endloop
  endfacet
  facet normal -0.9980267284282717 0 -0.06279051952931129
    outer loop
      vertex -31.2 -61.1 82.5
      vertex -31.21419353763394 -61.1 82.72559982041575
      vertex -31.21419353763394 -60 82.72559982041575
    endloop
  endfacet
  facet normal -0.9822872507286863 0 -0.18738131458573737
    outer loop
      vertex -31.21419353763394 -61.1 82.72559982041575
      vertex -31.256550309968464 -61.1 82.94764179689673
      vertex -31.256550309968464 -60 82.94764179689673
    endloop
  endfacet
  facet normal -0.9048270524660234 0 0.42577929156506455
    outer loop
      vertex -31.422647975921045 -61.1 81.63284338661691
      vertex -31.326402325401148 -60 81.83737580516758
      vertex -31.422647975921045 -60 81.63284338661691
    endloop
  endfacet
  facet normal -0.951056516295155 0 0.30901699437494323
    outer loop
      vertex -31.326402325401148 -61.1 81.83737580516758
      vertex -31.256550309968464 -60 82.05235820310327
      vertex -31.326402325401148 -60 81.83737580516758
    endloop
  endfacet
  facet normal -0.9822872507286863 0 0.18738131458573737
    outer loop
      vertex -31.256550309968464 -61.1 82.05235820310327
      vertex -31.21419353763394 -60 82.27440017958425
      vertex -31.256550309968464 -60 82.05235820310327
    endloop
  endfacet
  facet normal -0.9980267284282717 0 0.06279051952931129
    outer loop
      vertex -31.21419353763394 -61.1 82.27440017958425
      vertex -31.2 -60 82.5
      vertex -31.21419353763394 -60 82.27440017958425
    endloop
  endfacet
  facet normal -0.9980267284282717 0 -0.06279051952931129
    outer loop
      vertex -31.2 -61.1 82.5
      vertex -31.21419353763394 -60 82.72559982041575
      vertex -31.2 -60 82.5
    endloop
  endfacet
  facet normal -0.9822872507286863 0 -0.18738131458573737
    outer loop
      vertex -31.21419353763394 -61.1 82.72559982041575
      vertex -31.256550309968464 -60 82.94764179689673
      vertex -31.21419353763394 -60 82.72559982041575
    endloop
  endfacet
  facet normal -0.9048270524660234 0 -0.42577929156506455
    outer loop
      vertex -31.326402325401148 -61.1 83.16262419483242
      vertex -31.422647975921045 -61.1 83.36715661338309
      vertex -31.422647975921045 -60 83.36715661338309
    endloop
  endfacet
  facet normal -0.8443279255020159 0 -0.5358267949789955
    outer loop
      vertex -31.422647975921045 -61.1 83.36715661338309
      vertex -31.543769410125094 -61.1 83.55801345412645
      vertex -31.543769410125094 -60 83.55801345412645
    endloop
  endfacet
  facet normal -0.951056516295155 0 -0.30901699437494323
    outer loop
      vertex -31.326402325401148 -61.1 83.16262419483242
      vertex -31.326402325401148 -60 83.16262419483242
      vertex -31.256550309968464 -61.1 82.94764179689673
    endloop
  endfacet
  facet normal -0.7705132427757824 0 -0.6374239897486981
    outer loop
      vertex -31.68785647064146 -61.1 83.73218479067164
      vertex -31.68785647064146 -60 83.73218479067164
      vertex -31.543769410125094 -61.1 83.55801345412645
    endloop
  endfacet
  facet normal -0.9048270524660234 0 -0.42577929156506455
    outer loop
      vertex -31.326402325401148 -61.1 83.16262419483242
      vertex -31.422647975921045 -60 83.36715661338309
      vertex -31.326402325401148 -60 83.16262419483242
    endloop
  endfacet
  facet normal -0.7705132427757824 0 -0.6374239897486981
    outer loop
      vertex -31.543769410125094 -61.1 83.55801345412645
      vertex -31.68785647064146 -60 83.73218479067164
      vertex -31.543769410125094 -60 83.55801345412645
    endloop
  endfacet
  facet normal -0.8443279255020159 0 -0.5358267949789955
    outer loop
      vertex -31.422647975921045 -61.1 83.36715661338309
      vertex -31.543769410125094 -60 83.55801345412645
      vertex -31.422647975921045 -60 83.36715661338309
    endloop
  endfacet
  facet normal -0.951056516295155 0 -0.30901699437494323
    outer loop
      vertex -31.256550309968464 -61.1 82.94764179689673
      vertex -31.326402325401148 -60 83.16262419483242
      vertex -31.256550309968464 -60 82.94764179689673
    endloop
  endfacet
endsolid OpenSCAD_Model
