solid OpenSCAD_Model
  facet normal 0 -1 0
    outer loop
      vertex -40.5 -103.5 0
      vertex -40.475 -103.5 1.5
      vertex -40.5 -103.5 1.5
    endloop
  endfacet
  facet normal 0 -1 0
    outer loop
      vertex -40.5 -103.5 0
      vertex -39.15 -103.5 1.5
      vertex -40.475 -103.5 1.5
    endloop
  endfacet
  facet normal 0 0 -1
    outer loop
      vertex -40.5 -103.5 0
      vertex -40.5 -102 0
      vertex 39.91304347826087 102 0
    endloop
  endfacet
  facet normal 0 0 1
    outer loop
      vertex -39 -102 1.5
      vertex 39 -102 1.5
      vertex -39 102 1.5
    endloop
  endfacet
  facet normal 0 0 -1
    outer loop
      vertex -40.5 -102 0
      vertex -40.5 102 0
      vertex 39.91304347826087 102 0
    endloop
  endfacet
  facet normal 0 0 -1
    outer loop
      vertex -40.5 102 0
      vertex -40.5 103.5 0
      vertex 39.91304347826087 102 0
    endloop
  endfacet
  facet normal 0 1 0
    outer loop
      vertex -40.5 103.5 0
      vertex -40.5 103.5 1.5
      vertex 40.5 103.5 0
    endloop
  endfacet
  facet normal 0 0 -1
    outer loop
      vertex -40.5 -103.5 0
      vertex 40.5 -102 0
      vertex 40.5 -103.5 0
    endloop
  endfacet
  facet normal 0 0 -1
    outer loop
      vertex -40.5 -103.5 0
      vertex 39.91304347826087 102 0
      vertex 40.5 -102 0
    endloop
  endfacet
  facet normal 0 0 1
    outer loop
      vertex -39 102 1.5
      vertex 39 -102 1.5
      vertex 39 102 1.5
    endloop
  endfacet
  facet normal 0 1 0
    outer loop
      vertex -40.5 103.5 1.5
      vertex 39.15 103.5 1.5
      vertex 40.5 103.5 0
    endloop
  endfacet
  facet normal 0 0 -1
    outer loop
      vertex -40.5 103.5 0
      vertex 40.5 103.5 0
      vertex 39.91304347826087 102 0
    endloop
  endfacet
  facet normal 0 0 -1
    outer loop
      vertex 40.5 -102 0
      vertex 39.91304347826087 102 0
      vertex 40.5 102 0
    endloop
  endfacet
  facet normal -1 0 0
    outer loop
      vertex -40.5 102 0
      vertex -40.5 103.5 1.5
      vertex -40.5 103.5 0
    endloop
  endfacet
  facet normal -1 0 0
    outer loop
      vertex -40.5 102 0
      vertex -40.5 103.5 90
      vertex -40.5 103.5 1.5
    endloop
  endfacet
  facet normal 0 1 0
    outer loop
      vertex -40.5 103.5 1.5
      vertex -40.5 103.5 90
      vertex 39.15 103.5 1.5
    endloop
  endfacet
  facet normal 0 -1 0
    outer loop
      vertex -39 102 1.5
      vertex 39 102 1.5
      vertex -39 102 90
    endloop
  endfacet
  facet normal -1 0 0
    outer loop
      vertex -40.5 102 0
      vertex -40.5 102 90
      vertex -40.5 103.5 90
    endloop
  endfacet
  facet normal 0 0 1
    outer loop
      vertex -40.5 102 90
      vertex -39 102 90
      vertex -40.5 103.5 90
    endloop
  endfacet
  facet normal 0 0 1
    outer loop
      vertex -40.5 103.5 90
      vertex -39 102 90
      vertex 39 102 90
    endloop
  endfacet
  facet normal 0 0 -1
    outer loop
      vertex 39.91304347826087 102 0
      vertex 40.5 103.5 0
      vertex 40.5 102 0
    endloop
  endfacet
  facet normal 1 0 0
    outer loop
      vertex 40.5 102 0
      vertex 40.5 103.5 0
      vertex 40.5 102 90
    endloop
  endfacet
  facet normal 0 1 0
    outer loop
      vertex 39.15 103.5 1.5
      vertex 40.5 103.5 90
      vertex 40.5 103.5 0
    endloop
  endfacet
  facet normal 0 -1 0
    outer loop
      vertex -39 102 90
      vertex 39 102 1.5
      vertex 39 102 90
    endloop
  endfacet
  facet normal 0 1 0
    outer loop
      vertex -40.5 103.5 90
      vertex 40.5 103.5 90
      vertex 39.15 103.5 1.5
    endloop
  endfacet
  facet normal 0 0 1
    outer loop
      vertex -40.5 103.5 90
      vertex 39 102 90
      vertex 40.5 102 90
    endloop
  endfacet
  facet normal 0 0 1
    outer loop
      vertex -40.5 103.5 90
      vertex 40.5 102 90
      vertex 40.5 103.5 90
    endloop
  endfacet
  facet normal 1 0 0
    outer loop
      vertex 40.5 103.5 0
      vertex 40.5 103.5 90
      vertex 40.5 102 90
    endloop
  endfacet
  facet normal 0 -1 0
    outer loop
      vertex -39.15 -103.5 1.5
      vertex -33.67333176669068 -103.5 5.427697906598977
      vertex -33.9277506668839 -103.5 5.5284294751529846
    endloop
  endfacet
  facet normal 0 -1 0
    outer loop
      vertex -39.15 -103.5 1.5
      vertex -34.762805450901205 -103.5 6.219246871320609
      vertex -34.90942613441137 -103.5 6.450284099588892
    endloop
  endfacet
  facet normal 0 -1 0
    outer loop
      vertex -39.15 -103.5 1.5
      vertex -34.90942613441137 -103.5 6.450284099588892
      vertex -35.025934027145986 -103.5 6.697875974676542
    endloop
  endfacet
  facet normal 0 -1 0
    outer loop
      vertex -39.15 -103.5 1.5
      vertex -34.5883842723814 -103.5 6.0084078849764335
      vertex -34.762805450901205 -103.5 6.219246871320609
    endloop
  endfacet
  facet normal 0 -1 0
    outer loop
      vertex -39.15 -103.5 1.5
      vertex -35.025934027145986 -103.5 6.697875974676542
      vertex -35.110491730038184 -103.5 6.95811782480921
    endloop
  endfacet
  facet normal 0 -1 0
    outer loop
      vertex -39.15 -103.5 1.5
      vertex -35.110491730038184 -103.5 6.95811782480921
      vertex -35.16176571760103 -103.5 7.226905480549358
    endloop
  endfacet
  facet normal 0 -1 0
    outer loop
      vertex -39.15 -103.5 1.5
      vertex -35.16176571760103 -103.5 7.226905480549358
      vertex -35.178947368421056 -103.5 7.5
    endloop
  endfacet
  facet normal 0 1 0
    outer loop
      vertex -39 -102 1.5
      vertex -34.67359767459885 -102 6.8373758051675795
      vertex -34.577352024078955 -102 6.632843386616912
    endloop
  endfacet
  facet normal 0 1 0
    outer loop
      vertex -39 -102 1.5
      vertex -34.74344969003154 -102 7.052358203103261
      vertex -34.67359767459885 -102 6.8373758051675795
    endloop
  endfacet
  facet normal 0 1 0
    outer loop
      vertex -39 -102 1.5
      vertex -34.78580646236606 -102 7.274400179584252
      vertex -34.74344969003154 -102 7.052358203103261
    endloop
  endfacet
  facet normal 0 1 0
    outer loop
      vertex -39 -102 1.5
      vertex -34.8 -102 7.5
      vertex -34.78580646236606 -102 7.274400179584252
    endloop
  endfacet
  facet normal 0 -1 0
    outer loop
      vertex -39.15 -103.5 1.5
      vertex -34.38891332503135 -103.5 5.821092197320119
      vertex -34.5883842723814 -103.5 6.0084078849764335
    endloop
  endfacet
  facet normal 0 -1 0
    outer loop
      vertex -39.15 -103.5 1.5
      vertex -34.167538384848974 -103.5 5.660253888642974
      vertex -34.38891332503135 -103.5 5.821092197320119
    endloop
  endfacet
  facet normal 0 1 0
    outer loop
      vertex -39 -102 1.5
      vertex -34.456230589874906 -102 6.441986545873548
      vertex -34.31214352935854 -102 6.267815209328361
    endloop
  endfacet
  facet normal 0 1 0
    outer loop
      vertex -39 -102 1.5
      vertex -34.577352024078955 -102 6.632843386616912
      vertex -34.456230589874906 -102 6.441986545873548
    endloop
  endfacet
  facet normal 0 1 0
    outer loop
      vertex -39 -102 1.5
      vertex -34.31214352935854 -102 6.267815209328361
      vertex -34.14736318154764 -102 6.113076163003579
    endloop
  endfacet
  facet normal 0 -1 0
    outer loop
      vertex -39.15 -103.5 1.5
      vertex -33.9277506668839 -103.5 5.5284294751529846
      vertex -34.167538384848974 -103.5 5.660253888642974
    endloop
  endfacet
  facet normal 0 1 0
    outer loop
      vertex -39 -102 1.5
      vertex -34.14736318154764 -102 6.113076163003579
      vertex -33.964488230962196 -102 5.980209734096373
    endloop
  endfacet
  facet normal 0 1 0
    outer loop
      vertex -39 -102 1.5
      vertex -33.766402724817134 -102 5.871311305561164
      vertex -33.55623058987491 -102 5.788098270668724
    endloop
  endfacet
  facet normal 0 1 0
    outer loop
      vertex -39 -102 1.5
      vertex -33.964488230962196 -102 5.980209734096373
      vertex -33.766402724817134 -102 5.871311305561164
    endloop
  endfacet
  facet normal 0 -1 0
    outer loop
      vertex -39.15 -103.5 1.5
      vertex -33.40829402230784 -103.5 5.359647779991169
      vertex -33.67333176669068 -103.5 5.427697906598977
    endloop
  endfacet
  facet normal 0 -1 0
    outer loop
      vertex -39.15 -103.5 1.5
      vertex -33.13681723729019 -103.5 5.32535228647734
      vertex -33.40829402230784 -103.5 5.359647779991169
    endloop
  endfacet
  facet normal 0 -1 0
    outer loop
      vertex -39.15 -103.5 1.5
      vertex -32.86318276270981 -103.5 5.32535228647734
      vertex -33.13681723729019 -103.5 5.32535228647734
    endloop
  endfacet
  facet normal 0 -1 0
    outer loop
      vertex -39.15 -103.5 1.5
      vertex -32.59170597769216 -103.5 5.359647779991169
      vertex -32.86318276270981 -103.5 5.32535228647734
    endloop
  endfacet
  facet normal 0 -1 0
    outer loop
      vertex -39.15 -103.5 1.5
      vertex -32.32666823330932 -103.5 5.427697906598977
      vertex -32.59170597769216 -103.5 5.359647779991169
    endloop
  endfacet
  facet normal 0 -1 0
    outer loop
      vertex -39.15 -103.5 1.5
      vertex -32.0722493331161 -103.5 5.5284294751529846
      vertex -32.32666823330932 -103.5 5.427697906598977
    endloop
  endfacet
  facet normal 0 1 0
    outer loop
      vertex -39 -102 1.5
      vertex -33.55623058987491 -102 5.788098270668724
      vertex -33.337286366254304 -102 5.7318829486883605
    endloop
  endfacet
  facet normal 0 1 0
    outer loop
      vertex -39 -102 1.5
      vertex -33.337286366254304 -102 5.7318829486883605
      vertex -33.11302293515276 -102 5.703551888829111
    endloop
  endfacet
  facet normal 0 -1 0
    outer loop
      vertex -39.15 -103.5 1.5
      vertex -31.832461615151026 -103.5 5.660253888642973
      vertex -32.0722493331161 -103.5 5.5284294751529846
    endloop
  endfacet
  facet normal -1 0 0
    outer loop
      vertex -40.5 -103.5 0
      vertex -40.5 -102 90
      vertex -40.5 -102 0
    endloop
  endfacet
  facet normal -1 0 0
    outer loop
      vertex -40.5 -103.5 0
      vertex -40.5 -103.5 1.5
      vertex -40.5 -102 90
    endloop
  endfacet
  facet normal 0 -1 0
    outer loop
      vertex -40.475 -103.5 1.5
      vertex -39.15 -103.5 1.5
      vertex -39 -103.5 90
    endloop
  endfacet
  facet normal 0 -1 0
    outer loop
      vertex -39.15 -103.5 1.5
      vertex -35.178947368421056 -103.5 7.5
      vertex -39 -103.5 90
    endloop
  endfacet
  facet normal 0 1 0
    outer loop
      vertex -39 -102 1.5
      vertex -39 -102 90
      vertex -34.8 -102 7.5
    endloop
  endfacet
  facet normal 0 -1 0
    outer loop
      vertex -34.5883842723814 -103.5 8.991592115023566
      vertex -34.762805450901205 -103.5 81.2192468713206
      vertex -34.762805450901205 -103.5 8.780753128679391
    endloop
  endfacet
  facet normal 0 1 0
    outer loop
      vertex -34.14736318154764 -102 8.88692383699642
      vertex -34.31214352935854 -102 8.732184790671639
      vertex -34.14736318154764 -102 81.11307616300358
    endloop
  endfacet
  facet normal 0 -1 0
    outer loop
      vertex -34.38891332503135 -103.5 9.17890780267988
      vertex -34.5883842723814 -103.5 81.00840788497644
      vertex -34.5883842723814 -103.5 8.991592115023566
    endloop
  endfacet
  facet normal 0 -1 0
    outer loop
      vertex -34.167538384848974 -103.5 9.339746111357025
      vertex -34.38891332503135 -103.5 80.82109219732013
      vertex -34.38891332503135 -103.5 9.17890780267988
    endloop
  endfacet
  facet normal 0 1 0
    outer loop
      vertex -33.964488230962196 -102 9.019790265903627
      vertex -34.14736318154764 -102 8.88692383699642
      vertex -33.964488230962196 -102 80.98020973409638
    endloop
  endfacet
  facet normal 0 1 0
    outer loop
      vertex -33.766402724817134 -102 9.128688694438836
      vertex -33.964488230962196 -102 9.019790265903627
      vertex -33.766402724817134 -102 80.87131130556116
    endloop
  endfacet
  facet normal 0 1 0
    outer loop
      vertex -33.55623058987491 -102 9.211901729331277
      vertex -33.766402724817134 -102 9.128688694438836
      vertex -33.55623058987491 -102 80.78809827066873
    endloop
  endfacet
  facet normal 0 -1 0
    outer loop
      vertex -33.9277506668839 -103.5 9.471570524847015
      vertex -34.167538384848974 -103.5 80.66025388864297
      vertex -34.167538384848974 -103.5 9.339746111357025
    endloop
  endfacet
  facet normal 0 -1 0
    outer loop
      vertex -33.67333176669068 -103.5 9.572302093401024
      vertex -33.9277506668839 -103.5 80.52842947515299
      vertex -33.9277506668839 -103.5 9.471570524847015
    endloop
  endfacet
  facet normal 0 -1 0
    outer loop
      vertex -33.40829402230784 -103.5 9.64035222000883
      vertex -33.67333176669068 -103.5 80.42769790659898
      vertex -33.67333176669068 -103.5 9.572302093401024
    endloop
  endfacet
  facet normal 0 -1 0
    outer loop
      vertex -33.13681723729019 -103.5 9.67464771352266
      vertex -33.40829402230784 -103.5 80.35964777999118
      vertex -33.40829402230784 -103.5 9.64035222000883
    endloop
  endfacet
  facet normal 0 1 0
    outer loop
      vertex -33.337286366254304 -102 9.26811705131164
      vertex -33.55623058987491 -102 9.211901729331277
      vertex -33.337286366254304 -102 80.73188294868837
    endloop
  endfacet
  facet normal 0 -1 0
    outer loop
      vertex -33.13681723729019 -103.5 9.67464771352266
      vertex -32.86318276270981 -103.5 9.67464771352266
      vertex -33.13681723729019 -103.5 80.32535228647734
    endloop
  endfacet
  facet normal 0 1 0
    outer loop
      vertex -33.11302293515276 -102 9.29644811117089
      vertex -33.337286366254304 -102 9.26811705131164
      vertex -33.11302293515276 -102 80.70355188882911
    endloop
  endfacet
  facet normal 0 -1 0
    outer loop
      vertex -32.86318276270981 -103.5 9.67464771352266
      vertex -32.59170597769216 -103.5 9.64035222000883
      vertex -32.86318276270981 -103.5 80.32535228647734
    endloop
  endfacet
  facet normal 0 -1 0
    outer loop
      vertex -32.59170597769216 -103.5 9.64035222000883
      vertex -32.32666823330932 -103.5 9.572302093401024
      vertex -32.59170597769216 -103.5 80.35964777999118
    endloop
  endfacet
  facet normal 0 -1 0
    outer loop
      vertex -39 -103.5 90
      vertex -35.178947368421056 -103.5 7.5
      vertex -35.16176571760103 -103.5 7.773094519450642
    endloop
  endfacet
  facet normal 0 1 0
    outer loop
      vertex -39 -102 90
      vertex -34.78580646236606 -102 7.725599820415748
      vertex -34.8 -102 7.5
    endloop
  endfacet
  facet normal 0 -1 0
    outer loop
      vertex -39 -103.5 90
      vertex -35.16176571760103 -103.5 7.773094519450642
      vertex -35.110491730038184 -103.5 8.041882175190791
    endloop
  endfacet
  facet normal 0 -1 0
    outer loop
      vertex -39 -103.5 90
      vertex -35.110491730038184 -103.5 8.041882175190791
      vertex -35.025934027145986 -103.5 8.302124025323458
    endloop
  endfacet
  facet normal 0 -1 0
    outer loop
      vertex -39 -103.5 90
      vertex -35.025934027145986 -103.5 8.302124025323458
      vertex -34.90942613441137 -103.5 8.549715900411108
    endloop
  endfacet
  facet normal 0 -1 0
    outer loop
      vertex -39 -103.5 90
      vertex -34.90942613441137 -103.5 8.549715900411108
      vertex -34.762805450901205 -103.5 8.780753128679391
    endloop
  endfacet
  facet normal 0 1 0
    outer loop
      vertex -39 -102 90
      vertex -34.74344969003154 -102 7.947641796896739
      vertex -34.78580646236606 -102 7.725599820415748
    endloop
  endfacet
  facet normal 0 1 0
    outer loop
      vertex -39 -102 90
      vertex -34.67359767459885 -102 8.16262419483242
      vertex -34.74344969003154 -102 7.947641796896739
    endloop
  endfacet
  facet normal 0 1 0
    outer loop
      vertex -39 -102 90
      vertex -34.577352024078955 -102 8.367156613383088
      vertex -34.67359767459885 -102 8.16262419483242
    endloop
  endfacet
  facet normal 0 1 0
    outer loop
      vertex -39 -102 90
      vertex -34.456230589874906 -102 8.558013454126451
      vertex -34.577352024078955 -102 8.367156613383088
    endloop
  endfacet
  facet normal 0 1 0
    outer loop
      vertex -39 -102 90
      vertex -34.31214352935854 -102 8.732184790671639
      vertex -34.456230589874906 -102 8.558013454126451
    endloop
  endfacet
  facet normal 0 -1 0
    outer loop
      vertex -40.5 -103.5 0
      vertex 40.5 -103.5 0
      vertex -39.15 -103.5 1.5
    endloop
  endfacet
  facet normal 0 -1 0
    outer loop
      vertex -39.15 -103.5 1.5
      vertex 31.411615727618607 -103.5 8.991592115023566
      vertex -31.832461615151026 -103.5 5.660253888642973
    endloop
  endfacet
  facet normal 0 1 0
    outer loop
      vertex -39 -102 1.5
      vertex -33.11302293515276 -102 5.703551888829111
      vertex 39 -102 1.5
    endloop
  endfacet
  facet normal 0 1 0
    outer loop
      vertex -31.852636818452357 -102 6.11307616300358
      vertex -31.68785647064146 -102 6.267815209328361
      vertex 31.85263681845236 -102 6.113076163003579
    endloop
  endfacet
  facet normal 0 1 0
    outer loop
      vertex -31.68785647064146 -102 6.267815209328361
      vertex -31.543769410125094 -102 6.441986545873548
      vertex 31.68785647064146 -102 6.267815209328361
    endloop
  endfacet
  facet normal 0 -1 0
    outer loop
      vertex -31.832461615151026 -103.5 5.660253888642973
      vertex 31.411615727618607 -103.5 8.991592115023566
      vertex -31.61108667496864 -103.5 5.8210921973201195
    endloop
  endfacet
  facet normal 0 -1 0
    outer loop
      vertex -31.61108667496864 -103.5 5.8210921973201195
      vertex 31.411615727618607 -103.5 8.991592115023566
      vertex -31.411615727618607 -103.5 6.0084078849764335
    endloop
  endfacet
  facet normal 0 1 0
    outer loop
      vertex -31.543769410125094 -102 6.441986545873548
      vertex -31.422647975921045 -102 6.632843386616912
      vertex 31.543769410125094 -102 6.441986545873548
    endloop
  endfacet
  facet normal 0 1 0
    outer loop
      vertex -31.422647975921045 -102 6.632843386616912
      vertex -31.326402325401148 -102 6.837375805167579
      vertex 31.422647975921045 -102 6.632843386616912
    endloop
  endfacet
  facet normal 0 1 0
    outer loop
      vertex -31.326402325401148 -102 6.837375805167579
      vertex -31.256550309968464 -102 7.052358203103262
      vertex 31.326402325401148 -102 6.8373758051675795
    endloop
  endfacet
  facet normal 0 -1 0
    outer loop
      vertex -31.411615727618607 -103.5 6.0084078849764335
      vertex 31.411615727618607 -103.5 8.991592115023566
      vertex -31.237194549098795 -103.5 6.219246871320609
    endloop
  endfacet
  facet normal 0 -1 0
    outer loop
      vertex -31.237194549098795 -103.5 6.219246871320609
      vertex 31.411615727618607 -103.5 8.991592115023566
      vertex -31.09057386558863 -103.5 6.450284099588892
    endloop
  endfacet
  facet normal 0 -1 0
    outer loop
      vertex -31.09057386558863 -103.5 6.450284099588892
      vertex 31.411615727618607 -103.5 8.991592115023566
      vertex -30.974065972854017 -103.5 6.697875974676541
    endloop
  endfacet
  facet normal 0 -1 0
    outer loop
      vertex -30.88950826996182 -103.5 6.958117824809211
      vertex -30.974065972854017 -103.5 6.697875974676541
      vertex 31.411615727618607 -103.5 8.991592115023566
    endloop
  endfacet
  facet normal 0 1 0
    outer loop
      vertex -31.256550309968464 -102 7.052358203103262
      vertex -31.21419353763394 -102 7.274400179584252
      vertex 31.256550309968464 -102 7.052358203103261
    endloop
  endfacet
  facet normal 0 1 0
    outer loop
      vertex -31.21419353763394 -102 7.274400179584252
      vertex -31.2 -102 7.5
      vertex 31.21419353763394 -102 7.274400179584252
    endloop
  endfacet
  facet normal 0 1 0
    outer loop
      vertex -31.2 -102 7.5
      vertex -31.21419353763394 -102 7.725599820415748
      vertex 31.2 -102 7.5
    endloop
  endfacet
  facet normal 0 1 0
    outer loop
      vertex -31.256550309968464 -102 7.947641796896739
      vertex -31.326402325401148 -102 8.16262419483242
      vertex 31.256550309968464 -102 7.947641796896739
    endloop
  endfacet
  facet normal 0 1 0
    outer loop
      vertex -31.326402325401148 -102 8.16262419483242
      vertex -31.422647975921045 -102 8.367156613383088
      vertex 31.326402325401148 -102 8.16262419483242
    endloop
  endfacet
  facet normal 0 1 0
    outer loop
      vertex -31.21419353763394 -102 7.725599820415748
      vertex -31.256550309968464 -102 7.947641796896739
      vertex 31.21419353763394 -102 7.725599820415748
    endloop
  endfacet
  facet normal 0 1 0
    outer loop
      vertex 39 -102 1.5
      vertex -33.11302293515276 -102 5.703551888829111
      vertex -32.88697706484724 -102 5.703551888829111
    endloop
  endfacet
  facet normal 0 1 0
    outer loop
      vertex 39 -102 1.5
      vertex -32.88697706484724 -102 5.703551888829111
      vertex -32.662713633745696 -102 5.7318829486883605
    endloop
  endfacet
  facet normal 0 1 0
    outer loop
      vertex 39 -102 1.5
      vertex -32.662713633745696 -102 5.7318829486883605
      vertex -32.44376941012509 -102 5.788098270668724
    endloop
  endfacet
  facet normal 0 1 0
    outer loop
      vertex 39 -102 1.5
      vertex -32.44376941012509 -102 5.788098270668724
      vertex -32.233597275182866 -102 5.871311305561164
    endloop
  endfacet
  facet normal 0 1 0
    outer loop
      vertex 39 -102 1.5
      vertex -32.233597275182866 -102 5.871311305561164
      vertex -32.035511769037804 -102 5.9802097340963725
    endloop
  endfacet
  facet normal 0 1 0
    outer loop
      vertex 39 -102 1.5
      vertex -32.035511769037804 -102 5.9802097340963725
      vertex -31.852636818452357 -102 6.11307616300358
    endloop
  endfacet
  facet normal 0 -1 0
    outer loop
      vertex -30.838234282398975 -103.5 7.226905480549358
      vertex -30.88950826996182 -103.5 6.958117824809211
      vertex 31.411615727618607 -103.5 8.991592115023566
    endloop
  endfacet
  facet normal 0 -1 0
    outer loop
      vertex -30.838234282398975 -103.5 7.226905480549358
      vertex 31.411615727618607 -103.5 8.991592115023566
      vertex -30.821052631578944 -103.5 7.5
    endloop
  endfacet
  facet normal 0 1 0
    outer loop
      vertex -32.88697706484724 -102 9.29644811117089
      vertex -33.11302293515276 -102 9.29644811117089
      vertex 31.21419353763394 -102 82.27440017958425
    endloop
  endfacet
  facet normal 0 1 0
    outer loop
      vertex -32.662713633745696 -102 9.26811705131164
      vertex -32.88697706484724 -102 9.29644811117089
      vertex 31.256550309968464 -102 82.05235820310327
    endloop
  endfacet
  facet normal 0 -1 0
    outer loop
      vertex -32.32666823330932 -103.5 9.572302093401024
      vertex -32.0722493331161 -103.5 9.471570524847015
      vertex 31.09057386558863 -103.5 81.45028409958888
    endloop
  endfacet
  facet normal 0 1 0
    outer loop
      vertex -32.44376941012509 -102 9.211901729331277
      vertex -32.662713633745696 -102 9.26811705131164
      vertex 31.326402325401148 -102 81.83737580516758
    endloop
  endfacet
  facet normal 0 -1 0
    outer loop
      vertex -31.832461615151026 -103.5 9.339746111357025
      vertex 31.237194549098795 -103.5 81.2192468713206
      vertex -32.0722493331161 -103.5 9.471570524847015
    endloop
  endfacet
  facet normal 0 1 0
    outer loop
      vertex -32.44376941012509 -102 9.211901729331277
      vertex 31.543769410125094 -102 81.44198654587355
      vertex -32.233597275182866 -102 9.128688694438836
    endloop
  endfacet
  facet normal 0 1 0
    outer loop
      vertex 31.543769410125094 -102 81.44198654587355
      vertex -32.035511769037804 -102 9.019790265903627
      vertex -32.233597275182866 -102 9.128688694438836
    endloop
  endfacet
  facet normal 0 1 0
    outer loop
      vertex -31.68785647064146 -102 8.73218479067164
      vertex -31.852636818452357 -102 8.88692383699642
      vertex 31.85263681845236 -102 81.11307616300358
    endloop
  endfacet
  facet normal 0 -1 0
    outer loop
      vertex 31.832461615151026 -103.5 80.66025388864297
      vertex -31.61108667496864 -103.5 9.17890780267988
      vertex -31.411615727618607 -103.5 8.991592115023566
    endloop
  endfacet
  facet normal 0 -1 0
    outer loop
      vertex 31.832461615151026 -103.5 80.66025388864297
      vertex -31.411615727618607 -103.5 8.991592115023566
      vertex -31.237194549098795 -103.5 8.780753128679391
    endloop
  endfacet
  facet normal 0 1 0
    outer loop
      vertex -31.422647975921045 -102 8.367156613383088
      vertex -31.543769410125094 -102 8.558013454126451
      vertex 32.233597275182866 -102 80.87131130556116
    endloop
  endfacet
  facet normal 0 1 0
    outer loop
      vertex -31.543769410125094 -102 8.558013454126451
      vertex -31.68785647064146 -102 8.73218479067164
      vertex 32.035511769037804 -102 80.98020973409638
    endloop
  endfacet
  facet normal 0 -1 0
    outer loop
      vertex 31.832461615151026 -103.5 80.66025388864297
      vertex -31.832461615151026 -103.5 9.339746111357025
      vertex -31.61108667496864 -103.5 9.17890780267988
    endloop
  endfacet
  facet normal 0 1 0
    outer loop
      vertex -31.852636818452357 -102 8.88692383699642
      vertex -32.035511769037804 -102 9.019790265903627
      vertex 31.68785647064146 -102 81.26781520932836
    endloop
  endfacet
  facet normal 0 -1 0
    outer loop
      vertex -30.821052631578944 -103.5 7.5
      vertex 33.13681723729019 -103.5 80.32535228647734
      vertex -30.838234282398975 -103.5 7.773094519450643
    endloop
  endfacet
  facet normal 0 -1 0
    outer loop
      vertex -30.88950826996182 -103.5 8.041882175190791
      vertex 32.59170597769216 -103.5 80.35964777999118
      vertex -30.974065972854017 -103.5 8.302124025323458
    endloop
  endfacet
  facet normal 0 -1 0
    outer loop
      vertex -30.838234282398975 -103.5 7.773094519450643
      vertex 32.86318276270981 -103.5 80.32535228647734
      vertex -30.88950826996182 -103.5 8.041882175190791
    endloop
  endfacet
  facet normal 0 -1 0
    outer loop
      vertex -31.237194549098795 -103.5 8.780753128679391
      vertex -31.09057386558863 -103.5 8.549715900411108
      vertex 32.0722493331161 -103.5 80.52842947515299
    endloop
  endfacet
  facet normal 0 -1 0
    outer loop
      vertex -31.09057386558863 -103.5 8.549715900411108
      vertex -30.974065972854017 -103.5 8.302124025323458
      vertex 32.32666823330932 -103.5 80.42769790659898
    endloop
  endfacet
  facet normal -1 0 0
    outer loop
      vertex -40.5 -103.5 1.5
      vertex -40.5 -103.5 90
      vertex -40.5 -102 90
    endloop
  endfacet
  facet normal 0 -1 0
    outer loop
      vertex -39 -103.5 90
      vertex -34.762805450901205 -103.5 8.780753128679391
      vertex -34.90942613441137 -103.5 81.45028409958888
    endloop
  endfacet
  facet normal 0 1 0
    outer loop
      vertex -39 -102 90
      vertex -34.8 -102 82.5
      vertex -34.31214352935854 -102 8.732184790671639
    endloop
  endfacet
  facet normal 0 -1 0
    outer loop
      vertex -34.762805450901205 -103.5 8.780753128679391
      vertex -34.762805450901205 -103.5 81.2192468713206
      vertex -34.90942613441137 -103.5 81.45028409958888
    endloop
  endfacet
  facet normal 0 -1 0
    outer loop
      vertex -34.167538384848974 -103.5 9.339746111357025
      vertex -34.167538384848974 -103.5 80.66025388864297
      vertex -34.38891332503135 -103.5 80.82109219732013
    endloop
  endfacet
  facet normal 0 -1 0
    outer loop
      vertex -34.5883842723814 -103.5 8.991592115023566
      vertex -34.5883842723814 -103.5 81.00840788497644
      vertex -34.762805450901205 -103.5 81.2192468713206
    endloop
  endfacet
  facet normal 0 1 0
    outer loop
      vertex -34.31214352935854 -102 8.732184790671639
      vertex -34.67359767459885 -102 81.83737580516758
      vertex -34.577352024078955 -102 81.63284338661691
    endloop
  endfacet
  facet normal 0 1 0
    outer loop
      vertex -34.31214352935854 -102 8.732184790671639
      vertex -34.74344969003154 -102 82.05235820310327
      vertex -34.67359767459885 -102 81.83737580516758
    endloop
  endfacet
  facet normal 0 -1 0
    outer loop
      vertex -34.38891332503135 -103.5 9.17890780267988
      vertex -34.38891332503135 -103.5 80.82109219732013
      vertex -34.5883842723814 -103.5 81.00840788497644
    endloop
  endfacet
  facet normal 0 1 0
    outer loop
      vertex -34.31214352935854 -102 8.732184790671639
      vertex -34.577352024078955 -102 81.63284338661691
      vertex -34.456230589874906 -102 81.44198654587355
    endloop
  endfacet
  facet normal 0 1 0
    outer loop
      vertex -34.31214352935854 -102 8.732184790671639
      vertex -34.456230589874906 -102 81.44198654587355
      vertex -34.31214352935854 -102 81.26781520932836
    endloop
  endfacet
  facet normal 0 1 0
    outer loop
      vertex -34.31214352935854 -102 81.26781520932836
      vertex -34.14736318154764 -102 81.11307616300358
      vertex -34.31214352935854 -102 8.732184790671639
    endloop
  endfacet
  facet normal 0 1 0
    outer loop
      vertex -34.31214352935854 -102 8.732184790671639
      vertex -34.78580646236606 -102 82.27440017958425
      vertex -34.74344969003154 -102 82.05235820310327
    endloop
  endfacet
  facet normal 0 1 0
    outer loop
      vertex -34.31214352935854 -102 8.732184790671639
      vertex -34.8 -102 82.5
      vertex -34.78580646236606 -102 82.27440017958425
    endloop
  endfacet
  facet normal 0 -1 0
    outer loop
      vertex -33.9277506668839 -103.5 9.471570524847015
      vertex -33.9277506668839 -103.5 80.52842947515299
      vertex -34.167538384848974 -103.5 80.66025388864297
    endloop
  endfacet
  facet normal 0 -1 0
    outer loop
      vertex -33.67333176669068 -103.5 9.572302093401024
      vertex -33.67333176669068 -103.5 80.42769790659898
      vertex -33.9277506668839 -103.5 80.52842947515299
    endloop
  endfacet
  facet normal 0 1 0
    outer loop
      vertex -33.766402724817134 -102 80.87131130556116
      vertex -33.55623058987491 -102 80.78809827066873
      vertex -33.766402724817134 -102 9.128688694438836
    endloop
  endfacet
  facet normal 0 1 0
    outer loop
      vertex -34.14736318154764 -102 81.11307616300358
      vertex -33.964488230962196 -102 80.98020973409638
      vertex -34.14736318154764 -102 8.88692383699642
    endloop
  endfacet
  facet normal 0 1 0
    outer loop
      vertex -33.964488230962196 -102 80.98020973409638
      vertex -33.766402724817134 -102 80.87131130556116
      vertex -33.964488230962196 -102 9.019790265903627
    endloop
  endfacet
  facet normal 0 -1 0
    outer loop
      vertex -33.40829402230784 -103.5 9.64035222000883
      vertex -33.40829402230784 -103.5 80.35964777999118
      vertex -33.67333176669068 -103.5 80.42769790659898
    endloop
  endfacet
  facet normal 0 -1 0
    outer loop
      vertex -33.13681723729019 -103.5 9.67464771352266
      vertex -33.13681723729019 -103.5 80.32535228647734
      vertex -33.40829402230784 -103.5 80.35964777999118
    endloop
  endfacet
  facet normal 0 1 0
    outer loop
      vertex -33.55623058987491 -102 80.78809827066873
      vertex -33.337286366254304 -102 80.73188294868837
      vertex -33.55623058987491 -102 9.211901729331277
    endloop
  endfacet
  facet normal 0 1 0
    outer loop
      vertex -33.337286366254304 -102 80.73188294868837
      vertex -33.11302293515276 -102 80.70355188882911
      vertex -33.337286366254304 -102 9.26811705131164
    endloop
  endfacet
  facet normal 0 -1 0
    outer loop
      vertex -32.86318276270981 -103.5 9.67464771352266
      vertex -32.86318276270981 -103.5 80.32535228647734
      vertex -33.13681723729019 -103.5 80.32535228647734
    endloop
  endfacet
  facet normal 0 1 0
    outer loop
      vertex -33.11302293515276 -102 9.29644811117089
      vertex -33.11302293515276 -102 80.70355188882911
      vertex -32.88697706484724 -102 80.70355188882911
    endloop
  endfacet
  facet normal 0 -1 0
    outer loop
      vertex -32.59170597769216 -103.5 9.64035222000883
      vertex -32.59170597769216 -103.5 80.35964777999118
      vertex -32.86318276270981 -103.5 80.32535228647734
    endloop
  endfacet
  facet normal 0 1 0
    outer loop
      vertex -33.11302293515276 -102 9.29644811117089
      vertex -32.88697706484724 -102 80.70355188882911
      vertex -32.662713633745696 -102 80.73188294868837
    endloop
  endfacet
  facet normal 0 1 0
    outer loop
      vertex -33.11302293515276 -102 9.29644811117089
      vertex -32.662713633745696 -102 80.73188294868837
      vertex -32.44376941012509 -102 80.78809827066873
    endloop
  endfacet
  facet normal 0 -1 0
    outer loop
      vertex -32.32666823330932 -103.5 9.572302093401024
      vertex -32.32666823330932 -103.5 80.42769790659898
      vertex -32.59170597769216 -103.5 80.35964777999118
    endloop
  endfacet
  facet normal 0 1 0
    outer loop
      vertex -33.11302293515276 -102 9.29644811117089
      vertex -32.44376941012509 -102 80.78809827066873
      vertex -32.233597275182866 -102 80.87131130556116
    endloop
  endfacet
  facet normal 0 1 0
    outer loop
      vertex -33.11302293515276 -102 9.29644811117089
      vertex -32.233597275182866 -102 80.87131130556116
      vertex -32.035511769037804 -102 80.98020973409638
    endloop
  endfacet
  facet normal 0 1 0
    outer loop
      vertex -33.11302293515276 -102 9.29644811117089
      vertex -32.035511769037804 -102 80.98020973409638
      vertex -31.852636818452357 -102 81.11307616300358
    endloop
  endfacet
  facet normal 0 1 0
    outer loop
      vertex -33.11302293515276 -102 9.29644811117089
      vertex -31.852636818452357 -102 81.11307616300358
      vertex -31.68785647064146 -102 81.26781520932836
    endloop
  endfacet
  facet normal 0 0 1
    outer loop
      vertex -40.5 -103.5 90
      vertex -39 -103.5 90
      vertex -40.5 -102 90
    endloop
  endfacet
  facet normal 0 -1 0
    outer loop
      vertex -39 -103.5 90
      vertex -35.110491730038184 -103.5 81.95811782480922
      vertex -35.16176571760103 -103.5 82.22690548054935
    endloop
  endfacet
  facet normal 0 -1 0
    outer loop
      vertex -39 -103.5 90
      vertex -35.16176571760103 -103.5 82.22690548054935
      vertex -35.178947368421056 -103.5 82.5
    endloop
  endfacet
  facet normal 0 -1 0
    outer loop
      vertex -39 -103.5 90
      vertex -34.90942613441137 -103.5 81.45028409958888
      vertex -35.025934027145986 -103.5 81.69787597467655
    endloop
  endfacet
  facet normal 0 -1 0
    outer loop
      vertex -39 -103.5 90
      vertex -35.025934027145986 -103.5 81.69787597467655
      vertex -35.110491730038184 -103.5 81.95811782480922
    endloop
  endfacet
  facet normal 0 1 0
    outer loop
      vertex -39 -102 90
      vertex -34.78580646236606 -102 82.72559982041575
      vertex -34.8 -102 82.5
    endloop
  endfacet
  facet normal 0 -1 0
    outer loop
      vertex -39 -103.5 90
      vertex -35.178947368421056 -103.5 82.5
      vertex -35.16176571760103 -103.5 82.77309451945065
    endloop
  endfacet
  facet normal 0 -1 0
    outer loop
      vertex -39 -103.5 90
      vertex -35.16176571760103 -103.5 82.77309451945065
      vertex -35.110491730038184 -103.5 83.04188217519078
    endloop
  endfacet
  facet normal 0 -1 0
    outer loop
      vertex -39 -103.5 90
      vertex -35.110491730038184 -103.5 83.04188217519078
      vertex -35.025934027145986 -103.5 83.30212402532345
    endloop
  endfacet
  facet normal 0 -1 0
    outer loop
      vertex -39 -103.5 90
      vertex -35.025934027145986 -103.5 83.30212402532345
      vertex -34.90942613441137 -103.5 83.54971590041112
    endloop
  endfacet
  facet normal 0 -1 0
    outer loop
      vertex -39 -103.5 90
      vertex -34.90942613441137 -103.5 83.54971590041112
      vertex -34.762805450901205 -103.5 83.7807531286794
    endloop
  endfacet
  facet normal 0 1 0
    outer loop
      vertex -39 -102 90
      vertex -34.74344969003154 -102 82.94764179689673
      vertex -34.78580646236606 -102 82.72559982041575
    endloop
  endfacet
  facet normal 0 1 0
    outer loop
      vertex -39 -102 90
      vertex -34.67359767459885 -102 83.16262419483242
      vertex -34.74344969003154 -102 82.94764179689673
    endloop
  endfacet
  facet normal 0 1 0
    outer loop
      vertex -39 -102 90
      vertex -34.577352024078955 -102 83.36715661338309
      vertex -34.67359767459885 -102 83.16262419483242
    endloop
  endfacet
  facet normal 0 1 0
    outer loop
      vertex -39 -102 90
      vertex -34.456230589874906 -102 83.55801345412645
      vertex -34.577352024078955 -102 83.36715661338309
    endloop
  endfacet
  facet normal 0 1 0
    outer loop
      vertex -39 -102 90
      vertex -34.31214352935854 -102 83.73218479067164
      vertex -34.456230589874906 -102 83.55801345412645
    endloop
  endfacet
  facet normal 0 -1 0
    outer loop
      vertex -39 -103.5 90
      vertex -34.762805450901205 -103.5 83.7807531286794
      vertex -34.5883842723814 -103.5 83.99159211502356
    endloop
  endfacet
  facet normal 0 -1 0
    outer loop
      vertex -39 -103.5 90
      vertex -34.5883842723814 -103.5 83.99159211502356
      vertex -34.38891332503135 -103.5 84.17890780267987
    endloop
  endfacet
  facet normal 0 -1 0
    outer loop
      vertex -39 -103.5 90
      vertex -34.38891332503135 -103.5 84.17890780267987
      vertex -34.167538384848974 -103.5 84.33974611135703
    endloop
  endfacet
  facet normal 0 1 0
    outer loop
      vertex -39 -102 90
      vertex -34.14736318154764 -102 83.88692383699642
      vertex -34.31214352935854 -102 83.73218479067164
    endloop
  endfacet
  facet normal 0 -1 0
    outer loop
      vertex -39 -103.5 90
      vertex -34.167538384848974 -103.5 84.33974611135703
      vertex -33.9277506668839 -103.5 84.47157052484701
    endloop
  endfacet
  facet normal 0 -1 0
    outer loop
      vertex -39 -103.5 90
      vertex -33.9277506668839 -103.5 84.47157052484701
      vertex -33.67333176669068 -103.5 84.57230209340102
    endloop
  endfacet
  facet normal 0 1 0
    outer loop
      vertex -39 -102 90
      vertex -33.964488230962196 -102 84.01979026590362
      vertex -34.14736318154764 -102 83.88692383699642
    endloop
  endfacet
  facet normal 0 1 0
    outer loop
      vertex -39 -102 90
      vertex -33.766402724817134 -102 84.12868869443884
      vertex -33.964488230962196 -102 84.01979026590362
    endloop
  endfacet
  facet normal 0 1 0
    outer loop
      vertex -39 -102 90
      vertex -33.55623058987491 -102 84.21190172933127
      vertex -33.766402724817134 -102 84.12868869443884
    endloop
  endfacet
  facet normal 0 -1 0
    outer loop
      vertex -39 -103.5 90
      vertex -33.67333176669068 -103.5 84.57230209340102
      vertex -33.40829402230784 -103.5 84.64035222000882
    endloop
  endfacet
  facet normal 0 -1 0
    outer loop
      vertex -39 -103.5 90
      vertex -33.40829402230784 -103.5 84.64035222000882
      vertex -33.13681723729019 -103.5 84.67464771352266
    endloop
  endfacet
  facet normal 0 1 0
    outer loop
      vertex -39 -102 90
      vertex -33.337286366254304 -102 84.26811705131163
      vertex -33.55623058987491 -102 84.21190172933127
    endloop
  endfacet
  facet normal 0 1 0
    outer loop
      vertex -39 -102 90
      vertex -33.11302293515276 -102 84.29644811117089
      vertex -33.337286366254304 -102 84.26811705131163
    endloop
  endfacet
  facet normal 0 -1 0
    outer loop
      vertex -39 -103.5 90
      vertex -33.13681723729019 -103.5 84.67464771352266
      vertex -32.86318276270981 -103.5 84.67464771352266
    endloop
  endfacet
  facet normal 0 -1 0
    outer loop
      vertex -39 -103.5 90
      vertex -32.86318276270981 -103.5 84.67464771352266
      vertex -32.59170597769216 -103.5 84.64035222000882
    endloop
  endfacet
  facet normal 0 1 0
    outer loop
      vertex -39 -102 90
      vertex -32.88697706484724 -102 84.29644811117089
      vertex -33.11302293515276 -102 84.29644811117089
    endloop
  endfacet
  facet normal 0 -1 0
    outer loop
      vertex -39 -103.5 90
      vertex -32.59170597769216 -103.5 84.64035222000882
      vertex -32.32666823330932 -103.5 84.57230209340102
    endloop
  endfacet
  facet normal 0 -1 0
    outer loop
      vertex -39 -103.5 90
      vertex -32.32666823330932 -103.5 84.57230209340102
      vertex -32.0722493331161 -103.5 84.47157052484701
    endloop
  endfacet
  facet normal 0 -1 0
    outer loop
      vertex -39 -103.5 90
      vertex -32.0722493331161 -103.5 84.47157052484701
      vertex -31.832461615151026 -103.5 84.33974611135703
    endloop
  endfacet
  facet normal 0 -1 0
    outer loop
      vertex -39 -103.5 90
      vertex -31.832461615151026 -103.5 84.33974611135703
      vertex -31.61108667496864 -103.5 84.17890780267987
    endloop
  endfacet
  facet normal 0 -1 0
    outer loop
      vertex -32.32666823330932 -103.5 9.572302093401024
      vertex 31.09057386558863 -103.5 81.45028409958888
      vertex -32.32666823330932 -103.5 80.42769790659898
    endloop
  endfacet
  facet normal 0 1 0
    outer loop
      vertex -33.11302293515276 -102 9.29644811117089
      vertex -31.68785647064146 -102 81.26781520932836
      vertex 31.2 -102 82.5
    endloop
  endfacet
  facet normal 0 -1 0
    outer loop
      vertex -32.32666823330932 -103.5 80.42769790659898
      vertex 31.09057386558863 -103.5 81.45028409958888
      vertex -32.0722493331161 -103.5 80.52842947515299
    endloop
  endfacet
  facet normal 0 -1 0
    outer loop
      vertex -32.0722493331161 -103.5 80.52842947515299
      vertex 31.09057386558863 -103.5 81.45028409958888
      vertex -31.832461615151026 -103.5 80.66025388864297
    endloop
  endfacet
  facet normal 0 -1 0
    outer loop
      vertex -31.832461615151026 -103.5 80.66025388864297
      vertex 31.09057386558863 -103.5 81.45028409958888
      vertex -31.61108667496864 -103.5 80.82109219732013
    endloop
  endfacet
  facet normal 0 -1 0
    outer loop
      vertex -31.61108667496864 -103.5 80.82109219732013
      vertex 31.09057386558863 -103.5 81.45028409958888
      vertex -31.411615727618607 -103.5 81.00840788497644
    endloop
  endfacet
  facet normal 0 -1 0
    outer loop
      vertex -31.411615727618607 -103.5 81.00840788497644
      vertex 31.09057386558863 -103.5 81.45028409958888
      vertex -31.237194549098795 -103.5 81.2192468713206
    endloop
  endfacet
  facet normal 0 -1 0
    outer loop
      vertex -31.237194549098795 -103.5 81.2192468713206
      vertex 31.09057386558863 -103.5 81.45028409958888
      vertex -31.09057386558863 -103.5 81.45028409958888
    endloop
  endfacet
  facet normal 0 -1 0
    outer loop
      vertex -31.09057386558863 -103.5 81.45028409958888
      vertex 30.974065972854017 -103.5 81.69787597467655
      vertex -30.974065972854017 -103.5 81.69787597467655
    endloop
  endfacet
  facet normal 0 -1 0
    outer loop
      vertex -30.88950826996182 -103.5 81.95811782480922
      vertex -30.974065972854017 -103.5 81.69787597467655
      vertex 30.88950826996182 -103.5 81.95811782480922
    endloop
  endfacet
  facet normal 0 -1 0
    outer loop
      vertex -30.838234282398975 -103.5 82.22690548054935
      vertex -30.88950826996182 -103.5 81.95811782480922
      vertex 30.838234282398975 -103.5 82.22690548054935
    endloop
  endfacet
  facet normal 0 -1 0
    outer loop
      vertex -30.838234282398975 -103.5 82.22690548054935
      vertex 30.821052631578944 -103.5 82.5
      vertex -30.821052631578944 -103.5 82.5
    endloop
  endfacet
  facet normal 0 -1 0
    outer loop
      vertex -30.821052631578944 -103.5 82.5
      vertex 30.838234282398975 -103.5 82.77309451945065
      vertex -30.838234282398975 -103.5 82.77309451945065
    endloop
  endfacet
  facet normal 0 -1 0
    outer loop
      vertex -30.838234282398975 -103.5 82.77309451945065
      vertex 30.88950826996182 -103.5 83.04188217519078
      vertex -30.88950826996182 -103.5 83.04188217519078
    endloop
  endfacet
  facet normal 0 -1 0
    outer loop
      vertex -30.88950826996182 -103.5 83.04188217519078
      vertex 30.974065972854017 -103.5 83.30212402532345
      vertex -30.974065972854017 -103.5 83.30212402532345
    endloop
  endfacet
  facet normal 0 -1 0
    outer loop
      vertex -31.09057386558863 -103.5 83.54971590041112
      vertex -30.974065972854017 -103.5 83.30212402532345
      vertex 31.09057386558863 -103.5 83.54971590041112
    endloop
  endfacet
  facet normal 0 -1 0
    outer loop
      vertex -31.61108667496864 -103.5 84.17890780267987
      vertex -31.411615727618607 -103.5 83.99159211502356
      vertex 31.411615727618607 -103.5 83.99159211502356
    endloop
  endfacet
  facet normal 0 -1 0
    outer loop
      vertex -31.237194549098795 -103.5 83.7807531286794
      vertex -31.09057386558863 -103.5 83.54971590041112
      vertex 31.237194549098795 -103.5 83.7807531286794
    endloop
  endfacet
  facet normal 0 -1 0
    outer loop
      vertex -31.411615727618607 -103.5 83.99159211502356
      vertex -31.237194549098795 -103.5 83.7807531286794
      vertex 31.411615727618607 -103.5 83.99159211502356
    endloop
  endfacet
  facet normal 0 -1 0
    outer loop
      vertex -39 -103.5 90
      vertex -31.61108667496864 -103.5 84.17890780267987
      vertex 31.411615727618607 -103.5 83.99159211502356
    endloop
  endfacet
  facet normal 0 0 1
    outer loop
      vertex -40.5 -102 90
      vertex -39 -103.5 90
      vertex 40.5 -103.5 90
    endloop
  endfacet
  facet normal 0 0 1
    outer loop
      vertex -40.5 -102 90
      vertex 40.5 -103.5 90
      vertex -39 -102 90
    endloop
  endfacet
  facet normal 0 1 0
    outer loop
      vertex -39 -102 90
      vertex 39 -102 90
      vertex -32.88697706484724 -102 84.29644811117089
    endloop
  endfacet
  facet normal 0 1 0
    outer loop
      vertex 39 -102 90
      vertex -31.68785647064146 -102 81.26781520932836
      vertex -31.543769410125094 -102 81.44198654587355
    endloop
  endfacet
  facet normal 0 1 0
    outer loop
      vertex 39 -102 90
      vertex -31.543769410125094 -102 81.44198654587355
      vertex -31.422647975921045 -102 81.63284338661691
    endloop
  endfacet
  facet normal 0 1 0
    outer loop
      vertex 39 -102 90
      vertex -31.422647975921045 -102 81.63284338661691
      vertex -31.326402325401148 -102 81.83737580516758
    endloop
  endfacet
  facet normal 0 1 0
    outer loop
      vertex 39 -102 90
      vertex -31.326402325401148 -102 81.83737580516758
      vertex -31.256550309968464 -102 82.05235820310327
    endloop
  endfacet
  facet normal 0 1 0
    outer loop
      vertex 39 -102 90
      vertex -31.256550309968464 -102 82.05235820310327
      vertex -31.21419353763394 -102 82.27440017958425
    endloop
  endfacet
  facet normal 0 1 0
    outer loop
      vertex 39 -102 90
      vertex -31.21419353763394 -102 82.27440017958425
      vertex -31.2 -102 82.5
    endloop
  endfacet
  facet normal 0 1 0
    outer loop
      vertex 39 -102 90
      vertex -31.2 -102 82.5
      vertex -31.21419353763394 -102 82.72559982041575
    endloop
  endfacet
  facet normal 0 1 0
    outer loop
      vertex 39 -102 90
      vertex -31.543769410125094 -102 83.55801345412645
      vertex -31.68785647064146 -102 83.73218479067164
    endloop
  endfacet
  facet normal 0 1 0
    outer loop
      vertex 39 -102 90
      vertex -31.326402325401148 -102 83.16262419483242
      vertex -31.422647975921045 -102 83.36715661338309
    endloop
  endfacet
  facet normal 0 1 0
    outer loop
      vertex 39 -102 90
      vertex -31.422647975921045 -102 83.36715661338309
      vertex -31.543769410125094 -102 83.55801345412645
    endloop
  endfacet
  facet normal 0 1 0
    outer loop
      vertex 39 -102 90
      vertex -31.21419353763394 -102 82.72559982041575
      vertex -31.256550309968464 -102 82.94764179689673
    endloop
  endfacet
  facet normal 0 1 0
    outer loop
      vertex 39 -102 90
      vertex -31.256550309968464 -102 82.94764179689673
      vertex -31.326402325401148 -102 83.16262419483242
    endloop
  endfacet
  facet normal 0 1 0
    outer loop
      vertex 39 -102 90
      vertex -32.233597275182866 -102 84.12868869443884
      vertex -32.44376941012509 -102 84.21190172933127
    endloop
  endfacet
  facet normal 0 1 0
    outer loop
      vertex 39 -102 90
      vertex -32.662713633745696 -102 84.26811705131163
      vertex -32.88697706484724 -102 84.29644811117089
    endloop
  endfacet
  facet normal 0 1 0
    outer loop
      vertex 39 -102 90
      vertex -32.44376941012509 -102 84.21190172933127
      vertex -32.662713633745696 -102 84.26811705131163
    endloop
  endfacet
  facet normal 0 1 0
    outer loop
      vertex 39 -102 90
      vertex -32.035511769037804 -102 84.01979026590362
      vertex -32.233597275182866 -102 84.12868869443884
    endloop
  endfacet
  facet normal 0 1 0
    outer loop
      vertex 39 -102 90
      vertex -31.852636818452357 -102 83.88692383699642
      vertex -32.035511769037804 -102 84.01979026590362
    endloop
  endfacet
  facet normal 0 1 0
    outer loop
      vertex 39 -102 90
      vertex -31.68785647064146 -102 83.73218479067164
      vertex -31.852636818452357 -102 83.88692383699642
    endloop
  endfacet
  facet normal 0 -1 0
    outer loop
      vertex -39.15 -103.5 1.5
      vertex 30.974065972854017 -103.5 6.697875974676542
      vertex 30.88950826996182 -103.5 6.95811782480921
    endloop
  endfacet
  facet normal 0 -1 0
    outer loop
      vertex -39.15 -103.5 1.5
      vertex 30.88950826996182 -103.5 6.95811782480921
      vertex 30.838234282398975 -103.5 7.226905480549358
    endloop
  endfacet
  facet normal 0 -1 0
    outer loop
      vertex -39.15 -103.5 1.5
      vertex 30.838234282398975 -103.5 7.226905480549358
      vertex 30.821052631578944 -103.5 7.5
    endloop
  endfacet
  facet normal 0 -1 0
    outer loop
      vertex -39.15 -103.5 1.5
      vertex 30.821052631578944 -103.5 7.5
      vertex 30.838234282398975 -103.5 7.773094519450642
    endloop
  endfacet
  facet normal 0 -1 0
    outer loop
      vertex -39.15 -103.5 1.5
      vertex 32.32666823330932 -103.5 5.427697906598977
      vertex 32.0722493331161 -103.5 5.5284294751529846
    endloop
  endfacet
  facet normal 0 -1 0
    outer loop
      vertex -39.15 -103.5 1.5
      vertex 32.59170597769216 -103.5 5.359647779991169
      vertex 32.32666823330932 -103.5 5.427697906598977
    endloop
  endfacet
  facet normal 0 -1 0
    outer loop
      vertex -39.15 -103.5 1.5
      vertex 32.86318276270981 -103.5 5.32535228647734
      vertex 32.59170597769216 -103.5 5.359647779991169
    endloop
  endfacet
  facet normal 0 -1 0
    outer loop
      vertex -39.15 -103.5 1.5
      vertex 31.237194549098795 -103.5 6.219246871320609
      vertex 31.09057386558863 -103.5 6.450284099588892
    endloop
  endfacet
  facet normal 0 -1 0
    outer loop
      vertex -39.15 -103.5 1.5
      vertex 31.09057386558863 -103.5 6.450284099588892
      vertex 30.974065972854017 -103.5 6.697875974676542
    endloop
  endfacet
  facet normal 0 -1 0
    outer loop
      vertex -39.15 -103.5 1.5
      vertex 31.411615727618607 -103.5 6.0084078849764335
      vertex 31.237194549098795 -103.5 6.219246871320609
    endloop
  endfacet
  facet normal 0 -1 0
    outer loop
      vertex -39.15 -103.5 1.5
      vertex 31.611086674968643 -103.5 5.821092197320119
      vertex 31.411615727618607 -103.5 6.0084078849764335
    endloop
  endfacet
  facet normal 0 -1 0
    outer loop
      vertex -39.15 -103.5 1.5
      vertex 31.832461615151026 -103.5 5.660253888642974
      vertex 31.611086674968643 -103.5 5.821092197320119
    endloop
  endfacet
  facet normal 0 -1 0
    outer loop
      vertex -39.15 -103.5 1.5
      vertex 32.0722493331161 -103.5 5.5284294751529846
      vertex 31.832461615151026 -103.5 5.660253888642974
    endloop
  endfacet
  facet normal 0 -1 0
    outer loop
      vertex -39.15 -103.5 1.5
      vertex 33.13681723729019 -103.5 5.32535228647734
      vertex 32.86318276270981 -103.5 5.32535228647734
    endloop
  endfacet
  facet normal 0 -1 0
    outer loop
      vertex -39.15 -103.5 1.5
      vertex 30.838234282398975 -103.5 7.773094519450642
      vertex 30.88950826996182 -103.5 8.041882175190791
    endloop
  endfacet
  facet normal 0 -1 0
    outer loop
      vertex -39.15 -103.5 1.5
      vertex 30.88950826996182 -103.5 8.041882175190791
      vertex 30.974065972854017 -103.5 8.302124025323458
    endloop
  endfacet
  facet normal 0 -1 0
    outer loop
      vertex -39.15 -103.5 1.5
      vertex 30.974065972854017 -103.5 8.302124025323458
      vertex 31.09057386558863 -103.5 8.549715900411108
    endloop
  endfacet
  facet normal 0 -1 0
    outer loop
      vertex -39.15 -103.5 1.5
      vertex 31.09057386558863 -103.5 8.549715900411108
      vertex 31.237194549098795 -103.5 8.780753128679391
    endloop
  endfacet
  facet normal 0 -1 0
    outer loop
      vertex -39.15 -103.5 1.5
      vertex 31.237194549098795 -103.5 8.780753128679391
      vertex 31.411615727618607 -103.5 8.991592115023566
    endloop
  endfacet
  facet normal 0 -1 0
    outer loop
      vertex -39.15 -103.5 1.5
      vertex 40.5 -103.5 0
      vertex 33.13681723729019 -103.5 5.32535228647734
    endloop
  endfacet
  facet normal 0 1 0
    outer loop
      vertex 39 -102 1.5
      vertex -31.852636818452357 -102 6.11307616300358
      vertex 32.035511769037804 -102 5.980209734096373
    endloop
  endfacet
  facet normal 0 1 0
    outer loop
      vertex -31.852636818452357 -102 6.11307616300358
      vertex 31.85263681845236 -102 6.113076163003579
      vertex 32.035511769037804 -102 5.980209734096373
    endloop
  endfacet
  facet normal 0 1 0
    outer loop
      vertex -31.68785647064146 -102 6.267815209328361
      vertex 31.68785647064146 -102 6.267815209328361
      vertex 31.85263681845236 -102 6.113076163003579
    endloop
  endfacet
  facet normal 0 1 0
    outer loop
      vertex -31.543769410125094 -102 6.441986545873548
      vertex 31.543769410125094 -102 6.441986545873548
      vertex 31.68785647064146 -102 6.267815209328361
    endloop
  endfacet
  facet normal 0 1 0
    outer loop
      vertex -31.422647975921045 -102 6.632843386616912
      vertex 31.422647975921045 -102 6.632843386616912
      vertex 31.543769410125094 -102 6.441986545873548
    endloop
  endfacet
  facet normal 0 1 0
    outer loop
      vertex -31.326402325401148 -102 6.837375805167579
      vertex 31.326402325401148 -102 6.8373758051675795
      vertex 31.422647975921045 -102 6.632843386616912
    endloop
  endfacet
  facet normal 0 1 0
    outer loop
      vertex -31.256550309968464 -102 7.052358203103262
      vertex 31.256550309968464 -102 7.052358203103261
      vertex 31.326402325401148 -102 6.8373758051675795
    endloop
  endfacet
  facet normal 0 1 0
    outer loop
      vertex -31.21419353763394 -102 7.274400179584252
      vertex 31.21419353763394 -102 7.274400179584252
      vertex 31.256550309968464 -102 7.052358203103261
    endloop
  endfacet
  facet normal 0 1 0
    outer loop
      vertex -31.2 -102 7.5
      vertex 31.2 -102 7.5
      vertex 31.21419353763394 -102 7.274400179584252
    endloop
  endfacet
  facet normal 0 1 0
    outer loop
      vertex -31.21419353763394 -102 7.725599820415748
      vertex 31.21419353763394 -102 7.725599820415748
      vertex 31.2 -102 7.5
    endloop
  endfacet
  facet normal 0 1 0
    outer loop
      vertex -31.256550309968464 -102 7.947641796896739
      vertex 31.256550309968464 -102 7.947641796896739
      vertex 31.21419353763394 -102 7.725599820415748
    endloop
  endfacet
  facet normal 0 1 0
    outer loop
      vertex -31.326402325401148 -102 8.16262419483242
      vertex 31.326402325401148 -102 8.16262419483242
      vertex 31.256550309968464 -102 7.947641796896739
    endloop
  endfacet
  facet normal 0 1 0
    outer loop
      vertex -31.422647975921045 -102 8.367156613383088
      vertex 31.422647975921045 -102 8.367156613383088
      vertex 31.326402325401148 -102 8.16262419483242
    endloop
  endfacet
  facet normal 0 1 0
    outer loop
      vertex -31.422647975921045 -102 8.367156613383088
      vertex 31.543769410125094 -102 8.558013454126451
      vertex 31.422647975921045 -102 8.367156613383088
    endloop
  endfacet
  facet normal 0 -1 0
    outer loop
      vertex -30.821052631578944 -103.5 7.5
      vertex 31.411615727618607 -103.5 8.991592115023566
      vertex 31.611086674968643 -103.5 9.17890780267988
    endloop
  endfacet
  facet normal 0 1 0
    outer loop
      vertex -31.422647975921045 -102 8.367156613383088
      vertex 31.68785647064146 -102 8.732184790671639
      vertex 31.543769410125094 -102 8.558013454126451
    endloop
  endfacet
  facet normal 0 1 0
    outer loop
      vertex -31.422647975921045 -102 8.367156613383088
      vertex 31.85263681845236 -102 8.88692383699642
      vertex 31.68785647064146 -102 8.732184790671639
    endloop
  endfacet
  facet normal 0 -1 0
    outer loop
      vertex -30.821052631578944 -103.5 7.5
      vertex 31.611086674968643 -103.5 9.17890780267988
      vertex 31.832461615151026 -103.5 9.339746111357025
    endloop
  endfacet
  facet normal 0 -1 0
    outer loop
      vertex -30.821052631578944 -103.5 7.5
      vertex 31.832461615151026 -103.5 9.339746111357025
      vertex 32.0722493331161 -103.5 9.471570524847015
    endloop
  endfacet
  facet normal 0 1 0
    outer loop
      vertex -31.422647975921045 -102 8.367156613383088
      vertex 32.035511769037804 -102 9.019790265903627
      vertex 31.85263681845236 -102 8.88692383699642
    endloop
  endfacet
  facet normal 0 1 0
    outer loop
      vertex -31.422647975921045 -102 8.367156613383088
      vertex 32.233597275182866 -102 9.128688694438836
      vertex 32.035511769037804 -102 9.019790265903627
    endloop
  endfacet
  facet normal 0 -1 0
    outer loop
      vertex -30.821052631578944 -103.5 7.5
      vertex 32.0722493331161 -103.5 9.471570524847015
      vertex 32.32666823330932 -103.5 9.572302093401024
    endloop
  endfacet
  facet normal 0 -1 0
    outer loop
      vertex -30.821052631578944 -103.5 7.5
      vertex 32.32666823330932 -103.5 9.572302093401024
      vertex 32.59170597769216 -103.5 9.64035222000883
    endloop
  endfacet
  facet normal 0 1 0
    outer loop
      vertex -31.422647975921045 -102 8.367156613383088
      vertex 32.44376941012509 -102 9.211901729331277
      vertex 32.233597275182866 -102 9.128688694438836
    endloop
  endfacet
  facet normal 0 -1 0
    outer loop
      vertex -30.821052631578944 -103.5 7.5
      vertex 32.59170597769216 -103.5 9.64035222000883
      vertex 32.86318276270981 -103.5 9.67464771352266
    endloop
  endfacet
  facet normal 0 1 0
    outer loop
      vertex -31.422647975921045 -102 8.367156613383088
      vertex 32.44376941012509 -102 80.78809827066873
      vertex 32.44376941012509 -102 9.211901729331277
    endloop
  endfacet
  facet normal 0 -1 0
    outer loop
      vertex -30.821052631578944 -103.5 7.5
      vertex 32.86318276270981 -103.5 9.67464771352266
      vertex 33.13681723729019 -103.5 80.32535228647734
    endloop
  endfacet
  facet normal 0 1 0
    outer loop
      vertex 39 -102 1.5
      vertex 32.035511769037804 -102 5.980209734096373
      vertex 32.233597275182866 -102 5.871311305561164
    endloop
  endfacet
  facet normal 0 1 0
    outer loop
      vertex 39 -102 1.5
      vertex 32.233597275182866 -102 5.871311305561164
      vertex 32.44376941012509 -102 5.788098270668724
    endloop
  endfacet
  facet normal 0 1 0
    outer loop
      vertex 39 -102 1.5
      vertex 32.44376941012509 -102 5.788098270668724
      vertex 32.662713633745696 -102 5.7318829486883605
    endloop
  endfacet
  facet normal 0 1 0
    outer loop
      vertex 39 -102 1.5
      vertex 32.662713633745696 -102 5.7318829486883605
      vertex 32.88697706484724 -102 5.703551888829111
    endloop
  endfacet
  facet normal 0 1 0
    outer loop
      vertex 39 -102 1.5
      vertex 32.88697706484724 -102 5.703551888829111
      vertex 33.11302293515276 -102 5.703551888829111
    endloop
  endfacet
  facet normal 0 1 0
    outer loop
      vertex 39 -102 1.5
      vertex 33.11302293515276 -102 5.703551888829111
      vertex 33.337286366254304 -102 5.7318829486883605
    endloop
  endfacet
  facet normal 0 1 0
    outer loop
      vertex 39 -102 1.5
      vertex 33.337286366254304 -102 5.7318829486883605
      vertex 33.55623058987491 -102 5.788098270668724
    endloop
  endfacet
  facet normal 0 -1 0
    outer loop
      vertex 40.5 -103.5 0
      vertex 33.40829402230784 -103.5 5.359647779991169
      vertex 33.13681723729019 -103.5 5.32535228647734
    endloop
  endfacet
  facet normal 0 -1 0
    outer loop
      vertex 40.5 -103.5 0
      vertex 33.67333176669068 -103.5 5.427697906598977
      vertex 33.40829402230784 -103.5 5.359647779991169
    endloop
  endfacet
  facet normal 0 -1 0
    outer loop
      vertex 40.5 -103.5 0
      vertex 33.9277506668839 -103.5 5.5284294751529846
      vertex 33.67333176669068 -103.5 5.427697906598977
    endloop
  endfacet
  facet normal 0 -1 0
    outer loop
      vertex 40.5 -103.5 0
      vertex 34.167538384848974 -103.5 5.660253888642973
      vertex 33.9277506668839 -103.5 5.5284294751529846
    endloop
  endfacet
  facet normal 0 -1 0
    outer loop
      vertex 40.5 -103.5 0
      vertex 34.38891332503136 -103.5 5.8210921973201195
      vertex 34.167538384848974 -103.5 5.660253888642973
    endloop
  endfacet
  facet normal 0 -1 0
    outer loop
      vertex 40.5 -103.5 0
      vertex 34.5883842723814 -103.5 6.0084078849764335
      vertex 34.38891332503136 -103.5 5.8210921973201195
    endloop
  endfacet
  facet normal 0 -1 0
    outer loop
      vertex 40.5 -103.5 0
      vertex 34.762805450901205 -103.5 6.219246871320609
      vertex 34.5883842723814 -103.5 6.0084078849764335
    endloop
  endfacet
  facet normal 0 1 0
    outer loop
      vertex 39 -102 1.5
      vertex 33.55623058987491 -102 5.788098270668724
      vertex 33.766402724817134 -102 5.871311305561164
    endloop
  endfacet
  facet normal 0 1 0
    outer loop
      vertex 39 -102 1.5
      vertex 33.766402724817134 -102 5.871311305561164
      vertex 33.964488230962196 -102 5.9802097340963725
    endloop
  endfacet
  facet normal 0 1 0
    outer loop
      vertex 39 -102 1.5
      vertex 33.964488230962196 -102 5.9802097340963725
      vertex 34.14736318154764 -102 6.11307616300358
    endloop
  endfacet
  facet normal 0 1 0
    outer loop
      vertex 39 -102 1.5
      vertex 34.14736318154764 -102 6.11307616300358
      vertex 34.31214352935854 -102 6.267815209328361
    endloop
  endfacet
  facet normal 0 1 0
    outer loop
      vertex 39 -102 1.5
      vertex 34.31214352935854 -102 6.267815209328361
      vertex 34.456230589874906 -102 6.441986545873548
    endloop
  endfacet
  facet normal 0 1 0
    outer loop
      vertex 39 -102 1.5
      vertex 34.456230589874906 -102 6.441986545873548
      vertex 34.577352024078955 -102 6.632843386616912
    endloop
  endfacet
  facet normal 0 1 0
    outer loop
      vertex 39 -102 1.5
      vertex 34.577352024078955 -102 6.632843386616912
      vertex 34.67359767459885 -102 6.837375805167579
    endloop
  endfacet
  facet normal 0 1 0
    outer loop
      vertex 39 -102 1.5
      vertex 34.67359767459885 -102 6.837375805167579
      vertex 34.74344969003154 -102 7.052358203103262
    endloop
  endfacet
  facet normal 0 1 0
    outer loop
      vertex 39 -102 1.5
      vertex 34.74344969003154 -102 7.052358203103262
      vertex 34.78580646236606 -102 7.274400179584252
    endloop
  endfacet
  facet normal 0 1 0
    outer loop
      vertex 39 -102 1.5
      vertex 34.78580646236606 -102 7.274400179584252
      vertex 34.8 -102 7.5
    endloop
  endfacet
  facet normal 0 -1 0
    outer loop
      vertex 40.5 -103.5 0
      vertex 34.90942613441137 -103.5 6.450284099588892
      vertex 34.762805450901205 -103.5 6.219246871320609
    endloop
  endfacet
  facet normal 0 -1 0
    outer loop
      vertex 40.5 -103.5 0
      vertex 35.025934027145986 -103.5 6.697875974676541
      vertex 34.90942613441137 -103.5 6.450284099588892
    endloop
  endfacet
  facet normal 0 -1 0
    outer loop
      vertex 40.5 -103.5 0
      vertex 35.110491730038184 -103.5 6.958117824809211
      vertex 35.025934027145986 -103.5 6.697875974676541
    endloop
  endfacet
  facet normal 0 -1 0
    outer loop
      vertex 40.5 -103.5 0
      vertex 35.16176571760103 -103.5 7.226905480549358
      vertex 35.110491730038184 -103.5 6.958117824809211
    endloop
  endfacet
  facet normal 0 -1 0
    outer loop
      vertex 40.5 -103.5 0
      vertex 35.178947368421056 -103.5 7.5
      vertex 35.16176571760103 -103.5 7.226905480549358
    endloop
  endfacet
  facet normal 0 1 0
    outer loop
      vertex 32.662713633745696 -102 9.26811705131164
      vertex 32.44376941012509 -102 9.211901729331277
      vertex 32.662713633745696 -102 80.73188294868837
    endloop
  endfacet
  facet normal 0 1 0
    outer loop
      vertex 32.88697706484724 -102 9.29644811117089
      vertex 32.662713633745696 -102 9.26811705131164
      vertex 32.88697706484724 -102 80.70355188882911
    endloop
  endfacet
  facet normal 0 -1 0
    outer loop
      vertex 32.86318276270981 -103.5 9.67464771352266
      vertex 33.13681723729019 -103.5 9.67464771352266
      vertex 33.13681723729019 -103.5 80.32535228647734
    endloop
  endfacet
  facet normal 0 1 0
    outer loop
      vertex 33.11302293515276 -102 9.29644811117089
      vertex 32.88697706484724 -102 9.29644811117089
      vertex 33.11302293515276 -102 80.70355188882911
    endloop
  endfacet
  facet normal 0 -1 0
    outer loop
      vertex 33.13681723729019 -103.5 9.67464771352266
      vertex 33.40829402230784 -103.5 9.64035222000883
      vertex 33.13681723729019 -103.5 80.32535228647734
    endloop
  endfacet
  facet normal 0 -1 0
    outer loop
      vertex 33.40829402230784 -103.5 9.64035222000883
      vertex 33.67333176669068 -103.5 9.572302093401024
      vertex 33.13681723729019 -103.5 80.32535228647734
    endloop
  endfacet
  facet normal 0 1 0
    outer loop
      vertex 33.337286366254304 -102 9.26811705131164
      vertex 33.11302293515276 -102 9.29644811117089
      vertex 33.337286366254304 -102 80.73188294868837
    endloop
  endfacet
  facet normal 0 1 0
    outer loop
      vertex 33.55623058987491 -102 9.211901729331277
      vertex 33.337286366254304 -102 9.26811705131164
      vertex 33.55623058987491 -102 80.78809827066873
    endloop
  endfacet
  facet normal 0 -1 0
    outer loop
      vertex 33.9277506668839 -103.5 9.471570524847015
      vertex 34.167538384848974 -103.5 9.339746111357025
      vertex 33.13681723729019 -103.5 80.32535228647734
    endloop
  endfacet
  facet normal 0 -1 0
    outer loop
      vertex 34.167538384848974 -103.5 9.339746111357025
      vertex 34.38891332503136 -103.5 9.17890780267988
      vertex 33.13681723729019 -103.5 80.32535228647734
    endloop
  endfacet
  facet normal 0 -1 0
    outer loop
      vertex 34.38891332503136 -103.5 9.17890780267988
      vertex 34.5883842723814 -103.5 8.991592115023566
      vertex 33.13681723729019 -103.5 80.32535228647734
    endloop
  endfacet
  facet normal 0 -1 0
    outer loop
      vertex 34.5883842723814 -103.5 8.991592115023566
      vertex 34.762805450901205 -103.5 8.780753128679391
      vertex 33.13681723729019 -103.5 80.32535228647734
    endloop
  endfacet
  facet normal 0 1 0
    outer loop
      vertex 33.964488230962196 -102 9.019790265903627
      vertex 33.766402724817134 -102 9.128688694438836
      vertex 33.964488230962196 -102 80.98020973409638
    endloop
  endfacet
  facet normal 0 1 0
    outer loop
      vertex 34.14736318154764 -102 8.88692383699642
      vertex 33.964488230962196 -102 9.019790265903627
      vertex 34.14736318154764 -102 81.11307616300358
    endloop
  endfacet
  facet normal 0 -1 0
    outer loop
      vertex 33.67333176669068 -103.5 9.572302093401024
      vertex 33.9277506668839 -103.5 9.471570524847015
      vertex 33.13681723729019 -103.5 80.32535228647734
    endloop
  endfacet
  facet normal 0 1 0
    outer loop
      vertex 33.766402724817134 -102 9.128688694438836
      vertex 33.55623058987491 -102 9.211901729331277
      vertex 33.766402724817134 -102 80.87131130556116
    endloop
  endfacet
  facet normal 0 -1 0
    outer loop
      vertex 35.16176571760103 -103.5 7.773094519450643
      vertex 33.13681723729019 -103.5 80.32535228647734
      vertex 35.110491730038184 -103.5 8.041882175190791
    endloop
  endfacet
  facet normal 0 -1 0
    outer loop
      vertex 35.025934027145986 -103.5 8.302124025323458
      vertex 35.110491730038184 -103.5 8.041882175190791
      vertex 33.13681723729019 -103.5 80.32535228647734
    endloop
  endfacet
  facet normal 0 -1 0
    outer loop
      vertex 35.178947368421056 -103.5 7.5
      vertex 33.13681723729019 -103.5 80.32535228647734
      vertex 35.16176571760103 -103.5 7.773094519450643
    endloop
  endfacet
  facet normal 0 -1 0
    outer loop
      vertex 34.762805450901205 -103.5 8.780753128679391
      vertex 34.90942613441137 -103.5 8.549715900411108
      vertex 33.13681723729019 -103.5 80.32535228647734
    endloop
  endfacet
  facet normal 0 -1 0
    outer loop
      vertex 34.90942613441137 -103.5 8.549715900411108
      vertex 35.025934027145986 -103.5 8.302124025323458
      vertex 33.13681723729019 -103.5 80.32535228647734
    endloop
  endfacet
  facet normal 0 1 0
    outer loop
      vertex 34.31214352935854 -102 8.73218479067164
      vertex 34.14736318154764 -102 8.88692383699642
      vertex 34.31214352935854 -102 81.26781520932836
    endloop
  endfacet
  facet normal 0 1 0
    outer loop
      vertex 34.456230589874906 -102 8.558013454126451
      vertex 34.31214352935854 -102 8.73218479067164
      vertex 34.456230589874906 -102 81.44198654587355
    endloop
  endfacet
  facet normal 0 -1 0
    outer loop
      vertex 40.5 -103.5 0
      vertex 33.13681723729019 -103.5 80.32535228647734
      vertex 35.178947368421056 -103.5 7.5
    endloop
  endfacet
  facet normal 0 1 0
    outer loop
      vertex 39 -102 1.5
      vertex 34.8 -102 7.5
      vertex 39 -102 90
    endloop
  endfacet
  facet normal 1 0 0
    outer loop
      vertex 40.5 -103.5 0
      vertex 40.5 -102 0
      vertex 40.5 -103.5 90
    endloop
  endfacet
  facet normal 0 1 0
    outer loop
      vertex 39 -102 90
      vertex 34.8 -102 7.5
      vertex 34.78580646236606 -102 7.725599820415748
    endloop
  endfacet
  facet normal 0 1 0
    outer loop
      vertex 39 -102 90
      vertex 34.577352024078955 -102 8.367156613383088
      vertex 34.456230589874906 -102 8.558013454126451
    endloop
  endfacet
  facet normal 0 1 0
    outer loop
      vertex 39 -102 90
      vertex 34.78580646236606 -102 7.725599820415748
      vertex 34.74344969003154 -102 7.947641796896739
    endloop
  endfacet
  facet normal 0 1 0
    outer loop
      vertex 39 -102 90
      vertex 34.74344969003154 -102 7.947641796896739
      vertex 34.67359767459885 -102 8.16262419483242
    endloop
  endfacet
  facet normal 0 1 0
    outer loop
      vertex 39 -102 90
      vertex 34.67359767459885 -102 8.16262419483242
      vertex 34.577352024078955 -102 8.367156613383088
    endloop
  endfacet
  facet normal 0 -1 0
    outer loop
      vertex -32.0722493331161 -103.5 9.471570524847015
      vertex 31.237194549098795 -103.5 81.2192468713206
      vertex 31.09057386558863 -103.5 81.45028409958888
    endloop
  endfacet
  facet normal 0 1 0
    outer loop
      vertex -32.44376941012509 -102 9.211901729331277
      vertex 31.326402325401148 -102 81.83737580516758
      vertex 31.422647975921045 -102 81.63284338661691
    endloop
  endfacet
  facet normal 0 1 0
    outer loop
      vertex -33.11302293515276 -102 9.29644811117089
      vertex 31.2 -102 82.5
      vertex 31.21419353763394 -102 82.27440017958425
    endloop
  endfacet
  facet normal 0 1 0
    outer loop
      vertex -32.88697706484724 -102 9.29644811117089
      vertex 31.21419353763394 -102 82.27440017958425
      vertex 31.256550309968464 -102 82.05235820310327
    endloop
  endfacet
  facet normal 0 1 0
    outer loop
      vertex -32.662713633745696 -102 9.26811705131164
      vertex 31.256550309968464 -102 82.05235820310327
      vertex 31.326402325401148 -102 81.83737580516758
    endloop
  endfacet
  facet normal 0 -1 0
    outer loop
      vertex -30.88950826996182 -103.5 8.041882175190791
      vertex 32.86318276270981 -103.5 80.32535228647734
      vertex 32.59170597769216 -103.5 80.35964777999118
    endloop
  endfacet
  facet normal 0 -1 0
    outer loop
      vertex -30.838234282398975 -103.5 7.773094519450643
      vertex 33.13681723729019 -103.5 80.32535228647734
      vertex 32.86318276270981 -103.5 80.32535228647734
    endloop
  endfacet
  facet normal 0 -1 0
    outer loop
      vertex -31.832461615151026 -103.5 9.339746111357025
      vertex 31.832461615151026 -103.5 80.66025388864297
      vertex 31.611086674968643 -103.5 80.82109219732013
    endloop
  endfacet
  facet normal 0 1 0
    outer loop
      vertex -31.68785647064146 -102 8.73218479067164
      vertex 31.85263681845236 -102 81.11307616300358
      vertex 32.035511769037804 -102 80.98020973409638
    endloop
  endfacet
  facet normal 0 -1 0
    outer loop
      vertex -31.832461615151026 -103.5 9.339746111357025
      vertex 31.411615727618607 -103.5 81.00840788497644
      vertex 31.237194549098795 -103.5 81.2192468713206
    endloop
  endfacet
  facet normal 0 -1 0
    outer loop
      vertex -31.832461615151026 -103.5 9.339746111357025
      vertex 31.611086674968643 -103.5 80.82109219732013
      vertex 31.411615727618607 -103.5 81.00840788497644
    endloop
  endfacet
  facet normal 0 1 0
    outer loop
      vertex -32.035511769037804 -102 9.019790265903627
      vertex 31.543769410125094 -102 81.44198654587355
      vertex 31.68785647064146 -102 81.26781520932836
    endloop
  endfacet
  facet normal 0 1 0
    outer loop
      vertex -32.44376941012509 -102 9.211901729331277
      vertex 31.422647975921045 -102 81.63284338661691
      vertex 31.543769410125094 -102 81.44198654587355
    endloop
  endfacet
  facet normal 0 1 0
    outer loop
      vertex -31.852636818452357 -102 8.88692383699642
      vertex 31.68785647064146 -102 81.26781520932836
      vertex 31.85263681845236 -102 81.11307616300358
    endloop
  endfacet
  facet normal 0 -1 0
    outer loop
      vertex 31.832461615151026 -103.5 80.66025388864297
      vertex -31.237194549098795 -103.5 8.780753128679391
      vertex 32.0722493331161 -103.5 80.52842947515299
    endloop
  endfacet
  facet normal 0 1 0
    outer loop
      vertex -31.543769410125094 -102 8.558013454126451
      vertex 32.035511769037804 -102 80.98020973409638
      vertex 32.233597275182866 -102 80.87131130556116
    endloop
  endfacet
  facet normal 0 -1 0
    outer loop
      vertex -31.09057386558863 -103.5 8.549715900411108
      vertex 32.32666823330932 -103.5 80.42769790659898
      vertex 32.0722493331161 -103.5 80.52842947515299
    endloop
  endfacet
  facet normal 0 -1 0
    outer loop
      vertex -30.974065972854017 -103.5 8.302124025323458
      vertex 32.59170597769216 -103.5 80.35964777999118
      vertex 32.32666823330932 -103.5 80.42769790659898
    endloop
  endfacet
  facet normal 0 1 0
    outer loop
      vertex -31.422647975921045 -102 8.367156613383088
      vertex 32.233597275182866 -102 80.87131130556116
      vertex 32.44376941012509 -102 80.78809827066873
    endloop
  endfacet
  facet normal 0 -1 0
    outer loop
      vertex -39 -103.5 90
      vertex 31.411615727618607 -103.5 83.99159211502356
      vertex 31.611086674968643 -103.5 84.17890780267987
    endloop
  endfacet
  facet normal 0 -1 0
    outer loop
      vertex -39 -103.5 90
      vertex 31.611086674968643 -103.5 84.17890780267987
      vertex 31.832461615151026 -103.5 84.33974611135703
    endloop
  endfacet
  facet normal 0 -1 0
    outer loop
      vertex -39 -103.5 90
      vertex 31.832461615151026 -103.5 84.33974611135703
      vertex 32.0722493331161 -103.5 84.47157052484701
    endloop
  endfacet
  facet normal 0 -1 0
    outer loop
      vertex -39 -103.5 90
      vertex 32.0722493331161 -103.5 84.47157052484701
      vertex 32.32666823330932 -103.5 84.57230209340102
    endloop
  endfacet
  facet normal 0 -1 0
    outer loop
      vertex -39 -103.5 90
      vertex 32.32666823330932 -103.5 84.57230209340102
      vertex 32.59170597769216 -103.5 84.64035222000882
    endloop
  endfacet
  facet normal 0 -1 0
    outer loop
      vertex -39 -103.5 90
      vertex 32.59170597769216 -103.5 84.64035222000882
      vertex 32.86318276270981 -103.5 84.67464771352266
    endloop
  endfacet
  facet normal 0 -1 0
    outer loop
      vertex -39 -103.5 90
      vertex 32.86318276270981 -103.5 84.67464771352266
      vertex 33.13681723729019 -103.5 84.67464771352266
    endloop
  endfacet
  facet normal 0 -1 0
    outer loop
      vertex -31.09057386558863 -103.5 81.45028409958888
      vertex 31.09057386558863 -103.5 81.45028409958888
      vertex 30.974065972854017 -103.5 81.69787597467655
    endloop
  endfacet
  facet normal 0 -1 0
    outer loop
      vertex -30.974065972854017 -103.5 81.69787597467655
      vertex 30.974065972854017 -103.5 81.69787597467655
      vertex 30.88950826996182 -103.5 81.95811782480922
    endloop
  endfacet
  facet normal 0 -1 0
    outer loop
      vertex -30.88950826996182 -103.5 81.95811782480922
      vertex 30.88950826996182 -103.5 81.95811782480922
      vertex 30.838234282398975 -103.5 82.22690548054935
    endloop
  endfacet
  facet normal 0 1 0
    outer loop
      vertex -31.68785647064146 -102 81.26781520932836
      vertex 31.21419353763394 -102 82.72559982041575
      vertex 31.2 -102 82.5
    endloop
  endfacet
  facet normal 0 -1 0
    outer loop
      vertex -30.838234282398975 -103.5 82.22690548054935
      vertex 30.838234282398975 -103.5 82.22690548054935
      vertex 30.821052631578944 -103.5 82.5
    endloop
  endfacet
  facet normal 0 -1 0
    outer loop
      vertex -30.821052631578944 -103.5 82.5
      vertex 30.821052631578944 -103.5 82.5
      vertex 30.838234282398975 -103.5 82.77309451945065
    endloop
  endfacet
  facet normal 0 -1 0
    outer loop
      vertex -30.838234282398975 -103.5 82.77309451945065
      vertex 30.838234282398975 -103.5 82.77309451945065
      vertex 30.88950826996182 -103.5 83.04188217519078
    endloop
  endfacet
  facet normal 0 1 0
    outer loop
      vertex -31.68785647064146 -102 81.26781520932836
      vertex 31.256550309968464 -102 82.94764179689673
      vertex 31.21419353763394 -102 82.72559982041575
    endloop
  endfacet
  facet normal 0 1 0
    outer loop
      vertex -31.68785647064146 -102 81.26781520932836
      vertex 31.326402325401148 -102 83.16262419483242
      vertex 31.256550309968464 -102 82.94764179689673
    endloop
  endfacet
  facet normal 0 1 0
    outer loop
      vertex -31.68785647064146 -102 81.26781520932836
      vertex 31.422647975921045 -102 83.36715661338309
      vertex 31.326402325401148 -102 83.16262419483242
    endloop
  endfacet
  facet normal 0 1 0
    outer loop
      vertex -31.68785647064146 -102 81.26781520932836
      vertex 31.543769410125094 -102 83.55801345412645
      vertex 31.422647975921045 -102 83.36715661338309
    endloop
  endfacet
  facet normal 0 1 0
    outer loop
      vertex -31.68785647064146 -102 81.26781520932836
      vertex 31.68785647064146 -102 83.73218479067164
      vertex 31.543769410125094 -102 83.55801345412645
    endloop
  endfacet
  facet normal 0 1 0
    outer loop
      vertex -31.68785647064146 -102 81.26781520932836
      vertex 31.85263681845236 -102 83.88692383699642
      vertex 31.68785647064146 -102 83.73218479067164
    endloop
  endfacet
  facet normal 0 -1 0
    outer loop
      vertex -30.88950826996182 -103.5 83.04188217519078
      vertex 30.88950826996182 -103.5 83.04188217519078
      vertex 30.974065972854017 -103.5 83.30212402532345
    endloop
  endfacet
  facet normal 0 -1 0
    outer loop
      vertex -30.974065972854017 -103.5 83.30212402532345
      vertex 30.974065972854017 -103.5 83.30212402532345
      vertex 31.09057386558863 -103.5 83.54971590041112
    endloop
  endfacet
  facet normal 0 -1 0
    outer loop
      vertex -31.09057386558863 -103.5 83.54971590041112
      vertex 31.09057386558863 -103.5 83.54971590041112
      vertex 31.237194549098795 -103.5 83.7807531286794
    endloop
  endfacet
  facet normal 0 1 0
    outer loop
      vertex -31.68785647064146 -102 81.26781520932836
      vertex 32.035511769037804 -102 84.01979026590362
      vertex 31.85263681845236 -102 83.88692383699642
    endloop
  endfacet
  facet normal 0 -1 0
    outer loop
      vertex -31.237194549098795 -103.5 83.7807531286794
      vertex 31.237194549098795 -103.5 83.7807531286794
      vertex 31.411615727618607 -103.5 83.99159211502356
    endloop
  endfacet
  facet normal 0 1 0
    outer loop
      vertex -31.68785647064146 -102 81.26781520932836
      vertex 32.233597275182866 -102 84.12868869443884
      vertex 32.035511769037804 -102 84.01979026590362
    endloop
  endfacet
  facet normal 0 1 0
    outer loop
      vertex -31.68785647064146 -102 81.26781520932836
      vertex 32.44376941012509 -102 84.21190172933127
      vertex 32.233597275182866 -102 84.12868869443884
    endloop
  endfacet
  facet normal 0 1 0
    outer loop
      vertex -31.68785647064146 -102 81.26781520932836
      vertex 32.662713633745696 -102 84.26811705131163
      vertex 32.44376941012509 -102 84.21190172933127
    endloop
  endfacet
  facet normal 0 1 0
    outer loop
      vertex -31.68785647064146 -102 81.26781520932836
      vertex 32.88697706484724 -102 84.29644811117089
      vertex 32.662713633745696 -102 84.26811705131163
    endloop
  endfacet
  facet normal 0 -1 0
    outer loop
      vertex -39 -103.5 90
      vertex 33.13681723729019 -103.5 84.67464771352266
      vertex 40.5 -103.5 90
    endloop
  endfacet
  facet normal 0 1 0
    outer loop
      vertex 39 -102 90
      vertex 32.88697706484724 -102 84.29644811117089
      vertex -31.68785647064146 -102 81.26781520932836
    endloop
  endfacet
  facet normal 0 0 1
    outer loop
      vertex -39 -102 90
      vertex 40.5 -103.5 90
      vertex 39 -102 90
    endloop
  endfacet
  facet normal 0 -1 0
    outer loop
      vertex 40.5 -103.5 0
      vertex 33.40829402230784 -103.5 80.35964777999118
      vertex 33.13681723729019 -103.5 80.32535228647734
    endloop
  endfacet
  facet normal 0 -1 0
    outer loop
      vertex 40.5 -103.5 0
      vertex 33.67333176669068 -103.5 80.42769790659898
      vertex 33.40829402230784 -103.5 80.35964777999118
    endloop
  endfacet
  facet normal 0 -1 0
    outer loop
      vertex 40.5 -103.5 0
      vertex 33.9277506668839 -103.5 80.52842947515299
      vertex 33.67333176669068 -103.5 80.42769790659898
    endloop
  endfacet
  facet normal 0 -1 0
    outer loop
      vertex 40.5 -103.5 0
      vertex 34.167538384848974 -103.5 80.66025388864297
      vertex 33.9277506668839 -103.5 80.52842947515299
    endloop
  endfacet
  facet normal 0 -1 0
    outer loop
      vertex 40.5 -103.5 0
      vertex 34.38891332503136 -103.5 80.82109219732013
      vertex 34.167538384848974 -103.5 80.66025388864297
    endloop
  endfacet
  facet normal 0 -1 0
    outer loop
      vertex 40.5 -103.5 0
      vertex 34.5883842723814 -103.5 81.00840788497644
      vertex 34.38891332503136 -103.5 80.82109219732013
    endloop
  endfacet
  facet normal 0 -1 0
    outer loop
      vertex 40.5 -103.5 0
      vertex 34.762805450901205 -103.5 81.2192468713206
      vertex 34.5883842723814 -103.5 81.00840788497644
    endloop
  endfacet
  facet normal 0 -1 0
    outer loop
      vertex 40.5 -103.5 0
      vertex 34.90942613441137 -103.5 81.45028409958888
      vertex 34.762805450901205 -103.5 81.2192468713206
    endloop
  endfacet
  facet normal 0 -1 0
    outer loop
      vertex 40.5 -103.5 0
      vertex 35.025934027145986 -103.5 81.69787597467655
      vertex 34.90942613441137 -103.5 81.45028409958888
    endloop
  endfacet
  facet normal 0 -1 0
    outer loop
      vertex 40.5 -103.5 0
      vertex 35.110491730038184 -103.5 81.95811782480922
      vertex 35.025934027145986 -103.5 81.69787597467655
    endloop
  endfacet
  facet normal 0 -1 0
    outer loop
      vertex 40.5 -103.5 0
      vertex 35.16176571760103 -103.5 82.22690548054935
      vertex 35.110491730038184 -103.5 81.95811782480922
    endloop
  endfacet
  facet normal 0 -1 0
    outer loop
      vertex 40.5 -103.5 0
      vertex 35.178947368421056 -103.5 82.5
      vertex 35.16176571760103 -103.5 82.22690548054935
    endloop
  endfacet
  facet normal 0 -1 0
    outer loop
      vertex 40.5 -103.5 0
      vertex 35.16176571760103 -103.5 82.77309451945065
      vertex 35.178947368421056 -103.5 82.5
    endloop
  endfacet
  facet normal 0 1 0
    outer loop
      vertex 32.44376941012509 -102 80.78809827066873
      vertex 32.662713633745696 -102 80.73188294868837
      vertex 32.44376941012509 -102 9.211901729331277
    endloop
  endfacet
  facet normal 0 1 0
    outer loop
      vertex 32.662713633745696 -102 80.73188294868837
      vertex 32.88697706484724 -102 80.70355188882911
      vertex 32.662713633745696 -102 9.26811705131164
    endloop
  endfacet
  facet normal 0 1 0
    outer loop
      vertex 32.88697706484724 -102 80.70355188882911
      vertex 33.11302293515276 -102 80.70355188882911
      vertex 32.88697706484724 -102 9.29644811117089
    endloop
  endfacet
  facet normal 0 1 0
    outer loop
      vertex 33.11302293515276 -102 80.70355188882911
      vertex 33.337286366254304 -102 80.73188294868837
      vertex 33.11302293515276 -102 9.29644811117089
    endloop
  endfacet
  facet normal 0 1 0
    outer loop
      vertex 33.337286366254304 -102 9.26811705131164
      vertex 33.337286366254304 -102 80.73188294868837
      vertex 33.55623058987491 -102 80.78809827066873
    endloop
  endfacet
  facet normal 0 1 0
    outer loop
      vertex 33.55623058987491 -102 80.78809827066873
      vertex 33.766402724817134 -102 80.87131130556116
      vertex 33.55623058987491 -102 9.211901729331277
    endloop
  endfacet
  facet normal 0 1 0
    outer loop
      vertex 33.766402724817134 -102 80.87131130556116
      vertex 33.964488230962196 -102 80.98020973409638
      vertex 33.766402724817134 -102 9.128688694438836
    endloop
  endfacet
  facet normal 0 1 0
    outer loop
      vertex 33.964488230962196 -102 80.98020973409638
      vertex 34.14736318154764 -102 81.11307616300358
      vertex 33.964488230962196 -102 9.019790265903627
    endloop
  endfacet
  facet normal 0 1 0
    outer loop
      vertex 34.14736318154764 -102 81.11307616300358
      vertex 34.31214352935854 -102 81.26781520932836
      vertex 34.14736318154764 -102 8.88692383699642
    endloop
  endfacet
  facet normal 0 1 0
    outer loop
      vertex 34.31214352935854 -102 81.26781520932836
      vertex 34.456230589874906 -102 81.44198654587355
      vertex 34.31214352935854 -102 8.73218479067164
    endloop
  endfacet
  facet normal 0 1 0
    outer loop
      vertex 34.456230589874906 -102 8.558013454126451
      vertex 34.456230589874906 -102 81.44198654587355
      vertex 34.577352024078955 -102 81.63284338661691
    endloop
  endfacet
  facet normal 0 1 0
    outer loop
      vertex 34.456230589874906 -102 8.558013454126451
      vertex 34.577352024078955 -102 81.63284338661691
      vertex 34.67359767459885 -102 81.83737580516758
    endloop
  endfacet
  facet normal 0 1 0
    outer loop
      vertex 34.456230589874906 -102 8.558013454126451
      vertex 34.67359767459885 -102 81.83737580516758
      vertex 34.74344969003154 -102 82.05235820310327
    endloop
  endfacet
  facet normal 0 1 0
    outer loop
      vertex 34.456230589874906 -102 8.558013454126451
      vertex 34.74344969003154 -102 82.05235820310327
      vertex 34.78580646236606 -102 82.27440017958425
    endloop
  endfacet
  facet normal 0 1 0
    outer loop
      vertex 34.456230589874906 -102 8.558013454126451
      vertex 34.78580646236606 -102 82.27440017958425
      vertex 34.8 -102 82.5
    endloop
  endfacet
  facet normal 0 1 0
    outer loop
      vertex 39 -102 90
      vertex 34.456230589874906 -102 8.558013454126451
      vertex 34.8 -102 82.5
    endloop
  endfacet
  facet normal 0 -1 0
    outer loop
      vertex 40.5 -103.5 0
      vertex 40.5 -103.5 90
      vertex 35.16176571760103 -103.5 82.77309451945065
    endloop
  endfacet
  facet normal 1 0 0
    outer loop
      vertex 40.5 -102 0
      vertex 40.5 -102 90
      vertex 40.5 -103.5 90
    endloop
  endfacet
  facet normal 0 1 0
    outer loop
      vertex 39 -102 90
      vertex 33.11302293515276 -102 84.29644811117089
      vertex 32.88697706484724 -102 84.29644811117089
    endloop
  endfacet
  facet normal 0 1 0
    outer loop
      vertex 39 -102 90
      vertex 33.337286366254304 -102 84.26811705131163
      vertex 33.11302293515276 -102 84.29644811117089
    endloop
  endfacet
  facet normal 0 1 0
    outer loop
      vertex 39 -102 90
      vertex 33.55623058987491 -102 84.21190172933127
      vertex 33.337286366254304 -102 84.26811705131163
    endloop
  endfacet
  facet normal 0 1 0
    outer loop
      vertex 39 -102 90
      vertex 34.456230589874906 -102 83.55801345412645
      vertex 34.31214352935854 -102 83.73218479067164
    endloop
  endfacet
  facet normal 0 1 0
    outer loop
      vertex 39 -102 90
      vertex 34.577352024078955 -102 83.36715661338309
      vertex 34.456230589874906 -102 83.55801345412645
    endloop
  endfacet
  facet normal 0 1 0
    outer loop
      vertex 39 -102 90
      vertex 34.8 -102 82.5
      vertex 34.78580646236606 -102 82.72559982041575
    endloop
  endfacet
  facet normal 0 1 0
    outer loop
      vertex 39 -102 90
      vertex 34.78580646236606 -102 82.72559982041575
      vertex 34.74344969003154 -102 82.94764179689673
    endloop
  endfacet
  facet normal 0 1 0
    outer loop
      vertex 39 -102 90
      vertex 34.74344969003154 -102 82.94764179689673
      vertex 34.67359767459885 -102 83.16262419483242
    endloop
  endfacet
  facet normal 0 1 0
    outer loop
      vertex 39 -102 90
      vertex 34.67359767459885 -102 83.16262419483242
      vertex 34.577352024078955 -102 83.36715661338309
    endloop
  endfacet
  facet normal 0 -1 0
    outer loop
      vertex 40.5 -103.5 90
      vertex 33.13681723729019 -103.5 84.67464771352266
      vertex 33.40829402230784 -103.5 84.64035222000882
    endloop
  endfacet
  facet normal 0 1 0
    outer loop
      vertex 39 -102 90
      vertex 33.766402724817134 -102 84.12868869443884
      vertex 33.55623058987491 -102 84.21190172933127
    endloop
  endfacet
  facet normal 0 1 0
    outer loop
      vertex 39 -102 90
      vertex 33.964488230962196 -102 84.01979026590362
      vertex 33.766402724817134 -102 84.12868869443884
    endloop
  endfacet
  facet normal 0 1 0
    outer loop
      vertex 39 -102 90
      vertex 34.14736318154764 -102 83.88692383699642
      vertex 33.964488230962196 -102 84.01979026590362
    endloop
  endfacet
  facet normal 0 -1 0
    outer loop
      vertex 40.5 -103.5 90
      vertex 33.40829402230784 -103.5 84.64035222000882
      vertex 33.67333176669068 -103.5 84.57230209340102
    endloop
  endfacet
  facet normal 0 -1 0
    outer loop
      vertex 40.5 -103.5 90
      vertex 33.67333176669068 -103.5 84.57230209340102
      vertex 33.9277506668839 -103.5 84.47157052484701
    endloop
  endfacet
  facet normal 0 1 0
    outer loop
      vertex 39 -102 90
      vertex 34.31214352935854 -102 83.73218479067164
      vertex 34.14736318154764 -102 83.88692383699642
    endloop
  endfacet
  facet normal 0 -1 0
    outer loop
      vertex 40.5 -103.5 90
      vertex 33.9277506668839 -103.5 84.47157052484701
      vertex 34.167538384848974 -103.5 84.33974611135703
    endloop
  endfacet
  facet normal 0 -1 0
    outer loop
      vertex 40.5 -103.5 90
      vertex 34.167538384848974 -103.5 84.33974611135703
      vertex 34.38891332503136 -103.5 84.17890780267987
    endloop
  endfacet
  facet normal 0 -1 0
    outer loop
      vertex 40.5 -103.5 90
      vertex 34.38891332503136 -103.5 84.17890780267987
      vertex 34.5883842723814 -103.5 83.99159211502356
    endloop
  endfacet
  facet normal 0 -1 0
    outer loop
      vertex 40.5 -103.5 90
      vertex 34.5883842723814 -103.5 83.99159211502356
      vertex 34.762805450901205 -103.5 83.7807531286794
    endloop
  endfacet
  facet normal 0 -1 0
    outer loop
      vertex 40.5 -103.5 90
      vertex 35.110491730038184 -103.5 83.04188217519078
      vertex 35.16176571760103 -103.5 82.77309451945065
    endloop
  endfacet
  facet normal 0 -1 0
    outer loop
      vertex 40.5 -103.5 90
      vertex 34.762805450901205 -103.5 83.7807531286794
      vertex 34.90942613441137 -103.5 83.54971590041112
    endloop
  endfacet
  facet normal 0 -1 0
    outer loop
      vertex 40.5 -103.5 90
      vertex 34.90942613441137 -103.5 83.54971590041112
      vertex 35.025934027145986 -103.5 83.30212402532345
    endloop
  endfacet
  facet normal 0 -1 0
    outer loop
      vertex 40.5 -103.5 90
      vertex 35.025934027145986 -103.5 83.30212402532345
      vertex 35.110491730038184 -103.5 83.04188217519078
    endloop
  endfacet
  facet normal 0 0 1
    outer loop
      vertex 39 -102 90
      vertex 40.5 -103.5 90
      vertex 40.5 -102 90
    endloop
  endfacet
  facet normal 1 0 0
    outer loop
      vertex 40.5 -102 0
      vertex 40.5 102 0
      vertex 40.5 -102 90
    endloop
  endfacet
  facet normal -1 0 0
    outer loop
      vertex 39 -102 1.5
      vertex 39 -102 90
      vertex 39 102 90
    endloop
  endfacet
  facet normal 0 0 1
    outer loop
      vertex 39 -102 90
      vertex 40.5 -102 90
      vertex 40.5 102 90
    endloop
  endfacet
  facet normal -1 0 0
    outer loop
      vertex 39 -102 1.5
      vertex 39 102 90
      vertex 39 102 1.5
    endloop
  endfacet
  facet normal 1 0 0
    outer loop
      vertex 40.5 -102 90
      vertex 40.5 102 0
      vertex 40.5 102 90
    endloop
  endfacet
  facet normal 0 0 1
    outer loop
      vertex 39 -102 90
      vertex 40.5 102 90
      vertex 39 102 90
    endloop
  endfacet
  facet normal 0 -1 0
    outer loop
      vertex -40.475 -103.5 1.5
      vertex -40.5 -103.5 90
      vertex -40.5 -103.5 1.5
    endloop
  endfacet
  facet normal 1 0 0
    outer loop
      vertex -39 -102 1.5
      vertex -39 102 1.5
      vertex -39 -102 90
    endloop
  endfacet
  facet normal 0 -1 0
    outer loop
      vertex -40.475 -103.5 1.5
      vertex -39 -103.5 90
      vertex -40.5 -103.5 90
    endloop
  endfacet
  facet normal -1 0 0
    outer loop
      vertex -40.5 -102 0
      vertex -40.5 -102 90
      vertex -40.5 102 90
    endloop
  endfacet
  facet normal 0 0 1
    outer loop
      vertex -40.5 -102 90
      vertex -39 -102 90
      vertex -39 102 90
    endloop
  endfacet
  facet normal -1 0 0
    outer loop
      vertex -40.5 -102 0
      vertex -40.5 102 90
      vertex -40.5 102 0
    endloop
  endfacet
  facet normal 1 0 0
    outer loop
      vertex -39 -102 90
      vertex -39 102 1.5
      vertex -39 102 90
    endloop
  endfacet
  facet normal 0 0 1
    outer loop
      vertex -40.5 -102 90
      vertex -39 102 90
      vertex -40.5 102 90
    endloop
  endfacet
  facet normal 0.26749053753146596 -0.687028440438717 0.6756039774597776
    outer loop
      vertex -33.55623058987491 -103.1 5.788098270668724
      vertex -33.9277506668839 -103.5 5.5284294751529846
      vertex -33.67333176669068 -103.5 5.427697906598977
    endloop
  endfacet
  facet normal 0.18070566364354154 -0.6870284404387162 0.7038020923210534
    outer loop
      vertex -33.337286366254304 -103.1 5.7318829486883605
      vertex -33.67333176669068 -103.5 5.427697906598977
      vertex -33.40829402230784 -103.5 5.359647779991169
    endloop
  endfacet
  facet normal 0.09107095349163025 -0.6870284404387164 0.7209008277554345
    outer loop
      vertex -33.337286366254304 -103.1 5.7318829486883605
      vertex -33.40829402230784 -103.5 5.359647779991169
      vertex -33.11302293515276 -103.1 5.703551888829111
    endloop
  endfacet
  facet normal 0.09107095349163166 -0.6870284404387169 0.7209008277554338
    outer loop
      vertex -33.11302293515276 -103.1 5.703551888829111
      vertex -33.40829402230784 -103.5 5.359647779991169
      vertex -33.13681723729019 -103.5 5.32535228647734
    endloop
  endfacet
  facet normal 0 -0.6870284404387167 0.7266305264908326
    outer loop
      vertex -33.11302293515276 -103.1 5.703551888829111
      vertex -33.13681723729019 -103.5 5.32535228647734
      vertex -32.88697706484724 -103.1 5.703551888829111
    endloop
  endfacet
  facet normal 0 -0.6870284404387168 0.7266305264908326
    outer loop
      vertex -32.88697706484724 -103.1 5.703551888829111
      vertex -33.13681723729019 -103.5 5.32535228647734
      vertex -32.86318276270981 -103.5 5.32535228647734
    endloop
  endfacet
  facet normal -0.09107095349163019 -0.6870284404387169 0.7209008277554341
    outer loop
      vertex -32.88697706484724 -103.1 5.703551888829111
      vertex -32.86318276270981 -103.5 5.32535228647734
      vertex -32.662713633745696 -103.1 5.7318829486883605
    endloop
  endfacet
  facet normal -0.09107095349163191 -0.6870284404387164 0.7209008277554343
    outer loop
      vertex -32.662713633745696 -103.1 5.7318829486883605
      vertex -32.86318276270981 -103.5 5.32535228647734
      vertex -32.59170597769216 -103.5 5.359647779991169
    endloop
  endfacet
  facet normal -0.1807056636435415 -0.6870284404387166 0.7038020923210531
    outer loop
      vertex -32.44376941012509 -103.1 5.788098270668724
      vertex -32.59170597769216 -103.5 5.359647779991169
      vertex -32.32666823330932 -103.5 5.427697906598977
    endloop
  endfacet
  facet normal -0.26749053753146584 -0.6870284404387174 0.6756039774597772
    outer loop
      vertex -32.233597275182866 -103.1 5.871311305561164
      vertex -32.32666823330932 -103.5 5.427697906598977
      vertex -32.0722493331161 -103.5 5.5284294751529846
    endloop
  endfacet
  facet normal 0.6574749575165295 -0.6870284404387156 0.30938423079883065
    outer loop
      vertex -34.577352024078955 -103.1 6.632843386616912
      vertex -35.025934027145986 -103.5 6.697875974676542
      vertex -34.90942613441137 -103.5 6.450284099588892
    endloop
  endfacet
  facet normal 0.6910666971580807 -0.6870284404387196 0.22454118131728654
    outer loop
      vertex -34.67359767459885 -103.1 6.8373758051675795
      vertex -35.110491730038184 -103.5 6.95811782480921
      vertex -35.025934027145986 -103.5 6.697875974676542
    endloop
  endfacet
  facet normal 0.6910666971580804 -0.6870284404387175 0.22454118131729311
    outer loop
      vertex -34.74344969003154 -103.1 7.052358203103261
      vertex -35.110491730038184 -103.5 6.95811782480921
      vertex -34.67359767459885 -103.1 6.8373758051675795
    endloop
  endfacet
  facet normal 0.5598784432663341 -0.687028440438716 0.463171729268974
    outer loop
      vertex -34.31214352935854 -103.1 6.267815209328361
      vertex -34.762805450901205 -103.5 6.219246871320609
      vertex -34.5883842723814 -103.5 6.0084078849764335
    endloop
  endfacet
  facet normal 0.5598784432663338 -0.6870284404387159 0.4631717292689744
    outer loop
      vertex -34.456230589874906 -103.1 6.441986545873548
      vertex -34.762805450901205 -103.5 6.219246871320609
      vertex -34.31214352935854 -103.1 6.267815209328361
    endloop
  endfacet
  facet normal 0.42710270733683275 -0.6870284404387155 0.5878564445626959
    outer loop
      vertex -33.964488230962196 -103.1 5.980209734096373
      vertex -34.38891332503135 -103.5 5.821092197320119
      vertex -34.167538384848974 -103.5 5.660253888642974
    endloop
  endfacet
  facet normal 0.49741282398873127 -0.6870284404387152 0.529690857538529
    outer loop
      vertex -34.14736318154764 -103.1 6.113076163003579
      vertex -34.5883842723814 -103.5 6.0084078849764335
      vertex -34.38891332503135 -103.5 5.821092197320119
    endloop
  endfacet
  facet normal 0.49741282398873254 -0.6870284404387159 0.5296908575385267
    outer loop
      vertex -34.14736318154764 -103.1 6.113076163003579
      vertex -34.31214352935854 -103.1 6.267815209328361
      vertex -34.5883842723814 -103.5 6.0084078849764335
    endloop
  endfacet
  facet normal 0.613514445038443 -0.6870284404387158 0.38934810614348353
    outer loop
      vertex -34.456230589874906 -103.1 6.441986545873548
      vertex -34.90942613441137 -103.5 6.450284099588892
      vertex -34.762805450901205 -103.5 6.219246871320609
    endloop
  endfacet
  facet normal 0.6135144450384425 -0.6870284404387154 0.389348106143485
    outer loop
      vertex -34.456230589874906 -103.1 6.441986545873548
      vertex -34.577352024078955 -103.1 6.632843386616912
      vertex -34.90942613441137 -103.5 6.450284099588892
    endloop
  endfacet
  facet normal 0.6574749575165311 -0.6870284404387192 0.3093842307988188
    outer loop
      vertex -34.67359767459885 -103.1 6.8373758051675795
      vertex -35.025934027145986 -103.5 6.697875974676542
      vertex -34.577352024078955 -103.1 6.632843386616912
    endloop
  endfacet
  facet normal 0.7137599021622192 -0.6870284404387178 0.13615698327196643
    outer loop
      vertex -34.74344969003154 -103.1 7.052358203103261
      vertex -35.16176571760103 -103.5 7.226905480549358
      vertex -35.110491730038184 -103.5 6.95811782480921
    endloop
  endfacet
  facet normal 0.7251966871297567 -0.687028440438719 0.04562550826420572
    outer loop
      vertex -34.78580646236606 -103.1 7.274400179584252
      vertex -35.178947368421056 -103.5 7.5
      vertex -35.16176571760103 -103.5 7.226905480549358
    endloop
  endfacet
  facet normal 0.7137599021622185 -0.6870284404387195 0.13615698327196085
    outer loop
      vertex -34.74344969003154 -103.1 7.052358203103261
      vertex -34.78580646236606 -103.1 7.274400179584252
      vertex -35.16176571760103 -103.5 7.226905480549358
    endloop
  endfacet
  facet normal 0.7251966871297567 -0.687028440438719 -0.04562550826420572
    outer loop
      vertex -34.8 -103.1 7.5
      vertex -35.16176571760103 -103.5 7.773094519450642
      vertex -35.178947368421056 -103.5 7.5
    endloop
  endfacet
  facet normal 0.7251966871297568 -0.6870284404387191 0.045625508264205764
    outer loop
      vertex -34.78580646236606 -103.1 7.274400179584252
      vertex -34.8 -103.1 7.5
      vertex -35.178947368421056 -103.5 7.5
    endloop
  endfacet
  facet normal 0.7251966871297568 -0.6870284404387191 -0.045625508264205764
    outer loop
      vertex -34.8 -103.1 7.5
      vertex -34.78580646236606 -103.1 7.725599820415748
      vertex -35.16176571760103 -103.5 7.773094519450642
    endloop
  endfacet
  facet normal 0.7137599021622176 -0.6870284404387195 -0.13615698327196588
    outer loop
      vertex -34.78580646236606 -103.1 7.725599820415748
      vertex -35.110491730038184 -103.5 8.041882175190791
      vertex -35.16176571760103 -103.5 7.773094519450642
    endloop
  endfacet
  facet normal 0.7137599021622202 -0.6870284404387178 -0.13615698327196119
    outer loop
      vertex -34.78580646236606 -103.1 7.725599820415748
      vertex -34.74344969003154 -103.1 7.947641796896739
      vertex -35.110491730038184 -103.5 8.041882175190791
    endloop
  endfacet
  facet normal 0.6910666971580818 -0.6870284404387179 -0.22454118131728792
    outer loop
      vertex -34.74344969003154 -103.1 7.947641796896739
      vertex -35.025934027145986 -103.5 8.302124025323458
      vertex -35.110491730038184 -103.5 8.041882175190791
    endloop
  endfacet
  facet normal 0.691066697158078 -0.68702844043872 -0.22454118131729323
    outer loop
      vertex -34.74344969003154 -103.1 7.947641796896739
      vertex -34.67359767459885 -103.1 8.16262419483242
      vertex -35.025934027145986 -103.5 8.302124025323458
    endloop
  endfacet
  facet normal 0.6574749575165262 -0.6870284404387192 -0.3093842307988292
    outer loop
      vertex -34.67359767459885 -103.1 8.16262419483242
      vertex -34.90942613441137 -103.5 8.549715900411108
      vertex -35.025934027145986 -103.5 8.302124025323458
    endloop
  endfacet
  facet normal 0.6574749575165352 -0.6870284404387151 -0.3093842307988195
    outer loop
      vertex -34.67359767459885 -103.1 8.16262419483242
      vertex -34.577352024078955 -103.1 8.367156613383088
      vertex -34.90942613441137 -103.5 8.549715900411108
    endloop
  endfacet
  facet normal 0.4271027073368323 -0.6870284404387152 0.5878564445626966
    outer loop
      vertex -34.14736318154764 -103.1 6.113076163003579
      vertex -34.38891332503135 -103.5 5.821092197320119
      vertex -33.964488230962196 -103.1 5.980209734096373
    endloop
  endfacet
  facet normal 0.35005692585142933 -0.6870284404387175 0.6367511842877016
    outer loop
      vertex -33.766402724817134 -103.1 5.871311305561164
      vertex -34.167538384848974 -103.5 5.660253888642974
      vertex -33.9277506668839 -103.5 5.5284294751529846
    endloop
  endfacet
  facet normal 0.35005692585142595 -0.687028440438716 0.636751184287705
    outer loop
      vertex -33.964488230962196 -103.1 5.980209734096373
      vertex -34.167538384848974 -103.5 5.660253888642974
      vertex -33.766402724817134 -103.1 5.871311305561164
    endloop
  endfacet
  facet normal 0.2674905375314669 -0.6870284404387174 0.6756039774597767
    outer loop
      vertex -33.766402724817134 -103.1 5.871311305561164
      vertex -33.9277506668839 -103.5 5.5284294751529846
      vertex -33.55623058987491 -103.1 5.788098270668724
    endloop
  endfacet
  facet normal 0.18070566364354232 -0.6870284404387166 0.7038020923210527
    outer loop
      vertex -33.55623058987491 -103.1 5.788098270668724
      vertex -33.67333176669068 -103.5 5.427697906598977
      vertex -33.337286366254304 -103.1 5.7318829486883605
    endloop
  endfacet
  facet normal 0.6135144450384433 -0.6870284404387154 -0.3893481061434838
    outer loop
      vertex -34.577352024078955 -103.1 8.367156613383088
      vertex -34.762805450901205 -103.5 8.780753128679391
      vertex -34.90942613441137 -103.5 8.549715900411108
    endloop
  endfacet
  facet normal 0.6135144450384409 -0.6870284404387162 -0.3893481061434857
    outer loop
      vertex -34.577352024078955 -103.1 8.367156613383088
      vertex -34.456230589874906 -103.1 8.558013454126451
      vertex -34.762805450901205 -103.5 8.780753128679391
    endloop
  endfacet
  facet normal 0.5598784432663336 -0.6870284404387165 -0.4631717292689738
    outer loop
      vertex -34.456230589874906 -103.1 8.558013454126451
      vertex -34.5883842723814 -103.5 8.991592115023566
      vertex -34.762805450901205 -103.5 8.780753128679391
    endloop
  endfacet
  facet normal 0.5598784432663334 -0.6870284404387166 -0.463171729268974
    outer loop
      vertex -34.456230589874906 -103.1 8.558013454126451
      vertex -34.31214352935854 -103.1 8.732184790671639
      vertex -34.5883842723814 -103.5 8.991592115023566
    endloop
  endfacet
  facet normal 0.49741282398872905 -0.6870284404387165 -0.5296908575385292
    outer loop
      vertex -34.31214352935854 -103.1 8.732184790671639
      vertex -34.38891332503135 -103.5 9.17890780267988
      vertex -34.5883842723814 -103.5 8.991592115023566
    endloop
  endfacet
  facet normal 0.49741282398873315 -0.6870284404387151 -0.5296908575385273
    outer loop
      vertex -34.31214352935854 -103.1 8.732184790671639
      vertex -34.14736318154764 -103.1 8.88692383699642
      vertex -34.38891332503135 -103.5 9.17890780267988
    endloop
  endfacet
  facet normal 0.4271027073368329 -0.6870284404387152 -0.5878564445626961
    outer loop
      vertex -34.14736318154764 -103.1 8.88692383699642
      vertex -34.167538384848974 -103.5 9.339746111357025
      vertex -34.38891332503135 -103.5 9.17890780267988
    endloop
  endfacet
  facet normal 0.4271027073368345 -0.6870284404387148 -0.5878564445626957
    outer loop
      vertex -34.14736318154764 -103.1 8.88692383699642
      vertex -33.964488230962196 -103.1 9.019790265903627
      vertex -34.167538384848974 -103.5 9.339746111357025
    endloop
  endfacet
  facet normal 0.3500569258514319 -0.6870284404387154 -0.6367511842877023
    outer loop
      vertex -33.964488230962196 -103.1 9.019790265903627
      vertex -33.9277506668839 -103.5 9.471570524847015
      vertex -34.167538384848974 -103.5 9.339746111357025
    endloop
  endfacet
  facet normal 0.3500569258514253 -0.6870284404387177 -0.6367511842877037
    outer loop
      vertex -33.964488230962196 -103.1 9.019790265903627
      vertex -33.766402724817134 -103.1 9.128688694438836
      vertex -33.9277506668839 -103.5 9.471570524847015
    endloop
  endfacet
  facet normal 0.2674905375314698 -0.6870284404387176 -0.6756039774597756
    outer loop
      vertex -33.766402724817134 -103.1 9.128688694438836
      vertex -33.67333176669068 -103.5 9.572302093401024
      vertex -33.9277506668839 -103.5 9.471570524847015
    endloop
  endfacet
  facet normal 0.2674905375314694 -0.6870284404387176 -0.6756039774597756
    outer loop
      vertex -33.766402724817134 -103.1 9.128688694438836
      vertex -33.55623058987491 -103.1 9.211901729331277
      vertex -33.67333176669068 -103.5 9.572302093401024
    endloop
  endfacet
  facet normal 0.18070566364353682 -0.6870284404387172 -0.7038020923210536
    outer loop
      vertex -33.55623058987491 -103.1 9.211901729331277
      vertex -33.40829402230784 -103.5 9.64035222000883
      vertex -33.67333176669068 -103.5 9.572302093401024
    endloop
  endfacet
  facet normal 0.18070566364353968 -0.6870284404387164 -0.7038020923210537
    outer loop
      vertex -33.55623058987491 -103.1 9.211901729331277
      vertex -33.337286366254304 -103.1 9.26811705131164
      vertex -33.40829402230784 -103.5 9.64035222000883
    endloop
  endfacet
  facet normal 0.09107095349163191 -0.6870284404387164 -0.7209008277554343
    outer loop
      vertex -33.337286366254304 -103.1 9.26811705131164
      vertex -33.13681723729019 -103.5 9.67464771352266
      vertex -33.40829402230784 -103.5 9.64035222000883
    endloop
  endfacet
  facet normal 0.09107095349163018 -0.6870284404387169 -0.720900827755434
    outer loop
      vertex -33.337286366254304 -103.1 9.26811705131164
      vertex -33.11302293515276 -103.1 9.29644811117089
      vertex -33.13681723729019 -103.5 9.67464771352266
    endloop
  endfacet
  facet normal 0 -0.6870284404387167 -0.7266305264908326
    outer loop
      vertex -33.11302293515276 -103.1 9.29644811117089
      vertex -32.88697706484724 -103.1 9.29644811117089
      vertex -32.86318276270981 -103.5 9.67464771352266
    endloop
  endfacet
  facet normal 0 -0.6870284404387168 -0.7266305264908326
    outer loop
      vertex -33.11302293515276 -103.1 9.29644811117089
      vertex -32.86318276270981 -103.5 9.67464771352266
      vertex -33.13681723729019 -103.5 9.67464771352266
    endloop
  endfacet
  facet normal -0.18070566364354237 -0.6870284404387162 0.7038020923210531
    outer loop
      vertex -32.662713633745696 -103.1 5.7318829486883605
      vertex -32.59170597769216 -103.5 5.359647779991169
      vertex -32.44376941012509 -103.1 5.788098270668724
    endloop
  endfacet
  facet normal -0.26749053753146707 -0.6870284404387169 0.6756039774597772
    outer loop
      vertex -32.44376941012509 -103.1 5.788098270668724
      vertex -32.32666823330932 -103.5 5.427697906598977
      vertex -32.233597275182866 -103.1 5.871311305561164
    endloop
  endfacet
  facet normal -0.350056925851423 -0.6870284404387177 0.6367511842877048
    outer loop
      vertex -32.233597275182866 -103.1 5.871311305561164
      vertex -32.0722493331161 -103.5 5.5284294751529846
      vertex -32.035511769037804 -103.1 5.9802097340963725
    endloop
  endfacet
  facet normal -0.35005692585142795 -0.6870284404387161 0.6367511842877038
    outer loop
      vertex -32.035511769037804 -103.1 5.9802097340963725
      vertex -32.0722493331161 -103.5 5.5284294751529846
      vertex -31.832461615151026 -103.5 5.660253888642973
    endloop
  endfacet
  facet normal -0.4271027073368304 -0.6870284404387156 0.5878564445626976
    outer loop
      vertex -32.035511769037804 -103.1 5.9802097340963725
      vertex -31.832461615151026 -103.5 5.660253888642973
      vertex -31.852636818452357 -103.1 6.11307616300358
    endloop
  endfacet
  facet normal -0.427102707336826 -0.687028440438717 0.5878564445626991
    outer loop
      vertex -31.852636818452357 -103.1 6.11307616300358
      vertex -31.832461615151026 -103.5 5.660253888642973
      vertex -31.61108667496864 -103.5 5.8210921973201195
    endloop
  endfacet
  facet normal -0.49741282398874187 -0.687028440438717 0.5296908575385167
    outer loop
      vertex -31.852636818452357 -103.1 6.11307616300358
      vertex -31.61108667496864 -103.5 5.8210921973201195
      vertex -31.68785647064146 -103.1 6.267815209328361
    endloop
  endfacet
  facet normal -0.49741282398874326 -0.6870284404387166 0.5296908575385162
    outer loop
      vertex -31.68785647064146 -103.1 6.267815209328361
      vertex -31.61108667496864 -103.5 5.8210921973201195
      vertex -31.411615727618607 -103.5 6.0084078849764335
    endloop
  endfacet
  facet normal -0.5598784432663281 -0.6870284404387164 0.4631717292689809
    outer loop
      vertex -31.68785647064146 -103.1 6.267815209328361
      vertex -31.411615727618607 -103.5 6.0084078849764335
      vertex -31.543769410125094 -103.1 6.441986545873548
    endloop
  endfacet
  facet normal -0.5598784432663297 -0.6870284404387157 0.46317172926898
    outer loop
      vertex -31.543769410125094 -103.1 6.441986545873548
      vertex -31.411615727618607 -103.5 6.0084078849764335
      vertex -31.237194549098795 -103.5 6.219246871320609
    endloop
  endfacet
  facet normal -0.6135144450384421 -0.6870284404387158 0.3893481061434847
    outer loop
      vertex -31.543769410125094 -103.1 6.441986545873548
      vertex -31.237194549098795 -103.5 6.219246871320609
      vertex -31.422647975921045 -103.1 6.632843386616912
    endloop
  endfacet
  facet normal -0.6135144450384433 -0.6870284404387154 0.3893481061434838
    outer loop
      vertex -31.422647975921045 -103.1 6.632843386616912
      vertex -31.237194549098795 -103.5 6.219246871320609
      vertex -31.09057386558863 -103.5 6.450284099588892
    endloop
  endfacet
  facet normal -0.657474957516534 -0.6870284404387152 0.3093842307988216
    outer loop
      vertex -31.422647975921045 -103.1 6.632843386616912
      vertex -31.09057386558863 -103.5 6.450284099588892
      vertex -31.326402325401148 -103.1 6.837375805167579
    endloop
  endfacet
  facet normal -0.6574749575165322 -0.6870284404387161 0.30938423079882355
    outer loop
      vertex -31.326402325401148 -103.1 6.837375805167579
      vertex -31.09057386558863 -103.5 6.450284099588892
      vertex -30.974065972854017 -103.5 6.697875974676541
    endloop
  endfacet
  facet normal -0.6910666971580857 -0.6870284404387161 0.22454118131728154
    outer loop
      vertex -31.326402325401148 -103.1 6.837375805167579
      vertex -30.974065972854017 -103.5 6.697875974676541
      vertex -31.256550309968464 -103.1 7.052358203103262
    endloop
  endfacet
  facet normal -0.6910666971580826 -0.6870284404387177 0.2245411813172859
    outer loop
      vertex -31.256550309968464 -103.1 7.052358203103262
      vertex -30.974065972854017 -103.5 6.697875974676541
      vertex -30.88950826996182 -103.5 6.958117824809211
    endloop
  endfacet
  facet normal -0.7137599021622177 -0.687028440438718 0.1361569832719727
    outer loop
      vertex -31.256550309968464 -103.1 7.052358203103262
      vertex -30.88950826996182 -103.5 6.958117824809211
      vertex -31.21419353763394 -103.1 7.274400179584252
    endloop
  endfacet
  facet normal -0.7251966871297589 -0.687028440438716 0.04562550826421732
    outer loop
      vertex -31.21419353763394 -103.1 7.274400179584252
      vertex -30.838234282398975 -103.5 7.226905480549358
      vertex -31.2 -103.1 7.5
    endloop
  endfacet
  facet normal -0.7251966871297596 -0.6870284404387152 -0.04562550826421736
    outer loop
      vertex -31.2 -103.1 7.5
      vertex -30.821052631578944 -103.5 7.5
      vertex -31.21419353763394 -103.1 7.725599820415748
    endloop
  endfacet
  facet normal -0.7137599021622196 -0.687028440438716 -0.1361569832719725
    outer loop
      vertex -31.21419353763394 -103.1 7.725599820415748
      vertex -30.838234282398975 -103.5 7.773094519450643
      vertex -31.256550309968464 -103.1 7.947641796896739
    endloop
  endfacet
  facet normal -0.691066697158083 -0.687028440438718 -0.22454118131728348
    outer loop
      vertex -31.256550309968464 -103.1 7.947641796896739
      vertex -30.88950826996182 -103.5 8.041882175190791
      vertex -31.326402325401148 -103.1 8.16262419483242
    endloop
  endfacet
  facet normal -0.6574749575165338 -0.6870284404387167 -0.3093842307988189
    outer loop
      vertex -31.326402325401148 -103.1 8.16262419483242
      vertex -30.974065972854017 -103.5 8.302124025323458
      vertex -31.422647975921045 -103.1 8.367156613383088
    endloop
  endfacet
  facet normal -0.6910666971580831 -0.6870284404387166 -0.22454118131728826
    outer loop
      vertex -31.326402325401148 -103.1 8.16262419483242
      vertex -30.88950826996182 -103.5 8.041882175190791
      vertex -30.974065972854017 -103.5 8.302124025323458
    endloop
  endfacet
  facet normal -0.6574749575165332 -0.6870284404387152 -0.309384230798823
    outer loop
      vertex -31.422647975921045 -103.1 8.367156613383088
      vertex -30.974065972854017 -103.5 8.302124025323458
      vertex -31.09057386558863 -103.5 8.549715900411108
    endloop
  endfacet
  facet normal -0.7137599021622207 -0.687028440438716 0.13615698327196715
    outer loop
      vertex -31.21419353763394 -103.1 7.274400179584252
      vertex -30.88950826996182 -103.5 6.958117824809211
      vertex -30.838234282398975 -103.5 7.226905480549358
    endloop
  endfacet
  facet normal -0.7251966871297597 -0.6870284404387154 0.045625508264215485
    outer loop
      vertex -31.2 -103.1 7.5
      vertex -30.838234282398975 -103.5 7.226905480549358
      vertex -30.821052631578944 -103.5 7.5
    endloop
  endfacet
  facet normal -0.7251966871297592 -0.687028440438716 -0.0456255082642153
    outer loop
      vertex -31.21419353763394 -103.1 7.725599820415748
      vertex -30.821052631578944 -103.5 7.5
      vertex -30.838234282398975 -103.5 7.773094519450643
    endloop
  endfacet
  facet normal -0.713759902162219 -0.6870284404387179 -0.13615698327196638
    outer loop
      vertex -31.256550309968464 -103.1 7.947641796896739
      vertex -30.838234282398975 -103.5 7.773094519450643
      vertex -30.88950826996182 -103.5 8.041882175190791
    endloop
  endfacet
  facet normal -0.09107095349163025 -0.6870284404387164 -0.7209008277554345
    outer loop
      vertex -32.88697706484724 -103.1 9.29644811117089
      vertex -32.662713633745696 -103.1 9.26811705131164
      vertex -32.59170597769216 -103.5 9.64035222000883
    endloop
  endfacet
  facet normal -0.09107095349163166 -0.6870284404387169 -0.7209008277554338
    outer loop
      vertex -32.88697706484724 -103.1 9.29644811117089
      vertex -32.59170597769216 -103.5 9.64035222000883
      vertex -32.86318276270981 -103.5 9.67464771352266
    endloop
  endfacet
  facet normal -0.18070566364353946 -0.6870284404387174 -0.7038020923210528
    outer loop
      vertex -32.662713633745696 -103.1 9.26811705131164
      vertex -32.44376941012509 -103.1 9.211901729331277
      vertex -32.32666823330932 -103.5 9.572302093401024
    endloop
  endfacet
  facet normal -0.2674905375314699 -0.6870284404387176 -0.6756039774597754
    outer loop
      vertex -32.44376941012509 -103.1 9.211901729331277
      vertex -32.0722493331161 -103.5 9.471570524847015
      vertex -32.32666823330932 -103.5 9.572302093401024
    endloop
  endfacet
  facet normal -0.1807056636435371 -0.6870284404387165 -0.7038020923210544
    outer loop
      vertex -32.662713633745696 -103.1 9.26811705131164
      vertex -32.32666823330932 -103.5 9.572302093401024
      vertex -32.59170597769216 -103.5 9.64035222000883
    endloop
  endfacet
  facet normal -0.4271027073368277 -0.6870284404387171 -0.5878564445626978
    outer loop
      vertex -32.035511769037804 -103.1 9.019790265903627
      vertex -31.852636818452357 -103.1 8.88692383699642
      vertex -31.61108667496864 -103.5 9.17890780267988
    endloop
  endfacet
  facet normal -0.49741282398874115 -0.6870284404387158 -0.529690857538519
    outer loop
      vertex -31.852636818452357 -103.1 8.88692383699642
      vertex -31.68785647064146 -103.1 8.73218479067164
      vertex -31.411615727618607 -103.5 8.991592115023566
    endloop
  endfacet
  facet normal -0.26749053753146945 -0.6870284404387175 -0.6756039774597757
    outer loop
      vertex -32.44376941012509 -103.1 9.211901729331277
      vertex -32.233597275182866 -103.1 9.128688694438836
      vertex -32.0722493331161 -103.5 9.471570524847015
    endloop
  endfacet
  facet normal -0.3500569258514311 -0.6870284404387175 -0.6367511842877007
    outer loop
      vertex -32.233597275182866 -103.1 9.128688694438836
      vertex -31.832461615151026 -103.5 9.339746111357025
      vertex -32.0722493331161 -103.5 9.471570524847015
    endloop
  endfacet
  facet normal -0.35005692585142634 -0.6870284404387152 -0.6367511842877056
    outer loop
      vertex -32.035511769037804 -103.1 9.019790265903627
      vertex -31.832461615151026 -103.5 9.339746111357025
      vertex -32.233597275182866 -103.1 9.128688694438836
    endloop
  endfacet
  facet normal -0.42710270733682404 -0.6870284404387151 -0.5878564445627027
    outer loop
      vertex -32.035511769037804 -103.1 9.019790265903627
      vertex -31.61108667496864 -103.5 9.17890780267988
      vertex -31.832461615151026 -103.5 9.339746111357025
    endloop
  endfacet
  facet normal -0.5598784432663303 -0.6870284404387164 -0.46317172926897815
    outer loop
      vertex -31.543769410125094 -103.1 8.558013454126451
      vertex -31.237194549098795 -103.5 8.780753128679391
      vertex -31.68785647064146 -103.1 8.73218479067164
    endloop
  endfacet
  facet normal -0.6135144450384418 -0.6870284404387152 -0.3893481061434863
    outer loop
      vertex -31.543769410125094 -103.1 8.558013454126451
      vertex -31.422647975921045 -103.1 8.367156613383088
      vertex -31.09057386558863 -103.5 8.549715900411108
    endloop
  endfacet
  facet normal -0.497412823988743 -0.6870284404387169 -0.5296908575385157
    outer loop
      vertex -31.852636818452357 -103.1 8.88692383699642
      vertex -31.411615727618607 -103.5 8.991592115023566
      vertex -31.61108667496864 -103.5 9.17890780267988
    endloop
  endfacet
  facet normal -0.5598784432663296 -0.6870284404387157 -0.4631717292689798
    outer loop
      vertex -31.68785647064146 -103.1 8.73218479067164
      vertex -31.237194549098795 -103.5 8.780753128679391
      vertex -31.411615727618607 -103.5 8.991592115023566
    endloop
  endfacet
  facet normal -0.6135144450384425 -0.6870284404387162 -0.3893481061434833
    outer loop
      vertex -31.543769410125094 -103.1 8.558013454126451
      vertex -31.09057386558863 -103.5 8.549715900411108
      vertex -31.237194549098795 -103.5 8.780753128679391
    endloop
  endfacet
  facet normal 0.26749053753146596 -0.687028440438717 0.6756039774597776
    outer loop
      vertex 32.44376941012509 -103.1 5.788098270668724
      vertex 32.0722493331161 -103.5 5.5284294751529846
      vertex 32.32666823330932 -103.5 5.427697906598977
    endloop
  endfacet
  facet normal 0.18070566364354154 -0.6870284404387162 0.7038020923210534
    outer loop
      vertex 32.662713633745696 -103.1 5.7318829486883605
      vertex 32.32666823330932 -103.5 5.427697906598977
      vertex 32.59170597769216 -103.5 5.359647779991169
    endloop
  endfacet
  facet normal 0.09107095349163025 -0.6870284404387164 0.7209008277554345
    outer loop
      vertex 32.662713633745696 -103.1 5.7318829486883605
      vertex 32.59170597769216 -103.5 5.359647779991169
      vertex 32.88697706484724 -103.1 5.703551888829111
    endloop
  endfacet
  facet normal 0.09107095349163166 -0.6870284404387169 0.7209008277554338
    outer loop
      vertex 32.88697706484724 -103.1 5.703551888829111
      vertex 32.59170597769216 -103.5 5.359647779991169
      vertex 32.86318276270981 -103.5 5.32535228647734
    endloop
  endfacet
  facet normal 0 -0.6870284404387167 0.7266305264908326
    outer loop
      vertex 32.88697706484724 -103.1 5.703551888829111
      vertex 32.86318276270981 -103.5 5.32535228647734
      vertex 33.11302293515276 -103.1 5.703551888829111
    endloop
  endfacet
  facet normal 0 -0.6870284404387168 0.7266305264908326
    outer loop
      vertex 33.11302293515276 -103.1 5.703551888829111
      vertex 32.86318276270981 -103.5 5.32535228647734
      vertex 33.13681723729019 -103.5 5.32535228647734
    endloop
  endfacet
  facet normal -0.09107095349163019 -0.6870284404387169 0.7209008277554341
    outer loop
      vertex 33.11302293515276 -103.1 5.703551888829111
      vertex 33.13681723729019 -103.5 5.32535228647734
      vertex 33.337286366254304 -103.1 5.7318829486883605
    endloop
  endfacet
  facet normal -0.09107095349163191 -0.6870284404387164 0.7209008277554343
    outer loop
      vertex 33.337286366254304 -103.1 5.7318829486883605
      vertex 33.13681723729019 -103.5 5.32535228647734
      vertex 33.40829402230784 -103.5 5.359647779991169
    endloop
  endfacet
  facet normal -0.1807056636435415 -0.6870284404387166 0.7038020923210531
    outer loop
      vertex 33.55623058987491 -103.1 5.788098270668724
      vertex 33.40829402230784 -103.5 5.359647779991169
      vertex 33.67333176669068 -103.5 5.427697906598977
    endloop
  endfacet
  facet normal -0.26749053753146584 -0.6870284404387174 0.6756039774597772
    outer loop
      vertex 33.766402724817134 -103.1 5.871311305561164
      vertex 33.67333176669068 -103.5 5.427697906598977
      vertex 33.9277506668839 -103.5 5.5284294751529846
    endloop
  endfacet
  facet normal 0.5598784432663293 -0.6870284404387164 0.4631717292689795
    outer loop
      vertex 31.68785647064146 -103.1 6.267815209328361
      vertex 31.237194549098795 -103.5 6.219246871320609
      vertex 31.411615727618607 -103.5 6.0084078849764335
    endloop
  endfacet
  facet normal 0.49741282398873954 -0.6870284404387171 0.529690857538519
    outer loop
      vertex 31.85263681845236 -103.1 6.113076163003579
      vertex 31.411615727618607 -103.5 6.0084078849764335
      vertex 31.611086674968643 -103.5 5.821092197320119
    endloop
  endfacet
  facet normal 0.5598784432663285 -0.6870284404387157 0.46317172926898137
    outer loop
      vertex 31.543769410125094 -103.1 6.441986545873548
      vertex 31.237194549098795 -103.5 6.219246871320609
      vertex 31.68785647064146 -103.1 6.267815209328361
    endloop
  endfacet
  facet normal 0.6574749575165332 -0.6870284404387152 0.309384230798823
    outer loop
      vertex 31.422647975921045 -103.1 6.632843386616912
      vertex 30.974065972854017 -103.5 6.697875974676542
      vertex 31.09057386558863 -103.5 6.450284099588892
    endloop
  endfacet
  facet normal 0.613514445038443 -0.6870284404387158 0.38934810614348353
    outer loop
      vertex 31.543769410125094 -103.1 6.441986545873548
      vertex 31.09057386558863 -103.5 6.450284099588892
      vertex 31.237194549098795 -103.5 6.219246871320609
    endloop
  endfacet
  facet normal 0.6910666971580834 -0.6870284404387164 0.22454118131728765
    outer loop
      vertex 31.326402325401148 -103.1 6.8373758051675795
      vertex 30.88950826996182 -103.5 6.95811782480921
      vertex 30.974065972854017 -103.5 6.697875974676542
    endloop
  endfacet
  facet normal 0.6910666971580836 -0.6870284404387178 0.2245411813172827
    outer loop
      vertex 31.256550309968464 -103.1 7.052358203103261
      vertex 30.88950826996182 -103.5 6.95811782480921
      vertex 31.326402325401148 -103.1 6.8373758051675795
    endloop
  endfacet
  facet normal 0.6574749575165337 -0.6870284404387161 0.3093842307988201
    outer loop
      vertex 31.422647975921045 -103.1 6.632843386616912
      vertex 31.326402325401148 -103.1 6.8373758051675795
      vertex 30.974065972854017 -103.5 6.697875974676542
    endloop
  endfacet
  facet normal 0.6135144450384425 -0.6870284404387154 0.389348106143485
    outer loop
      vertex 31.543769410125094 -103.1 6.441986545873548
      vertex 31.422647975921045 -103.1 6.632843386616912
      vertex 31.09057386558863 -103.5 6.450284099588892
    endloop
  endfacet
  facet normal 0.7137599021622192 -0.6870284404387178 0.13615698327196643
    outer loop
      vertex 31.256550309968464 -103.1 7.052358203103261
      vertex 30.838234282398975 -103.5 7.226905480549358
      vertex 30.88950826996182 -103.5 6.95811782480921
    endloop
  endfacet
  facet normal 0.7251966871297592 -0.6870284404387159 0.04562550826421545
    outer loop
      vertex 31.21419353763394 -103.1 7.274400179584252
      vertex 30.821052631578944 -103.5 7.5
      vertex 30.838234282398975 -103.5 7.226905480549358
    endloop
  endfacet
  facet normal 0.7251966871297597 -0.6870284404387154 -0.045625508264215485
    outer loop
      vertex 31.2 -103.1 7.5
      vertex 30.838234282398975 -103.5 7.773094519450642
      vertex 30.821052631578944 -103.5 7.5
    endloop
  endfacet
  facet normal 0.7137599021622208 -0.6870284404387161 -0.1361569832719663
    outer loop
      vertex 31.21419353763394 -103.1 7.725599820415748
      vertex 30.88950826996182 -103.5 8.041882175190791
      vertex 30.838234282398975 -103.5 7.773094519450642
    endloop
  endfacet
  facet normal 0.7137599021622197 -0.6870284404387158 0.13615698327197254
    outer loop
      vertex 31.256550309968464 -103.1 7.052358203103261
      vertex 31.21419353763394 -103.1 7.274400179584252
      vertex 30.838234282398975 -103.5 7.226905480549358
    endloop
  endfacet
  facet normal 0.7251966871297596 -0.6870284404387152 0.04562550826421736
    outer loop
      vertex 31.21419353763394 -103.1 7.274400179584252
      vertex 31.2 -103.1 7.5
      vertex 30.821052631578944 -103.5 7.5
    endloop
  endfacet
  facet normal 0.7251966871297589 -0.687028440438716 -0.04562550826421732
    outer loop
      vertex 31.2 -103.1 7.5
      vertex 31.21419353763394 -103.1 7.725599820415748
      vertex 30.838234282398975 -103.5 7.773094519450642
    endloop
  endfacet
  facet normal 0.7137599021622177 -0.6870284404387181 -0.13615698327197215
    outer loop
      vertex 31.21419353763394 -103.1 7.725599820415748
      vertex 31.256550309968464 -103.1 7.947641796896739
      vertex 30.88950826996182 -103.5 8.041882175190791
    endloop
  endfacet
  facet normal 0.6910666971580818 -0.6870284404387179 -0.22454118131728792
    outer loop
      vertex 31.256550309968464 -103.1 7.947641796896739
      vertex 30.974065972854017 -103.5 8.302124025323458
      vertex 30.88950826996182 -103.5 8.041882175190791
    endloop
  endfacet
  facet normal 0.6574749575165324 -0.6870284404387165 -0.30938423079882255
    outer loop
      vertex 31.326402325401148 -103.1 8.16262419483242
      vertex 31.09057386558863 -103.5 8.549715900411108
      vertex 30.974065972854017 -103.5 8.302124025323458
    endloop
  endfacet
  facet normal 0.6910666971580846 -0.6870284404387164 -0.22454118131728396
    outer loop
      vertex 31.256550309968464 -103.1 7.947641796896739
      vertex 31.326402325401148 -103.1 8.16262419483242
      vertex 30.974065972854017 -103.5 8.302124025323458
    endloop
  endfacet
  facet normal 0.6574749575165352 -0.6870284404387151 -0.3093842307988195
    outer loop
      vertex 31.326402325401148 -103.1 8.16262419483242
      vertex 31.422647975921045 -103.1 8.367156613383088
      vertex 31.09057386558863 -103.5 8.549715900411108
    endloop
  endfacet
  facet normal 0.4271027073368282 -0.6870284404387156 0.587856444562699
    outer loop
      vertex 32.035511769037804 -103.1 5.980209734096373
      vertex 31.611086674968643 -103.5 5.821092197320119
      vertex 31.832461615151026 -103.5 5.660253888642974
    endloop
  endfacet
  facet normal 0.4271027073368312 -0.6870284404387174 0.5878564445626951
    outer loop
      vertex 31.85263681845236 -103.1 6.113076163003579
      vertex 31.611086674968643 -103.5 5.821092197320119
      vertex 32.035511769037804 -103.1 5.980209734096373
    endloop
  endfacet
  facet normal 0.49741282398873815 -0.6870284404387164 0.5296908575385212
    outer loop
      vertex 31.68785647064146 -103.1 6.267815209328361
      vertex 31.411615727618607 -103.5 6.0084078849764335
      vertex 31.85263681845236 -103.1 6.113076163003579
    endloop
  endfacet
  facet normal 0.35005692585142933 -0.6870284404387175 0.6367511842877016
    outer loop
      vertex 32.233597275182866 -103.1 5.871311305561164
      vertex 31.832461615151026 -103.5 5.660253888642974
      vertex 32.0722493331161 -103.5 5.5284294751529846
    endloop
  endfacet
  facet normal 0.35005692585142595 -0.687028440438716 0.636751184287705
    outer loop
      vertex 32.035511769037804 -103.1 5.980209734096373
      vertex 31.832461615151026 -103.5 5.660253888642974
      vertex 32.233597275182866 -103.1 5.871311305561164
    endloop
  endfacet
  facet normal 0.2674905375314669 -0.6870284404387174 0.6756039774597767
    outer loop
      vertex 32.44376941012509 -103.1 5.788098270668724
      vertex 32.233597275182866 -103.1 5.871311305561164
      vertex 32.0722493331161 -103.5 5.5284294751529846
    endloop
  endfacet
  facet normal 0.18070566364354232 -0.6870284404387166 0.7038020923210527
    outer loop
      vertex 32.44376941012509 -103.1 5.788098270668724
      vertex 32.32666823330932 -103.5 5.427697906598977
      vertex 32.662713633745696 -103.1 5.7318829486883605
    endloop
  endfacet
  facet normal 0.6135144450384433 -0.6870284404387154 -0.3893481061434838
    outer loop
      vertex 31.422647975921045 -103.1 8.367156613383088
      vertex 31.237194549098795 -103.5 8.780753128679391
      vertex 31.09057386558863 -103.5 8.549715900411108
    endloop
  endfacet
  facet normal 0.6135144450384409 -0.6870284404387162 -0.3893481061434857
    outer loop
      vertex 31.422647975921045 -103.1 8.367156613383088
      vertex 31.543769410125094 -103.1 8.558013454126451
      vertex 31.237194549098795 -103.5 8.780753128679391
    endloop
  endfacet
  facet normal 0.5598784432663293 -0.6870284404387164 -0.4631717292689797
    outer loop
      vertex 31.543769410125094 -103.1 8.558013454126451
      vertex 31.411615727618607 -103.5 8.991592115023566
      vertex 31.237194549098795 -103.5 8.780753128679391
    endloop
  endfacet
  facet normal 0.5598784432663276 -0.6870284404387169 -0.46317172926898065
    outer loop
      vertex 31.543769410125094 -103.1 8.558013454126451
      vertex 31.68785647064146 -103.1 8.732184790671639
      vertex 31.411615727618607 -103.5 8.991592115023566
    endloop
  endfacet
  facet normal 0.4974128239887383 -0.687028440438717 -0.5296908575385202
    outer loop
      vertex 31.68785647064146 -103.1 8.732184790671639
      vertex 31.611086674968643 -103.5 9.17890780267988
      vertex 31.411615727618607 -103.5 8.991592115023566
    endloop
  endfacet
  facet normal 0.49741282398873754 -0.6870284404387172 -0.5296908575385205
    outer loop
      vertex 31.68785647064146 -103.1 8.732184790671639
      vertex 31.85263681845236 -103.1 8.88692383699642
      vertex 31.611086674968643 -103.5 9.17890780267988
    endloop
  endfacet
  facet normal 0.4271027073368274 -0.687028440438717 -0.587856444562698
    outer loop
      vertex 31.85263681845236 -103.1 8.88692383699642
      vertex 31.832461615151026 -103.5 9.339746111357025
      vertex 31.611086674968643 -103.5 9.17890780267988
    endloop
  endfacet
  facet normal 0.4271027073368345 -0.6870284404387148 -0.5878564445626957
    outer loop
      vertex 31.85263681845236 -103.1 8.88692383699642
      vertex 32.035511769037804 -103.1 9.019790265903627
      vertex 31.832461615151026 -103.5 9.339746111357025
    endloop
  endfacet
  facet normal 0.3500569258514319 -0.6870284404387154 -0.6367511842877023
    outer loop
      vertex 32.035511769037804 -103.1 9.019790265903627
      vertex 32.0722493331161 -103.5 9.471570524847015
      vertex 31.832461615151026 -103.5 9.339746111357025
    endloop
  endfacet
  facet normal 0.3500569258514253 -0.6870284404387177 -0.6367511842877037
    outer loop
      vertex 32.035511769037804 -103.1 9.019790265903627
      vertex 32.233597275182866 -103.1 9.128688694438836
      vertex 32.0722493331161 -103.5 9.471570524847015
    endloop
  endfacet
  facet normal 0.2674905375314698 -0.6870284404387176 -0.6756039774597756
    outer loop
      vertex 32.233597275182866 -103.1 9.128688694438836
      vertex 32.32666823330932 -103.5 9.572302093401024
      vertex 32.0722493331161 -103.5 9.471570524847015
    endloop
  endfacet
  facet normal 0.2674905375314694 -0.6870284404387176 -0.6756039774597756
    outer loop
      vertex 32.233597275182866 -103.1 9.128688694438836
      vertex 32.44376941012509 -103.1 9.211901729331277
      vertex 32.32666823330932 -103.5 9.572302093401024
    endloop
  endfacet
  facet normal 0.18070566364353682 -0.6870284404387172 -0.7038020923210536
    outer loop
      vertex 32.44376941012509 -103.1 9.211901729331277
      vertex 32.59170597769216 -103.5 9.64035222000883
      vertex 32.32666823330932 -103.5 9.572302093401024
    endloop
  endfacet
  facet normal 0.18070566364353968 -0.6870284404387164 -0.7038020923210537
    outer loop
      vertex 32.44376941012509 -103.1 9.211901729331277
      vertex 32.662713633745696 -103.1 9.26811705131164
      vertex 32.59170597769216 -103.5 9.64035222000883
    endloop
  endfacet
  facet normal 0.09107095349163018 -0.6870284404387169 -0.720900827755434
    outer loop
      vertex 32.662713633745696 -103.1 9.26811705131164
      vertex 32.88697706484724 -103.1 9.29644811117089
      vertex 32.86318276270981 -103.5 9.67464771352266
    endloop
  endfacet
  facet normal 0.09107095349163191 -0.6870284404387164 -0.7209008277554343
    outer loop
      vertex 32.662713633745696 -103.1 9.26811705131164
      vertex 32.86318276270981 -103.5 9.67464771352266
      vertex 32.59170597769216 -103.5 9.64035222000883
    endloop
  endfacet
  facet normal -0.18070566364354237 -0.6870284404387162 0.7038020923210531
    outer loop
      vertex 33.337286366254304 -103.1 5.7318829486883605
      vertex 33.40829402230784 -103.5 5.359647779991169
      vertex 33.55623058987491 -103.1 5.788098270668724
    endloop
  endfacet
  facet normal -0.26749053753146707 -0.6870284404387169 0.6756039774597772
    outer loop
      vertex 33.55623058987491 -103.1 5.788098270668724
      vertex 33.67333176669068 -103.5 5.427697906598977
      vertex 33.766402724817134 -103.1 5.871311305561164
    endloop
  endfacet
  facet normal -0.350056925851423 -0.6870284404387177 0.6367511842877048
    outer loop
      vertex 33.766402724817134 -103.1 5.871311305561164
      vertex 33.9277506668839 -103.5 5.5284294751529846
      vertex 33.964488230962196 -103.1 5.9802097340963725
    endloop
  endfacet
  facet normal -0.35005692585142795 -0.6870284404387161 0.6367511842877038
    outer loop
      vertex 33.964488230962196 -103.1 5.9802097340963725
      vertex 33.9277506668839 -103.5 5.5284294751529846
      vertex 34.167538384848974 -103.5 5.660253888642973
    endloop
  endfacet
  facet normal -0.427102707336836 -0.6870284404387154 0.5878564445626939
    outer loop
      vertex 33.964488230962196 -103.1 5.9802097340963725
      vertex 34.167538384848974 -103.5 5.660253888642973
      vertex 34.14736318154764 -103.1 6.11307616300358
    endloop
  endfacet
  facet normal -0.42710270733682487 -0.687028440438719 0.5878564445626975
    outer loop
      vertex 34.14736318154764 -103.1 6.11307616300358
      vertex 34.167538384848974 -103.5 5.660253888642973
      vertex 34.38891332503136 -103.5 5.8210921973201195
    endloop
  endfacet
  facet normal -0.4974128239887286 -0.6870284404387199 0.5296908575385255
    outer loop
      vertex 34.14736318154764 -103.1 6.11307616300358
      vertex 34.38891332503136 -103.5 5.8210921973201195
      vertex 34.31214352935854 -103.1 6.267815209328361
    endloop
  endfacet
  facet normal -0.4974128239887386 -0.6870284404387164 0.5296908575385206
    outer loop
      vertex 34.31214352935854 -103.1 6.267815209328361
      vertex 34.38891332503136 -103.5 5.8210921973201195
      vertex 34.5883842723814 -103.5 6.0084078849764335
    endloop
  endfacet
  facet normal -0.5598784432663338 -0.687028440438716 0.4631717292689743
    outer loop
      vertex 34.31214352935854 -103.1 6.267815209328361
      vertex 34.5883842723814 -103.5 6.0084078849764335
      vertex 34.456230589874906 -103.1 6.441986545873548
    endloop
  endfacet
  facet normal -0.5598784432663342 -0.6870284404387159 0.46317172926897415
    outer loop
      vertex 34.456230589874906 -103.1 6.441986545873548
      vertex 34.5883842723814 -103.5 6.0084078849764335
      vertex 34.762805450901205 -103.5 6.219246871320609
    endloop
  endfacet
  facet normal -0.6135144450384421 -0.6870284404387158 0.3893481061434847
    outer loop
      vertex 34.456230589874906 -103.1 6.441986545873548
      vertex 34.762805450901205 -103.5 6.219246871320609
      vertex 34.577352024078955 -103.1 6.632843386616912
    endloop
  endfacet
  facet normal -0.6135144450384433 -0.6870284404387154 0.3893481061434838
    outer loop
      vertex 34.577352024078955 -103.1 6.632843386616912
      vertex 34.762805450901205 -103.5 6.219246871320609
      vertex 34.90942613441137 -103.5 6.450284099588892
    endloop
  endfacet
  facet normal -0.657474957516534 -0.6870284404387152 0.3093842307988216
    outer loop
      vertex 34.577352024078955 -103.1 6.632843386616912
      vertex 34.90942613441137 -103.5 6.450284099588892
      vertex 34.67359767459885 -103.1 6.837375805167579
    endloop
  endfacet
  facet normal -0.6574749575165261 -0.6870284404387188 0.3093842307988303
    outer loop
      vertex 34.67359767459885 -103.1 6.837375805167579
      vertex 34.90942613441137 -103.5 6.450284099588892
      vertex 35.025934027145986 -103.5 6.697875974676541
    endloop
  endfacet
  facet normal -0.691066697158079 -0.6870284404387197 0.22454118131729078
    outer loop
      vertex 34.67359767459885 -103.1 6.837375805167579
      vertex 35.025934027145986 -103.5 6.697875974676541
      vertex 34.74344969003154 -103.1 7.052358203103262
    endloop
  endfacet
  facet normal -0.6910666971580826 -0.6870284404387177 0.2245411813172859
    outer loop
      vertex 34.74344969003154 -103.1 7.052358203103262
      vertex 35.025934027145986 -103.5 6.697875974676541
      vertex 35.110491730038184 -103.5 6.958117824809211
    endloop
  endfacet
  facet normal -0.6574749575165313 -0.6870284404387197 -0.30938423079881766
    outer loop
      vertex 34.577352024078955 -103.1 8.367156613383088
      vertex 34.67359767459885 -103.1 8.16262419483242
      vertex 35.025934027145986 -103.5 8.302124025323458
    endloop
  endfacet
  facet normal -0.7137599021622202 -0.6870284404387176 0.13615698327196174
    outer loop
      vertex 34.74344969003154 -103.1 7.052358203103262
      vertex 35.110491730038184 -103.5 6.958117824809211
      vertex 34.78580646236606 -103.1 7.274400179584252
    endloop
  endfacet
  facet normal -0.7251966871297568 -0.6870284404387191 0.045625508264205764
    outer loop
      vertex 34.78580646236606 -103.1 7.274400179584252
      vertex 35.16176571760103 -103.5 7.226905480549358
      vertex 34.8 -103.1 7.5
    endloop
  endfacet
  facet normal -0.7137599021622175 -0.6870284404387194 0.13615698327196674
    outer loop
      vertex 34.78580646236606 -103.1 7.274400179584252
      vertex 35.110491730038184 -103.5 6.958117824809211
      vertex 35.16176571760103 -103.5 7.226905480549358
    endloop
  endfacet
  facet normal -0.7251966871297568 -0.6870284404387191 -0.045625508264205764
    outer loop
      vertex 34.8 -103.1 7.5
      vertex 35.178947368421056 -103.5 7.5
      vertex 34.78580646236606 -103.1 7.725599820415748
    endloop
  endfacet
  facet normal -0.7251966871297567 -0.687028440438719 0.04562550826420572
    outer loop
      vertex 34.8 -103.1 7.5
      vertex 35.16176571760103 -103.5 7.226905480549358
      vertex 35.178947368421056 -103.5 7.5
    endloop
  endfacet
  facet normal -0.7251966871297567 -0.687028440438719 -0.04562550826420557
    outer loop
      vertex 34.78580646236606 -103.1 7.725599820415748
      vertex 35.178947368421056 -103.5 7.5
      vertex 35.16176571760103 -103.5 7.773094519450643
    endloop
  endfacet
  facet normal -0.7137599021622183 -0.6870284404387197 -0.13615698327196082
    outer loop
      vertex 34.78580646236606 -103.1 7.725599820415748
      vertex 35.16176571760103 -103.5 7.773094519450643
      vertex 34.74344969003154 -103.1 7.947641796896739
    endloop
  endfacet
  facet normal -0.69106669715808 -0.6870284404387178 -0.2245411813172939
    outer loop
      vertex 34.74344969003154 -103.1 7.947641796896739
      vertex 35.110491730038184 -103.5 8.041882175190791
      vertex 34.67359767459885 -103.1 8.16262419483242
    endloop
  endfacet
  facet normal -0.713759902162219 -0.6870284404387179 -0.13615698327196638
    outer loop
      vertex 34.74344969003154 -103.1 7.947641796896739
      vertex 35.16176571760103 -103.5 7.773094519450643
      vertex 35.110491730038184 -103.5 8.041882175190791
    endloop
  endfacet
  facet normal -0.6910666971580801 -0.6870284404387199 -0.22454118131728712
    outer loop
      vertex 34.67359767459885 -103.1 8.16262419483242
      vertex 35.110491730038184 -103.5 8.041882175190791
      vertex 35.025934027145986 -103.5 8.302124025323458
    endloop
  endfacet
  facet normal -0.6574749575165295 -0.6870284404387156 -0.30938423079883065
    outer loop
      vertex 34.577352024078955 -103.1 8.367156613383088
      vertex 35.025934027145986 -103.5 8.302124025323458
      vertex 34.90942613441137 -103.5 8.549715900411108
    endloop
  endfacet
  facet normal 0 -0.6870284404387167 -0.7266305264908326
    outer loop
      vertex 32.88697706484724 -103.1 9.29644811117089
      vertex 33.11302293515276 -103.1 9.29644811117089
      vertex 33.13681723729019 -103.5 9.67464771352266
    endloop
  endfacet
  facet normal 0 -0.6870284404387168 -0.7266305264908326
    outer loop
      vertex 32.88697706484724 -103.1 9.29644811117089
      vertex 33.13681723729019 -103.5 9.67464771352266
      vertex 32.86318276270981 -103.5 9.67464771352266
    endloop
  endfacet
  facet normal -0.09107095349163166 -0.6870284404387169 -0.7209008277554338
    outer loop
      vertex 33.11302293515276 -103.1 9.29644811117089
      vertex 33.40829402230784 -103.5 9.64035222000883
      vertex 33.13681723729019 -103.5 9.67464771352266
    endloop
  endfacet
  facet normal -0.09107095349163025 -0.6870284404387164 -0.7209008277554345
    outer loop
      vertex 33.11302293515276 -103.1 9.29644811117089
      vertex 33.337286366254304 -103.1 9.26811705131164
      vertex 33.40829402230784 -103.5 9.64035222000883
    endloop
  endfacet
  facet normal -0.18070566364353946 -0.6870284404387174 -0.7038020923210528
    outer loop
      vertex 33.337286366254304 -103.1 9.26811705131164
      vertex 33.55623058987491 -103.1 9.211901729331277
      vertex 33.67333176669068 -103.5 9.572302093401024
    endloop
  endfacet
  facet normal -0.1807056636435371 -0.6870284404387165 -0.7038020923210544
    outer loop
      vertex 33.337286366254304 -103.1 9.26811705131164
      vertex 33.67333176669068 -103.5 9.572302093401024
      vertex 33.40829402230784 -103.5 9.64035222000883
    endloop
  endfacet
  facet normal -0.4271027073368319 -0.6870284404387194 -0.5878564445626921
    outer loop
      vertex 33.964488230962196 -103.1 9.019790265903627
      vertex 34.14736318154764 -103.1 8.88692383699642
      vertex 34.38891332503136 -103.5 9.17890780267988
    endloop
  endfacet
  facet normal -0.26749053753146945 -0.6870284404387175 -0.6756039774597757
    outer loop
      vertex 33.55623058987491 -103.1 9.211901729331277
      vertex 33.766402724817134 -103.1 9.128688694438836
      vertex 33.9277506668839 -103.5 9.471570524847015
    endloop
  endfacet
  facet normal -0.2674905375314699 -0.6870284404387176 -0.6756039774597754
    outer loop
      vertex 33.55623058987491 -103.1 9.211901729331277
      vertex 33.9277506668839 -103.5 9.471570524847015
      vertex 33.67333176669068 -103.5 9.572302093401024
    endloop
  endfacet
  facet normal -0.3500569258514311 -0.6870284404387175 -0.6367511842877007
    outer loop
      vertex 33.766402724817134 -103.1 9.128688694438836
      vertex 34.167538384848974 -103.5 9.339746111357025
      vertex 33.9277506668839 -103.5 9.471570524847015
    endloop
  endfacet
  facet normal -0.35005692585142634 -0.6870284404387152 -0.6367511842877056
    outer loop
      vertex 33.964488230962196 -103.1 9.019790265903627
      vertex 34.167538384848974 -103.5 9.339746111357025
      vertex 33.766402724817134 -103.1 9.128688694438836
    endloop
  endfacet
  facet normal -0.49741282398873005 -0.6870284404387152 -0.5296908575385301
    outer loop
      vertex 34.14736318154764 -103.1 8.88692383699642
      vertex 34.31214352935854 -103.1 8.73218479067164
      vertex 34.5883842723814 -103.5 8.991592115023566
    endloop
  endfacet
  facet normal -0.4974128239887366 -0.6870284404387195 -0.5296908575385183
    outer loop
      vertex 34.14736318154764 -103.1 8.88692383699642
      vertex 34.5883842723814 -103.5 8.991592115023566
      vertex 34.38891332503136 -103.5 9.17890780267988
    endloop
  endfacet
  facet normal -0.5598784432663357 -0.6870284404387167 -0.4631717292689712
    outer loop
      vertex 34.31214352935854 -103.1 8.73218479067164
      vertex 34.456230589874906 -103.1 8.558013454126451
      vertex 34.762805450901205 -103.5 8.780753128679391
    endloop
  endfacet
  facet normal -0.6135144450384418 -0.6870284404387152 -0.3893481061434863
    outer loop
      vertex 34.577352024078955 -103.1 8.367156613383088
      vertex 34.90942613441137 -103.5 8.549715900411108
      vertex 34.456230589874906 -103.1 8.558013454126451
    endloop
  endfacet
  facet normal -0.6135144450384425 -0.6870284404387162 -0.3893481061434833
    outer loop
      vertex 34.456230589874906 -103.1 8.558013454126451
      vertex 34.90942613441137 -103.5 8.549715900411108
      vertex 34.762805450901205 -103.5 8.780753128679391
    endloop
  endfacet
  facet normal -0.5598784432663345 -0.6870284404387156 -0.46317172926897443
    outer loop
      vertex 34.31214352935854 -103.1 8.73218479067164
      vertex 34.762805450901205 -103.5 8.780753128679391
      vertex 34.5883842723814 -103.5 8.991592115023566
    endloop
  endfacet
  facet normal -0.42710270733682404 -0.6870284404387151 -0.5878564445627027
    outer loop
      vertex 33.964488230962196 -103.1 9.019790265903627
      vertex 34.38891332503136 -103.5 9.17890780267988
      vertex 34.167538384848974 -103.5 9.339746111357025
    endloop
  endfacet
  facet normal 0.6135144450384383 -0.6870284404387165 0.38934810614348964
    outer loop
      vertex 31.543769410125094 -103.1 81.44198654587355
      vertex 31.09057386558863 -103.5 81.45028409958888
      vertex 31.237194549098795 -103.5 81.2192468713206
    endloop
  endfacet
  facet normal 0.5598784432663257 -0.687028440438716 0.4631717292689843
    outer loop
      vertex 31.68785647064146 -103.1 81.26781520932836
      vertex 31.237194549098795 -103.5 81.2192468713206
      vertex 31.411615727618607 -103.5 81.00840788497644
    endloop
  endfacet
  facet normal 0.497412823988732 -0.6870284404387151 0.5296908575385286
    outer loop
      vertex 31.85263681845236 -103.1 81.11307616300358
      vertex 31.411615727618607 -103.5 81.00840788497644
      vertex 31.611086674968643 -103.5 80.82109219732013
    endloop
  endfacet
  facet normal 0.6135144450384404 -0.6870284404387191 0.3893481061434818
    outer loop
      vertex 31.422647975921045 -103.1 81.63284338661691
      vertex 31.09057386558863 -103.5 81.45028409958888
      vertex 31.543769410125094 -103.1 81.44198654587355
    endloop
  endfacet
  facet normal 0.5598784432663259 -0.6870284404387161 0.4631717292689839
    outer loop
      vertex 31.68785647064146 -103.1 81.26781520932836
      vertex 31.543769410125094 -103.1 81.44198654587355
      vertex 31.237194549098795 -103.5 81.2192468713206
    endloop
  endfacet
  facet normal 0.42710270733684685 -0.687028440438721 0.5878564445626794
    outer loop
      vertex 32.035511769037804 -103.1 80.98020973409638
      vertex 31.611086674968643 -103.5 80.82109219732013
      vertex 31.832461615151026 -103.5 80.66025388864297
    endloop
  endfacet
  facet normal 0.35005692585143156 -0.687028440438723 0.6367511842876944
    outer loop
      vertex 32.233597275182866 -103.1 80.87131130556116
      vertex 32.035511769037804 -103.1 80.98020973409638
      vertex 31.832461615151026 -103.5 80.66025388864297
    endloop
  endfacet
  facet normal 0.350056925851411 -0.6870284404387137 0.6367511842877156
    outer loop
      vertex 32.233597275182866 -103.1 80.87131130556116
      vertex 31.832461615151026 -103.5 80.66025388864297
      vertex 32.0722493331161 -103.5 80.52842947515299
    endloop
  endfacet
  facet normal 0.2674905375314613 -0.6870284404387124 0.6756039774597841
    outer loop
      vertex 32.233597275182866 -103.1 80.87131130556116
      vertex 32.0722493331161 -103.5 80.52842947515299
      vertex 32.44376941012509 -103.1 80.78809827066873
    endloop
  endfacet
  facet normal 0.4974128239887326 -0.6870284404387154 0.5296908575385274
    outer loop
      vertex 31.68785647064146 -103.1 81.26781520932836
      vertex 31.411615727618607 -103.5 81.00840788497644
      vertex 31.85263681845236 -103.1 81.11307616300358
    endloop
  endfacet
  facet normal 0.4271027073368346 -0.6870284404387146 0.5878564445626958
    outer loop
      vertex 31.85263681845236 -103.1 81.11307616300358
      vertex 31.611086674968643 -103.5 80.82109219732013
      vertex 32.035511769037804 -103.1 80.98020973409638
    endloop
  endfacet
  facet normal 0.18070566364352444 -0.6870284404387135 0.7038020923210604
    outer loop
      vertex 32.662713633745696 -103.1 80.73188294868837
      vertex 32.32666823330932 -103.5 80.42769790659898
      vertex 32.59170597769216 -103.5 80.35964777999118
    endloop
  endfacet
  facet normal 0.267490537531474 -0.6870284404387175 0.675603977459774
    outer loop
      vertex 32.44376941012509 -103.1 80.78809827066873
      vertex 32.0722493331161 -103.5 80.52842947515299
      vertex 32.32666823330932 -103.5 80.42769790659898
    endloop
  endfacet
  facet normal 0.18070566364353416 -0.6870284404387171 0.7038020923210544
    outer loop
      vertex 32.44376941012509 -103.1 80.78809827066873
      vertex 32.32666823330932 -103.5 80.42769790659898
      vertex 32.662713633745696 -103.1 80.73188294868837
    endloop
  endfacet
  facet normal 0.09107095349165496 -0.6870284404387161 0.7209008277554315
    outer loop
      vertex 32.88697706484724 -103.1 80.70355188882911
      vertex 32.59170597769216 -103.5 80.35964777999118
      vertex 32.86318276270981 -103.5 80.32535228647734
    endloop
  endfacet
  facet normal 0.09107095349164746 -0.6870284404387134 0.7209008277554351
    outer loop
      vertex 32.662713633745696 -103.1 80.73188294868837
      vertex 32.59170597769216 -103.5 80.35964777999118
      vertex 32.88697706484724 -103.1 80.70355188882911
    endloop
  endfacet
  facet normal 0.7137599021622177 -0.6870284404387171 0.13615698327197695
    outer loop
      vertex 31.256550309968464 -103.1 82.05235820310327
      vertex 30.838234282398975 -103.5 82.22690548054935
      vertex 30.88950826996182 -103.5 81.95811782480922
    endloop
  endfacet
  facet normal 0.7251966871297589 -0.6870284404387162 0.045625508264213806
    outer loop
      vertex 31.21419353763394 -103.1 82.27440017958425
      vertex 30.821052631578944 -103.5 82.5
      vertex 30.838234282398975 -103.5 82.22690548054935
    endloop
  endfacet
  facet normal 0.7251966871297597 -0.6870284404387154 -0.045625508264213854
    outer loop
      vertex 31.2 -103.1 82.5
      vertex 30.838234282398975 -103.5 82.77309451945065
      vertex 30.821052631578944 -103.5 82.5
    endloop
  endfacet
  facet normal 0.7137599021622182 -0.6870284404387167 -0.13615698327197703
    outer loop
      vertex 31.21419353763394 -103.1 82.72559982041575
      vertex 30.88950826996182 -103.5 83.04188217519078
      vertex 30.838234282398975 -103.5 82.77309451945065
    endloop
  endfacet
  facet normal 0.6574749575165382 -0.6870284404387177 0.30938423079880756
    outer loop
      vertex 31.422647975921045 -103.1 81.63284338661691
      vertex 30.974065972854017 -103.5 81.69787597467655
      vertex 31.09057386558863 -103.5 81.45028409958888
    endloop
  endfacet
  facet normal 0.6910666971580859 -0.6870284404387149 0.22454118131728457
    outer loop
      vertex 31.326402325401148 -103.1 81.83737580516758
      vertex 30.88950826996182 -103.5 81.95811782480922
      vertex 30.974065972854017 -103.5 81.69787597467655
    endloop
  endfacet
  facet normal 0.6574749575165366 -0.6870284404387146 0.3093842307988175
    outer loop
      vertex 31.422647975921045 -103.1 81.63284338661691
      vertex 31.326402325401148 -103.1 81.83737580516758
      vertex 30.974065972854017 -103.5 81.69787597467655
    endloop
  endfacet
  facet normal 0.691066697158086 -0.6870284404387164 0.2245411813172798
    outer loop
      vertex 31.326402325401148 -103.1 81.83737580516758
      vertex 31.256550309968464 -103.1 82.05235820310327
      vertex 30.88950826996182 -103.5 81.95811782480922
    endloop
  endfacet
  facet normal 0.713759902162218 -0.6870284404387166 0.13615698327197873
    outer loop
      vertex 31.256550309968464 -103.1 82.05235820310327
      vertex 31.21419353763394 -103.1 82.27440017958425
      vertex 30.838234282398975 -103.5 82.22690548054935
    endloop
  endfacet
  facet normal 0.7251966871297597 -0.6870284404387154 0.04562550826421646
    outer loop
      vertex 31.21419353763394 -103.1 82.27440017958425
      vertex 31.2 -103.1 82.5
      vertex 30.821052631578944 -103.5 82.5
    endloop
  endfacet
  facet normal 0.7251966871297588 -0.6870284404387164 -0.04562550826421641
    outer loop
      vertex 31.2 -103.1 82.5
      vertex 31.21419353763394 -103.1 82.72559982041575
      vertex 30.838234282398975 -103.5 82.77309451945065
    endloop
  endfacet
  facet normal 0.7137599021622174 -0.6870284404387172 -0.13615698327197862
    outer loop
      vertex 31.21419353763394 -103.1 82.72559982041575
      vertex 31.256550309968464 -103.1 82.94764179689673
      vertex 30.88950826996182 -103.5 83.04188217519078
    endloop
  endfacet
  facet normal 0.6910666971580848 -0.6870284404387162 -0.2245411813172843
    outer loop
      vertex 31.256550309968464 -103.1 82.94764179689673
      vertex 30.974065972854017 -103.5 83.30212402532345
      vertex 30.88950826996182 -103.5 83.04188217519078
    endloop
  endfacet
  facet normal 0.6910666971580874 -0.6870284404387147 -0.22454118131728026
    outer loop
      vertex 31.256550309968464 -103.1 82.94764179689673
      vertex 31.326402325401148 -103.1 83.16262419483242
      vertex 30.974065972854017 -103.5 83.30212402532345
    endloop
  endfacet
  facet normal 0.6574749575165406 -0.6870284404387147 -0.3093842307988086
    outer loop
      vertex 31.326402325401148 -103.1 83.16262419483242
      vertex 31.09057386558863 -103.5 83.54971590041112
      vertex 30.974065972854017 -103.5 83.30212402532345
    endloop
  endfacet
  facet normal 0.6574749575165337 -0.687028440438718 -0.3093842307988161
    outer loop
      vertex 31.326402325401148 -103.1 83.16262419483242
      vertex 31.422647975921045 -103.1 83.36715661338309
      vertex 31.09057386558863 -103.5 83.54971590041112
    endloop
  endfacet
  facet normal 0.6135144450384364 -0.6870284404387189 -0.3893481061434884
    outer loop
      vertex 31.422647975921045 -103.1 83.36715661338309
      vertex 31.237194549098795 -103.5 83.7807531286794
      vertex 31.09057386558863 -103.5 83.54971590041112
    endloop
  endfacet
  facet normal 0.6135144450384425 -0.6870284404387164 -0.3893481061434832
    outer loop
      vertex 31.422647975921045 -103.1 83.36715661338309
      vertex 31.543769410125094 -103.1 83.55801345412645
      vertex 31.237194549098795 -103.5 83.7807531286794
    endloop
  endfacet
  facet normal 0.5598784432663256 -0.6870284404387161 -0.4631717292689844
    outer loop
      vertex 31.543769410125094 -103.1 83.55801345412645
      vertex 31.411615727618607 -103.5 83.99159211502356
      vertex 31.237194549098795 -103.5 83.7807531286794
    endloop
  endfacet
  facet normal 0.559878443266326 -0.687028440438716 -0.46317172926898403
    outer loop
      vertex 31.543769410125094 -103.1 83.55801345412645
      vertex 31.68785647064146 -103.1 83.73218479067164
      vertex 31.411615727618607 -103.5 83.99159211502356
    endloop
  endfacet
  facet normal 0.4974128239887318 -0.6870284404387155 -0.5296908575385283
    outer loop
      vertex 31.68785647064146 -103.1 83.73218479067164
      vertex 31.611086674968643 -103.5 84.17890780267987
      vertex 31.411615727618607 -103.5 83.99159211502356
    endloop
  endfacet
  facet normal 0.49741282398873293 -0.6870284404387149 -0.5296908575385277
    outer loop
      vertex 31.68785647064146 -103.1 83.73218479067164
      vertex 31.85263681845236 -103.1 83.88692383699642
      vertex 31.611086674968643 -103.5 84.17890780267987
    endloop
  endfacet
  facet normal 0.4271027073368501 -0.6870284404387152 -0.5878564445626838
    outer loop
      vertex 31.85263681845236 -103.1 83.88692383699642
      vertex 31.832461615151026 -103.5 84.33974611135703
      vertex 31.611086674968643 -103.5 84.17890780267987
    endloop
  endfacet
  facet normal 0.42710270733683064 -0.6870284404387216 -0.5878564445626904
    outer loop
      vertex 31.85263681845236 -103.1 83.88692383699642
      vertex 32.035511769037804 -103.1 84.01979026590362
      vertex 31.832461615151026 -103.5 84.33974611135703
    endloop
  endfacet
  facet normal 0.3500569258514071 -0.6870284404387221 -0.6367511842877088
    outer loop
      vertex 32.035511769037804 -103.1 84.01979026590362
      vertex 32.0722493331161 -103.5 84.47157052484701
      vertex 31.832461615151026 -103.5 84.33974611135703
    endloop
  endfacet
  facet normal 0.3500569258514362 -0.6870284404387128 -0.6367511842877028
    outer loop
      vertex 32.035511769037804 -103.1 84.01979026590362
      vertex 32.233597275182866 -103.1 84.12868869443884
      vertex 32.0722493331161 -103.5 84.47157052484701
    endloop
  endfacet
  facet normal 0.26749053753145935 -0.6870284404387179 -0.6756039774597793
    outer loop
      vertex 32.233597275182866 -103.1 84.12868869443884
      vertex 32.44376941012509 -103.1 84.21190172933127
      vertex 32.32666823330932 -103.5 84.57230209340102
    endloop
  endfacet
  facet normal 0.18070566364353507 -0.6870284404387133 -0.703802092321058
    outer loop
      vertex 32.44376941012509 -103.1 84.21190172933127
      vertex 32.662713633745696 -103.1 84.26811705131163
      vertex 32.59170597769216 -103.5 84.64035222000882
    endloop
  endfacet
  facet normal 0 -0.6870284404387168 0.7266305264908326
    outer loop
      vertex 33.11302293515276 -103.1 80.70355188882911
      vertex 32.86318276270981 -103.5 80.32535228647734
      vertex 33.13681723729019 -103.5 80.32535228647734
    endloop
  endfacet
  facet normal 0 -0.6870284404387167 0.7266305264908326
    outer loop
      vertex 32.88697706484724 -103.1 80.70355188882911
      vertex 32.86318276270981 -103.5 80.32535228647734
      vertex 33.11302293515276 -103.1 80.70355188882911
    endloop
  endfacet
  facet normal -0.0910709534916471 -0.6870284404387162 0.7209008277554323
    outer loop
      vertex 33.11302293515276 -103.1 80.70355188882911
      vertex 33.13681723729019 -103.5 80.32535228647734
      vertex 33.337286366254304 -103.1 80.73188294868837
    endloop
  endfacet
  facet normal -0.09107095349165525 -0.6870284404387138 0.7209008277554338
    outer loop
      vertex 33.337286366254304 -103.1 80.73188294868837
      vertex 33.13681723729019 -103.5 80.32535228647734
      vertex 33.40829402230784 -103.5 80.35964777999118
    endloop
  endfacet
  facet normal -0.18070566364353507 -0.6870284404387133 0.703802092321058
    outer loop
      vertex 33.337286366254304 -103.1 80.73188294868837
      vertex 33.40829402230784 -103.5 80.35964777999118
      vertex 33.55623058987491 -103.1 80.78809827066873
    endloop
  endfacet
  facet normal -0.1807056636435236 -0.6870284404387169 0.7038020923210574
    outer loop
      vertex 33.55623058987491 -103.1 80.78809827066873
      vertex 33.40829402230784 -103.5 80.35964777999118
      vertex 33.67333176669068 -103.5 80.42769790659898
    endloop
  endfacet
  facet normal -0.26749053753145935 -0.6870284404387179 0.6756039774597793
    outer loop
      vertex 33.55623058987491 -103.1 80.78809827066873
      vertex 33.67333176669068 -103.5 80.42769790659898
      vertex 33.766402724817134 -103.1 80.87131130556116
    endloop
  endfacet
  facet normal -0.2674905375314755 -0.6870284404387128 0.675603977459778
    outer loop
      vertex 33.766402724817134 -103.1 80.87131130556116
      vertex 33.67333176669068 -103.5 80.42769790659898
      vertex 33.9277506668839 -103.5 80.52842947515299
    endloop
  endfacet
  facet normal -0.3500569258514362 -0.6870284404387128 0.6367511842877028
    outer loop
      vertex 33.766402724817134 -103.1 80.87131130556116
      vertex 33.9277506668839 -103.5 80.52842947515299
      vertex 33.964488230962196 -103.1 80.98020973409638
    endloop
  endfacet
  facet normal -0.3500569258514071 -0.6870284404387221 0.6367511842877088
    outer loop
      vertex 33.964488230962196 -103.1 80.98020973409638
      vertex 33.9277506668839 -103.5 80.52842947515299
      vertex 34.167538384848974 -103.5 80.66025388864297
    endloop
  endfacet
  facet normal -0.42710270733683064 -0.6870284404387216 0.5878564445626904
    outer loop
      vertex 33.964488230962196 -103.1 80.98020973409638
      vertex 34.167538384848974 -103.5 80.66025388864297
      vertex 34.14736318154764 -103.1 81.11307616300358
    endloop
  endfacet
  facet normal -0.4271027073368446 -0.687028440438717 0.5878564445626856
    outer loop
      vertex 34.14736318154764 -103.1 81.11307616300358
      vertex 34.167538384848974 -103.5 80.66025388864297
      vertex 34.38891332503136 -103.5 80.82109219732013
    endloop
  endfacet
  facet normal -0.4974128239887256 -0.6870284404387175 0.5296908575385314
    outer loop
      vertex 34.14736318154764 -103.1 81.11307616300358
      vertex 34.38891332503136 -103.5 80.82109219732013
      vertex 34.31214352935854 -103.1 81.26781520932836
    endloop
  endfacet
  facet normal -0.4974128239887318 -0.6870284404387155 0.5296908575385283
    outer loop
      vertex 34.31214352935854 -103.1 81.26781520932836
      vertex 34.38891332503136 -103.5 80.82109219732013
      vertex 34.5883842723814 -103.5 81.00840788497644
    endloop
  endfacet
  facet normal -0.5598784432663317 -0.6870284404387157 0.46317172926897743
    outer loop
      vertex 34.31214352935854 -103.1 81.26781520932836
      vertex 34.5883842723814 -103.5 81.00840788497644
      vertex 34.456230589874906 -103.1 81.44198654587355
    endloop
  endfacet
  facet normal -0.5598784432663301 -0.6870284404387164 0.4631717292689786
    outer loop
      vertex 34.456230589874906 -103.1 81.44198654587355
      vertex 34.5883842723814 -103.5 81.00840788497644
      vertex 34.762805450901205 -103.5 81.2192468713206
    endloop
  endfacet
  facet normal -0.6135144450384427 -0.6870284404387162 0.38934810614348325
    outer loop
      vertex 34.456230589874906 -103.1 81.44198654587355
      vertex 34.762805450901205 -103.5 81.2192468713206
      vertex 34.577352024078955 -103.1 81.63284338661691
    endloop
  endfacet
  facet normal -0.6135144450384364 -0.6870284404387189 0.3893481061434884
    outer loop
      vertex 34.577352024078955 -103.1 81.63284338661691
      vertex 34.762805450901205 -103.5 81.2192468713206
      vertex 34.90942613441137 -103.5 81.45028409958888
    endloop
  endfacet
  facet normal -0.18070566364353416 -0.6870284404387171 -0.7038020923210544
    outer loop
      vertex 33.337286366254304 -103.1 84.26811705131163
      vertex 33.55623058987491 -103.1 84.21190172933127
      vertex 33.67333176669068 -103.5 84.57230209340102
    endloop
  endfacet
  facet normal -0.2674905375314613 -0.6870284404387124 -0.6756039774597842
    outer loop
      vertex 33.55623058987491 -103.1 84.21190172933127
      vertex 33.766402724817134 -103.1 84.12868869443884
      vertex 33.9277506668839 -103.5 84.47157052484701
    endloop
  endfacet
  facet normal -0.35005692585143156 -0.687028440438723 -0.6367511842876944
    outer loop
      vertex 33.766402724817134 -103.1 84.12868869443884
      vertex 33.964488230962196 -103.1 84.01979026590362
      vertex 34.167538384848974 -103.5 84.33974611135703
    endloop
  endfacet
  facet normal -0.350056925851411 -0.6870284404387137 -0.6367511842877156
    outer loop
      vertex 33.766402724817134 -103.1 84.12868869443884
      vertex 34.167538384848974 -103.5 84.33974611135703
      vertex 33.9277506668839 -103.5 84.47157052484701
    endloop
  endfacet
  facet normal -0.4271027073368334 -0.6870284404387166 -0.5878564445626943
    outer loop
      vertex 33.964488230962196 -103.1 84.01979026590362
      vertex 34.14736318154764 -103.1 83.88692383699642
      vertex 34.38891332503136 -103.5 84.17890780267987
    endloop
  endfacet
  facet normal -0.6574749575165337 -0.687028440438718 0.3093842307988161
    outer loop
      vertex 34.577352024078955 -103.1 81.63284338661691
      vertex 34.90942613441137 -103.5 81.45028409958888
      vertex 34.67359767459885 -103.1 81.83737580516758
    endloop
  endfacet
  facet normal -0.6574749575165345 -0.6870284404387176 0.3093842307988154
    outer loop
      vertex 34.67359767459885 -103.1 81.83737580516758
      vertex 34.90942613441137 -103.5 81.45028409958888
      vertex 35.025934027145986 -103.5 81.69787597467655
    endloop
  endfacet
  facet normal -0.6910666971580809 -0.6870284404387182 0.22454118131728953
    outer loop
      vertex 34.67359767459885 -103.1 81.83737580516758
      vertex 35.025934027145986 -103.5 81.69787597467655
      vertex 34.74344969003154 -103.1 82.05235820310327
    endloop
  endfacet
  facet normal -0.6910666971580848 -0.6870284404387162 0.2245411813172843
    outer loop
      vertex 34.74344969003154 -103.1 82.05235820310327
      vertex 35.025934027145986 -103.5 81.69787597467655
      vertex 35.110491730038184 -103.5 81.95811782480922
    endloop
  endfacet
  facet normal -0.7137599021622199 -0.6870284404387168 0.13615698327196765
    outer loop
      vertex 34.74344969003154 -103.1 82.05235820310327
      vertex 35.110491730038184 -103.5 81.95811782480922
      vertex 34.78580646236606 -103.1 82.27440017958425
    endloop
  endfacet
  facet normal -0.713759902162215 -0.68702844043872 0.13615698327197662
    outer loop
      vertex 34.78580646236606 -103.1 82.27440017958425
      vertex 35.110491730038184 -103.5 81.95811782480922
      vertex 35.16176571760103 -103.5 82.22690548054935
    endloop
  endfacet
  facet normal -0.7251966871297567 -0.6870284404387194 0.045625508264204855
    outer loop
      vertex 34.78580646236606 -103.1 82.27440017958425
      vertex 35.16176571760103 -103.5 82.22690548054935
      vertex 34.8 -103.1 82.5
    endloop
  endfacet
  facet normal -0.7251966871297568 -0.687028440438719 -0.04562550826420487
    outer loop
      vertex 34.8 -103.1 82.5
      vertex 35.178947368421056 -103.5 82.5
      vertex 34.78580646236606 -103.1 82.72559982041575
    endloop
  endfacet
  facet normal -0.7251966871297568 -0.6870284404387189 0.045625508264204084
    outer loop
      vertex 34.8 -103.1 82.5
      vertex 35.16176571760103 -103.5 82.22690548054935
      vertex 35.178947368421056 -103.5 82.5
    endloop
  endfacet
  facet normal -0.7137599021622166 -0.6870284404387204 -0.13615698327196704
    outer loop
      vertex 34.78580646236606 -103.1 82.72559982041575
      vertex 35.16176571760103 -103.5 82.77309451945065
      vertex 34.74344969003154 -103.1 82.94764179689673
    endloop
  endfacet
  facet normal -0.7251966871297567 -0.6870284404387194 -0.04562550826420408
    outer loop
      vertex 34.78580646236606 -103.1 82.72559982041575
      vertex 35.178947368421056 -103.5 82.5
      vertex 35.16176571760103 -103.5 82.77309451945065
    endloop
  endfacet
  facet normal -0.7137599021622177 -0.6870284404387171 -0.13615698327197695
    outer loop
      vertex 34.74344969003154 -103.1 82.94764179689673
      vertex 35.16176571760103 -103.5 82.77309451945065
      vertex 35.110491730038184 -103.5 83.04188217519078
    endloop
  endfacet
  facet normal -0.657474957516534 -0.6870284404387176 -0.3093842307988163
    outer loop
      vertex 34.577352024078955 -103.1 83.36715661338309
      vertex 34.67359767459885 -103.1 83.16262419483242
      vertex 35.025934027145986 -103.5 83.30212402532345
    endloop
  endfacet
  facet normal -0.6135144450384404 -0.6870284404387191 -0.3893481061434818
    outer loop
      vertex 34.577352024078955 -103.1 83.36715661338309
      vertex 34.90942613441137 -103.5 83.54971590041112
      vertex 34.456230589874906 -103.1 83.55801345412645
    endloop
  endfacet
  facet normal -0.6135144450384383 -0.6870284404387165 -0.38934810614348964
    outer loop
      vertex 34.456230589874906 -103.1 83.55801345412645
      vertex 34.90942613441137 -103.5 83.54971590041112
      vertex 34.762805450901205 -103.5 83.7807531286794
    endloop
  endfacet
  facet normal -0.49741282398873043 -0.6870284404387172 -0.529690857538527
    outer loop
      vertex 34.14736318154764 -103.1 83.88692383699642
      vertex 34.5883842723814 -103.5 83.99159211502356
      vertex 34.38891332503136 -103.5 84.17890780267987
    endloop
  endfacet
  facet normal -0.4974128239887271 -0.6870284404387151 -0.5296908575385331
    outer loop
      vertex 34.31214352935854 -103.1 83.73218479067164
      vertex 34.5883842723814 -103.5 83.99159211502356
      vertex 34.14736318154764 -103.1 83.88692383699642
    endloop
  endfacet
  facet normal -0.4271027073368423 -0.6870284404387212 -0.5878564445626825
    outer loop
      vertex 33.964488230962196 -103.1 84.01979026590362
      vertex 34.38891332503136 -103.5 84.17890780267987
      vertex 34.167538384848974 -103.5 84.33974611135703
    endloop
  endfacet
  facet normal -0.5598784432663305 -0.6870284404387159 -0.4631717292689789
    outer loop
      vertex 34.31214352935854 -103.1 83.73218479067164
      vertex 34.762805450901205 -103.5 83.7807531286794
      vertex 34.5883842723814 -103.5 83.99159211502356
    endloop
  endfacet
  facet normal -0.5598784432663313 -0.6870284404387165 -0.463171729268977
    outer loop
      vertex 34.31214352935854 -103.1 83.73218479067164
      vertex 34.456230589874906 -103.1 83.55801345412645
      vertex 34.762805450901205 -103.5 83.7807531286794
    endloop
  endfacet
  facet normal -0.6910666971580829 -0.687028440438716 -0.22454118131729017
    outer loop
      vertex 34.67359767459885 -103.1 83.16262419483242
      vertex 34.74344969003154 -103.1 82.94764179689673
      vertex 35.110491730038184 -103.5 83.04188217519078
    endloop
  endfacet
  facet normal -0.691066697158083 -0.6870284404387181 -0.22454118131728348
    outer loop
      vertex 34.67359767459885 -103.1 83.16262419483242
      vertex 35.110491730038184 -103.5 83.04188217519078
      vertex 35.025934027145986 -103.5 83.30212402532345
    endloop
  endfacet
  facet normal -0.6574749575165343 -0.687028440438718 -0.3093842307988151
    outer loop
      vertex 34.577352024078955 -103.1 83.36715661338309
      vertex 35.025934027145986 -103.5 83.30212402532345
      vertex 34.90942613441137 -103.5 83.54971590041112
    endloop
  endfacet
  facet normal 0.2674905375314755 -0.6870284404387128 -0.675603977459778
    outer loop
      vertex 32.233597275182866 -103.1 84.12868869443884
      vertex 32.32666823330932 -103.5 84.57230209340102
      vertex 32.0722493331161 -103.5 84.47157052484701
    endloop
  endfacet
  facet normal 0.1807056636435236 -0.6870284404387169 -0.7038020923210574
    outer loop
      vertex 32.44376941012509 -103.1 84.21190172933127
      vertex 32.59170597769216 -103.5 84.64035222000882
      vertex 32.32666823330932 -103.5 84.57230209340102
    endloop
  endfacet
  facet normal 0.09107095349165525 -0.6870284404387138 -0.7209008277554338
    outer loop
      vertex 32.662713633745696 -103.1 84.26811705131163
      vertex 32.86318276270981 -103.5 84.67464771352266
      vertex 32.59170597769216 -103.5 84.64035222000882
    endloop
  endfacet
  facet normal 0.0910709534916471 -0.6870284404387162 -0.7209008277554323
    outer loop
      vertex 32.662713633745696 -103.1 84.26811705131163
      vertex 32.88697706484724 -103.1 84.29644811117089
      vertex 32.86318276270981 -103.5 84.67464771352266
    endloop
  endfacet
  facet normal 0 -0.6870284404387168 -0.7266305264908326
    outer loop
      vertex 32.88697706484724 -103.1 84.29644811117089
      vertex 33.13681723729019 -103.5 84.67464771352266
      vertex 32.86318276270981 -103.5 84.67464771352266
    endloop
  endfacet
  facet normal 0 -0.6870284404387167 -0.7266305264908326
    outer loop
      vertex 32.88697706484724 -103.1 84.29644811117089
      vertex 33.11302293515276 -103.1 84.29644811117089
      vertex 33.13681723729019 -103.5 84.67464771352266
    endloop
  endfacet
  facet normal -0.09107095349165496 -0.6870284404387161 -0.7209008277554315
    outer loop
      vertex 33.11302293515276 -103.1 84.29644811117089
      vertex 33.40829402230784 -103.5 84.64035222000882
      vertex 33.13681723729019 -103.5 84.67464771352266
    endloop
  endfacet
  facet normal -0.09107095349164746 -0.6870284404387134 -0.7209008277554351
    outer loop
      vertex 33.11302293515276 -103.1 84.29644811117089
      vertex 33.337286366254304 -103.1 84.26811705131163
      vertex 33.40829402230784 -103.5 84.64035222000882
    endloop
  endfacet
  facet normal -0.18070566364352444 -0.6870284404387135 -0.7038020923210604
    outer loop
      vertex 33.337286366254304 -103.1 84.26811705131163
      vertex 33.67333176669068 -103.5 84.57230209340102
      vertex 33.40829402230784 -103.5 84.64035222000882
    endloop
  endfacet
  facet normal -0.267490537531474 -0.6870284404387175 -0.675603977459774
    outer loop
      vertex 33.55623058987491 -103.1 84.21190172933127
      vertex 33.9277506668839 -103.5 84.47157052484701
      vertex 33.67333176669068 -103.5 84.57230209340102
    endloop
  endfacet
  facet normal 0.42710270733685146 -0.6870284404387208 0.5878564445626763
    outer loop
      vertex -33.964488230962196 -103.1 80.98020973409638
      vertex -34.38891332503135 -103.5 80.82109219732013
      vertex -34.167538384848974 -103.5 80.66025388864297
    endloop
  endfacet
  facet normal 0.5598784432663305 -0.6870284404387159 0.4631717292689789
    outer loop
      vertex -34.31214352935854 -103.1 81.26781520932836
      vertex -34.762805450901205 -103.5 81.2192468713206
      vertex -34.5883842723814 -103.5 81.00840788497644
    endloop
  endfacet
  facet normal 0.6135144450384383 -0.6870284404387165 0.38934810614348964
    outer loop
      vertex -34.456230589874906 -103.1 81.44198654587355
      vertex -34.90942613441137 -103.5 81.45028409958888
      vertex -34.762805450901205 -103.5 81.2192468713206
    endloop
  endfacet
  facet normal 0.6135144450384404 -0.687028440438719 0.3893481061434818
    outer loop
      vertex -34.456230589874906 -103.1 81.44198654587355
      vertex -34.577352024078955 -103.1 81.63284338661691
      vertex -34.90942613441137 -103.5 81.45028409958888
    endloop
  endfacet
  facet normal 0.5598784432663312 -0.6870284404387165 0.46317172926897693
    outer loop
      vertex -34.456230589874906 -103.1 81.44198654587355
      vertex -34.762805450901205 -103.5 81.2192468713206
      vertex -34.31214352935854 -103.1 81.26781520932836
    endloop
  endfacet
  facet normal 0.49741282398872383 -0.687028440438713 0.5296908575385387
    outer loop
      vertex -34.14736318154764 -103.1 81.11307616300358
      vertex -34.5883842723814 -103.5 81.00840788497644
      vertex -34.38891332503135 -103.5 80.82109219732013
    endloop
  endfacet
  facet normal 0.4974128239887271 -0.6870284404387151 0.5296908575385331
    outer loop
      vertex -34.31214352935854 -103.1 81.26781520932836
      vertex -34.5883842723814 -103.5 81.00840788497644
      vertex -34.14736318154764 -103.1 81.11307616300358
    endloop
  endfacet
  facet normal 0.350056925851411 -0.6870284404387137 0.6367511842877156
    outer loop
      vertex -33.766402724817134 -103.1 80.87131130556116
      vertex -34.167538384848974 -103.5 80.66025388864297
      vertex -33.9277506668839 -103.5 80.52842947515299
    endloop
  endfacet
  facet normal 0.35005692585143156 -0.687028440438723 0.6367511842876944
    outer loop
      vertex -33.766402724817134 -103.1 80.87131130556116
      vertex -33.964488230962196 -103.1 80.98020973409638
      vertex -34.167538384848974 -103.5 80.66025388864297
    endloop
  endfacet
  facet normal 0.267490537531474 -0.6870284404387175 0.675603977459774
    outer loop
      vertex -33.55623058987491 -103.1 80.78809827066873
      vertex -33.9277506668839 -103.5 80.52842947515299
      vertex -33.67333176669068 -103.5 80.42769790659898
    endloop
  endfacet
  facet normal 0.2674905375314613 -0.6870284404387124 0.6756039774597841
    outer loop
      vertex -33.766402724817134 -103.1 80.87131130556116
      vertex -33.9277506668839 -103.5 80.52842947515299
      vertex -33.55623058987491 -103.1 80.78809827066873
    endloop
  endfacet
  facet normal 0.4271027073368357 -0.6870284404387126 0.5878564445626974
    outer loop
      vertex -34.14736318154764 -103.1 81.11307616300358
      vertex -34.38891332503135 -103.5 80.82109219732013
      vertex -33.964488230962196 -103.1 80.98020973409638
    endloop
  endfacet
  facet normal 0.18070566364352444 -0.6870284404387135 0.7038020923210604
    outer loop
      vertex -33.337286366254304 -103.1 80.73188294868837
      vertex -33.67333176669068 -103.5 80.42769790659898
      vertex -33.40829402230784 -103.5 80.35964777999118
    endloop
  endfacet
  facet normal 0.18070566364353416 -0.6870284404387171 0.7038020923210544
    outer loop
      vertex -33.55623058987491 -103.1 80.78809827066873
      vertex -33.67333176669068 -103.5 80.42769790659898
      vertex -33.337286366254304 -103.1 80.73188294868837
    endloop
  endfacet
  facet normal 0.09107095349164746 -0.6870284404387134 0.7209008277554351
    outer loop
      vertex -33.337286366254304 -103.1 80.73188294868837
      vertex -33.40829402230784 -103.5 80.35964777999118
      vertex -33.11302293515276 -103.1 80.70355188882911
    endloop
  endfacet
  facet normal 0.09107095349165496 -0.6870284404387161 0.7209008277554315
    outer loop
      vertex -33.11302293515276 -103.1 80.70355188882911
      vertex -33.40829402230784 -103.5 80.35964777999118
      vertex -33.13681723729019 -103.5 80.32535228647734
    endloop
  endfacet
  facet normal 0 -0.6870284404387168 0.7266305264908326
    outer loop
      vertex -32.88697706484724 -103.1 80.70355188882911
      vertex -33.13681723729019 -103.5 80.32535228647734
      vertex -32.86318276270981 -103.5 80.32535228647734
    endloop
  endfacet
  facet normal 0 -0.6870284404387167 0.7266305264908326
    outer loop
      vertex -33.11302293515276 -103.1 80.70355188882911
      vertex -33.13681723729019 -103.5 80.32535228647734
      vertex -32.88697706484724 -103.1 80.70355188882911
    endloop
  endfacet
  facet normal 0.6574749575165343 -0.687028440438718 0.3093842307988151
    outer loop
      vertex -34.577352024078955 -103.1 81.63284338661691
      vertex -35.025934027145986 -103.5 81.69787597467655
      vertex -34.90942613441137 -103.5 81.45028409958888
    endloop
  endfacet
  facet normal 0.691066697158083 -0.6870284404387181 0.22454118131728348
    outer loop
      vertex -34.67359767459885 -103.1 81.83737580516758
      vertex -35.110491730038184 -103.5 81.95811782480922
      vertex -35.025934027145986 -103.5 81.69787597467655
    endloop
  endfacet
  facet normal 0.7137599021622177 -0.6870284404387171 0.13615698327197695
    outer loop
      vertex -34.74344969003154 -103.1 82.05235820310327
      vertex -35.16176571760103 -103.5 82.22690548054935
      vertex -35.110491730038184 -103.5 81.95811782480922
    endloop
  endfacet
  facet normal 0.6910666971580829 -0.687028440438716 0.22454118131729017
    outer loop
      vertex -34.67359767459885 -103.1 81.83737580516758
      vertex -34.74344969003154 -103.1 82.05235820310327
      vertex -35.110491730038184 -103.5 81.95811782480922
    endloop
  endfacet
  facet normal 0.7137599021622166 -0.6870284404387204 0.13615698327196704
    outer loop
      vertex -34.74344969003154 -103.1 82.05235820310327
      vertex -34.78580646236606 -103.1 82.27440017958425
      vertex -35.16176571760103 -103.5 82.22690548054935
    endloop
  endfacet
  facet normal 0.7251966871297567 -0.6870284404387194 0.04562550826420408
    outer loop
      vertex -34.78580646236606 -103.1 82.27440017958425
      vertex -35.178947368421056 -103.5 82.5
      vertex -35.16176571760103 -103.5 82.22690548054935
    endloop
  endfacet
  facet normal 0.7251966871297568 -0.6870284404387189 -0.045625508264204084
    outer loop
      vertex -34.8 -103.1 82.5
      vertex -35.16176571760103 -103.5 82.77309451945065
      vertex -35.178947368421056 -103.5 82.5
    endloop
  endfacet
  facet normal 0.7251966871297568 -0.687028440438719 0.04562550826420487
    outer loop
      vertex -34.78580646236606 -103.1 82.27440017958425
      vertex -34.8 -103.1 82.5
      vertex -35.178947368421056 -103.5 82.5
    endloop
  endfacet
  facet normal 0.713759902162215 -0.68702844043872 -0.13615698327197662
    outer loop
      vertex -34.78580646236606 -103.1 82.72559982041575
      vertex -35.110491730038184 -103.5 83.04188217519078
      vertex -35.16176571760103 -103.5 82.77309451945065
    endloop
  endfacet
  facet normal 0.7251966871297566 -0.6870284404387194 -0.04562550826420485
    outer loop
      vertex -34.8 -103.1 82.5
      vertex -34.78580646236606 -103.1 82.72559982041575
      vertex -35.16176571760103 -103.5 82.77309451945065
    endloop
  endfacet
  facet normal 0.7137599021622199 -0.6870284404387168 -0.13615698327196765
    outer loop
      vertex -34.78580646236606 -103.1 82.72559982041575
      vertex -34.74344969003154 -103.1 82.94764179689673
      vertex -35.110491730038184 -103.5 83.04188217519078
    endloop
  endfacet
  facet normal 0.657474957516534 -0.6870284404387176 0.3093842307988163
    outer loop
      vertex -34.67359767459885 -103.1 81.83737580516758
      vertex -35.025934027145986 -103.5 81.69787597467655
      vertex -34.577352024078955 -103.1 81.63284338661691
    endloop
  endfacet
  facet normal 0.6910666971580848 -0.6870284404387162 -0.2245411813172843
    outer loop
      vertex -34.74344969003154 -103.1 82.94764179689673
      vertex -35.025934027145986 -103.5 83.30212402532345
      vertex -35.110491730038184 -103.5 83.04188217519078
    endloop
  endfacet
  facet normal 0.6910666971580809 -0.6870284404387182 -0.22454118131728953
    outer loop
      vertex -34.74344969003154 -103.1 82.94764179689673
      vertex -34.67359767459885 -103.1 83.16262419483242
      vertex -35.025934027145986 -103.5 83.30212402532345
    endloop
  endfacet
  facet normal 0.6574749575165345 -0.6870284404387176 -0.3093842307988154
    outer loop
      vertex -34.67359767459885 -103.1 83.16262419483242
      vertex -34.90942613441137 -103.5 83.54971590041112
      vertex -35.025934027145986 -103.5 83.30212402532345
    endloop
  endfacet
  facet normal 0.6574749575165337 -0.687028440438718 -0.3093842307988161
    outer loop
      vertex -34.67359767459885 -103.1 83.16262419483242
      vertex -34.577352024078955 -103.1 83.36715661338309
      vertex -34.90942613441137 -103.5 83.54971590041112
    endloop
  endfacet
  facet normal 0.6135144450384364 -0.6870284404387189 -0.3893481061434884
    outer loop
      vertex -34.577352024078955 -103.1 83.36715661338309
      vertex -34.762805450901205 -103.5 83.7807531286794
      vertex -34.90942613441137 -103.5 83.54971590041112
    endloop
  endfacet
  facet normal 0.6135144450384425 -0.6870284404387164 -0.3893481061434832
    outer loop
      vertex -34.577352024078955 -103.1 83.36715661338309
      vertex -34.456230589874906 -103.1 83.55801345412645
      vertex -34.762805450901205 -103.5 83.7807531286794
    endloop
  endfacet
  facet normal 0.5598784432663301 -0.6870284404387164 -0.4631717292689786
    outer loop
      vertex -34.456230589874906 -103.1 83.55801345412645
      vertex -34.5883842723814 -103.5 83.99159211502356
      vertex -34.762805450901205 -103.5 83.7807531286794
    endloop
  endfacet
  facet normal 0.5598784432663318 -0.6870284404387157 -0.4631717292689775
    outer loop
      vertex -34.456230589874906 -103.1 83.55801345412645
      vertex -34.31214352935854 -103.1 83.73218479067164
      vertex -34.5883842723814 -103.5 83.99159211502356
    endloop
  endfacet
  facet normal 0.49741282398872266 -0.6870284404387149 -0.5296908575385374
    outer loop
      vertex -34.31214352935854 -103.1 83.73218479067164
      vertex -34.38891332503135 -103.5 84.17890780267987
      vertex -34.5883842723814 -103.5 83.99159211502356
    endloop
  endfacet
  facet normal 0.49741282398872855 -0.6870284404387128 -0.5296908575385345
    outer loop
      vertex -34.31214352935854 -103.1 83.73218479067164
      vertex -34.14736318154764 -103.1 83.88692383699642
      vertex -34.38891332503135 -103.5 84.17890780267987
    endloop
  endfacet
  facet normal 0.4271027073368556 -0.6870284404387134 -0.5878564445626819
    outer loop
      vertex -34.14736318154764 -103.1 83.88692383699642
      vertex -34.167538384848974 -103.5 84.33974611135703
      vertex -34.38891332503135 -103.5 84.17890780267987
    endloop
  endfacet
  facet normal 0.42710270733683064 -0.6870284404387216 -0.5878564445626904
    outer loop
      vertex -34.14736318154764 -103.1 83.88692383699642
      vertex -33.964488230962196 -103.1 84.01979026590362
      vertex -34.167538384848974 -103.5 84.33974611135703
    endloop
  endfacet
  facet normal 0.3500569258514071 -0.6870284404387221 -0.6367511842877088
    outer loop
      vertex -33.964488230962196 -103.1 84.01979026590362
      vertex -33.9277506668839 -103.5 84.47157052484701
      vertex -34.167538384848974 -103.5 84.33974611135703
    endloop
  endfacet
  facet normal 0.3500569258514362 -0.6870284404387128 -0.6367511842877028
    outer loop
      vertex -33.964488230962196 -103.1 84.01979026590362
      vertex -33.766402724817134 -103.1 84.12868869443884
      vertex -33.9277506668839 -103.5 84.47157052484701
    endloop
  endfacet
  facet normal 0.26749053753145935 -0.6870284404387179 -0.6756039774597793
    outer loop
      vertex -33.766402724817134 -103.1 84.12868869443884
      vertex -33.55623058987491 -103.1 84.21190172933127
      vertex -33.67333176669068 -103.5 84.57230209340102
    endloop
  endfacet
  facet normal 0.18070566364353507 -0.6870284404387133 -0.703802092321058
    outer loop
      vertex -33.55623058987491 -103.1 84.21190172933127
      vertex -33.337286366254304 -103.1 84.26811705131163
      vertex -33.40829402230784 -103.5 84.64035222000882
    endloop
  endfacet
  facet normal -0.09107095349165525 -0.6870284404387138 0.7209008277554338
    outer loop
      vertex -32.662713633745696 -103.1 80.73188294868837
      vertex -32.86318276270981 -103.5 80.32535228647734
      vertex -32.59170597769216 -103.5 80.35964777999118
    endloop
  endfacet
  facet normal -0.0910709534916471 -0.6870284404387162 0.7209008277554323
    outer loop
      vertex -32.88697706484724 -103.1 80.70355188882911
      vertex -32.86318276270981 -103.5 80.32535228647734
      vertex -32.662713633745696 -103.1 80.73188294868837
    endloop
  endfacet
  facet normal -0.18070566364353507 -0.6870284404387133 0.703802092321058
    outer loop
      vertex -32.662713633745696 -103.1 80.73188294868837
      vertex -32.59170597769216 -103.5 80.35964777999118
      vertex -32.44376941012509 -103.1 80.78809827066873
    endloop
  endfacet
  facet normal -0.1807056636435236 -0.6870284404387169 0.7038020923210574
    outer loop
      vertex -32.44376941012509 -103.1 80.78809827066873
      vertex -32.59170597769216 -103.5 80.35964777999118
      vertex -32.32666823330932 -103.5 80.42769790659898
    endloop
  endfacet
  facet normal -0.26749053753145935 -0.6870284404387179 0.6756039774597793
    outer loop
      vertex -32.44376941012509 -103.1 80.78809827066873
      vertex -32.32666823330932 -103.5 80.42769790659898
      vertex -32.233597275182866 -103.1 80.87131130556116
    endloop
  endfacet
  facet normal -0.2674905375314755 -0.6870284404387128 0.675603977459778
    outer loop
      vertex -32.233597275182866 -103.1 80.87131130556116
      vertex -32.32666823330932 -103.5 80.42769790659898
      vertex -32.0722493331161 -103.5 80.52842947515299
    endloop
  endfacet
  facet normal -0.3500569258514362 -0.6870284404387128 0.6367511842877028
    outer loop
      vertex -32.233597275182866 -103.1 80.87131130556116
      vertex -32.0722493331161 -103.5 80.52842947515299
      vertex -32.035511769037804 -103.1 80.98020973409638
    endloop
  endfacet
  facet normal -0.3500569258514071 -0.6870284404387221 0.6367511842877088
    outer loop
      vertex -32.035511769037804 -103.1 80.98020973409638
      vertex -32.0722493331161 -103.5 80.52842947515299
      vertex -31.832461615151026 -103.5 80.66025388864297
    endloop
  endfacet
  facet normal -0.4271027073368251 -0.6870284404387219 0.5878564445626941
    outer loop
      vertex -32.035511769037804 -103.1 80.98020973409638
      vertex -31.832461615151026 -103.5 80.66025388864297
      vertex -31.852636818452357 -103.1 81.11307616300358
    endloop
  endfacet
  facet normal -0.4271027073368457 -0.687028440438715 0.5878564445626873
    outer loop
      vertex -31.852636818452357 -103.1 81.11307616300358
      vertex -31.832461615151026 -103.5 80.66025388864297
      vertex -31.61108667496864 -103.5 80.82109219732013
    endloop
  endfacet
  facet normal -0.49741282398873876 -0.6870284404387147 0.5296908575385225
    outer loop
      vertex -31.852636818452357 -103.1 81.11307616300358
      vertex -31.61108667496864 -103.5 80.82109219732013
      vertex -31.68785647064146 -103.1 81.26781520932836
    endloop
  endfacet
  facet normal -0.49741282398873643 -0.6870284404387156 0.5296908575385237
    outer loop
      vertex -31.68785647064146 -103.1 81.26781520932836
      vertex -31.61108667496864 -103.5 80.82109219732013
      vertex -31.411615727618607 -103.5 81.00840788497644
    endloop
  endfacet
  facet normal -0.5598784432663259 -0.687028440438716 0.463171729268984
    outer loop
      vertex -31.68785647064146 -103.1 81.26781520932836
      vertex -31.411615727618607 -103.5 81.00840788497644
      vertex -31.543769410125094 -103.1 81.44198654587355
    endloop
  endfacet
  facet normal -0.5598784432663256 -0.6870284404387161 0.4631717292689844
    outer loop
      vertex -31.543769410125094 -103.1 81.44198654587355
      vertex -31.411615727618607 -103.5 81.00840788497644
      vertex -31.237194549098795 -103.5 81.2192468713206
    endloop
  endfacet
  facet normal -0.6135144450384427 -0.6870284404387162 0.38934810614348325
    outer loop
      vertex -31.543769410125094 -103.1 81.44198654587355
      vertex -31.237194549098795 -103.5 81.2192468713206
      vertex -31.422647975921045 -103.1 81.63284338661691
    endloop
  endfacet
  facet normal -0.6135144450384364 -0.6870284404387189 0.3893481061434884
    outer loop
      vertex -31.422647975921045 -103.1 81.63284338661691
      vertex -31.237194549098795 -103.5 81.2192468713206
      vertex -31.09057386558863 -103.5 81.45028409958888
    endloop
  endfacet
  facet normal -0.18070566364353416 -0.6870284404387171 -0.7038020923210544
    outer loop
      vertex -32.662713633745696 -103.1 84.26811705131163
      vertex -32.44376941012509 -103.1 84.21190172933127
      vertex -32.32666823330932 -103.5 84.57230209340102
    endloop
  endfacet
  facet normal -0.2674905375314613 -0.6870284404387124 -0.6756039774597841
    outer loop
      vertex -32.233597275182866 -103.1 84.12868869443884
      vertex -32.0722493331161 -103.5 84.47157052484701
      vertex -32.44376941012509 -103.1 84.21190172933127
    endloop
  endfacet
  facet normal -0.35005692585143156 -0.687028440438723 -0.6367511842876944
    outer loop
      vertex -32.233597275182866 -103.1 84.12868869443884
      vertex -32.035511769037804 -103.1 84.01979026590362
      vertex -31.832461615151026 -103.5 84.33974611135703
    endloop
  endfacet
  facet normal -0.350056925851411 -0.6870284404387137 -0.6367511842877156
    outer loop
      vertex -32.233597275182866 -103.1 84.12868869443884
      vertex -31.832461615151026 -103.5 84.33974611135703
      vertex -32.0722493331161 -103.5 84.47157052484701
    endloop
  endfacet
  facet normal -0.4974128239887382 -0.6870284404387156 -0.529690857538522
    outer loop
      vertex -31.852636818452357 -103.1 83.88692383699642
      vertex -31.68785647064146 -103.1 83.73218479067164
      vertex -31.411615727618607 -103.5 83.99159211502356
    endloop
  endfacet
  facet normal -0.4271027073368423 -0.6870284404387212 -0.5878564445626825
    outer loop
      vertex -32.035511769037804 -103.1 84.01979026590362
      vertex -31.61108667496864 -103.5 84.17890780267987
      vertex -31.832461615151026 -103.5 84.33974611135703
    endloop
  endfacet
  facet normal -0.42710270733682926 -0.6870284404387144 -0.5878564445626999
    outer loop
      vertex -32.035511769037804 -103.1 84.01979026590362
      vertex -31.852636818452357 -103.1 83.88692383699642
      vertex -31.61108667496864 -103.5 84.17890780267987
    endloop
  endfacet
  facet normal -0.6574749575165337 -0.687028440438718 0.3093842307988161
    outer loop
      vertex -31.422647975921045 -103.1 81.63284338661691
      vertex -31.09057386558863 -103.5 81.45028409958888
      vertex -31.326402325401148 -103.1 81.83737580516758
    endloop
  endfacet
  facet normal -0.6910666971580874 -0.6870284404387148 0.22454118131728026
    outer loop
      vertex -31.326402325401148 -103.1 81.83737580516758
      vertex -30.974065972854017 -103.5 81.69787597467655
      vertex -31.256550309968464 -103.1 82.05235820310327
    endloop
  endfacet
  facet normal -0.6574749575165406 -0.6870284404387147 0.3093842307988086
    outer loop
      vertex -31.326402325401148 -103.1 81.83737580516758
      vertex -31.09057386558863 -103.5 81.45028409958888
      vertex -30.974065972854017 -103.5 81.69787597467655
    endloop
  endfacet
  facet normal -0.6910666971580848 -0.6870284404387162 0.2245411813172843
    outer loop
      vertex -31.256550309968464 -103.1 82.05235820310327
      vertex -30.974065972854017 -103.5 81.69787597467655
      vertex -30.88950826996182 -103.5 81.95811782480922
    endloop
  endfacet
  facet normal -0.7137599021622174 -0.6870284404387172 0.13615698327197862
    outer loop
      vertex -31.256550309968464 -103.1 82.05235820310327
      vertex -30.88950826996182 -103.5 81.95811782480922
      vertex -31.21419353763394 -103.1 82.27440017958425
    endloop
  endfacet
  facet normal -0.7251966871297587 -0.6870284404387164 0.0456255082642164
    outer loop
      vertex -31.21419353763394 -103.1 82.27440017958425
      vertex -30.838234282398975 -103.5 82.22690548054935
      vertex -31.2 -103.1 82.5
    endloop
  endfacet
  facet normal -0.7251966871297597 -0.6870284404387152 -0.04562550826421646
    outer loop
      vertex -31.2 -103.1 82.5
      vertex -30.821052631578944 -103.5 82.5
      vertex -31.21419353763394 -103.1 82.72559982041575
    endloop
  endfacet
  facet normal -0.713759902162218 -0.6870284404387166 -0.13615698327197873
    outer loop
      vertex -31.21419353763394 -103.1 82.72559982041575
      vertex -30.838234282398975 -103.5 82.77309451945065
      vertex -31.256550309968464 -103.1 82.94764179689673
    endloop
  endfacet
  facet normal -0.7137599021622182 -0.6870284404387167 0.13615698327197703
    outer loop
      vertex -31.21419353763394 -103.1 82.27440017958425
      vertex -30.88950826996182 -103.5 81.95811782480922
      vertex -30.838234282398975 -103.5 82.22690548054935
    endloop
  endfacet
  facet normal -0.7251966871297597 -0.6870284404387154 0.045625508264213854
    outer loop
      vertex -31.2 -103.1 82.5
      vertex -30.838234282398975 -103.5 82.22690548054935
      vertex -30.821052631578944 -103.5 82.5
    endloop
  endfacet
  facet normal -0.7251966871297589 -0.6870284404387162 -0.045625508264213806
    outer loop
      vertex -31.21419353763394 -103.1 82.72559982041575
      vertex -30.821052631578944 -103.5 82.5
      vertex -30.838234282398975 -103.5 82.77309451945065
    endloop
  endfacet
  facet normal -0.7137599021622177 -0.6870284404387171 -0.13615698327197695
    outer loop
      vertex -31.256550309968464 -103.1 82.94764179689673
      vertex -30.838234282398975 -103.5 82.77309451945065
      vertex -30.88950826996182 -103.5 83.04188217519078
    endloop
  endfacet
  facet normal -0.6135144450384404 -0.6870284404387191 -0.3893481061434818
    outer loop
      vertex -31.422647975921045 -103.1 83.36715661338309
      vertex -31.09057386558863 -103.5 83.54971590041112
      vertex -31.543769410125094 -103.1 83.55801345412645
    endloop
  endfacet
  facet normal -0.6574749575165366 -0.6870284404387145 -0.3093842307988175
    outer loop
      vertex -31.326402325401148 -103.1 83.16262419483242
      vertex -30.974065972854017 -103.5 83.30212402532345
      vertex -31.422647975921045 -103.1 83.36715661338309
    endloop
  endfacet
  facet normal -0.691066697158086 -0.6870284404387164 -0.2245411813172798
    outer loop
      vertex -31.326402325401148 -103.1 83.16262419483242
      vertex -31.256550309968464 -103.1 82.94764179689673
      vertex -30.88950826996182 -103.5 83.04188217519078
    endloop
  endfacet
  facet normal -0.6910666971580859 -0.6870284404387149 -0.22454118131728457
    outer loop
      vertex -31.326402325401148 -103.1 83.16262419483242
      vertex -30.88950826996182 -103.5 83.04188217519078
      vertex -30.974065972854017 -103.5 83.30212402532345
    endloop
  endfacet
  facet normal -0.6135144450384383 -0.6870284404387165 -0.38934810614348964
    outer loop
      vertex -31.543769410125094 -103.1 83.55801345412645
      vertex -31.09057386558863 -103.5 83.54971590041112
      vertex -31.237194549098795 -103.5 83.7807531286794
    endloop
  endfacet
  facet normal -0.6574749575165382 -0.6870284404387177 -0.30938423079880756
    outer loop
      vertex -31.422647975921045 -103.1 83.36715661338309
      vertex -30.974065972854017 -103.5 83.30212402532345
      vertex -31.09057386558863 -103.5 83.54971590041112
    endloop
  endfacet
  facet normal -0.5598784432663259 -0.6870284404387161 -0.4631717292689839
    outer loop
      vertex -31.68785647064146 -103.1 83.73218479067164
      vertex -31.543769410125094 -103.1 83.55801345412645
      vertex -31.237194549098795 -103.5 83.7807531286794
    endloop
  endfacet
  facet normal -0.49741282398873676 -0.6870284404387148 -0.5296908575385243
    outer loop
      vertex -31.852636818452357 -103.1 83.88692383699642
      vertex -31.411615727618607 -103.5 83.99159211502356
      vertex -31.61108667496864 -103.5 84.17890780267987
    endloop
  endfacet
  facet normal -0.5598784432663257 -0.687028440438716 -0.4631717292689843
    outer loop
      vertex -31.68785647064146 -103.1 83.73218479067164
      vertex -31.237194549098795 -103.5 83.7807531286794
      vertex -31.411615727618607 -103.5 83.99159211502356
    endloop
  endfacet
  facet normal 0.2674905375314755 -0.6870284404387128 -0.675603977459778
    outer loop
      vertex -33.766402724817134 -103.1 84.12868869443884
      vertex -33.67333176669068 -103.5 84.57230209340102
      vertex -33.9277506668839 -103.5 84.47157052484701
    endloop
  endfacet
  facet normal 0.1807056636435236 -0.6870284404387169 -0.7038020923210574
    outer loop
      vertex -33.55623058987491 -103.1 84.21190172933127
      vertex -33.40829402230784 -103.5 84.64035222000882
      vertex -33.67333176669068 -103.5 84.57230209340102
    endloop
  endfacet
  facet normal 0.09107095349165525 -0.6870284404387138 -0.7209008277554338
    outer loop
      vertex -33.337286366254304 -103.1 84.26811705131163
      vertex -33.13681723729019 -103.5 84.67464771352266
      vertex -33.40829402230784 -103.5 84.64035222000882
    endloop
  endfacet
  facet normal 0.0910709534916471 -0.6870284404387162 -0.7209008277554323
    outer loop
      vertex -33.337286366254304 -103.1 84.26811705131163
      vertex -33.11302293515276 -103.1 84.29644811117089
      vertex -33.13681723729019 -103.5 84.67464771352266
    endloop
  endfacet
  facet normal 0 -0.6870284404387168 -0.7266305264908326
    outer loop
      vertex -33.11302293515276 -103.1 84.29644811117089
      vertex -32.86318276270981 -103.5 84.67464771352266
      vertex -33.13681723729019 -103.5 84.67464771352266
    endloop
  endfacet
  facet normal 0 -0.6870284404387167 -0.7266305264908326
    outer loop
      vertex -33.11302293515276 -103.1 84.29644811117089
      vertex -32.88697706484724 -103.1 84.29644811117089
      vertex -32.86318276270981 -103.5 84.67464771352266
    endloop
  endfacet
  facet normal -0.09107095349165496 -0.6870284404387161 -0.7209008277554315
    outer loop
      vertex -32.88697706484724 -103.1 84.29644811117089
      vertex -32.59170597769216 -103.5 84.64035222000882
      vertex -32.86318276270981 -103.5 84.67464771352266
    endloop
  endfacet
  facet normal -0.09107095349164746 -0.6870284404387134 -0.7209008277554351
    outer loop
      vertex -32.88697706484724 -103.1 84.29644811117089
      vertex -32.662713633745696 -103.1 84.26811705131163
      vertex -32.59170597769216 -103.5 84.64035222000882
    endloop
  endfacet
  facet normal -0.18070566364352444 -0.6870284404387135 -0.7038020923210604
    outer loop
      vertex -32.662713633745696 -103.1 84.26811705131163
      vertex -32.32666823330932 -103.5 84.57230209340102
      vertex -32.59170597769216 -103.5 84.64035222000882
    endloop
  endfacet
  facet normal -0.267490537531474 -0.6870284404387175 -0.675603977459774
    outer loop
      vertex -32.44376941012509 -103.1 84.21190172933127
      vertex -32.0722493331161 -103.5 84.47157052484701
      vertex -32.32666823330932 -103.5 84.57230209340102
    endloop
  endfacet
  facet normal 0.7705132427757933 0 0.6374239897486847
    outer loop
      vertex -34.456230589874906 -103.1 6.441986545873548
      vertex -34.31214352935854 -103.1 6.267815209328361
      vertex -34.31214352935854 -102 6.267815209328361
    endloop
  endfacet
  facet normal 0.6845471059286794 0 0.7289686274214202
    outer loop
      vertex -34.14736318154764 -103.1 6.113076163003579
      vertex -34.14736318154764 -102 6.113076163003579
      vertex -34.31214352935854 -103.1 6.267815209328361
    endloop
  endfacet
  facet normal 0.6845471059286794 0 0.7289686274214202
    outer loop
      vertex -34.31214352935854 -103.1 6.267815209328361
      vertex -34.14736318154764 -102 6.113076163003579
      vertex -34.31214352935854 -102 6.267815209328361
    endloop
  endfacet
  facet normal 0.8443279255020146 0 0.5358267949789973
    outer loop
      vertex -34.456230589874906 -103.1 6.441986545873548
      vertex -34.456230589874906 -102 6.441986545873548
      vertex -34.577352024078955 -103.1 6.632843386616912
    endloop
  endfacet
  facet normal 0.9510565162951488 0 0.309016994374962
    outer loop
      vertex -34.74344969003154 -103.1 7.052358203103261
      vertex -34.67359767459885 -103.1 6.8373758051675795
      vertex -34.67359767459885 -102 6.8373758051675795
    endloop
  endfacet
  facet normal 0.9048270524660212 0 0.42577929156506916
    outer loop
      vertex -34.67359767459885 -103.1 6.8373758051675795
      vertex -34.577352024078955 -103.1 6.632843386616912
      vertex -34.577352024078955 -102 6.632843386616912
    endloop
  endfacet
  facet normal 0.8443279255020146 0 0.5358267949789973
    outer loop
      vertex -34.577352024078955 -103.1 6.632843386616912
      vertex -34.456230589874906 -102 6.441986545873548
      vertex -34.577352024078955 -102 6.632843386616912
    endloop
  endfacet
  facet normal 0.9510565162951488 0 0.309016994374962
    outer loop
      vertex -34.74344969003154 -103.1 7.052358203103261
      vertex -34.67359767459885 -102 6.8373758051675795
      vertex -34.74344969003154 -102 7.052358203103261
    endloop
  endfacet
  facet normal 0.9048270524660212 0 0.42577929156506916
    outer loop
      vertex -34.67359767459885 -103.1 6.8373758051675795
      vertex -34.577352024078955 -102 6.632843386616912
      vertex -34.67359767459885 -102 6.8373758051675795
    endloop
  endfacet
  facet normal 0.7705132427757933 0 0.6374239897486847
    outer loop
      vertex -34.456230589874906 -103.1 6.441986545873548
      vertex -34.31214352935854 -102 6.267815209328361
      vertex -34.456230589874906 -102 6.441986545873548
    endloop
  endfacet
  facet normal 0.9822872507286908 0 0.18738131458571355
    outer loop
      vertex -34.74344969003154 -103.1 7.052358203103261
      vertex -34.74344969003154 -102 7.052358203103261
      vertex -34.78580646236606 -103.1 7.274400179584252
    endloop
  endfacet
  facet normal 0.9980267284282727 0 0.06279051952929687
    outer loop
      vertex -34.78580646236606 -103.1 7.274400179584252
      vertex -34.78580646236606 -102 7.274400179584252
      vertex -34.8 -103.1 7.5
    endloop
  endfacet
  facet normal 0.9980267284282727 0 -0.06279051952929687
    outer loop
      vertex -34.8 -103.1 7.5
      vertex -34.8 -102 7.5
      vertex -34.78580646236606 -103.1 7.725599820415748
    endloop
  endfacet
  facet normal 0.9822872507286908 0 0.18738131458571355
    outer loop
      vertex -34.78580646236606 -103.1 7.274400179584252
      vertex -34.74344969003154 -102 7.052358203103261
      vertex -34.78580646236606 -102 7.274400179584252
    endloop
  endfacet
  facet normal 0.9980267284282727 0 0.06279051952929687
    outer loop
      vertex -34.8 -103.1 7.5
      vertex -34.78580646236606 -102 7.274400179584252
      vertex -34.8 -102 7.5
    endloop
  endfacet
  facet normal 0.9980267284282727 0 -0.06279051952929687
    outer loop
      vertex -34.78580646236606 -103.1 7.725599820415748
      vertex -34.8 -102 7.5
      vertex -34.78580646236606 -102 7.725599820415748
    endloop
  endfacet
  facet normal 0.9822872507286908 0 -0.18738131458571355
    outer loop
      vertex -34.78580646236606 -103.1 7.725599820415748
      vertex -34.78580646236606 -102 7.725599820415748
      vertex -34.74344969003154 -103.1 7.947641796896739
    endloop
  endfacet
  facet normal 0.9510565162951484 0 -0.30901699437496316
    outer loop
      vertex -34.74344969003154 -103.1 7.947641796896739
      vertex -34.74344969003154 -102 7.947641796896739
      vertex -34.67359767459885 -103.1 8.16262419483242
    endloop
  endfacet
  facet normal 0.9048270524660219 0 -0.4257792915650676
    outer loop
      vertex -34.67359767459885 -103.1 8.16262419483242
      vertex -34.67359767459885 -102 8.16262419483242
      vertex -34.577352024078955 -103.1 8.367156613383088
    endloop
  endfacet
  facet normal 0.8443279255020135 0 -0.5358267949789991
    outer loop
      vertex -34.577352024078955 -103.1 8.367156613383088
      vertex -34.577352024078955 -102 8.367156613383088
      vertex -34.456230589874906 -103.1 8.558013454126451
    endloop
  endfacet
  facet normal 0.9822872507286908 0 -0.18738131458571355
    outer loop
      vertex -34.74344969003154 -103.1 7.947641796896739
      vertex -34.78580646236606 -102 7.725599820415748
      vertex -34.74344969003154 -102 7.947641796896739
    endloop
  endfacet
  facet normal 0.9510565162951484 0 -0.30901699437496316
    outer loop
      vertex -34.67359767459885 -103.1 8.16262419483242
      vertex -34.74344969003154 -102 7.947641796896739
      vertex -34.67359767459885 -102 8.16262419483242
    endloop
  endfacet
  facet normal 0.9048270524660219 0 -0.4257792915650676
    outer loop
      vertex -34.577352024078955 -103.1 8.367156613383088
      vertex -34.67359767459885 -102 8.16262419483242
      vertex -34.577352024078955 -102 8.367156613383088
    endloop
  endfacet
  facet normal 0.5877852522924798 0 0.8090169943749426
    outer loop
      vertex -34.14736318154764 -103.1 6.113076163003579
      vertex -33.964488230962196 -103.1 5.980209734096373
      vertex -33.964488230962196 -102 5.980209734096373
    endloop
  endfacet
  facet normal 0.4817536741017198 0 0.8763066800438611
    outer loop
      vertex -33.964488230962196 -103.1 5.980209734096373
      vertex -33.766402724817134 -102 5.871311305561164
      vertex -33.964488230962196 -102 5.980209734096373
    endloop
  endfacet
  facet normal 0.5877852522924798 0 0.8090169943749426
    outer loop
      vertex -34.14736318154764 -103.1 6.113076163003579
      vertex -33.964488230962196 -102 5.980209734096373
      vertex -34.14736318154764 -102 6.113076163003579
    endloop
  endfacet
  facet normal 0.4817536741017198 0 0.8763066800438611
    outer loop
      vertex -33.964488230962196 -103.1 5.980209734096373
      vertex -33.766402724817134 -103.1 5.871311305561164
      vertex -33.766402724817134 -102 5.871311305561164
    endloop
  endfacet
  facet normal 0.3681245526846743 0 0.9297764858882529
    outer loop
      vertex -33.766402724817134 -103.1 5.871311305561164
      vertex -33.55623058987491 -103.1 5.788098270668724
      vertex -33.55623058987491 -102 5.788098270668724
    endloop
  endfacet
  facet normal 0.3681245526846743 0 0.9297764858882529
    outer loop
      vertex -33.766402724817134 -103.1 5.871311305561164
      vertex -33.55623058987491 -102 5.788098270668724
      vertex -33.766402724817134 -102 5.871311305561164
    endloop
  endfacet
  facet normal 0.24868988716485213 0 0.9685831611286317
    outer loop
      vertex -33.55623058987491 -103.1 5.788098270668724
      vertex -33.337286366254304 -103.1 5.7318829486883605
      vertex -33.337286366254304 -102 5.7318829486883605
    endloop
  endfacet
  facet normal 0.24868988716485213 0 0.9685831611286317
    outer loop
      vertex -33.55623058987491 -103.1 5.788098270668724
      vertex -33.337286366254304 -102 5.7318829486883605
      vertex -33.55623058987491 -102 5.788098270668724
    endloop
  endfacet
  facet normal 0.12533323356430603 0 0.9921147013144775
    outer loop
      vertex -33.337286366254304 -103.1 5.7318829486883605
      vertex -33.11302293515276 -102 5.703551888829111
      vertex -33.337286366254304 -102 5.7318829486883605
    endloop
  endfacet
  facet normal 0.12533323356430603 0 0.9921147013144775
    outer loop
      vertex -33.337286366254304 -103.1 5.7318829486883605
      vertex -33.11302293515276 -103.1 5.703551888829111
      vertex -33.11302293515276 -102 5.703551888829111
    endloop
  endfacet
  facet normal 0 0 1
    outer loop
      vertex -33.11302293515276 -103.1 5.703551888829111
      vertex -32.88697706484724 -103.1 5.703551888829111
      vertex -32.88697706484724 -102 5.703551888829111
    endloop
  endfacet
  facet normal 0 0 1
    outer loop
      vertex -33.11302293515276 -103.1 5.703551888829111
      vertex -32.88697706484724 -102 5.703551888829111
      vertex -33.11302293515276 -102 5.703551888829111
    endloop
  endfacet
  facet normal 0.8443279255020135 0 -0.5358267949789991
    outer loop
      vertex -34.456230589874906 -103.1 8.558013454126451
      vertex -34.577352024078955 -102 8.367156613383088
      vertex -34.456230589874906 -102 8.558013454126451
    endloop
  endfacet
  facet normal 0.7705132427757933 0 -0.6374239897486847
    outer loop
      vertex -34.456230589874906 -103.1 8.558013454126451
      vertex -34.456230589874906 -102 8.558013454126451
      vertex -34.31214352935854 -103.1 8.732184790671639
    endloop
  endfacet
  facet normal 0.6845471059286794 0 -0.7289686274214202
    outer loop
      vertex -34.31214352935854 -103.1 8.732184790671639
      vertex -34.31214352935854 -102 8.732184790671639
      vertex -34.14736318154764 -103.1 8.88692383699642
    endloop
  endfacet
  facet normal 0.7705132427757933 0 -0.6374239897486847
    outer loop
      vertex -34.31214352935854 -103.1 8.732184790671639
      vertex -34.456230589874906 -102 8.558013454126451
      vertex -34.31214352935854 -102 8.732184790671639
    endloop
  endfacet
  facet normal 0.6845471059286794 0 -0.7289686274214202
    outer loop
      vertex -34.14736318154764 -103.1 8.88692383699642
      vertex -34.31214352935854 -102 8.732184790671639
      vertex -34.14736318154764 -102 8.88692383699642
    endloop
  endfacet
  facet normal 0.5877852522924824 0 -0.8090169943749408
    outer loop
      vertex -34.14736318154764 -103.1 8.88692383699642
      vertex -34.14736318154764 -102 8.88692383699642
      vertex -33.964488230962196 -103.1 9.019790265903627
    endloop
  endfacet
  facet normal 0.4817536741017198 0 -0.8763066800438611
    outer loop
      vertex -33.964488230962196 -103.1 9.019790265903627
      vertex -33.964488230962196 -102 9.019790265903627
      vertex -33.766402724817134 -103.1 9.128688694438836
    endloop
  endfacet
  facet normal 0.5877852522924824 0 -0.8090169943749408
    outer loop
      vertex -33.964488230962196 -103.1 9.019790265903627
      vertex -34.14736318154764 -102 8.88692383699642
      vertex -33.964488230962196 -102 9.019790265903627
    endloop
  endfacet
  facet normal 0.4817536741017198 0 -0.8763066800438611
    outer loop
      vertex -33.766402724817134 -103.1 9.128688694438836
      vertex -33.964488230962196 -102 9.019790265903627
      vertex -33.766402724817134 -102 9.128688694438836
    endloop
  endfacet
  facet normal 0.36812455268467775 0 -0.9297764858882515
    outer loop
      vertex -33.766402724817134 -103.1 9.128688694438836
      vertex -33.766402724817134 -102 9.128688694438836
      vertex -33.55623058987491 -103.1 9.211901729331277
    endloop
  endfacet
  facet normal 0.36812455268467775 0 -0.9297764858882515
    outer loop
      vertex -33.55623058987491 -103.1 9.211901729331277
      vertex -33.766402724817134 -102 9.128688694438836
      vertex -33.55623058987491 -102 9.211901729331277
    endloop
  endfacet
  facet normal 0.24868988716484844 0 -0.9685831611286327
    outer loop
      vertex -33.55623058987491 -103.1 9.211901729331277
      vertex -33.55623058987491 -102 9.211901729331277
      vertex -33.337286366254304 -103.1 9.26811705131164
    endloop
  endfacet
  facet normal 0.12533323356430603 0 -0.9921147013144775
    outer loop
      vertex -33.337286366254304 -103.1 9.26811705131164
      vertex -33.337286366254304 -102 9.26811705131164
      vertex -33.11302293515276 -103.1 9.29644811117089
    endloop
  endfacet
  facet normal 0.24868988716484844 0 -0.9685831611286327
    outer loop
      vertex -33.337286366254304 -103.1 9.26811705131164
      vertex -33.55623058987491 -102 9.211901729331277
      vertex -33.337286366254304 -102 9.26811705131164
    endloop
  endfacet
  facet normal 0 0 -1
    outer loop
      vertex -33.11302293515276 -103.1 9.29644811117089
      vertex -33.11302293515276 -102 9.29644811117089
      vertex -32.88697706484724 -103.1 9.29644811117089
    endloop
  endfacet
  facet normal 0.12533323356430603 0 -0.9921147013144775
    outer loop
      vertex -33.11302293515276 -103.1 9.29644811117089
      vertex -33.337286366254304 -102 9.26811705131164
      vertex -33.11302293515276 -102 9.29644811117089
    endloop
  endfacet
  facet normal 0 0 -1
    outer loop
      vertex -32.88697706484724 -103.1 9.29644811117089
      vertex -33.11302293515276 -102 9.29644811117089
      vertex -32.88697706484724 -102 9.29644811117089
    endloop
  endfacet
  facet normal -0.12533323356430603 0 0.9921147013144775
    outer loop
      vertex -32.88697706484724 -103.1 5.703551888829111
      vertex -32.662713633745696 -103.1 5.7318829486883605
      vertex -32.662713633745696 -102 5.7318829486883605
    endloop
  endfacet
  facet normal -0.12533323356430603 0 0.9921147013144775
    outer loop
      vertex -32.88697706484724 -103.1 5.703551888829111
      vertex -32.662713633745696 -102 5.7318829486883605
      vertex -32.88697706484724 -102 5.703551888829111
    endloop
  endfacet
  facet normal -0.24868988716485213 0 0.9685831611286317
    outer loop
      vertex -32.662713633745696 -103.1 5.7318829486883605
      vertex -32.44376941012509 -103.1 5.788098270668724
      vertex -32.44376941012509 -102 5.788098270668724
    endloop
  endfacet
  facet normal -0.3681245526846743 0 0.9297764858882529
    outer loop
      vertex -32.44376941012509 -103.1 5.788098270668724
      vertex -32.233597275182866 -103.1 5.871311305561164
      vertex -32.233597275182866 -102 5.871311305561164
    endloop
  endfacet
  facet normal -0.24868988716485213 0 0.9685831611286317
    outer loop
      vertex -32.662713633745696 -103.1 5.7318829486883605
      vertex -32.44376941012509 -102 5.788098270668724
      vertex -32.662713633745696 -102 5.7318829486883605
    endloop
  endfacet
  facet normal -0.3681245526846743 0 0.9297764858882529
    outer loop
      vertex -32.44376941012509 -103.1 5.788098270668724
      vertex -32.233597275182866 -102 5.871311305561164
      vertex -32.44376941012509 -102 5.788098270668724
    endloop
  endfacet
  facet normal -0.4817536741017168 0 0.8763066800438628
    outer loop
      vertex -32.233597275182866 -103.1 5.871311305561164
      vertex -32.035511769037804 -103.1 5.9802097340963725
      vertex -32.035511769037804 -102 5.9802097340963725
    endloop
  endfacet
  facet normal -0.4817536741017168 0 0.8763066800438628
    outer loop
      vertex -32.233597275182866 -103.1 5.871311305561164
      vertex -32.035511769037804 -102 5.9802097340963725
      vertex -32.233597275182866 -102 5.871311305561164
    endloop
  endfacet
  facet normal -0.5877852522924775 0 0.8090169943749443
    outer loop
      vertex -32.035511769037804 -103.1 5.9802097340963725
      vertex -31.852636818452357 -102 6.11307616300358
      vertex -32.035511769037804 -102 5.9802097340963725
    endloop
  endfacet
  facet normal -0.5877852522924775 0 0.8090169943749443
    outer loop
      vertex -32.035511769037804 -103.1 5.9802097340963725
      vertex -31.852636818452357 -103.1 6.11307616300358
      vertex -31.852636818452357 -102 6.11307616300358
    endloop
  endfacet
  facet normal -0.6845471059286931 0 0.7289686274214074
    outer loop
      vertex -31.852636818452357 -103.1 6.11307616300358
      vertex -31.68785647064146 -103.1 6.267815209328361
      vertex -31.68785647064146 -102 6.267815209328361
    endloop
  endfacet
  facet normal -0.6845471059286931 0 0.7289686274214074
    outer loop
      vertex -31.852636818452357 -103.1 6.11307616300358
      vertex -31.68785647064146 -102 6.267815209328361
      vertex -31.852636818452357 -102 6.11307616300358
    endloop
  endfacet
  facet normal -0.7705132427757856 0 0.6374239897486942
    outer loop
      vertex -31.68785647064146 -103.1 6.267815209328361
      vertex -31.543769410125094 -102 6.441986545873548
      vertex -31.68785647064146 -102 6.267815209328361
    endloop
  endfacet
  facet normal -0.7705132427757856 0 0.6374239897486942
    outer loop
      vertex -31.68785647064146 -103.1 6.267815209328361
      vertex -31.543769410125094 -103.1 6.441986545873548
      vertex -31.543769410125094 -102 6.441986545873548
    endloop
  endfacet
  facet normal -0.8443279255020146 0 0.5358267949789973
    outer loop
      vertex -31.543769410125094 -103.1 6.441986545873548
      vertex -31.422647975921045 -103.1 6.632843386616912
      vertex -31.422647975921045 -102 6.632843386616912
    endloop
  endfacet
  facet normal -0.9048270524660205 0 0.4257792915650706
    outer loop
      vertex -31.422647975921045 -103.1 6.632843386616912
      vertex -31.326402325401148 -103.1 6.837375805167579
      vertex -31.326402325401148 -102 6.837375805167579
    endloop
  endfacet
  facet normal -0.8443279255020146 0 0.5358267949789973
    outer loop
      vertex -31.543769410125094 -103.1 6.441986545873548
      vertex -31.422647975921045 -102 6.632843386616912
      vertex -31.543769410125094 -102 6.441986545873548
    endloop
  endfacet
  facet normal -0.9048270524660205 0 0.4257792915650706
    outer loop
      vertex -31.422647975921045 -103.1 6.632843386616912
      vertex -31.326402325401148 -102 6.837375805167579
      vertex -31.422647975921045 -102 6.632843386616912
    endloop
  endfacet
  facet normal -0.9510565162951542 0 0.3090169943749455
    outer loop
      vertex -31.326402325401148 -103.1 6.837375805167579
      vertex -31.256550309968464 -103.1 7.052358203103262
      vertex -31.256550309968464 -102 7.052358203103262
    endloop
  endfacet
  facet normal -0.9510565162951542 0 0.3090169943749455
    outer loop
      vertex -31.326402325401148 -103.1 6.837375805167579
      vertex -31.256550309968464 -102 7.052358203103262
      vertex -31.326402325401148 -102 6.837375805167579
    endloop
  endfacet
  facet normal -0.9822872507286878 0 0.18738131458572946
    outer loop
      vertex -31.256550309968464 -103.1 7.052358203103262
      vertex -31.21419353763394 -103.1 7.274400179584252
      vertex -31.21419353763394 -102 7.274400179584252
    endloop
  endfacet
  facet normal -0.9980267284282716 0 0.06279051952931251
    outer loop
      vertex -31.21419353763394 -103.1 7.274400179584252
      vertex -31.2 -103.1 7.5
      vertex -31.2 -102 7.5
    endloop
  endfacet
  facet normal -0.9980267284282716 0 -0.06279051952931251
    outer loop
      vertex -31.2 -103.1 7.5
      vertex -31.21419353763394 -103.1 7.725599820415748
      vertex -31.21419353763394 -102 7.725599820415748
    endloop
  endfacet
  facet normal -0.9822872507286878 0 0.18738131458572946
    outer loop
      vertex -31.256550309968464 -103.1 7.052358203103262
      vertex -31.21419353763394 -102 7.274400179584252
      vertex -31.256550309968464 -102 7.052358203103262
    endloop
  endfacet
  facet normal -0.9980267284282716 0 0.06279051952931251
    outer loop
      vertex -31.21419353763394 -103.1 7.274400179584252
      vertex -31.2 -102 7.5
      vertex -31.21419353763394 -102 7.274400179584252
    endloop
  endfacet
  facet normal -0.9980267284282716 0 -0.06279051952931251
    outer loop
      vertex -31.2 -103.1 7.5
      vertex -31.21419353763394 -102 7.725599820415748
      vertex -31.2 -102 7.5
    endloop
  endfacet
  facet normal -0.9048270524660219 0 -0.4257792915650676
    outer loop
      vertex -31.326402325401148 -103.1 8.16262419483242
      vertex -31.422647975921045 -103.1 8.367156613383088
      vertex -31.422647975921045 -102 8.367156613383088
    endloop
  endfacet
  facet normal -0.9048270524660219 0 -0.4257792915650676
    outer loop
      vertex -31.326402325401148 -103.1 8.16262419483242
      vertex -31.422647975921045 -102 8.367156613383088
      vertex -31.326402325401148 -102 8.16262419483242
    endloop
  endfacet
  facet normal -0.8443279255020135 0 -0.5358267949789991
    outer loop
      vertex -31.422647975921045 -103.1 8.367156613383088
      vertex -31.543769410125094 -102 8.558013454126451
      vertex -31.422647975921045 -102 8.367156613383088
    endloop
  endfacet
  facet normal -0.9822872507286879 0 -0.18738131458572868
    outer loop
      vertex -31.21419353763394 -103.1 7.725599820415748
      vertex -31.256550309968464 -103.1 7.947641796896739
      vertex -31.256550309968464 -102 7.947641796896739
    endloop
  endfacet
  facet normal -0.9510565162951531 0 -0.309016994374949
    outer loop
      vertex -31.256550309968464 -103.1 7.947641796896739
      vertex -31.326402325401148 -103.1 8.16262419483242
      vertex -31.326402325401148 -102 8.16262419483242
    endloop
  endfacet
  facet normal -0.9822872507286879 0 -0.18738131458572868
    outer loop
      vertex -31.21419353763394 -103.1 7.725599820415748
      vertex -31.256550309968464 -102 7.947641796896739
      vertex -31.21419353763394 -102 7.725599820415748
    endloop
  endfacet
  facet normal -0.9510565162951531 0 -0.309016994374949
    outer loop
      vertex -31.256550309968464 -103.1 7.947641796896739
      vertex -31.326402325401148 -102 8.16262419483242
      vertex -31.256550309968464 -102 7.947641796896739
    endloop
  endfacet
  facet normal -0.12533323356430603 0 -0.9921147013144775
    outer loop
      vertex -32.88697706484724 -103.1 9.29644811117089
      vertex -32.88697706484724 -102 9.29644811117089
      vertex -32.662713633745696 -103.1 9.26811705131164
    endloop
  endfacet
  facet normal -0.12533323356430603 0 -0.9921147013144775
    outer loop
      vertex -32.662713633745696 -103.1 9.26811705131164
      vertex -32.88697706484724 -102 9.29644811117089
      vertex -32.662713633745696 -102 9.26811705131164
    endloop
  endfacet
  facet normal -0.24868988716484844 0 -0.9685831611286327
    outer loop
      vertex -32.662713633745696 -103.1 9.26811705131164
      vertex -32.662713633745696 -102 9.26811705131164
      vertex -32.44376941012509 -103.1 9.211901729331277
    endloop
  endfacet
  facet normal -0.36812455268467775 0 -0.9297764858882515
    outer loop
      vertex -32.44376941012509 -103.1 9.211901729331277
      vertex -32.44376941012509 -102 9.211901729331277
      vertex -32.233597275182866 -103.1 9.128688694438836
    endloop
  endfacet
  facet normal -0.24868988716484844 0 -0.9685831611286327
    outer loop
      vertex -32.44376941012509 -103.1 9.211901729331277
      vertex -32.662713633745696 -102 9.26811705131164
      vertex -32.44376941012509 -102 9.211901729331277
    endloop
  endfacet
  facet normal -0.36812455268467775 0 -0.9297764858882515
    outer loop
      vertex -32.233597275182866 -103.1 9.128688694438836
      vertex -32.44376941012509 -102 9.211901729331277
      vertex -32.233597275182866 -102 9.128688694438836
    endloop
  endfacet
  facet normal -0.4817536741017198 0 -0.8763066800438611
    outer loop
      vertex -32.035511769037804 -103.1 9.019790265903627
      vertex -32.233597275182866 -103.1 9.128688694438836
      vertex -32.233597275182866 -102 9.128688694438836
    endloop
  endfacet
  facet normal -0.5877852522924749 0 -0.8090169943749461
    outer loop
      vertex -32.035511769037804 -103.1 9.019790265903627
      vertex -32.035511769037804 -102 9.019790265903627
      vertex -31.852636818452357 -103.1 8.88692383699642
    endloop
  endfacet
  facet normal -0.4817536741017198 0 -0.8763066800438611
    outer loop
      vertex -32.035511769037804 -103.1 9.019790265903627
      vertex -32.233597275182866 -102 9.128688694438836
      vertex -32.035511769037804 -102 9.019790265903627
    endloop
  endfacet
  facet normal -0.684547105928691 0 -0.7289686274214093
    outer loop
      vertex -31.852636818452357 -103.1 8.88692383699642
      vertex -31.852636818452357 -102 8.88692383699642
      vertex -31.68785647064146 -103.1 8.73218479067164
    endloop
  endfacet
  facet normal -0.684547105928691 0 -0.7289686274214093
    outer loop
      vertex -31.68785647064146 -103.1 8.73218479067164
      vertex -31.852636818452357 -102 8.88692383699642
      vertex -31.68785647064146 -102 8.73218479067164
    endloop
  endfacet
  facet normal -0.5877852522924749 0 -0.8090169943749461
    outer loop
      vertex -31.852636818452357 -103.1 8.88692383699642
      vertex -32.035511769037804 -102 9.019790265903627
      vertex -31.852636818452357 -102 8.88692383699642
    endloop
  endfacet
  facet normal -0.8443279255020135 0 -0.5358267949789991
    outer loop
      vertex -31.543769410125094 -103.1 8.558013454126451
      vertex -31.543769410125094 -102 8.558013454126451
      vertex -31.422647975921045 -103.1 8.367156613383088
    endloop
  endfacet
  facet normal -0.7705132427757887 0 -0.6374239897486903
    outer loop
      vertex -31.543769410125094 -103.1 8.558013454126451
      vertex -31.68785647064146 -103.1 8.73218479067164
      vertex -31.68785647064146 -102 8.73218479067164
    endloop
  endfacet
  facet normal -0.7705132427757887 0 -0.6374239897486903
    outer loop
      vertex -31.543769410125094 -103.1 8.558013454126451
      vertex -31.68785647064146 -102 8.73218479067164
      vertex -31.543769410125094 -102 8.558013454126451
    endloop
  endfacet
  facet normal 0.7705132427757856 0 0.6374239897486942
    outer loop
      vertex 31.543769410125094 -103.1 6.441986545873548
      vertex 31.68785647064146 -103.1 6.267815209328361
      vertex 31.68785647064146 -102 6.267815209328361
    endloop
  endfacet
  facet normal 0.9510565162951534 0 0.3090169943749478
    outer loop
      vertex 31.256550309968464 -103.1 7.052358203103261
      vertex 31.326402325401148 -103.1 6.8373758051675795
      vertex 31.326402325401148 -102 6.8373758051675795
    endloop
  endfacet
  facet normal 0.9510565162951534 0 0.3090169943749478
    outer loop
      vertex 31.256550309968464 -103.1 7.052358203103261
      vertex 31.326402325401148 -102 6.8373758051675795
      vertex 31.256550309968464 -102 7.052358203103261
    endloop
  endfacet
  facet normal 0.8443279255020146 0 0.5358267949789973
    outer loop
      vertex 31.543769410125094 -103.1 6.441986545873548
      vertex 31.543769410125094 -102 6.441986545873548
      vertex 31.422647975921045 -103.1 6.632843386616912
    endloop
  endfacet
  facet normal 0.9048270524660212 0 0.42577929156506916
    outer loop
      vertex 31.422647975921045 -103.1 6.632843386616912
      vertex 31.422647975921045 -102 6.632843386616912
      vertex 31.326402325401148 -103.1 6.8373758051675795
    endloop
  endfacet
  facet normal 0.8443279255020146 0 0.5358267949789973
    outer loop
      vertex 31.422647975921045 -103.1 6.632843386616912
      vertex 31.543769410125094 -102 6.441986545873548
      vertex 31.422647975921045 -102 6.632843386616912
    endloop
  endfacet
  facet normal 0.7705132427757856 0 0.6374239897486942
    outer loop
      vertex 31.543769410125094 -103.1 6.441986545873548
      vertex 31.68785647064146 -102 6.267815209328361
      vertex 31.543769410125094 -102 6.441986545873548
    endloop
  endfacet
  facet normal 0.9048270524660212 0 0.42577929156506916
    outer loop
      vertex 31.326402325401148 -103.1 6.8373758051675795
      vertex 31.422647975921045 -102 6.632843386616912
      vertex 31.326402325401148 -102 6.8373758051675795
    endloop
  endfacet
  facet normal 0.9822872507286879 0 0.18738131458572868
    outer loop
      vertex 31.256550309968464 -103.1 7.052358203103261
      vertex 31.256550309968464 -102 7.052358203103261
      vertex 31.21419353763394 -103.1 7.274400179584252
    endloop
  endfacet
  facet normal 0.9980267284282716 0 0.06279051952931251
    outer loop
      vertex 31.21419353763394 -103.1 7.274400179584252
      vertex 31.21419353763394 -102 7.274400179584252
      vertex 31.2 -103.1 7.5
    endloop
  endfacet
  facet normal 0.9980267284282716 0 -0.06279051952931251
    outer loop
      vertex 31.2 -103.1 7.5
      vertex 31.2 -102 7.5
      vertex 31.21419353763394 -103.1 7.725599820415748
    endloop
  endfacet
  facet normal 0.9822872507286879 0 0.18738131458572868
    outer loop
      vertex 31.21419353763394 -103.1 7.274400179584252
      vertex 31.256550309968464 -102 7.052358203103261
      vertex 31.21419353763394 -102 7.274400179584252
    endloop
  endfacet
  facet normal 0.9980267284282716 0 0.06279051952931251
    outer loop
      vertex 31.2 -103.1 7.5
      vertex 31.21419353763394 -102 7.274400179584252
      vertex 31.2 -102 7.5
    endloop
  endfacet
  facet normal 0.9980267284282716 0 -0.06279051952931251
    outer loop
      vertex 31.21419353763394 -103.1 7.725599820415748
      vertex 31.2 -102 7.5
      vertex 31.21419353763394 -102 7.725599820415748
    endloop
  endfacet
  facet normal 0.9822872507286879 0 -0.18738131458572868
    outer loop
      vertex 31.21419353763394 -103.1 7.725599820415748
      vertex 31.21419353763394 -102 7.725599820415748
      vertex 31.256550309968464 -103.1 7.947641796896739
    endloop
  endfacet
  facet normal 0.9510565162951531 0 -0.309016994374949
    outer loop
      vertex 31.256550309968464 -103.1 7.947641796896739
      vertex 31.256550309968464 -102 7.947641796896739
      vertex 31.326402325401148 -103.1 8.16262419483242
    endloop
  endfacet
  facet normal 0.9822872507286879 0 -0.18738131458572868
    outer loop
      vertex 31.256550309968464 -103.1 7.947641796896739
      vertex 31.21419353763394 -102 7.725599820415748
      vertex 31.256550309968464 -102 7.947641796896739
    endloop
  endfacet
  facet normal 0.9510565162951531 0 -0.309016994374949
    outer loop
      vertex 31.326402325401148 -103.1 8.16262419483242
      vertex 31.256550309968464 -102 7.947641796896739
      vertex 31.326402325401148 -102 8.16262419483242
    endloop
  endfacet
  facet normal 0.9048270524660219 0 -0.4257792915650676
    outer loop
      vertex 31.326402325401148 -103.1 8.16262419483242
      vertex 31.326402325401148 -102 8.16262419483242
      vertex 31.422647975921045 -103.1 8.367156613383088
    endloop
  endfacet
  facet normal 0.8443279255020135 0 -0.5358267949789991
    outer loop
      vertex 31.422647975921045 -103.1 8.367156613383088
      vertex 31.422647975921045 -102 8.367156613383088
      vertex 31.543769410125094 -103.1 8.558013454126451
    endloop
  endfacet
  facet normal 0.9048270524660219 0 -0.4257792915650676
    outer loop
      vertex 31.422647975921045 -103.1 8.367156613383088
      vertex 31.326402325401148 -102 8.16262419483242
      vertex 31.422647975921045 -102 8.367156613383088
    endloop
  endfacet
  facet normal 0.6845471059286873 0 0.7289686274214128
    outer loop
      vertex 31.68785647064146 -103.1 6.267815209328361
      vertex 31.85263681845236 -103.1 6.113076163003579
      vertex 31.85263681845236 -102 6.113076163003579
    endloop
  endfacet
  facet normal 0.6845471059286873 0 0.7289686274214128
    outer loop
      vertex 31.68785647064146 -103.1 6.267815209328361
      vertex 31.85263681845236 -102 6.113076163003579
      vertex 31.68785647064146 -102 6.267815209328361
    endloop
  endfacet
  facet normal 0.5877852522924798 0 0.8090169943749426
    outer loop
      vertex 31.85263681845236 -103.1 6.113076163003579
      vertex 32.035511769037804 -102 5.980209734096373
      vertex 31.85263681845236 -102 6.113076163003579
    endloop
  endfacet
  facet normal 0.4817536741017198 0 0.8763066800438611
    outer loop
      vertex 32.035511769037804 -103.1 5.980209734096373
      vertex 32.233597275182866 -103.1 5.871311305561164
      vertex 32.233597275182866 -102 5.871311305561164
    endloop
  endfacet
  facet normal 0.5877852522924798 0 0.8090169943749426
    outer loop
      vertex 31.85263681845236 -103.1 6.113076163003579
      vertex 32.035511769037804 -103.1 5.980209734096373
      vertex 32.035511769037804 -102 5.980209734096373
    endloop
  endfacet
  facet normal 0.4817536741017198 0 0.8763066800438611
    outer loop
      vertex 32.035511769037804 -103.1 5.980209734096373
      vertex 32.233597275182866 -102 5.871311305561164
      vertex 32.035511769037804 -102 5.980209734096373
    endloop
  endfacet
  facet normal 0.3681245526846743 0 0.9297764858882529
    outer loop
      vertex 32.44376941012509 -103.1 5.788098270668724
      vertex 32.44376941012509 -102 5.788098270668724
      vertex 32.233597275182866 -103.1 5.871311305561164
    endloop
  endfacet
  facet normal 0.24868988716485213 0 0.9685831611286317
    outer loop
      vertex 32.44376941012509 -103.1 5.788098270668724
      vertex 32.662713633745696 -103.1 5.7318829486883605
      vertex 32.662713633745696 -102 5.7318829486883605
    endloop
  endfacet
  facet normal 0.3681245526846743 0 0.9297764858882529
    outer loop
      vertex 32.233597275182866 -103.1 5.871311305561164
      vertex 32.44376941012509 -102 5.788098270668724
      vertex 32.233597275182866 -102 5.871311305561164
    endloop
  endfacet
  facet normal 0.24868988716485213 0 0.9685831611286317
    outer loop
      vertex 32.44376941012509 -103.1 5.788098270668724
      vertex 32.662713633745696 -102 5.7318829486883605
      vertex 32.44376941012509 -102 5.788098270668724
    endloop
  endfacet
  facet normal 0.12533323356430603 0 0.9921147013144775
    outer loop
      vertex 32.662713633745696 -103.1 5.7318829486883605
      vertex 32.88697706484724 -103.1 5.703551888829111
      vertex 32.88697706484724 -102 5.703551888829111
    endloop
  endfacet
  facet normal 0.12533323356430603 0 0.9921147013144775
    outer loop
      vertex 32.662713633745696 -103.1 5.7318829486883605
      vertex 32.88697706484724 -102 5.703551888829111
      vertex 32.662713633745696 -102 5.7318829486883605
    endloop
  endfacet
  facet normal 0.7705132427757856 0 -0.6374239897486942
    outer loop
      vertex 31.543769410125094 -103.1 8.558013454126451
      vertex 31.543769410125094 -102 8.558013454126451
      vertex 31.68785647064146 -103.1 8.732184790671639
    endloop
  endfacet
  facet normal 0.8443279255020135 0 -0.5358267949789991
    outer loop
      vertex 31.543769410125094 -103.1 8.558013454126451
      vertex 31.422647975921045 -102 8.367156613383088
      vertex 31.543769410125094 -102 8.558013454126451
    endloop
  endfacet
  facet normal 0.7705132427757856 0 -0.6374239897486942
    outer loop
      vertex 31.68785647064146 -103.1 8.732184790671639
      vertex 31.543769410125094 -102 8.558013454126451
      vertex 31.68785647064146 -102 8.732184790671639
    endloop
  endfacet
  facet normal 0.6845471059286873 0 -0.7289686274214128
    outer loop
      vertex 31.68785647064146 -103.1 8.732184790671639
      vertex 31.68785647064146 -102 8.732184790671639
      vertex 31.85263681845236 -103.1 8.88692383699642
    endloop
  endfacet
  facet normal 0.5877852522924824 0 -0.8090169943749408
    outer loop
      vertex 31.85263681845236 -103.1 8.88692383699642
      vertex 31.85263681845236 -102 8.88692383699642
      vertex 32.035511769037804 -103.1 9.019790265903627
    endloop
  endfacet
  facet normal 0.6845471059286873 0 -0.7289686274214128
    outer loop
      vertex 31.85263681845236 -103.1 8.88692383699642
      vertex 31.68785647064146 -102 8.732184790671639
      vertex 31.85263681845236 -102 8.88692383699642
    endloop
  endfacet
  facet normal 0.4817536741017198 0 -0.8763066800438611
    outer loop
      vertex 32.035511769037804 -103.1 9.019790265903627
      vertex 32.035511769037804 -102 9.019790265903627
      vertex 32.233597275182866 -103.1 9.128688694438836
    endloop
  endfacet
  facet normal 0.5877852522924824 0 -0.8090169943749408
    outer loop
      vertex 32.035511769037804 -103.1 9.019790265903627
      vertex 31.85263681845236 -102 8.88692383699642
      vertex 32.035511769037804 -102 9.019790265903627
    endloop
  endfacet
  facet normal 0.4817536741017198 0 -0.8763066800438611
    outer loop
      vertex 32.233597275182866 -103.1 9.128688694438836
      vertex 32.035511769037804 -102 9.019790265903627
      vertex 32.233597275182866 -102 9.128688694438836
    endloop
  endfacet
  facet normal 0.36812455268467775 0 -0.9297764858882515
    outer loop
      vertex 32.233597275182866 -103.1 9.128688694438836
      vertex 32.233597275182866 -102 9.128688694438836
      vertex 32.44376941012509 -103.1 9.211901729331277
    endloop
  endfacet
  facet normal 0.24868988716484844 0 -0.9685831611286327
    outer loop
      vertex 32.44376941012509 -103.1 9.211901729331277
      vertex 32.44376941012509 -102 9.211901729331277
      vertex 32.662713633745696 -103.1 9.26811705131164
    endloop
  endfacet
  facet normal 0.36812455268467775 0 -0.9297764858882515
    outer loop
      vertex 32.44376941012509 -103.1 9.211901729331277
      vertex 32.233597275182866 -102 9.128688694438836
      vertex 32.44376941012509 -102 9.211901729331277
    endloop
  endfacet
  facet normal 0.24868988716484844 0 -0.9685831611286327
    outer loop
      vertex 32.662713633745696 -103.1 9.26811705131164
      vertex 32.44376941012509 -102 9.211901729331277
      vertex 32.662713633745696 -102 9.26811705131164
    endloop
  endfacet
  facet normal 0.12533323356430603 0 -0.9921147013144775
    outer loop
      vertex 32.662713633745696 -103.1 9.26811705131164
      vertex 32.662713633745696 -102 9.26811705131164
      vertex 32.88697706484724 -103.1 9.29644811117089
    endloop
  endfacet
  facet normal 0.12533323356430603 0 -0.9921147013144775
    outer loop
      vertex 32.88697706484724 -103.1 9.29644811117089
      vertex 32.662713633745696 -102 9.26811705131164
      vertex 32.88697706484724 -102 9.29644811117089
    endloop
  endfacet
  facet normal 0 0 1
    outer loop
      vertex 32.88697706484724 -103.1 5.703551888829111
      vertex 33.11302293515276 -103.1 5.703551888829111
      vertex 33.11302293515276 -102 5.703551888829111
    endloop
  endfacet
  facet normal 0 0 1
    outer loop
      vertex 32.88697706484724 -103.1 5.703551888829111
      vertex 33.11302293515276 -102 5.703551888829111
      vertex 32.88697706484724 -102 5.703551888829111
    endloop
  endfacet
  facet normal -0.12533323356430603 0 0.9921147013144775
    outer loop
      vertex 33.11302293515276 -103.1 5.703551888829111
      vertex 33.337286366254304 -102 5.7318829486883605
      vertex 33.11302293515276 -102 5.703551888829111
    endloop
  endfacet
  facet normal -0.12533323356430603 0 0.9921147013144775
    outer loop
      vertex 33.11302293515276 -103.1 5.703551888829111
      vertex 33.337286366254304 -103.1 5.7318829486883605
      vertex 33.337286366254304 -102 5.7318829486883605
    endloop
  endfacet
  facet normal -0.24868988716485213 0 0.9685831611286317
    outer loop
      vertex 33.337286366254304 -103.1 5.7318829486883605
      vertex 33.55623058987491 -103.1 5.788098270668724
      vertex 33.55623058987491 -102 5.788098270668724
    endloop
  endfacet
  facet normal -0.24868988716485213 0 0.9685831611286317
    outer loop
      vertex 33.337286366254304 -103.1 5.7318829486883605
      vertex 33.55623058987491 -102 5.788098270668724
      vertex 33.337286366254304 -102 5.7318829486883605
    endloop
  endfacet
  facet normal -0.3681245526846743 0 0.9297764858882529
    outer loop
      vertex 33.55623058987491 -103.1 5.788098270668724
      vertex 33.766402724817134 -103.1 5.871311305561164
      vertex 33.766402724817134 -102 5.871311305561164
    endloop
  endfacet
  facet normal -0.3681245526846743 0 0.9297764858882529
    outer loop
      vertex 33.55623058987491 -103.1 5.788098270668724
      vertex 33.766402724817134 -102 5.871311305561164
      vertex 33.55623058987491 -102 5.788098270668724
    endloop
  endfacet
  facet normal -0.4817536741017168 0 0.8763066800438628
    outer loop
      vertex 33.766402724817134 -103.1 5.871311305561164
      vertex 33.964488230962196 -102 5.9802097340963725
      vertex 33.766402724817134 -102 5.871311305561164
    endloop
  endfacet
  facet normal -0.4817536741017168 0 0.8763066800438628
    outer loop
      vertex 33.766402724817134 -103.1 5.871311305561164
      vertex 33.964488230962196 -103.1 5.9802097340963725
      vertex 33.964488230962196 -102 5.9802097340963725
    endloop
  endfacet
  facet normal -0.5877852522924849 0 0.8090169943749389
    outer loop
      vertex 33.964488230962196 -103.1 5.9802097340963725
      vertex 34.14736318154764 -103.1 6.11307616300358
      vertex 34.14736318154764 -102 6.11307616300358
    endloop
  endfacet
  facet normal -0.5877852522924849 0 0.8090169943749389
    outer loop
      vertex 33.964488230962196 -103.1 5.9802097340963725
      vertex 34.14736318154764 -102 6.11307616300358
      vertex 33.964488230962196 -102 5.9802097340963725
    endloop
  endfacet
  facet normal -0.6845471059286773 0 0.7289686274214221
    outer loop
      vertex 34.14736318154764 -103.1 6.11307616300358
      vertex 34.31214352935854 -103.1 6.267815209328361
      vertex 34.31214352935854 -102 6.267815209328361
    endloop
  endfacet
  facet normal -0.6845471059286773 0 0.7289686274214221
    outer loop
      vertex 34.14736318154764 -103.1 6.11307616300358
      vertex 34.31214352935854 -102 6.267815209328361
      vertex 34.14736318154764 -102 6.11307616300358
    endloop
  endfacet
  facet normal -0.7705132427757933 0 0.6374239897486847
    outer loop
      vertex 34.31214352935854 -103.1 6.267815209328361
      vertex 34.456230589874906 -102 6.441986545873548
      vertex 34.31214352935854 -102 6.267815209328361
    endloop
  endfacet
  facet normal -0.7705132427757933 0 0.6374239897486847
    outer loop
      vertex 34.31214352935854 -103.1 6.267815209328361
      vertex 34.456230589874906 -103.1 6.441986545873548
      vertex 34.456230589874906 -102 6.441986545873548
    endloop
  endfacet
  facet normal -0.8443279255020146 0 0.5358267949789973
    outer loop
      vertex 34.456230589874906 -103.1 6.441986545873548
      vertex 34.577352024078955 -103.1 6.632843386616912
      vertex 34.577352024078955 -102 6.632843386616912
    endloop
  endfacet
  facet normal -0.9048270524660205 0 0.4257792915650706
    outer loop
      vertex 34.577352024078955 -103.1 6.632843386616912
      vertex 34.67359767459885 -103.1 6.837375805167579
      vertex 34.67359767459885 -102 6.837375805167579
    endloop
  endfacet
  facet normal -0.9510565162951496 0 0.3090169943749597
    outer loop
      vertex 34.67359767459885 -103.1 6.837375805167579
      vertex 34.74344969003154 -103.1 7.052358203103262
      vertex 34.74344969003154 -102 7.052358203103262
    endloop
  endfacet
  facet normal -0.8443279255020146 0 0.5358267949789973
    outer loop
      vertex 34.456230589874906 -103.1 6.441986545873548
      vertex 34.577352024078955 -102 6.632843386616912
      vertex 34.456230589874906 -102 6.441986545873548
    endloop
  endfacet
  facet normal -0.9048270524660205 0 0.4257792915650706
    outer loop
      vertex 34.577352024078955 -103.1 6.632843386616912
      vertex 34.67359767459885 -102 6.837375805167579
      vertex 34.577352024078955 -102 6.632843386616912
    endloop
  endfacet
  facet normal -0.9510565162951496 0 0.3090169943749597
    outer loop
      vertex 34.67359767459885 -103.1 6.837375805167579
      vertex 34.74344969003154 -102 7.052358203103262
      vertex 34.67359767459885 -102 6.837375805167579
    endloop
  endfacet
  facet normal -0.9822872507286907 0 0.18738131458571428
    outer loop
      vertex 34.74344969003154 -103.1 7.052358203103262
      vertex 34.78580646236606 -103.1 7.274400179584252
      vertex 34.78580646236606 -102 7.274400179584252
    endloop
  endfacet
  facet normal -0.9980267284282727 0 0.06279051952929687
    outer loop
      vertex 34.78580646236606 -103.1 7.274400179584252
      vertex 34.8 -103.1 7.5
      vertex 34.8 -102 7.5
    endloop
  endfacet
  facet normal -0.9980267284282727 0 -0.06279051952929687
    outer loop
      vertex 34.8 -103.1 7.5
      vertex 34.78580646236606 -103.1 7.725599820415748
      vertex 34.78580646236606 -102 7.725599820415748
    endloop
  endfacet
  facet normal -0.9822872507286907 0 0.18738131458571428
    outer loop
      vertex 34.74344969003154 -103.1 7.052358203103262
      vertex 34.78580646236606 -102 7.274400179584252
      vertex 34.74344969003154 -102 7.052358203103262
    endloop
  endfacet
  facet normal -0.9980267284282727 0 0.06279051952929687
    outer loop
      vertex 34.78580646236606 -103.1 7.274400179584252
      vertex 34.8 -102 7.5
      vertex 34.78580646236606 -102 7.274400179584252
    endloop
  endfacet
  facet normal -0.9980267284282727 0 -0.06279051952929687
    outer loop
      vertex 34.8 -103.1 7.5
      vertex 34.78580646236606 -102 7.725599820415748
      vertex 34.8 -102 7.5
    endloop
  endfacet
  facet normal -0.9822872507286908 0 -0.18738131458571355
    outer loop
      vertex 34.78580646236606 -103.1 7.725599820415748
      vertex 34.74344969003154 -103.1 7.947641796896739
      vertex 34.74344969003154 -102 7.947641796896739
    endloop
  endfacet
  facet normal -0.9048270524660219 0 -0.4257792915650676
    outer loop
      vertex 34.577352024078955 -103.1 8.367156613383088
      vertex 34.577352024078955 -102 8.367156613383088
      vertex 34.67359767459885 -103.1 8.16262419483242
    endloop
  endfacet
  facet normal -0.9510565162951484 0 -0.30901699437496316
    outer loop
      vertex 34.74344969003154 -103.1 7.947641796896739
      vertex 34.67359767459885 -103.1 8.16262419483242
      vertex 34.67359767459885 -102 8.16262419483242
    endloop
  endfacet
  facet normal -0.9822872507286908 0 -0.18738131458571355
    outer loop
      vertex 34.78580646236606 -103.1 7.725599820415748
      vertex 34.74344969003154 -102 7.947641796896739
      vertex 34.78580646236606 -102 7.725599820415748
    endloop
  endfacet
  facet normal -0.9510565162951484 0 -0.30901699437496316
    outer loop
      vertex 34.74344969003154 -103.1 7.947641796896739
      vertex 34.67359767459885 -102 8.16262419483242
      vertex 34.74344969003154 -102 7.947641796896739
    endloop
  endfacet
  facet normal -0.9048270524660219 0 -0.4257792915650676
    outer loop
      vertex 34.67359767459885 -103.1 8.16262419483242
      vertex 34.577352024078955 -102 8.367156613383088
      vertex 34.67359767459885 -102 8.16262419483242
    endloop
  endfacet
  facet normal -0.8443279255020135 0 -0.5358267949789991
    outer loop
      vertex 34.577352024078955 -103.1 8.367156613383088
      vertex 34.456230589874906 -102 8.558013454126451
      vertex 34.577352024078955 -102 8.367156613383088
    endloop
  endfacet
  facet normal 0 0 -1
    outer loop
      vertex 32.88697706484724 -103.1 9.29644811117089
      vertex 32.88697706484724 -102 9.29644811117089
      vertex 33.11302293515276 -103.1 9.29644811117089
    endloop
  endfacet
  facet normal -0.12533323356430603 0 -0.9921147013144775
    outer loop
      vertex 33.11302293515276 -103.1 9.29644811117089
      vertex 33.11302293515276 -102 9.29644811117089
      vertex 33.337286366254304 -103.1 9.26811705131164
    endloop
  endfacet
  facet normal 0 0 -1
    outer loop
      vertex 33.11302293515276 -103.1 9.29644811117089
      vertex 32.88697706484724 -102 9.29644811117089
      vertex 33.11302293515276 -102 9.29644811117089
    endloop
  endfacet
  facet normal -0.24868988716484844 0 -0.9685831611286327
    outer loop
      vertex 33.337286366254304 -103.1 9.26811705131164
      vertex 33.337286366254304 -102 9.26811705131164
      vertex 33.55623058987491 -103.1 9.211901729331277
    endloop
  endfacet
  facet normal -0.12533323356430603 0 -0.9921147013144775
    outer loop
      vertex 33.337286366254304 -103.1 9.26811705131164
      vertex 33.11302293515276 -102 9.29644811117089
      vertex 33.337286366254304 -102 9.26811705131164
    endloop
  endfacet
  facet normal -0.24868988716484844 0 -0.9685831611286327
    outer loop
      vertex 33.55623058987491 -103.1 9.211901729331277
      vertex 33.337286366254304 -102 9.26811705131164
      vertex 33.55623058987491 -102 9.211901729331277
    endloop
  endfacet
  facet normal -0.4817536741017198 0 -0.8763066800438611
    outer loop
      vertex 33.964488230962196 -103.1 9.019790265903627
      vertex 33.766402724817134 -103.1 9.128688694438836
      vertex 33.766402724817134 -102 9.128688694438836
    endloop
  endfacet
  facet normal -0.5877852522924824 0 -0.8090169943749408
    outer loop
      vertex 33.964488230962196 -103.1 9.019790265903627
      vertex 33.964488230962196 -102 9.019790265903627
      vertex 34.14736318154764 -103.1 8.88692383699642
    endloop
  endfacet
  facet normal -0.4817536741017198 0 -0.8763066800438611
    outer loop
      vertex 33.964488230962196 -103.1 9.019790265903627
      vertex 33.766402724817134 -102 9.128688694438836
      vertex 33.964488230962196 -102 9.019790265903627
    endloop
  endfacet
  facet normal -0.5877852522924824 0 -0.8090169943749408
    outer loop
      vertex 34.14736318154764 -103.1 8.88692383699642
      vertex 33.964488230962196 -102 9.019790265903627
      vertex 34.14736318154764 -102 8.88692383699642
    endloop
  endfacet
  facet normal -0.36812455268467775 0 -0.9297764858882515
    outer loop
      vertex 33.55623058987491 -103.1 9.211901729331277
      vertex 33.55623058987491 -102 9.211901729331277
      vertex 33.766402724817134 -103.1 9.128688694438836
    endloop
  endfacet
  facet normal -0.36812455268467775 0 -0.9297764858882515
    outer loop
      vertex 33.766402724817134 -103.1 9.128688694438836
      vertex 33.55623058987491 -102 9.211901729331277
      vertex 33.766402724817134 -102 9.128688694438836
    endloop
  endfacet
  facet normal -0.7705132427757965 0 -0.637423989748681
    outer loop
      vertex 34.31214352935854 -103.1 8.73218479067164
      vertex 34.31214352935854 -102 8.73218479067164
      vertex 34.456230589874906 -103.1 8.558013454126451
    endloop
  endfacet
  facet normal -0.6845471059286753 0 -0.7289686274214241
    outer loop
      vertex 34.14736318154764 -103.1 8.88692383699642
      vertex 34.14736318154764 -102 8.88692383699642
      vertex 34.31214352935854 -103.1 8.73218479067164
    endloop
  endfacet
  facet normal -0.6845471059286753 0 -0.7289686274214241
    outer loop
      vertex 34.31214352935854 -103.1 8.73218479067164
      vertex 34.14736318154764 -102 8.88692383699642
      vertex 34.31214352935854 -102 8.73218479067164
    endloop
  endfacet
  facet normal -0.7705132427757965 0 -0.637423989748681
    outer loop
      vertex 34.456230589874906 -103.1 8.558013454126451
      vertex 34.31214352935854 -102 8.73218479067164
      vertex 34.456230589874906 -102 8.558013454126451
    endloop
  endfacet
  facet normal -0.8443279255020135 0 -0.5358267949789991
    outer loop
      vertex 34.577352024078955 -103.1 8.367156613383088
      vertex 34.456230589874906 -103.1 8.558013454126451
      vertex 34.456230589874906 -102 8.558013454126451
    endloop
  endfacet
  facet normal 0.7705132427757823 0 0.6374239897486981
    outer loop
      vertex 31.68785647064146 -103.1 81.26781520932836
      vertex 31.68785647064146 -102 81.26781520932836
      vertex 31.543769410125094 -103.1 81.44198654587355
    endloop
  endfacet
  facet normal 0.8443279255020157 0 0.5358267949789955
    outer loop
      vertex 31.422647975921045 -103.1 81.63284338661691
      vertex 31.543769410125094 -103.1 81.44198654587355
      vertex 31.543769410125094 -102 81.44198654587355
    endloop
  endfacet
  facet normal 0.7705132427757823 0 0.6374239897486981
    outer loop
      vertex 31.543769410125094 -103.1 81.44198654587355
      vertex 31.68785647064146 -102 81.26781520932836
      vertex 31.543769410125094 -102 81.44198654587355
    endloop
  endfacet
  facet normal 0.684547105928679 0 0.7289686274214207
    outer loop
      vertex 31.68785647064146 -103.1 81.26781520932836
      vertex 31.85263681845236 -103.1 81.11307616300358
      vertex 31.85263681845236 -102 81.11307616300358
    endloop
  endfacet
  facet normal 0.5877852522924824 0 0.8090169943749408
    outer loop
      vertex 31.85263681845236 -103.1 81.11307616300358
      vertex 32.035511769037804 -102 80.98020973409638
      vertex 31.85263681845236 -102 81.11307616300358
    endloop
  endfacet
  facet normal 0.684547105928679 0 0.7289686274214207
    outer loop
      vertex 31.68785647064146 -103.1 81.26781520932836
      vertex 31.85263681845236 -102 81.11307616300358
      vertex 31.68785647064146 -102 81.26781520932836
    endloop
  endfacet
  facet normal 0.5877852522924824 0 0.8090169943749408
    outer loop
      vertex 31.85263681845236 -103.1 81.11307616300358
      vertex 32.035511769037804 -103.1 80.98020973409638
      vertex 32.035511769037804 -102 80.98020973409638
    endloop
  endfacet
  facet normal 0.48175367410173187 0 0.8763066800438545
    outer loop
      vertex 32.233597275182866 -103.1 80.87131130556116
      vertex 32.233597275182866 -102 80.87131130556116
      vertex 32.035511769037804 -103.1 80.98020973409638
    endloop
  endfacet
  facet normal 0.48175367410173187 0 0.8763066800438545
    outer loop
      vertex 32.035511769037804 -103.1 80.98020973409638
      vertex 32.233597275182866 -102 80.87131130556116
      vertex 32.035511769037804 -102 80.98020973409638
    endloop
  endfacet
  facet normal 0.36812455268466415 0 0.9297764858882569
    outer loop
      vertex 32.233597275182866 -103.1 80.87131130556116
      vertex 32.44376941012509 -103.1 80.78809827066873
      vertex 32.44376941012509 -102 80.78809827066873
    endloop
  endfacet
  facet normal 0.24868988716484106 0 0.9685831611286346
    outer loop
      vertex 32.44376941012509 -103.1 80.78809827066873
      vertex 32.662713633745696 -103.1 80.73188294868837
      vertex 32.662713633745696 -102 80.73188294868837
    endloop
  endfacet
  facet normal 0.36812455268466415 0 0.9297764858882569
    outer loop
      vertex 32.233597275182866 -103.1 80.87131130556116
      vertex 32.44376941012509 -102 80.78809827066873
      vertex 32.233597275182866 -102 80.87131130556116
    endloop
  endfacet
  facet normal 0.24868988716484106 0 0.9685831611286346
    outer loop
      vertex 32.44376941012509 -103.1 80.78809827066873
      vertex 32.662713633745696 -102 80.73188294868837
      vertex 32.44376941012509 -102 80.78809827066873
    endloop
  endfacet
  facet normal 0.12533323356432924 0 0.9921147013144747
    outer loop
      vertex 32.662713633745696 -103.1 80.73188294868837
      vertex 32.88697706484724 -103.1 80.70355188882911
      vertex 32.88697706484724 -102 80.70355188882911
    endloop
  endfacet
  facet normal 0.12533323356432924 0 0.9921147013144747
    outer loop
      vertex 32.662713633745696 -103.1 80.73188294868837
      vertex 32.88697706484724 -102 80.70355188882911
      vertex 32.662713633745696 -102 80.73188294868837
    endloop
  endfacet
  facet normal 0.9510565162951549 0 0.30901699437494323
    outer loop
      vertex 31.326402325401148 -103.1 81.83737580516758
      vertex 31.326402325401148 -102 81.83737580516758
      vertex 31.256550309968464 -103.1 82.05235820310327
    endloop
  endfacet
  facet normal 0.9822872507286863 0 0.1873813145857374
    outer loop
      vertex 31.256550309968464 -103.1 82.05235820310327
      vertex 31.256550309968464 -102 82.05235820310327
      vertex 31.21419353763394 -103.1 82.27440017958425
    endloop
  endfacet
  facet normal 0.9510565162951549 0 0.30901699437494323
    outer loop
      vertex 31.256550309968464 -103.1 82.05235820310327
      vertex 31.326402325401148 -102 81.83737580516758
      vertex 31.256550309968464 -102 82.05235820310327
    endloop
  endfacet
  facet normal 0.9822872507286863 0 0.1873813145857374
    outer loop
      vertex 31.21419353763394 -103.1 82.27440017958425
      vertex 31.256550309968464 -102 82.05235820310327
      vertex 31.21419353763394 -102 82.27440017958425
    endloop
  endfacet
  facet normal 0.9048270524660234 0 0.4257792915650646
    outer loop
      vertex 31.422647975921045 -103.1 81.63284338661691
      vertex 31.422647975921045 -102 81.63284338661691
      vertex 31.326402325401148 -103.1 81.83737580516758
    endloop
  endfacet
  facet normal 0.8443279255020157 0 0.5358267949789955
    outer loop
      vertex 31.422647975921045 -103.1 81.63284338661691
      vertex 31.543769410125094 -102 81.44198654587355
      vertex 31.422647975921045 -102 81.63284338661691
    endloop
  endfacet
  facet normal 0.9048270524660234 0 0.4257792915650646
    outer loop
      vertex 31.326402325401148 -103.1 81.83737580516758
      vertex 31.422647975921045 -102 81.63284338661691
      vertex 31.326402325401148 -102 81.83737580516758
    endloop
  endfacet
  facet normal 0.9980267284282717 0 0.06279051952931129
    outer loop
      vertex 31.21419353763394 -103.1 82.27440017958425
      vertex 31.21419353763394 -102 82.27440017958425
      vertex 31.2 -103.1 82.5
    endloop
  endfacet
  facet normal 0.9980267284282717 0 -0.06279051952931129
    outer loop
      vertex 31.2 -103.1 82.5
      vertex 31.2 -102 82.5
      vertex 31.21419353763394 -103.1 82.72559982041575
    endloop
  endfacet
  facet normal 0.9822872507286863 0 -0.1873813145857374
    outer loop
      vertex 31.21419353763394 -103.1 82.72559982041575
      vertex 31.21419353763394 -102 82.72559982041575
      vertex 31.256550309968464 -103.1 82.94764179689673
    endloop
  endfacet
  facet normal 0.9980267284282717 0 0.06279051952931129
    outer loop
      vertex 31.2 -103.1 82.5
      vertex 31.21419353763394 -102 82.27440017958425
      vertex 31.2 -102 82.5
    endloop
  endfacet
  facet normal 0.9980267284282717 0 -0.06279051952931129
    outer loop
      vertex 31.21419353763394 -103.1 82.72559982041575
      vertex 31.2 -102 82.5
      vertex 31.21419353763394 -102 82.72559982041575
    endloop
  endfacet
  facet normal 0.9822872507286863 0 -0.1873813145857374
    outer loop
      vertex 31.256550309968464 -103.1 82.94764179689673
      vertex 31.21419353763394 -102 82.72559982041575
      vertex 31.256550309968464 -102 82.94764179689673
    endloop
  endfacet
  facet normal 0.9510565162951549 0 -0.30901699437494323
    outer loop
      vertex 31.256550309968464 -103.1 82.94764179689673
      vertex 31.256550309968464 -102 82.94764179689673
      vertex 31.326402325401148 -103.1 83.16262419483242
    endloop
  endfacet
  facet normal 0.9510565162951549 0 -0.30901699437494323
    outer loop
      vertex 31.326402325401148 -103.1 83.16262419483242
      vertex 31.256550309968464 -102 82.94764179689673
      vertex 31.326402325401148 -102 83.16262419483242
    endloop
  endfacet
  facet normal 0.9048270524660234 0 -0.4257792915650646
    outer loop
      vertex 31.326402325401148 -103.1 83.16262419483242
      vertex 31.326402325401148 -102 83.16262419483242
      vertex 31.422647975921045 -103.1 83.36715661338309
    endloop
  endfacet
  facet normal 0.8443279255020157 0 -0.5358267949789955
    outer loop
      vertex 31.422647975921045 -103.1 83.36715661338309
      vertex 31.422647975921045 -102 83.36715661338309
      vertex 31.543769410125094 -103.1 83.55801345412645
    endloop
  endfacet
  facet normal 0.7705132427757823 0 -0.6374239897486981
    outer loop
      vertex 31.543769410125094 -103.1 83.55801345412645
      vertex 31.543769410125094 -102 83.55801345412645
      vertex 31.68785647064146 -103.1 83.73218479067164
    endloop
  endfacet
  facet normal 0.9048270524660234 0 -0.4257792915650646
    outer loop
      vertex 31.422647975921045 -103.1 83.36715661338309
      vertex 31.326402325401148 -102 83.16262419483242
      vertex 31.422647975921045 -102 83.36715661338309
    endloop
  endfacet
  facet normal 0.8443279255020157 0 -0.5358267949789955
    outer loop
      vertex 31.543769410125094 -103.1 83.55801345412645
      vertex 31.422647975921045 -102 83.36715661338309
      vertex 31.543769410125094 -102 83.55801345412645
    endloop
  endfacet
  facet normal 0.7705132427757823 0 -0.6374239897486981
    outer loop
      vertex 31.68785647064146 -103.1 83.73218479067164
      vertex 31.543769410125094 -102 83.55801345412645
      vertex 31.68785647064146 -102 83.73218479067164
    endloop
  endfacet
  facet normal 0.684547105928679 0 -0.7289686274214207
    outer loop
      vertex 31.68785647064146 -103.1 83.73218479067164
      vertex 31.68785647064146 -102 83.73218479067164
      vertex 31.85263681845236 -103.1 83.88692383699642
    endloop
  endfacet
  facet normal 0.5877852522924824 0 -0.8090169943749408
    outer loop
      vertex 31.85263681845236 -103.1 83.88692383699642
      vertex 31.85263681845236 -102 83.88692383699642
      vertex 32.035511769037804 -103.1 84.01979026590362
    endloop
  endfacet
  facet normal 0.684547105928679 0 -0.7289686274214207
    outer loop
      vertex 31.85263681845236 -103.1 83.88692383699642
      vertex 31.68785647064146 -102 83.73218479067164
      vertex 31.85263681845236 -102 83.88692383699642
    endloop
  endfacet
  facet normal 0.48175367410173187 0 -0.8763066800438545
    outer loop
      vertex 32.035511769037804 -103.1 84.01979026590362
      vertex 32.035511769037804 -102 84.01979026590362
      vertex 32.233597275182866 -103.1 84.12868869443884
    endloop
  endfacet
  facet normal 0.5877852522924824 0 -0.8090169943749408
    outer loop
      vertex 32.035511769037804 -103.1 84.01979026590362
      vertex 31.85263681845236 -102 83.88692383699642
      vertex 32.035511769037804 -102 84.01979026590362
    endloop
  endfacet
  facet normal 0.48175367410173187 0 -0.8763066800438545
    outer loop
      vertex 32.233597275182866 -103.1 84.12868869443884
      vertex 32.035511769037804 -102 84.01979026590362
      vertex 32.233597275182866 -102 84.12868869443884
    endloop
  endfacet
  facet normal 0.36812455268466415 0 -0.9297764858882569
    outer loop
      vertex 32.233597275182866 -103.1 84.12868869443884
      vertex 32.233597275182866 -102 84.12868869443884
      vertex 32.44376941012509 -103.1 84.21190172933127
    endloop
  endfacet
  facet normal 0.24868988716484106 0 -0.9685831611286346
    outer loop
      vertex 32.44376941012509 -103.1 84.21190172933127
      vertex 32.44376941012509 -102 84.21190172933127
      vertex 32.662713633745696 -103.1 84.26811705131163
    endloop
  endfacet
  facet normal 0.36812455268466415 0 -0.9297764858882569
    outer loop
      vertex 32.44376941012509 -103.1 84.21190172933127
      vertex 32.233597275182866 -102 84.12868869443884
      vertex 32.44376941012509 -102 84.21190172933127
    endloop
  endfacet
  facet normal 0.24868988716484106 0 -0.9685831611286346
    outer loop
      vertex 32.662713633745696 -103.1 84.26811705131163
      vertex 32.44376941012509 -102 84.21190172933127
      vertex 32.662713633745696 -102 84.26811705131163
    endloop
  endfacet
  facet normal 0.12533323356432924 0 -0.9921147013144747
    outer loop
      vertex 32.662713633745696 -103.1 84.26811705131163
      vertex 32.662713633745696 -102 84.26811705131163
      vertex 32.88697706484724 -103.1 84.29644811117089
    endloop
  endfacet
  facet normal 0.12533323356432924 0 -0.9921147013144747
    outer loop
      vertex 32.88697706484724 -103.1 84.29644811117089
      vertex 32.662713633745696 -102 84.26811705131163
      vertex 32.88697706484724 -102 84.29644811117089
    endloop
  endfacet
  facet normal 0 0 1
    outer loop
      vertex 32.88697706484724 -103.1 80.70355188882911
      vertex 33.11302293515276 -103.1 80.70355188882911
      vertex 33.11302293515276 -102 80.70355188882911
    endloop
  endfacet
  facet normal 0 0 1
    outer loop
      vertex 32.88697706484724 -103.1 80.70355188882911
      vertex 33.11302293515276 -102 80.70355188882911
      vertex 32.88697706484724 -102 80.70355188882911
    endloop
  endfacet
  facet normal -0.12533323356432924 0 0.9921147013144747
    outer loop
      vertex 33.11302293515276 -103.1 80.70355188882911
      vertex 33.337286366254304 -102 80.73188294868837
      vertex 33.11302293515276 -102 80.70355188882911
    endloop
  endfacet
  facet normal -0.12533323356432924 0 0.9921147013144747
    outer loop
      vertex 33.11302293515276 -103.1 80.70355188882911
      vertex 33.337286366254304 -103.1 80.73188294868837
      vertex 33.337286366254304 -102 80.73188294868837
    endloop
  endfacet
  facet normal -0.24868988716484106 0 0.9685831611286346
    outer loop
      vertex 33.337286366254304 -103.1 80.73188294868837
      vertex 33.55623058987491 -103.1 80.78809827066873
      vertex 33.55623058987491 -102 80.78809827066873
    endloop
  endfacet
  facet normal -0.24868988716484106 0 0.9685831611286346
    outer loop
      vertex 33.337286366254304 -103.1 80.73188294868837
      vertex 33.55623058987491 -102 80.78809827066873
      vertex 33.337286366254304 -102 80.73188294868837
    endloop
  endfacet
  facet normal -0.36812455268466415 0 0.9297764858882569
    outer loop
      vertex 33.55623058987491 -103.1 80.78809827066873
      vertex 33.766402724817134 -103.1 80.87131130556116
      vertex 33.766402724817134 -102 80.87131130556116
    endloop
  endfacet
  facet normal -0.36812455268466415 0 0.9297764858882569
    outer loop
      vertex 33.55623058987491 -103.1 80.78809827066873
      vertex 33.766402724817134 -102 80.87131130556116
      vertex 33.55623058987491 -102 80.78809827066873
    endloop
  endfacet
  facet normal -0.48175367410173187 0 0.8763066800438545
    outer loop
      vertex 33.766402724817134 -103.1 80.87131130556116
      vertex 33.964488230962196 -102 80.98020973409638
      vertex 33.766402724817134 -102 80.87131130556116
    endloop
  endfacet
  facet normal -0.48175367410173187 0 0.8763066800438545
    outer loop
      vertex 33.766402724817134 -103.1 80.87131130556116
      vertex 33.964488230962196 -103.1 80.98020973409638
      vertex 33.964488230962196 -102 80.98020973409638
    endloop
  endfacet
  facet normal -0.5877852522924824 0 0.8090169943749408
    outer loop
      vertex 33.964488230962196 -103.1 80.98020973409638
      vertex 34.14736318154764 -103.1 81.11307616300358
      vertex 34.14736318154764 -102 81.11307616300358
    endloop
  endfacet
  facet normal -0.5877852522924824 0 0.8090169943749408
    outer loop
      vertex 33.964488230962196 -103.1 80.98020973409638
      vertex 34.14736318154764 -102 81.11307616300358
      vertex 33.964488230962196 -102 80.98020973409638
    endloop
  endfacet
  facet normal -0.6845471059286711 0 0.7289686274214281
    outer loop
      vertex 34.14736318154764 -103.1 81.11307616300358
      vertex 34.31214352935854 -103.1 81.26781520932836
      vertex 34.31214352935854 -102 81.26781520932836
    endloop
  endfacet
  facet normal -0.77051324277579 0 0.6374239897486887
    outer loop
      vertex 34.31214352935854 -103.1 81.26781520932836
      vertex 34.456230589874906 -103.1 81.44198654587355
      vertex 34.456230589874906 -102 81.44198654587355
    endloop
  endfacet
  facet normal -0.6845471059286711 0 0.7289686274214281
    outer loop
      vertex 34.14736318154764 -103.1 81.11307616300358
      vertex 34.31214352935854 -102 81.26781520932836
      vertex 34.14736318154764 -102 81.11307616300358
    endloop
  endfacet
  facet normal -0.77051324277579 0 0.6374239897486887
    outer loop
      vertex 34.31214352935854 -103.1 81.26781520932836
      vertex 34.456230589874906 -102 81.44198654587355
      vertex 34.31214352935854 -102 81.26781520932836
    endloop
  endfacet
  facet normal -0.8443279255020157 0 0.5358267949789955
    outer loop
      vertex 34.456230589874906 -103.1 81.44198654587355
      vertex 34.577352024078955 -102 81.63284338661691
      vertex 34.456230589874906 -102 81.44198654587355
    endloop
  endfacet
  facet normal 0 0 -1
    outer loop
      vertex 32.88697706484724 -103.1 84.29644811117089
      vertex 32.88697706484724 -102 84.29644811117089
      vertex 33.11302293515276 -103.1 84.29644811117089
    endloop
  endfacet
  facet normal -0.12533323356432924 0 -0.9921147013144747
    outer loop
      vertex 33.11302293515276 -103.1 84.29644811117089
      vertex 33.11302293515276 -102 84.29644811117089
      vertex 33.337286366254304 -103.1 84.26811705131163
    endloop
  endfacet
  facet normal 0 0 -1
    outer loop
      vertex 33.11302293515276 -103.1 84.29644811117089
      vertex 32.88697706484724 -102 84.29644811117089
      vertex 33.11302293515276 -102 84.29644811117089
    endloop
  endfacet
  facet normal -0.24868988716484106 0 -0.9685831611286346
    outer loop
      vertex 33.337286366254304 -103.1 84.26811705131163
      vertex 33.337286366254304 -102 84.26811705131163
      vertex 33.55623058987491 -103.1 84.21190172933127
    endloop
  endfacet
  facet normal -0.12533323356432924 0 -0.9921147013144747
    outer loop
      vertex 33.337286366254304 -103.1 84.26811705131163
      vertex 33.11302293515276 -102 84.29644811117089
      vertex 33.337286366254304 -102 84.26811705131163
    endloop
  endfacet
  facet normal -0.24868988716484106 0 -0.9685831611286346
    outer loop
      vertex 33.55623058987491 -103.1 84.21190172933127
      vertex 33.337286366254304 -102 84.26811705131163
      vertex 33.55623058987491 -102 84.21190172933127
    endloop
  endfacet
  facet normal -0.36812455268466415 0 -0.9297764858882569
    outer loop
      vertex 33.55623058987491 -103.1 84.21190172933127
      vertex 33.55623058987491 -102 84.21190172933127
      vertex 33.766402724817134 -103.1 84.12868869443884
    endloop
  endfacet
  facet normal -0.48175367410173187 0 -0.8763066800438545
    outer loop
      vertex 33.766402724817134 -103.1 84.12868869443884
      vertex 33.766402724817134 -102 84.12868869443884
      vertex 33.964488230962196 -103.1 84.01979026590362
    endloop
  endfacet
  facet normal -0.36812455268466415 0 -0.9297764858882569
    outer loop
      vertex 33.766402724817134 -103.1 84.12868869443884
      vertex 33.55623058987491 -102 84.21190172933127
      vertex 33.766402724817134 -102 84.12868869443884
    endloop
  endfacet
  facet normal -0.5877852522924824 0 -0.8090169943749408
    outer loop
      vertex 33.964488230962196 -103.1 84.01979026590362
      vertex 33.964488230962196 -102 84.01979026590362
      vertex 34.14736318154764 -103.1 83.88692383699642
    endloop
  endfacet
  facet normal -0.5877852522924824 0 -0.8090169943749408
    outer loop
      vertex 34.14736318154764 -103.1 83.88692383699642
      vertex 33.964488230962196 -102 84.01979026590362
      vertex 34.14736318154764 -102 83.88692383699642
    endloop
  endfacet
  facet normal -0.48175367410173187 0 -0.8763066800438545
    outer loop
      vertex 33.964488230962196 -103.1 84.01979026590362
      vertex 33.766402724817134 -102 84.12868869443884
      vertex 33.964488230962196 -102 84.01979026590362
    endloop
  endfacet
  facet normal -0.8443279255020157 0 0.5358267949789955
    outer loop
      vertex 34.456230589874906 -103.1 81.44198654587355
      vertex 34.577352024078955 -103.1 81.63284338661691
      vertex 34.577352024078955 -102 81.63284338661691
    endloop
  endfacet
  facet normal -0.9048270524660234 0 0.4257792915650646
    outer loop
      vertex 34.577352024078955 -103.1 81.63284338661691
      vertex 34.67359767459885 -103.1 81.83737580516758
      vertex 34.67359767459885 -102 81.83737580516758
    endloop
  endfacet
  facet normal -0.9510565162951503 0 0.30901699437495744
    outer loop
      vertex 34.67359767459885 -103.1 81.83737580516758
      vertex 34.74344969003154 -103.1 82.05235820310327
      vertex 34.74344969003154 -102 82.05235820310327
    endloop
  endfacet
  facet normal -0.9822872507286892 0 0.18738131458572224
    outer loop
      vertex 34.74344969003154 -103.1 82.05235820310327
      vertex 34.78580646236606 -103.1 82.27440017958425
      vertex 34.78580646236606 -102 82.27440017958425
    endloop
  endfacet
  facet normal -0.9048270524660234 0 0.4257792915650646
    outer loop
      vertex 34.577352024078955 -103.1 81.63284338661691
      vertex 34.67359767459885 -102 81.83737580516758
      vertex 34.577352024078955 -102 81.63284338661691
    endloop
  endfacet
  facet normal -0.9510565162951503 0 0.30901699437495744
    outer loop
      vertex 34.67359767459885 -103.1 81.83737580516758
      vertex 34.74344969003154 -102 82.05235820310327
      vertex 34.67359767459885 -102 81.83737580516758
    endloop
  endfacet
  facet normal -0.9822872507286892 0 0.18738131458572224
    outer loop
      vertex 34.74344969003154 -103.1 82.05235820310327
      vertex 34.78580646236606 -102 82.27440017958425
      vertex 34.74344969003154 -102 82.05235820310327
    endloop
  endfacet
  facet normal -0.9980267284282727 0 0.06279051952929564
    outer loop
      vertex 34.78580646236606 -103.1 82.27440017958425
      vertex 34.8 -103.1 82.5
      vertex 34.8 -102 82.5
    endloop
  endfacet
  facet normal -0.9980267284282727 0 -0.06279051952929564
    outer loop
      vertex 34.8 -103.1 82.5
      vertex 34.78580646236606 -103.1 82.72559982041575
      vertex 34.78580646236606 -102 82.72559982041575
    endloop
  endfacet
  facet normal -0.9822872507286892 0 -0.18738131458572224
    outer loop
      vertex 34.78580646236606 -103.1 82.72559982041575
      vertex 34.74344969003154 -103.1 82.94764179689673
      vertex 34.74344969003154 -102 82.94764179689673
    endloop
  endfacet
  facet normal -0.9980267284282727 0 0.06279051952929564
    outer loop
      vertex 34.78580646236606 -103.1 82.27440017958425
      vertex 34.8 -102 82.5
      vertex 34.78580646236606 -102 82.27440017958425
    endloop
  endfacet
  facet normal -0.9980267284282727 0 -0.06279051952929564
    outer loop
      vertex 34.8 -103.1 82.5
      vertex 34.78580646236606 -102 82.72559982041575
      vertex 34.8 -102 82.5
    endloop
  endfacet
  facet normal -0.9822872507286892 0 -0.18738131458572224
    outer loop
      vertex 34.78580646236606 -103.1 82.72559982041575
      vertex 34.74344969003154 -102 82.94764179689673
      vertex 34.78580646236606 -102 82.72559982041575
    endloop
  endfacet
  facet normal -0.77051324277579 0 -0.6374239897486887
    outer loop
      vertex 34.456230589874906 -103.1 83.55801345412645
      vertex 34.31214352935854 -102 83.73218479067164
      vertex 34.456230589874906 -102 83.55801345412645
    endloop
  endfacet
  facet normal -0.9048270524660234 0 -0.4257792915650646
    outer loop
      vertex 34.577352024078955 -103.1 83.36715661338309
      vertex 34.577352024078955 -102 83.36715661338309
      vertex 34.67359767459885 -103.1 83.16262419483242
    endloop
  endfacet
  facet normal -0.9510565162951503 0 -0.30901699437495744
    outer loop
      vertex 34.67359767459885 -103.1 83.16262419483242
      vertex 34.67359767459885 -102 83.16262419483242
      vertex 34.74344969003154 -103.1 82.94764179689673
    endloop
  endfacet
  facet normal -0.8443279255020157 0 -0.5358267949789955
    outer loop
      vertex 34.577352024078955 -103.1 83.36715661338309
      vertex 34.456230589874906 -103.1 83.55801345412645
      vertex 34.456230589874906 -102 83.55801345412645
    endloop
  endfacet
  facet normal -0.9048270524660234 0 -0.4257792915650646
    outer loop
      vertex 34.67359767459885 -103.1 83.16262419483242
      vertex 34.577352024078955 -102 83.36715661338309
      vertex 34.67359767459885 -102 83.16262419483242
    endloop
  endfacet
  facet normal -0.9510565162951503 0 -0.30901699437495744
    outer loop
      vertex 34.74344969003154 -103.1 82.94764179689673
      vertex 34.67359767459885 -102 83.16262419483242
      vertex 34.74344969003154 -102 82.94764179689673
    endloop
  endfacet
  facet normal -0.8443279255020157 0 -0.5358267949789955
    outer loop
      vertex 34.577352024078955 -103.1 83.36715661338309
      vertex 34.456230589874906 -102 83.55801345412645
      vertex 34.577352024078955 -102 83.36715661338309
    endloop
  endfacet
  facet normal -0.6845471059286711 0 -0.7289686274214281
    outer loop
      vertex 34.31214352935854 -103.1 83.73218479067164
      vertex 34.14736318154764 -103.1 83.88692383699642
      vertex 34.14736318154764 -102 83.88692383699642
    endloop
  endfacet
  facet normal -0.77051324277579 0 -0.6374239897486887
    outer loop
      vertex 34.31214352935854 -103.1 83.73218479067164
      vertex 34.31214352935854 -102 83.73218479067164
      vertex 34.456230589874906 -103.1 83.55801345412645
    endloop
  endfacet
  facet normal -0.6845471059286711 0 -0.7289686274214281
    outer loop
      vertex 34.31214352935854 -103.1 83.73218479067164
      vertex 34.14736318154764 -102 83.88692383699642
      vertex 34.31214352935854 -102 83.73218479067164
    endloop
  endfacet
  facet normal 0.8443279255020157 0 0.5358267949789955
    outer loop
      vertex -34.456230589874906 -103.1 81.44198654587355
      vertex -34.456230589874906 -102 81.44198654587355
      vertex -34.577352024078955 -103.1 81.63284338661691
    endloop
  endfacet
  facet normal 0.6845471059286711 0 0.7289686274214281
    outer loop
      vertex -34.31214352935854 -103.1 81.26781520932836
      vertex -34.14736318154764 -103.1 81.11307616300358
      vertex -34.14736318154764 -102 81.11307616300358
    endloop
  endfacet
  facet normal 0.77051324277579 0 0.6374239897486887
    outer loop
      vertex -34.456230589874906 -103.1 81.44198654587355
      vertex -34.31214352935854 -103.1 81.26781520932836
      vertex -34.31214352935854 -102 81.26781520932836
    endloop
  endfacet
  facet normal 0.77051324277579 0 0.6374239897486887
    outer loop
      vertex -34.456230589874906 -103.1 81.44198654587355
      vertex -34.31214352935854 -102 81.26781520932836
      vertex -34.456230589874906 -102 81.44198654587355
    endloop
  endfacet
  facet normal 0.6845471059286711 0 0.7289686274214281
    outer loop
      vertex -34.31214352935854 -103.1 81.26781520932836
      vertex -34.14736318154764 -102 81.11307616300358
      vertex -34.31214352935854 -102 81.26781520932836
    endloop
  endfacet
  facet normal 0.36812455268466415 0 0.9297764858882569
    outer loop
      vertex -33.766402724817134 -103.1 80.87131130556116
      vertex -33.55623058987491 -103.1 80.78809827066873
      vertex -33.55623058987491 -102 80.78809827066873
    endloop
  endfacet
  facet normal 0.36812455268466415 0 0.9297764858882569
    outer loop
      vertex -33.766402724817134 -103.1 80.87131130556116
      vertex -33.55623058987491 -102 80.78809827066873
      vertex -33.766402724817134 -102 80.87131130556116
    endloop
  endfacet
  facet normal 0.5877852522924824 0 0.8090169943749408
    outer loop
      vertex -34.14736318154764 -103.1 81.11307616300358
      vertex -33.964488230962196 -103.1 80.98020973409638
      vertex -33.964488230962196 -102 80.98020973409638
    endloop
  endfacet
  facet normal 0.5877852522924824 0 0.8090169943749408
    outer loop
      vertex -34.14736318154764 -103.1 81.11307616300358
      vertex -33.964488230962196 -102 80.98020973409638
      vertex -34.14736318154764 -102 81.11307616300358
    endloop
  endfacet
  facet normal 0.48175367410173187 0 0.8763066800438545
    outer loop
      vertex -33.964488230962196 -103.1 80.98020973409638
      vertex -33.766402724817134 -102 80.87131130556116
      vertex -33.964488230962196 -102 80.98020973409638
    endloop
  endfacet
  facet normal 0.48175367410173187 0 0.8763066800438545
    outer loop
      vertex -33.766402724817134 -103.1 80.87131130556116
      vertex -33.766402724817134 -102 80.87131130556116
      vertex -33.964488230962196 -103.1 80.98020973409638
    endloop
  endfacet
  facet normal 0.24868988716484106 0 0.9685831611286346
    outer loop
      vertex -33.55623058987491 -103.1 80.78809827066873
      vertex -33.337286366254304 -103.1 80.73188294868837
      vertex -33.337286366254304 -102 80.73188294868837
    endloop
  endfacet
  facet normal 0.24868988716484106 0 0.9685831611286346
    outer loop
      vertex -33.55623058987491 -103.1 80.78809827066873
      vertex -33.337286366254304 -102 80.73188294868837
      vertex -33.55623058987491 -102 80.78809827066873
    endloop
  endfacet
  facet normal 0.12533323356432924 0 0.9921147013144747
    outer loop
      vertex -33.337286366254304 -103.1 80.73188294868837
      vertex -33.11302293515276 -102 80.70355188882911
      vertex -33.337286366254304 -102 80.73188294868837
    endloop
  endfacet
  facet normal 0.12533323356432924 0 0.9921147013144747
    outer loop
      vertex -33.337286366254304 -103.1 80.73188294868837
      vertex -33.11302293515276 -103.1 80.70355188882911
      vertex -33.11302293515276 -102 80.70355188882911
    endloop
  endfacet
  facet normal 0 0 1
    outer loop
      vertex -33.11302293515276 -103.1 80.70355188882911
      vertex -32.88697706484724 -103.1 80.70355188882911
      vertex -32.88697706484724 -102 80.70355188882911
    endloop
  endfacet
  facet normal 0 0 1
    outer loop
      vertex -33.11302293515276 -103.1 80.70355188882911
      vertex -32.88697706484724 -102 80.70355188882911
      vertex -33.11302293515276 -102 80.70355188882911
    endloop
  endfacet
  facet normal 0.9510565162951503 0 0.30901699437495744
    outer loop
      vertex -34.67359767459885 -103.1 81.83737580516758
      vertex -34.67359767459885 -102 81.83737580516758
      vertex -34.74344969003154 -103.1 82.05235820310327
    endloop
  endfacet
  facet normal 0.9048270524660234 0 0.4257792915650646
    outer loop
      vertex -34.67359767459885 -103.1 81.83737580516758
      vertex -34.577352024078955 -103.1 81.63284338661691
      vertex -34.577352024078955 -102 81.63284338661691
    endloop
  endfacet
  facet normal 0.9822872507286892 0 0.18738131458572224
    outer loop
      vertex -34.74344969003154 -103.1 82.05235820310327
      vertex -34.74344969003154 -102 82.05235820310327
      vertex -34.78580646236606 -103.1 82.27440017958425
    endloop
  endfacet
  facet normal 0.8443279255020157 0 0.5358267949789955
    outer loop
      vertex -34.577352024078955 -103.1 81.63284338661691
      vertex -34.456230589874906 -102 81.44198654587355
      vertex -34.577352024078955 -102 81.63284338661691
    endloop
  endfacet
  facet normal 0.9048270524660234 0 0.4257792915650646
    outer loop
      vertex -34.67359767459885 -103.1 81.83737580516758
      vertex -34.577352024078955 -102 81.63284338661691
      vertex -34.67359767459885 -102 81.83737580516758
    endloop
  endfacet
  facet normal 0.9510565162951503 0 0.30901699437495744
    outer loop
      vertex -34.74344969003154 -103.1 82.05235820310327
      vertex -34.67359767459885 -102 81.83737580516758
      vertex -34.74344969003154 -102 82.05235820310327
    endloop
  endfacet
  facet normal 0.9822872507286892 0 0.18738131458572224
    outer loop
      vertex -34.78580646236606 -103.1 82.27440017958425
      vertex -34.74344969003154 -102 82.05235820310327
      vertex -34.78580646236606 -102 82.27440017958425
    endloop
  endfacet
  facet normal 0.9980267284282727 0 0.06279051952929564
    outer loop
      vertex -34.78580646236606 -103.1 82.27440017958425
      vertex -34.78580646236606 -102 82.27440017958425
      vertex -34.8 -103.1 82.5
    endloop
  endfacet
  facet normal 0.9980267284282727 0 -0.06279051952929564
    outer loop
      vertex -34.8 -103.1 82.5
      vertex -34.8 -102 82.5
      vertex -34.78580646236606 -103.1 82.72559982041575
    endloop
  endfacet
  facet normal 0.9822872507286892 0 -0.18738131458572224
    outer loop
      vertex -34.78580646236606 -103.1 82.72559982041575
      vertex -34.78580646236606 -102 82.72559982041575
      vertex -34.74344969003154 -103.1 82.94764179689673
    endloop
  endfacet
  facet normal 0.9980267284282727 0 0.06279051952929564
    outer loop
      vertex -34.8 -103.1 82.5
      vertex -34.78580646236606 -102 82.27440017958425
      vertex -34.8 -102 82.5
    endloop
  endfacet
  facet normal 0.9980267284282727 0 -0.06279051952929564
    outer loop
      vertex -34.78580646236606 -103.1 82.72559982041575
      vertex -34.8 -102 82.5
      vertex -34.78580646236606 -102 82.72559982041575
    endloop
  endfacet
  facet normal 0.9822872507286892 0 -0.18738131458572224
    outer loop
      vertex -34.74344969003154 -103.1 82.94764179689673
      vertex -34.78580646236606 -102 82.72559982041575
      vertex -34.74344969003154 -102 82.94764179689673
    endloop
  endfacet
  facet normal 0.9510565162951503 0 -0.30901699437495744
    outer loop
      vertex -34.74344969003154 -103.1 82.94764179689673
      vertex -34.74344969003154 -102 82.94764179689673
      vertex -34.67359767459885 -103.1 83.16262419483242
    endloop
  endfacet
  facet normal 0.9048270524660234 0 -0.4257792915650646
    outer loop
      vertex -34.67359767459885 -103.1 83.16262419483242
      vertex -34.67359767459885 -102 83.16262419483242
      vertex -34.577352024078955 -103.1 83.36715661338309
    endloop
  endfacet
  facet normal 0.8443279255020157 0 -0.5358267949789955
    outer loop
      vertex -34.577352024078955 -103.1 83.36715661338309
      vertex -34.577352024078955 -102 83.36715661338309
      vertex -34.456230589874906 -103.1 83.55801345412645
    endloop
  endfacet
  facet normal 0.9510565162951503 0 -0.30901699437495744
    outer loop
      vertex -34.67359767459885 -103.1 83.16262419483242
      vertex -34.74344969003154 -102 82.94764179689673
      vertex -34.67359767459885 -102 83.16262419483242
    endloop
  endfacet
  facet normal 0.9048270524660234 0 -0.4257792915650646
    outer loop
      vertex -34.577352024078955 -103.1 83.36715661338309
      vertex -34.67359767459885 -102 83.16262419483242
      vertex -34.577352024078955 -102 83.36715661338309
    endloop
  endfacet
  facet normal 0.8443279255020157 0 -0.5358267949789955
    outer loop
      vertex -34.456230589874906 -103.1 83.55801345412645
      vertex -34.577352024078955 -102 83.36715661338309
      vertex -34.456230589874906 -102 83.55801345412645
    endloop
  endfacet
  facet normal 0.77051324277579 0 -0.6374239897486887
    outer loop
      vertex -34.456230589874906 -103.1 83.55801345412645
      vertex -34.456230589874906 -102 83.55801345412645
      vertex -34.31214352935854 -103.1 83.73218479067164
    endloop
  endfacet
  facet normal 0.6845471059286711 0 -0.7289686274214281
    outer loop
      vertex -34.31214352935854 -103.1 83.73218479067164
      vertex -34.31214352935854 -102 83.73218479067164
      vertex -34.14736318154764 -103.1 83.88692383699642
    endloop
  endfacet
  facet normal 0.77051324277579 0 -0.6374239897486887
    outer loop
      vertex -34.31214352935854 -103.1 83.73218479067164
      vertex -34.456230589874906 -102 83.55801345412645
      vertex -34.31214352935854 -102 83.73218479067164
    endloop
  endfacet
  facet normal 0.6845471059286711 0 -0.7289686274214281
    outer loop
      vertex -34.14736318154764 -103.1 83.88692383699642
      vertex -34.31214352935854 -102 83.73218479067164
      vertex -34.14736318154764 -102 83.88692383699642
    endloop
  endfacet
  facet normal 0.5877852522924824 0 -0.8090169943749408
    outer loop
      vertex -34.14736318154764 -103.1 83.88692383699642
      vertex -34.14736318154764 -102 83.88692383699642
      vertex -33.964488230962196 -103.1 84.01979026590362
    endloop
  endfacet
  facet normal 0.48175367410173187 0 -0.8763066800438545
    outer loop
      vertex -33.964488230962196 -103.1 84.01979026590362
      vertex -33.964488230962196 -102 84.01979026590362
      vertex -33.766402724817134 -103.1 84.12868869443884
    endloop
  endfacet
  facet normal 0.5877852522924824 0 -0.8090169943749408
    outer loop
      vertex -33.964488230962196 -103.1 84.01979026590362
      vertex -34.14736318154764 -102 83.88692383699642
      vertex -33.964488230962196 -102 84.01979026590362
    endloop
  endfacet
  facet normal 0.36812455268466415 0 -0.9297764858882569
    outer loop
      vertex -33.766402724817134 -103.1 84.12868869443884
      vertex -33.766402724817134 -102 84.12868869443884
      vertex -33.55623058987491 -103.1 84.21190172933127
    endloop
  endfacet
  facet normal 0.48175367410173187 0 -0.8763066800438545
    outer loop
      vertex -33.766402724817134 -103.1 84.12868869443884
      vertex -33.964488230962196 -102 84.01979026590362
      vertex -33.766402724817134 -102 84.12868869443884
    endloop
  endfacet
  facet normal 0.36812455268466415 0 -0.9297764858882569
    outer loop
      vertex -33.55623058987491 -103.1 84.21190172933127
      vertex -33.766402724817134 -102 84.12868869443884
      vertex -33.55623058987491 -102 84.21190172933127
    endloop
  endfacet
  facet normal 0.24868988716484106 0 -0.9685831611286346
    outer loop
      vertex -33.55623058987491 -103.1 84.21190172933127
      vertex -33.55623058987491 -102 84.21190172933127
      vertex -33.337286366254304 -103.1 84.26811705131163
    endloop
  endfacet
  facet normal 0.12533323356432924 0 -0.9921147013144747
    outer loop
      vertex -33.337286366254304 -103.1 84.26811705131163
      vertex -33.337286366254304 -102 84.26811705131163
      vertex -33.11302293515276 -103.1 84.29644811117089
    endloop
  endfacet
  facet normal 0.24868988716484106 0 -0.9685831611286346
    outer loop
      vertex -33.337286366254304 -103.1 84.26811705131163
      vertex -33.55623058987491 -102 84.21190172933127
      vertex -33.337286366254304 -102 84.26811705131163
    endloop
  endfacet
  facet normal 0 0 -1
    outer loop
      vertex -33.11302293515276 -103.1 84.29644811117089
      vertex -33.11302293515276 -102 84.29644811117089
      vertex -32.88697706484724 -103.1 84.29644811117089
    endloop
  endfacet
  facet normal 0.12533323356432924 0 -0.9921147013144747
    outer loop
      vertex -33.11302293515276 -103.1 84.29644811117089
      vertex -33.337286366254304 -102 84.26811705131163
      vertex -33.11302293515276 -102 84.29644811117089
    endloop
  endfacet
  facet normal 0 0 -1
    outer loop
      vertex -32.88697706484724 -103.1 84.29644811117089
      vertex -33.11302293515276 -102 84.29644811117089
      vertex -32.88697706484724 -102 84.29644811117089
    endloop
  endfacet
  facet normal -0.12533323356432924 0 0.9921147013144747
    outer loop
      vertex -32.88697706484724 -103.1 80.70355188882911
      vertex -32.662713633745696 -103.1 80.73188294868837
      vertex -32.662713633745696 -102 80.73188294868837
    endloop
  endfacet
  facet normal -0.12533323356432924 0 0.9921147013144747
    outer loop
      vertex -32.88697706484724 -103.1 80.70355188882911
      vertex -32.662713633745696 -102 80.73188294868837
      vertex -32.88697706484724 -102 80.70355188882911
    endloop
  endfacet
  facet normal -0.24868988716484106 0 0.9685831611286346
    outer loop
      vertex -32.662713633745696 -103.1 80.73188294868837
      vertex -32.44376941012509 -103.1 80.78809827066873
      vertex -32.44376941012509 -102 80.78809827066873
    endloop
  endfacet
  facet normal -0.36812455268466415 0 0.9297764858882569
    outer loop
      vertex -32.44376941012509 -103.1 80.78809827066873
      vertex -32.233597275182866 -103.1 80.87131130556116
      vertex -32.233597275182866 -102 80.87131130556116
    endloop
  endfacet
  facet normal -0.24868988716484106 0 0.9685831611286346
    outer loop
      vertex -32.662713633745696 -103.1 80.73188294868837
      vertex -32.44376941012509 -102 80.78809827066873
      vertex -32.662713633745696 -102 80.73188294868837
    endloop
  endfacet
  facet normal -0.36812455268466415 0 0.9297764858882569
    outer loop
      vertex -32.44376941012509 -103.1 80.78809827066873
      vertex -32.233597275182866 -102 80.87131130556116
      vertex -32.44376941012509 -102 80.78809827066873
    endloop
  endfacet
  facet normal -0.48175367410173187 0 0.8763066800438545
    outer loop
      vertex -32.233597275182866 -103.1 80.87131130556116
      vertex -32.035511769037804 -103.1 80.98020973409638
      vertex -32.035511769037804 -102 80.98020973409638
    endloop
  endfacet
  facet normal -0.48175367410173187 0 0.8763066800438545
    outer loop
      vertex -32.233597275182866 -103.1 80.87131130556116
      vertex -32.035511769037804 -102 80.98020973409638
      vertex -32.233597275182866 -102 80.87131130556116
    endloop
  endfacet
  facet normal -0.5877852522924749 0 0.8090169943749461
    outer loop
      vertex -32.035511769037804 -103.1 80.98020973409638
      vertex -31.852636818452357 -102 81.11307616300358
      vertex -32.035511769037804 -102 80.98020973409638
    endloop
  endfacet
  facet normal -0.5877852522924749 0 0.8090169943749461
    outer loop
      vertex -32.035511769037804 -103.1 80.98020973409638
      vertex -31.852636818452357 -103.1 81.11307616300358
      vertex -31.852636818452357 -102 81.11307616300358
    endloop
  endfacet
  facet normal -0.6845471059286867 0 0.7289686274214132
    outer loop
      vertex -31.852636818452357 -103.1 81.11307616300358
      vertex -31.68785647064146 -103.1 81.26781520932836
      vertex -31.68785647064146 -102 81.26781520932836
    endloop
  endfacet
  facet normal -0.6845471059286867 0 0.7289686274214132
    outer loop
      vertex -31.852636818452357 -103.1 81.11307616300358
      vertex -31.68785647064146 -102 81.26781520932836
      vertex -31.852636818452357 -102 81.11307616300358
    endloop
  endfacet
  facet normal -0.7705132427757823 0 0.6374239897486981
    outer loop
      vertex -31.68785647064146 -103.1 81.26781520932836
      vertex -31.543769410125094 -103.1 81.44198654587355
      vertex -31.543769410125094 -102 81.44198654587355
    endloop
  endfacet
  facet normal -0.7705132427757823 0 0.6374239897486981
    outer loop
      vertex -31.68785647064146 -103.1 81.26781520932836
      vertex -31.543769410125094 -102 81.44198654587355
      vertex -31.68785647064146 -102 81.26781520932836
    endloop
  endfacet
  facet normal -0.8443279255020157 0 0.5358267949789955
    outer loop
      vertex -31.543769410125094 -103.1 81.44198654587355
      vertex -31.422647975921045 -102 81.63284338661691
      vertex -31.543769410125094 -102 81.44198654587355
    endloop
  endfacet
  facet normal -0.12533323356432924 0 -0.9921147013144747
    outer loop
      vertex -32.88697706484724 -103.1 84.29644811117089
      vertex -32.88697706484724 -102 84.29644811117089
      vertex -32.662713633745696 -103.1 84.26811705131163
    endloop
  endfacet
  facet normal -0.12533323356432924 0 -0.9921147013144747
    outer loop
      vertex -32.662713633745696 -103.1 84.26811705131163
      vertex -32.88697706484724 -102 84.29644811117089
      vertex -32.662713633745696 -102 84.26811705131163
    endloop
  endfacet
  facet normal -0.24868988716484106 0 -0.9685831611286346
    outer loop
      vertex -32.662713633745696 -103.1 84.26811705131163
      vertex -32.662713633745696 -102 84.26811705131163
      vertex -32.44376941012509 -103.1 84.21190172933127
    endloop
  endfacet
  facet normal -0.36812455268466415 0 -0.9297764858882569
    outer loop
      vertex -32.233597275182866 -103.1 84.12868869443884
      vertex -32.44376941012509 -103.1 84.21190172933127
      vertex -32.44376941012509 -102 84.21190172933127
    endloop
  endfacet
  facet normal -0.24868988716484106 0 -0.9685831611286346
    outer loop
      vertex -32.44376941012509 -103.1 84.21190172933127
      vertex -32.662713633745696 -102 84.26811705131163
      vertex -32.44376941012509 -102 84.21190172933127
    endloop
  endfacet
  facet normal -0.36812455268466415 0 -0.9297764858882569
    outer loop
      vertex -32.233597275182866 -103.1 84.12868869443884
      vertex -32.44376941012509 -102 84.21190172933127
      vertex -32.233597275182866 -102 84.12868869443884
    endloop
  endfacet
  facet normal -0.5877852522924749 0 -0.8090169943749461
    outer loop
      vertex -32.035511769037804 -103.1 84.01979026590362
      vertex -32.035511769037804 -102 84.01979026590362
      vertex -31.852636818452357 -103.1 83.88692383699642
    endloop
  endfacet
  facet normal -0.48175367410173187 0 -0.8763066800438545
    outer loop
      vertex -32.233597275182866 -103.1 84.12868869443884
      vertex -32.233597275182866 -102 84.12868869443884
      vertex -32.035511769037804 -103.1 84.01979026590362
    endloop
  endfacet
  facet normal -0.48175367410173187 0 -0.8763066800438545
    outer loop
      vertex -32.035511769037804 -103.1 84.01979026590362
      vertex -32.233597275182866 -102 84.12868869443884
      vertex -32.035511769037804 -102 84.01979026590362
    endloop
  endfacet
  facet normal -0.6845471059286867 0 -0.7289686274214132
    outer loop
      vertex -31.852636818452357 -103.1 83.88692383699642
      vertex -31.852636818452357 -102 83.88692383699642
      vertex -31.68785647064146 -103.1 83.73218479067164
    endloop
  endfacet
  facet normal -0.5877852522924749 0 -0.8090169943749461
    outer loop
      vertex -31.852636818452357 -103.1 83.88692383699642
      vertex -32.035511769037804 -102 84.01979026590362
      vertex -31.852636818452357 -102 83.88692383699642
    endloop
  endfacet
  facet normal -0.6845471059286867 0 -0.7289686274214132
    outer loop
      vertex -31.68785647064146 -103.1 83.73218479067164
      vertex -31.852636818452357 -102 83.88692383699642
      vertex -31.68785647064146 -102 83.73218479067164
    endloop
  endfacet
  facet normal -0.8443279255020157 0 0.5358267949789955
    outer loop
      vertex -31.543769410125094 -103.1 81.44198654587355
      vertex -31.422647975921045 -103.1 81.63284338661691
      vertex -31.422647975921045 -102 81.63284338661691
    endloop
  endfacet
  facet normal -0.9048270524660234 0 0.4257792915650646
    outer loop
      vertex -31.422647975921045 -103.1 81.63284338661691
      vertex -31.326402325401148 -103.1 81.83737580516758
      vertex -31.326402325401148 -102 81.83737580516758
    endloop
  endfacet
  facet normal -0.9048270524660234 0 0.4257792915650646
    outer loop
      vertex -31.422647975921045 -103.1 81.63284338661691
      vertex -31.326402325401148 -102 81.83737580516758
      vertex -31.422647975921045 -102 81.63284338661691
    endloop
  endfacet
  facet normal -0.9510565162951549 0 0.30901699437494323
    outer loop
      vertex -31.326402325401148 -103.1 81.83737580516758
      vertex -31.256550309968464 -103.1 82.05235820310327
      vertex -31.256550309968464 -102 82.05235820310327
    endloop
  endfacet
  facet normal -0.9822872507286863 0 0.1873813145857374
    outer loop
      vertex -31.256550309968464 -103.1 82.05235820310327
      vertex -31.21419353763394 -103.1 82.27440017958425
      vertex -31.21419353763394 -102 82.27440017958425
    endloop
  endfacet
  facet normal -0.9510565162951549 0 0.30901699437494323
    outer loop
      vertex -31.326402325401148 -103.1 81.83737580516758
      vertex -31.256550309968464 -102 82.05235820310327
      vertex -31.326402325401148 -102 81.83737580516758
    endloop
  endfacet
  facet normal -0.9822872507286863 0 0.1873813145857374
    outer loop
      vertex -31.256550309968464 -103.1 82.05235820310327
      vertex -31.21419353763394 -102 82.27440017958425
      vertex -31.256550309968464 -102 82.05235820310327
    endloop
  endfacet
  facet normal -0.9980267284282717 0 0.06279051952931129
    outer loop
      vertex -31.21419353763394 -103.1 82.27440017958425
      vertex -31.2 -103.1 82.5
      vertex -31.2 -102 82.5
    endloop
  endfacet
  facet normal -0.9980267284282717 0 -0.06279051952931129
    outer loop
      vertex -31.2 -103.1 82.5
      vertex -31.21419353763394 -103.1 82.72559982041575
      vertex -31.21419353763394 -102 82.72559982041575
    endloop
  endfacet
  facet normal -0.9822872507286863 0 -0.1873813145857374
    outer loop
      vertex -31.21419353763394 -103.1 82.72559982041575
      vertex -31.256550309968464 -103.1 82.94764179689673
      vertex -31.256550309968464 -102 82.94764179689673
    endloop
  endfacet
  facet normal -0.9980267284282717 0 0.06279051952931129
    outer loop
      vertex -31.21419353763394 -103.1 82.27440017958425
      vertex -31.2 -102 82.5
      vertex -31.21419353763394 -102 82.27440017958425
    endloop
  endfacet
  facet normal -0.9980267284282717 0 -0.06279051952931129
    outer loop
      vertex -31.2 -103.1 82.5
      vertex -31.21419353763394 -102 82.72559982041575
      vertex -31.2 -102 82.5
    endloop
  endfacet
  facet normal -0.9822872507286863 0 -0.1873813145857374
    outer loop
      vertex -31.21419353763394 -103.1 82.72559982041575
      vertex -31.256550309968464 -102 82.94764179689673
      vertex -31.21419353763394 -102 82.72559982041575
    endloop
  endfacet
  facet normal -0.9048270524660234 0 -0.4257792915650646
    outer loop
      vertex -31.326402325401148 -103.1 83.16262419483242
      vertex -31.422647975921045 -103.1 83.36715661338309
      vertex -31.422647975921045 -102 83.36715661338309
    endloop
  endfacet
  facet normal -0.8443279255020157 0 -0.5358267949789955
    outer loop
      vertex -31.422647975921045 -103.1 83.36715661338309
      vertex -31.543769410125094 -103.1 83.55801345412645
      vertex -31.543769410125094 -102 83.55801345412645
    endloop
  endfacet
  facet normal -0.9048270524660234 0 -0.4257792915650646
    outer loop
      vertex -31.326402325401148 -103.1 83.16262419483242
      vertex -31.422647975921045 -102 83.36715661338309
      vertex -31.326402325401148 -102 83.16262419483242
    endloop
  endfacet
  facet normal -0.7705132427757823 0 -0.6374239897486981
    outer loop
      vertex -31.543769410125094 -103.1 83.55801345412645
      vertex -31.68785647064146 -102 83.73218479067164
      vertex -31.543769410125094 -102 83.55801345412645
    endloop
  endfacet
  facet normal -0.8443279255020157 0 -0.5358267949789955
    outer loop
      vertex -31.422647975921045 -103.1 83.36715661338309
      vertex -31.543769410125094 -102 83.55801345412645
      vertex -31.422647975921045 -102 83.36715661338309
    endloop
  endfacet
  facet normal -0.9510565162951549 0 -0.30901699437494323
    outer loop
      vertex -31.326402325401148 -103.1 83.16262419483242
      vertex -31.326402325401148 -102 83.16262419483242
      vertex -31.256550309968464 -103.1 82.94764179689673
    endloop
  endfacet
  facet normal -0.9510565162951549 0 -0.30901699437494323
    outer loop
      vertex -31.256550309968464 -103.1 82.94764179689673
      vertex -31.326402325401148 -102 83.16262419483242
      vertex -31.256550309968464 -102 82.94764179689673
    endloop
  endfacet
  facet normal -0.7705132427757823 0 -0.6374239897486981
    outer loop
      vertex -31.68785647064146 -103.1 83.73218479067164
      vertex -31.68785647064146 -102 83.73218479067164
      vertex -31.543769410125094 -103.1 83.55801345412645
    endloop
  endfacet
endsolid OpenSCAD_Model
