solid OpenSCAD_Model
  facet normal -0.4843254443767119 -0.14252344615070883 -0.863200979625618
    outer loop
      vertex -1.8927223359773873 -0.48596849817225585 -2.972764181906326
      vertex -1.938705658315764 -0.24491548080498307 -2.986764181906326
      vertex -1.5101815042651463 -0.1907802907746243 -3.236139113421385
    endloop
  endfacet
  facet normal -0.4983693179515995 -0.08069753216692013 -0.8632009796256179
    outer loop
      vertex -1.938705658315764 -0.24491548080498307 -2.986764181906326
      vertex -1.9541144342958772 0 -3.000764181906326
      vertex -1.5221843827777863 0 -3.250139113421385
    endloop
  endfacet
  facet normal -0.904827052466019 -0.42577929156507377 0
    outer loop
      vertex -1.8168896517431292 -0.7193575020198422 -2.958764181906326
      vertex -1.7124035323436124 -0.941401808337234 -2.843235818093674
      vertex -1.8168896517431292 -0.7193575020198422 -2.857235818093674
    endloop
  endfacet
  facet normal -0.951056516295154 -0.30901699437494623 0
    outer loop
      vertex -1.8168896517431292 -0.7193575020198422 -2.857235818093674
      vertex -1.8927223359773873 -0.48596849817225585 -2.871235818093674
      vertex -1.8927223359773873 -0.48596849817225585 -2.972764181906326
    endloop
  endfacet
  facet normal -0.951056516295154 -0.3090169943749463 0
    outer loop
      vertex -1.8168896517431292 -0.7193575020198422 -2.958764181906326
      vertex -1.8168896517431292 -0.7193575020198422 -2.857235818093674
      vertex -1.8927223359773873 -0.48596849817225585 -2.972764181906326
    endloop
  endfacet
  facet normal -0.904827052466019 -0.42577929156507377 0
    outer loop
      vertex -1.8168896517431292 -0.7193575020198422 -2.258764181906326
      vertex -1.7124035323436124 -0.941401808337234 -2.143235818093674
      vertex -1.8168896517431292 -0.7193575020198422 -2.157235818093674
    endloop
  endfacet
  facet normal -0.951056516295154 -0.30901699437494623 0
    outer loop
      vertex -1.8168896517431292 -0.7193575020198422 -2.157235818093674
      vertex -1.8927223359773873 -0.48596849817225585 -2.171235818093674
      vertex -1.8927223359773873 -0.48596849817225585 -2.272764181906326
    endloop
  endfacet
  facet normal -0.951056516295154 -0.3090169943749463 0
    outer loop
      vertex -1.8168896517431292 -0.7193575020198422 -2.258764181906326
      vertex -1.8168896517431292 -0.7193575020198422 -2.157235818093674
      vertex -1.8927223359773873 -0.48596849817225585 -2.272764181906326
    endloop
  endfacet
  facet normal -0.9822872507286886 -0.18738131458572513 0
    outer loop
      vertex -1.8927223359773873 -0.48596849817225585 -2.972764181906326
      vertex -1.8927223359773873 -0.48596849817225585 -2.871235818093674
      vertex -1.938705658315764 -0.24491548080498307 -2.986764181906326
    endloop
  endfacet
  facet normal -0.9822872507286886 -0.1873813145857251 0
    outer loop
      vertex -1.8927223359773873 -0.48596849817225585 -2.871235818093674
      vertex -1.938705658315764 -0.24491548080498307 -2.885235818093674
      vertex -1.938705658315764 -0.24491548080498307 -2.986764181906326
    endloop
  endfacet
  facet normal -0.5027807895601533 -0.04577713864629595 0.863200979625618
    outer loop
      vertex -1.8927223359773873 -0.48596849817225585 -2.871235818093674
      vertex -1.4743621612915423 -0.3785518623971119 -2.6218608865786153
      vertex -1.938705658315764 -0.24491548080498307 -2.885235818093674
    endloop
  endfacet
  facet normal -0.9980267284282716 -0.06279051952931333 0
    outer loop
      vertex -1.938705658315764 -0.24491548080498307 -2.986764181906326
      vertex -1.938705658315764 -0.24491548080498307 -2.885235818093674
      vertex -1.9541144342958772 0 -3.000764181906326
    endloop
  endfacet
  facet normal -0.9980267284282716 -0.06279051952931333 0
    outer loop
      vertex -1.938705658315764 -0.24491548080498307 -2.885235818093674
      vertex -1.9541144342958772 0 -2.899235818093674
      vertex -1.9541144342958772 0 -3.000764181906326
    endloop
  endfacet
  facet normal -0.5045536096709907 0.017598969894488642 0.8632009796256179
    outer loop
      vertex -1.938705658315764 -0.24491548080498307 -2.885235818093674
      vertex -1.5101815042651463 -0.1907802907746243 -2.635860886578615
      vertex -1.9541144342958772 0 -2.899235818093674
    endloop
  endfacet
  facet normal -0.484325444376711 -0.14252344615071025 -0.8632009796256184
    outer loop
      vertex -1.8927223359773873 -0.48596849817225585 -2.272764181906326
      vertex -1.938705658315764 -0.24491548080498307 -2.2867641819063262
      vertex -1.5101815042651463 -0.1907802907746243 -2.5361391134213846
    endloop
  endfacet
  facet normal -0.9822872507286886 -0.18738131458572513 0
    outer loop
      vertex -1.8927223359773873 -0.48596849817225585 -2.272764181906326
      vertex -1.8927223359773873 -0.48596849817225585 -2.171235818093674
      vertex -1.938705658315764 -0.24491548080498307 -2.2867641819063262
    endloop
  endfacet
  facet normal -0.9822872507286886 -0.18738131458572513 0
    outer loop
      vertex -1.8927223359773873 -0.48596849817225585 -2.171235818093674
      vertex -1.938705658315764 -0.24491548080498307 -2.185235818093674
      vertex -1.938705658315764 -0.24491548080498307 -2.2867641819063262
    endloop
  endfacet
  facet normal -0.5027807895601536 -0.04577713864629443 0.8632009796256179
    outer loop
      vertex -1.8927223359773873 -0.48596849817225585 -2.171235818093674
      vertex -1.4743621612915423 -0.3785518623971119 -1.921860886578615
      vertex -1.938705658315764 -0.24491548080498307 -2.185235818093674
    endloop
  endfacet
  facet normal -0.9980267284282716 -0.06279051952931333 0
    outer loop
      vertex -1.938705658315764 -0.24491548080498307 -2.2867641819063262
      vertex -1.938705658315764 -0.24491548080498307 -2.185235818093674
      vertex -1.9541144342958772 0 -2.300764181906326
    endloop
  endfacet
  facet normal -0.49836931795159967 -0.08069753216691858 -0.863200979625618
    outer loop
      vertex -1.938705658315764 -0.24491548080498307 -2.2867641819063262
      vertex -1.9541144342958772 0 -2.300764181906326
      vertex -1.5221843827777863 0 -2.550139113421385
    endloop
  endfacet
  facet normal -0.9980267284282716 -0.06279051952931333 0
    outer loop
      vertex -1.938705658315764 -0.24491548080498307 -2.185235818093674
      vertex -1.9541144342958772 0 -2.199235818093674
      vertex -1.9541144342958772 0 -2.300764181906326
    endloop
  endfacet
  facet normal -0.5045536096709908 0.017598969894487063 0.8632009796256178
    outer loop
      vertex -1.938705658315764 -0.24491548080498307 -2.185235818093674
      vertex -1.5101815042651463 -0.1907802907746243 -1.935860886578615
      vertex -1.9541144342958772 0 -2.199235818093674
    endloop
  endfacet
  facet normal -0.951056516295154 -0.3090169943749463 0
    outer loop
      vertex -1.8927223359773873 -0.48596849817225585 -1.572764181906326
      vertex -1.8168896517431292 -0.7193575020198422 -1.4572358180936738
      vertex -1.8927223359773873 -0.48596849817225585 -1.4712358180936738
    endloop
  endfacet
  facet normal -0.951056516295154 -0.3090169943749463 0
    outer loop
      vertex -1.8168896517431292 -0.7193575020198422 -1.558764181906326
      vertex -1.8168896517431292 -0.7193575020198422 -1.4572358180936738
      vertex -1.8927223359773873 -0.48596849817225585 -1.572764181906326
    endloop
  endfacet
  facet normal -0.904827052466019 -0.4257792915650737 0
    outer loop
      vertex -1.8168896517431292 -0.7193575020198422 -1.558764181906326
      vertex -1.7124035323436124 -0.941401808337234 -1.443235818093674
      vertex -1.8168896517431292 -0.7193575020198422 -1.4572358180936738
    endloop
  endfacet
  facet normal -0.9822872507286885 -0.18738131458572513 0
    outer loop
      vertex -1.8927223359773873 -0.48596849817225585 -1.572764181906326
      vertex -1.8927223359773873 -0.48596849817225585 -1.4712358180936738
      vertex -1.938705658315764 -0.24491548080498307 -1.586764181906326
    endloop
  endfacet
  facet normal -0.9822872507286885 -0.18738131458572513 0
    outer loop
      vertex -1.8927223359773873 -0.48596849817225585 -1.4712358180936738
      vertex -1.938705658315764 -0.24491548080498307 -1.4852358180936738
      vertex -1.938705658315764 -0.24491548080498307 -1.586764181906326
    endloop
  endfacet
  facet normal -0.48432544437671143 -0.14252344615070953 -0.8632009796256181
    outer loop
      vertex -1.8927223359773873 -0.48596849817225585 -1.572764181906326
      vertex -1.938705658315764 -0.24491548080498307 -1.586764181906326
      vertex -1.5101815042651463 -0.1907802907746243 -1.8361391134213847
    endloop
  endfacet
  facet normal -0.9980267284282716 -0.06279051952931333 0
    outer loop
      vertex -1.938705658315764 -0.24491548080498307 -1.586764181906326
      vertex -1.938705658315764 -0.24491548080498307 -1.4852358180936738
      vertex -1.9541144342958772 0 -1.600764181906326
    endloop
  endfacet
  facet normal -0.9980267284282716 -0.06279051952931332 0
    outer loop
      vertex -1.938705658315764 -0.24491548080498307 -1.4852358180936738
      vertex -1.9541144342958772 0 -1.4992358180936738
      vertex -1.9541144342958772 0 -1.600764181906326
    endloop
  endfacet
  facet normal -0.49836931795159933 -0.08069753216691934 -0.8632009796256181
    outer loop
      vertex -1.938705658315764 -0.24491548080498307 -1.586764181906326
      vertex -1.9541144342958772 0 -1.600764181906326
      vertex -1.5221843827777863 0 -1.8501391134213847
    endloop
  endfacet
  facet normal -0.502780789560153 -0.04577713864629512 0.8632009796256183
    outer loop
      vertex -1.8927223359773873 -0.48596849817225585 -1.4712358180936738
      vertex -1.4743621612915423 -0.3785518623971119 -1.2218608865786151
      vertex -1.938705658315764 -0.24491548080498307 -1.4852358180936738
    endloop
  endfacet
  facet normal -0.5045536096709903 0.017598969894487903 0.8632009796256181
    outer loop
      vertex -1.938705658315764 -0.24491548080498307 -1.4852358180936738
      vertex -1.5101815042651463 -0.1907802907746243 -1.2358608865786151
      vertex -1.9541144342958772 0 -1.4992358180936738
    endloop
  endfacet
  facet normal -0.904827052466019 -0.42577929156507377 0
    outer loop
      vertex -1.8168896517431292 -0.7193575020198422 -0.8587641819063261
      vertex -1.7124035323436124 -0.941401808337234 -0.743235818093674
      vertex -1.8168896517431292 -0.7193575020198422 -0.757235818093674
    endloop
  endfacet
  facet normal -0.951056516295154 -0.3090169943749463 0
    outer loop
      vertex -1.8168896517431292 -0.7193575020198422 -0.757235818093674
      vertex -1.8927223359773873 -0.48596849817225585 -0.771235818093674
      vertex -1.8927223359773873 -0.48596849817225585 -0.8727641819063261
    endloop
  endfacet
  facet normal -0.951056516295154 -0.3090169943749463 0
    outer loop
      vertex -1.8168896517431292 -0.7193575020198422 -0.8587641819063261
      vertex -1.8168896517431292 -0.7193575020198422 -0.757235818093674
      vertex -1.8927223359773873 -0.48596849817225585 -0.8727641819063261
    endloop
  endfacet
  facet normal -0.9822872507286886 -0.18738131458572513 0
    outer loop
      vertex -1.8927223359773873 -0.48596849817225585 -0.8727641819063261
      vertex -1.8927223359773873 -0.48596849817225585 -0.771235818093674
      vertex -1.938705658315764 -0.24491548080498307 -0.8867641819063261
    endloop
  endfacet
  facet normal -0.9822872507286885 -0.18738131458572513 0
    outer loop
      vertex -1.8927223359773873 -0.48596849817225585 -0.771235818093674
      vertex -1.938705658315764 -0.24491548080498307 -0.785235818093674
      vertex -1.938705658315764 -0.24491548080498307 -0.8867641819063261
    endloop
  endfacet
  facet normal -0.48432544437671143 -0.14252344615070953 -0.8632009796256181
    outer loop
      vertex -1.8927223359773873 -0.48596849817225585 -0.8727641819063261
      vertex -1.938705658315764 -0.24491548080498307 -0.8867641819063261
      vertex -1.5101815042651463 -0.1907802907746243 -1.1361391134213847
    endloop
  endfacet
  facet normal -0.502780789560153 -0.04577713864629512 0.8632009796256183
    outer loop
      vertex -1.8927223359773873 -0.48596849817225585 -0.771235818093674
      vertex -1.4743621612915423 -0.3785518623971119 -0.5218608865786154
      vertex -1.938705658315764 -0.24491548080498307 -0.785235818093674
    endloop
  endfacet
  facet normal -0.9980267284282716 -0.06279051952931333 0
    outer loop
      vertex -1.938705658315764 -0.24491548080498307 -0.8867641819063261
      vertex -1.938705658315764 -0.24491548080498307 -0.785235818093674
      vertex -1.9541144342958772 0 -0.9007641819063261
    endloop
  endfacet
  facet normal -0.9980267284282716 -0.06279051952931333 0
    outer loop
      vertex -1.938705658315764 -0.24491548080498307 -0.785235818093674
      vertex -1.9541144342958772 0 -0.799235818093674
      vertex -1.9541144342958772 0 -0.9007641819063261
    endloop
  endfacet
  facet normal -0.49836931795159933 -0.08069753216691934 -0.8632009796256181
    outer loop
      vertex -1.938705658315764 -0.24491548080498307 -0.8867641819063261
      vertex -1.9541144342958772 0 -0.9007641819063261
      vertex -1.5221843827777863 0 -1.1501391134213848
    endloop
  endfacet
  facet normal -0.5045536096709909 0.01759896989448784 0.8632009796256178
    outer loop
      vertex -1.938705658315764 -0.24491548080498307 -0.785235818093674
      vertex -1.5101815042651463 -0.1907802907746243 -0.535860886578615
      vertex -1.9541144342958772 0 -0.799235818093674
    endloop
  endfacet
  facet normal -0.36812455268467814 -0.9297764858882512 0
    outer loop
      vertex -0.8320214594715809 -1.7681356037652418 -2.874764181906326
      vertex -0.6038545691508126 -1.8584732663235117 -2.759235818093674
      vertex -0.8320214594715809 -1.7681356037652418 -2.773235818093674
    endloop
  endfacet
  facet normal -0.36812455268467814 -0.9297764858882512 0
    outer loop
      vertex -0.8320214594715809 -1.7681356037652418 -2.874764181906326
      vertex -0.6038545691508126 -1.8584732663235117 -2.860764181906326
      vertex -0.6038545691508126 -1.8584732663235117 -2.759235818093674
    endloop
  endfacet
  facet normal -0.24868988716485463 -0.9685831611286311 0
    outer loop
      vertex -0.6038545691508126 -1.8584732663235117 -2.860764181906326
      vertex -0.36616453154930145 -1.9195016952737438 -2.745235818093674
      vertex -0.6038545691508126 -1.8584732663235117 -2.759235818093674
    endloop
  endfacet
  facet normal -0.24868988716485466 -0.9685831611286313 0
    outer loop
      vertex -0.6038545691508126 -1.8584732663235117 -2.860764181906326
      vertex -0.36616453154930145 -1.9195016952737438 -2.8467641819063263
      vertex -0.36616453154930145 -1.9195016952737438 -2.745235818093674
    endloop
  endfacet
  facet normal -0.3681245526846782 -0.9297764858882513 0
    outer loop
      vertex -0.8320214594715809 -1.7681356037652418 -2.174764181906326
      vertex -0.6038545691508126 -1.8584732663235117 -2.1607641819063264
      vertex -0.6038545691508126 -1.8584732663235117 -2.059235818093674
    endloop
  endfacet
  facet normal -0.36812455268467814 -0.9297764858882512 0
    outer loop
      vertex -0.8320214594715809 -1.7681356037652418 -2.174764181906326
      vertex -0.6038545691508126 -1.8584732663235117 -2.059235818093674
      vertex -0.8320214594715809 -1.7681356037652418 -2.073235818093674
    endloop
  endfacet
  facet normal -0.24868988716485466 -0.9685831611286313 0
    outer loop
      vertex -0.6038545691508126 -1.8584732663235117 -2.1607641819063264
      vertex -0.36616453154930145 -1.9195016952737438 -2.045235818093674
      vertex -0.6038545691508126 -1.8584732663235117 -2.059235818093674
    endloop
  endfacet
  facet normal -0.24868988716485463 -0.9685831611286311 0
    outer loop
      vertex -0.6038545691508126 -1.8584732663235117 -2.1607641819063264
      vertex -0.36616453154930145 -1.9195016952737438 -2.146764181906326
      vertex -0.36616453154930145 -1.9195016952737438 -2.045235818093674
    endloop
  endfacet
  facet normal -0.12533323356430523 -0.9921147013144778 0
    outer loop
      vertex -0.36616453154930145 -1.9195016952737438 -2.8467641819063263
      vertex -0.12269986054916919 -1.950258435834777 -2.731235818093674
      vertex -0.36616453154930145 -1.9195016952737438 -2.745235818093674
    endloop
  endfacet
  facet normal -0.01411694093412983 -0.5046630368394694 -0.8632009796256179
    outer loop
      vertex -0.36616453154930145 -1.9195016952737438 -2.8467641819063263
      vertex -0.28522891068676176 -1.4952223124609376 -3.096139113421385
      vertex -0.12269986054916919 -1.950258435834777 -2.8327641819063265
    endloop
  endfacet
  facet normal -0.1726532549597954 -0.4744206175169466 0.8632009796256183
    outer loop
      vertex -0.6038545691508126 -1.8584732663235117 -2.759235818093674
      vertex -0.36616453154930145 -1.9195016952737438 -2.745235818093674
      vertex -0.28522891068676176 -1.4952223124609376 -2.4958608865786154
    endloop
  endfacet
  facet normal -0.1253332335643052 -0.9921147013144777 0
    outer loop
      vertex -0.36616453154930145 -1.9195016952737438 -2.8467641819063263
      vertex -0.12269986054916919 -1.950258435834777 -2.8327641819063265
      vertex -0.12269986054916919 -1.950258435834777 -2.731235818093674
    endloop
  endfacet
  facet normal 0 -1 0
    outer loop
      vertex -0.12269986054916919 -1.950258435834777 -2.8327641819063265
      vertex 0.12269986054916919 -1.950258435834777 -2.7172358180936738
      vertex -0.12269986054916919 -1.950258435834777 -2.731235818093674
    endloop
  endfacet
  facet normal 0.049245425629135677 -0.5024529399137576 -0.8632009796256184
    outer loop
      vertex -0.12269986054916919 -1.950258435834777 -2.8327641819063265
      vertex -0.09557874821402501 -1.519180699608322 -3.082139113421385
      vertex 0.12269986054916919 -1.950258435834777 -2.8187641819063263
    endloop
  endfacet
  facet normal -0.11183116241243596 -0.49231885997476954 0.863200979625618
    outer loop
      vertex -0.36616453154930145 -1.9195016952737438 -2.745235818093674
      vertex -0.12269986054916919 -1.950258435834777 -2.731235818093674
      vertex -0.09557874821402501 -1.519180699608322 -2.481860886578615
    endloop
  endfacet
  facet normal -0.12533323356430523 -0.9921147013144778 0
    outer loop
      vertex -0.36616453154930145 -1.9195016952737438 -2.146764181906326
      vertex -0.12269986054916919 -1.950258435834777 -2.031235818093674
      vertex -0.36616453154930145 -1.9195016952737438 -2.045235818093674
    endloop
  endfacet
  facet normal -0.01411694093412983 -0.5046630368394694 -0.8632009796256179
    outer loop
      vertex -0.36616453154930145 -1.9195016952737438 -2.146764181906326
      vertex -0.28522891068676176 -1.4952223124609376 -2.396139113421385
      vertex -0.12269986054916919 -1.950258435834777 -2.1327641819063263
    endloop
  endfacet
  facet normal -0.1253332335643052 -0.9921147013144777 0
    outer loop
      vertex -0.36616453154930145 -1.9195016952737438 -2.146764181906326
      vertex -0.12269986054916919 -1.950258435834777 -2.1327641819063263
      vertex -0.12269986054916919 -1.950258435834777 -2.031235818093674
    endloop
  endfacet
  facet normal 0 -1 0
    outer loop
      vertex -0.12269986054916919 -1.950258435834777 -2.1327641819063263
      vertex 0.12269986054916919 -1.950258435834777 -2.017235818093674
      vertex -0.12269986054916919 -1.950258435834777 -2.031235818093674
    endloop
  endfacet
  facet normal 0.049245425629135677 -0.5024529399137576 -0.8632009796256184
    outer loop
      vertex -0.12269986054916919 -1.950258435834777 -2.1327641819063263
      vertex -0.09557874821402501 -1.519180699608322 -2.3821391134213847
      vertex 0.12269986054916919 -1.950258435834777 -2.118764181906326
    endloop
  endfacet
  facet normal -0.36812455268467825 -0.9297764858882515 0
    outer loop
      vertex -0.8320214594715809 -1.7681356037652418 -1.474764181906326
      vertex -0.6038545691508126 -1.8584732663235117 -1.3592358180936739
      vertex -0.8320214594715809 -1.7681356037652418 -1.3732358180936737
    endloop
  endfacet
  facet normal -0.3681245526846782 -0.9297764858882512 0
    outer loop
      vertex -0.8320214594715809 -1.7681356037652418 -1.474764181906326
      vertex -0.6038545691508126 -1.8584732663235117 -1.460764181906326
      vertex -0.6038545691508126 -1.8584732663235117 -1.3592358180936739
    endloop
  endfacet
  facet normal -0.24868988716485463 -0.9685831611286311 0
    outer loop
      vertex -0.6038545691508126 -1.8584732663235117 -1.460764181906326
      vertex -0.36616453154930145 -1.9195016952737438 -1.3452358180936739
      vertex -0.6038545691508126 -1.8584732663235117 -1.3592358180936739
    endloop
  endfacet
  facet normal -0.24868988716485466 -0.9685831611286312 0
    outer loop
      vertex -0.6038545691508126 -1.8584732663235117 -1.460764181906326
      vertex -0.36616453154930145 -1.9195016952737438 -1.4467641819063262
      vertex -0.36616453154930145 -1.9195016952737438 -1.3452358180936739
    endloop
  endfacet
  facet normal -0.17265325495979403 -0.47442061751694753 0.8632009796256179
    outer loop
      vertex -0.6038545691508126 -1.8584732663235117 -2.059235818093674
      vertex -0.36616453154930145 -1.9195016952737438 -2.045235818093674
      vertex -0.28522891068676176 -1.4952223124609376 -1.7958608865786152
    endloop
  endfacet
  facet normal -0.014116940934128233 -0.5046630368394694 -0.863200979625618
    outer loop
      vertex -0.36616453154930145 -1.9195016952737438 -1.4467641819063262
      vertex -0.28522891068676176 -1.4952223124609376 -1.6961391134213848
      vertex -0.12269986054916919 -1.950258435834777 -1.432764181906326
    endloop
  endfacet
  facet normal -0.11183116241243747 -0.49231885997476904 0.8632009796256181
    outer loop
      vertex -0.36616453154930145 -1.9195016952737438 -2.045235818093674
      vertex -0.12269986054916919 -1.950258435834777 -2.031235818093674
      vertex -0.09557874821402501 -1.519180699608322 -1.7818608865786152
    endloop
  endfacet
  facet normal 0.049245425629134094 -0.5024529399137583 -0.863200979625618
    outer loop
      vertex -0.12269986054916919 -1.950258435834777 -1.432764181906326
      vertex -0.09557874821402501 -1.519180699608322 -1.6821391134213848
      vertex 0.12269986054916919 -1.950258435834777 -1.4187641819063261
    endloop
  endfacet
  facet normal -0.17265325495979472 -0.4744206175169471 0.8632009796256181
    outer loop
      vertex -0.6038545691508126 -1.8584732663235117 -1.3592358180936739
      vertex -0.36616453154930145 -1.9195016952737438 -1.3452358180936739
      vertex -0.28522891068676176 -1.4952223124609376 -1.0958608865786152
    endloop
  endfacet
  facet normal -0.1253332335643052 -0.9921147013144777 0
    outer loop
      vertex -0.36616453154930145 -1.9195016952737438 -1.4467641819063262
      vertex -0.12269986054916919 -1.950258435834777 -1.3312358180936739
      vertex -0.36616453154930145 -1.9195016952737438 -1.3452358180936739
    endloop
  endfacet
  facet normal -0.12533323356430523 -0.9921147013144778 0
    outer loop
      vertex -0.36616453154930145 -1.9195016952737438 -1.4467641819063262
      vertex -0.12269986054916919 -1.950258435834777 -1.432764181906326
      vertex -0.12269986054916919 -1.950258435834777 -1.3312358180936739
    endloop
  endfacet
  facet normal -0.11183116241243674 -0.4923188599747695 0.863200979625618
    outer loop
      vertex -0.36616453154930145 -1.9195016952737438 -1.3452358180936739
      vertex -0.12269986054916919 -1.950258435834777 -1.3312358180936739
      vertex -0.09557874821402501 -1.519180699608322 -1.081860886578615
    endloop
  endfacet
  facet normal 0 -1 0
    outer loop
      vertex -0.12269986054916919 -1.950258435834777 -1.432764181906326
      vertex 0.12269986054916919 -1.950258435834777 -1.3172358180936738
      vertex -0.12269986054916919 -1.950258435834777 -1.3312358180936739
    endloop
  endfacet
  facet normal -0.36812455268467814 -0.9297764858882512 0
    outer loop
      vertex -0.8320214594715809 -1.7681356037652418 -0.774764181906326
      vertex -0.6038545691508126 -1.8584732663235117 -0.6592358180936739
      vertex -0.8320214594715809 -1.7681356037652418 -0.6732358180936739
    endloop
  endfacet
  facet normal -0.36812455268467825 -0.9297764858882515 0
    outer loop
      vertex -0.8320214594715809 -1.7681356037652418 -0.774764181906326
      vertex -0.6038545691508126 -1.8584732663235117 -0.7607641819063262
      vertex -0.6038545691508126 -1.8584732663235117 -0.6592358180936739
    endloop
  endfacet
  facet normal -0.24868988716485463 -0.9685831611286312 0
    outer loop
      vertex -0.6038545691508126 -1.8584732663235117 -0.7607641819063262
      vertex -0.36616453154930145 -1.9195016952737438 -0.6452358180936739
      vertex -0.6038545691508126 -1.8584732663235117 -0.6592358180936739
    endloop
  endfacet
  facet normal -0.24868988716485463 -0.9685831611286312 0
    outer loop
      vertex -0.6038545691508126 -1.8584732663235117 -0.7607641819063262
      vertex -0.36616453154930145 -1.9195016952737438 -0.7467641819063262
      vertex -0.36616453154930145 -1.9195016952737438 -0.6452358180936739
    endloop
  endfacet
  facet normal -0.014116940934129003 -0.5046630368394692 -0.863200979625618
    outer loop
      vertex -0.36616453154930145 -1.9195016952737438 -0.7467641819063262
      vertex -0.28522891068676176 -1.4952223124609376 -0.9961391134213848
      vertex -0.12269986054916919 -1.950258435834777 -0.7327641819063262
    endloop
  endfacet
  facet normal -0.17265325495979472 -0.4744206175169471 0.8632009796256181
    outer loop
      vertex -0.6038545691508126 -1.8584732663235117 -0.6592358180936739
      vertex -0.36616453154930145 -1.9195016952737438 -0.6452358180936739
      vertex -0.28522891068676176 -1.4952223124609376 -0.3958608865786153
    endloop
  endfacet
  facet normal -0.1253332335643052 -0.9921147013144777 0
    outer loop
      vertex -0.36616453154930145 -1.9195016952737438 -0.7467641819063262
      vertex -0.12269986054916919 -1.950258435834777 -0.6312358180936739
      vertex -0.36616453154930145 -1.9195016952737438 -0.6452358180936739
    endloop
  endfacet
  facet normal 0.04924542562913488 -0.5024529399137578 -0.8632009796256181
    outer loop
      vertex -0.12269986054916919 -1.950258435834777 -0.7327641819063262
      vertex -0.09557874821402501 -1.519180699608322 -0.9821391134213848
      vertex 0.12269986054916919 -1.950258435834777 -0.7187641819063262
    endloop
  endfacet
  facet normal -0.12533323356430523 -0.9921147013144777 0
    outer loop
      vertex -0.36616453154930145 -1.9195016952737438 -0.7467641819063262
      vertex -0.12269986054916919 -1.950258435834777 -0.7327641819063262
      vertex -0.12269986054916919 -1.950258435834777 -0.6312358180936739
    endloop
  endfacet
  facet normal -0.11183116241243671 -0.4923188599747691 0.8632009796256183
    outer loop
      vertex -0.36616453154930145 -1.9195016952737438 -0.6452358180936739
      vertex -0.12269986054916919 -1.950258435834777 -0.6312358180936739
      vertex -0.09557874821402501 -1.519180699608322 -0.3818608865786153
    endloop
  endfacet
  facet normal 0 -1 0
    outer loop
      vertex -0.12269986054916919 -1.950258435834777 -0.7327641819063262
      vertex 0.12269986054916919 -1.950258435834777 -0.6172358180936739
      vertex -0.12269986054916919 -1.950258435834777 -0.6312358180936739
    endloop
  endfacet
  facet normal -0.39784802983753575 -0.3108070364836756 -0.8632009796256179
    outer loop
      vertex -1.5809117862987512 -1.1485996457709655 -2.930764181906326
      vertex -1.7124035323436124 -0.941401808337234 -2.944764181906326
      vertex -1.3339003428866194 -0.7333179190634505 -3.194139113421385
    endloop
  endfacet
  facet normal -0.3557564283937836 -0.35821981021416466 -0.863200979625618
    outer loop
      vertex -1.2314730342393692 -0.8947175314667035 -3.1801391134213848
      vertex -1.424488116993034 -1.3376833806507191 -2.916764181906326
      vertex -1.5809117862987512 -1.1485996457709655 -2.930764181906326
    endloop
  endfacet
  facet normal -0.3854456158757656 -0.31969267178913086 -0.865579732206386
    outer loop
      vertex -1.2314730342393692 -0.8947175314667035 -3.1801391134213848
      vertex -1.5809117862987512 -1.1485996457709655 -2.930764181906326
      vertex -1.3339003428866194 -0.7333179190634505 -3.194139113421385
    endloop
  endfacet
  facet normal -0.24069154843105978 -0.43913472386885977 -0.8655797322063861
    outer loop
      vertex -0.970276842403363 -1.1728632248767756 -3.1521391134213848
      vertex -0.8156271791909037 -1.2852227821423332 -3.138139113421385
      vertex -1.0470668743509552 -1.6499133865025815 -2.888764181906326
    endloop
  endfacet
  facet normal -0.5453729577287422 -0.45117174802102095 -0.7064080908128532
    outer loop
      vertex -1.2314730342393692 -0.8947175314667035 -3.7463026028703688
      vertex -1.0262275285328077 -0.7455979428889197 -4
      vertex -1.1096246601958315 -1.0420069139203807 -3.7463026028703688
    endloop
  endfacet
  facet normal -0.7705132427757894 -0.6374239897486894 0
    outer loop
      vertex -1.2314730342393692 -0.8947175314667035 -3.7463026028703688
      vertex -1.1096246601958315 -1.0420069139203807 -3.7463026028703688
      vertex -1.1096246601958315 -1.0420069139203807 -3.652289995108648
    endloop
  endfacet
  facet normal -0.7705132427757894 -0.6374239897486895 0
    outer loop
      vertex -1.2314730342393692 -0.8947175314667035 -3.666289995108648
      vertex -1.1096246601958315 -1.0420069139203807 -3.652289995108648
      vertex -1.1096246601958315 -1.0420069139203807 -3.580594702298069
    endloop
  endfacet
  facet normal -0.7705132427757893 -0.6374239897486895 0
    outer loop
      vertex -1.2314730342393692 -0.8947175314667035 -3.594594702298069
      vertex -1.1096246601958315 -1.0420069139203807 -3.580594702298069
      vertex -1.1096246601958315 -1.0420069139203807 -3.551405297701931
    endloop
  endfacet
  facet normal -0.7705132427757894 -0.6374239897486895 0
    outer loop
      vertex -1.2314730342393692 -0.8947175314667035 -3.565405297701931
      vertex -1.1096246601958315 -1.0420069139203807 -3.551405297701931
      vertex -1.1096246601958315 -1.0420069139203807 -3.479710004891352
    endloop
  endfacet
  facet normal -0.7705132427757894 -0.6374239897486895 0
    outer loop
      vertex -1.2314730342393692 -0.8947175314667035 -3.7463026028703688
      vertex -1.1096246601958315 -1.0420069139203807 -3.652289995108648
      vertex -1.2314730342393692 -0.8947175314667035 -3.666289995108648
    endloop
  endfacet
  facet normal -0.7705132427757895 -0.6374239897486895 0
    outer loop
      vertex -1.2314730342393692 -0.8947175314667035 -3.666289995108648
      vertex -1.1096246601958315 -1.0420069139203807 -3.580594702298069
      vertex -1.2314730342393692 -0.8947175314667035 -3.594594702298069
    endloop
  endfacet
  facet normal -0.7705132427757893 -0.6374239897486895 0
    outer loop
      vertex -1.2314730342393692 -0.8947175314667035 -3.594594702298069
      vertex -1.1096246601958315 -1.0420069139203807 -3.551405297701931
      vertex -1.2314730342393692 -0.8947175314667035 -3.565405297701931
    endloop
  endfacet
  facet normal -0.7705132427757895 -0.6374239897486895 0
    outer loop
      vertex -1.2314730342393692 -0.8947175314667035 -3.565405297701931
      vertex -1.1096246601958315 -1.0420069139203807 -3.479710004891352
      vertex -1.2314730342393692 -0.8947175314667035 -3.493710004891352
    endloop
  endfacet
  facet normal -0.6845471059286891 -0.7289686274214112 0
    outer loop
      vertex -1.1096246601958315 -1.0420069139203807 -3.7463026028703688
      vertex -0.970276842403363 -1.1728632248767756 -3.7463026028703688
      vertex -0.970276842403363 -1.1728632248767756 -3.6382899951086483
    endloop
  endfacet
  facet normal -0.684547105928689 -0.7289686274214112 0
    outer loop
      vertex -1.1096246601958315 -1.0420069139203807 -3.652289995108648
      vertex -0.970276842403363 -1.1728632248767756 -3.6382899951086483
      vertex -0.970276842403363 -1.1728632248767756 -3.566594702298069
    endloop
  endfacet
  facet normal -0.6845471059286888 -0.7289686274214112 0
    outer loop
      vertex -1.1096246601958315 -1.0420069139203807 -3.580594702298069
      vertex -0.970276842403363 -1.1728632248767756 -3.566594702298069
      vertex -0.970276842403363 -1.1728632248767756 -3.5374052977019312
    endloop
  endfacet
  facet normal -0.684547105928689 -0.7289686274214112 0
    outer loop
      vertex -1.1096246601958315 -1.0420069139203807 -3.551405297701931
      vertex -0.970276842403363 -1.1728632248767756 -3.5374052977019312
      vertex -0.970276842403363 -1.1728632248767756 -3.465710004891352
    endloop
  endfacet
  facet normal -0.5877852522924722 -0.8090169943749482 0
    outer loop
      vertex -0.970276842403363 -1.1728632248767756 -3.7463026028703688
      vertex -0.8156271791909037 -1.2852227821423332 -3.624289995108648
      vertex -0.970276842403363 -1.1728632248767756 -3.6382899951086483
    endloop
  endfacet
  facet normal -0.5877852522924721 -0.8090169943749481 0
    outer loop
      vertex -0.970276842403363 -1.1728632248767756 -3.6382899951086483
      vertex -0.8156271791909037 -1.2852227821423332 -3.5525947022980686
      vertex -0.970276842403363 -1.1728632248767756 -3.566594702298069
    endloop
  endfacet
  facet normal -0.5877852522924722 -0.8090169943749481 0
    outer loop
      vertex -0.970276842403363 -1.1728632248767756 -3.566594702298069
      vertex -0.8156271791909037 -1.2852227821423332 -3.523405297701931
      vertex -0.970276842403363 -1.1728632248767756 -3.5374052977019312
    endloop
  endfacet
  facet normal -0.48452571498971025 -0.5159674803200777 -0.7064080908128532
    outer loop
      vertex -1.1096246601958315 -1.0420069139203807 -3.7463026028703688
      vertex -0.9246872168298597 -0.8683390949336506 -4
      vertex -0.970276842403363 -1.1728632248767756 -3.7463026028703688
    endloop
  endfacet
  facet normal -0.5453729577287418 -0.451171748021021 -0.7064080908128533
    outer loop
      vertex -1.1096246601958315 -1.0420069139203807 -3.7463026028703688
      vertex -1.0262275285328077 -0.7455979428889197 -4
      vertex -0.9246872168298597 -0.8683390949336506 -4
    endloop
  endfacet
  facet normal -0.48452571498971014 -0.5159674803200778 -0.7064080908128533
    outer loop
      vertex -0.970276842403363 -1.1728632248767756 -3.7463026028703688
      vertex -0.9246872168298597 -0.8683390949336506 -4
      vertex -0.8085640353361359 -0.9773860207306464 -4
    endloop
  endfacet
  facet normal -0.684547105928689 -0.7289686274214112 0
    outer loop
      vertex -1.1096246601958315 -1.0420069139203807 -3.7463026028703688
      vertex -0.970276842403363 -1.1728632248767756 -3.6382899951086483
      vertex -1.1096246601958315 -1.0420069139203807 -3.652289995108648
    endloop
  endfacet
  facet normal -0.684547105928689 -0.7289686274214112 0
    outer loop
      vertex -1.1096246601958315 -1.0420069139203807 -3.652289995108648
      vertex -0.970276842403363 -1.1728632248767756 -3.566594702298069
      vertex -1.1096246601958315 -1.0420069139203807 -3.580594702298069
    endloop
  endfacet
  facet normal -0.684547105928689 -0.7289686274214112 0
    outer loop
      vertex -1.1096246601958315 -1.0420069139203807 -3.580594702298069
      vertex -0.970276842403363 -1.1728632248767756 -3.5374052977019312
      vertex -1.1096246601958315 -1.0420069139203807 -3.551405297701931
    endloop
  endfacet
  facet normal -0.2938317985934532 -0.4055053653515048 -0.8655797322063861
    outer loop
      vertex -1.1096246601958315 -1.0420069139203807 -3.1661391134213845
      vertex -0.970276842403363 -1.1728632248767756 -3.1521391134213848
      vertex -1.2455994191343815 -1.5056710495242935 -2.902764181906326
    endloop
  endfacet
  facet normal -0.7705132427757894 -0.6374239897486894 0
    outer loop
      vertex -1.2314730342393692 -0.8947175314667035 -3.493710004891352
      vertex -1.1096246601958315 -1.0420069139203807 -3.479710004891352
      vertex -1.1096246601958315 -1.0420069139203807 -3.1661391134213845
    endloop
  endfacet
  facet normal -0.7705132427757894 -0.6374239897486895 0
    outer loop
      vertex -1.2314730342393692 -0.8947175314667035 -3.493710004891352
      vertex -1.1096246601958315 -1.0420069139203807 -3.1661391134213845
      vertex -1.2314730342393692 -0.8947175314667035 -3.1801391134213848
    endloop
  endfacet
  facet normal -0.3423381457654161 -0.36548094498539474 -0.8655797322063864
    outer loop
      vertex -1.2314730342393692 -0.8947175314667035 -3.1801391134213848
      vertex -1.1096246601958315 -1.0420069139203807 -3.1661391134213845
      vertex -1.424488116993034 -1.3376833806507191 -2.916764181906326
    endloop
  endfacet
  facet normal -0.684547105928689 -0.7289686274214112 0
    outer loop
      vertex -1.1096246601958315 -1.0420069139203807 -3.479710004891352
      vertex -0.970276842403363 -1.1728632248767756 -3.465710004891352
      vertex -0.970276842403363 -1.1728632248767756 -3.1521391134213848
    endloop
  endfacet
  facet normal -0.5877852522924721 -0.8090169943749481 0
    outer loop
      vertex -0.970276842403363 -1.1728632248767756 -3.5374052977019312
      vertex -0.8156271791909037 -1.2852227821423332 -3.4517100048913516
      vertex -0.970276842403363 -1.1728632248767756 -3.465710004891352
    endloop
  endfacet
  facet normal -0.5877852522924722 -0.8090169943749482 0
    outer loop
      vertex -0.970276842403363 -1.1728632248767756 -3.465710004891352
      vertex -0.8156271791909037 -1.2852227821423332 -3.138139113421385
      vertex -0.970276842403363 -1.1728632248767756 -3.1521391134213848
    endloop
  endfacet
  facet normal -0.684547105928689 -0.7289686274214112 0
    outer loop
      vertex -1.1096246601958315 -1.0420069139203807 -3.551405297701931
      vertex -0.970276842403363 -1.1728632248767756 -3.465710004891352
      vertex -1.1096246601958315 -1.0420069139203807 -3.479710004891352
    endloop
  endfacet
  facet normal -0.684547105928689 -0.7289686274214113 0
    outer loop
      vertex -1.1096246601958315 -1.0420069139203807 -3.479710004891352
      vertex -0.970276842403363 -1.1728632248767756 -3.1521391134213848
      vertex -1.1096246601958315 -1.0420069139203807 -3.1661391134213845
    endloop
  endfacet
  facet normal -0.6845471059286888 -0.7289686274214114 0
    outer loop
      vertex -1.424488116993034 -1.3376833806507191 -2.916764181906326
      vertex -1.2455994191343815 -1.5056710495242935 -2.801235818093674
      vertex -1.424488116993034 -1.3376833806507191 -2.815235818093674
    endloop
  endfacet
  facet normal -0.6845471059286887 -0.7289686274214113 0
    outer loop
      vertex -1.424488116993034 -1.3376833806507191 -2.2167641819063264
      vertex -1.2455994191343815 -1.5056710495242935 -2.101235818093674
      vertex -1.424488116993034 -1.3376833806507191 -2.115235818093674
    endloop
  endfacet
  facet normal -0.8443279255020153 -0.5358267949789965 0
    outer loop
      vertex -1.5809117862987512 -1.1485996457709655 -2.829235818093674
      vertex -1.7124035323436124 -0.941401808337234 -2.843235818093674
      vertex -1.7124035323436124 -0.941401808337234 -2.944764181906326
    endloop
  endfacet
  facet normal -0.8443279255020153 -0.5358267949789965 0
    outer loop
      vertex -1.5809117862987512 -1.1485996457709655 -2.930764181906326
      vertex -1.5809117862987512 -1.1485996457709655 -2.829235818093674
      vertex -1.7124035323436124 -0.941401808337234 -2.944764181906326
    endloop
  endfacet
  facet normal -0.7705132427757895 -0.6374239897486893 0
    outer loop
      vertex -1.424488116993034 -1.3376833806507191 -2.916764181906326
      vertex -1.424488116993034 -1.3376833806507191 -2.815235818093674
      vertex -1.5809117862987512 -1.1485996457709655 -2.930764181906326
    endloop
  endfacet
  facet normal -0.7705132427757895 -0.6374239897486893 0
    outer loop
      vertex -1.424488116993034 -1.3376833806507191 -2.815235818093674
      vertex -1.5809117862987512 -1.1485996457709655 -2.829235818093674
      vertex -1.5809117862987512 -1.1485996457709655 -2.930764181906326
    endloop
  endfacet
  facet normal -0.41853685975657406 -0.28233130502740783 0.863200979625618
    outer loop
      vertex -1.424488116993034 -1.3376833806507191 -2.815235818093674
      vertex -1.1096246601958315 -1.0420069139203807 -2.565860886578615
      vertex -1.5809117862987512 -1.1485996457709655 -2.829235818093674
    endloop
  endfacet
  facet normal -0.45062206700200874 -0.2276484603598512 0.8632009796256179
    outer loop
      vertex -1.5809117862987512 -1.1485996457709655 -2.829235818093674
      vertex -1.2314730342393692 -0.8947175314667035 -2.579860886578615
      vertex -1.7124035323436124 -0.941401808337234 -2.843235818093674
    endloop
  endfacet
  facet normal -0.3978480298375352 -0.31080703648367525 -0.8632009796256183
    outer loop
      vertex -1.5809117862987512 -1.1485996457709655 -2.230764181906326
      vertex -1.7124035323436124 -0.941401808337234 -2.2447641819063264
      vertex -1.3339003428866194 -0.7333179190634505 -2.494139113421385
    endloop
  endfacet
  facet normal -0.8443279255020151 -0.5358267949789964 0
    outer loop
      vertex -1.5809117862987512 -1.1485996457709655 -2.129235818093674
      vertex -1.7124035323436124 -0.941401808337234 -2.143235818093674
      vertex -1.7124035323436124 -0.941401808337234 -2.2447641819063264
    endloop
  endfacet
  facet normal -0.8443279255020153 -0.5358267949789965 0
    outer loop
      vertex -1.5809117862987512 -1.1485996457709655 -2.230764181906326
      vertex -1.5809117862987512 -1.1485996457709655 -2.129235818093674
      vertex -1.7124035323436124 -0.941401808337234 -2.2447641819063264
    endloop
  endfacet
  facet normal -0.3557564283937835 -0.3582198102141646 -0.863200979625618
    outer loop
      vertex -1.424488116993034 -1.3376833806507191 -2.2167641819063264
      vertex -1.5809117862987512 -1.1485996457709655 -2.230764181906326
      vertex -1.2314730342393692 -0.8947175314667035 -2.480139113421385
    endloop
  endfacet
  facet normal -0.7705132427757895 -0.6374239897486893 0
    outer loop
      vertex -1.424488116993034 -1.3376833806507191 -2.2167641819063264
      vertex -1.424488116993034 -1.3376833806507191 -2.115235818093674
      vertex -1.5809117862987512 -1.1485996457709655 -2.230764181906326
    endloop
  endfacet
  facet normal -0.7705132427757895 -0.6374239897486893 0
    outer loop
      vertex -1.424488116993034 -1.3376833806507191 -2.115235818093674
      vertex -1.5809117862987512 -1.1485996457709655 -2.129235818093674
      vertex -1.5809117862987512 -1.1485996457709655 -2.230764181906326
    endloop
  endfacet
  facet normal -0.4185368597565751 -0.28233130502740666 0.8632009796256179
    outer loop
      vertex -1.424488116993034 -1.3376833806507191 -2.115235818093674
      vertex -1.1096246601958315 -1.0420069139203807 -1.865860886578615
      vertex -1.5809117862987512 -1.1485996457709655 -2.129235818093674
    endloop
  endfacet
  facet normal -0.3854456158757669 -0.3196926717891292 -0.865579732206386
    outer loop
      vertex -1.5809117862987512 -1.1485996457709655 -2.230764181906326
      vertex -1.3339003428866194 -0.7333179190634505 -2.494139113421385
      vertex -1.2314730342393692 -0.8947175314667035 -2.480139113421385
    endloop
  endfacet
  facet normal -0.4506220670020082 -0.22764846035985267 0.8632009796256178
    outer loop
      vertex -1.5809117862987512 -1.1485996457709655 -2.129235818093674
      vertex -1.2314730342393692 -0.8947175314667035 -1.879860886578615
      vertex -1.7124035323436124 -0.941401808337234 -2.143235818093674
    endloop
  endfacet
  facet normal -0.5877852522924727 -0.8090169943749477 0
    outer loop
      vertex -1.2455994191343815 -1.5056710495242935 -2.902764181906326
      vertex -1.0470668743509552 -1.6499133865025815 -2.787235818093674
      vertex -1.2455994191343815 -1.5056710495242935 -2.801235818093674
    endloop
  endfacet
  facet normal -0.5877852522924727 -0.8090169943749477 0
    outer loop
      vertex -1.2455994191343815 -1.5056710495242935 -2.902764181906326
      vertex -1.0470668743509552 -1.6499133865025815 -2.888764181906326
      vertex -1.0470668743509552 -1.6499133865025815 -2.787235818093674
    endloop
  endfacet
  facet normal -0.6845471059286888 -0.7289686274214114 0
    outer loop
      vertex -1.424488116993034 -1.3376833806507191 -2.916764181906326
      vertex -1.2455994191343815 -1.5056710495242935 -2.902764181906326
      vertex -1.2455994191343815 -1.5056710495242935 -2.801235818093674
    endloop
  endfacet
  facet normal -0.37985107621097847 -0.3325616163581334 0.8632009796256183
    outer loop
      vertex -1.424488116993034 -1.3376833806507191 -2.815235818093674
      vertex -1.2455994191343815 -1.5056710495242935 -2.801235818093674
      vertex -0.970276842403363 -1.1728632248767756 -2.5518608865786154
    endloop
  endfacet
  facet normal -0.4817536741017152 -0.8763066800438637 0
    outer loop
      vertex -0.8320214594715809 -1.7681356037652418 -2.773235818093674
      vertex -1.0470668743509552 -1.6499133865025815 -2.787235818093674
      vertex -1.0470668743509552 -1.6499133865025815 -2.888764181906326
    endloop
  endfacet
  facet normal -0.48175367410171516 -0.8763066800438637 0
    outer loop
      vertex -0.8320214594715809 -1.7681356037652418 -2.874764181906326
      vertex -0.8320214594715809 -1.7681356037652418 -2.773235818093674
      vertex -1.0470668743509552 -1.6499133865025815 -2.888764181906326
    endloop
  endfacet
  facet normal -0.19890445442624635 -0.4640270323836433 -0.8632009796256179
    outer loop
      vertex -0.8320214594715809 -1.7681356037652418 -2.874764181906326
      vertex -1.0470668743509552 -1.6499133865025815 -2.888764181906326
      vertex -0.8156271791909037 -1.2852227821423332 -3.138139113421385
    endloop
  endfacet
  facet normal -0.2554940418231056 -0.435438702191556 -0.863200979625618
    outer loop
      vertex -0.970276842403363 -1.1728632248767756 -3.1521391134213848
      vertex -1.0470668743509552 -1.6499133865025815 -2.888764181906326
      vertex -1.2455994191343815 -1.5056710495242935 -2.902764181906326
    endloop
  endfacet
  facet normal -0.3351748142815004 -0.3775472323362138 0.8632009796256181
    outer loop
      vertex -1.2455994191343815 -1.5056710495242935 -2.801235818093674
      vertex -1.0470668743509552 -1.6499133865025815 -2.787235818093674
      vertex -0.8156271791909037 -1.2852227821423332 -2.537860886578615
    endloop
  endfacet
  facet normal -0.3432641617993342 -0.36461135804815653 0.8655797322063863
    outer loop
      vertex -1.2455994191343815 -1.5056710495242935 -2.801235818093674
      vertex -0.8156271791909037 -1.2852227821423332 -2.537860886578615
      vertex -0.970276842403363 -1.1728632248767756 -2.5518608865786154
    endloop
  endfacet
  facet normal -0.5877852522924727 -0.8090169943749477 0
    outer loop
      vertex -1.2455994191343815 -1.5056710495242935 -2.202764181906326
      vertex -1.0470668743509552 -1.6499133865025815 -2.087235818093674
      vertex -1.2455994191343815 -1.5056710495242935 -2.101235818093674
    endloop
  endfacet
  facet normal -0.5877852522924727 -0.8090169943749479 0
    outer loop
      vertex -1.2455994191343815 -1.5056710495242935 -2.202764181906326
      vertex -1.0470668743509552 -1.6499133865025815 -2.1887641819063264
      vertex -1.0470668743509552 -1.6499133865025815 -2.087235818093674
    endloop
  endfacet
  facet normal -0.6845471059286888 -0.7289686274214114 0
    outer loop
      vertex -1.424488116993034 -1.3376833806507191 -2.2167641819063264
      vertex -1.2455994191343815 -1.5056710495242935 -2.202764181906326
      vertex -1.2455994191343815 -1.5056710495242935 -2.101235818093674
    endloop
  endfacet
  facet normal -0.37985107621097797 -0.33256161635813525 0.8632009796256178
    outer loop
      vertex -1.424488116993034 -1.3376833806507191 -2.115235818093674
      vertex -1.2455994191343815 -1.5056710495242935 -2.101235818093674
      vertex -0.970276842403363 -1.1728632248767756 -1.851860886578615
    endloop
  endfacet
  facet normal -0.19890445442624605 -0.46402703238364273 -0.8632009796256183
    outer loop
      vertex -0.8320214594715809 -1.7681356037652418 -2.174764181906326
      vertex -1.0470668743509552 -1.6499133865025815 -2.1887641819063264
      vertex -0.8156271791909037 -1.2852227821423332 -2.438139113421385
    endloop
  endfacet
  facet normal -0.48175367410171516 -0.8763066800438637 0
    outer loop
      vertex -0.8320214594715809 -1.7681356037652418 -2.174764181906326
      vertex -0.8320214594715809 -1.7681356037652418 -2.073235818093674
      vertex -1.0470668743509552 -1.6499133865025815 -2.1887641819063264
    endloop
  endfacet
  facet normal -0.48175367410171516 -0.8763066800438636 0
    outer loop
      vertex -0.8320214594715809 -1.7681356037652418 -2.073235818093674
      vertex -1.0470668743509552 -1.6499133865025815 -2.087235818093674
      vertex -1.0470668743509552 -1.6499133865025815 -2.1887641819063264
    endloop
  endfacet
  facet normal -0.2554940418231056 -0.435438702191556 -0.863200979625618
    outer loop
      vertex -1.2455994191343815 -1.5056710495242935 -2.202764181906326
      vertex -0.970276842403363 -1.1728632248767756 -2.452139113421385
      vertex -1.0470668743509552 -1.6499133865025815 -2.1887641819063264
    endloop
  endfacet
  facet normal -0.24069154843105758 -0.43913472386886043 -0.8655797322063864
    outer loop
      vertex -1.0470668743509552 -1.6499133865025815 -2.1887641819063264
      vertex -0.970276842403363 -1.1728632248767756 -2.452139113421385
      vertex -0.8156271791909037 -1.2852227821423332 -2.438139113421385
    endloop
  endfacet
  facet normal -0.3351748142815017 -0.3775472323362129 0.8632009796256179
    outer loop
      vertex -1.2455994191343815 -1.5056710495242935 -2.101235818093674
      vertex -1.0470668743509552 -1.6499133865025815 -2.087235818093674
      vertex -0.8156271791909037 -1.2852227821423332 -1.837860886578615
    endloop
  endfacet
  facet normal -0.30805433555566986 -0.3999832435474362 -0.8632009796256184
    outer loop
      vertex -1.1096246601958315 -1.0420069139203807 -3.1661391134213845
      vertex -1.2455994191343815 -1.5056710495242935 -2.902764181906326
      vertex -1.424488116993034 -1.3376833806507191 -2.916764181906326
    endloop
  endfacet
  facet normal -0.38625534185395793 -0.31871388122076366 0.8655797322063861
    outer loop
      vertex -1.424488116993034 -1.3376833806507191 -2.815235818093674
      vertex -0.970276842403363 -1.1728632248767756 -2.5518608865786154
      vertex -1.1096246601958315 -1.0420069139203807 -2.565860886578615
    endloop
  endfacet
  facet normal -0.4231550444297891 -0.26779009609607346 0.865579732206386
    outer loop
      vertex -1.5809117862987512 -1.1485996457709655 -2.829235818093674
      vertex -1.1096246601958315 -1.0420069139203807 -2.565860886578615
      vertex -1.2314730342393692 -0.8947175314667035 -2.579860886578615
    endloop
  endfacet
  facet normal -0.7705132427757894 -0.6374239897486895 0
    outer loop
      vertex -1.2314730342393692 -0.8947175314667035 -2.579860886578615
      vertex -1.1096246601958315 -1.0420069139203807 -2.565860886578615
      vertex -1.1096246601958315 -1.0420069139203807 -2.466139113421385
    endloop
  endfacet
  facet normal -0.7705132427757895 -0.6374239897486894 0
    outer loop
      vertex -1.2314730342393692 -0.8947175314667035 -2.579860886578615
      vertex -1.1096246601958315 -1.0420069139203807 -2.466139113421385
      vertex -1.2314730342393692 -0.8947175314667035 -2.480139113421385
    endloop
  endfacet
  facet normal -0.684547105928689 -0.7289686274214113 0
    outer loop
      vertex -1.1096246601958315 -1.0420069139203807 -2.565860886578615
      vertex -0.970276842403363 -1.1728632248767756 -2.5518608865786154
      vertex -0.970276842403363 -1.1728632248767756 -2.452139113421385
    endloop
  endfacet
  facet normal -0.30805433555566974 -0.3999832435474362 -0.8632009796256184
    outer loop
      vertex -1.424488116993034 -1.3376833806507191 -2.2167641819063264
      vertex -1.1096246601958315 -1.0420069139203807 -2.466139113421385
      vertex -1.2455994191343815 -1.5056710495242935 -2.202764181906326
    endloop
  endfacet
  facet normal -0.2938317985934531 -0.4055053653515047 -0.8655797322063861
    outer loop
      vertex -1.2455994191343815 -1.5056710495242935 -2.202764181906326
      vertex -1.1096246601958315 -1.0420069139203807 -2.466139113421385
      vertex -0.970276842403363 -1.1728632248767756 -2.452139113421385
    endloop
  endfacet
  facet normal -0.34233814576541616 -0.36548094498539463 -0.8655797322063864
    outer loop
      vertex -1.424488116993034 -1.3376833806507191 -2.2167641819063264
      vertex -1.2314730342393692 -0.8947175314667035 -2.480139113421385
      vertex -1.1096246601958315 -1.0420069139203807 -2.466139113421385
    endloop
  endfacet
  facet normal -0.5877852522924721 -0.8090169943749481 0
    outer loop
      vertex -0.970276842403363 -1.1728632248767756 -2.5518608865786154
      vertex -0.8156271791909037 -1.2852227821423332 -2.438139113421385
      vertex -0.970276842403363 -1.1728632248767756 -2.452139113421385
    endloop
  endfacet
  facet normal -0.684547105928689 -0.7289686274214113 0
    outer loop
      vertex -1.1096246601958315 -1.0420069139203807 -2.565860886578615
      vertex -0.970276842403363 -1.1728632248767756 -2.452139113421385
      vertex -1.1096246601958315 -1.0420069139203807 -2.466139113421385
    endloop
  endfacet
  facet normal -0.9048270524660189 -0.4257792915650737 0
    outer loop
      vertex -1.3339003428866194 -0.7333179190634505 -3.7463026028703688
      vertex -1.3339003428866194 -0.7333179190634505 -3.680289995108648
      vertex -1.4152912462931073 -0.5603534450136751 -3.7463026028703688
    endloop
  endfacet
  facet normal -0.9048270524660189 -0.4257792915650737 0
    outer loop
      vertex -1.3339003428866194 -0.7333179190634505 -3.680289995108648
      vertex -1.3339003428866194 -0.7333179190634505 -3.6085947022980687
      vertex -1.4152912462931073 -0.5603534450136751 -3.6942899951086483
    endloop
  endfacet
  facet normal -0.904827052466019 -0.42577929156507377 0
    outer loop
      vertex -1.3339003428866194 -0.7333179190634505 -3.6085947022980687
      vertex -1.3339003428866194 -0.7333179190634505 -3.579405297701931
      vertex -1.4152912462931073 -0.5603534450136751 -3.622594702298069
    endloop
  endfacet
  facet normal -0.9048270524660189 -0.4257792915650737 0
    outer loop
      vertex -1.3339003428866194 -0.7333179190634505 -3.579405297701931
      vertex -1.3339003428866194 -0.7333179190634505 -3.5077100048913517
      vertex -1.4152912462931073 -0.5603534450136751 -3.5934052977019313
    endloop
  endfacet
  facet normal -0.9510565162951542 -0.3090169943749457 0
    outer loop
      vertex -1.4152912462931073 -0.5603534450136751 -3.7463026028703688
      vertex -1.4152912462931073 -0.5603534450136751 -3.6942899951086483
      vertex -1.4743621612915423 -0.3785518623971119 -3.7463026028703688
    endloop
  endfacet
  facet normal -0.9510565162951542 -0.3090169943749457 0
    outer loop
      vertex -1.4152912462931073 -0.5603534450136751 -3.6942899951086483
      vertex -1.4152912462931073 -0.5603534450136751 -3.622594702298069
      vertex -1.4743621612915423 -0.3785518623971119 -3.708289995108648
    endloop
  endfacet
  facet normal -0.9510565162951542 -0.30901699437494573 0
    outer loop
      vertex -1.4152912462931073 -0.5603534450136751 -3.6942899951086483
      vertex -1.4743621612915423 -0.3785518623971119 -3.708289995108648
      vertex -1.4743621612915423 -0.3785518623971119 -3.7463026028703688
    endloop
  endfacet
  facet normal -0.9510565162951542 -0.30901699437494573 0
    outer loop
      vertex -1.4152912462931073 -0.5603534450136751 -3.622594702298069
      vertex -1.4743621612915423 -0.3785518623971119 -3.636594702298069
      vertex -1.4743621612915423 -0.3785518623971119 -3.708289995108648
    endloop
  endfacet
  facet normal -0.9510565162951541 -0.3090169943749457 0
    outer loop
      vertex -1.4152912462931073 -0.5603534450136751 -3.622594702298069
      vertex -1.4152912462931073 -0.5603534450136751 -3.5934052977019313
      vertex -1.4743621612915423 -0.3785518623971119 -3.636594702298069
    endloop
  endfacet
  facet normal -0.9510565162951542 -0.3090169943749457 0
    outer loop
      vertex -1.4152912462931073 -0.5603534450136751 -3.5934052977019313
      vertex -1.4152912462931073 -0.5603534450136751 -3.521710004891352
      vertex -1.4743621612915423 -0.3785518623971119 -3.607405297701931
    endloop
  endfacet
  facet normal -0.9510565162951542 -0.3090169943749457 0
    outer loop
      vertex -1.4152912462931073 -0.5603534450136751 -3.5934052977019313
      vertex -1.4743621612915423 -0.3785518623971119 -3.607405297701931
      vertex -1.4743621612915423 -0.3785518623971119 -3.636594702298069
    endloop
  endfacet
  facet normal -0.9510565162951542 -0.30901699437494573 0
    outer loop
      vertex -1.4152912462931073 -0.5603534450136751 -3.521710004891352
      vertex -1.4743621612915423 -0.3785518623971119 -3.535710004891352
      vertex -1.4743621612915423 -0.3785518623971119 -3.607405297701931
    endloop
  endfacet
  facet normal -0.904827052466019 -0.42577929156507377 0
    outer loop
      vertex -1.3339003428866194 -0.7333179190634505 -3.680289995108648
      vertex -1.4152912462931073 -0.5603534450136751 -3.6942899951086483
      vertex -1.4152912462931073 -0.5603534450136751 -3.7463026028703688
    endloop
  endfacet
  facet normal -0.9048270524660189 -0.4257792915650737 0
    outer loop
      vertex -1.3339003428866194 -0.7333179190634505 -3.6085947022980687
      vertex -1.4152912462931073 -0.5603534450136751 -3.622594702298069
      vertex -1.4152912462931073 -0.5603534450136751 -3.6942899951086483
    endloop
  endfacet
  facet normal -0.904827052466019 -0.42577929156507377 0
    outer loop
      vertex -1.3339003428866194 -0.7333179190634505 -3.579405297701931
      vertex -1.4152912462931073 -0.5603534450136751 -3.5934052977019313
      vertex -1.4152912462931073 -0.5603534450136751 -3.622594702298069
    endloop
  endfacet
  facet normal -0.9048270524660189 -0.4257792915650737 0
    outer loop
      vertex -1.3339003428866194 -0.7333179190634505 -3.5077100048913517
      vertex -1.4152912462931073 -0.5603534450136751 -3.521710004891352
      vertex -1.4152912462931073 -0.5603534450136751 -3.5934052977019313
    endloop
  endfacet
  facet normal -0.4336653301878584 -0.2584926501207127 -0.8632009796256179
    outer loop
      vertex -1.8168896517431292 -0.7193575020198422 -2.958764181906326
      vertex -1.4152912462931073 -0.5603534450136751 -3.208139113421385
      vertex -1.7124035323436124 -0.941401808337234 -2.944764181906326
    endloop
  endfacet
  facet normal -0.46264346922200605 -0.20210168024932307 -0.8632009796256184
    outer loop
      vertex -1.8168896517431292 -0.7193575020198422 -2.958764181906326
      vertex -1.8927223359773873 -0.48596849817225585 -2.972764181906326
      vertex -1.4743621612915423 -0.3785518623971119 -3.2221391134213846
    endloop
  endfacet
  facet normal -0.45284046754279217 -0.21379251191083953 -0.8655797322063862
    outer loop
      vertex -1.8168896517431292 -0.7193575020198422 -2.958764181906326
      vertex -1.4743621612915423 -0.3785518623971119 -3.2221391134213846
      vertex -1.4152912462931073 -0.5603534450136751 -3.208139113421385
    endloop
  endfacet
  facet normal -0.904827052466019 -0.4257792915650737 0
    outer loop
      vertex -1.3339003428866194 -0.7333179190634505 -3.5077100048913517
      vertex -1.3339003428866194 -0.7333179190634505 -3.194139113421385
      vertex -1.4152912462931073 -0.5603534450136751 -3.521710004891352
    endloop
  endfacet
  facet normal -0.4224743783697046 -0.26886265418360505 -0.8655797322063861
    outer loop
      vertex -1.7124035323436124 -0.941401808337234 -2.944764181906326
      vertex -1.4152912462931073 -0.5603534450136751 -3.208139113421385
      vertex -1.3339003428866194 -0.7333179190634505 -3.194139113421385
    endloop
  endfacet
  facet normal -0.9510565162951541 -0.3090169943749457 0
    outer loop
      vertex -1.4152912462931073 -0.5603534450136751 -3.521710004891352
      vertex -1.4152912462931073 -0.5603534450136751 -3.208139113421385
      vertex -1.4743621612915423 -0.3785518623971119 -3.535710004891352
    endloop
  endfacet
  facet normal -0.9510565162951542 -0.30901699437494573 0
    outer loop
      vertex -1.4152912462931073 -0.5603534450136751 -3.208139113421385
      vertex -1.4743621612915423 -0.3785518623971119 -3.2221391134213846
      vertex -1.4743621612915423 -0.3785518623971119 -3.535710004891352
    endloop
  endfacet
  facet normal -0.9048270524660189 -0.4257792915650737 0
    outer loop
      vertex -1.4152912462931073 -0.5603534450136751 -3.521710004891352
      vertex -1.3339003428866194 -0.7333179190634505 -3.194139113421385
      vertex -1.4152912462931073 -0.5603534450136751 -3.208139113421385
    endloop
  endfacet
  facet normal -0.6731623500597145 -0.21872370629683044 -0.706408090812853
    outer loop
      vertex -1.4152912462931073 -0.5603534450136751 -3.7463026028703688
      vertex -1.4743621612915423 -0.3785518623971119 -3.7463026028703688
      vertex -1.2286351344096187 -0.3154598853309266 -4
    endloop
  endfacet
  facet normal -0.6952676132329961 -0.13262939049634606 -0.7064080908128536
    outer loop
      vertex -1.5101815042651463 -0.1907802907746243 -3.7463026028703688
      vertex -1.2584845868876218 -0.15898357564552024 -4
      vertex -1.2286351344096187 -0.3154598853309266 -4
    endloop
  endfacet
  facet normal -0.6952676132329964 -0.1326293904963473 -0.7064080908128532
    outer loop
      vertex -1.4743621612915423 -0.3785518623971119 -3.7463026028703688
      vertex -1.5101815042651463 -0.1907802907746243 -3.7463026028703688
      vertex -1.2286351344096187 -0.3154598853309266 -4
    endloop
  endfacet
  facet normal -0.9822872507286885 -0.18738131458572552 0
    outer loop
      vertex -1.4743621612915423 -0.3785518623971119 -3.7463026028703688
      vertex -1.4743621612915423 -0.3785518623971119 -3.708289995108648
      vertex -1.5101815042651463 -0.1907802907746243 -3.7463026028703688
    endloop
  endfacet
  facet normal -0.9822872507286885 -0.18738131458572554 0
    outer loop
      vertex -1.4743621612915423 -0.3785518623971119 -3.708289995108648
      vertex -1.4743621612915423 -0.3785518623971119 -3.636594702298069
      vertex -1.5101815042651463 -0.1907802907746243 -3.722289995108648
    endloop
  endfacet
  facet normal -0.9822872507286886 -0.18738131458572554 0
    outer loop
      vertex -1.4743621612915423 -0.3785518623971119 -3.636594702298069
      vertex -1.4743621612915423 -0.3785518623971119 -3.607405297701931
      vertex -1.5101815042651463 -0.1907802907746243 -3.650594702298069
    endloop
  endfacet
  facet normal -0.9822872507286885 -0.18738131458572552 0
    outer loop
      vertex -1.4743621612915423 -0.3785518623971119 -3.708289995108648
      vertex -1.5101815042651463 -0.1907802907746243 -3.722289995108648
      vertex -1.5101815042651463 -0.1907802907746243 -3.7463026028703688
    endloop
  endfacet
  facet normal -0.9822872507286885 -0.18738131458572554 0
    outer loop
      vertex -1.4743621612915423 -0.3785518623971119 -3.636594702298069
      vertex -1.5101815042651463 -0.1907802907746243 -3.650594702298069
      vertex -1.5101815042651463 -0.1907802907746243 -3.722289995108648
    endloop
  endfacet
  facet normal -0.9822872507286886 -0.18738131458572554 0
    outer loop
      vertex -1.4743621612915423 -0.3785518623971119 -3.607405297701931
      vertex -1.5101815042651463 -0.1907802907746243 -3.621405297701931
      vertex -1.5101815042651463 -0.1907802907746243 -3.650594702298069
    endloop
  endfacet
  facet normal -0.9822872507286885 -0.18738131458572554 0
    outer loop
      vertex -1.4743621612915423 -0.3785518623971119 -3.607405297701931
      vertex -1.4743621612915423 -0.3785518623971119 -3.535710004891352
      vertex -1.5101815042651463 -0.1907802907746243 -3.621405297701931
    endloop
  endfacet
  facet normal -0.9822872507286885 -0.18738131458572554 0
    outer loop
      vertex -1.4743621612915423 -0.3785518623971119 -3.535710004891352
      vertex -1.5101815042651463 -0.1907802907746243 -3.549710004891352
      vertex -1.5101815042651463 -0.1907802907746243 -3.621405297701931
    endloop
  endfacet
  facet normal -0.7064080908128538 -0.044443429978776705 -0.7064080908128533
    outer loop
      vertex -1.5101815042651463 -0.1907802907746243 -3.7463026028703688
      vertex -1.5221843827777863 0 -3.7463026028703688
      vertex -1.2684869856481553 0 -4
    endloop
  endfacet
  facet normal -0.7064080908128535 -0.044443429978777524 -0.7064080908128536
    outer loop
      vertex -1.5101815042651463 -0.1907802907746243 -3.7463026028703688
      vertex -1.2684869856481553 0 -4
      vertex -1.2584845868876218 -0.15898357564552024 -4
    endloop
  endfacet
  facet normal -0.9980267284282716 -0.06279051952931339 0
    outer loop
      vertex -1.5101815042651463 -0.1907802907746243 -3.7463026028703688
      vertex -1.5101815042651463 -0.1907802907746243 -3.722289995108648
      vertex -1.5221843827777863 0 -3.7463026028703688
    endloop
  endfacet
  facet normal -0.9980267284282716 -0.06279051952931339 0
    outer loop
      vertex -1.5101815042651463 -0.1907802907746243 -3.722289995108648
      vertex -1.5101815042651463 -0.1907802907746243 -3.650594702298069
      vertex -1.5221843827777863 0 -3.736289995108648
    endloop
  endfacet
  facet normal -0.9980267284282716 -0.06279051952931339 0
    outer loop
      vertex -1.5101815042651463 -0.1907802907746243 -3.650594702298069
      vertex -1.5101815042651463 -0.1907802907746243 -3.621405297701931
      vertex -1.5221843827777863 0 -3.6645947022980687
    endloop
  endfacet
  facet normal -0.9980267284282716 -0.06279051952931339 0
    outer loop
      vertex -1.5101815042651463 -0.1907802907746243 -3.621405297701931
      vertex -1.5101815042651463 -0.1907802907746243 -3.549710004891352
      vertex -1.5221843827777863 0 -3.635405297701931
    endloop
  endfacet
  facet normal -0.9980267284282717 -0.0627905195293134 0
    outer loop
      vertex -1.5101815042651463 -0.1907802907746243 -3.722289995108648
      vertex -1.5221843827777863 0 -3.736289995108648
      vertex -1.5221843827777863 0 -3.7463026028703688
    endloop
  endfacet
  facet normal -0.9980267284282716 -0.06279051952931337 0
    outer loop
      vertex -1.5101815042651463 -0.1907802907746243 -3.650594702298069
      vertex -1.5221843827777863 0 -3.6645947022980687
      vertex -1.5221843827777863 0 -3.736289995108648
    endloop
  endfacet
  facet normal -0.9980267284282716 -0.06279051952931337 0
    outer loop
      vertex -1.5101815042651463 -0.1907802907746243 -3.621405297701931
      vertex -1.5221843827777863 0 -3.635405297701931
      vertex -1.5221843827777863 0 -3.6645947022980687
    endloop
  endfacet
  facet normal -0.9980267284282716 -0.06279051952931337 0
    outer loop
      vertex -1.5101815042651463 -0.1907802907746243 -3.549710004891352
      vertex -1.5221843827777863 0 -3.5637100048913517
      vertex -1.5221843827777863 0 -3.635405297701931
    endloop
  endfacet
  facet normal -0.4760649920289448 -0.15535073401178798 -0.8655797322063864
    outer loop
      vertex -1.8927223359773873 -0.48596849817225585 -2.972764181906326
      vertex -1.5101815042651463 -0.1907802907746243 -3.236139113421385
      vertex -1.4743621612915423 -0.3785518623971119 -3.2221391134213846
    endloop
  endfacet
  facet normal -0.49178168720336196 -0.09445898223533723 -0.8655797322063861
    outer loop
      vertex -1.938705658315764 -0.24491548080498307 -2.986764181906326
      vertex -1.5221843827777863 0 -3.250139113421385
      vertex -1.5101815042651463 -0.1907802907746243 -3.236139113421385
    endloop
  endfacet
  facet normal -0.9822872507286885 -0.18738131458572554 0
    outer loop
      vertex -1.4743621612915423 -0.3785518623971119 -3.535710004891352
      vertex -1.4743621612915423 -0.3785518623971119 -3.2221391134213846
      vertex -1.5101815042651463 -0.1907802907746243 -3.549710004891352
    endloop
  endfacet
  facet normal -0.9822872507286885 -0.18738131458572552 0
    outer loop
      vertex -1.5101815042651463 -0.1907802907746243 -3.549710004891352
      vertex -1.4743621612915423 -0.3785518623971119 -3.2221391134213846
      vertex -1.5101815042651463 -0.1907802907746243 -3.236139113421385
    endloop
  endfacet
  facet normal -0.9980267284282716 -0.06279051952931339 0
    outer loop
      vertex -1.5101815042651463 -0.1907802907746243 -3.549710004891352
      vertex -1.5101815042651463 -0.1907802907746243 -3.236139113421385
      vertex -1.5221843827777863 0 -3.5637100048913517
    endloop
  endfacet
  facet normal -0.9980267284282716 -0.06279051952931339 0
    outer loop
      vertex -1.5101815042651463 -0.1907802907746243 -3.236139113421385
      vertex -1.5221843827777863 0 -3.250139113421385
      vertex -1.5221843827777863 0 -3.5637100048913517
    endloop
  endfacet
  facet normal -0.597619343134378 -0.37926076773873424 -0.7064080908128533
    outer loop
      vertex -1.2314730342393692 -0.8947175314667035 -3.7463026028703688
      vertex -1.3339003428866194 -0.7333179190634505 -3.7463026028703688
      vertex -1.1115836190721828 -0.6110982658862087 -4
    endloop
  endfacet
  facet normal -0.5976193431343785 -0.3792607677387339 -0.706408090812853
    outer loop
      vertex -1.2314730342393692 -0.8947175314667035 -3.7463026028703688
      vertex -1.1115836190721828 -0.6110982658862087 -4
      vertex -1.0262275285328077 -0.7455979428889197 -4
    endloop
  endfacet
  facet normal -0.8443279255020151 -0.5358267949789968 0
    outer loop
      vertex -1.2314730342393692 -0.8947175314667035 -3.7463026028703688
      vertex -1.2314730342393692 -0.8947175314667035 -3.666289995108648
      vertex -1.3339003428866194 -0.7333179190634505 -3.7463026028703688
    endloop
  endfacet
  facet normal -0.844327925502015 -0.5358267949789967 0
    outer loop
      vertex -1.2314730342393692 -0.8947175314667035 -3.666289995108648
      vertex -1.2314730342393692 -0.8947175314667035 -3.594594702298069
      vertex -1.3339003428866194 -0.7333179190634505 -3.680289995108648
    endloop
  endfacet
  facet normal -0.844327925502015 -0.5358267949789967 0
    outer loop
      vertex -1.2314730342393692 -0.8947175314667035 -3.666289995108648
      vertex -1.3339003428866194 -0.7333179190634505 -3.680289995108648
      vertex -1.3339003428866194 -0.7333179190634505 -3.7463026028703688
    endloop
  endfacet
  facet normal -0.8443279255020151 -0.5358267949789967 0
    outer loop
      vertex -1.2314730342393692 -0.8947175314667035 -3.594594702298069
      vertex -1.3339003428866194 -0.7333179190634505 -3.6085947022980687
      vertex -1.3339003428866194 -0.7333179190634505 -3.680289995108648
    endloop
  endfacet
  facet normal -0.8443279255020151 -0.5358267949789967 0
    outer loop
      vertex -1.2314730342393692 -0.8947175314667035 -3.594594702298069
      vertex -1.2314730342393692 -0.8947175314667035 -3.565405297701931
      vertex -1.3339003428866194 -0.7333179190634505 -3.6085947022980687
    endloop
  endfacet
  facet normal -0.844327925502015 -0.5358267949789967 0
    outer loop
      vertex -1.2314730342393692 -0.8947175314667035 -3.565405297701931
      vertex -1.2314730342393692 -0.8947175314667035 -3.493710004891352
      vertex -1.3339003428866194 -0.7333179190634505 -3.579405297701931
    endloop
  endfacet
  facet normal -0.8443279255020151 -0.5358267949789967 0
    outer loop
      vertex -1.2314730342393692 -0.8947175314667035 -3.565405297701931
      vertex -1.3339003428866194 -0.7333179190634505 -3.579405297701931
      vertex -1.3339003428866194 -0.7333179190634505 -3.6085947022980687
    endloop
  endfacet
  facet normal -0.8443279255020151 -0.5358267949789967 0
    outer loop
      vertex -1.2314730342393692 -0.8947175314667035 -3.493710004891352
      vertex -1.3339003428866194 -0.7333179190634505 -3.5077100048913517
      vertex -1.3339003428866194 -0.7333179190634505 -3.579405297701931
    endloop
  endfacet
  facet normal -0.6404409144982941 -0.30136861858980707 -0.7064080908128533
    outer loop
      vertex -1.3339003428866194 -0.7333179190634505 -3.7463026028703688
      vertex -1.1794093719109227 -0.4669612041780626 -4
      vertex -1.1115836190721828 -0.6110982658862087 -4
    endloop
  endfacet
  facet normal -0.6404409144982937 -0.3013686185898075 -0.7064080908128535
    outer loop
      vertex -1.3339003428866194 -0.7333179190634505 -3.7463026028703688
      vertex -1.4152912462931073 -0.5603534450136751 -3.7463026028703688
      vertex -1.1794093719109227 -0.4669612041780626 -4
    endloop
  endfacet
  facet normal -0.6731623500597139 -0.21872370629683124 -0.7064080908128536
    outer loop
      vertex -1.4152912462931073 -0.5603534450136751 -3.7463026028703688
      vertex -1.2286351344096187 -0.3154598853309266 -4
      vertex -1.1794093719109227 -0.4669612041780626 -4
    endloop
  endfacet
  facet normal -0.8443279255020151 -0.5358267949789967 0
    outer loop
      vertex -1.2314730342393692 -0.8947175314667035 -3.493710004891352
      vertex -1.2314730342393692 -0.8947175314667035 -3.1801391134213848
      vertex -1.3339003428866194 -0.7333179190634505 -3.5077100048913517
    endloop
  endfacet
  facet normal -0.844327925502015 -0.5358267949789967 0
    outer loop
      vertex -1.2314730342393692 -0.8947175314667035 -3.1801391134213848
      vertex -1.3339003428866194 -0.7333179190634505 -3.194139113421385
      vertex -1.3339003428866194 -0.7333179190634505 -3.5077100048913517
    endloop
  endfacet
  facet normal -0.904827052466019 -0.42577929156507377 0
    outer loop
      vertex -1.8168896517431292 -0.7193575020198422 -2.958764181906326
      vertex -1.7124035323436124 -0.941401808337234 -2.944764181906326
      vertex -1.7124035323436124 -0.941401808337234 -2.843235818093674
    endloop
  endfacet
  facet normal -0.47560069506224506 -0.16937546348182447 0.863200979625618
    outer loop
      vertex -1.8168896517431292 -0.7193575020198422 -2.857235818093674
      vertex -1.7124035323436124 -0.941401808337234 -2.843235818093674
      vertex -1.3339003428866194 -0.7333179190634505 -2.5938608865786152
    endloop
  endfacet
  facet normal -0.49307881605126735 -0.10843131436468668 0.8632009796256183
    outer loop
      vertex -1.8168896517431292 -0.7193575020198422 -2.857235818093674
      vertex -1.4152912462931073 -0.5603534450136751 -2.6078608865786155
      vertex -1.8927223359773873 -0.48596849817225585 -2.871235818093674
    endloop
  endfacet
  facet normal -0.49201971953457035 -0.09321117305690227 0.8655797322063861
    outer loop
      vertex -1.8927223359773873 -0.48596849817225585 -2.871235818093674
      vertex -1.4152912462931073 -0.5603534450136751 -2.6078608865786155
      vertex -1.4743621612915423 -0.3785518623971119 -2.6218608865786153
    endloop
  endfacet
  facet normal -0.4533813391743925 -0.21264310118589724 0.865579732206386
    outer loop
      vertex -1.7124035323436124 -0.941401808337234 -2.843235818093674
      vertex -1.2314730342393692 -0.8947175314667035 -2.579860886578615
      vertex -1.3339003428866194 -0.7333179190634505 -2.5938608865786152
    endloop
  endfacet
  facet normal -0.4764575393633295 -0.15414259754319004 0.8655797322063864
    outer loop
      vertex -1.8168896517431292 -0.7193575020198422 -2.857235818093674
      vertex -1.3339003428866194 -0.7333179190634505 -2.5938608865786152
      vertex -1.4152912462931073 -0.5603534450136751 -2.6078608865786155
    endloop
  endfacet
  facet normal -0.9048270524660191 -0.42577929156507377 0
    outer loop
      vertex -1.3339003428866194 -0.7333179190634505 -2.5938608865786152
      vertex -1.3339003428866194 -0.7333179190634505 -2.494139113421385
      vertex -1.4152912462931073 -0.5603534450136751 -2.6078608865786155
    endloop
  endfacet
  facet normal -0.9510565162951541 -0.30901699437494573 0
    outer loop
      vertex -1.4152912462931073 -0.5603534450136751 -2.6078608865786155
      vertex -1.4152912462931073 -0.5603534450136751 -2.508139113421385
      vertex -1.4743621612915423 -0.3785518623971119 -2.6218608865786153
    endloop
  endfacet
  facet normal -0.9510565162951541 -0.30901699437494573 0
    outer loop
      vertex -1.4152912462931073 -0.5603534450136751 -2.508139113421385
      vertex -1.4743621612915423 -0.3785518623971119 -2.522139113421385
      vertex -1.4743621612915423 -0.3785518623971119 -2.6218608865786153
    endloop
  endfacet
  facet normal -0.9048270524660191 -0.42577929156507377 0
    outer loop
      vertex -1.4152912462931073 -0.5603534450136751 -2.6078608865786155
      vertex -1.3339003428866194 -0.7333179190634505 -2.494139113421385
      vertex -1.4152912462931073 -0.5603534450136751 -2.508139113421385
    endloop
  endfacet
  facet normal -0.4336653301878584 -0.2584926501207127 -0.8632009796256179
    outer loop
      vertex -1.8168896517431292 -0.7193575020198422 -2.258764181906326
      vertex -1.4152912462931073 -0.5603534450136751 -2.508139113421385
      vertex -1.7124035323436124 -0.941401808337234 -2.2447641819063264
    endloop
  endfacet
  facet normal -0.9048270524660189 -0.4257792915650737 0
    outer loop
      vertex -1.8168896517431292 -0.7193575020198422 -2.258764181906326
      vertex -1.7124035323436124 -0.941401808337234 -2.2447641819063264
      vertex -1.7124035323436124 -0.941401808337234 -2.143235818093674
    endloop
  endfacet
  facet normal -0.4756006950622457 -0.16937546348182306 0.8632009796256179
    outer loop
      vertex -1.8168896517431292 -0.7193575020198422 -2.157235818093674
      vertex -1.7124035323436124 -0.941401808337234 -2.143235818093674
      vertex -1.3339003428866194 -0.7333179190634505 -1.893860886578615
    endloop
  endfacet
  facet normal -0.46264346922200705 -0.20210168024932176 -0.863200979625618
    outer loop
      vertex -1.8168896517431292 -0.7193575020198422 -2.258764181906326
      vertex -1.8927223359773873 -0.48596849817225585 -2.272764181906326
      vertex -1.4743621612915423 -0.3785518623971119 -2.522139113421385
    endloop
  endfacet
  facet normal -0.45284046754279217 -0.21379251191083953 -0.8655797322063862
    outer loop
      vertex -1.8168896517431292 -0.7193575020198422 -2.258764181906326
      vertex -1.4743621612915423 -0.3785518623971119 -2.522139113421385
      vertex -1.4152912462931073 -0.5603534450136751 -2.508139113421385
    endloop
  endfacet
  facet normal -0.4930788160512678 -0.10843131436468852 0.8632009796256178
    outer loop
      vertex -1.8168896517431292 -0.7193575020198422 -2.157235818093674
      vertex -1.4152912462931073 -0.5603534450136751 -1.907860886578615
      vertex -1.8927223359773873 -0.48596849817225585 -2.171235818093674
    endloop
  endfacet
  facet normal -0.49201971953457063 -0.0932111730569014 0.8655797322063861
    outer loop
      vertex -1.8927223359773873 -0.48596849817225585 -2.171235818093674
      vertex -1.4152912462931073 -0.5603534450136751 -1.907860886578615
      vertex -1.4743621612915423 -0.3785518623971119 -1.921860886578615
    endloop
  endfacet
  facet normal -0.422474378369703 -0.26886265418360655 -0.8655797322063863
    outer loop
      vertex -1.7124035323436124 -0.941401808337234 -2.2447641819063264
      vertex -1.4152912462931073 -0.5603534450136751 -2.508139113421385
      vertex -1.3339003428866194 -0.7333179190634505 -2.494139113421385
    endloop
  endfacet
  facet normal -0.4998224548104168 -0.030809752689852588 0.8655797322063861
    outer loop
      vertex -1.938705658315764 -0.24491548080498307 -2.885235818093674
      vertex -1.4743621612915423 -0.3785518623971119 -2.6218608865786153
      vertex -1.5101815042651463 -0.1907802907746243 -2.635860886578615
    endloop
  endfacet
  facet normal -0.49974269139444144 0.03207755588197454 0.8655797322063861
    outer loop
      vertex -1.5101815042651463 -0.1907802907746243 -2.635860886578615
      vertex -1.5221843827777863 0 -2.6498608865786153
      vertex -1.9541144342958772 0 -2.899235818093674
    endloop
  endfacet
  facet normal -0.9822872507286884 -0.18738131458572552 0
    outer loop
      vertex -1.4743621612915423 -0.3785518623971119 -2.6218608865786153
      vertex -1.4743621612915423 -0.3785518623971119 -2.522139113421385
      vertex -1.5101815042651463 -0.1907802907746243 -2.635860886578615
    endloop
  endfacet
  facet normal -0.9822872507286884 -0.18738131458572552 0
    outer loop
      vertex -1.4743621612915423 -0.3785518623971119 -2.522139113421385
      vertex -1.5101815042651463 -0.1907802907746243 -2.5361391134213846
      vertex -1.5101815042651463 -0.1907802907746243 -2.635860886578615
    endloop
  endfacet
  facet normal -0.9980267284282716 -0.0627905195293134 0
    outer loop
      vertex -1.5101815042651463 -0.1907802907746243 -2.635860886578615
      vertex -1.5101815042651463 -0.1907802907746243 -2.5361391134213846
      vertex -1.5221843827777863 0 -2.6498608865786153
    endloop
  endfacet
  facet normal -0.9980267284282716 -0.06279051952931339 0
    outer loop
      vertex -1.5101815042651463 -0.1907802907746243 -2.5361391134213846
      vertex -1.5221843827777863 0 -2.550139113421385
      vertex -1.5221843827777863 0 -2.6498608865786153
    endloop
  endfacet
  facet normal -0.47606499202894603 -0.15535073401178615 -0.865579732206386
    outer loop
      vertex -1.8927223359773873 -0.48596849817225585 -2.272764181906326
      vertex -1.5101815042651463 -0.1907802907746243 -2.5361391134213846
      vertex -1.4743621612915423 -0.3785518623971119 -2.522139113421385
    endloop
  endfacet
  facet normal -0.49982245481041726 -0.030809752689851557 0.8655797322063858
    outer loop
      vertex -1.938705658315764 -0.24491548080498307 -2.185235818093674
      vertex -1.4743621612915423 -0.3785518623971119 -1.921860886578615
      vertex -1.5101815042651463 -0.1907802907746243 -1.935860886578615
    endloop
  endfacet
  facet normal -0.4917816872033613 -0.09445898223533726 -0.8655797322063863
    outer loop
      vertex -1.938705658315764 -0.24491548080498307 -2.2867641819063262
      vertex -1.5221843827777863 0 -2.550139113421385
      vertex -1.5101815042651463 -0.1907802907746243 -2.5361391134213846
    endloop
  endfacet
  facet normal -0.49974269139444144 0.032077555881973537 0.8655797322063861
    outer loop
      vertex -1.5101815042651463 -0.1907802907746243 -1.935860886578615
      vertex -1.5221843827777863 0 -1.9498608865786151
      vertex -1.9541144342958772 0 -2.199235818093674
    endloop
  endfacet
  facet normal -0.8443279255020151 -0.5358267949789968 0
    outer loop
      vertex -1.2314730342393692 -0.8947175314667035 -2.579860886578615
      vertex -1.2314730342393692 -0.8947175314667035 -2.480139113421385
      vertex -1.3339003428866194 -0.7333179190634505 -2.5938608865786152
    endloop
  endfacet
  facet normal -0.8443279255020151 -0.5358267949789967 0
    outer loop
      vertex -1.2314730342393692 -0.8947175314667035 -2.480139113421385
      vertex -1.3339003428866194 -0.7333179190634505 -2.494139113421385
      vertex -1.3339003428866194 -0.7333179190634505 -2.5938608865786152
    endloop
  endfacet
  facet normal -0.4817536741017159 -0.8763066800438634 0
    outer loop
      vertex -0.6481145881305429 -1.3773136083786317 -3.610289995108648
      vertex -0.8156271791909037 -1.2852227821423332 -3.624289995108648
      vertex -0.8156271791909037 -1.2852227821423332 -3.7463026028703688
    endloop
  endfacet
  facet normal -0.4817536741017158 -0.8763066800438633 0
    outer loop
      vertex -0.6481145881305429 -1.3773136083786317 -3.7463026028703688
      vertex -0.6481145881305429 -1.3773136083786317 -3.610289995108648
      vertex -0.8156271791909037 -1.2852227821423332 -3.7463026028703688
    endloop
  endfacet
  facet normal -0.4817536741017159 -0.8763066800438631 0
    outer loop
      vertex -0.6481145881305429 -1.3773136083786317 -3.538594702298069
      vertex -0.8156271791909037 -1.2852227821423332 -3.5525947022980686
      vertex -0.8156271791909037 -1.2852227821423332 -3.624289995108648
    endloop
  endfacet
  facet normal -0.4817536741017159 -0.8763066800438633 0
    outer loop
      vertex -0.6481145881305429 -1.3773136083786317 -3.5094052977019308
      vertex -0.8156271791909037 -1.2852227821423332 -3.523405297701931
      vertex -0.8156271791909037 -1.2852227821423332 -3.5525947022980686
    endloop
  endfacet
  facet normal -0.4817536741017158 -0.8763066800438633 0
    outer loop
      vertex -0.6481145881305429 -1.3773136083786317 -3.610289995108648
      vertex -0.6481145881305429 -1.3773136083786317 -3.538594702298069
      vertex -0.8156271791909037 -1.2852227821423332 -3.624289995108648
    endloop
  endfacet
  facet normal -0.4817536741017158 -0.8763066800438633 0
    outer loop
      vertex -0.6481145881305429 -1.3773136083786317 -3.538594702298069
      vertex -0.6481145881305429 -1.3773136083786317 -3.5094052977019308
      vertex -0.8156271791909037 -1.2852227821423332 -3.5525947022980686
    endloop
  endfacet
  facet normal -0.26056031871295654 -0.6581002427794281 -0.7064080908128534
    outer loop
      vertex -0.6481145881305429 -1.3773136083786317 -3.7463026028703688
      vertex -0.5400954901087858 -1.1477613403155265 -4
      vertex -0.470380842850476 -1.4476833762435302 -3.7463026028703688
    endloop
  endfacet
  facet normal -0.36812455268467875 -0.9297764858882511 0
    outer loop
      vertex -0.6481145881305429 -1.3773136083786317 -3.7463026028703688
      vertex -0.470380842850476 -1.4476833762435302 -3.5962899951086484
      vertex -0.6481145881305429 -1.3773136083786317 -3.610289995108648
    endloop
  endfacet
  facet normal -0.36812455268467875 -0.929776485888251 0
    outer loop
      vertex -0.6481145881305429 -1.3773136083786317 -3.610289995108648
      vertex -0.470380842850476 -1.4476833762435302 -3.524594702298069
      vertex -0.6481145881305429 -1.3773136083786317 -3.538594702298069
    endloop
  endfacet
  facet normal -0.3681245526846788 -0.9297764858882511 0
    outer loop
      vertex -0.6481145881305429 -1.3773136083786317 -3.538594702298069
      vertex -0.470380842850476 -1.4476833762435302 -3.4954052977019314
      vertex -0.6481145881305429 -1.3773136083786317 -3.5094052977019308
    endloop
  endfacet
  facet normal -0.36812455268467875 -0.929776485888251 0
    outer loop
      vertex -0.6481145881305429 -1.3773136083786317 -3.7463026028703688
      vertex -0.470380842850476 -1.4476833762435302 -3.7463026028703688
      vertex -0.470380842850476 -1.4476833762435302 -3.5962899951086484
    endloop
  endfacet
  facet normal -0.36812455268467875 -0.9297764858882511 0
    outer loop
      vertex -0.6481145881305429 -1.3773136083786317 -3.610289995108648
      vertex -0.470380842850476 -1.4476833762435302 -3.5962899951086484
      vertex -0.470380842850476 -1.4476833762435302 -3.524594702298069
    endloop
  endfacet
  facet normal -0.36812455268467875 -0.9297764858882511 0
    outer loop
      vertex -0.6481145881305429 -1.3773136083786317 -3.538594702298069
      vertex -0.470380842850476 -1.4476833762435302 -3.524594702298069
      vertex -0.470380842850476 -1.4476833762435302 -3.4954052977019314
    endloop
  endfacet
  facet normal -0.4817536741017159 -0.8763066800438631 0
    outer loop
      vertex -0.6481145881305429 -1.3773136083786317 -3.437710004891352
      vertex -0.8156271791909037 -1.2852227821423332 -3.4517100048913516
      vertex -0.8156271791909037 -1.2852227821423332 -3.523405297701931
    endloop
  endfacet
  facet normal -0.4817536741017158 -0.8763066800438633 0
    outer loop
      vertex -0.6481145881305429 -1.3773136083786317 -3.5094052977019308
      vertex -0.6481145881305429 -1.3773136083786317 -3.437710004891352
      vertex -0.8156271791909037 -1.2852227821423332 -3.523405297701931
    endloop
  endfacet
  facet normal -0.4817536741017158 -0.8763066800438634 0
    outer loop
      vertex -0.6481145881305429 -1.3773136083786317 -3.437710004891352
      vertex -0.6481145881305429 -1.3773136083786317 -3.1241391134213847
      vertex -0.8156271791909037 -1.2852227821423332 -3.4517100048913516
    endloop
  endfacet
  facet normal -0.18375544876774752 -0.4658386654644339 -0.865579732206386
    outer loop
      vertex -0.8320214594715809 -1.7681356037652418 -2.874764181906326
      vertex -0.8156271791909037 -1.2852227821423332 -3.138139113421385
      vertex -0.6481145881305429 -1.3773136083786317 -3.1241391134213847
    endloop
  endfacet
  facet normal -0.4817536741017158 -0.8763066800438633 0
    outer loop
      vertex -0.6481145881305429 -1.3773136083786317 -3.1241391134213847
      vertex -0.8156271791909037 -1.2852227821423332 -3.138139113421385
      vertex -0.8156271791909037 -1.2852227821423332 -3.4517100048913516
    endloop
  endfacet
  facet normal -0.12392141590718585 -0.4851960530271031 -0.865579732206386
    outer loop
      vertex -0.6038545691508126 -1.8584732663235117 -2.860764181906326
      vertex -0.6481145881305429 -1.3773136083786317 -3.1241391134213847
      vertex -0.470380842850476 -1.4476833762435302 -3.110139113421385
    endloop
  endfacet
  facet normal -0.36812455268467875 -0.929776485888251 0
    outer loop
      vertex -0.6481145881305429 -1.3773136083786317 -3.5094052977019308
      vertex -0.470380842850476 -1.4476833762435302 -3.423710004891352
      vertex -0.6481145881305429 -1.3773136083786317 -3.437710004891352
    endloop
  endfacet
  facet normal -0.36812455268467875 -0.9297764858882511 0
    outer loop
      vertex -0.6481145881305429 -1.3773136083786317 -3.5094052977019308
      vertex -0.470380842850476 -1.4476833762435302 -3.4954052977019314
      vertex -0.470380842850476 -1.4476833762435302 -3.423710004891352
    endloop
  endfacet
  facet normal -0.36812455268467875 -0.9297764858882511 0
    outer loop
      vertex -0.6481145881305429 -1.3773136083786317 -3.437710004891352
      vertex -0.470380842850476 -1.4476833762435302 -3.423710004891352
      vertex -0.470380842850476 -1.4476833762435302 -3.110139113421385
    endloop
  endfacet
  facet normal -0.36812455268467875 -0.9297764858882511 0
    outer loop
      vertex -0.6481145881305429 -1.3773136083786317 -3.437710004891352
      vertex -0.470380842850476 -1.4476833762435302 -3.110139113421385
      vertex -0.6481145881305429 -1.3773136083786317 -3.1241391134213847
    endloop
  endfacet
  facet normal -0.41603721228365786 -0.572626097230455 -0.706408090812853
    outer loop
      vertex -0.8156271791909037 -1.2852227821423332 -3.7463026028703688
      vertex -0.8085640353361359 -0.9773860207306464 -4
      vertex -0.6796893159924198 -1.0710189851186112 -4
    endloop
  endfacet
  facet normal -0.4160372122836574 -0.5726260972304552 -0.7064080908128532
    outer loop
      vertex -0.970276842403363 -1.1728632248767756 -3.7463026028703688
      vertex -0.8085640353361359 -0.9773860207306464 -4
      vertex -0.8156271791909037 -1.2852227821423332 -3.7463026028703688
    endloop
  endfacet
  facet normal -0.3409875542113094 -0.6202540585172572 -0.706408090812853
    outer loop
      vertex -0.6481145881305429 -1.3773136083786317 -3.7463026028703688
      vertex -0.8156271791909037 -1.2852227821423332 -3.7463026028703688
      vertex -0.6796893159924198 -1.0710189851186112 -4
    endloop
  endfacet
  facet normal -0.587785252292472 -0.809016994374948 0
    outer loop
      vertex -0.970276842403363 -1.1728632248767756 -3.7463026028703688
      vertex -0.8156271791909037 -1.2852227821423332 -3.7463026028703688
      vertex -0.8156271791909037 -1.2852227821423332 -3.624289995108648
    endloop
  endfacet
  facet normal -0.5877852522924721 -0.8090169943749481 0
    outer loop
      vertex -0.970276842403363 -1.1728632248767756 -3.6382899951086483
      vertex -0.8156271791909037 -1.2852227821423332 -3.624289995108648
      vertex -0.8156271791909037 -1.2852227821423332 -3.5525947022980686
    endloop
  endfacet
  facet normal -0.5877852522924721 -0.8090169943749481 0
    outer loop
      vertex -0.970276842403363 -1.1728632248767756 -3.566594702298069
      vertex -0.8156271791909037 -1.2852227821423332 -3.5525947022980686
      vertex -0.8156271791909037 -1.2852227821423332 -3.523405297701931
    endloop
  endfacet
  facet normal -0.5877852522924721 -0.8090169943749481 0
    outer loop
      vertex -0.970276842403363 -1.1728632248767756 -3.5374052977019312
      vertex -0.8156271791909037 -1.2852227821423332 -3.523405297701931
      vertex -0.8156271791909037 -1.2852227821423332 -3.4517100048913516
    endloop
  endfacet
  facet normal -0.3409875542113089 -0.6202540585172575 -0.7064080908128533
    outer loop
      vertex -0.6481145881305429 -1.3773136083786317 -3.7463026028703688
      vertex -0.6796893159924198 -1.0710189851186112 -4
      vertex -0.5400954901087858 -1.1477613403155265 -4
    endloop
  endfacet
  facet normal -0.26056031871295565 -0.658100242779428 -0.7064080908128536
    outer loop
      vertex -0.470380842850476 -1.4476833762435302 -3.7463026028703688
      vertex -0.5400954901087858 -1.1477613403155265 -4
      vertex -0.39198403570872997 -1.206402813536275 -4
    endloop
  endfacet
  facet normal -0.5877852522924721 -0.8090169943749481 0
    outer loop
      vertex -0.970276842403363 -1.1728632248767756 -3.465710004891352
      vertex -0.8156271791909037 -1.2852227821423332 -3.4517100048913516
      vertex -0.8156271791909037 -1.2852227821423332 -3.138139113421385
    endloop
  endfacet
  facet normal -0.17602389133730978 -0.685567793082938 -0.7064080908128536
    outer loop
      vertex -0.470380842850476 -1.4476833762435302 -3.7463026028703688
      vertex -0.39198403570872997 -1.206402813536275 -4
      vertex -0.28522891068676176 -1.4952223124609376 -3.7463026028703688
    endloop
  endfacet
  facet normal -0.17602389133731017 -0.6855677930829381 -0.7064080908128535
    outer loop
      vertex -0.28522891068676176 -1.4952223124609376 -3.7463026028703688
      vertex -0.39198403570872997 -1.206402813536275 -4
      vertex -0.2376907589056348 -1.246018593717448 -4
    endloop
  endfacet
  facet normal -0.24868988716485452 -0.9685831611286312 0
    outer loop
      vertex -0.470380842850476 -1.4476833762435302 -3.7463026028703688
      vertex -0.28522891068676176 -1.4952223124609376 -3.582289995108648
      vertex -0.470380842850476 -1.4476833762435302 -3.5962899951086484
    endloop
  endfacet
  facet normal -0.24868988716485452 -0.9685831611286312 0
    outer loop
      vertex -0.470380842850476 -1.4476833762435302 -3.7463026028703688
      vertex -0.28522891068676176 -1.4952223124609376 -3.7463026028703688
      vertex -0.28522891068676176 -1.4952223124609376 -3.582289995108648
    endloop
  endfacet
  facet normal -0.24868988716485452 -0.9685831611286312 0
    outer loop
      vertex -0.470380842850476 -1.4476833762435302 -3.5962899951086484
      vertex -0.28522891068676176 -1.4952223124609376 -3.510594702298069
      vertex -0.470380842850476 -1.4476833762435302 -3.524594702298069
    endloop
  endfacet
  facet normal -0.2486898871648545 -0.9685831611286312 0
    outer loop
      vertex -0.470380842850476 -1.4476833762435302 -3.524594702298069
      vertex -0.28522891068676176 -1.4952223124609376 -3.481405297701931
      vertex -0.470380842850476 -1.4476833762435302 -3.4954052977019314
    endloop
  endfacet
  facet normal -0.24868988716485457 -0.9685831611286312 0
    outer loop
      vertex -0.470380842850476 -1.4476833762435302 -3.5962899951086484
      vertex -0.28522891068676176 -1.4952223124609376 -3.582289995108648
      vertex -0.28522891068676176 -1.4952223124609376 -3.510594702298069
    endloop
  endfacet
  facet normal -0.2486898871648545 -0.9685831611286312 0
    outer loop
      vertex -0.470380842850476 -1.4476833762435302 -3.524594702298069
      vertex -0.28522891068676176 -1.4952223124609376 -3.510594702298069
      vertex -0.28522891068676176 -1.4952223124609376 -3.481405297701931
    endloop
  endfacet
  facet normal -0.12533323356430442 -0.9921147013144778 0
    outer loop
      vertex -0.28522891068676176 -1.4952223124609376 -3.7463026028703688
      vertex -0.09557874821402501 -1.519180699608322 -3.568289995108648
      vertex -0.28522891068676176 -1.4952223124609376 -3.582289995108648
    endloop
  endfacet
  facet normal -0.12533323356430442 -0.9921147013144779 0
    outer loop
      vertex -0.28522891068676176 -1.4952223124609376 -3.582289995108648
      vertex -0.09557874821402501 -1.519180699608322 -3.496594702298069
      vertex -0.28522891068676176 -1.4952223124609376 -3.510594702298069
    endloop
  endfacet
  facet normal -0.08871146204369906 -0.7022235297511817 -0.7064080908128534
    outer loop
      vertex -0.28522891068676176 -1.4952223124609376 -3.7463026028703688
      vertex -0.2376907589056348 -1.246018593717448 -4
      vertex -0.09557874821402501 -1.519180699608322 -3.7463026028703688
    endloop
  endfacet
  facet normal -0.08871146204370028 -0.702223529751182 -0.7064080908128532
    outer loop
      vertex -0.09557874821402501 -1.519180699608322 -3.7463026028703688
      vertex -0.2376907589056348 -1.246018593717448 -4
      vertex -0.07964895684502085 -1.2659839163402684 -4
    endloop
  endfacet
  facet normal 0 -0.7078047818672462 -0.7064080908128532
    outer loop
      vertex -0.09557874821402501 -1.519180699608322 -3.7463026028703688
      vertex -0.07964895684502085 -1.2659839163402684 -4
      vertex 0.07964895684502085 -1.2659839163402684 -4
    endloop
  endfacet
  facet normal -0.1253332335643044 -0.9921147013144779 0
    outer loop
      vertex -0.28522891068676176 -1.4952223124609376 -3.7463026028703688
      vertex -0.09557874821402501 -1.519180699608322 -3.7463026028703688
      vertex -0.09557874821402501 -1.519180699608322 -3.568289995108648
    endloop
  endfacet
  facet normal -0.1253332335643044 -0.9921147013144779 0
    outer loop
      vertex -0.28522891068676176 -1.4952223124609376 -3.582289995108648
      vertex -0.09557874821402501 -1.519180699608322 -3.568289995108648
      vertex -0.09557874821402501 -1.519180699608322 -3.496594702298069
    endloop
  endfacet
  facet normal 0 -1 0
    outer loop
      vertex -0.09557874821402501 -1.519180699608322 -3.7463026028703688
      vertex 0.09557874821402501 -1.519180699608322 -3.5542899951086477
      vertex -0.09557874821402501 -1.519180699608322 -3.568289995108648
    endloop
  endfacet
  facet normal 0 -1 0
    outer loop
      vertex -0.09557874821402501 -1.519180699608322 -3.568289995108648
      vertex 0.09557874821402501 -1.519180699608322 -3.482594702298069
      vertex -0.09557874821402501 -1.519180699608322 -3.496594702298069
    endloop
  endfacet
  facet normal -0.062133068290699714 -0.4969016089914627 -0.865579732206386
    outer loop
      vertex -0.36616453154930145 -1.9195016952737438 -2.8467641819063263
      vertex -0.470380842850476 -1.4476833762435302 -3.110139113421385
      vertex -0.28522891068676176 -1.4952223124609376 -3.096139113421385
    endloop
  endfacet
  facet normal -0.24868988716485452 -0.9685831611286312 0
    outer loop
      vertex -0.470380842850476 -1.4476833762435302 -3.4954052977019314
      vertex -0.28522891068676176 -1.4952223124609376 -3.409710004891352
      vertex -0.470380842850476 -1.4476833762435302 -3.423710004891352
    endloop
  endfacet
  facet normal -0.24868988716485457 -0.9685831611286312 0
    outer loop
      vertex -0.470380842850476 -1.4476833762435302 -3.4954052977019314
      vertex -0.28522891068676176 -1.4952223124609376 -3.481405297701931
      vertex -0.28522891068676176 -1.4952223124609376 -3.409710004891352
    endloop
  endfacet
  facet normal -0.2486898871648545 -0.9685831611286312 0
    outer loop
      vertex -0.470380842850476 -1.4476833762435302 -3.423710004891352
      vertex -0.28522891068676176 -1.4952223124609376 -3.409710004891352
      vertex -0.28522891068676176 -1.4952223124609376 -3.096139113421385
    endloop
  endfacet
  facet normal -0.12533323356430442 -0.9921147013144779 0
    outer loop
      vertex -0.28522891068676176 -1.4952223124609376 -3.510594702298069
      vertex -0.09557874821402501 -1.519180699608322 -3.4674052977019314
      vertex -0.28522891068676176 -1.4952223124609376 -3.481405297701931
    endloop
  endfacet
  facet normal -0.12533323356430442 -0.9921147013144779 0
    outer loop
      vertex -0.28522891068676176 -1.4952223124609376 -3.481405297701931
      vertex -0.09557874821402501 -1.519180699608322 -3.3957100048913524
      vertex -0.28522891068676176 -1.4952223124609376 -3.409710004891352
    endloop
  endfacet
  facet normal -0.24868988716485452 -0.9685831611286312 0
    outer loop
      vertex -0.470380842850476 -1.4476833762435302 -3.423710004891352
      vertex -0.28522891068676176 -1.4952223124609376 -3.096139113421385
      vertex -0.470380842850476 -1.4476833762435302 -3.110139113421385
    endloop
  endfacet
  facet normal -0.1253332335643044 -0.9921147013144778 0
    outer loop
      vertex -0.28522891068676176 -1.4952223124609376 -3.409710004891352
      vertex -0.09557874821402501 -1.519180699608322 -3.082139113421385
      vertex -0.28522891068676176 -1.4952223124609376 -3.096139113421385
    endloop
  endfacet
  facet normal 0.0006351549292277875 -0.5007707297473928 -0.8655797322063863
    outer loop
      vertex -0.12269986054916919 -1.950258435834777 -2.8327641819063265
      vertex -0.28522891068676176 -1.4952223124609376 -3.096139113421385
      vertex -0.09557874821402501 -1.519180699608322 -3.082139113421385
    endloop
  endfacet
  facet normal -0.1253332335643044 -0.9921147013144779 0
    outer loop
      vertex -0.28522891068676176 -1.4952223124609376 -3.510594702298069
      vertex -0.09557874821402501 -1.519180699608322 -3.496594702298069
      vertex -0.09557874821402501 -1.519180699608322 -3.4674052977019314
    endloop
  endfacet
  facet normal -0.12533323356430445 -0.9921147013144779 0
    outer loop
      vertex -0.28522891068676176 -1.4952223124609376 -3.481405297701931
      vertex -0.09557874821402501 -1.519180699608322 -3.4674052977019314
      vertex -0.09557874821402501 -1.519180699608322 -3.3957100048913524
    endloop
  endfacet
  facet normal -0.12533323356430442 -0.9921147013144778 0
    outer loop
      vertex -0.28522891068676176 -1.4952223124609376 -3.409710004891352
      vertex -0.09557874821402501 -1.519180699608322 -3.3957100048913524
      vertex -0.09557874821402501 -1.519180699608322 -3.082139113421385
    endloop
  endfacet
  facet normal 0 -1 0
    outer loop
      vertex -0.09557874821402501 -1.519180699608322 -3.496594702298069
      vertex 0.09557874821402501 -1.519180699608322 -3.4534052977019307
      vertex -0.09557874821402501 -1.519180699608322 -3.4674052977019314
    endloop
  endfacet
  facet normal 0 -1 0
    outer loop
      vertex -0.09557874821402501 -1.519180699608322 -3.4674052977019314
      vertex 0.09557874821402501 -1.519180699608322 -3.3817100048913518
      vertex -0.09557874821402501 -1.519180699608322 -3.3957100048913524
    endloop
  endfacet
  facet normal 0 -1 0
    outer loop
      vertex -0.09557874821402501 -1.519180699608322 -3.3957100048913524
      vertex 0.09557874821402501 -1.519180699608322 -3.0681391134213847
      vertex -0.09557874821402501 -1.519180699608322 -3.082139113421385
    endloop
  endfacet
  facet normal -0.13917802496332587 -0.4852973790787266 -0.863200979625618
    outer loop
      vertex -0.8320214594715809 -1.7681356037652418 -2.874764181906326
      vertex -0.6481145881305429 -1.3773136083786317 -3.1241391134213847
      vertex -0.6038545691508126 -1.8584732663235117 -2.860764181906326
    endloop
  endfacet
  facet normal -0.2852126453070764 -0.41657870292456556 0.8632009796256179
    outer loop
      vertex -0.8320214594715809 -1.7681356037652418 -2.773235818093674
      vertex -0.6481145881305429 -1.3773136083786317 -2.523860886578615
      vertex -1.0470668743509552 -1.6499133865025815 -2.787235818093674
    endloop
  endfacet
  facet normal -0.2948595008570638 -0.40475869595086433 0.8655797322063861
    outer loop
      vertex -1.0470668743509552 -1.6499133865025815 -2.787235818093674
      vertex -0.6481145881305429 -1.3773136083786317 -2.523860886578615
      vertex -0.8156271791909037 -1.2852227821423332 -2.537860886578615
    endloop
  endfacet
  facet normal -0.07725667490581008 -0.498914296203137 -0.8632009796256179
    outer loop
      vertex -0.6038545691508126 -1.8584732663235117 -2.860764181906326
      vertex -0.470380842850476 -1.4476833762435302 -3.110139113421385
      vertex -0.36616453154930145 -1.9195016952737438 -2.8467641819063263
    endloop
  endfacet
  facet normal -0.23075250253838164 -0.4490404785157433 0.863200979625618
    outer loop
      vertex -0.8320214594715809 -1.7681356037652418 -2.773235818093674
      vertex -0.6038545691508126 -1.8584732663235117 -2.759235818093674
      vertex -0.470380842850476 -1.4476833762435302 -2.509860886578615
    endloop
  endfacet
  facet normal -0.24180472944574777 -0.43852274742730274 0.8655797322063861
    outer loop
      vertex -0.8320214594715809 -1.7681356037652418 -2.773235818093674
      vertex -0.470380842850476 -1.4476833762435302 -2.509860886578615
      vertex -0.6481145881305429 -1.3773136083786317 -2.523860886578615
    endloop
  endfacet
  facet normal -0.18493655300392892 -0.4653710332160202 0.8655797322063861
    outer loop
      vertex -0.6038545691508126 -1.8584732663235117 -2.759235818093674
      vertex -0.28522891068676176 -1.4952223124609376 -2.4958608865786154
      vertex -0.470380842850476 -1.4476833762435302 -2.509860886578615
    endloop
  endfacet
  facet normal -0.13917802496332587 -0.4852973790787266 -0.863200979625618
    outer loop
      vertex -0.8320214594715809 -1.7681356037652418 -2.174764181906326
      vertex -0.6481145881305429 -1.3773136083786317 -2.424139113421385
      vertex -0.6038545691508126 -1.8584732663235117 -2.1607641819063264
    endloop
  endfacet
  facet normal -0.18375544876774927 -0.4658386654644331 -0.865579732206386
    outer loop
      vertex -0.8320214594715809 -1.7681356037652418 -2.174764181906326
      vertex -0.8156271791909037 -1.2852227821423332 -2.438139113421385
      vertex -0.6481145881305429 -1.3773136083786317 -2.424139113421385
    endloop
  endfacet
  facet normal -0.4817536741017158 -0.8763066800438633 0
    outer loop
      vertex -0.6481145881305429 -1.3773136083786317 -2.424139113421385
      vertex -0.8156271791909037 -1.2852227821423332 -2.438139113421385
      vertex -0.8156271791909037 -1.2852227821423332 -2.537860886578615
    endloop
  endfacet
  facet normal -0.4817536741017159 -0.8763066800438633 0
    outer loop
      vertex -0.6481145881305429 -1.3773136083786317 -2.523860886578615
      vertex -0.6481145881305429 -1.3773136083786317 -2.424139113421385
      vertex -0.8156271791909037 -1.2852227821423332 -2.537860886578615
    endloop
  endfacet
  facet normal -0.12392141590718585 -0.4851960530271031 -0.865579732206386
    outer loop
      vertex -0.6038545691508126 -1.8584732663235117 -2.1607641819063264
      vertex -0.6481145881305429 -1.3773136083786317 -2.424139113421385
      vertex -0.470380842850476 -1.4476833762435302 -2.410139113421385
    endloop
  endfacet
  facet normal -0.07725667490580858 -0.49891429620313743 -0.8632009796256178
    outer loop
      vertex -0.6038545691508126 -1.8584732663235117 -2.1607641819063264
      vertex -0.470380842850476 -1.4476833762435302 -2.410139113421385
      vertex -0.36616453154930145 -1.9195016952737438 -2.146764181906326
    endloop
  endfacet
  facet normal -0.3681245526846788 -0.9297764858882511 0
    outer loop
      vertex -0.6481145881305429 -1.3773136083786317 -2.523860886578615
      vertex -0.470380842850476 -1.4476833762435302 -2.410139113421385
      vertex -0.6481145881305429 -1.3773136083786317 -2.424139113421385
    endloop
  endfacet
  facet normal -0.3681245526846788 -0.9297764858882511 0
    outer loop
      vertex -0.6481145881305429 -1.3773136083786317 -2.523860886578615
      vertex -0.470380842850476 -1.4476833762435302 -2.509860886578615
      vertex -0.470380842850476 -1.4476833762435302 -2.410139113421385
    endloop
  endfacet
  facet normal -0.5877852522924721 -0.8090169943749481 0
    outer loop
      vertex -0.970276842403363 -1.1728632248767756 -2.5518608865786154
      vertex -0.8156271791909037 -1.2852227821423332 -2.537860886578615
      vertex -0.8156271791909037 -1.2852227821423332 -2.438139113421385
    endloop
  endfacet
  facet normal -0.12515181664549926 -0.4848801398117394 0.8655797322063864
    outer loop
      vertex -0.36616453154930145 -1.9195016952737438 -2.745235818093674
      vertex -0.09557874821402501 -1.519180699608322 -2.481860886578615
      vertex -0.28522891068676176 -1.4952223124609376 -2.4958608865786154
    endloop
  endfacet
  facet normal -0.06339336137649396 -0.496742396949274 0.8655797322063861
    outer loop
      vertex -0.12269986054916919 -1.950258435834777 -2.731235818093674
      vertex 0.09557874821402501 -1.519180699608322 -2.4678608865786154
      vertex -0.09557874821402501 -1.519180699608322 -2.481860886578615
    endloop
  endfacet
  facet normal -0.06213306829069782 -0.496901608991463 -0.865579732206386
    outer loop
      vertex -0.36616453154930145 -1.9195016952737438 -2.146764181906326
      vertex -0.470380842850476 -1.4476833762435302 -2.410139113421385
      vertex -0.28522891068676176 -1.4952223124609376 -2.396139113421385
    endloop
  endfacet
  facet normal -0.24868988716485452 -0.9685831611286312 0
    outer loop
      vertex -0.470380842850476 -1.4476833762435302 -2.509860886578615
      vertex -0.28522891068676176 -1.4952223124609376 -2.396139113421385
      vertex -0.470380842850476 -1.4476833762435302 -2.410139113421385
    endloop
  endfacet
  facet normal -0.24868988716485452 -0.9685831611286311 0
    outer loop
      vertex -0.470380842850476 -1.4476833762435302 -2.509860886578615
      vertex -0.28522891068676176 -1.4952223124609376 -2.4958608865786154
      vertex -0.28522891068676176 -1.4952223124609376 -2.396139113421385
    endloop
  endfacet
  facet normal -0.1253332335643044 -0.9921147013144778 0
    outer loop
      vertex -0.28522891068676176 -1.4952223124609376 -2.4958608865786154
      vertex -0.09557874821402501 -1.519180699608322 -2.3821391134213847
      vertex -0.28522891068676176 -1.4952223124609376 -2.396139113421385
    endloop
  endfacet
  facet normal 0.0006351549292277875 -0.5007707297473928 -0.8655797322063863
    outer loop
      vertex -0.12269986054916919 -1.950258435834777 -2.1327641819063263
      vertex -0.28522891068676176 -1.4952223124609376 -2.396139113421385
      vertex -0.09557874821402501 -1.519180699608322 -2.3821391134213847
    endloop
  endfacet
  facet normal -0.1253332335643044 -0.9921147013144778 0
    outer loop
      vertex -0.28522891068676176 -1.4952223124609376 -2.4958608865786154
      vertex -0.09557874821402501 -1.519180699608322 -2.481860886578615
      vertex -0.09557874821402501 -1.519180699608322 -2.3821391134213847
    endloop
  endfacet
  facet normal 0 -1 0
    outer loop
      vertex -0.09557874821402501 -1.519180699608322 -2.481860886578615
      vertex 0.09557874821402501 -1.519180699608322 -2.368139113421385
      vertex -0.09557874821402501 -1.519180699608322 -2.3821391134213847
    endloop
  endfacet
  facet normal 0 0 -1
    outer loop
      vertex -1.1115836190721828 -0.6110982658862087 -4
      vertex 0 0 -4
      vertex -1.0262275285328077 -0.7455979428889197 -4
    endloop
  endfacet
  facet normal 0 0 -1
    outer loop
      vertex -0.8085640353361359 -0.9773860207306464 -4
      vertex 0 0 -4
      vertex -0.6796893159924198 -1.0710189851186112 -4
    endloop
  endfacet
  facet normal 0 0 -1
    outer loop
      vertex -0.9246872168298597 -0.8683390949336506 -4
      vertex 0 0 -4
      vertex -0.8085640353361359 -0.9773860207306464 -4
    endloop
  endfacet
  facet normal 0 0 -1
    outer loop
      vertex -1.0262275285328077 -0.7455979428889197 -4
      vertex 0 0 -4
      vertex -0.9246872168298597 -0.8683390949336506 -4
    endloop
  endfacet
  facet normal 0 0 -1
    outer loop
      vertex -1.1794093719109227 -0.4669612041780626 -4
      vertex -1.2286351344096187 -0.3154598853309266 -4
      vertex 0 0 -4
    endloop
  endfacet
  facet normal 0 0 -1
    outer loop
      vertex -1.1115836190721828 -0.6110982658862087 -4
      vertex -1.1794093719109227 -0.4669612041780626 -4
      vertex 0 0 -4
    endloop
  endfacet
  facet normal 0 0 -1
    outer loop
      vertex -1.2286351344096187 -0.3154598853309266 -4
      vertex -1.2584845868876218 -0.15898357564552024 -4
      vertex 0 0 -4
    endloop
  endfacet
  facet normal 0 0 -1
    outer loop
      vertex -1.2584845868876218 -0.15898357564552024 -4
      vertex -1.2684869856481553 0 -4
      vertex 0 0 -4
    endloop
  endfacet
  facet normal 0 0 -1
    outer loop
      vertex -0.6796893159924198 -1.0710189851186112 -4
      vertex 0 0 -4
      vertex -0.5400954901087858 -1.1477613403155265 -4
    endloop
  endfacet
  facet normal 0 0 -1
    outer loop
      vertex -0.5400954901087858 -1.1477613403155265 -4
      vertex 0 0 -4
      vertex -0.39198403570872997 -1.206402813536275 -4
    endloop
  endfacet
  facet normal 0 0 -1
    outer loop
      vertex -0.39198403570872997 -1.206402813536275 -4
      vertex 0 0 -4
      vertex -0.2376907589056348 -1.246018593717448 -4
    endloop
  endfacet
  facet normal 0 0 -1
    outer loop
      vertex -0.2376907589056348 -1.246018593717448 -4
      vertex 0 0 -4
      vertex -0.07964895684502085 -1.2659839163402684 -4
    endloop
  endfacet
  facet normal -0.6845471059286888 -0.7289686274214114 0
    outer loop
      vertex -1.424488116993034 -1.3376833806507191 -1.516764181906326
      vertex -1.2455994191343815 -1.5056710495242935 -1.4012358180936737
      vertex -1.424488116993034 -1.3376833806507191 -1.415235818093674
    endloop
  endfacet
  facet normal -0.8443279255020152 -0.5358267949789964 0
    outer loop
      vertex -1.5809117862987512 -1.1485996457709655 -1.530764181906326
      vertex -1.5809117862987512 -1.1485996457709655 -1.4292358180936737
      vertex -1.7124035323436124 -0.941401808337234 -1.544764181906326
    endloop
  endfacet
  facet normal -0.39784802983753614 -0.3108070364836749 -0.8632009796256179
    outer loop
      vertex -1.5809117862987512 -1.1485996457709655 -1.530764181906326
      vertex -1.7124035323436124 -0.941401808337234 -1.544764181906326
      vertex -1.3339003428866194 -0.7333179190634505 -1.7941391134213849
    endloop
  endfacet
  facet normal -0.3557564283937828 -0.35821981021416505 -0.8632009796256183
    outer loop
      vertex -1.424488116993034 -1.3376833806507191 -1.516764181906326
      vertex -1.5809117862987512 -1.1485996457709655 -1.530764181906326
      vertex -1.2314730342393692 -0.8947175314667035 -1.7801391134213846
    endloop
  endfacet
  facet normal -0.38544561587576537 -0.3196926717891307 -0.8655797322063861
    outer loop
      vertex -1.5809117862987512 -1.1485996457709655 -1.530764181906326
      vertex -1.3339003428866194 -0.7333179190634505 -1.7941391134213849
      vertex -1.2314730342393692 -0.8947175314667035 -1.7801391134213846
    endloop
  endfacet
  facet normal -0.8443279255020153 -0.5358267949789965 0
    outer loop
      vertex -1.7124035323436124 -0.941401808337234 -1.544764181906326
      vertex -1.5809117862987512 -1.1485996457709655 -1.4292358180936737
      vertex -1.7124035323436124 -0.941401808337234 -1.443235818093674
    endloop
  endfacet
  facet normal -0.7705132427757895 -0.6374239897486893 0
    outer loop
      vertex -1.424488116993034 -1.3376833806507191 -1.516764181906326
      vertex -1.424488116993034 -1.3376833806507191 -1.415235818093674
      vertex -1.5809117862987512 -1.1485996457709655 -1.530764181906326
    endloop
  endfacet
  facet normal -0.7705132427757896 -0.6374239897486893 0
    outer loop
      vertex -1.424488116993034 -1.3376833806507191 -1.415235818093674
      vertex -1.5809117862987512 -1.1485996457709655 -1.4292358180936737
      vertex -1.5809117862987512 -1.1485996457709655 -1.530764181906326
    endloop
  endfacet
  facet normal -0.41853685975657406 -0.28233130502740783 0.863200979625618
    outer loop
      vertex -1.424488116993034 -1.3376833806507191 -1.415235818093674
      vertex -1.1096246601958315 -1.0420069139203807 -1.165860886578615
      vertex -1.5809117862987512 -1.1485996457709655 -1.4292358180936737
    endloop
  endfacet
  facet normal -0.4506220670020082 -0.2276484603598508 0.8632009796256183
    outer loop
      vertex -1.5809117862987512 -1.1485996457709655 -1.4292358180936737
      vertex -1.2314730342393692 -0.8947175314667035 -1.1798608865786153
      vertex -1.7124035323436124 -0.941401808337234 -1.443235818093674
    endloop
  endfacet
  facet normal -0.38544561587576587 -0.31969267178912986 -0.8655797322063862
    outer loop
      vertex -1.2314730342393692 -0.8947175314667035 -1.0801391134213847
      vertex -1.5809117862987512 -1.1485996457709655 -0.8307641819063261
      vertex -1.3339003428866194 -0.7333179190634505 -1.0941391134213847
    endloop
  endfacet
  facet normal -0.19890445442624702 -0.4640270323836429 -0.863200979625618
    outer loop
      vertex -0.8320214594715809 -1.7681356037652418 -1.474764181906326
      vertex -1.0470668743509552 -1.6499133865025815 -1.488764181906326
      vertex -0.8156271791909037 -1.2852227821423332 -1.7381391134213848
    endloop
  endfacet
  facet normal -0.34326416179933394 -0.3646113580481579 0.8655797322063858
    outer loop
      vertex -1.2455994191343815 -1.5056710495242935 -2.101235818093674
      vertex -0.8156271791909037 -1.2852227821423332 -1.837860886578615
      vertex -0.970276842403363 -1.1728632248767756 -1.851860886578615
    endloop
  endfacet
  facet normal -0.25549404182310476 -0.4354387021915561 -0.8632009796256181
    outer loop
      vertex -1.2455994191343815 -1.5056710495242935 -1.502764181906326
      vertex -0.970276842403363 -1.1728632248767756 -1.7521391134213846
      vertex -1.0470668743509552 -1.6499133865025815 -1.488764181906326
    endloop
  endfacet
  facet normal -0.24069154843105986 -0.4391347238688599 -0.8655797322063862
    outer loop
      vertex -1.0470668743509552 -1.6499133865025815 -1.488764181906326
      vertex -0.970276842403363 -1.1728632248767756 -1.7521391134213846
      vertex -0.8156271791909037 -1.2852227821423332 -1.7381391134213848
    endloop
  endfacet
  facet normal -0.5877852522924727 -0.8090169943749477 0
    outer loop
      vertex -1.2455994191343815 -1.5056710495242935 -1.502764181906326
      vertex -1.0470668743509552 -1.6499133865025815 -1.387235818093674
      vertex -1.2455994191343815 -1.5056710495242935 -1.4012358180936737
    endloop
  endfacet
  facet normal -0.5877852522924727 -0.8090169943749477 0
    outer loop
      vertex -1.2455994191343815 -1.5056710495242935 -1.502764181906326
      vertex -1.0470668743509552 -1.6499133865025815 -1.488764181906326
      vertex -1.0470668743509552 -1.6499133865025815 -1.387235818093674
    endloop
  endfacet
  facet normal -0.6845471059286888 -0.7289686274214113 0
    outer loop
      vertex -1.424488116993034 -1.3376833806507191 -1.516764181906326
      vertex -1.2455994191343815 -1.5056710495242935 -1.502764181906326
      vertex -1.2455994191343815 -1.5056710495242935 -1.4012358180936737
    endloop
  endfacet
  facet normal -0.37985107621097847 -0.3325616163581334 0.8632009796256183
    outer loop
      vertex -1.424488116993034 -1.3376833806507191 -1.415235818093674
      vertex -1.2455994191343815 -1.5056710495242935 -1.4012358180936737
      vertex -0.970276842403363 -1.1728632248767756 -1.1518608865786153
    endloop
  endfacet
  facet normal -0.4817536741017152 -0.8763066800438637 0
    outer loop
      vertex -0.8320214594715809 -1.7681356037652418 -1.3732358180936737
      vertex -1.0470668743509552 -1.6499133865025815 -1.387235818093674
      vertex -1.0470668743509552 -1.6499133865025815 -1.488764181906326
    endloop
  endfacet
  facet normal -0.48175367410171516 -0.8763066800438636 0
    outer loop
      vertex -0.8320214594715809 -1.7681356037652418 -1.474764181906326
      vertex -0.8320214594715809 -1.7681356037652418 -1.3732358180936737
      vertex -1.0470668743509552 -1.6499133865025815 -1.488764181906326
    endloop
  endfacet
  facet normal -0.3351748142815004 -0.3775472323362138 0.8632009796256181
    outer loop
      vertex -1.2455994191343815 -1.5056710495242935 -1.4012358180936737
      vertex -1.0470668743509552 -1.6499133865025815 -1.387235818093674
      vertex -0.8156271791909037 -1.2852227821423332 -1.137860886578615
    endloop
  endfacet
  facet normal -0.3432641617993342 -0.36461135804815653 0.8655797322063863
    outer loop
      vertex -1.2455994191343815 -1.5056710495242935 -1.4012358180936737
      vertex -0.8156271791909037 -1.2852227821423332 -1.137860886578615
      vertex -0.970276842403363 -1.1728632248767756 -1.1518608865786153
    endloop
  endfacet
  facet normal -0.38625534185395866 -0.3187138812207629 0.8655797322063861
    outer loop
      vertex -1.424488116993034 -1.3376833806507191 -2.115235818093674
      vertex -0.970276842403363 -1.1728632248767756 -1.851860886578615
      vertex -1.1096246601958315 -1.0420069139203807 -1.865860886578615
    endloop
  endfacet
  facet normal -0.3080543355556708 -0.3999832435474361 -0.8632009796256179
    outer loop
      vertex -1.424488116993034 -1.3376833806507191 -1.516764181906326
      vertex -1.1096246601958315 -1.0420069139203807 -1.7661391134213849
      vertex -1.2455994191343815 -1.5056710495242935 -1.502764181906326
    endloop
  endfacet
  facet normal -0.2938317985934514 -0.4055053653515057 -0.8655797322063862
    outer loop
      vertex -1.2455994191343815 -1.5056710495242935 -1.502764181906326
      vertex -1.1096246601958315 -1.0420069139203807 -1.7661391134213849
      vertex -0.970276842403363 -1.1728632248767756 -1.7521391134213846
    endloop
  endfacet
  facet normal -0.4231550444297899 -0.2677900960960727 0.8655797322063858
    outer loop
      vertex -1.5809117862987512 -1.1485996457709655 -2.129235818093674
      vertex -1.1096246601958315 -1.0420069139203807 -1.865860886578615
      vertex -1.2314730342393692 -0.8947175314667035 -1.879860886578615
    endloop
  endfacet
  facet normal -0.7705132427757895 -0.6374239897486895 0
    outer loop
      vertex -1.2314730342393692 -0.8947175314667035 -1.879860886578615
      vertex -1.1096246601958315 -1.0420069139203807 -1.865860886578615
      vertex -1.1096246601958315 -1.0420069139203807 -1.7661391134213849
    endloop
  endfacet
  facet normal -0.7705132427757895 -0.6374239897486896 0
    outer loop
      vertex -1.2314730342393692 -0.8947175314667035 -1.879860886578615
      vertex -1.1096246601958315 -1.0420069139203807 -1.7661391134213849
      vertex -1.2314730342393692 -0.8947175314667035 -1.7801391134213846
    endloop
  endfacet
  facet normal -0.34233814576541804 -0.36548094498539363 -0.865579732206386
    outer loop
      vertex -1.424488116993034 -1.3376833806507191 -1.516764181906326
      vertex -1.2314730342393692 -0.8947175314667035 -1.7801391134213846
      vertex -1.1096246601958315 -1.0420069139203807 -1.7661391134213849
    endloop
  endfacet
  facet normal -0.684547105928689 -0.7289686274214113 0
    outer loop
      vertex -1.1096246601958315 -1.0420069139203807 -1.865860886578615
      vertex -0.970276842403363 -1.1728632248767756 -1.851860886578615
      vertex -0.970276842403363 -1.1728632248767756 -1.7521391134213846
    endloop
  endfacet
  facet normal -0.5877852522924721 -0.8090169943749481 0
    outer loop
      vertex -0.970276842403363 -1.1728632248767756 -1.851860886578615
      vertex -0.8156271791909037 -1.2852227821423332 -1.7381391134213848
      vertex -0.970276842403363 -1.1728632248767756 -1.7521391134213846
    endloop
  endfacet
  facet normal -0.684547105928689 -0.7289686274214112 0
    outer loop
      vertex -1.1096246601958315 -1.0420069139203807 -1.865860886578615
      vertex -0.970276842403363 -1.1728632248767756 -1.7521391134213846
      vertex -1.1096246601958315 -1.0420069139203807 -1.7661391134213849
    endloop
  endfacet
  facet normal -0.38625534185395793 -0.31871388122076366 0.8655797322063861
    outer loop
      vertex -1.424488116993034 -1.3376833806507191 -1.415235818093674
      vertex -0.970276842403363 -1.1728632248767756 -1.1518608865786153
      vertex -1.1096246601958315 -1.0420069139203807 -1.165860886578615
    endloop
  endfacet
  facet normal -0.4231550444297897 -0.2677900960960714 0.8655797322063864
    outer loop
      vertex -1.5809117862987512 -1.1485996457709655 -1.4292358180936737
      vertex -1.1096246601958315 -1.0420069139203807 -1.165860886578615
      vertex -1.2314730342393692 -0.8947175314667035 -1.1798608865786153
    endloop
  endfacet
  facet normal -0.7705132427757894 -0.6374239897486895 0
    outer loop
      vertex -1.2314730342393692 -0.8947175314667035 -1.1798608865786153
      vertex -1.1096246601958315 -1.0420069139203807 -1.165860886578615
      vertex -1.1096246601958315 -1.0420069139203807 -1.0661391134213847
    endloop
  endfacet
  facet normal -0.7705132427757894 -0.6374239897486894 0
    outer loop
      vertex -1.2314730342393692 -0.8947175314667035 -1.1798608865786153
      vertex -1.1096246601958315 -1.0420069139203807 -1.0661391134213847
      vertex -1.2314730342393692 -0.8947175314667035 -1.0801391134213847
    endloop
  endfacet
  facet normal -0.684547105928689 -0.7289686274214113 0
    outer loop
      vertex -1.1096246601958315 -1.0420069139203807 -1.165860886578615
      vertex -0.970276842403363 -1.1728632248767756 -1.1518608865786153
      vertex -0.970276842403363 -1.1728632248767756 -1.0521391134213847
    endloop
  endfacet
  facet normal -0.5877852522924721 -0.809016994374948 0
    outer loop
      vertex -0.970276842403363 -1.1728632248767756 -1.1518608865786153
      vertex -0.8156271791909037 -1.2852227821423332 -1.0381391134213847
      vertex -0.970276842403363 -1.1728632248767756 -1.0521391134213847
    endloop
  endfacet
  facet normal -0.684547105928689 -0.7289686274214113 0
    outer loop
      vertex -1.1096246601958315 -1.0420069139203807 -1.165860886578615
      vertex -0.970276842403363 -1.1728632248767756 -1.0521391134213847
      vertex -1.1096246601958315 -1.0420069139203807 -1.0661391134213847
    endloop
  endfacet
  facet normal -0.6845471059286888 -0.7289686274214114 0
    outer loop
      vertex -1.424488116993034 -1.3376833806507191 -0.816764181906326
      vertex -1.2455994191343815 -1.5056710495242935 -0.701235818093674
      vertex -1.424488116993034 -1.3376833806507191 -0.715235818093674
    endloop
  endfacet
  facet normal -0.8443279255020153 -0.5358267949789965 0
    outer loop
      vertex -1.5809117862987512 -1.1485996457709655 -0.729235818093674
      vertex -1.7124035323436124 -0.941401808337234 -0.743235818093674
      vertex -1.7124035323436124 -0.941401808337234 -0.8447641819063261
    endloop
  endfacet
  facet normal -0.8443279255020153 -0.5358267949789965 0
    outer loop
      vertex -1.5809117862987512 -1.1485996457709655 -0.8307641819063261
      vertex -1.5809117862987512 -1.1485996457709655 -0.729235818093674
      vertex -1.7124035323436124 -0.941401808337234 -0.8447641819063261
    endloop
  endfacet
  facet normal -0.3978480298375359 -0.31080703648367475 -0.8632009796256181
    outer loop
      vertex -1.5809117862987512 -1.1485996457709655 -0.8307641819063261
      vertex -1.7124035323436124 -0.941401808337234 -0.8447641819063261
      vertex -1.3339003428866194 -0.7333179190634505 -1.0941391134213847
    endloop
  endfacet
  facet normal -0.7705132427757895 -0.6374239897486893 0
    outer loop
      vertex -1.424488116993034 -1.3376833806507191 -0.816764181906326
      vertex -1.424488116993034 -1.3376833806507191 -0.715235818093674
      vertex -1.5809117862987512 -1.1485996457709655 -0.8307641819063261
    endloop
  endfacet
  facet normal -0.7705132427757895 -0.6374239897486893 0
    outer loop
      vertex -1.424488116993034 -1.3376833806507191 -0.715235818093674
      vertex -1.5809117862987512 -1.1485996457709655 -0.729235818093674
      vertex -1.5809117862987512 -1.1485996457709655 -0.8307641819063261
    endloop
  endfacet
  facet normal -0.35575642839378285 -0.35821981021416505 -0.8632009796256181
    outer loop
      vertex -1.2314730342393692 -0.8947175314667035 -1.0801391134213847
      vertex -1.424488116993034 -1.3376833806507191 -0.816764181906326
      vertex -1.5809117862987512 -1.1485996457709655 -0.8307641819063261
    endloop
  endfacet
  facet normal -0.41853685975657434 -0.28233130502740705 0.8632009796256183
    outer loop
      vertex -1.424488116993034 -1.3376833806507191 -0.715235818093674
      vertex -1.1096246601958315 -1.0420069139203807 -0.46586088657861535
      vertex -1.5809117862987512 -1.1485996457709655 -0.729235818093674
    endloop
  endfacet
  facet normal -0.45062206700200863 -0.22764846035985206 0.8632009796256178
    outer loop
      vertex -1.5809117862987512 -1.1485996457709655 -0.729235818093674
      vertex -1.2314730342393692 -0.8947175314667035 -0.4798608865786149
      vertex -1.7124035323436124 -0.941401808337234 -0.743235818093674
    endloop
  endfacet
  facet normal -0.5877852522924727 -0.8090169943749477 0
    outer loop
      vertex -1.2455994191343815 -1.5056710495242935 -0.802764181906326
      vertex -1.0470668743509552 -1.6499133865025815 -0.788764181906326
      vertex -1.0470668743509552 -1.6499133865025815 -0.687235818093674
    endloop
  endfacet
  facet normal -0.5877852522924727 -0.8090169943749477 0
    outer loop
      vertex -1.2455994191343815 -1.5056710495242935 -0.802764181906326
      vertex -1.0470668743509552 -1.6499133865025815 -0.687235818093674
      vertex -1.2455994191343815 -1.5056710495242935 -0.701235818093674
    endloop
  endfacet
  facet normal -0.6845471059286888 -0.7289686274214114 0
    outer loop
      vertex -1.424488116993034 -1.3376833806507191 -0.816764181906326
      vertex -1.2455994191343815 -1.5056710495242935 -0.802764181906326
      vertex -1.2455994191343815 -1.5056710495242935 -0.701235818093674
    endloop
  endfacet
  facet normal -0.37985107621097863 -0.33256161635813464 0.8632009796256178
    outer loop
      vertex -1.424488116993034 -1.3376833806507191 -0.715235818093674
      vertex -1.2455994191343815 -1.5056710495242935 -0.701235818093674
      vertex -0.970276842403363 -1.1728632248767756 -0.4518608865786149
    endloop
  endfacet
  facet normal -0.19890445442624688 -0.4640270323836426 -0.8632009796256181
    outer loop
      vertex -0.8320214594715809 -1.7681356037652418 -0.774764181906326
      vertex -1.0470668743509552 -1.6499133865025815 -0.788764181906326
      vertex -0.8156271791909037 -1.2852227821423332 -1.0381391134213847
    endloop
  endfacet
  facet normal -0.4817536741017152 -0.8763066800438637 0
    outer loop
      vertex -0.8320214594715809 -1.7681356037652418 -0.6732358180936739
      vertex -1.0470668743509552 -1.6499133865025815 -0.687235818093674
      vertex -1.0470668743509552 -1.6499133865025815 -0.788764181906326
    endloop
  endfacet
  facet normal -0.48175367410171516 -0.8763066800438637 0
    outer loop
      vertex -0.8320214594715809 -1.7681356037652418 -0.774764181906326
      vertex -0.8320214594715809 -1.7681356037652418 -0.6732358180936739
      vertex -1.0470668743509552 -1.6499133865025815 -0.788764181906326
    endloop
  endfacet
  facet normal -0.2554940418231047 -0.43543870219155617 -0.8632009796256181
    outer loop
      vertex -0.970276842403363 -1.1728632248767756 -1.0521391134213847
      vertex -1.0470668743509552 -1.6499133865025815 -0.788764181906326
      vertex -1.2455994191343815 -1.5056710495242935 -0.802764181906326
    endloop
  endfacet
  facet normal -0.24069154843105875 -0.43913472386886004 -0.8655797322063863
    outer loop
      vertex -0.970276842403363 -1.1728632248767756 -1.0521391134213847
      vertex -0.8156271791909037 -1.2852227821423332 -1.0381391134213847
      vertex -1.0470668743509552 -1.6499133865025815 -0.788764181906326
    endloop
  endfacet
  facet normal -0.33517481428150087 -0.377547232336213 0.8632009796256183
    outer loop
      vertex -1.2455994191343815 -1.5056710495242935 -0.701235818093674
      vertex -1.0470668743509552 -1.6499133865025815 -0.687235818093674
      vertex -0.8156271791909037 -1.2852227821423332 -0.4378608865786153
    endloop
  endfacet
  facet normal -0.34326416179933245 -0.36461135804815925 0.8655797322063858
    outer loop
      vertex -1.2455994191343815 -1.5056710495242935 -0.701235818093674
      vertex -0.8156271791909037 -1.2852227821423332 -0.4378608865786153
      vertex -0.970276842403363 -1.1728632248767756 -0.4518608865786149
    endloop
  endfacet
  facet normal -0.3080543355556707 -0.39998324354743586 -0.8632009796256181
    outer loop
      vertex -1.1096246601958315 -1.0420069139203807 -1.0661391134213847
      vertex -1.2455994191343815 -1.5056710495242935 -0.802764181906326
      vertex -1.424488116993034 -1.3376833806507191 -0.816764181906326
    endloop
  endfacet
  facet normal -0.29383179859345215 -0.4055053653515052 -0.8655797322063863
    outer loop
      vertex -1.1096246601958315 -1.0420069139203807 -1.0661391134213847
      vertex -0.970276842403363 -1.1728632248767756 -1.0521391134213847
      vertex -1.2455994191343815 -1.5056710495242935 -0.802764181906326
    endloop
  endfacet
  facet normal -0.3862553418539598 -0.31871388122076105 0.8655797322063862
    outer loop
      vertex -1.424488116993034 -1.3376833806507191 -0.715235818093674
      vertex -0.970276842403363 -1.1728632248767756 -0.4518608865786149
      vertex -1.1096246601958315 -1.0420069139203807 -0.46586088657861535
    endloop
  endfacet
  facet normal -0.34233814576541716 -0.36548094498539424 -0.8655797322063863
    outer loop
      vertex -1.2314730342393692 -0.8947175314667035 -1.0801391134213847
      vertex -1.1096246601958315 -1.0420069139203807 -1.0661391134213847
      vertex -1.424488116993034 -1.3376833806507191 -0.816764181906326
    endloop
  endfacet
  facet normal -0.42315504442978874 -0.26779009609607446 0.8655797322063858
    outer loop
      vertex -1.5809117862987512 -1.1485996457709655 -0.729235818093674
      vertex -1.1096246601958315 -1.0420069139203807 -0.46586088657861535
      vertex -1.2314730342393692 -0.8947175314667035 -0.4798608865786149
    endloop
  endfacet
  facet normal -0.7705132427757895 -0.6374239897486894 0
    outer loop
      vertex -1.2314730342393692 -0.8947175314667035 -0.4798608865786149
      vertex -1.1096246601958315 -1.0420069139203807 -0.46586088657861535
      vertex -1.1096246601958315 -1.0420069139203807 -0.15228999510864805
    endloop
  endfacet
  facet normal -0.7705132427757895 -0.6374239897486895 0
    outer loop
      vertex -1.2314730342393692 -0.8947175314667035 -0.4798608865786149
      vertex -1.1096246601958315 -1.0420069139203807 -0.15228999510864805
      vertex -1.2314730342393692 -0.8947175314667035 -0.16628999510864806
    endloop
  endfacet
  facet normal -0.7705132427757894 -0.6374239897486895 0
    outer loop
      vertex -1.2314730342393692 -0.8947175314667035 -0.16628999510864806
      vertex -1.1096246601958315 -1.0420069139203807 -0.15228999510864805
      vertex -1.1096246601958315 -1.0420069139203807 -0.08059470229806888
    endloop
  endfacet
  facet normal -0.7705132427757893 -0.6374239897486895 0
    outer loop
      vertex -1.2314730342393692 -0.8947175314667035 -0.09459470229806889
      vertex -1.1096246601958315 -1.0420069139203807 -0.08059470229806888
      vertex -1.1096246601958315 -1.0420069139203807 -0.05140529770193104
    endloop
  endfacet
  facet normal -0.7705132427757895 -0.6374239897486895 0
    outer loop
      vertex -1.2314730342393692 -0.8947175314667035 -0.06540529770193106
      vertex -1.1096246601958315 -1.0420069139203807 -0.05140529770193104
      vertex -1.1096246601958315 -1.0420069139203807 0
    endloop
  endfacet
  facet normal -0.7705132427757895 -0.6374239897486895 0
    outer loop
      vertex -1.2314730342393692 -0.8947175314667035 -0.16628999510864806
      vertex -1.1096246601958315 -1.0420069139203807 -0.08059470229806888
      vertex -1.2314730342393692 -0.8947175314667035 -0.09459470229806889
    endloop
  endfacet
  facet normal -0.7705132427757894 -0.6374239897486894 0
    outer loop
      vertex -1.2314730342393692 -0.8947175314667035 -0.09459470229806889
      vertex -1.1096246601958315 -1.0420069139203807 -0.05140529770193104
      vertex -1.2314730342393692 -0.8947175314667035 -0.06540529770193106
    endloop
  endfacet
  facet normal -0.7705132427757895 -0.6374239897486895 0
    outer loop
      vertex -1.2314730342393692 -0.8947175314667035 -0.06540529770193106
      vertex -1.1096246601958315 -1.0420069139203807 0
      vertex -1.2314730342393692 -0.8947175314667035 0
    endloop
  endfacet
  facet normal -0.684547105928689 -0.7289686274214111 0
    outer loop
      vertex -1.1096246601958315 -1.0420069139203807 -0.46586088657861535
      vertex -0.970276842403363 -1.1728632248767756 -0.4518608865786149
      vertex -0.970276842403363 -1.1728632248767756 -0.13828999510864803
    endloop
  endfacet
  facet normal -0.6845471059286891 -0.7289686274214112 0
    outer loop
      vertex -1.1096246601958315 -1.0420069139203807 -0.15228999510864805
      vertex -0.970276842403363 -1.1728632248767756 -0.13828999510864803
      vertex -0.970276842403363 -1.1728632248767756 -0.06659470229806887
    endloop
  endfacet
  facet normal -0.6845471059286891 -0.7289686274214112 0
    outer loop
      vertex -1.1096246601958315 -1.0420069139203807 -0.08059470229806888
      vertex -0.970276842403363 -1.1728632248767756 -0.06659470229806887
      vertex -0.970276842403363 -1.1728632248767756 -0.037405297701931024
    endloop
  endfacet
  facet normal -0.684547105928689 -0.7289686274214112 0
    outer loop
      vertex -1.1096246601958315 -1.0420069139203807 -0.05140529770193104
      vertex -0.970276842403363 -1.1728632248767756 -0.037405297701931024
      vertex -0.970276842403363 -1.1728632248767756 0
    endloop
  endfacet
  facet normal -0.5877852522924721 -0.8090169943749481 0
    outer loop
      vertex -0.970276842403363 -1.1728632248767756 -0.4518608865786149
      vertex -0.8156271791909037 -1.2852227821423332 -0.12428999510864804
      vertex -0.970276842403363 -1.1728632248767756 -0.13828999510864803
    endloop
  endfacet
  facet normal -0.5877852522924721 -0.8090169943749482 0
    outer loop
      vertex -0.970276842403363 -1.1728632248767756 -0.13828999510864803
      vertex -0.8156271791909037 -1.2852227821423332 -0.05259470229806885
      vertex -0.970276842403363 -1.1728632248767756 -0.06659470229806887
    endloop
  endfacet
  facet normal -0.5877852522924722 -0.8090169943749482 0
    outer loop
      vertex -0.970276842403363 -1.1728632248767756 -0.06659470229806887
      vertex -0.8156271791909037 -1.2852227821423332 -0.023405297701931012
      vertex -0.970276842403363 -1.1728632248767756 -0.037405297701931024
    endloop
  endfacet
  facet normal -0.5877852522924722 -0.8090169943749482 0
    outer loop
      vertex -0.970276842403363 -1.1728632248767756 -0.037405297701931024
      vertex -0.8156271791909037 -1.2852227821423332 0
      vertex -0.970276842403363 -1.1728632248767756 0
    endloop
  endfacet
  facet normal -0.684547105928689 -0.7289686274214113 0
    outer loop
      vertex -1.1096246601958315 -1.0420069139203807 -0.46586088657861535
      vertex -0.970276842403363 -1.1728632248767756 -0.13828999510864803
      vertex -1.1096246601958315 -1.0420069139203807 -0.15228999510864805
    endloop
  endfacet
  facet normal -0.6845471059286891 -0.7289686274214112 0
    outer loop
      vertex -1.1096246601958315 -1.0420069139203807 -0.15228999510864805
      vertex -0.970276842403363 -1.1728632248767756 -0.06659470229806887
      vertex -1.1096246601958315 -1.0420069139203807 -0.08059470229806888
    endloop
  endfacet
  facet normal -0.684547105928689 -0.7289686274214112 0
    outer loop
      vertex -1.1096246601958315 -1.0420069139203807 -0.08059470229806888
      vertex -0.970276842403363 -1.1728632248767756 -0.037405297701931024
      vertex -1.1096246601958315 -1.0420069139203807 -0.05140529770193104
    endloop
  endfacet
  facet normal -0.684547105928689 -0.7289686274214112 0
    outer loop
      vertex -1.1096246601958315 -1.0420069139203807 -0.05140529770193104
      vertex -0.970276842403363 -1.1728632248767756 0
      vertex -1.1096246601958315 -1.0420069139203807 0
    endloop
  endfacet
  facet normal -0.904827052466019 -0.42577929156507377 0
    outer loop
      vertex -1.8168896517431292 -0.7193575020198422 -1.558764181906326
      vertex -1.7124035323436124 -0.941401808337234 -1.544764181906326
      vertex -1.7124035323436124 -0.941401808337234 -1.443235818093674
    endloop
  endfacet
  facet normal -0.43366533018785786 -0.2584926501207133 -0.8632009796256181
    outer loop
      vertex -1.8168896517431292 -0.7193575020198422 -1.558764181906326
      vertex -1.4152912462931073 -0.5603534450136751 -1.8081391134213847
      vertex -1.7124035323436124 -0.941401808337234 -1.544764181906326
    endloop
  endfacet
  facet normal -0.4626434692220066 -0.20210168024932243 -0.8632009796256183
    outer loop
      vertex -1.8168896517431292 -0.7193575020198422 -1.558764181906326
      vertex -1.8927223359773873 -0.48596849817225585 -1.572764181906326
      vertex -1.4743621612915423 -0.3785518623971119 -1.8221391134213847
    endloop
  endfacet
  facet normal -0.4528404675427914 -0.21379251191084028 -0.8655797322063863
    outer loop
      vertex -1.8168896517431292 -0.7193575020198422 -1.558764181906326
      vertex -1.4743621612915423 -0.3785518623971119 -1.8221391134213847
      vertex -1.4152912462931073 -0.5603534450136751 -1.8081391134213847
    endloop
  endfacet
  facet normal -0.45338133917439205 -0.21264310118589813 0.865579732206386
    outer loop
      vertex -1.7124035323436124 -0.941401808337234 -2.143235818093674
      vertex -1.2314730342393692 -0.8947175314667035 -1.879860886578615
      vertex -1.3339003428866194 -0.7333179190634505 -1.893860886578615
    endloop
  endfacet
  facet normal -0.47645753936333 -0.1541425975431914 0.8655797322063857
    outer loop
      vertex -1.8168896517431292 -0.7193575020198422 -2.157235818093674
      vertex -1.3339003428866194 -0.7333179190634505 -1.893860886578615
      vertex -1.4152912462931073 -0.5603534450136751 -1.907860886578615
    endloop
  endfacet
  facet normal -0.9048270524660189 -0.4257792915650737 0
    outer loop
      vertex -1.3339003428866194 -0.7333179190634505 -1.893860886578615
      vertex -1.3339003428866194 -0.7333179190634505 -1.7941391134213849
      vertex -1.4152912462931073 -0.5603534450136751 -1.907860886578615
    endloop
  endfacet
  facet normal -0.4224743783697046 -0.26886265418360505 -0.8655797322063861
    outer loop
      vertex -1.7124035323436124 -0.941401808337234 -1.544764181906326
      vertex -1.4152912462931073 -0.5603534450136751 -1.8081391134213847
      vertex -1.3339003428866194 -0.7333179190634505 -1.7941391134213849
    endloop
  endfacet
  facet normal -0.9510565162951541 -0.30901699437494573 0
    outer loop
      vertex -1.4152912462931073 -0.5603534450136751 -1.907860886578615
      vertex -1.4152912462931073 -0.5603534450136751 -1.8081391134213847
      vertex -1.4743621612915423 -0.3785518623971119 -1.921860886578615
    endloop
  endfacet
  facet normal -0.9510565162951541 -0.30901699437494573 0
    outer loop
      vertex -1.4152912462931073 -0.5603534450136751 -1.8081391134213847
      vertex -1.4743621612915423 -0.3785518623971119 -1.8221391134213847
      vertex -1.4743621612915423 -0.3785518623971119 -1.921860886578615
    endloop
  endfacet
  facet normal -0.9048270524660191 -0.4257792915650739 0
    outer loop
      vertex -1.3339003428866194 -0.7333179190634505 -1.7941391134213849
      vertex -1.4152912462931073 -0.5603534450136751 -1.8081391134213847
      vertex -1.4152912462931073 -0.5603534450136751 -1.907860886578615
    endloop
  endfacet
  facet normal -0.47560069506224506 -0.16937546348182447 0.863200979625618
    outer loop
      vertex -1.8168896517431292 -0.7193575020198422 -1.4572358180936738
      vertex -1.7124035323436124 -0.941401808337234 -1.443235818093674
      vertex -1.3339003428866194 -0.7333179190634505 -1.193860886578615
    endloop
  endfacet
  facet normal -0.49307881605126735 -0.10843131436468753 0.863200979625618
    outer loop
      vertex -1.8168896517431292 -0.7193575020198422 -1.4572358180936738
      vertex -1.4152912462931073 -0.5603534450136751 -1.2078608865786151
      vertex -1.8927223359773873 -0.48596849817225585 -1.4712358180936738
    endloop
  endfacet
  facet normal -0.49201971953457035 -0.09321117305690113 0.8655797322063863
    outer loop
      vertex -1.8927223359773873 -0.48596849817225585 -1.4712358180936738
      vertex -1.4152912462931073 -0.5603534450136751 -1.2078608865786151
      vertex -1.4743621612915423 -0.3785518623971119 -1.2218608865786151
    endloop
  endfacet
  facet normal -0.4528404675427914 -0.21379251191084028 -0.8655797322063863
    outer loop
      vertex -1.8168896517431292 -0.7193575020198422 -0.8587641819063261
      vertex -1.4743621612915423 -0.3785518623971119 -1.1221391134213847
      vertex -1.4152912462931073 -0.5603534450136751 -1.1081391134213847
    endloop
  endfacet
  facet normal -0.45338133917439155 -0.212643101185899 0.865579732206386
    outer loop
      vertex -1.7124035323436124 -0.941401808337234 -1.443235818093674
      vertex -1.2314730342393692 -0.8947175314667035 -1.1798608865786153
      vertex -1.3339003428866194 -0.7333179190634505 -1.193860886578615
    endloop
  endfacet
  facet normal -0.4764575393633294 -0.154142597543191 0.8655797322063862
    outer loop
      vertex -1.8168896517431292 -0.7193575020198422 -1.4572358180936738
      vertex -1.3339003428866194 -0.7333179190634505 -1.193860886578615
      vertex -1.4152912462931073 -0.5603534450136751 -1.2078608865786151
    endloop
  endfacet
  facet normal -0.4224743783697038 -0.2688626541836058 -0.8655797322063862
    outer loop
      vertex -1.7124035323436124 -0.941401808337234 -0.8447641819063261
      vertex -1.4152912462931073 -0.5603534450136751 -1.1081391134213847
      vertex -1.3339003428866194 -0.7333179190634505 -1.0941391134213847
    endloop
  endfacet
  facet normal -0.9048270524660191 -0.42577929156507377 0
    outer loop
      vertex -1.3339003428866194 -0.7333179190634505 -1.193860886578615
      vertex -1.3339003428866194 -0.7333179190634505 -1.0941391134213847
      vertex -1.4152912462931073 -0.5603534450136751 -1.2078608865786151
    endloop
  endfacet
  facet normal -0.9510565162951541 -0.30901699437494573 0
    outer loop
      vertex -1.4152912462931073 -0.5603534450136751 -1.2078608865786151
      vertex -1.4152912462931073 -0.5603534450136751 -1.1081391134213847
      vertex -1.4743621612915423 -0.3785518623971119 -1.2218608865786151
    endloop
  endfacet
  facet normal -0.9510565162951541 -0.30901699437494573 0
    outer loop
      vertex -1.4152912462931073 -0.5603534450136751 -1.1081391134213847
      vertex -1.4743621612915423 -0.3785518623971119 -1.1221391134213847
      vertex -1.4743621612915423 -0.3785518623971119 -1.2218608865786151
    endloop
  endfacet
  facet normal -0.9048270524660191 -0.42577929156507377 0
    outer loop
      vertex -1.3339003428866194 -0.7333179190634505 -1.0941391134213847
      vertex -1.4152912462931073 -0.5603534450136751 -1.1081391134213847
      vertex -1.4152912462931073 -0.5603534450136751 -1.2078608865786151
    endloop
  endfacet
  facet normal -0.4760649920289454 -0.15535073401178706 -0.8655797322063862
    outer loop
      vertex -1.8927223359773873 -0.48596849817225585 -1.572764181906326
      vertex -1.5101815042651463 -0.1907802907746243 -1.8361391134213847
      vertex -1.4743621612915423 -0.3785518623971119 -1.8221391134213847
    endloop
  endfacet
  facet normal -0.49178168720336185 -0.09445898223533623 -0.8655797322063862
    outer loop
      vertex -1.938705658315764 -0.24491548080498307 -1.586764181906326
      vertex -1.5221843827777863 0 -1.8501391134213847
      vertex -1.5101815042651463 -0.1907802907746243 -1.8361391134213847
    endloop
  endfacet
  facet normal -0.9822872507286884 -0.18738131458572552 0
    outer loop
      vertex -1.4743621612915423 -0.3785518623971119 -1.921860886578615
      vertex -1.4743621612915423 -0.3785518623971119 -1.8221391134213847
      vertex -1.5101815042651463 -0.1907802907746243 -1.935860886578615
    endloop
  endfacet
  facet normal -0.9822872507286884 -0.18738131458572552 0
    outer loop
      vertex -1.4743621612915423 -0.3785518623971119 -1.8221391134213847
      vertex -1.5101815042651463 -0.1907802907746243 -1.8361391134213847
      vertex -1.5101815042651463 -0.1907802907746243 -1.935860886578615
    endloop
  endfacet
  facet normal -0.9980267284282716 -0.0627905195293134 0
    outer loop
      vertex -1.5101815042651463 -0.1907802907746243 -1.935860886578615
      vertex -1.5101815042651463 -0.1907802907746243 -1.8361391134213847
      vertex -1.5221843827777863 0 -1.9498608865786151
    endloop
  endfacet
  facet normal -0.9980267284282716 -0.06279051952931337 0
    outer loop
      vertex -1.5101815042651463 -0.1907802907746243 -1.8361391134213847
      vertex -1.5221843827777863 0 -1.8501391134213847
      vertex -1.5221843827777863 0 -1.9498608865786151
    endloop
  endfacet
  facet normal -0.49982245481041654 -0.030809752689851425 0.8655797322063862
    outer loop
      vertex -1.938705658315764 -0.24491548080498307 -1.4852358180936738
      vertex -1.4743621612915423 -0.3785518623971119 -1.2218608865786151
      vertex -1.5101815042651463 -0.1907802907746243 -1.2358608865786151
    endloop
  endfacet
  facet normal -0.4760649920289454 -0.15535073401178706 -0.8655797322063862
    outer loop
      vertex -1.8927223359773873 -0.48596849817225585 -0.8727641819063261
      vertex -1.5101815042651463 -0.1907802907746243 -1.1361391134213847
      vertex -1.4743621612915423 -0.3785518623971119 -1.1221391134213847
    endloop
  endfacet
  facet normal -0.4997426913944411 0.03207755588197357 0.8655797322063863
    outer loop
      vertex -1.5101815042651463 -0.1907802907746243 -1.2358608865786151
      vertex -1.5221843827777863 0 -1.2498608865786152
      vertex -1.9541144342958772 0 -1.4992358180936738
    endloop
  endfacet
  facet normal -0.49178168720336185 -0.09445898223533623 -0.8655797322063862
    outer loop
      vertex -1.938705658315764 -0.24491548080498307 -0.8867641819063261
      vertex -1.5221843827777863 0 -1.1501391134213848
      vertex -1.5101815042651463 -0.1907802907746243 -1.1361391134213847
    endloop
  endfacet
  facet normal -0.9822872507286884 -0.18738131458572552 0
    outer loop
      vertex -1.4743621612915423 -0.3785518623971119 -1.2218608865786151
      vertex -1.4743621612915423 -0.3785518623971119 -1.1221391134213847
      vertex -1.5101815042651463 -0.1907802907746243 -1.2358608865786151
    endloop
  endfacet
  facet normal -0.9822872507286884 -0.18738131458572552 0
    outer loop
      vertex -1.4743621612915423 -0.3785518623971119 -1.1221391134213847
      vertex -1.5101815042651463 -0.1907802907746243 -1.1361391134213847
      vertex -1.5101815042651463 -0.1907802907746243 -1.2358608865786151
    endloop
  endfacet
  facet normal -0.9980267284282716 -0.0627905195293134 0
    outer loop
      vertex -1.5101815042651463 -0.1907802907746243 -1.2358608865786151
      vertex -1.5101815042651463 -0.1907802907746243 -1.1361391134213847
      vertex -1.5221843827777863 0 -1.2498608865786152
    endloop
  endfacet
  facet normal -0.9980267284282716 -0.06279051952931337 0
    outer loop
      vertex -1.5101815042651463 -0.1907802907746243 -1.1361391134213847
      vertex -1.5221843827777863 0 -1.1501391134213848
      vertex -1.5221843827777863 0 -1.2498608865786152
    endloop
  endfacet
  facet normal -0.8443279255020151 -0.5358267949789967 0
    outer loop
      vertex -1.2314730342393692 -0.8947175314667035 -1.879860886578615
      vertex -1.2314730342393692 -0.8947175314667035 -1.7801391134213846
      vertex -1.3339003428866194 -0.7333179190634505 -1.893860886578615
    endloop
  endfacet
  facet normal -0.8443279255020151 -0.5358267949789965 0
    outer loop
      vertex -1.2314730342393692 -0.8947175314667035 -1.7801391134213846
      vertex -1.3339003428866194 -0.7333179190634505 -1.7941391134213849
      vertex -1.3339003428866194 -0.7333179190634505 -1.893860886578615
    endloop
  endfacet
  facet normal -0.8443279255020151 -0.5358267949789967 0
    outer loop
      vertex -1.2314730342393692 -0.8947175314667035 -1.1798608865786153
      vertex -1.2314730342393692 -0.8947175314667035 -1.0801391134213847
      vertex -1.3339003428866194 -0.7333179190634505 -1.193860886578615
    endloop
  endfacet
  facet normal -0.8443279255020151 -0.5358267949789967 0
    outer loop
      vertex -1.2314730342393692 -0.8947175314667035 -1.0801391134213847
      vertex -1.3339003428866194 -0.7333179190634505 -1.0941391134213847
      vertex -1.3339003428866194 -0.7333179190634505 -1.193860886578615
    endloop
  endfacet
  facet normal -0.904827052466019 -0.42577929156507377 0
    outer loop
      vertex -1.8168896517431292 -0.7193575020198422 -0.8587641819063261
      vertex -1.7124035323436124 -0.941401808337234 -0.8447641819063261
      vertex -1.7124035323436124 -0.941401808337234 -0.743235818093674
    endloop
  endfacet
  facet normal -0.43366533018785786 -0.2584926501207133 -0.8632009796256181
    outer loop
      vertex -1.8168896517431292 -0.7193575020198422 -0.8587641819063261
      vertex -1.4152912462931073 -0.5603534450136751 -1.1081391134213847
      vertex -1.7124035323436124 -0.941401808337234 -0.8447641819063261
    endloop
  endfacet
  facet normal -0.47560069506224506 -0.1693754634818236 0.8632009796256181
    outer loop
      vertex -1.8168896517431292 -0.7193575020198422 -0.757235818093674
      vertex -1.7124035323436124 -0.941401808337234 -0.743235818093674
      vertex -1.3339003428866194 -0.7333179190634505 -0.4938608865786154
    endloop
  endfacet
  facet normal -0.4626434692220066 -0.20210168024932243 -0.8632009796256183
    outer loop
      vertex -1.8168896517431292 -0.7193575020198422 -0.8587641819063261
      vertex -1.8927223359773873 -0.48596849817225585 -0.8727641819063261
      vertex -1.4743621612915423 -0.3785518623971119 -1.1221391134213847
    endloop
  endfacet
  facet normal -0.4930788160512681 -0.10843131436468777 0.8632009796256177
    outer loop
      vertex -1.8168896517431292 -0.7193575020198422 -0.757235818093674
      vertex -1.4152912462931073 -0.5603534450136751 -0.507860886578615
      vertex -1.8927223359773873 -0.48596849817225585 -0.771235818093674
    endloop
  endfacet
  facet normal -0.49201971953457085 -0.09321117305689922 0.8655797322063862
    outer loop
      vertex -1.8927223359773873 -0.48596849817225585 -0.771235818093674
      vertex -1.4152912462931073 -0.5603534450136751 -0.507860886578615
      vertex -1.4743621612915423 -0.3785518623971119 -0.5218608865786154
    endloop
  endfacet
  facet normal -0.45338133917439266 -0.21264310118589624 0.865579732206386
    outer loop
      vertex -1.7124035323436124 -0.941401808337234 -0.743235818093674
      vertex -1.2314730342393692 -0.8947175314667035 -0.4798608865786149
      vertex -1.3339003428866194 -0.7333179190634505 -0.4938608865786154
    endloop
  endfacet
  facet normal -0.47645753936332935 -0.15414259754319332 0.8655797322063858
    outer loop
      vertex -1.8168896517431292 -0.7193575020198422 -0.757235818093674
      vertex -1.3339003428866194 -0.7333179190634505 -0.4938608865786154
      vertex -1.4152912462931073 -0.5603534450136751 -0.507860886578615
    endloop
  endfacet
  facet normal -0.904827052466019 -0.4257792915650737 0
    outer loop
      vertex -1.4152912462931073 -0.5603534450136751 -0.507860886578615
      vertex -1.3339003428866194 -0.7333179190634505 -0.4938608865786154
      vertex -1.3339003428866194 -0.7333179190634505 -0.18028999510864807
    endloop
  endfacet
  facet normal -0.904827052466019 -0.4257792915650737 0
    outer loop
      vertex -1.3339003428866194 -0.7333179190634505 -0.18028999510864807
      vertex -1.3339003428866194 -0.7333179190634505 -0.1085947022980689
      vertex -1.4152912462931073 -0.5603534450136751 -0.19428999510864808
    endloop
  endfacet
  facet normal -0.9048270524660191 -0.4257792915650739 0
    outer loop
      vertex -1.3339003428866194 -0.7333179190634505 -0.1085947022980689
      vertex -1.3339003428866194 -0.7333179190634505 -0.07940529770193107
      vertex -1.4152912462931073 -0.5603534450136751 -0.12259470229806892
    endloop
  endfacet
  facet normal -0.904827052466019 -0.42577929156507377 0
    outer loop
      vertex -1.3339003428866194 -0.7333179190634505 -0.07940529770193107
      vertex -1.3339003428866194 -0.7333179190634505 -0.007710004891351882
      vertex -1.4152912462931073 -0.5603534450136751 -0.09340529770193108
    endloop
  endfacet
  facet normal -0.9048270524660189 -0.42577929156507377 0
    outer loop
      vertex -1.3339003428866194 -0.7333179190634505 -0.007710004891351882
      vertex -1.3339003428866194 -0.7333179190634505 0
      vertex -1.4152912462931073 -0.5603534450136751 -0.021710004891351893
    endloop
  endfacet
  facet normal -0.9510565162951542 -0.3090169943749457 0
    outer loop
      vertex -1.4152912462931073 -0.5603534450136751 -0.507860886578615
      vertex -1.4152912462931073 -0.5603534450136751 -0.19428999510864808
      vertex -1.4743621612915423 -0.3785518623971119 -0.5218608865786154
    endloop
  endfacet
  facet normal -0.9510565162951542 -0.30901699437494573 0
    outer loop
      vertex -1.4152912462931073 -0.5603534450136751 -0.19428999510864808
      vertex -1.4743621612915423 -0.3785518623971119 -0.2082899951086481
      vertex -1.4743621612915423 -0.3785518623971119 -0.5218608865786154
    endloop
  endfacet
  facet normal -0.904827052466019 -0.42577929156507377 0
    outer loop
      vertex -1.4152912462931073 -0.5603534450136751 -0.507860886578615
      vertex -1.3339003428866194 -0.7333179190634505 -0.18028999510864807
      vertex -1.4152912462931073 -0.5603534450136751 -0.19428999510864808
    endloop
  endfacet
  facet normal -0.9510565162951542 -0.3090169943749457 0
    outer loop
      vertex -1.4152912462931073 -0.5603534450136751 -0.19428999510864808
      vertex -1.4152912462931073 -0.5603534450136751 -0.12259470229806892
      vertex -1.4743621612915423 -0.3785518623971119 -0.2082899951086481
    endloop
  endfacet
  facet normal -0.9510565162951542 -0.3090169943749457 0
    outer loop
      vertex -1.4152912462931073 -0.5603534450136751 -0.12259470229806892
      vertex -1.4743621612915423 -0.3785518623971119 -0.13659470229806892
      vertex -1.4743621612915423 -0.3785518623971119 -0.2082899951086481
    endloop
  endfacet
  facet normal -0.9510565162951541 -0.30901699437494573 0
    outer loop
      vertex -1.4152912462931073 -0.5603534450136751 -0.12259470229806892
      vertex -1.4152912462931073 -0.5603534450136751 -0.09340529770193108
      vertex -1.4743621612915423 -0.3785518623971119 -0.13659470229806892
    endloop
  endfacet
  facet normal -0.9510565162951542 -0.30901699437494573 0
    outer loop
      vertex -1.4152912462931073 -0.5603534450136751 -0.09340529770193108
      vertex -1.4152912462931073 -0.5603534450136751 -0.021710004891351893
      vertex -1.4743621612915423 -0.3785518623971119 -0.1074052977019311
    endloop
  endfacet
  facet normal -0.9510565162951542 -0.30901699437494573 0
    outer loop
      vertex -1.4152912462931073 -0.5603534450136751 -0.021710004891351893
      vertex -1.4152912462931073 -0.5603534450136751 0
      vertex -1.4743621612915423 -0.3785518623971119 -0.035710004891351906
    endloop
  endfacet
  facet normal -0.9510565162951541 -0.30901699437494573 0
    outer loop
      vertex -1.4152912462931073 -0.5603534450136751 -0.09340529770193108
      vertex -1.4743621612915423 -0.3785518623971119 -0.1074052977019311
      vertex -1.4743621612915423 -0.3785518623971119 -0.13659470229806892
    endloop
  endfacet
  facet normal -0.9510565162951542 -0.30901699437494573 0
    outer loop
      vertex -1.4152912462931073 -0.5603534450136751 -0.021710004891351893
      vertex -1.4743621612915423 -0.3785518623971119 -0.035710004891351906
      vertex -1.4743621612915423 -0.3785518623971119 -0.1074052977019311
    endloop
  endfacet
  facet normal -0.9510565162951542 -0.3090169943749457 0
    outer loop
      vertex -1.4743621612915423 -0.3785518623971119 -0.035710004891351906
      vertex -1.4152912462931073 -0.5603534450136751 0
      vertex -1.4743621612915423 -0.3785518623971119 0
    endloop
  endfacet
  facet normal -0.9048270524660191 -0.4257792915650737 0
    outer loop
      vertex -1.3339003428866194 -0.7333179190634505 -0.1085947022980689
      vertex -1.4152912462931073 -0.5603534450136751 -0.12259470229806892
      vertex -1.4152912462931073 -0.5603534450136751 -0.19428999510864808
    endloop
  endfacet
  facet normal -0.904827052466019 -0.4257792915650737 0
    outer loop
      vertex -1.3339003428866194 -0.7333179190634505 -0.07940529770193107
      vertex -1.4152912462931073 -0.5603534450136751 -0.09340529770193108
      vertex -1.4152912462931073 -0.5603534450136751 -0.12259470229806892
    endloop
  endfacet
  facet normal -0.904827052466019 -0.42577929156507377 0
    outer loop
      vertex -1.3339003428866194 -0.7333179190634505 -0.007710004891351882
      vertex -1.4152912462931073 -0.5603534450136751 -0.021710004891351893
      vertex -1.4152912462931073 -0.5603534450136751 -0.09340529770193108
    endloop
  endfacet
  facet normal -0.9048270524660189 -0.4257792915650737 0
    outer loop
      vertex -1.4152912462931073 -0.5603534450136751 -0.021710004891351893
      vertex -1.3339003428866194 -0.7333179190634505 0
      vertex -1.4152912462931073 -0.5603534450136751 0
    endloop
  endfacet
  facet normal -0.499822454810417 -0.030809752689853597 0.8655797322063858
    outer loop
      vertex -1.938705658315764 -0.24491548080498307 -0.785235818093674
      vertex -1.4743621612915423 -0.3785518623971119 -0.5218608865786154
      vertex -1.5101815042651463 -0.1907802907746243 -0.535860886578615
    endloop
  endfacet
  facet normal -0.49974269139444105 0.032077555881975583 0.8655797322063862
    outer loop
      vertex -1.5101815042651463 -0.1907802907746243 -0.535860886578615
      vertex -1.5221843827777863 0 -0.5498608865786154
      vertex -1.9541144342958772 0 -0.799235818093674
    endloop
  endfacet
  facet normal -0.9822872507286885 -0.18738131458572552 0
    outer loop
      vertex -1.4743621612915423 -0.3785518623971119 -0.5218608865786154
      vertex -1.4743621612915423 -0.3785518623971119 -0.2082899951086481
      vertex -1.5101815042651463 -0.1907802907746243 -0.535860886578615
    endloop
  endfacet
  facet normal -0.9822872507286886 -0.18738131458572554 0
    outer loop
      vertex -1.5101815042651463 -0.1907802907746243 -0.535860886578615
      vertex -1.4743621612915423 -0.3785518623971119 -0.2082899951086481
      vertex -1.5101815042651463 -0.1907802907746243 -0.2222899951086481
    endloop
  endfacet
  facet normal -0.9822872507286886 -0.18738131458572554 0
    outer loop
      vertex -1.4743621612915423 -0.3785518623971119 -0.2082899951086481
      vertex -1.4743621612915423 -0.3785518623971119 -0.13659470229806892
      vertex -1.5101815042651463 -0.1907802907746243 -0.2222899951086481
    endloop
  endfacet
  facet normal -0.9822872507286886 -0.18738131458572554 0
    outer loop
      vertex -1.4743621612915423 -0.3785518623971119 -0.13659470229806892
      vertex -1.4743621612915423 -0.3785518623971119 -0.1074052977019311
      vertex -1.5101815042651463 -0.1907802907746243 -0.15059470229806893
    endloop
  endfacet
  facet normal -0.9822872507286886 -0.18738131458572554 0
    outer loop
      vertex -1.4743621612915423 -0.3785518623971119 -0.13659470229806892
      vertex -1.5101815042651463 -0.1907802907746243 -0.15059470229806893
      vertex -1.5101815042651463 -0.1907802907746243 -0.2222899951086481
    endloop
  endfacet
  facet normal -0.9822872507286886 -0.18738131458572554 0
    outer loop
      vertex -1.4743621612915423 -0.3785518623971119 -0.1074052977019311
      vertex -1.5101815042651463 -0.1907802907746243 -0.1214052977019311
      vertex -1.5101815042651463 -0.1907802907746243 -0.15059470229806893
    endloop
  endfacet
  facet normal -0.9822872507286886 -0.18738131458572554 0
    outer loop
      vertex -1.4743621612915423 -0.3785518623971119 -0.1074052977019311
      vertex -1.4743621612915423 -0.3785518623971119 -0.035710004891351906
      vertex -1.5101815042651463 -0.1907802907746243 -0.1214052977019311
    endloop
  endfacet
  facet normal -0.9822872507286885 -0.18738131458572554 0
    outer loop
      vertex -1.4743621612915423 -0.3785518623971119 -0.035710004891351906
      vertex -1.4743621612915423 -0.3785518623971119 0
      vertex -1.5101815042651463 -0.1907802907746243 -0.04971000489135192
    endloop
  endfacet
  facet normal -0.9822872507286886 -0.18738131458572554 0
    outer loop
      vertex -1.4743621612915423 -0.3785518623971119 -0.035710004891351906
      vertex -1.5101815042651463 -0.1907802907746243 -0.04971000489135192
      vertex -1.5101815042651463 -0.1907802907746243 -0.1214052977019311
    endloop
  endfacet
  facet normal -0.9822872507286885 -0.18738131458572557 0
    outer loop
      vertex -1.5101815042651463 -0.1907802907746243 -0.04971000489135192
      vertex -1.4743621612915423 -0.3785518623971119 0
      vertex -1.5101815042651463 -0.1907802907746243 0
    endloop
  endfacet
  facet normal -0.9980267284282716 -0.06279051952931339 0
    outer loop
      vertex -1.5101815042651463 -0.1907802907746243 -0.535860886578615
      vertex -1.5101815042651463 -0.1907802907746243 -0.2222899951086481
      vertex -1.5221843827777863 0 -0.5498608865786154
    endloop
  endfacet
  facet normal -0.9980267284282716 -0.0627905195293134 0
    outer loop
      vertex -1.5101815042651463 -0.1907802907746243 -0.2222899951086481
      vertex -1.5221843827777863 0 -0.23628999510864812
      vertex -1.5221843827777863 0 -0.5498608865786154
    endloop
  endfacet
  facet normal -0.9980267284282716 -0.06279051952931339 0
    outer loop
      vertex -1.5101815042651463 -0.1907802907746243 -0.2222899951086481
      vertex -1.5101815042651463 -0.1907802907746243 -0.15059470229806893
      vertex -1.5221843827777863 0 -0.23628999510864812
    endloop
  endfacet
  facet normal -0.9980267284282716 -0.06279051952931339 0
    outer loop
      vertex -1.5101815042651463 -0.1907802907746243 -0.15059470229806893
      vertex -1.5101815042651463 -0.1907802907746243 -0.1214052977019311
      vertex -1.5221843827777863 0 -0.16459470229806894
    endloop
  endfacet
  facet normal -0.9980267284282716 -0.06279051952931339 0
    outer loop
      vertex -1.5101815042651463 -0.1907802907746243 -0.1214052977019311
      vertex -1.5101815042651463 -0.1907802907746243 -0.04971000489135192
      vertex -1.5221843827777863 0 -0.1354052977019311
    endloop
  endfacet
  facet normal -0.9980267284282717 -0.0627905195293134 0
    outer loop
      vertex -1.5101815042651463 -0.1907802907746243 -0.04971000489135192
      vertex -1.5101815042651463 -0.1907802907746243 0
      vertex -1.5221843827777863 0 -0.06371000489135194
    endloop
  endfacet
  facet normal -0.9980267284282716 -0.06279051952931339 0
    outer loop
      vertex -1.5101815042651463 -0.1907802907746243 -0.15059470229806893
      vertex -1.5221843827777863 0 -0.16459470229806894
      vertex -1.5221843827777863 0 -0.23628999510864812
    endloop
  endfacet
  facet normal -0.9980267284282716 -0.06279051952931337 0
    outer loop
      vertex -1.5101815042651463 -0.1907802907746243 -0.1214052977019311
      vertex -1.5221843827777863 0 -0.1354052977019311
      vertex -1.5221843827777863 0 -0.16459470229806894
    endloop
  endfacet
  facet normal -0.9980267284282716 -0.06279051952931339 0
    outer loop
      vertex -1.5101815042651463 -0.1907802907746243 -0.04971000489135192
      vertex -1.5221843827777863 0 -0.06371000489135194
      vertex -1.5221843827777863 0 -0.1354052977019311
    endloop
  endfacet
  facet normal -0.9980267284282716 -0.06279051952931339 0
    outer loop
      vertex -1.5101815042651463 -0.1907802907746243 0
      vertex -1.5221843827777863 0 0
      vertex -1.5221843827777863 0 -0.06371000489135194
    endloop
  endfacet
  facet normal -0.8443279255020151 -0.5358267949789968 0
    outer loop
      vertex -1.2314730342393692 -0.8947175314667035 -0.4798608865786149
      vertex -1.2314730342393692 -0.8947175314667035 -0.16628999510864806
      vertex -1.3339003428866194 -0.7333179190634505 -0.4938608865786154
    endloop
  endfacet
  facet normal -0.8443279255020151 -0.5358267949789968 0
    outer loop
      vertex -1.2314730342393692 -0.8947175314667035 -0.16628999510864806
      vertex -1.3339003428866194 -0.7333179190634505 -0.18028999510864807
      vertex -1.3339003428866194 -0.7333179190634505 -0.4938608865786154
    endloop
  endfacet
  facet normal -0.8443279255020151 -0.5358267949789967 0
    outer loop
      vertex -1.2314730342393692 -0.8947175314667035 -0.16628999510864806
      vertex -1.2314730342393692 -0.8947175314667035 -0.09459470229806889
      vertex -1.3339003428866194 -0.7333179190634505 -0.18028999510864807
    endloop
  endfacet
  facet normal -0.8443279255020151 -0.5358267949789967 0
    outer loop
      vertex -1.2314730342393692 -0.8947175314667035 -0.09459470229806889
      vertex -1.3339003428866194 -0.7333179190634505 -0.1085947022980689
      vertex -1.3339003428866194 -0.7333179190634505 -0.18028999510864807
    endloop
  endfacet
  facet normal -0.844327925502015 -0.5358267949789968 0
    outer loop
      vertex -1.2314730342393692 -0.8947175314667035 -0.09459470229806889
      vertex -1.2314730342393692 -0.8947175314667035 -0.06540529770193106
      vertex -1.3339003428866194 -0.7333179190634505 -0.1085947022980689
    endloop
  endfacet
  facet normal -0.844327925502015 -0.5358267949789967 0
    outer loop
      vertex -1.2314730342393692 -0.8947175314667035 -0.06540529770193106
      vertex -1.2314730342393692 -0.8947175314667035 0
      vertex -1.3339003428866194 -0.7333179190634505 -0.07940529770193107
    endloop
  endfacet
  facet normal -0.8443279255020152 -0.5358267949789967 0
    outer loop
      vertex -1.2314730342393692 -0.8947175314667035 -0.06540529770193106
      vertex -1.3339003428866194 -0.7333179190634505 -0.07940529770193107
      vertex -1.3339003428866194 -0.7333179190634505 -0.1085947022980689
    endloop
  endfacet
  facet normal -0.844327925502015 -0.5358267949789967 0
    outer loop
      vertex -1.3339003428866194 -0.7333179190634505 -0.07940529770193107
      vertex -1.2314730342393692 -0.8947175314667035 0
      vertex -1.3339003428866194 -0.7333179190634505 -0.007710004891351882
    endloop
  endfacet
  facet normal -0.8443279255020151 -0.5358267949789967 0
    outer loop
      vertex -1.3339003428866194 -0.7333179190634505 -0.007710004891351882
      vertex -1.2314730342393692 -0.8947175314667035 0
      vertex -1.3339003428866194 -0.7333179190634505 0
    endloop
  endfacet
  facet normal -0.2852126453070752 -0.4165787029245666 0.8632009796256178
    outer loop
      vertex -0.8320214594715809 -1.7681356037652418 -2.073235818093674
      vertex -0.6481145881305429 -1.3773136083786317 -1.823860886578615
      vertex -1.0470668743509552 -1.6499133865025815 -2.087235818093674
    endloop
  endfacet
  facet normal -0.13917802496332504 -0.4852973790787266 -0.8632009796256183
    outer loop
      vertex -0.8320214594715809 -1.7681356037652418 -1.474764181906326
      vertex -0.6481145881305429 -1.3773136083786317 -1.7241391134213846
      vertex -0.6038545691508126 -1.8584732663235117 -1.460764181906326
    endloop
  endfacet
  facet normal -0.294859500857063 -0.40475869595086494 0.8655797322063861
    outer loop
      vertex -1.0470668743509552 -1.6499133865025815 -2.087235818093674
      vertex -0.6481145881305429 -1.3773136083786317 -1.823860886578615
      vertex -0.8156271791909037 -1.2852227821423332 -1.837860886578615
    endloop
  endfacet
  facet normal -0.4817536741017159 -0.8763066800438634 0
    outer loop
      vertex -0.6481145881305429 -1.3773136083786317 -1.7241391134213846
      vertex -0.8156271791909037 -1.2852227821423332 -1.7381391134213848
      vertex -0.8156271791909037 -1.2852227821423332 -1.837860886578615
    endloop
  endfacet
  facet normal -0.4817536741017158 -0.8763066800438633 0
    outer loop
      vertex -0.6481145881305429 -1.3773136083786317 -1.823860886578615
      vertex -0.6481145881305429 -1.3773136083786317 -1.7241391134213846
      vertex -0.8156271791909037 -1.2852227821423332 -1.837860886578615
    endloop
  endfacet
  facet normal -0.1837554487677474 -0.4658386654644337 -0.8655797322063862
    outer loop
      vertex -0.8320214594715809 -1.7681356037652418 -1.474764181906326
      vertex -0.8156271791909037 -1.2852227821423332 -1.7381391134213848
      vertex -0.6481145881305429 -1.3773136083786317 -1.7241391134213846
    endloop
  endfacet
  facet normal -0.230752502538383 -0.44904047851574247 0.863200979625618
    outer loop
      vertex -0.8320214594715809 -1.7681356037652418 -2.073235818093674
      vertex -0.6038545691508126 -1.8584732663235117 -2.059235818093674
      vertex -0.470380842850476 -1.4476833762435302 -1.8098608865786152
    endloop
  endfacet
  facet normal -0.24180472944574782 -0.438522747427303 0.8655797322063857
    outer loop
      vertex -0.8320214594715809 -1.7681356037652418 -2.073235818093674
      vertex -0.470380842850476 -1.4476833762435302 -1.8098608865786152
      vertex -0.6481145881305429 -1.3773136083786317 -1.823860886578615
    endloop
  endfacet
  facet normal -0.18493655300392983 -0.46537103321601936 0.8655797322063862
    outer loop
      vertex -0.6038545691508126 -1.8584732663235117 -2.059235818093674
      vertex -0.28522891068676176 -1.4952223124609376 -1.7958608865786152
      vertex -0.470380842850476 -1.4476833762435302 -1.8098608865786152
    endloop
  endfacet
  facet normal -0.12392141590718585 -0.4851960530271031 -0.865579732206386
    outer loop
      vertex -0.6038545691508126 -1.8584732663235117 -1.460764181906326
      vertex -0.6481145881305429 -1.3773136083786317 -1.7241391134213846
      vertex -0.470380842850476 -1.4476833762435302 -1.7101391134213848
    endloop
  endfacet
  facet normal -0.07725667490581008 -0.498914296203137 -0.8632009796256179
    outer loop
      vertex -0.6038545691508126 -1.8584732663235117 -1.460764181906326
      vertex -0.470380842850476 -1.4476833762435302 -1.7101391134213848
      vertex -0.36616453154930145 -1.9195016952737438 -1.4467641819063262
    endloop
  endfacet
  facet normal -0.36812455268467875 -0.9297764858882511 0
    outer loop
      vertex -0.6481145881305429 -1.3773136083786317 -1.823860886578615
      vertex -0.470380842850476 -1.4476833762435302 -1.7101391134213848
      vertex -0.6481145881305429 -1.3773136083786317 -1.7241391134213846
    endloop
  endfacet
  facet normal -0.36812455268467875 -0.9297764858882511 0
    outer loop
      vertex -0.6481145881305429 -1.3773136083786317 -1.823860886578615
      vertex -0.470380842850476 -1.4476833762435302 -1.8098608865786152
      vertex -0.470380842850476 -1.4476833762435302 -1.7101391134213848
    endloop
  endfacet
  facet normal -0.2852126453070761 -0.41657870292456495 0.8632009796256184
    outer loop
      vertex -0.8320214594715809 -1.7681356037652418 -1.3732358180936737
      vertex -0.6481145881305429 -1.3773136083786317 -1.1238608865786153
      vertex -1.0470668743509552 -1.6499133865025815 -1.387235818093674
    endloop
  endfacet
  facet normal -0.2948595008570622 -0.40475869595086544 0.8655797322063861
    outer loop
      vertex -1.0470668743509552 -1.6499133865025815 -1.387235818093674
      vertex -0.6481145881305429 -1.3773136083786317 -1.1238608865786153
      vertex -0.8156271791909037 -1.2852227821423332 -1.137860886578615
    endloop
  endfacet
  facet normal -0.48175367410171593 -0.8763066800438633 0
    outer loop
      vertex -0.6481145881305429 -1.3773136083786317 -1.0241391134213846
      vertex -0.8156271791909037 -1.2852227821423332 -1.0381391134213847
      vertex -0.8156271791909037 -1.2852227821423332 -1.137860886578615
    endloop
  endfacet
  facet normal -0.4817536741017159 -0.8763066800438634 0
    outer loop
      vertex -0.6481145881305429 -1.3773136083786317 -1.1238608865786153
      vertex -0.6481145881305429 -1.3773136083786317 -1.0241391134213846
      vertex -0.8156271791909037 -1.2852227821423332 -1.137860886578615
    endloop
  endfacet
  facet normal -0.23075250253838164 -0.4490404785157433 0.863200979625618
    outer loop
      vertex -0.8320214594715809 -1.7681356037652418 -1.3732358180936737
      vertex -0.6038545691508126 -1.8584732663235117 -1.3592358180936739
      vertex -0.470380842850476 -1.4476833762435302 -1.109860886578615
    endloop
  endfacet
  facet normal -0.2418047294457493 -0.4385227474273011 0.8655797322063863
    outer loop
      vertex -0.8320214594715809 -1.7681356037652418 -1.3732358180936737
      vertex -0.470380842850476 -1.4476833762435302 -1.109860886578615
      vertex -0.6481145881305429 -1.3773136083786317 -1.1238608865786153
    endloop
  endfacet
  facet normal -0.18493655300392892 -0.4653710332160202 0.8655797322063861
    outer loop
      vertex -0.6038545691508126 -1.8584732663235117 -1.3592358180936739
      vertex -0.28522891068676176 -1.4952223124609376 -1.0958608865786152
      vertex -0.470380842850476 -1.4476833762435302 -1.109860886578615
    endloop
  endfacet
  facet normal -0.36812455268467875 -0.9297764858882511 0
    outer loop
      vertex -0.6481145881305429 -1.3773136083786317 -1.1238608865786153
      vertex -0.470380842850476 -1.4476833762435302 -1.0101391134213848
      vertex -0.6481145881305429 -1.3773136083786317 -1.0241391134213846
    endloop
  endfacet
  facet normal -0.3681245526846788 -0.9297764858882511 0
    outer loop
      vertex -0.6481145881305429 -1.3773136083786317 -1.1238608865786153
      vertex -0.470380842850476 -1.4476833762435302 -1.109860886578615
      vertex -0.470380842850476 -1.4476833762435302 -1.0101391134213848
    endloop
  endfacet
  facet normal -0.5877852522924721 -0.8090169943749482 0
    outer loop
      vertex -0.970276842403363 -1.1728632248767756 -1.851860886578615
      vertex -0.8156271791909037 -1.2852227821423332 -1.837860886578615
      vertex -0.8156271791909037 -1.2852227821423332 -1.7381391134213848
    endloop
  endfacet
  facet normal -0.5877852522924721 -0.8090169943749481 0
    outer loop
      vertex -0.970276842403363 -1.1728632248767756 -1.1518608865786153
      vertex -0.8156271791909037 -1.2852227821423332 -1.137860886578615
      vertex -0.8156271791909037 -1.2852227821423332 -1.0381391134213847
    endloop
  endfacet
  facet normal -0.1251518166454982 -0.48488013981174033 0.865579732206386
    outer loop
      vertex -0.36616453154930145 -1.9195016952737438 -2.045235818093674
      vertex -0.09557874821402501 -1.519180699608322 -1.7818608865786152
      vertex -0.28522891068676176 -1.4952223124609376 -1.7958608865786152
    endloop
  endfacet
  facet normal -0.06213306829069857 -0.4969016089914625 -0.8655797322063862
    outer loop
      vertex -0.36616453154930145 -1.9195016952737438 -1.4467641819063262
      vertex -0.470380842850476 -1.4476833762435302 -1.7101391134213848
      vertex -0.28522891068676176 -1.4952223124609376 -1.6961391134213848
    endloop
  endfacet
  facet normal -0.24868988716485452 -0.9685831611286311 0
    outer loop
      vertex -0.470380842850476 -1.4476833762435302 -1.8098608865786152
      vertex -0.28522891068676176 -1.4952223124609376 -1.7958608865786152
      vertex -0.28522891068676176 -1.4952223124609376 -1.6961391134213848
    endloop
  endfacet
  facet normal -0.24868988716485452 -0.9685831611286313 0
    outer loop
      vertex -0.470380842850476 -1.4476833762435302 -1.8098608865786152
      vertex -0.28522891068676176 -1.4952223124609376 -1.6961391134213848
      vertex -0.470380842850476 -1.4476833762435302 -1.7101391134213848
    endloop
  endfacet
  facet normal -0.1253332335643044 -0.9921147013144778 0
    outer loop
      vertex -0.28522891068676176 -1.4952223124609376 -1.7958608865786152
      vertex -0.09557874821402501 -1.519180699608322 -1.6821391134213848
      vertex -0.28522891068676176 -1.4952223124609376 -1.6961391134213848
    endloop
  endfacet
  facet normal -0.063393361376495 -0.4967423969492737 0.8655797322063863
    outer loop
      vertex -0.12269986054916919 -1.950258435834777 -2.031235818093674
      vertex 0.09557874821402501 -1.519180699608322 -1.7678608865786152
      vertex -0.09557874821402501 -1.519180699608322 -1.7818608865786152
    endloop
  endfacet
  facet normal 0.0006351549292267668 -0.5007707297473935 -0.8655797322063861
    outer loop
      vertex -0.12269986054916919 -1.950258435834777 -1.432764181906326
      vertex -0.28522891068676176 -1.4952223124609376 -1.6961391134213848
      vertex -0.09557874821402501 -1.519180699608322 -1.6821391134213848
    endloop
  endfacet
  facet normal -0.1253332335643044 -0.9921147013144778 0
    outer loop
      vertex -0.28522891068676176 -1.4952223124609376 -1.7958608865786152
      vertex -0.09557874821402501 -1.519180699608322 -1.7818608865786152
      vertex -0.09557874821402501 -1.519180699608322 -1.6821391134213848
    endloop
  endfacet
  facet normal 0 -1 0
    outer loop
      vertex -0.09557874821402501 -1.519180699608322 -1.7818608865786152
      vertex 0.09557874821402501 -1.519180699608322 -1.6681391134213848
      vertex -0.09557874821402501 -1.519180699608322 -1.6821391134213848
    endloop
  endfacet
  facet normal -0.12515181664549924 -0.48488013981173966 0.8655797322063862
    outer loop
      vertex -0.36616453154930145 -1.9195016952737438 -1.3452358180936739
      vertex -0.09557874821402501 -1.519180699608322 -1.081860886578615
      vertex -0.28522891068676176 -1.4952223124609376 -1.0958608865786152
    endloop
  endfacet
  facet normal -0.24868988716485452 -0.9685831611286312 0
    outer loop
      vertex -0.470380842850476 -1.4476833762435302 -1.109860886578615
      vertex -0.28522891068676176 -1.4952223124609376 -0.9961391134213848
      vertex -0.470380842850476 -1.4476833762435302 -1.0101391134213848
    endloop
  endfacet
  facet normal -0.24868988716485452 -0.9685831611286311 0
    outer loop
      vertex -0.470380842850476 -1.4476833762435302 -1.109860886578615
      vertex -0.28522891068676176 -1.4952223124609376 -1.0958608865786152
      vertex -0.28522891068676176 -1.4952223124609376 -0.9961391134213848
    endloop
  endfacet
  facet normal -0.1253332335643044 -0.9921147013144778 0
    outer loop
      vertex -0.28522891068676176 -1.4952223124609376 -1.0958608865786152
      vertex -0.09557874821402501 -1.519180699608322 -0.9821391134213848
      vertex -0.28522891068676176 -1.4952223124609376 -0.9961391134213848
    endloop
  endfacet
  facet normal -0.06339336137649396 -0.496742396949274 0.8655797322063861
    outer loop
      vertex -0.12269986054916919 -1.950258435834777 -1.3312358180936739
      vertex 0.09557874821402501 -1.519180699608322 -1.0678608865786152
      vertex -0.09557874821402501 -1.519180699608322 -1.081860886578615
    endloop
  endfacet
  facet normal -0.12533323356430442 -0.9921147013144779 0
    outer loop
      vertex -0.28522891068676176 -1.4952223124609376 -1.0958608865786152
      vertex -0.09557874821402501 -1.519180699608322 -1.081860886578615
      vertex -0.09557874821402501 -1.519180699608322 -0.9821391134213848
    endloop
  endfacet
  facet normal 0 -1 0
    outer loop
      vertex -0.09557874821402501 -1.519180699608322 -1.081860886578615
      vertex 0.09557874821402501 -1.519180699608322 -0.9681391134213848
      vertex -0.09557874821402501 -1.519180699608322 -0.9821391134213848
    endloop
  endfacet
  facet normal -0.13917802496332574 -0.4852973790787263 -0.8632009796256183
    outer loop
      vertex -0.8320214594715809 -1.7681356037652418 -0.774764181906326
      vertex -0.6481145881305429 -1.3773136083786317 -1.0241391134213846
      vertex -0.6038545691508126 -1.8584732663235117 -0.7607641819063262
    endloop
  endfacet
  facet normal -0.2852126453070759 -0.4165787029245662 0.8632009796256178
    outer loop
      vertex -0.8320214594715809 -1.7681356037652418 -0.6732358180936739
      vertex -0.6481145881305429 -1.3773136083786317 -0.42386088657861487
      vertex -1.0470668743509552 -1.6499133865025815 -0.687235818093674
    endloop
  endfacet
  facet normal -0.18375544876774827 -0.46583866546443325 -0.8655797322063862
    outer loop
      vertex -0.8320214594715809 -1.7681356037652418 -0.774764181906326
      vertex -0.8156271791909037 -1.2852227821423332 -1.0381391134213847
      vertex -0.6481145881305429 -1.3773136083786317 -1.0241391134213846
    endloop
  endfacet
  facet normal -0.29485950085706447 -0.40475869595086345 0.8655797322063863
    outer loop
      vertex -1.0470668743509552 -1.6499133865025815 -0.687235818093674
      vertex -0.6481145881305429 -1.3773136083786317 -0.42386088657861487
      vertex -0.8156271791909037 -1.2852227821423332 -0.4378608865786153
    endloop
  endfacet
  facet normal -0.1239214159071856 -0.4851960530271029 -0.8655797322063863
    outer loop
      vertex -0.6038545691508126 -1.8584732663235117 -0.7607641819063262
      vertex -0.6481145881305429 -1.3773136083786317 -1.0241391134213846
      vertex -0.470380842850476 -1.4476833762435302 -1.0101391134213848
    endloop
  endfacet
  facet normal -0.07725667490580923 -0.4989142962031369 -0.863200979625618
    outer loop
      vertex -0.6038545691508126 -1.8584732663235117 -0.7607641819063262
      vertex -0.470380842850476 -1.4476833762435302 -1.0101391134213848
      vertex -0.36616453154930145 -1.9195016952737438 -0.7467641819063262
    endloop
  endfacet
  facet normal -0.23075250253838225 -0.4490404785157427 0.863200979625618
    outer loop
      vertex -0.8320214594715809 -1.7681356037652418 -0.6732358180936739
      vertex -0.6038545691508126 -1.8584732663235117 -0.6592358180936739
      vertex -0.470380842850476 -1.4476833762435302 -0.4098608865786153
    endloop
  endfacet
  facet normal -0.24180472944574696 -0.43852274742730346 0.8655797322063857
    outer loop
      vertex -0.8320214594715809 -1.7681356037652418 -0.6732358180936739
      vertex -0.470380842850476 -1.4476833762435302 -0.4098608865786153
      vertex -0.6481145881305429 -1.3773136083786317 -0.42386088657861487
    endloop
  endfacet
  facet normal -0.48175367410171577 -0.8763066800438633 0
    outer loop
      vertex -0.6481145881305429 -1.3773136083786317 -0.42386088657861487
      vertex -0.6481145881305429 -1.3773136083786317 -0.11028999510864802
      vertex -0.8156271791909037 -1.2852227821423332 -0.4378608865786153
    endloop
  endfacet
  facet normal -0.4817536741017159 -0.8763066800438633 0
    outer loop
      vertex -0.6481145881305429 -1.3773136083786317 -0.11028999510864802
      vertex -0.8156271791909037 -1.2852227821423332 -0.12428999510864804
      vertex -0.8156271791909037 -1.2852227821423332 -0.4378608865786153
    endloop
  endfacet
  facet normal -0.4817536741017159 -0.8763066800438633 0
    outer loop
      vertex -0.6481145881305429 -1.3773136083786317 -0.038594702298068835
      vertex -0.8156271791909037 -1.2852227821423332 -0.05259470229806885
      vertex -0.8156271791909037 -1.2852227821423332 -0.12428999510864804
    endloop
  endfacet
  facet normal -0.48175367410171577 -0.8763066800438633 0
    outer loop
      vertex -0.6481145881305429 -1.3773136083786317 -0.009405297701931001
      vertex -0.8156271791909037 -1.2852227821423332 -0.023405297701931012
      vertex -0.8156271791909037 -1.2852227821423332 -0.05259470229806885
    endloop
  endfacet
  facet normal -0.4817536741017158 -0.8763066800438631 0
    outer loop
      vertex -0.8156271791909037 -1.2852227821423332 -0.023405297701931012
      vertex -0.6481145881305429 -1.3773136083786317 0
      vertex -0.8156271791909037 -1.2852227821423332 0
    endloop
  endfacet
  facet normal -0.4817536741017158 -0.8763066800438633 0
    outer loop
      vertex -0.6481145881305429 -1.3773136083786317 -0.11028999510864802
      vertex -0.6481145881305429 -1.3773136083786317 -0.038594702298068835
      vertex -0.8156271791909037 -1.2852227821423332 -0.12428999510864804
    endloop
  endfacet
  facet normal -0.4817536741017158 -0.8763066800438633 0
    outer loop
      vertex -0.6481145881305429 -1.3773136083786317 -0.038594702298068835
      vertex -0.6481145881305429 -1.3773136083786317 -0.009405297701931001
      vertex -0.8156271791909037 -1.2852227821423332 -0.05259470229806885
    endloop
  endfacet
  facet normal -0.4817536741017159 -0.8763066800438633 0
    outer loop
      vertex -0.6481145881305429 -1.3773136083786317 -0.009405297701931001
      vertex -0.6481145881305429 -1.3773136083786317 0
      vertex -0.8156271791909037 -1.2852227821423332 -0.023405297701931012
    endloop
  endfacet
  facet normal -0.18493655300392983 -0.46537103321601936 0.8655797322063862
    outer loop
      vertex -0.6038545691508126 -1.8584732663235117 -0.6592358180936739
      vertex -0.28522891068676176 -1.4952223124609376 -0.3958608865786153
      vertex -0.470380842850476 -1.4476833762435302 -0.4098608865786153
    endloop
  endfacet
  facet normal -0.3681245526846787 -0.9297764858882511 0
    outer loop
      vertex -0.6481145881305429 -1.3773136083786317 -0.42386088657861487
      vertex -0.470380842850476 -1.4476833762435302 -0.4098608865786153
      vertex -0.470380842850476 -1.4476833762435302 -0.09628999510864823
    endloop
  endfacet
  facet normal -0.36812455268467875 -0.929776485888251 0
    outer loop
      vertex -0.6481145881305429 -1.3773136083786317 -0.42386088657861487
      vertex -0.470380842850476 -1.4476833762435302 -0.09628999510864823
      vertex -0.6481145881305429 -1.3773136083786317 -0.11028999510864802
    endloop
  endfacet
  facet normal -0.36812455268467875 -0.9297764858882511 0
    outer loop
      vertex -0.6481145881305429 -1.3773136083786317 -0.11028999510864802
      vertex -0.470380842850476 -1.4476833762435302 -0.024594702298069045
      vertex -0.6481145881305429 -1.3773136083786317 -0.038594702298068835
    endloop
  endfacet
  facet normal -0.3681245526846788 -0.9297764858882512 0
    outer loop
      vertex -0.6481145881305429 -1.3773136083786317 -0.038594702298068835
      vertex -0.470380842850476 -1.4476833762435302 0
      vertex -0.6481145881305429 -1.3773136083786317 -0.009405297701931001
    endloop
  endfacet
  facet normal -0.36812455268467875 -0.9297764858882511 0
    outer loop
      vertex -0.6481145881305429 -1.3773136083786317 -0.009405297701931001
      vertex -0.470380842850476 -1.4476833762435302 0
      vertex -0.6481145881305429 -1.3773136083786317 0
    endloop
  endfacet
  facet normal -0.36812455268467875 -0.9297764858882511 0
    outer loop
      vertex -0.6481145881305429 -1.3773136083786317 -0.11028999510864802
      vertex -0.470380842850476 -1.4476833762435302 -0.09628999510864823
      vertex -0.470380842850476 -1.4476833762435302 -0.024594702298069045
    endloop
  endfacet
  facet normal -0.3681245526846787 -0.9297764858882511 0
    outer loop
      vertex -0.6481145881305429 -1.3773136083786317 -0.038594702298068835
      vertex -0.470380842850476 -1.4476833762435302 -0.024594702298069045
      vertex -0.470380842850476 -1.4476833762435302 0
    endloop
  endfacet
  facet normal -0.5877852522924722 -0.8090169943749481 0
    outer loop
      vertex -0.970276842403363 -1.1728632248767756 -0.4518608865786149
      vertex -0.8156271791909037 -1.2852227821423332 -0.4378608865786153
      vertex -0.8156271791909037 -1.2852227821423332 -0.12428999510864804
    endloop
  endfacet
  facet normal -0.5877852522924721 -0.8090169943749481 0
    outer loop
      vertex -0.970276842403363 -1.1728632248767756 -0.13828999510864803
      vertex -0.8156271791909037 -1.2852227821423332 -0.12428999510864804
      vertex -0.8156271791909037 -1.2852227821423332 -0.05259470229806885
    endloop
  endfacet
  facet normal -0.5877852522924721 -0.8090169943749481 0
    outer loop
      vertex -0.970276842403363 -1.1728632248767756 -0.06659470229806887
      vertex -0.8156271791909037 -1.2852227821423332 -0.05259470229806885
      vertex -0.8156271791909037 -1.2852227821423332 -0.023405297701931012
    endloop
  endfacet
  facet normal -0.587785252292472 -0.8090169943749481 0
    outer loop
      vertex -0.970276842403363 -1.1728632248767756 -0.037405297701931024
      vertex -0.8156271791909037 -1.2852227821423332 -0.023405297701931012
      vertex -0.8156271791909037 -1.2852227821423332 0
    endloop
  endfacet
  facet normal -0.06213306829069857 -0.4969016089914625 -0.8655797322063862
    outer loop
      vertex -0.36616453154930145 -1.9195016952737438 -0.7467641819063262
      vertex -0.470380842850476 -1.4476833762435302 -1.0101391134213848
      vertex -0.28522891068676176 -1.4952223124609376 -0.9961391134213848
    endloop
  endfacet
  facet normal 0.0006351549292267669 -0.5007707297473931 -0.8655797322063862
    outer loop
      vertex -0.12269986054916919 -1.950258435834777 -0.7327641819063262
      vertex -0.28522891068676176 -1.4952223124609376 -0.9961391134213848
      vertex -0.09557874821402501 -1.519180699608322 -0.9821391134213848
    endloop
  endfacet
  facet normal -0.12515181664549838 -0.48488013981173983 0.8655797322063862
    outer loop
      vertex -0.36616453154930145 -1.9195016952737438 -0.6452358180936739
      vertex -0.09557874821402501 -1.519180699608322 -0.3818608865786153
      vertex -0.28522891068676176 -1.4952223124609376 -0.3958608865786153
    endloop
  endfacet
  facet normal -0.2486898871648545 -0.9685831611286313 0
    outer loop
      vertex -0.470380842850476 -1.4476833762435302 -0.4098608865786153
      vertex -0.28522891068676176 -1.4952223124609376 -0.3958608865786153
      vertex -0.28522891068676176 -1.4952223124609376 -0.082289995108648
    endloop
  endfacet
  facet normal -0.24868988716485452 -0.9685831611286312 0
    outer loop
      vertex -0.470380842850476 -1.4476833762435302 -0.4098608865786153
      vertex -0.28522891068676176 -1.4952223124609376 -0.082289995108648
      vertex -0.470380842850476 -1.4476833762435302 -0.09628999510864823
    endloop
  endfacet
  facet normal -0.24868988716485452 -0.9685831611286313 0
    outer loop
      vertex -0.470380842850476 -1.4476833762435302 -0.09628999510864823
      vertex -0.28522891068676176 -1.4952223124609376 -0.010594702298068812
      vertex -0.470380842850476 -1.4476833762435302 -0.024594702298069045
    endloop
  endfacet
  facet normal -0.24868988716485455 -0.9685831611286313 0
    outer loop
      vertex -0.470380842850476 -1.4476833762435302 -0.024594702298069045
      vertex -0.28522891068676176 -1.4952223124609376 0
      vertex -0.470380842850476 -1.4476833762435302 0
    endloop
  endfacet
  facet normal -0.24868988716485452 -0.9685831611286313 0
    outer loop
      vertex -0.470380842850476 -1.4476833762435302 -0.09628999510864823
      vertex -0.28522891068676176 -1.4952223124609376 -0.082289995108648
      vertex -0.28522891068676176 -1.4952223124609376 -0.010594702298068812
    endloop
  endfacet
  facet normal -0.24868988716485446 -0.9685831611286312 0
    outer loop
      vertex -0.470380842850476 -1.4476833762435302 -0.024594702298069045
      vertex -0.28522891068676176 -1.4952223124609376 -0.010594702298068812
      vertex -0.28522891068676176 -1.4952223124609376 0
    endloop
  endfacet
  facet normal -0.12533323356430442 -0.9921147013144778 0
    outer loop
      vertex -0.28522891068676176 -1.4952223124609376 -0.3958608865786153
      vertex -0.09557874821402501 -1.519180699608322 -0.06828999510864821
      vertex -0.28522891068676176 -1.4952223124609376 -0.082289995108648
    endloop
  endfacet
  facet normal -0.1253332335643044 -0.9921147013144778 0
    outer loop
      vertex -0.28522891068676176 -1.4952223124609376 -0.082289995108648
      vertex -0.09557874821402501 -1.519180699608322 0
      vertex -0.28522891068676176 -1.4952223124609376 -0.010594702298068812
    endloop
  endfacet
  facet normal -0.1253332335643044 -0.9921147013144777 0
    outer loop
      vertex -0.28522891068676176 -1.4952223124609376 -0.010594702298068812
      vertex -0.09557874821402501 -1.519180699608322 0
      vertex -0.28522891068676176 -1.4952223124609376 0
    endloop
  endfacet
  facet normal -0.063393361376495 -0.4967423969492737 0.8655797322063863
    outer loop
      vertex -0.12269986054916919 -1.950258435834777 -0.6312358180936739
      vertex 0.09557874821402501 -1.519180699608322 -0.36786088657861526
      vertex -0.09557874821402501 -1.519180699608322 -0.3818608865786153
    endloop
  endfacet
  facet normal -0.1253332335643044 -0.9921147013144778 0
    outer loop
      vertex -0.28522891068676176 -1.4952223124609376 -0.3958608865786153
      vertex -0.09557874821402501 -1.519180699608322 -0.3818608865786153
      vertex -0.09557874821402501 -1.519180699608322 -0.06828999510864821
    endloop
  endfacet
  facet normal -0.12533323356430442 -0.9921147013144778 0
    outer loop
      vertex -0.28522891068676176 -1.4952223124609376 -0.082289995108648
      vertex -0.09557874821402501 -1.519180699608322 -0.06828999510864821
      vertex -0.09557874821402501 -1.519180699608322 0
    endloop
  endfacet
  facet normal 0 -1 0
    outer loop
      vertex -0.09557874821402501 -1.519180699608322 -0.3818608865786153
      vertex 0.09557874821402501 -1.519180699608322 -0.054289995108647966
      vertex -0.09557874821402501 -1.519180699608322 -0.06828999510864821
    endloop
  endfacet
  facet normal 0 -1 0
    outer loop
      vertex -0.09557874821402501 -1.519180699608322 -0.06828999510864821
      vertex 0.09557874821402501 -1.519180699608322 0
      vertex -0.09557874821402501 -1.519180699608322 0
    endloop
  endfacet
  facet normal -0.8443279255020153 -0.5358267949789963 0
    outer loop
      vertex -2.831559480312316 -2.057248383023656 0
      vertex -3.067073380153522 -1.686137859356004 4
      vertex -3.067073380153522 -1.686137859356004 0
    endloop
  endfacet
  facet normal -0.7705132427757893 -0.6374239897486896 0
    outer loop
      vertex -2.831559480312316 -2.057248383023656 0
      vertex -2.5513901959749408 -2.39591487075041 0
      vertex -2.831559480312316 -2.057248383023656 4
    endloop
  endfacet
  facet normal -0.5877852522924721 -0.8090169943749482 0
    outer loop
      vertex -2.230983964120414 -2.696796349715263 0
      vertex -1.8753937824264888 -2.955147739257052 0
      vertex -1.8753937824264888 -2.955147739257052 4
    endloop
  endfacet
  facet normal -0.6845471059286894 -0.7289686274214108 0
    outer loop
      vertex -2.230983964120414 -2.696796349715263 0
      vertex -2.230983964120414 -2.696796349715263 4
      vertex -2.5513901959749408 -2.39591487075041 0
    endloop
  endfacet
  facet normal -0.7705132427757893 -0.6374239897486896 0
    outer loop
      vertex -2.5513901959749408 -2.39591487075041 0
      vertex -2.5513901959749408 -2.39591487075041 4
      vertex -2.831559480312316 -2.057248383023656 4
    endloop
  endfacet
  facet normal -0.8443279255020153 -0.5358267949789963 0
    outer loop
      vertex -2.831559480312316 -2.057248383023656 0
      vertex -2.831559480312316 -2.057248383023656 4
      vertex -3.067073380153522 -1.686137859356004 4
    endloop
  endfacet
  facet normal -0.5877852522924721 -0.8090169943749482 0
    outer loop
      vertex -2.230983964120414 -2.696796349715263 0
      vertex -1.8753937824264888 -2.955147739257052 4
      vertex -2.230983964120414 -2.696796349715263 4
    endloop
  endfacet
  facet normal -0.6845471059286894 -0.7289686274214108 0
    outer loop
      vertex -2.5513901959749408 -2.39591487075041 0
      vertex -2.230983964120414 -2.696796349715263 4
      vertex -2.5513901959749408 -2.39591487075041 4
    endloop
  endfacet
  facet normal -0.9048270524660195 -0.4257792915650727 0
    outer loop
      vertex -3.067073380153522 -1.686137859356004 0
      vertex -3.25421770060888 -1.2884359343963725 4
      vertex -3.25421770060888 -1.2884359343963725 0
    endloop
  endfacet
  facet normal -0.9510565162951535 -0.30901699437494745 0
    outer loop
      vertex -3.25421770060888 -1.2884359343963725 0
      vertex -3.3900410639502088 -0.870414605076992 4
      vertex -3.3900410639502088 -0.870414605076992 0
    endloop
  endfacet
  facet normal 0 0 -1
    outer loop
      vertex -3.25421770060888 -1.2884359343963725 0
      vertex -3.3900410639502088 -0.870414605076992 0
      vertex -3.25421770060888 1.2884359343963725 0
    endloop
  endfacet
  facet normal 0 0 -1
    outer loop
      vertex -3.3900410639502088 -0.870414605076992 0
      vertex -3.4724014546006727 -0.43866631747506424 0
      vertex -3.3900410639502088 0.870414605076992 0
    endloop
  endfacet
  facet normal 0 0 -1
    outer loop
      vertex -3.067073380153522 -1.686137859356004 0
      vertex -3.25421770060888 -1.2884359343963725 0
      vertex -3.067073380153522 1.686137859356004 0
    endloop
  endfacet
  facet normal 0 0 -1
    outer loop
      vertex -2.831559480312316 -2.057248383023656 0
      vertex -3.067073380153522 -1.686137859356004 0
      vertex -2.831559480312316 2.057248383023656 0
    endloop
  endfacet
  facet normal 0 0 -1
    outer loop
      vertex -2.831559480312316 -2.057248383023656 0
      vertex -2.5513901959749408 2.39591487075041 0
      vertex -2.5513901959749408 -2.39591487075041 0
    endloop
  endfacet
  facet normal -0.9822872507286885 -0.18738131458572532 0
    outer loop
      vertex -3.3900410639502088 -0.870414605076992 0
      vertex -3.4724014546006727 -0.43866631747506424 4
      vertex -3.4724014546006727 -0.43866631747506424 0
    endloop
  endfacet
  facet normal -0.9980267284282716 -0.06279051952931272 0
    outer loop
      vertex -3.4724014546006727 -0.43866631747506424 0
      vertex -3.5 0 4
      vertex -3.5 0 0
    endloop
  endfacet
  facet normal 0 0 -1
    outer loop
      vertex -2.230983964120414 -2.696796349715263 0
      vertex -1.8753937824264888 2.955147739257052 0
      vertex -1.8753937824264888 -2.955147739257052 0
    endloop
  endfacet
  facet normal 0 0 -1
    outer loop
      vertex -2.230983964120414 -2.696796349715263 0
      vertex -2.5513901959749408 -2.39591487075041 0
      vertex -2.230983964120414 2.696796349715263 0
    endloop
  endfacet
  facet normal -0.9048270524660195 -0.4257792915650727 0
    outer loop
      vertex -3.067073380153522 -1.686137859356004 0
      vertex -3.067073380153522 -1.686137859356004 4
      vertex -3.25421770060888 -1.2884359343963725 4
    endloop
  endfacet
  facet normal -0.9510565162951535 -0.30901699437494745 0
    outer loop
      vertex -3.25421770060888 -1.2884359343963725 0
      vertex -3.25421770060888 -1.2884359343963725 4
      vertex -3.3900410639502088 -0.870414605076992 4
    endloop
  endfacet
  facet normal -0.9822872507286885 -0.18738131458572532 0
    outer loop
      vertex -3.3900410639502088 -0.870414605076992 0
      vertex -3.3900410639502088 -0.870414605076992 4
      vertex -3.4724014546006727 -0.43866631747506424 4
    endloop
  endfacet
  facet normal -0.9980267284282716 -0.06279051952931272 0
    outer loop
      vertex -3.4724014546006727 -0.43866631747506424 0
      vertex -3.4724014546006727 -0.43866631747506424 4
      vertex -3.5 0 4
    endloop
  endfacet
  facet normal 0 0 1
    outer loop
      vertex -3.067073380153522 -1.686137859356004 4
      vertex -3.25421770060888 1.2884359343963725 4
      vertex -3.25421770060888 -1.2884359343963725 4
    endloop
  endfacet
  facet normal 0 0 1
    outer loop
      vertex -3.3900410639502088 -0.870414605076992 4
      vertex -3.4724014546006727 0.43866631747506424 4
      vertex -3.4724014546006727 -0.43866631747506424 4
    endloop
  endfacet
  facet normal 0 0 1
    outer loop
      vertex -3.25421770060888 -1.2884359343963725 4
      vertex -3.3900410639502088 0.870414605076992 4
      vertex -3.3900410639502088 -0.870414605076992 4
    endloop
  endfacet
  facet normal 0 0 1
    outer loop
      vertex -2.831559480312316 -2.057248383023656 4
      vertex -3.067073380153522 1.686137859356004 4
      vertex -3.067073380153522 -1.686137859356004 4
    endloop
  endfacet
  facet normal 0 0 1
    outer loop
      vertex -2.831559480312316 -2.057248383023656 4
      vertex -2.5513901959749408 -2.39591487075041 4
      vertex -2.831559480312316 2.057248383023656 4
    endloop
  endfacet
  facet normal 0 0 1
    outer loop
      vertex -2.230983964120414 -2.696796349715263 4
      vertex -2.5513901959749408 2.39591487075041 4
      vertex -2.5513901959749408 -2.39591487075041 4
    endloop
  endfacet
  facet normal 0 0 1
    outer loop
      vertex -2.230983964120414 -2.696796349715263 4
      vertex -1.8753937824264888 -2.955147739257052 4
      vertex -2.230983964120414 2.696796349715263 4
    endloop
  endfacet
  facet normal -0.4817536741017149 -0.8763066800438638 0
    outer loop
      vertex -1.8753937824264888 -2.955147739257052 0
      vertex -1.4902275204777535 -3.1668946836310683 0
      vertex -1.4902275204777535 -3.1668946836310683 4
    endloop
  endfacet
  facet normal -0.36812455268467814 -0.9297764858882513 0
    outer loop
      vertex -1.4902275204777535 -3.1668946836310683 0
      vertex -1.0815594803123159 -3.3286978070330373 0
      vertex -1.0815594803123159 -3.3286978070330373 4
    endloop
  endfacet
  facet normal 0 0 -1
    outer loop
      vertex -1.8753937824264888 -2.955147739257052 0
      vertex -1.4743621612915423 -0.3785518623971119 0
      vertex -1.4902275204777535 -3.1668946836310683 0
    endloop
  endfacet
  facet normal 0 0 -1
    outer loop
      vertex -1.4902275204777535 -3.1668946836310683 0
      vertex -0.970276842403363 -1.1728632248767756 0
      vertex -1.0815594803123159 -3.3286978070330373 0
    endloop
  endfacet
  facet normal 0 0 -1
    outer loop
      vertex -1.4902275204777535 -3.1668946836310683 0
      vertex -1.1096246601958315 -1.0420069139203807 0
      vertex -0.970276842403363 -1.1728632248767756 0
    endloop
  endfacet
  facet normal 0 0 -1
    outer loop
      vertex -1.0815594803123159 -3.3286978070330373 0
      vertex -0.970276842403363 -1.1728632248767756 0
      vertex -0.8156271791909037 -1.2852227821423332 0
    endloop
  endfacet
  facet normal 0 0 -1
    outer loop
      vertex -1.0815594803123159 -3.3286978070330373 0
      vertex -0.6481145881305429 -1.3773136083786317 0
      vertex -0.6558346010500369 -3.43800537755041 0
    endloop
  endfacet
  facet normal 0 0 -1
    outer loop
      vertex -0.6558346010500369 -3.43800537755041 0
      vertex -0.09557874821402501 -1.519180699608322 0
      vertex -0.21976681835259818 -3.4930935494989503 0
    endloop
  endfacet
  facet normal -0.2486898871648549 -0.9685831611286312 0
    outer loop
      vertex -1.0815594803123159 -3.3286978070330373 0
      vertex -0.6558346010500369 -3.43800537755041 0
      vertex -0.6558346010500369 -3.43800537755041 4
    endloop
  endfacet
  facet normal -0.12533323356430495 -0.9921147013144778 0
    outer loop
      vertex -0.6558346010500369 -3.43800537755041 0
      vertex -0.21976681835259818 -3.4930935494989503 0
      vertex -0.21976681835259818 -3.4930935494989503 4
    endloop
  endfacet
  facet normal 0 0 -1
    outer loop
      vertex -1.0815594803123159 -3.3286978070330373 0
      vertex -0.8156271791909037 -1.2852227821423332 0
      vertex -0.6481145881305429 -1.3773136083786317 0
    endloop
  endfacet
  facet normal 0 0 -1
    outer loop
      vertex -0.6558346010500369 -3.43800537755041 0
      vertex -0.6481145881305429 -1.3773136083786317 0
      vertex -0.470380842850476 -1.4476833762435302 0
    endloop
  endfacet
  facet normal 0 0 -1
    outer loop
      vertex -0.6558346010500369 -3.43800537755041 0
      vertex -0.470380842850476 -1.4476833762435302 0
      vertex -0.28522891068676176 -1.4952223124609376 0
    endloop
  endfacet
  facet normal 0 0 -1
    outer loop
      vertex -0.6558346010500369 -3.43800537755041 0
      vertex -0.28522891068676176 -1.4952223124609376 0
      vertex -0.09557874821402501 -1.519180699608322 0
    endloop
  endfacet
  facet normal 0 0 -1
    outer loop
      vertex -0.21976681835259818 -3.4930935494989503 0
      vertex -0.09557874821402501 -1.519180699608322 0
      vertex 0.09557874821402501 -1.519180699608322 0
    endloop
  endfacet
  facet normal -0.36812455268467814 -0.9297764858882513 0
    outer loop
      vertex -1.4902275204777535 -3.1668946836310683 0
      vertex -1.0815594803123159 -3.3286978070330373 4
      vertex -1.4902275204777535 -3.1668946836310683 4
    endloop
  endfacet
  facet normal -0.4817536741017149 -0.8763066800438638 0
    outer loop
      vertex -1.8753937824264888 -2.955147739257052 0
      vertex -1.4902275204777535 -3.1668946836310683 4
      vertex -1.8753937824264888 -2.955147739257052 4
    endloop
  endfacet
  facet normal -0.2486898871648549 -0.9685831611286312 0
    outer loop
      vertex -1.0815594803123159 -3.3286978070330373 0
      vertex -0.6558346010500369 -3.43800537755041 4
      vertex -1.0815594803123159 -3.3286978070330373 4
    endloop
  endfacet
  facet normal 0 0 1
    outer loop
      vertex -1.8753937824264888 -2.955147739257052 4
      vertex -1.4902275204777535 -3.1668946836310683 4
      vertex -1.76420921756274 3.6612290701835846e-17 4
    endloop
  endfacet
  facet normal 0 0 1
    outer loop
      vertex -1.4902275204777535 -3.1668946836310683 4
      vertex -1.0815594803123159 -3.3286978070330373 4
      vertex -1.76420921756274 3.6612290701835846e-17 4
    endloop
  endfacet
  facet normal -0.12533323356430495 -0.9921147013144778 0
    outer loop
      vertex -0.6558346010500369 -3.43800537755041 0
      vertex -0.21976681835259818 -3.4930935494989503 4
      vertex -0.6558346010500369 -3.43800537755041 4
    endloop
  endfacet
  facet normal 0 -1 0
    outer loop
      vertex -0.21976681835259818 -3.4930935494989503 0
      vertex 0.21976681835259818 -3.4930935494989503 4
      vertex -0.21976681835259818 -3.4930935494989503 4
    endloop
  endfacet
  facet normal 0 0 1
    outer loop
      vertex -1.0815594803123159 -3.3286978070330373 4
      vertex -0.6558346010500369 -3.43800537755041 4
      vertex -0.88210460878137 -1.5278500000000004 4
    endloop
  endfacet
  facet normal 0 0 1
    outer loop
      vertex -0.6558346010500369 -3.43800537755041 4
      vertex -0.21976681835259818 -3.4930935494989503 4
      vertex -0.88210460878137 -1.5278500000000004 4
    endloop
  endfacet
  facet normal 0 0 1
    outer loop
      vertex -0.21976681835259818 -3.4930935494989503 4
      vertex 0.21976681835259818 -3.4930935494989503 4
      vertex -0.88210460878137 -1.5278500000000004 4
    endloop
  endfacet
  facet normal 0 0 1
    outer loop
      vertex 0.21976681835259818 -3.4930935494989503 4
      vertex 0.6558346010500369 -3.43800537755041 4
      vertex -0.88210460878137 -1.5278500000000004 4
    endloop
  endfacet
  facet normal 0 0 -1
    outer loop
      vertex -1.4902275204777535 -3.1668946836310683 0
      vertex -1.3339003428866194 -0.7333179190634505 0
      vertex -1.2314730342393692 -0.8947175314667035 0
    endloop
  endfacet
  facet normal 0 0 -1
    outer loop
      vertex -1.4902275204777535 -3.1668946836310683 0
      vertex -1.4743621612915423 -0.3785518623971119 0
      vertex -1.4152912462931073 -0.5603534450136751 0
    endloop
  endfacet
  facet normal 0 0 -1
    outer loop
      vertex -1.4902275204777535 -3.1668946836310683 0
      vertex -1.4152912462931073 -0.5603534450136751 0
      vertex -1.3339003428866194 -0.7333179190634505 0
    endloop
  endfacet
  facet normal 0 0 -1
    outer loop
      vertex -1.8753937824264888 -2.955147739257052 0
      vertex -1.5101815042651463 -0.1907802907746243 0
      vertex -1.4743621612915423 -0.3785518623971119 0
    endloop
  endfacet
  facet normal 0 0 -1
    outer loop
      vertex -1.8753937824264888 -2.955147739257052 0
      vertex -1.5221843827777863 0 0
      vertex -1.5101815042651463 -0.1907802907746243 0
    endloop
  endfacet
  facet normal 0 0 -1
    outer loop
      vertex -1.4902275204777535 -3.1668946836310683 0
      vertex -1.2314730342393692 -0.8947175314667035 0
      vertex -1.1096246601958315 -1.0420069139203807 0
    endloop
  endfacet
  facet normal 0 0 1
    outer loop
      vertex -1.0815594803123159 -3.3286978070330373 4
      vertex -0.88210460878137 -1.5278500000000004 4
      vertex -1.76420921756274 3.6612290701835846e-17 4
    endloop
  endfacet
  facet normal 0.8660254037844386 0.5 0
    outer loop
      vertex -0.88210460878137 -1.5278500000000004 2
      vertex -1.76420921756274 3.6612290701835846e-17 4
      vertex -0.88210460878137 -1.5278500000000004 4
    endloop
  endfacet
  facet normal 0.8660254037844386 0.5 0
    outer loop
      vertex -0.88210460878137 -1.5278500000000004 2
      vertex -1.76420921756274 3.6612290701835846e-17 2
      vertex -1.76420921756274 3.6612290701835846e-17 4
    endloop
  endfacet
  facet normal 0 0 1
    outer loop
      vertex -0.88210460878137 -1.5278500000000004 2
      vertex 0.88210460878137 -1.5278500000000004 2
      vertex -1.76420921756274 3.6612290701835846e-17 2
    endloop
  endfacet
  facet normal 0 1 0
    outer loop
      vertex -0.88210460878137 -1.5278500000000004 2
      vertex -0.88210460878137 -1.5278500000000004 4
      vertex 0.88210460878137 -1.5278500000000004 2
    endloop
  endfacet
  facet normal -0.5045536096709906 -0.017598969894487095 -0.863200979625618
    outer loop
      vertex -1.9541144342958772 0 -3.000764181906326
      vertex -1.938705658315764 0.24491548080498307 -3.014764181906326
      vertex -1.5101815042651463 0.1907802907746243 -3.264139113421385
    endloop
  endfacet
  facet normal -0.5027807895601529 0.04577713864629428 -0.8632009796256184
    outer loop
      vertex -1.938705658315764 0.24491548080498307 -3.014764181906326
      vertex -1.8927223359773873 0.48596849817225585 -3.0287641819063262
      vertex -1.4743621612915423 0.3785518623971119 -3.2781391134213846
    endloop
  endfacet
  facet normal -0.9048270524660189 0.4257792915650737 0
    outer loop
      vertex -1.8168896517431292 0.7193575020198422 -3.0427641819063265
      vertex -1.8168896517431292 0.7193575020198422 -2.941235818093674
      vertex -1.7124035323436124 0.941401808337234 -3.056764181906326
    endloop
  endfacet
  facet normal -0.9980267284282716 0.06279051952931333 0
    outer loop
      vertex -1.9541144342958772 0 -3.000764181906326
      vertex -1.9541144342958772 0 -2.899235818093674
      vertex -1.938705658315764 0.24491548080498307 -3.014764181906326
    endloop
  endfacet
  facet normal -0.9980267284282716 0.06279051952931333 0
    outer loop
      vertex -1.938705658315764 0.24491548080498307 -3.014764181906326
      vertex -1.9541144342958772 0 -2.899235818093674
      vertex -1.938705658315764 0.24491548080498307 -2.913235818093674
    endloop
  endfacet
  facet normal -0.4983693179515996 0.08069753216691858 0.863200979625618
    outer loop
      vertex -1.9541144342958772 0 -2.899235818093674
      vertex -1.5221843827777863 0 -2.6498608865786153
      vertex -1.938705658315764 0.24491548080498307 -2.913235818093674
    endloop
  endfacet
  facet normal -0.9822872507286886 0.18738131458572513 0
    outer loop
      vertex -1.938705658315764 0.24491548080498307 -3.014764181906326
      vertex -1.938705658315764 0.24491548080498307 -2.913235818093674
      vertex -1.8927223359773873 0.48596849817225585 -3.0287641819063262
    endloop
  endfacet
  facet normal -0.9822872507286886 0.18738131458572513 0
    outer loop
      vertex -1.8927223359773873 0.48596849817225585 -3.0287641819063262
      vertex -1.938705658315764 0.24491548080498307 -2.913235818093674
      vertex -1.8927223359773873 0.48596849817225585 -2.927235818093674
    endloop
  endfacet
  facet normal -0.484325444376711 0.14252344615071025 0.8632009796256184
    outer loop
      vertex -1.938705658315764 0.24491548080498307 -2.913235818093674
      vertex -1.5101815042651463 0.1907802907746243 -2.6638608865786155
      vertex -1.8927223359773873 0.48596849817225585 -2.927235818093674
    endloop
  endfacet
  facet normal -0.9980267284282716 0.06279051952931333 0
    outer loop
      vertex -1.9541144342958772 0 -2.300764181906326
      vertex -1.9541144342958772 0 -2.199235818093674
      vertex -1.938705658315764 0.24491548080498307 -2.3147641819063263
    endloop
  endfacet
  facet normal -0.5045536096709906 -0.017598969894488642 -0.8632009796256179
    outer loop
      vertex -1.9541144342958772 0 -2.300764181906326
      vertex -1.938705658315764 0.24491548080498307 -2.3147641819063263
      vertex -1.5101815042651463 0.1907802907746243 -2.564139113421385
    endloop
  endfacet
  facet normal -0.9980267284282716 0.06279051952931333 0
    outer loop
      vertex -1.9541144342958772 0 -2.199235818093674
      vertex -1.938705658315764 0.24491548080498307 -2.213235818093674
      vertex -1.938705658315764 0.24491548080498307 -2.3147641819063263
    endloop
  endfacet
  facet normal -0.49836931795159956 0.08069753216692013 0.8632009796256179
    outer loop
      vertex -1.9541144342958772 0 -2.199235818093674
      vertex -1.5221843827777863 0 -1.9498608865786151
      vertex -1.938705658315764 0.24491548080498307 -2.213235818093674
    endloop
  endfacet
  facet normal -0.9822872507286886 0.18738131458572513 0
    outer loop
      vertex -1.938705658315764 0.24491548080498307 -2.3147641819063263
      vertex -1.938705658315764 0.24491548080498307 -2.213235818093674
      vertex -1.8927223359773873 0.48596849817225585 -2.328764181906326
    endloop
  endfacet
  facet normal -0.9822872507286886 0.1873813145857251 0
    outer loop
      vertex -1.938705658315764 0.24491548080498307 -2.213235818093674
      vertex -1.8927223359773873 0.48596849817225585 -2.227235818093674
      vertex -1.8927223359773873 0.48596849817225585 -2.328764181906326
    endloop
  endfacet
  facet normal -0.5027807895601533 0.045777138646295956 -0.8632009796256181
    outer loop
      vertex -1.938705658315764 0.24491548080498307 -2.3147641819063263
      vertex -1.8927223359773873 0.48596849817225585 -2.328764181906326
      vertex -1.4743621612915423 0.3785518623971119 -2.578139113421385
    endloop
  endfacet
  facet normal -0.48432544437671227 0.1425234461507089 0.8632009796256178
    outer loop
      vertex -1.938705658315764 0.24491548080498307 -2.213235818093674
      vertex -1.5101815042651463 0.1907802907746243 -1.9638608865786151
      vertex -1.8927223359773873 0.48596849817225585 -2.227235818093674
    endloop
  endfacet
  facet normal -0.951056516295154 0.3090169943749463 0
    outer loop
      vertex -1.8927223359773873 0.48596849817225585 -3.0287641819063262
      vertex -1.8927223359773873 0.48596849817225585 -2.927235818093674
      vertex -1.8168896517431292 0.7193575020198422 -3.0427641819063265
    endloop
  endfacet
  facet normal -0.9510565162951539 0.30901699437494623 0
    outer loop
      vertex -1.8168896517431292 0.7193575020198422 -3.0427641819063265
      vertex -1.8927223359773873 0.48596849817225585 -2.927235818093674
      vertex -1.8168896517431292 0.7193575020198422 -2.941235818093674
    endloop
  endfacet
  facet normal -0.951056516295154 0.3090169943749463 0
    outer loop
      vertex -1.8927223359773873 0.48596849817225585 -2.328764181906326
      vertex -1.8927223359773873 0.48596849817225585 -2.227235818093674
      vertex -1.8168896517431292 0.7193575020198422 -2.3427641819063263
    endloop
  endfacet
  facet normal -0.951056516295154 0.30901699437494623 0
    outer loop
      vertex -1.8927223359773873 0.48596849817225585 -2.227235818093674
      vertex -1.8168896517431292 0.7193575020198422 -2.2412358180936742
      vertex -1.8168896517431292 0.7193575020198422 -2.3427641819063263
    endloop
  endfacet
  facet normal -0.904827052466019 0.42577929156507377 0
    outer loop
      vertex -1.8168896517431292 0.7193575020198422 -2.3427641819063263
      vertex -1.8168896517431292 0.7193575020198422 -2.2412358180936742
      vertex -1.7124035323436124 0.941401808337234 -2.356764181906326
    endloop
  endfacet
  facet normal -0.9980267284282716 0.06279051952931333 0
    outer loop
      vertex -1.9541144342958772 0 -1.600764181906326
      vertex -1.9541144342958772 0 -1.4992358180936738
      vertex -1.938705658315764 0.24491548080498307 -1.614764181906326
    endloop
  endfacet
  facet normal -0.9980267284282716 0.06279051952931333 0
    outer loop
      vertex -1.938705658315764 0.24491548080498307 -1.614764181906326
      vertex -1.9541144342958772 0 -1.4992358180936738
      vertex -1.938705658315764 0.24491548080498307 -1.5132358180936738
    endloop
  endfacet
  facet normal -0.5045536096709903 -0.017598969894487896 -0.8632009796256181
    outer loop
      vertex -1.9541144342958772 0 -1.600764181906326
      vertex -1.938705658315764 0.24491548080498307 -1.614764181906326
      vertex -1.5101815042651463 0.1907802907746243 -1.8641391134213847
    endloop
  endfacet
  facet normal -0.9822872507286885 0.18738131458572513 0
    outer loop
      vertex -1.938705658315764 0.24491548080498307 -1.614764181906326
      vertex -1.938705658315764 0.24491548080498307 -1.5132358180936738
      vertex -1.8927223359773873 0.48596849817225585 -1.628764181906326
    endloop
  endfacet
  facet normal -0.9822872507286885 0.18738131458572513 0
    outer loop
      vertex -1.938705658315764 0.24491548080498307 -1.5132358180936738
      vertex -1.8927223359773873 0.48596849817225585 -1.5272358180936738
      vertex -1.8927223359773873 0.48596849817225585 -1.628764181906326
    endloop
  endfacet
  facet normal -0.502780789560153 0.04577713864629512 -0.8632009796256183
    outer loop
      vertex -1.938705658315764 0.24491548080498307 -1.614764181906326
      vertex -1.8927223359773873 0.48596849817225585 -1.628764181906326
      vertex -1.4743621612915423 0.3785518623971119 -1.8781391134213847
    endloop
  endfacet
  facet normal -0.49836931795159933 0.08069753216691934 0.8632009796256181
    outer loop
      vertex -1.938705658315764 0.24491548080498307 -1.5132358180936738
      vertex -1.9541144342958772 0 -1.4992358180936738
      vertex -1.5221843827777863 0 -1.2498608865786152
    endloop
  endfacet
  facet normal -0.48432544437671143 0.14252344615070953 0.8632009796256181
    outer loop
      vertex -1.938705658315764 0.24491548080498307 -1.5132358180936738
      vertex -1.5101815042651463 0.1907802907746243 -1.2638608865786152
      vertex -1.8927223359773873 0.48596849817225585 -1.5272358180936738
    endloop
  endfacet
  facet normal -0.502780789560153 0.04577713864629512 -0.8632009796256183
    outer loop
      vertex -1.938705658315764 0.24491548080498307 -0.9147641819063261
      vertex -1.8927223359773873 0.48596849817225585 -0.9287641819063261
      vertex -1.4743621612915423 0.3785518623971119 -1.1781391134213848
    endloop
  endfacet
  facet normal -0.951056516295154 0.3090169943749463 0
    outer loop
      vertex -1.8927223359773873 0.48596849817225585 -1.628764181906326
      vertex -1.8927223359773873 0.48596849817225585 -1.5272358180936738
      vertex -1.8168896517431292 0.7193575020198422 -1.6427641819063261
    endloop
  endfacet
  facet normal -0.951056516295154 0.30901699437494623 0
    outer loop
      vertex -1.8927223359773873 0.48596849817225585 -1.5272358180936738
      vertex -1.8168896517431292 0.7193575020198422 -1.5412358180936738
      vertex -1.8168896517431292 0.7193575020198422 -1.6427641819063261
    endloop
  endfacet
  facet normal -0.904827052466019 0.4257792915650737 0
    outer loop
      vertex -1.8168896517431292 0.7193575020198422 -1.6427641819063261
      vertex -1.8168896517431292 0.7193575020198422 -1.5412358180936738
      vertex -1.7124035323436124 0.941401808337234 -1.6567641819063261
    endloop
  endfacet
  facet normal -0.9980267284282716 0.06279051952931333 0
    outer loop
      vertex -1.9541144342958772 0 -0.9007641819063261
      vertex -1.9541144342958772 0 -0.799235818093674
      vertex -1.938705658315764 0.24491548080498307 -0.9147641819063261
    endloop
  endfacet
  facet normal -0.9980267284282716 0.06279051952931333 0
    outer loop
      vertex -1.9541144342958772 0 -0.799235818093674
      vertex -1.938705658315764 0.24491548080498307 -0.8132358180936741
      vertex -1.938705658315764 0.24491548080498307 -0.9147641819063261
    endloop
  endfacet
  facet normal -0.5045536096709903 -0.017598969894487896 -0.8632009796256181
    outer loop
      vertex -1.9541144342958772 0 -0.9007641819063261
      vertex -1.938705658315764 0.24491548080498307 -0.9147641819063261
      vertex -1.5101815042651463 0.1907802907746243 -1.1641391134213848
    endloop
  endfacet
  facet normal -0.49836931795159933 0.08069753216691934 0.8632009796256181
    outer loop
      vertex -1.9541144342958772 0 -0.799235818093674
      vertex -1.5221843827777863 0 -0.5498608865786154
      vertex -1.938705658315764 0.24491548080498307 -0.8132358180936741
    endloop
  endfacet
  facet normal -0.9822872507286886 0.18738131458572513 0
    outer loop
      vertex -1.938705658315764 0.24491548080498307 -0.9147641819063261
      vertex -1.938705658315764 0.24491548080498307 -0.8132358180936741
      vertex -1.8927223359773873 0.48596849817225585 -0.9287641819063261
    endloop
  endfacet
  facet normal -0.9822872507286885 0.18738131458572513 0
    outer loop
      vertex -1.938705658315764 0.24491548080498307 -0.8132358180936741
      vertex -1.8927223359773873 0.48596849817225585 -0.8272358180936741
      vertex -1.8927223359773873 0.48596849817225585 -0.9287641819063261
    endloop
  endfacet
  facet normal -0.4843254443767121 0.14252344615070964 0.8632009796256177
    outer loop
      vertex -1.938705658315764 0.24491548080498307 -0.8132358180936741
      vertex -1.5101815042651463 0.1907802907746243 -0.563860886578615
      vertex -1.8927223359773873 0.48596849817225585 -0.8272358180936741
    endloop
  endfacet
  facet normal -0.951056516295154 0.3090169943749463 0
    outer loop
      vertex -1.8927223359773873 0.48596849817225585 -0.9287641819063261
      vertex -1.8927223359773873 0.48596849817225585 -0.8272358180936741
      vertex -1.8168896517431292 0.7193575020198422 -0.9427641819063262
    endloop
  endfacet
  facet normal -0.951056516295154 0.3090169943749463 0
    outer loop
      vertex -1.8927223359773873 0.48596849817225585 -0.8272358180936741
      vertex -1.8168896517431292 0.7193575020198422 -0.8412358180936741
      vertex -1.8168896517431292 0.7193575020198422 -0.9427641819063262
    endloop
  endfacet
  facet normal -0.904827052466019 0.42577929156507377 0
    outer loop
      vertex -1.8168896517431292 0.7193575020198422 -0.9427641819063262
      vertex -1.8168896517431292 0.7193575020198422 -0.8412358180936741
      vertex -1.7124035323436124 0.941401808337234 -0.956764181906326
    endloop
  endfacet
  facet normal -0.7064080908128536 0.04444342997877669 -0.7064080908128535
    outer loop
      vertex -1.5221843827777863 0 -3.7463026028703688
      vertex -1.5101815042651463 0.1907802907746243 -3.7463026028703688
      vertex -1.2584845868876218 0.15898357564552024 -4
    endloop
  endfacet
  facet normal -0.7064080908128539 0.044443429978777434 -0.7064080908128533
    outer loop
      vertex -1.5221843827777863 0 -3.7463026028703688
      vertex -1.2584845868876218 0.15898357564552024 -4
      vertex -1.2684869856481553 0 -4
    endloop
  endfacet
  facet normal -0.9980267284282717 0.06279051952931339 0
    outer loop
      vertex -1.5221843827777863 0 -3.7463026028703688
      vertex -1.5221843827777863 0 -3.736289995108648
      vertex -1.5101815042651463 0.1907802907746243 -3.7463026028703688
    endloop
  endfacet
  facet normal -0.9980267284282716 0.06279051952931339 0
    outer loop
      vertex -1.5221843827777863 0 -3.736289995108648
      vertex -1.5221843827777863 0 -3.6645947022980687
      vertex -1.5101815042651463 0.1907802907746243 -3.7463026028703688
    endloop
  endfacet
  facet normal -0.9980267284282716 0.06279051952931339 0
    outer loop
      vertex -1.5221843827777863 0 -3.6645947022980687
      vertex -1.5221843827777863 0 -3.635405297701931
      vertex -1.5101815042651463 0.1907802907746243 -3.678594702298069
    endloop
  endfacet
  facet normal -0.9980267284282716 0.06279051952931339 0
    outer loop
      vertex -1.5221843827777863 0 -3.635405297701931
      vertex -1.5221843827777863 0 -3.5637100048913517
      vertex -1.5101815042651463 0.1907802907746243 -3.6494052977019313
    endloop
  endfacet
  facet normal -0.9980267284282716 0.06279051952931337 0
    outer loop
      vertex -1.5221843827777863 0 -3.6645947022980687
      vertex -1.5101815042651463 0.1907802907746243 -3.678594702298069
      vertex -1.5101815042651463 0.1907802907746243 -3.7463026028703688
    endloop
  endfacet
  facet normal -0.9980267284282716 0.06279051952931337 0
    outer loop
      vertex -1.5221843827777863 0 -3.635405297701931
      vertex -1.5101815042651463 0.1907802907746243 -3.6494052977019313
      vertex -1.5101815042651463 0.1907802907746243 -3.678594702298069
    endloop
  endfacet
  facet normal -0.9980267284282716 0.0627905195293134 0
    outer loop
      vertex -1.5221843827777863 0 -3.5637100048913517
      vertex -1.5101815042651463 0.1907802907746243 -3.577710004891352
      vertex -1.5101815042651463 0.1907802907746243 -3.6494052977019313
    endloop
  endfacet
  facet normal -0.6952676132329961 0.13262939049634606 -0.7064080908128536
    outer loop
      vertex -1.5101815042651463 0.1907802907746243 -3.7463026028703688
      vertex -1.2286351344096187 0.3154598853309266 -4
      vertex -1.2584845868876218 0.15898357564552024 -4
    endloop
  endfacet
  facet normal -0.6952676132329962 0.13262939049634728 -0.7064080908128532
    outer loop
      vertex -1.5101815042651463 0.1907802907746243 -3.7463026028703688
      vertex -1.4743621612915423 0.3785518623971119 -3.7463026028703688
      vertex -1.2286351344096187 0.3154598853309266 -4
    endloop
  endfacet
  facet normal -0.9822872507286885 0.18738131458572552 0
    outer loop
      vertex -1.5101815042651463 0.1907802907746243 -3.7463026028703688
      vertex -1.5101815042651463 0.1907802907746243 -3.678594702298069
      vertex -1.4743621612915423 0.3785518623971119 -3.7463026028703688
    endloop
  endfacet
  facet normal -0.9822872507286886 0.18738131458572554 0
    outer loop
      vertex -1.5101815042651463 0.1907802907746243 -3.678594702298069
      vertex -1.5101815042651463 0.1907802907746243 -3.6494052977019313
      vertex -1.4743621612915423 0.3785518623971119 -3.692594702298069
    endloop
  endfacet
  facet normal -0.9822872507286885 0.18738131458572552 0
    outer loop
      vertex -1.5101815042651463 0.1907802907746243 -3.6494052977019313
      vertex -1.5101815042651463 0.1907802907746243 -3.577710004891352
      vertex -1.4743621612915423 0.3785518623971119 -3.663405297701931
    endloop
  endfacet
  facet normal -0.9822872507286885 0.18738131458572552 0
    outer loop
      vertex -1.5101815042651463 0.1907802907746243 -3.678594702298069
      vertex -1.4743621612915423 0.3785518623971119 -3.692594702298069
      vertex -1.4743621612915423 0.3785518623971119 -3.7463026028703688
    endloop
  endfacet
  facet normal -0.9822872507286886 0.18738131458572554 0
    outer loop
      vertex -1.5101815042651463 0.1907802907746243 -3.6494052977019313
      vertex -1.4743621612915423 0.3785518623971119 -3.663405297701931
      vertex -1.4743621612915423 0.3785518623971119 -3.692594702298069
    endloop
  endfacet
  facet normal -0.9822872507286885 0.18738131458572554 0
    outer loop
      vertex -1.5101815042651463 0.1907802907746243 -3.577710004891352
      vertex -1.4743621612915423 0.3785518623971119 -3.591710004891352
      vertex -1.4743621612915423 0.3785518623971119 -3.663405297701931
    endloop
  endfacet
  facet normal -0.49974269139444155 -0.03207755588197254 -0.865579732206386
    outer loop
      vertex -1.9541144342958772 0 -3.000764181906326
      vertex -1.5101815042651463 0.1907802907746243 -3.264139113421385
      vertex -1.5221843827777863 0 -3.250139113421385
    endloop
  endfacet
  facet normal -0.4998224548104168 0.030809752689852588 -0.8655797322063861
    outer loop
      vertex -1.938705658315764 0.24491548080498307 -3.014764181906326
      vertex -1.4743621612915423 0.3785518623971119 -3.2781391134213846
      vertex -1.5101815042651463 0.1907802907746243 -3.264139113421385
    endloop
  endfacet
  facet normal -0.9980267284282716 0.06279051952931339 0
    outer loop
      vertex -1.5221843827777863 0 -3.5637100048913517
      vertex -1.5221843827777863 0 -3.250139113421385
      vertex -1.5101815042651463 0.1907802907746243 -3.577710004891352
    endloop
  endfacet
  facet normal -0.9980267284282716 0.06279051952931339 0
    outer loop
      vertex -1.5101815042651463 0.1907802907746243 -3.577710004891352
      vertex -1.5221843827777863 0 -3.250139113421385
      vertex -1.5101815042651463 0.1907802907746243 -3.264139113421385
    endloop
  endfacet
  facet normal -0.9822872507286885 0.18738131458572552 0
    outer loop
      vertex -1.5101815042651463 0.1907802907746243 -3.577710004891352
      vertex -1.5101815042651463 0.1907802907746243 -3.264139113421385
      vertex -1.4743621612915423 0.3785518623971119 -3.591710004891352
    endloop
  endfacet
  facet normal -0.9822872507286885 0.18738131458572554 0
    outer loop
      vertex -1.4743621612915423 0.3785518623971119 -3.591710004891352
      vertex -1.5101815042651463 0.1907802907746243 -3.264139113421385
      vertex -1.4743621612915423 0.3785518623971119 -3.2781391134213846
    endloop
  endfacet
  facet normal -0.6731623500597143 0.21872370629683036 -0.7064080908128535
    outer loop
      vertex -1.4743621612915423 0.3785518623971119 -3.7463026028703688
      vertex -1.4152912462931073 0.5603534450136751 -3.7463026028703688
      vertex -1.1794093719109227 0.4669612041780626 -4
    endloop
  endfacet
  facet normal -0.9510565162951542 0.30901699437494573 0
    outer loop
      vertex -1.4743621612915423 0.3785518623971119 -3.7463026028703688
      vertex -1.4743621612915423 0.3785518623971119 -3.692594702298069
      vertex -1.4152912462931073 0.5603534450136751 -3.7463026028703688
    endloop
  endfacet
  facet normal -0.9510565162951541 0.3090169943749457 0
    outer loop
      vertex -1.4743621612915423 0.3785518623971119 -3.692594702298069
      vertex -1.4743621612915423 0.3785518623971119 -3.663405297701931
      vertex -1.4152912462931073 0.5603534450136751 -3.706594702298069
    endloop
  endfacet
  facet normal -0.9510565162951542 0.30901699437494573 0
    outer loop
      vertex -1.4743621612915423 0.3785518623971119 -3.663405297701931
      vertex -1.4743621612915423 0.3785518623971119 -3.591710004891352
      vertex -1.4152912462931073 0.5603534450136751 -3.677405297701931
    endloop
  endfacet
  facet normal -0.9510565162951541 0.3090169943749457 0
    outer loop
      vertex -1.4743621612915423 0.3785518623971119 -3.692594702298069
      vertex -1.4152912462931073 0.5603534450136751 -3.706594702298069
      vertex -1.4152912462931073 0.5603534450136751 -3.7463026028703688
    endloop
  endfacet
  facet normal -0.9510565162951542 0.3090169943749457 0
    outer loop
      vertex -1.4743621612915423 0.3785518623971119 -3.663405297701931
      vertex -1.4152912462931073 0.5603534450136751 -3.677405297701931
      vertex -1.4152912462931073 0.5603534450136751 -3.706594702298069
    endloop
  endfacet
  facet normal -0.9510565162951542 0.3090169943749457 0
    outer loop
      vertex -1.4743621612915423 0.3785518623971119 -3.591710004891352
      vertex -1.4152912462931073 0.5603534450136751 -3.605710004891352
      vertex -1.4152912462931073 0.5603534450136751 -3.677405297701931
    endloop
  endfacet
  facet normal -0.904827052466019 0.42577929156507377 0
    outer loop
      vertex -1.4152912462931073 0.5603534450136751 -3.7463026028703688
      vertex -1.4152912462931073 0.5603534450136751 -3.706594702298069
      vertex -1.3339003428866194 0.7333179190634505 -3.7463026028703688
    endloop
  endfacet
  facet normal -0.9048270524660189 0.42577929156507377 0
    outer loop
      vertex -1.4152912462931073 0.5603534450136751 -3.706594702298069
      vertex -1.4152912462931073 0.5603534450136751 -3.677405297701931
      vertex -1.3339003428866194 0.7333179190634505 -3.7205947022980688
    endloop
  endfacet
  facet normal -0.904827052466019 0.4257792915650737 0
    outer loop
      vertex -1.4152912462931073 0.5603534450136751 -3.677405297701931
      vertex -1.4152912462931073 0.5603534450136751 -3.605710004891352
      vertex -1.3339003428866194 0.7333179190634505 -3.691405297701931
    endloop
  endfacet
  facet normal -0.9048270524660189 0.4257792915650737 0
    outer loop
      vertex -1.4152912462931073 0.5603534450136751 -3.605710004891352
      vertex -1.4152912462931073 0.5603534450136751 -3.292139113421385
      vertex -1.3339003428866194 0.7333179190634505 -3.6197100048913518
    endloop
  endfacet
  facet normal -0.904827052466019 0.4257792915650738 0
    outer loop
      vertex -1.4152912462931073 0.5603534450136751 -3.706594702298069
      vertex -1.3339003428866194 0.7333179190634505 -3.7205947022980688
      vertex -1.3339003428866194 0.7333179190634505 -3.7463026028703688
    endloop
  endfacet
  facet normal -0.904827052466019 0.42577929156507377 0
    outer loop
      vertex -1.4152912462931073 0.5603534450136751 -3.677405297701931
      vertex -1.3339003428866194 0.7333179190634505 -3.691405297701931
      vertex -1.3339003428866194 0.7333179190634505 -3.7205947022980688
    endloop
  endfacet
  facet normal -0.904827052466019 0.42577929156507377 0
    outer loop
      vertex -1.4152912462931073 0.5603534450136751 -3.605710004891352
      vertex -1.3339003428866194 0.7333179190634505 -3.6197100048913518
      vertex -1.3339003428866194 0.7333179190634505 -3.691405297701931
    endloop
  endfacet
  facet normal -0.4930788160512673 0.1084313143646867 -0.8632009796256183
    outer loop
      vertex -1.8927223359773873 0.48596849817225585 -3.0287641819063262
      vertex -1.8168896517431292 0.7193575020198422 -3.0427641819063265
      vertex -1.4152912462931073 0.5603534450136751 -3.292139113421385
    endloop
  endfacet
  facet normal -0.4920197195345702 0.0932111730569001 -0.8655797322063863
    outer loop
      vertex -1.8927223359773873 0.48596849817225585 -3.0287641819063262
      vertex -1.4152912462931073 0.5603534450136751 -3.292139113421385
      vertex -1.4743621612915423 0.3785518623971119 -3.2781391134213846
    endloop
  endfacet
  facet normal -0.4756006950622449 0.16937546348182617 -0.8632009796256177
    outer loop
      vertex -1.8168896517431292 0.7193575020198422 -3.0427641819063265
      vertex -1.7124035323436124 0.941401808337234 -3.056764181906326
      vertex -1.3339003428866194 0.7333179190634505 -3.306139113421385
    endloop
  endfacet
  facet normal -0.9510565162951542 0.30901699437494573 0
    outer loop
      vertex -1.4743621612915423 0.3785518623971119 -3.591710004891352
      vertex -1.4743621612915423 0.3785518623971119 -3.2781391134213846
      vertex -1.4152912462931073 0.5603534450136751 -3.605710004891352
    endloop
  endfacet
  facet normal -0.9510565162951541 0.3090169943749457 0
    outer loop
      vertex -1.4743621612915423 0.3785518623971119 -3.2781391134213846
      vertex -1.4152912462931073 0.5603534450136751 -3.292139113421385
      vertex -1.4152912462931073 0.5603534450136751 -3.605710004891352
    endloop
  endfacet
  facet normal -0.904827052466019 0.4257792915650737 0
    outer loop
      vertex -1.3339003428866194 0.7333179190634505 -3.6197100048913518
      vertex -1.4152912462931073 0.5603534450136751 -3.292139113421385
      vertex -1.3339003428866194 0.7333179190634505 -3.306139113421385
    endloop
  endfacet
  facet normal -0.4764575393633295 0.15414259754319004 -0.8655797322063864
    outer loop
      vertex -1.8168896517431292 0.7193575020198422 -3.0427641819063265
      vertex -1.3339003428866194 0.7333179190634505 -3.306139113421385
      vertex -1.4152912462931073 0.5603534450136751 -3.292139113421385
    endloop
  endfacet
  facet normal -0.45338133917439205 0.2126431011858994 -0.8655797322063856
    outer loop
      vertex -1.3339003428866194 0.7333179190634505 -3.306139113421385
      vertex -1.7124035323436124 0.941401808337234 -3.056764181906326
      vertex -1.2314730342393692 0.8947175314667035 -3.320139113421385
    endloop
  endfacet
  facet normal -0.6731623500597143 0.21872370629683136 -0.7064080908128532
    outer loop
      vertex -1.4743621612915423 0.3785518623971119 -3.7463026028703688
      vertex -1.1794093719109227 0.4669612041780626 -4
      vertex -1.2286351344096187 0.3154598853309266 -4
    endloop
  endfacet
  facet normal -0.6404409144982937 0.30136861858980696 -0.7064080908128535
    outer loop
      vertex -1.4152912462931073 0.5603534450136751 -3.7463026028703688
      vertex -1.1115836190721828 0.6110982658862087 -4
      vertex -1.1794093719109227 0.4669612041780626 -4
    endloop
  endfacet
  facet normal -0.6404409144982938 0.30136861858980757 -0.7064080908128534
    outer loop
      vertex -1.4152912462931073 0.5603534450136751 -3.7463026028703688
      vertex -1.3339003428866194 0.7333179190634505 -3.7463026028703688
      vertex -1.1115836190721828 0.6110982658862087 -4
    endloop
  endfacet
  facet normal -0.5976193431343783 0.37926076773873385 -0.7064080908128534
    outer loop
      vertex -1.3339003428866194 0.7333179190634505 -3.7463026028703688
      vertex -1.0262275285328077 0.7455979428889197 -4
      vertex -1.1115836190721828 0.6110982658862087 -4
    endloop
  endfacet
  facet normal -0.5976193431343783 0.3792607677387344 -0.7064080908128532
    outer loop
      vertex -1.3339003428866194 0.7333179190634505 -3.7463026028703688
      vertex -1.2314730342393692 0.8947175314667035 -3.7463026028703688
      vertex -1.0262275285328077 0.7455979428889197 -4
    endloop
  endfacet
  facet normal -0.8443279255020151 0.5358267949789967 0
    outer loop
      vertex -1.3339003428866194 0.7333179190634505 -3.7463026028703688
      vertex -1.3339003428866194 0.7333179190634505 -3.7205947022980688
      vertex -1.2314730342393692 0.8947175314667035 -3.7463026028703688
    endloop
  endfacet
  facet normal -0.8443279255020151 0.5358267949789967 0
    outer loop
      vertex -1.3339003428866194 0.7333179190634505 -3.7205947022980688
      vertex -1.3339003428866194 0.7333179190634505 -3.691405297701931
      vertex -1.2314730342393692 0.8947175314667035 -3.734594702298069
    endloop
  endfacet
  facet normal -0.8443279255020151 0.5358267949789967 0
    outer loop
      vertex -1.3339003428866194 0.7333179190634505 -3.691405297701931
      vertex -1.3339003428866194 0.7333179190634505 -3.6197100048913518
      vertex -1.2314730342393692 0.8947175314667035 -3.7054052977019314
    endloop
  endfacet
  facet normal -0.8443279255020151 0.5358267949789967 0
    outer loop
      vertex -1.3339003428866194 0.7333179190634505 -3.7205947022980688
      vertex -1.2314730342393692 0.8947175314667035 -3.734594702298069
      vertex -1.2314730342393692 0.8947175314667035 -3.7463026028703688
    endloop
  endfacet
  facet normal -0.8443279255020151 0.5358267949789967 0
    outer loop
      vertex -1.3339003428866194 0.7333179190634505 -3.691405297701931
      vertex -1.2314730342393692 0.8947175314667035 -3.7054052977019314
      vertex -1.2314730342393692 0.8947175314667035 -3.734594702298069
    endloop
  endfacet
  facet normal -0.8443279255020151 0.5358267949789967 0
    outer loop
      vertex -1.3339003428866194 0.7333179190634505 -3.6197100048913518
      vertex -1.2314730342393692 0.8947175314667035 -3.633710004891352
      vertex -1.2314730342393692 0.8947175314667035 -3.7054052977019314
    endloop
  endfacet
  facet normal -0.844327925502015 0.5358267949789967 0
    outer loop
      vertex -1.3339003428866194 0.7333179190634505 -3.6197100048913518
      vertex -1.3339003428866194 0.7333179190634505 -3.306139113421385
      vertex -1.2314730342393692 0.8947175314667035 -3.633710004891352
    endloop
  endfacet
  facet normal -0.5453729577287418 0.4511717480210211 -0.706408090812853
    outer loop
      vertex -1.0262275285328077 0.7455979428889197 -4
      vertex -1.2314730342393692 0.8947175314667035 -3.7463026028703688
      vertex -0.9246872168298597 0.8683390949336506 -4
    endloop
  endfacet
  facet normal -0.8443279255020151 0.5358267949789967 0
    outer loop
      vertex -1.3339003428866194 0.7333179190634505 -3.306139113421385
      vertex -1.2314730342393692 0.8947175314667035 -3.320139113421385
      vertex -1.2314730342393692 0.8947175314667035 -3.633710004891352
    endloop
  endfacet
  facet normal -0.4917816872033613 0.09445898223533726 0.8655797322063863
    outer loop
      vertex -1.938705658315764 0.24491548080498307 -2.913235818093674
      vertex -1.5221843827777863 0 -2.6498608865786153
      vertex -1.5101815042651463 0.1907802907746243 -2.6638608865786155
    endloop
  endfacet
  facet normal -0.47606499202894603 0.15535073401178615 0.865579732206386
    outer loop
      vertex -1.8927223359773873 0.48596849817225585 -2.927235818093674
      vertex -1.5101815042651463 0.1907802907746243 -2.6638608865786155
      vertex -1.4743621612915423 0.3785518623971119 -2.6778608865786153
    endloop
  endfacet
  facet normal -0.9980267284282716 0.0627905195293134 0
    outer loop
      vertex -1.5221843827777863 0 -2.6498608865786153
      vertex -1.5221843827777863 0 -2.550139113421385
      vertex -1.5101815042651463 0.1907802907746243 -2.6638608865786155
    endloop
  endfacet
  facet normal -0.9980267284282716 0.06279051952931339 0
    outer loop
      vertex -1.5221843827777863 0 -2.550139113421385
      vertex -1.5101815042651463 0.1907802907746243 -2.564139113421385
      vertex -1.5101815042651463 0.1907802907746243 -2.6638608865786155
    endloop
  endfacet
  facet normal -0.9822872507286884 0.18738131458572552 0
    outer loop
      vertex -1.5101815042651463 0.1907802907746243 -2.6638608865786155
      vertex -1.5101815042651463 0.1907802907746243 -2.564139113421385
      vertex -1.4743621612915423 0.3785518623971119 -2.6778608865786153
    endloop
  endfacet
  facet normal -0.9822872507286884 0.18738131458572552 0
    outer loop
      vertex -1.5101815042651463 0.1907802907746243 -2.564139113421385
      vertex -1.4743621612915423 0.3785518623971119 -2.578139113421385
      vertex -1.4743621612915423 0.3785518623971119 -2.6778608865786153
    endloop
  endfacet
  facet normal -0.49974269139444155 -0.03207755588197458 -0.865579732206386
    outer loop
      vertex -1.9541144342958772 0 -2.300764181906326
      vertex -1.5101815042651463 0.1907802907746243 -2.564139113421385
      vertex -1.5221843827777863 0 -2.550139113421385
    endloop
  endfacet
  facet normal -0.4917816872033624 0.09445898223533633 0.8655797322063857
    outer loop
      vertex -1.938705658315764 0.24491548080498307 -2.213235818093674
      vertex -1.5221843827777863 0 -1.9498608865786151
      vertex -1.5101815042651463 0.1907802907746243 -1.9638608865786151
    endloop
  endfacet
  facet normal -0.4998224548104168 0.030809752689852588 -0.8655797322063861
    outer loop
      vertex -1.938705658315764 0.24491548080498307 -2.3147641819063263
      vertex -1.4743621612915423 0.3785518623971119 -2.578139113421385
      vertex -1.5101815042651463 0.1907802907746243 -2.564139113421385
    endloop
  endfacet
  facet normal -0.4760649920289458 0.155350734011787 0.865579732206386
    outer loop
      vertex -1.8927223359773873 0.48596849817225585 -2.227235818093674
      vertex -1.5101815042651463 0.1907802907746243 -1.9638608865786151
      vertex -1.4743621612915423 0.3785518623971119 -1.9778608865786151
    endloop
  endfacet
  facet normal -0.46264346922200705 0.20210168024932176 0.8632009796256181
    outer loop
      vertex -1.8927223359773873 0.48596849817225585 -2.927235818093674
      vertex -1.4743621612915423 0.3785518623971119 -2.6778608865786153
      vertex -1.8168896517431292 0.7193575020198422 -2.941235818093674
    endloop
  endfacet
  facet normal -0.45284046754279217 0.21379251191083953 0.8655797322063862
    outer loop
      vertex -1.8168896517431292 0.7193575020198422 -2.941235818093674
      vertex -1.4743621612915423 0.3785518623971119 -2.6778608865786153
      vertex -1.4152912462931073 0.5603534450136751 -2.691860886578615
    endloop
  endfacet
  facet normal -0.4336653301878578 0.25849265012071415 0.8632009796256179
    outer loop
      vertex -1.8168896517431292 0.7193575020198422 -2.941235818093674
      vertex -1.4152912462931073 0.5603534450136751 -2.691860886578615
      vertex -1.7124035323436124 0.941401808337234 -2.955235818093674
    endloop
  endfacet
  facet normal -0.904827052466019 0.4257792915650737 0
    outer loop
      vertex -1.8168896517431292 0.7193575020198422 -2.941235818093674
      vertex -1.7124035323436124 0.941401808337234 -2.955235818093674
      vertex -1.7124035323436124 0.941401808337234 -3.056764181906326
    endloop
  endfacet
  facet normal -0.9510565162951541 0.30901699437494573 0
    outer loop
      vertex -1.4743621612915423 0.3785518623971119 -2.6778608865786153
      vertex -1.4743621612915423 0.3785518623971119 -2.578139113421385
      vertex -1.4152912462931073 0.5603534450136751 -2.691860886578615
    endloop
  endfacet
  facet normal -0.9510565162951541 0.30901699437494573 0
    outer loop
      vertex -1.4743621612915423 0.3785518623971119 -2.578139113421385
      vertex -1.4152912462931073 0.5603534450136751 -2.5921391134213847
      vertex -1.4152912462931073 0.5603534450136751 -2.691860886578615
    endloop
  endfacet
  facet normal -0.9048270524660191 0.42577929156507377 0
    outer loop
      vertex -1.4152912462931073 0.5603534450136751 -2.691860886578615
      vertex -1.4152912462931073 0.5603534450136751 -2.5921391134213847
      vertex -1.3339003428866194 0.7333179190634505 -2.7058608865786153
    endloop
  endfacet
  facet normal -0.42247437836970364 0.26886265418360683 0.8655797322063858
    outer loop
      vertex -1.4152912462931073 0.5603534450136751 -2.691860886578615
      vertex -1.3339003428866194 0.7333179190634505 -2.7058608865786153
      vertex -1.7124035323436124 0.941401808337234 -2.955235818093674
    endloop
  endfacet
  facet normal -0.4764575393633295 0.15414259754319004 -0.8655797322063864
    outer loop
      vertex -1.8168896517431292 0.7193575020198422 -2.3427641819063263
      vertex -1.3339003428866194 0.7333179190634505 -2.606139113421385
      vertex -1.4152912462931073 0.5603534450136751 -2.5921391134213847
    endloop
  endfacet
  facet normal -0.4533813391743925 0.21264310118589724 -0.865579732206386
    outer loop
      vertex -1.3339003428866194 0.7333179190634505 -2.606139113421385
      vertex -1.7124035323436124 0.941401808337234 -2.356764181906326
      vertex -1.2314730342393692 0.8947175314667035 -2.620139113421385
    endloop
  endfacet
  facet normal -0.9048270524660191 0.42577929156507377 0
    outer loop
      vertex -1.4152912462931073 0.5603534450136751 -2.5921391134213847
      vertex -1.3339003428866194 0.7333179190634505 -2.606139113421385
      vertex -1.3339003428866194 0.7333179190634505 -2.7058608865786153
    endloop
  endfacet
  facet normal -0.4930788160512673 0.1084313143646867 -0.8632009796256183
    outer loop
      vertex -1.8927223359773873 0.48596849817225585 -2.328764181906326
      vertex -1.8168896517431292 0.7193575020198422 -2.3427641819063263
      vertex -1.4152912462931073 0.5603534450136751 -2.5921391134213847
    endloop
  endfacet
  facet normal -0.49201971953457035 0.09321117305690227 -0.8655797322063861
    outer loop
      vertex -1.8927223359773873 0.48596849817225585 -2.328764181906326
      vertex -1.4152912462931073 0.5603534450136751 -2.5921391134213847
      vertex -1.4743621612915423 0.3785518623971119 -2.578139113421385
    endloop
  endfacet
  facet normal -0.4626434692220066 0.20210168024932323 0.863200979625618
    outer loop
      vertex -1.8927223359773873 0.48596849817225585 -2.227235818093674
      vertex -1.4743621612915423 0.3785518623971119 -1.9778608865786151
      vertex -1.8168896517431292 0.7193575020198422 -2.2412358180936742
    endloop
  endfacet
  facet normal -0.45284046754279206 0.21379251191084048 0.8655797322063858
    outer loop
      vertex -1.8168896517431292 0.7193575020198422 -2.2412358180936742
      vertex -1.4743621612915423 0.3785518623971119 -1.9778608865786151
      vertex -1.4152912462931073 0.5603534450136751 -1.9918608865786152
    endloop
  endfacet
  facet normal -0.904827052466019 0.42577929156507377 0
    outer loop
      vertex -1.8168896517431292 0.7193575020198422 -2.2412358180936742
      vertex -1.7124035323436124 0.941401808337234 -2.255235818093674
      vertex -1.7124035323436124 0.941401808337234 -2.356764181906326
    endloop
  endfacet
  facet normal -0.47560069506224506 0.16937546348182447 -0.863200979625618
    outer loop
      vertex -1.8168896517431292 0.7193575020198422 -2.3427641819063263
      vertex -1.7124035323436124 0.941401808337234 -2.356764181906326
      vertex -1.3339003428866194 0.7333179190634505 -2.606139113421385
    endloop
  endfacet
  facet normal -0.43366533018785874 0.2584926501207129 0.8632009796256177
    outer loop
      vertex -1.8168896517431292 0.7193575020198422 -2.2412358180936742
      vertex -1.4152912462931073 0.5603534450136751 -1.9918608865786152
      vertex -1.7124035323436124 0.941401808337234 -2.255235818093674
    endloop
  endfacet
  facet normal -0.42247437836970403 0.2688626541836059 0.865579732206386
    outer loop
      vertex -1.3339003428866194 0.7333179190634505 -2.005860886578615
      vertex -1.7124035323436124 0.941401808337234 -2.255235818093674
      vertex -1.4152912462931073 0.5603534450136751 -1.9918608865786152
    endloop
  endfacet
  facet normal -0.8443279255020151 0.5358267949789967 0
    outer loop
      vertex -1.3339003428866194 0.7333179190634505 -2.7058608865786153
      vertex -1.3339003428866194 0.7333179190634505 -2.606139113421385
      vertex -1.2314730342393692 0.8947175314667035 -2.7198608865786156
    endloop
  endfacet
  facet normal -0.8443279255020151 0.5358267949789967 0
    outer loop
      vertex -1.3339003428866194 0.7333179190634505 -2.606139113421385
      vertex -1.2314730342393692 0.8947175314667035 -2.620139113421385
      vertex -1.2314730342393692 0.8947175314667035 -2.7198608865786156
    endloop
  endfacet
  facet normal -0.8443279255020152 0.5358267949789963 0
    outer loop
      vertex -1.7124035323436124 0.941401808337234 -3.056764181906326
      vertex -1.7124035323436124 0.941401808337234 -2.955235818093674
      vertex -1.5809117862987512 1.1485996457709655 -3.070764181906326
    endloop
  endfacet
  facet normal -0.4506220670020088 0.22764846035985123 -0.8632009796256179
    outer loop
      vertex -1.7124035323436124 0.941401808337234 -3.056764181906326
      vertex -1.5809117862987512 1.1485996457709655 -3.070764181906326
      vertex -1.2314730342393692 0.8947175314667035 -3.320139113421385
    endloop
  endfacet
  facet normal -0.7705132427757895 0.6374239897486893 0
    outer loop
      vertex -1.5809117862987512 1.1485996457709655 -3.070764181906326
      vertex -1.5809117862987512 1.1485996457709655 -2.969235818093674
      vertex -1.424488116993034 1.3376833806507191 -3.0847641819063263
    endloop
  endfacet
  facet normal -0.7705132427757895 0.6374239897486893 0
    outer loop
      vertex -1.424488116993034 1.3376833806507191 -3.0847641819063263
      vertex -1.5809117862987512 1.1485996457709655 -2.969235818093674
      vertex -1.424488116993034 1.3376833806507191 -2.983235818093674
    endloop
  endfacet
  facet normal -0.41853685975657456 0.2823313050274063 -0.8632009796256184
    outer loop
      vertex -1.5809117862987512 1.1485996457709655 -3.070764181906326
      vertex -1.424488116993034 1.3376833806507191 -3.0847641819063263
      vertex -1.1096246601958315 1.0420069139203807 -3.3341391134213847
    endloop
  endfacet
  facet normal -0.6845471059286888 0.7289686274214114 0
    outer loop
      vertex -1.424488116993034 1.3376833806507191 -3.0847641819063263
      vertex -1.424488116993034 1.3376833806507191 -2.983235818093674
      vertex -1.2455994191343815 1.5056710495242935 -3.098764181906326
    endloop
  endfacet
  facet normal -0.7705132427757895 0.6374239897486896 0
    outer loop
      vertex -1.2314730342393692 0.8947175314667035 -3.7463026028703688
      vertex -1.2314730342393692 0.8947175314667035 -3.734594702298069
      vertex -1.1096246601958315 1.0420069139203807 -3.7463026028703688
    endloop
  endfacet
  facet normal -0.7705132427757894 0.6374239897486895 0
    outer loop
      vertex -1.2314730342393692 0.8947175314667035 -3.734594702298069
      vertex -1.2314730342393692 0.8947175314667035 -3.7054052977019314
      vertex -1.1096246601958315 1.0420069139203807 -3.7463026028703688
    endloop
  endfacet
  facet normal -0.7705132427757895 0.6374239897486895 0
    outer loop
      vertex -1.2314730342393692 0.8947175314667035 -3.7054052977019314
      vertex -1.2314730342393692 0.8947175314667035 -3.633710004891352
      vertex -1.1096246601958315 1.0420069139203807 -3.719405297701931
    endloop
  endfacet
  facet normal -0.7705132427757894 0.6374239897486895 0
    outer loop
      vertex -1.2314730342393692 0.8947175314667035 -3.633710004891352
      vertex -1.2314730342393692 0.8947175314667035 -3.320139113421385
      vertex -1.1096246601958315 1.0420069139203807 -3.647710004891352
    endloop
  endfacet
  facet normal -0.7705132427757893 0.6374239897486895 0
    outer loop
      vertex -1.2314730342393692 0.8947175314667035 -3.7054052977019314
      vertex -1.1096246601958315 1.0420069139203807 -3.719405297701931
      vertex -1.1096246601958315 1.0420069139203807 -3.7463026028703688
    endloop
  endfacet
  facet normal -0.7705132427757895 0.6374239897486895 0
    outer loop
      vertex -1.2314730342393692 0.8947175314667035 -3.633710004891352
      vertex -1.1096246601958315 1.0420069139203807 -3.647710004891352
      vertex -1.1096246601958315 1.0420069139203807 -3.719405297701931
    endloop
  endfacet
  facet normal -0.5453729577287421 0.4511717480210209 -0.7064080908128533
    outer loop
      vertex -0.9246872168298597 0.8683390949336506 -4
      vertex -1.2314730342393692 0.8947175314667035 -3.7463026028703688
      vertex -1.1096246601958315 1.0420069139203807 -3.7463026028703688
    endloop
  endfacet
  facet normal -0.4845257149897102 0.5159674803200777 -0.7064080908128532
    outer loop
      vertex -0.9246872168298597 0.8683390949336506 -4
      vertex -1.1096246601958315 1.0420069139203807 -3.7463026028703688
      vertex -0.8085640353361359 0.9773860207306464 -4
    endloop
  endfacet
  facet normal -0.48452571498971025 0.5159674803200777 -0.7064080908128532
    outer loop
      vertex -1.1096246601958315 1.0420069139203807 -3.7463026028703688
      vertex -0.970276842403363 1.1728632248767756 -3.7463026028703688
      vertex -0.8085640353361359 0.9773860207306464 -4
    endloop
  endfacet
  facet normal -0.6845471059286888 0.7289686274214112 0
    outer loop
      vertex -1.1096246601958315 1.0420069139203807 -3.7463026028703688
      vertex -1.1096246601958315 1.0420069139203807 -3.719405297701931
      vertex -0.970276842403363 1.1728632248767756 -3.7463026028703688
    endloop
  endfacet
  facet normal -0.684547105928689 0.7289686274214112 0
    outer loop
      vertex -1.1096246601958315 1.0420069139203807 -3.719405297701931
      vertex -1.1096246601958315 1.0420069139203807 -3.647710004891352
      vertex -0.970276842403363 1.1728632248767756 -3.733405297701931
    endloop
  endfacet
  facet normal -0.684547105928689 0.7289686274214113 0
    outer loop
      vertex -1.1096246601958315 1.0420069139203807 -3.647710004891352
      vertex -1.1096246601958315 1.0420069139203807 -3.3341391134213847
      vertex -0.970276842403363 1.1728632248767756 -3.661710004891352
    endloop
  endfacet
  facet normal -0.6845471059286888 0.7289686274214112 0
    outer loop
      vertex -1.1096246601958315 1.0420069139203807 -3.719405297701931
      vertex -0.970276842403363 1.1728632248767756 -3.733405297701931
      vertex -0.970276842403363 1.1728632248767756 -3.7463026028703688
    endloop
  endfacet
  facet normal -0.684547105928689 0.7289686274214112 0
    outer loop
      vertex -1.1096246601958315 1.0420069139203807 -3.647710004891352
      vertex -0.970276842403363 1.1728632248767756 -3.661710004891352
      vertex -0.970276842403363 1.1728632248767756 -3.733405297701931
    endloop
  endfacet
  facet normal -0.587785252292472 0.8090169943749481 0
    outer loop
      vertex -0.970276842403363 1.1728632248767756 -3.7463026028703688
      vertex -0.970276842403363 1.1728632248767756 -3.733405297701931
      vertex -0.8156271791909037 1.2852227821423332 -3.7463026028703688
    endloop
  endfacet
  facet normal -0.5877852522924722 0.8090169943749481 0
    outer loop
      vertex -0.970276842403363 1.1728632248767756 -3.733405297701931
      vertex -0.970276842403363 1.1728632248767756 -3.661710004891352
      vertex -0.8156271791909037 1.2852227821423332 -3.7463026028703688
    endloop
  endfacet
  facet normal -0.5877852522924722 0.8090169943749482 0
    outer loop
      vertex -0.970276842403363 1.1728632248767756 -3.661710004891352
      vertex -0.970276842403363 1.1728632248767756 -3.348139113421385
      vertex -0.8156271791909037 1.2852227821423332 -3.675710004891352
    endloop
  endfacet
  facet normal -0.7705132427757894 0.6374239897486894 0
    outer loop
      vertex -1.1096246601958315 1.0420069139203807 -3.647710004891352
      vertex -1.2314730342393692 0.8947175314667035 -3.320139113421385
      vertex -1.1096246601958315 1.0420069139203807 -3.3341391134213847
    endloop
  endfacet
  facet normal -0.4231550444297891 0.26779009609607346 -0.865579732206386
    outer loop
      vertex -1.5809117862987512 1.1485996457709655 -3.070764181906326
      vertex -1.1096246601958315 1.0420069139203807 -3.3341391134213847
      vertex -1.2314730342393692 0.8947175314667035 -3.320139113421385
    endloop
  endfacet
  facet normal -0.3862553418539589 0.31871388122076155 -0.8655797322063863
    outer loop
      vertex -1.424488116993034 1.3376833806507191 -3.0847641819063263
      vertex -0.970276842403363 1.1728632248767756 -3.348139113421385
      vertex -1.1096246601958315 1.0420069139203807 -3.3341391134213847
    endloop
  endfacet
  facet normal -0.684547105928689 0.7289686274214112 0
    outer loop
      vertex -0.970276842403363 1.1728632248767756 -3.661710004891352
      vertex -1.1096246601958315 1.0420069139203807 -3.3341391134213847
      vertex -0.970276842403363 1.1728632248767756 -3.348139113421385
    endloop
  endfacet
  facet normal -0.3798510762109778 0.33256161635813497 -0.863200979625618
    outer loop
      vertex -1.424488116993034 1.3376833806507191 -3.0847641819063263
      vertex -1.2455994191343815 1.5056710495242935 -3.098764181906326
      vertex -0.970276842403363 1.1728632248767756 -3.348139113421385
    endloop
  endfacet
  facet normal -0.6845471059286887 0.7289686274214113 0
    outer loop
      vertex -1.2455994191343815 1.5056710495242935 -3.098764181906326
      vertex -1.424488116993034 1.3376833806507191 -2.983235818093674
      vertex -1.2455994191343815 1.5056710495242935 -2.9972358180936745
    endloop
  endfacet
  facet normal -0.5877852522924728 0.8090169943749478 0
    outer loop
      vertex -1.2455994191343815 1.5056710495242935 -3.098764181906326
      vertex -1.2455994191343815 1.5056710495242935 -2.9972358180936745
      vertex -1.0470668743509552 1.6499133865025815 -3.112764181906326
    endloop
  endfacet
  facet normal -0.5877852522924727 0.8090169943749477 0
    outer loop
      vertex -1.0470668743509552 1.6499133865025815 -3.112764181906326
      vertex -1.2455994191343815 1.5056710495242935 -2.9972358180936745
      vertex -1.0470668743509552 1.6499133865025815 -3.011235818093674
    endloop
  endfacet
  facet normal -0.343264161799333 0.3646113580481584 -0.8655797322063861
    outer loop
      vertex -0.970276842403363 1.1728632248767756 -3.348139113421385
      vertex -1.2455994191343815 1.5056710495242935 -3.098764181906326
      vertex -0.8156271791909037 1.2852227821423332 -3.3621391134213847
    endloop
  endfacet
  facet normal -0.3351748142815004 0.3775472323362138 -0.8632009796256181
    outer loop
      vertex -1.2455994191343815 1.5056710495242935 -3.098764181906326
      vertex -1.0470668743509552 1.6499133865025815 -3.112764181906326
      vertex -0.8156271791909037 1.2852227821423332 -3.3621391134213847
    endloop
  endfacet
  facet normal -0.4817536741017155 0.8763066800438636 0
    outer loop
      vertex -1.0470668743509552 1.6499133865025815 -3.112764181906326
      vertex -1.0470668743509552 1.6499133865025815 -3.011235818093674
      vertex -0.8320214594715815 1.7681356037652416 -3.126764181906326
    endloop
  endfacet
  facet normal -0.4817536741017155 0.8763066800438636 0
    outer loop
      vertex -1.0470668743509552 1.6499133865025815 -3.011235818093674
      vertex -0.8320214594715815 1.7681356037652416 -3.025235818093674
      vertex -0.8320214594715815 1.7681356037652416 -3.126764181906326
    endloop
  endfacet
  facet normal -0.39784802983753664 0.3108070364836743 0.8632009796256179
    outer loop
      vertex -1.3339003428866194 0.7333179190634505 -2.7058608865786153
      vertex -1.5809117862987512 1.1485996457709655 -2.969235818093674
      vertex -1.7124035323436124 0.941401808337234 -2.955235818093674
    endloop
  endfacet
  facet normal -0.8443279255020153 0.5358267949789965 0
    outer loop
      vertex -1.5809117862987512 1.1485996457709655 -3.070764181906326
      vertex -1.7124035323436124 0.941401808337234 -2.955235818093674
      vertex -1.5809117862987512 1.1485996457709655 -2.969235818093674
    endloop
  endfacet
  facet normal -0.38544561587576504 0.3196926717891305 0.8655797322063864
    outer loop
      vertex -1.3339003428866194 0.7333179190634505 -2.7058608865786153
      vertex -1.2314730342393692 0.8947175314667035 -2.7198608865786156
      vertex -1.5809117862987512 1.1485996457709655 -2.969235818093674
    endloop
  endfacet
  facet normal -0.355756428393782 0.35821981021416544 0.8632009796256184
    outer loop
      vertex -1.5809117862987512 1.1485996457709655 -2.969235818093674
      vertex -1.2314730342393692 0.8947175314667035 -2.7198608865786156
      vertex -1.424488116993034 1.3376833806507191 -2.983235818093674
    endloop
  endfacet
  facet normal -0.8443279255020153 0.5358267949789965 0
    outer loop
      vertex -1.7124035323436124 0.941401808337234 -2.356764181906326
      vertex -1.7124035323436124 0.941401808337234 -2.255235818093674
      vertex -1.5809117862987512 1.1485996457709655 -2.3707641819063263
    endloop
  endfacet
  facet normal -0.8443279255020151 0.5358267949789964 0
    outer loop
      vertex -1.7124035323436124 0.941401808337234 -2.255235818093674
      vertex -1.5809117862987512 1.1485996457709655 -2.269235818093674
      vertex -1.5809117862987512 1.1485996457709655 -2.3707641819063263
    endloop
  endfacet
  facet normal -0.39784802983753664 0.3108070364836743 0.8632009796256179
    outer loop
      vertex -1.3339003428866194 0.7333179190634505 -2.005860886578615
      vertex -1.5809117862987512 1.1485996457709655 -2.269235818093674
      vertex -1.7124035323436124 0.941401808337234 -2.255235818093674
    endloop
  endfacet
  facet normal -0.4506220670020088 0.22764846035985123 -0.8632009796256179
    outer loop
      vertex -1.7124035323436124 0.941401808337234 -2.356764181906326
      vertex -1.5809117862987512 1.1485996457709655 -2.3707641819063263
      vertex -1.2314730342393692 0.8947175314667035 -2.620139113421385
    endloop
  endfacet
  facet normal -0.38544561587576504 0.3196926717891305 0.8655797322063864
    outer loop
      vertex -1.3339003428866194 0.7333179190634505 -2.005860886578615
      vertex -1.2314730342393692 0.8947175314667035 -2.0198608865786154
      vertex -1.5809117862987512 1.1485996457709655 -2.269235818093674
    endloop
  endfacet
  facet normal -0.7705132427757895 0.6374239897486893 0
    outer loop
      vertex -1.5809117862987512 1.1485996457709655 -2.3707641819063263
      vertex -1.5809117862987512 1.1485996457709655 -2.269235818093674
      vertex -1.424488116993034 1.3376833806507191 -2.384764181906326
    endloop
  endfacet
  facet normal -0.7705132427757895 0.6374239897486893 0
    outer loop
      vertex -1.5809117862987512 1.1485996457709655 -2.269235818093674
      vertex -1.424488116993034 1.3376833806507191 -2.283235818093674
      vertex -1.424488116993034 1.3376833806507191 -2.384764181906326
    endloop
  endfacet
  facet normal -0.418536859756574 0.2823313050274079 -0.863200979625618
    outer loop
      vertex -1.5809117862987512 1.1485996457709655 -2.3707641819063263
      vertex -1.424488116993034 1.3376833806507191 -2.384764181906326
      vertex -1.1096246601958315 1.0420069139203807 -2.634139113421385
    endloop
  endfacet
  facet normal -0.355756428393782 0.35821981021416544 0.8632009796256184
    outer loop
      vertex -1.5809117862987512 1.1485996457709655 -2.269235818093674
      vertex -1.2314730342393692 0.8947175314667035 -2.0198608865786154
      vertex -1.424488116993034 1.3376833806507191 -2.283235818093674
    endloop
  endfacet
  facet normal -0.6845471059286888 0.7289686274214114 0
    outer loop
      vertex -1.424488116993034 1.3376833806507191 -2.384764181906326
      vertex -1.424488116993034 1.3376833806507191 -2.283235818093674
      vertex -1.2455994191343815 1.5056710495242935 -2.3987641819063263
    endloop
  endfacet
  facet normal -0.34233814576541804 0.36548094498539363 0.865579732206386
    outer loop
      vertex -1.424488116993034 1.3376833806507191 -2.983235818093674
      vertex -1.2314730342393692 0.8947175314667035 -2.7198608865786156
      vertex -1.1096246601958315 1.0420069139203807 -2.7338608865786154
    endloop
  endfacet
  facet normal -0.4231550444297891 0.26779009609607346 -0.865579732206386
    outer loop
      vertex -1.5809117862987512 1.1485996457709655 -2.3707641819063263
      vertex -1.1096246601958315 1.0420069139203807 -2.634139113421385
      vertex -1.2314730342393692 0.8947175314667035 -2.620139113421385
    endloop
  endfacet
  facet normal -0.7705132427757895 0.6374239897486896 0
    outer loop
      vertex -1.2314730342393692 0.8947175314667035 -2.7198608865786156
      vertex -1.2314730342393692 0.8947175314667035 -2.620139113421385
      vertex -1.1096246601958315 1.0420069139203807 -2.7338608865786154
    endloop
  endfacet
  facet normal -0.7705132427757894 0.6374239897486895 0
    outer loop
      vertex -1.2314730342393692 0.8947175314667035 -2.620139113421385
      vertex -1.1096246601958315 1.0420069139203807 -2.634139113421385
      vertex -1.1096246601958315 1.0420069139203807 -2.7338608865786154
    endloop
  endfacet
  facet normal -0.30805433555567024 0.39998324354743664 0.8632009796256179
    outer loop
      vertex -1.424488116993034 1.3376833806507191 -2.983235818093674
      vertex -1.1096246601958315 1.0420069139203807 -2.7338608865786154
      vertex -1.2455994191343815 1.5056710495242935 -2.9972358180936745
    endloop
  endfacet
  facet normal -0.2938317985934537 0.4055053653515053 0.8655797322063856
    outer loop
      vertex -1.1096246601958315 1.0420069139203807 -2.7338608865786154
      vertex -0.970276842403363 1.1728632248767756 -2.747860886578615
      vertex -1.2455994191343815 1.5056710495242935 -2.9972358180936745
    endloop
  endfacet
  facet normal -0.38625534185395793 0.31871388122076366 -0.8655797322063861
    outer loop
      vertex -1.424488116993034 1.3376833806507191 -2.384764181906326
      vertex -0.970276842403363 1.1728632248767756 -2.6481391134213847
      vertex -1.1096246601958315 1.0420069139203807 -2.634139113421385
    endloop
  endfacet
  facet normal -0.684547105928689 0.7289686274214113 0
    outer loop
      vertex -1.1096246601958315 1.0420069139203807 -2.7338608865786154
      vertex -1.1096246601958315 1.0420069139203807 -2.634139113421385
      vertex -0.970276842403363 1.1728632248767756 -2.747860886578615
    endloop
  endfacet
  facet normal -0.684547105928689 0.7289686274214113 0
    outer loop
      vertex -1.1096246601958315 1.0420069139203807 -2.634139113421385
      vertex -0.970276842403363 1.1728632248767756 -2.6481391134213847
      vertex -0.970276842403363 1.1728632248767756 -2.747860886578615
    endloop
  endfacet
  facet normal -0.5877852522924721 0.8090169943749481 0
    outer loop
      vertex -0.970276842403363 1.1728632248767756 -2.747860886578615
      vertex -0.970276842403363 1.1728632248767756 -2.6481391134213847
      vertex -0.8156271791909037 1.2852227821423332 -2.7618608865786154
    endloop
  endfacet
  facet normal -0.34233814576541804 0.36548094498539363 0.865579732206386
    outer loop
      vertex -1.424488116993034 1.3376833806507191 -2.283235818093674
      vertex -1.2314730342393692 0.8947175314667035 -2.0198608865786154
      vertex -1.1096246601958315 1.0420069139203807 -2.033860886578615
    endloop
  endfacet
  facet normal -0.30805433555567135 0.3999832435474356 0.863200979625618
    outer loop
      vertex -1.424488116993034 1.3376833806507191 -2.283235818093674
      vertex -1.1096246601958315 1.0420069139203807 -2.033860886578615
      vertex -1.2455994191343815 1.5056710495242935 -2.297235818093674
    endloop
  endfacet
  facet normal -0.2938317985934511 0.40550536535150555 0.8655797322063863
    outer loop
      vertex -1.1096246601958315 1.0420069139203807 -2.033860886578615
      vertex -0.970276842403363 1.1728632248767756 -2.0478608865786154
      vertex -1.2455994191343815 1.5056710495242935 -2.297235818093674
    endloop
  endfacet
  facet normal -0.684547105928689 0.7289686274214113 0
    outer loop
      vertex -1.1096246601958315 1.0420069139203807 -2.033860886578615
      vertex -1.1096246601958315 1.0420069139203807 -1.9341391134213848
      vertex -0.970276842403363 1.1728632248767756 -2.0478608865786154
    endloop
  endfacet
  facet normal -0.5877852522924721 0.809016994374948 0
    outer loop
      vertex -0.970276842403363 1.1728632248767756 -2.0478608865786154
      vertex -0.970276842403363 1.1728632248767756 -1.9481391134213848
      vertex -0.8156271791909037 1.2852227821423332 -2.061860886578615
    endloop
  endfacet
  facet normal -0.25549404182310725 0.43543870219155556 0.8632009796256177
    outer loop
      vertex -1.0470668743509552 1.6499133865025815 -3.011235818093674
      vertex -1.2455994191343815 1.5056710495242935 -2.9972358180936745
      vertex -0.970276842403363 1.1728632248767756 -2.747860886578615
    endloop
  endfacet
  facet normal -0.24069154843105758 0.43913472386886043 0.8655797322063864
    outer loop
      vertex -1.0470668743509552 1.6499133865025815 -3.011235818093674
      vertex -0.970276842403363 1.1728632248767756 -2.747860886578615
      vertex -0.8156271791909037 1.2852227821423332 -2.7618608865786154
    endloop
  endfacet
  facet normal -0.3432641617993341 0.36461135804815653 -0.8655797322063863
    outer loop
      vertex -0.970276842403363 1.1728632248767756 -2.6481391134213847
      vertex -1.2455994191343815 1.5056710495242935 -2.3987641819063263
      vertex -0.8156271791909037 1.2852227821423332 -2.662139113421385
    endloop
  endfacet
  facet normal -0.19890445442624605 0.46402703238364273 0.8632009796256184
    outer loop
      vertex -1.0470668743509552 1.6499133865025815 -3.011235818093674
      vertex -0.8156271791909037 1.2852227821423332 -2.7618608865786154
      vertex -0.8320214594715815 1.7681356037652416 -3.025235818093674
    endloop
  endfacet
  facet normal -0.37985107621097847 0.3325616163581334 -0.8632009796256183
    outer loop
      vertex -1.424488116993034 1.3376833806507191 -2.384764181906326
      vertex -1.2455994191343815 1.5056710495242935 -2.3987641819063263
      vertex -0.970276842403363 1.1728632248767756 -2.6481391134213847
    endloop
  endfacet
  facet normal -0.6845471059286887 0.7289686274214113 0
    outer loop
      vertex -1.424488116993034 1.3376833806507191 -2.283235818093674
      vertex -1.2455994191343815 1.5056710495242935 -2.297235818093674
      vertex -1.2455994191343815 1.5056710495242935 -2.3987641819063263
    endloop
  endfacet
  facet normal -0.5877852522924727 0.8090169943749478 0
    outer loop
      vertex -1.2455994191343815 1.5056710495242935 -2.3987641819063263
      vertex -1.2455994191343815 1.5056710495242935 -2.297235818093674
      vertex -1.0470668743509552 1.6499133865025815 -2.412764181906326
    endloop
  endfacet
  facet normal -0.5877852522924727 0.8090169943749477 0
    outer loop
      vertex -1.2455994191343815 1.5056710495242935 -2.297235818093674
      vertex -1.0470668743509552 1.6499133865025815 -2.311235818093674
      vertex -1.0470668743509552 1.6499133865025815 -2.412764181906326
    endloop
  endfacet
  facet normal -0.3351748142815004 0.3775472323362138 -0.8632009796256181
    outer loop
      vertex -1.2455994191343815 1.5056710495242935 -2.3987641819063263
      vertex -1.0470668743509552 1.6499133865025815 -2.412764181906326
      vertex -0.8156271791909037 1.2852227821423332 -2.662139113421385
    endloop
  endfacet
  facet normal -0.25549404182310387 0.43543870219155645 0.8632009796256183
    outer loop
      vertex -0.970276842403363 1.1728632248767756 -2.0478608865786154
      vertex -1.0470668743509552 1.6499133865025815 -2.311235818093674
      vertex -1.2455994191343815 1.5056710495242935 -2.297235818093674
    endloop
  endfacet
  facet normal -0.24069154843105978 0.43913472386885977 0.8655797322063861
    outer loop
      vertex -0.970276842403363 1.1728632248767756 -2.0478608865786154
      vertex -0.8156271791909037 1.2852227821423332 -2.061860886578615
      vertex -1.0470668743509552 1.6499133865025815 -2.311235818093674
    endloop
  endfacet
  facet normal -0.4817536741017155 0.8763066800438636 0
    outer loop
      vertex -1.0470668743509552 1.6499133865025815 -2.412764181906326
      vertex -1.0470668743509552 1.6499133865025815 -2.311235818093674
      vertex -0.8320214594715815 1.7681356037652416 -2.4267641819063264
    endloop
  endfacet
  facet normal -0.48175367410171543 0.8763066800438635 0
    outer loop
      vertex -1.0470668743509552 1.6499133865025815 -2.311235818093674
      vertex -0.8320214594715815 1.7681356037652416 -2.325235818093674
      vertex -0.8320214594715815 1.7681356037652416 -2.4267641819063264
    endloop
  endfacet
  facet normal -0.19890445442624774 0.4640270323836425 0.8632009796256181
    outer loop
      vertex -1.0470668743509552 1.6499133865025815 -2.311235818093674
      vertex -0.8156271791909037 1.2852227821423332 -2.061860886578615
      vertex -0.8320214594715815 1.7681356037652416 -2.325235818093674
    endloop
  endfacet
  facet normal 0 0 -1
    outer loop
      vertex -1.2684869856481553 0 -4
      vertex -1.2584845868876218 0.15898357564552024 -4
      vertex 0 0 -4
    endloop
  endfacet
  facet normal 0 0 -1
    outer loop
      vertex -1.2584845868876218 0.15898357564552024 -4
      vertex -1.2286351344096187 0.3154598853309266 -4
      vertex 0 0 -4
    endloop
  endfacet
  facet normal 0 0 -1
    outer loop
      vertex -1.2286351344096187 0.3154598853309266 -4
      vertex -1.1794093719109227 0.4669612041780626 -4
      vertex 0 0 -4
    endloop
  endfacet
  facet normal 0 0 -1
    outer loop
      vertex -1.1794093719109227 0.4669612041780626 -4
      vertex -1.1115836190721828 0.6110982658862087 -4
      vertex 0 0 -4
    endloop
  endfacet
  facet normal 0 0 -1
    outer loop
      vertex -1.1115836190721828 0.6110982658862087 -4
      vertex -1.0262275285328077 0.7455979428889197 -4
      vertex 0 0 -4
    endloop
  endfacet
  facet normal 0 0 -1
    outer loop
      vertex -1.0262275285328077 0.7455979428889197 -4
      vertex -0.9246872168298597 0.8683390949336506 -4
      vertex 0 0 -4
    endloop
  endfacet
  facet normal 0 0 -1
    outer loop
      vertex -0.9246872168298597 0.8683390949336506 -4
      vertex -0.8085640353361359 0.9773860207306464 -4
      vertex 0 0 -4
    endloop
  endfacet
  facet normal 0 0 -1
    outer loop
      vertex -0.8085640353361359 0.9773860207306464 -4
      vertex -0.6796893159924198 1.0710189851186112 -4
      vertex 0 0 -4
    endloop
  endfacet
  facet normal 0 0 -1
    outer loop
      vertex -0.6796893159924198 1.0710189851186112 -4
      vertex -0.5400954901087862 1.1477613403155262 -4
      vertex 0 0 -4
    endloop
  endfacet
  facet normal 0 0 -1
    outer loop
      vertex -0.5400954901087862 1.1477613403155262 -4
      vertex -0.39198403570872997 1.206402813536275 -4
      vertex 0 0 -4
    endloop
  endfacet
  facet normal 0 0 -1
    outer loop
      vertex -0.39198403570872997 1.206402813536275 -4
      vertex -0.23769075890563446 1.246018593717448 -4
      vertex 0 0 -4
    endloop
  endfacet
  facet normal 0 0 -1
    outer loop
      vertex -0.23769075890563446 1.246018593717448 -4
      vertex -0.07964895684502024 1.2659839163402684 -4
      vertex 0 0 -4
    endloop
  endfacet
  facet normal -0.4160372122836578 0.5726260972304549 -0.7064080908128533
    outer loop
      vertex -0.970276842403363 1.1728632248767756 -3.7463026028703688
      vertex -0.6796893159924198 1.0710189851186112 -4
      vertex -0.8085640353361359 0.9773860207306464 -4
    endloop
  endfacet
  facet normal -0.41603721228365753 0.5726260972304553 -0.706408090812853
    outer loop
      vertex -0.970276842403363 1.1728632248767756 -3.7463026028703688
      vertex -0.8156271791909037 1.2852227821423332 -3.7463026028703688
      vertex -0.6796893159924198 1.0710189851186112 -4
    endloop
  endfacet
  facet normal -0.340987554211309 0.6202540585172576 -0.706408090812853
    outer loop
      vertex -0.6796893159924198 1.0710189851186112 -4
      vertex -0.8156271791909037 1.2852227821423332 -3.7463026028703688
      vertex -0.5400954901087862 1.1477613403155262 -4
    endloop
  endfacet
  facet normal -0.3409875542113094 0.6202540585172571 -0.7064080908128533
    outer loop
      vertex -0.8156271791909037 1.2852227821423332 -3.7463026028703688
      vertex -0.6481145881305433 1.3773136083786315 -3.7463026028703688
      vertex -0.5400954901087862 1.1477613403155262 -4
    endloop
  endfacet
  facet normal -0.5877852522924722 0.809016994374948 0
    outer loop
      vertex -0.970276842403363 1.1728632248767756 -3.661710004891352
      vertex -0.8156271791909037 1.2852227821423332 -3.675710004891352
      vertex -0.8156271791909037 1.2852227821423332 -3.7463026028703688
    endloop
  endfacet
  facet normal -0.260560318712956 0.6581002427794284 -0.7064080908128532
    outer loop
      vertex -0.5400954901087862 1.1477613403155262 -4
      vertex -0.6481145881305433 1.3773136083786315 -3.7463026028703688
      vertex -0.39198403570872997 1.206402813536275 -4
    endloop
  endfacet
  facet normal -0.5877852522924722 0.8090169943749482 0
    outer loop
      vertex -0.970276842403363 1.1728632248767756 -3.348139113421385
      vertex -0.8156271791909037 1.2852227821423332 -3.3621391134213847
      vertex -0.8156271791909037 1.2852227821423332 -3.675710004891352
    endloop
  endfacet
  facet normal -0.48175367410171593 0.8763066800438631 0
    outer loop
      vertex -0.8156271791909037 1.2852227821423332 -3.7463026028703688
      vertex -0.8156271791909037 1.2852227821423332 -3.675710004891352
      vertex -0.6481145881305433 1.3773136083786315 -3.7463026028703688
    endloop
  endfacet
  facet normal -0.48175367410171593 0.8763066800438633 0
    outer loop
      vertex -0.8156271791909037 1.2852227821423332 -3.675710004891352
      vertex -0.6481145881305433 1.3773136083786315 -3.689710004891352
      vertex -0.6481145881305433 1.3773136083786315 -3.7463026028703688
    endloop
  endfacet
  facet normal -0.48175367410171593 0.8763066800438633 0
    outer loop
      vertex -0.8156271791909037 1.2852227821423332 -3.675710004891352
      vertex -0.8156271791909037 1.2852227821423332 -3.3621391134213847
      vertex -0.6481145881305433 1.3773136083786315 -3.689710004891352
    endloop
  endfacet
  facet normal -0.2605603187129566 0.6581002427794278 -0.7064080908128535
    outer loop
      vertex -0.6481145881305433 1.3773136083786315 -3.7463026028703688
      vertex -0.470380842850476 1.4476833762435302 -3.7463026028703688
      vertex -0.39198403570872997 1.206402813536275 -4
    endloop
  endfacet
  facet normal -0.36812455268467903 0.9297764858882511 0
    outer loop
      vertex -0.6481145881305433 1.3773136083786315 -3.7463026028703688
      vertex -0.6481145881305433 1.3773136083786315 -3.689710004891352
      vertex -0.470380842850476 1.4476833762435302 -3.7463026028703688
    endloop
  endfacet
  facet normal -0.368124552684679 0.929776485888251 0
    outer loop
      vertex -0.6481145881305433 1.3773136083786315 -3.689710004891352
      vertex -0.6481145881305433 1.3773136083786315 -3.3761391134213845
      vertex -0.470380842850476 1.4476833762435302 -3.7037100048913523
    endloop
  endfacet
  facet normal -0.36812455268467903 0.9297764858882511 0
    outer loop
      vertex -0.6481145881305433 1.3773136083786315 -3.689710004891352
      vertex -0.470380842850476 1.4476833762435302 -3.7037100048913523
      vertex -0.470380842850476 1.4476833762435302 -3.7463026028703688
    endloop
  endfacet
  facet normal -0.2948595008570624 0.40475869595086533 -0.865579732206386
    outer loop
      vertex -1.0470668743509552 1.6499133865025815 -3.112764181906326
      vertex -0.6481145881305433 1.3773136083786315 -3.3761391134213845
      vertex -0.8156271791909037 1.2852227821423332 -3.3621391134213847
    endloop
  endfacet
  facet normal -0.48175367410171593 0.8763066800438631 0
    outer loop
      vertex -0.8156271791909037 1.2852227821423332 -3.3621391134213847
      vertex -0.6481145881305433 1.3773136083786315 -3.3761391134213845
      vertex -0.6481145881305433 1.3773136083786315 -3.689710004891352
    endloop
  endfacet
  facet normal -0.28521264530707635 0.4165787029245648 -0.8632009796256183
    outer loop
      vertex -1.0470668743509552 1.6499133865025815 -3.112764181906326
      vertex -0.8320214594715815 1.7681356037652416 -3.126764181906326
      vertex -0.6481145881305433 1.3773136083786315 -3.3761391134213845
    endloop
  endfacet
  facet normal -0.368124552684679 0.929776485888251 0
    outer loop
      vertex -0.470380842850476 1.4476833762435302 -3.7037100048913523
      vertex -0.6481145881305433 1.3773136083786315 -3.3761391134213845
      vertex -0.470380842850476 1.4476833762435302 -3.3901391134213847
    endloop
  endfacet
  facet normal -0.2418047294457492 0.4385227474273012 -0.8655797322063863
    outer loop
      vertex -0.6481145881305433 1.3773136083786315 -3.3761391134213845
      vertex -0.8320214594715815 1.7681356037652416 -3.126764181906326
      vertex -0.470380842850476 1.4476833762435302 -3.3901391134213847
    endloop
  endfacet
  facet normal -0.18493655300393047 0.4653710332160189 -0.8655797322063863
    outer loop
      vertex -0.470380842850476 1.4476833762435302 -3.3901391134213847
      vertex -0.6038545691508126 1.8584732663235117 -3.1407641819063263
      vertex -0.28522891068676137 1.4952223124609376 -3.404139113421385
    endloop
  endfacet
  facet normal -0.23075250253838275 0.44904047851574214 -0.8632009796256181
    outer loop
      vertex -0.470380842850476 1.4476833762435302 -3.3901391134213847
      vertex -0.8320214594715815 1.7681356037652416 -3.126764181906326
      vertex -0.6038545691508126 1.8584732663235117 -3.1407641819063263
    endloop
  endfacet
  facet normal -0.17602389133730978 0.6855677930829381 -0.7064080908128536
    outer loop
      vertex -0.470380842850476 1.4476833762435302 -3.7463026028703688
      vertex -0.23769075890563446 1.246018593717448 -4
      vertex -0.39198403570872997 1.206402813536275 -4
    endloop
  endfacet
  facet normal -0.17602389133730947 0.6855677930829384 -0.7064080908128535
    outer loop
      vertex -0.470380842850476 1.4476833762435302 -3.7463026028703688
      vertex -0.28522891068676137 1.4952223124609376 -3.7463026028703688
      vertex -0.23769075890563446 1.246018593717448 -4
    endloop
  endfacet
  facet normal -0.24868988716485402 0.9685831611286312 0
    outer loop
      vertex -0.470380842850476 1.4476833762435302 -3.7463026028703688
      vertex -0.470380842850476 1.4476833762435302 -3.7037100048913523
      vertex -0.28522891068676137 1.4952223124609376 -3.7463026028703688
    endloop
  endfacet
  facet normal -0.24868988716485407 0.9685831611286313 0
    outer loop
      vertex -0.470380842850476 1.4476833762435302 -3.7037100048913523
      vertex -0.28522891068676137 1.4952223124609376 -3.717710004891352
      vertex -0.28522891068676137 1.4952223124609376 -3.7463026028703688
    endloop
  endfacet
  facet normal -0.24868988716485402 0.9685831611286314 0
    outer loop
      vertex -0.470380842850476 1.4476833762435302 -3.7037100048913523
      vertex -0.470380842850476 1.4476833762435302 -3.3901391134213847
      vertex -0.28522891068676137 1.4952223124609376 -3.717710004891352
    endloop
  endfacet
  facet normal -0.248689887164854 0.9685831611286313 0
    outer loop
      vertex -0.470380842850476 1.4476833762435302 -3.3901391134213847
      vertex -0.28522891068676137 1.4952223124609376 -3.404139113421385
      vertex -0.28522891068676137 1.4952223124609376 -3.717710004891352
    endloop
  endfacet
  facet normal -0.1253332335643042 0.9921147013144779 0
    outer loop
      vertex -0.28522891068676137 1.4952223124609376 -3.7463026028703688
      vertex -0.28522891068676137 1.4952223124609376 -3.717710004891352
      vertex -0.09557874821402428 1.519180699608322 -3.7463026028703688
    endloop
  endfacet
  facet normal -0.12533323356430423 0.9921147013144779 0
    outer loop
      vertex -0.28522891068676137 1.4952223124609376 -3.717710004891352
      vertex -0.28522891068676137 1.4952223124609376 -3.404139113421385
      vertex -0.09557874821402428 1.519180699608322 -3.731710004891352
    endloop
  endfacet
  facet normal -0.0887114620436999 0.7022235297511815 -0.7064080908128535
    outer loop
      vertex -0.23769075890563446 1.246018593717448 -4
      vertex -0.28522891068676137 1.4952223124609376 -3.7463026028703688
      vertex -0.07964895684502024 1.2659839163402684 -4
    endloop
  endfacet
  facet normal -0.08871146204369885 0.7022235297511821 -0.706408090812853
    outer loop
      vertex -0.07964895684502024 1.2659839163402684 -4
      vertex -0.28522891068676137 1.4952223124609376 -3.7463026028703688
      vertex -0.09557874821402428 1.519180699608322 -3.7463026028703688
    endloop
  endfacet
  facet normal 0 0.7078047818672462 -0.7064080908128532
    outer loop
      vertex -0.07964895684502024 1.2659839163402684 -4
      vertex -0.09557874821402428 1.519180699608322 -3.7463026028703688
      vertex 0.07964895684502024 1.2659839163402684 -4
    endloop
  endfacet
  facet normal -0.12533323356430418 0.9921147013144779 0
    outer loop
      vertex -0.28522891068676137 1.4952223124609376 -3.717710004891352
      vertex -0.09557874821402428 1.519180699608322 -3.731710004891352
      vertex -0.09557874821402428 1.519180699608322 -3.7463026028703688
    endloop
  endfacet
  facet normal -0.12533323356430423 0.9921147013144779 0
    outer loop
      vertex -0.09557874821402428 1.519180699608322 -3.731710004891352
      vertex -0.28522891068676137 1.4952223124609376 -3.404139113421385
      vertex -0.09557874821402428 1.519180699608322 -3.4181391134213848
    endloop
  endfacet
  facet normal 0 1 0
    outer loop
      vertex -0.09557874821402428 1.519180699608322 -3.7463026028703688
      vertex -0.09557874821402428 1.519180699608322 -3.731710004891352
      vertex 0.09557874821402428 1.519180699608322 -3.7463026028703688
    endloop
  endfacet
  facet normal 0 1 0
    outer loop
      vertex -0.09557874821402428 1.519180699608322 -3.731710004891352
      vertex -0.09557874821402428 1.519180699608322 -3.4181391134213848
      vertex 0.09557874821402428 1.519180699608322 -3.745710004891352
    endloop
  endfacet
  facet normal -0.1251518166454971 0.48488013981174044 -0.8655797322063861
    outer loop
      vertex -0.28522891068676137 1.4952223124609376 -3.404139113421385
      vertex -0.36616453154930095 1.919501695273744 -3.154764181906326
      vertex -0.09557874821402428 1.519180699608322 -3.4181391134213848
    endloop
  endfacet
  facet normal -0.06339336137649443 0.4967423969492741 -0.8655797322063862
    outer loop
      vertex -0.09557874821402428 1.519180699608322 -3.4181391134213848
      vertex -0.12269986054916825 1.950258435834777 -3.168764181906326
      vertex 0.09557874821402428 1.519180699608322 -3.4321391134213846
    endloop
  endfacet
  facet normal -0.5877852522924721 0.8090169943749481 0
    outer loop
      vertex -0.970276842403363 1.1728632248767756 -2.6481391134213847
      vertex -0.8156271791909037 1.2852227821423332 -2.662139113421385
      vertex -0.8156271791909037 1.2852227821423332 -2.7618608865786154
    endloop
  endfacet
  facet normal -0.18375544876774927 0.46583866546443325 0.8655797322063861
    outer loop
      vertex -0.8156271791909037 1.2852227821423332 -2.7618608865786154
      vertex -0.6481145881305433 1.3773136083786315 -2.775860886578615
      vertex -0.8320214594715815 1.7681356037652416 -3.025235818093674
    endloop
  endfacet
  facet normal -0.2948595008570624 0.40475869595086533 -0.865579732206386
    outer loop
      vertex -1.0470668743509552 1.6499133865025815 -2.412764181906326
      vertex -0.6481145881305433 1.3773136083786315 -2.6761391134213848
      vertex -0.8156271791909037 1.2852227821423332 -2.662139113421385
    endloop
  endfacet
  facet normal -0.4817536741017159 0.8763066800438631 0
    outer loop
      vertex -0.8156271791909037 1.2852227821423332 -2.7618608865786154
      vertex -0.8156271791909037 1.2852227821423332 -2.662139113421385
      vertex -0.6481145881305433 1.3773136083786315 -2.775860886578615
    endloop
  endfacet
  facet normal -0.4817536741017159 0.8763066800438634 0
    outer loop
      vertex -0.8156271791909037 1.2852227821423332 -2.662139113421385
      vertex -0.6481145881305433 1.3773136083786315 -2.6761391134213848
      vertex -0.6481145881305433 1.3773136083786315 -2.775860886578615
    endloop
  endfacet
  facet normal -0.13917802496332599 0.4852973790787265 0.863200979625618
    outer loop
      vertex -0.6481145881305433 1.3773136083786315 -2.775860886578615
      vertex -0.6038545691508126 1.8584732663235117 -3.039235818093674
      vertex -0.8320214594715815 1.7681356037652416 -3.025235818093674
    endloop
  endfacet
  facet normal -0.28521264530707635 0.4165787029245648 -0.8632009796256183
    outer loop
      vertex -1.0470668743509552 1.6499133865025815 -2.412764181906326
      vertex -0.8320214594715815 1.7681356037652416 -2.4267641819063264
      vertex -0.6481145881305433 1.3773136083786315 -2.6761391134213848
    endloop
  endfacet
  facet normal -0.3681245526846789 0.929776485888251 0
    outer loop
      vertex -0.6481145881305433 1.3773136083786315 -2.775860886578615
      vertex -0.6481145881305433 1.3773136083786315 -2.6761391134213848
      vertex -0.470380842850476 1.4476833762435302 -2.789860886578615
    endloop
  endfacet
  facet normal -0.368124552684679 0.929776485888251 0
    outer loop
      vertex -0.470380842850476 1.4476833762435302 -2.789860886578615
      vertex -0.6481145881305433 1.3773136083786315 -2.6761391134213848
      vertex -0.470380842850476 1.4476833762435302 -2.690139113421385
    endloop
  endfacet
  facet normal -0.12392141590718603 0.485196053027103 0.8655797322063861
    outer loop
      vertex -0.6481145881305433 1.3773136083786315 -2.775860886578615
      vertex -0.470380842850476 1.4476833762435302 -2.789860886578615
      vertex -0.6038545691508126 1.8584732663235117 -3.039235818093674
    endloop
  endfacet
  facet normal -0.07725667490581042 0.4989142962031369 0.863200979625618
    outer loop
      vertex -0.470380842850476 1.4476833762435302 -2.789860886578615
      vertex -0.36616453154930095 1.919501695273744 -3.0532358180936736
      vertex -0.6038545691508126 1.8584732663235117 -3.039235818093674
    endloop
  endfacet
  facet normal -0.2418047294457492 0.4385227474273012 -0.8655797322063863
    outer loop
      vertex -0.6481145881305433 1.3773136083786315 -2.6761391134213848
      vertex -0.8320214594715815 1.7681356037652416 -2.4267641819063264
      vertex -0.470380842850476 1.4476833762435302 -2.690139113421385
    endloop
  endfacet
  facet normal -0.23075250253838153 0.44904047851574336 -0.8632009796256179
    outer loop
      vertex -0.470380842850476 1.4476833762435302 -2.690139113421385
      vertex -0.8320214594715815 1.7681356037652416 -2.4267641819063264
      vertex -0.6038545691508126 1.8584732663235117 -2.440764181906326
    endloop
  endfacet
  facet normal -0.1849365530039287 0.4653710332160203 -0.8655797322063861
    outer loop
      vertex -0.470380842850476 1.4476833762435302 -2.690139113421385
      vertex -0.6038545691508126 1.8584732663235117 -2.440764181906326
      vertex -0.28522891068676137 1.4952223124609376 -2.704139113421385
    endloop
  endfacet
  facet normal -0.4817536741017159 0.8763066800438631 0
    outer loop
      vertex -0.8156271791909037 1.2852227821423332 -2.061860886578615
      vertex -0.8156271791909037 1.2852227821423332 -1.9621391134213848
      vertex -0.6481145881305433 1.3773136083786315 -2.0758608865786154
    endloop
  endfacet
  facet normal -0.48175367410171593 0.8763066800438633 0
    outer loop
      vertex -0.6481145881305433 1.3773136083786315 -2.0758608865786154
      vertex -0.8156271791909037 1.2852227821423332 -1.9621391134213848
      vertex -0.6481145881305433 1.3773136083786315 -1.9761391134213848
    endloop
  endfacet
  facet normal -0.18375544876774708 0.4658386654644334 0.8655797322063863
    outer loop
      vertex -0.8156271791909037 1.2852227821423332 -2.061860886578615
      vertex -0.6481145881305433 1.3773136083786315 -2.0758608865786154
      vertex -0.8320214594715815 1.7681356037652416 -2.325235818093674
    endloop
  endfacet
  facet normal -0.1391780249633242 0.4852973790787265 0.8632009796256184
    outer loop
      vertex -0.6481145881305433 1.3773136083786315 -2.0758608865786154
      vertex -0.6038545691508126 1.8584732663235117 -2.339235818093674
      vertex -0.8320214594715815 1.7681356037652416 -2.325235818093674
    endloop
  endfacet
  facet normal -0.368124552684679 0.9297764858882509 0
    outer loop
      vertex -0.6481145881305433 1.3773136083786315 -2.0758608865786154
      vertex -0.6481145881305433 1.3773136083786315 -1.9761391134213848
      vertex -0.470380842850476 1.4476833762435302 -2.0898608865786152
    endloop
  endfacet
  facet normal -0.368124552684679 0.9297764858882509 0
    outer loop
      vertex -0.470380842850476 1.4476833762435302 -2.0898608865786152
      vertex -0.6481145881305433 1.3773136083786315 -1.9761391134213848
      vertex -0.470380842850476 1.4476833762435302 -1.9901391134213846
    endloop
  endfacet
  facet normal -0.07725667490581042 0.4989142962031369 0.863200979625618
    outer loop
      vertex -0.470380842850476 1.4476833762435302 -2.0898608865786152
      vertex -0.36616453154930095 1.919501695273744 -2.353235818093674
      vertex -0.6038545691508126 1.8584732663235117 -2.339235818093674
    endloop
  endfacet
  facet normal -0.12392141590718603 0.485196053027103 0.8655797322063861
    outer loop
      vertex -0.6481145881305433 1.3773136083786315 -2.0758608865786154
      vertex -0.470380842850476 1.4476833762435302 -2.0898608865786152
      vertex -0.6038545691508126 1.8584732663235117 -2.339235818093674
    endloop
  endfacet
  facet normal -0.24868988716485402 0.9685831611286314 0
    outer loop
      vertex -0.470380842850476 1.4476833762435302 -2.789860886578615
      vertex -0.470380842850476 1.4476833762435302 -2.690139113421385
      vertex -0.28522891068676137 1.4952223124609376 -2.803860886578615
    endloop
  endfacet
  facet normal -0.1253332335643042 0.9921147013144779 0
    outer loop
      vertex -0.28522891068676137 1.4952223124609376 -2.803860886578615
      vertex -0.28522891068676137 1.4952223124609376 -2.704139113421385
      vertex -0.09557874821402428 1.519180699608322 -2.8178608865786154
    endloop
  endfacet
  facet normal -0.24868988716485402 0.9685831611286313 0
    outer loop
      vertex -0.470380842850476 1.4476833762435302 -2.690139113421385
      vertex -0.28522891068676137 1.4952223124609376 -2.704139113421385
      vertex -0.28522891068676137 1.4952223124609376 -2.803860886578615
    endloop
  endfacet
  facet normal -0.06213306829069739 0.49690160899146224 0.8655797322063865
    outer loop
      vertex -0.470380842850476 1.4476833762435302 -2.789860886578615
      vertex -0.28522891068676137 1.4952223124609376 -2.803860886578615
      vertex -0.36616453154930095 1.919501695273744 -3.0532358180936736
    endloop
  endfacet
  facet normal -0.12515181664549901 0.4848801398117392 -0.8655797322063864
    outer loop
      vertex -0.28522891068676137 1.4952223124609376 -2.704139113421385
      vertex -0.36616453154930095 1.919501695273744 -2.4547641819063264
      vertex -0.09557874821402428 1.519180699608322 -2.718139113421385
    endloop
  endfacet
  facet normal 0 1 0
    outer loop
      vertex -0.09557874821402428 1.519180699608322 -2.8178608865786154
      vertex -0.09557874821402428 1.519180699608322 -2.718139113421385
      vertex 0.09557874821402428 1.519180699608322 -2.8318608865786152
    endloop
  endfacet
  facet normal -0.1253332335643042 0.9921147013144779 0
    outer loop
      vertex -0.28522891068676137 1.4952223124609376 -2.704139113421385
      vertex -0.09557874821402428 1.519180699608322 -2.718139113421385
      vertex -0.09557874821402428 1.519180699608322 -2.8178608865786154
    endloop
  endfacet
  facet normal 0.0006351549292278501 0.5007707297473928 0.8655797322063864
    outer loop
      vertex -0.28522891068676137 1.4952223124609376 -2.803860886578615
      vertex -0.09557874821402428 1.519180699608322 -2.8178608865786154
      vertex -0.12269986054916825 1.950258435834777 -3.067235818093674
    endloop
  endfacet
  facet normal -0.06339336137649443 0.4967423969492741 -0.8655797322063862
    outer loop
      vertex -0.09557874821402428 1.519180699608322 -2.718139113421385
      vertex -0.12269986054916825 1.950258435834777 -2.468764181906326
      vertex 0.09557874821402428 1.519180699608322 -2.732139113421385
    endloop
  endfacet
  facet normal -0.24868988716485402 0.9685831611286312 0
    outer loop
      vertex -0.470380842850476 1.4476833762435302 -2.0898608865786152
      vertex -0.470380842850476 1.4476833762435302 -1.9901391134213846
      vertex -0.28522891068676137 1.4952223124609376 -2.1038608865786155
    endloop
  endfacet
  facet normal -0.24868988716485402 0.9685831611286313 0
    outer loop
      vertex -0.28522891068676137 1.4952223124609376 -2.1038608865786155
      vertex -0.470380842850476 1.4476833762435302 -1.9901391134213846
      vertex -0.28522891068676137 1.4952223124609376 -2.004139113421385
    endloop
  endfacet
  facet normal -0.1253332335643042 0.9921147013144779 0
    outer loop
      vertex -0.28522891068676137 1.4952223124609376 -2.1038608865786155
      vertex -0.28522891068676137 1.4952223124609376 -2.004139113421385
      vertex -0.09557874821402428 1.519180699608322 -2.1178608865786153
    endloop
  endfacet
  facet normal -0.06213306829069739 0.49690160899146224 0.8655797322063865
    outer loop
      vertex -0.470380842850476 1.4476833762435302 -2.0898608865786152
      vertex -0.28522891068676137 1.4952223124609376 -2.1038608865786155
      vertex -0.36616453154930095 1.919501695273744 -2.353235818093674
    endloop
  endfacet
  facet normal -0.1253332335643042 0.9921147013144779 0
    outer loop
      vertex -0.28522891068676137 1.4952223124609376 -2.004139113421385
      vertex -0.09557874821402428 1.519180699608322 -2.018139113421385
      vertex -0.09557874821402428 1.519180699608322 -2.1178608865786153
    endloop
  endfacet
  facet normal 0 1 0
    outer loop
      vertex -0.09557874821402428 1.519180699608322 -2.1178608865786153
      vertex -0.09557874821402428 1.519180699608322 -2.018139113421385
      vertex 0.09557874821402428 1.519180699608322 -2.1318608865786155
    endloop
  endfacet
  facet normal 0.000635154929225727 0.5007707297473935 0.8655797322063861
    outer loop
      vertex -0.28522891068676137 1.4952223124609376 -2.1038608865786155
      vertex -0.09557874821402428 1.519180699608322 -2.1178608865786153
      vertex -0.12269986054916825 1.950258435834777 -2.367235818093674
    endloop
  endfacet
  facet normal -0.4997426913944412 -0.03207755588197356 -0.8655797322063862
    outer loop
      vertex -1.9541144342958772 0 -1.600764181906326
      vertex -1.5101815042651463 0.1907802907746243 -1.8641391134213847
      vertex -1.5221843827777863 0 -1.8501391134213847
    endloop
  endfacet
  facet normal -0.49982245481041654 0.030809752689851425 -0.8655797322063862
    outer loop
      vertex -1.938705658315764 0.24491548080498307 -1.614764181906326
      vertex -1.4743621612915423 0.3785518623971119 -1.8781391134213847
      vertex -1.5101815042651463 0.1907802907746243 -1.8641391134213847
    endloop
  endfacet
  facet normal -0.9980267284282716 0.0627905195293134 0
    outer loop
      vertex -1.5221843827777863 0 -1.9498608865786151
      vertex -1.5221843827777863 0 -1.8501391134213847
      vertex -1.5101815042651463 0.1907802907746243 -1.9638608865786151
    endloop
  endfacet
  facet normal -0.9980267284282716 0.06279051952931337 0
    outer loop
      vertex -1.5221843827777863 0 -1.8501391134213847
      vertex -1.5101815042651463 0.1907802907746243 -1.8641391134213847
      vertex -1.5101815042651463 0.1907802907746243 -1.9638608865786151
    endloop
  endfacet
  facet normal -0.9822872507286884 0.18738131458572552 0
    outer loop
      vertex -1.5101815042651463 0.1907802907746243 -1.9638608865786151
      vertex -1.5101815042651463 0.1907802907746243 -1.8641391134213847
      vertex -1.4743621612915423 0.3785518623971119 -1.9778608865786151
    endloop
  endfacet
  facet normal -0.9822872507286884 0.18738131458572552 0
    outer loop
      vertex -1.5101815042651463 0.1907802907746243 -1.8641391134213847
      vertex -1.4743621612915423 0.3785518623971119 -1.8781391134213847
      vertex -1.4743621612915423 0.3785518623971119 -1.9778608865786151
    endloop
  endfacet
  facet normal -0.49178168720336185 0.09445898223533623 0.8655797322063862
    outer loop
      vertex -1.938705658315764 0.24491548080498307 -1.5132358180936738
      vertex -1.5221843827777863 0 -1.2498608865786152
      vertex -1.5101815042651463 0.1907802907746243 -1.2638608865786152
    endloop
  endfacet
  facet normal -0.4997426913944412 -0.03207755588197356 -0.8655797322063862
    outer loop
      vertex -1.9541144342958772 0 -0.9007641819063261
      vertex -1.5101815042651463 0.1907802907746243 -1.1641391134213848
      vertex -1.5221843827777863 0 -1.1501391134213848
    endloop
  endfacet
  facet normal -0.4760649920289454 0.15535073401178706 0.8655797322063862
    outer loop
      vertex -1.8927223359773873 0.48596849817225585 -1.5272358180936738
      vertex -1.5101815042651463 0.1907802907746243 -1.2638608865786152
      vertex -1.4743621612915423 0.3785518623971119 -1.2778608865786152
    endloop
  endfacet
  facet normal -0.49982245481041654 0.030809752689851425 -0.8655797322063862
    outer loop
      vertex -1.938705658315764 0.24491548080498307 -0.9147641819063261
      vertex -1.4743621612915423 0.3785518623971119 -1.1781391134213848
      vertex -1.5101815042651463 0.1907802907746243 -1.1641391134213848
    endloop
  endfacet
  facet normal -0.9980267284282716 0.06279051952931337 0
    outer loop
      vertex -1.5101815042651463 0.1907802907746243 -1.2638608865786152
      vertex -1.5221843827777863 0 -1.2498608865786152
      vertex -1.5221843827777863 0 -1.1501391134213848
    endloop
  endfacet
  facet normal -0.9980267284282716 0.0627905195293134 0
    outer loop
      vertex -1.5101815042651463 0.1907802907746243 -1.2638608865786152
      vertex -1.5221843827777863 0 -1.1501391134213848
      vertex -1.5101815042651463 0.1907802907746243 -1.1641391134213848
    endloop
  endfacet
  facet normal -0.9822872507286884 0.18738131458572552 0
    outer loop
      vertex -1.5101815042651463 0.1907802907746243 -1.2638608865786152
      vertex -1.5101815042651463 0.1907802907746243 -1.1641391134213848
      vertex -1.4743621612915423 0.3785518623971119 -1.2778608865786152
    endloop
  endfacet
  facet normal -0.9822872507286884 0.18738131458572552 0
    outer loop
      vertex -1.5101815042651463 0.1907802907746243 -1.1641391134213848
      vertex -1.4743621612915423 0.3785518623971119 -1.1781391134213848
      vertex -1.4743621612915423 0.3785518623971119 -1.2778608865786152
    endloop
  endfacet
  facet normal -0.49201971953457035 0.09321117305690113 -0.8655797322063863
    outer loop
      vertex -1.8927223359773873 0.48596849817225585 -1.628764181906326
      vertex -1.4152912462931073 0.5603534450136751 -1.8921391134213847
      vertex -1.4743621612915423 0.3785518623971119 -1.8781391134213847
    endloop
  endfacet
  facet normal -0.4930788160512673 0.10843131436468753 -0.8632009796256181
    outer loop
      vertex -1.8927223359773873 0.48596849817225585 -1.628764181906326
      vertex -1.8168896517431292 0.7193575020198422 -1.6427641819063261
      vertex -1.4152912462931073 0.5603534450136751 -1.8921391134213847
    endloop
  endfacet
  facet normal -0.904827052466019 0.4257792915650737 0
    outer loop
      vertex -1.8168896517431292 0.7193575020198422 -1.5412358180936738
      vertex -1.7124035323436124 0.941401808337234 -1.5552358180936738
      vertex -1.7124035323436124 0.941401808337234 -1.6567641819063261
    endloop
  endfacet
  facet normal -0.47560069506224506 0.1693754634818236 -0.8632009796256181
    outer loop
      vertex -1.8168896517431292 0.7193575020198422 -1.6427641819063261
      vertex -1.7124035323436124 0.941401808337234 -1.6567641819063261
      vertex -1.3339003428866194 0.7333179190634505 -1.9061391134213848
    endloop
  endfacet
  facet normal -0.9510565162951541 0.30901699437494573 0
    outer loop
      vertex -1.4743621612915423 0.3785518623971119 -1.9778608865786151
      vertex -1.4743621612915423 0.3785518623971119 -1.8781391134213847
      vertex -1.4152912462931073 0.5603534450136751 -1.9918608865786152
    endloop
  endfacet
  facet normal -0.9510565162951541 0.30901699437494573 0
    outer loop
      vertex -1.4743621612915423 0.3785518623971119 -1.8781391134213847
      vertex -1.4152912462931073 0.5603534450136751 -1.8921391134213847
      vertex -1.4152912462931073 0.5603534450136751 -1.9918608865786152
    endloop
  endfacet
  facet normal -0.9048270524660191 0.42577929156507377 0
    outer loop
      vertex -1.3339003428866194 0.7333179190634505 -2.005860886578615
      vertex -1.4152912462931073 0.5603534450136751 -1.9918608865786152
      vertex -1.4152912462931073 0.5603534450136751 -1.8921391134213847
    endloop
  endfacet
  facet normal -0.4764575393633294 0.154142597543191 -0.8655797322063862
    outer loop
      vertex -1.8168896517431292 0.7193575020198422 -1.6427641819063261
      vertex -1.3339003428866194 0.7333179190634505 -1.9061391134213848
      vertex -1.4152912462931073 0.5603534450136751 -1.8921391134213847
    endloop
  endfacet
  facet normal -0.4533813391743918 0.21264310118589796 -0.8655797322063861
    outer loop
      vertex -1.3339003428866194 0.7333179190634505 -1.9061391134213848
      vertex -1.7124035323436124 0.941401808337234 -1.6567641819063261
      vertex -1.2314730342393692 0.8947175314667035 -1.9201391134213848
    endloop
  endfacet
  facet normal -0.9048270524660191 0.42577929156507377 0
    outer loop
      vertex -1.3339003428866194 0.7333179190634505 -2.005860886578615
      vertex -1.4152912462931073 0.5603534450136751 -1.8921391134213847
      vertex -1.3339003428866194 0.7333179190634505 -1.9061391134213848
    endloop
  endfacet
  facet normal -0.46264346922200655 0.20210168024932237 0.8632009796256183
    outer loop
      vertex -1.8927223359773873 0.48596849817225585 -1.5272358180936738
      vertex -1.4743621612915423 0.3785518623971119 -1.2778608865786152
      vertex -1.8168896517431292 0.7193575020198422 -1.5412358180936738
    endloop
  endfacet
  facet normal -0.4528404675427914 0.21379251191084028 0.8655797322063863
    outer loop
      vertex -1.8168896517431292 0.7193575020198422 -1.5412358180936738
      vertex -1.4743621612915423 0.3785518623971119 -1.2778608865786152
      vertex -1.4152912462931073 0.5603534450136751 -1.2918608865786152
    endloop
  endfacet
  facet normal -0.4930788160512673 0.10843131436468753 -0.8632009796256181
    outer loop
      vertex -1.8927223359773873 0.48596849817225585 -0.9287641819063261
      vertex -1.8168896517431292 0.7193575020198422 -0.9427641819063262
      vertex -1.4152912462931073 0.5603534450136751 -1.1921391134213848
    endloop
  endfacet
  facet normal -0.49201971953457035 0.09321117305690113 -0.8655797322063863
    outer loop
      vertex -1.8927223359773873 0.48596849817225585 -0.9287641819063261
      vertex -1.4152912462931073 0.5603534450136751 -1.1921391134213848
      vertex -1.4743621612915423 0.3785518623971119 -1.1781391134213848
    endloop
  endfacet
  facet normal -0.43366533018785786 0.2584926501207133 0.8632009796256181
    outer loop
      vertex -1.8168896517431292 0.7193575020198422 -1.5412358180936738
      vertex -1.4152912462931073 0.5603534450136751 -1.2918608865786152
      vertex -1.7124035323436124 0.941401808337234 -1.5552358180936738
    endloop
  endfacet
  facet normal -0.47560069506224506 0.16937546348182447 -0.863200979625618
    outer loop
      vertex -1.8168896517431292 0.7193575020198422 -0.9427641819063262
      vertex -1.7124035323436124 0.941401808337234 -0.956764181906326
      vertex -1.3339003428866194 0.7333179190634505 -1.2061391134213848
    endloop
  endfacet
  facet normal -0.9048270524660191 0.42577929156507377 0
    outer loop
      vertex -1.4152912462931073 0.5603534450136751 -1.2918608865786152
      vertex -1.4152912462931073 0.5603534450136751 -1.1921391134213848
      vertex -1.3339003428866194 0.7333179190634505 -1.3058608865786152
    endloop
  endfacet
  facet normal -0.9510565162951541 0.30901699437494573 0
    outer loop
      vertex -1.4743621612915423 0.3785518623971119 -1.2778608865786152
      vertex -1.4743621612915423 0.3785518623971119 -1.1781391134213848
      vertex -1.4152912462931073 0.5603534450136751 -1.2918608865786152
    endloop
  endfacet
  facet normal -0.9510565162951541 0.30901699437494573 0
    outer loop
      vertex -1.4743621612915423 0.3785518623971119 -1.1781391134213848
      vertex -1.4152912462931073 0.5603534450136751 -1.1921391134213848
      vertex -1.4152912462931073 0.5603534450136751 -1.2918608865786152
    endloop
  endfacet
  facet normal -0.42247437836970386 0.26886265418360583 0.8655797322063862
    outer loop
      vertex -1.4152912462931073 0.5603534450136751 -1.2918608865786152
      vertex -1.3339003428866194 0.7333179190634505 -1.3058608865786152
      vertex -1.7124035323436124 0.941401808337234 -1.5552358180936738
    endloop
  endfacet
  facet normal -0.4764575393633294 0.154142597543191 -0.8655797322063862
    outer loop
      vertex -1.8168896517431292 0.7193575020198422 -0.9427641819063262
      vertex -1.3339003428866194 0.7333179190634505 -1.2061391134213848
      vertex -1.4152912462931073 0.5603534450136751 -1.1921391134213848
    endloop
  endfacet
  facet normal -0.45338133917439205 0.21264310118589816 -0.865579732206386
    outer loop
      vertex -1.3339003428866194 0.7333179190634505 -1.2061391134213848
      vertex -1.7124035323436124 0.941401808337234 -0.956764181906326
      vertex -1.2314730342393692 0.8947175314667035 -1.2201391134213848
    endloop
  endfacet
  facet normal -0.9048270524660191 0.42577929156507377 0
    outer loop
      vertex -1.4152912462931073 0.5603534450136751 -1.1921391134213848
      vertex -1.3339003428866194 0.7333179190634505 -1.2061391134213848
      vertex -1.3339003428866194 0.7333179190634505 -1.3058608865786152
    endloop
  endfacet
  facet normal -0.8443279255020151 0.5358267949789967 0
    outer loop
      vertex -1.3339003428866194 0.7333179190634505 -2.005860886578615
      vertex -1.3339003428866194 0.7333179190634505 -1.9061391134213848
      vertex -1.2314730342393692 0.8947175314667035 -2.0198608865786154
    endloop
  endfacet
  facet normal -0.8443279255020151 0.5358267949789967 0
    outer loop
      vertex -1.2314730342393692 0.8947175314667035 -2.0198608865786154
      vertex -1.3339003428866194 0.7333179190634505 -1.9061391134213848
      vertex -1.2314730342393692 0.8947175314667035 -1.9201391134213848
    endloop
  endfacet
  facet normal -0.8443279255020151 0.5358267949789967 0
    outer loop
      vertex -1.3339003428866194 0.7333179190634505 -1.3058608865786152
      vertex -1.3339003428866194 0.7333179190634505 -1.2061391134213848
      vertex -1.2314730342393692 0.8947175314667035 -1.319860886578615
    endloop
  endfacet
  facet normal -0.8443279255020151 0.5358267949789967 0
    outer loop
      vertex -1.3339003428866194 0.7333179190634505 -1.2061391134213848
      vertex -1.2314730342393692 0.8947175314667035 -1.2201391134213848
      vertex -1.2314730342393692 0.8947175314667035 -1.319860886578615
    endloop
  endfacet
  facet normal -0.4917816872033628 0.0944589822353343 0.8655797322063858
    outer loop
      vertex -1.938705658315764 0.24491548080498307 -0.8132358180936741
      vertex -1.5221843827777863 0 -0.5498608865786154
      vertex -1.5101815042651463 0.1907802907746243 -0.563860886578615
    endloop
  endfacet
  facet normal -0.4760649920289449 0.15535073401178895 0.8655797322063862
    outer loop
      vertex -1.8927223359773873 0.48596849817225585 -0.8272358180936741
      vertex -1.5101815042651463 0.1907802907746243 -0.563860886578615
      vertex -1.4743621612915423 0.3785518623971119 -0.5778608865786155
    endloop
  endfacet
  facet normal -0.9980267284282716 0.06279051952931339 0
    outer loop
      vertex -1.5221843827777863 0 -0.5498608865786154
      vertex -1.5221843827777863 0 -0.23628999510864812
      vertex -1.5101815042651463 0.1907802907746243 -0.563860886578615
    endloop
  endfacet
  facet normal -0.9980267284282716 0.06279051952931339 0
    outer loop
      vertex -1.5101815042651463 0.1907802907746243 -0.563860886578615
      vertex -1.5221843827777863 0 -0.23628999510864812
      vertex -1.5101815042651463 0.1907802907746243 -0.25028999510864813
    endloop
  endfacet
  facet normal -0.9980267284282716 0.06279051952931339 0
    outer loop
      vertex -1.5101815042651463 0.1907802907746243 -0.25028999510864813
      vertex -1.5221843827777863 0 -0.23628999510864812
      vertex -1.5221843827777863 0 -0.16459470229806894
    endloop
  endfacet
  facet normal -0.9980267284282716 0.06279051952931339 0
    outer loop
      vertex -1.5221843827777863 0 -0.16459470229806894
      vertex -1.5221843827777863 0 -0.1354052977019311
      vertex -1.5101815042651463 0.1907802907746243 -0.17859470229806895
    endloop
  endfacet
  facet normal -0.9980267284282716 0.06279051952931339 0
    outer loop
      vertex -1.5221843827777863 0 -0.1354052977019311
      vertex -1.5221843827777863 0 -0.06371000489135194
      vertex -1.5101815042651463 0.1907802907746243 -0.14940529770193112
    endloop
  endfacet
  facet normal -0.9980267284282716 0.06279051952931339 0
    outer loop
      vertex -1.5221843827777863 0 -0.06371000489135194
      vertex -1.5221843827777863 0 0
      vertex -1.5101815042651463 0.1907802907746243 -0.07771000489135195
    endloop
  endfacet
  facet normal -0.9980267284282716 0.06279051952931339 0
    outer loop
      vertex -1.5101815042651463 0.1907802907746243 -0.25028999510864813
      vertex -1.5221843827777863 0 -0.16459470229806894
      vertex -1.5101815042651463 0.1907802907746243 -0.17859470229806895
    endloop
  endfacet
  facet normal -0.9980267284282716 0.06279051952931339 0
    outer loop
      vertex -1.5221843827777863 0 -0.1354052977019311
      vertex -1.5101815042651463 0.1907802907746243 -0.14940529770193112
      vertex -1.5101815042651463 0.1907802907746243 -0.17859470229806895
    endloop
  endfacet
  facet normal -0.9980267284282716 0.06279051952931339 0
    outer loop
      vertex -1.5221843827777863 0 -0.06371000489135194
      vertex -1.5101815042651463 0.1907802907746243 -0.07771000489135195
      vertex -1.5101815042651463 0.1907802907746243 -0.14940529770193112
    endloop
  endfacet
  facet normal -0.9980267284282716 0.06279051952931339 0
    outer loop
      vertex -1.5101815042651463 0.1907802907746243 -0.07771000489135195
      vertex -1.5221843827777863 0 0
      vertex -1.5101815042651463 0.1907802907746243 0
    endloop
  endfacet
  facet normal -0.9822872507286886 0.18738131458572554 0
    outer loop
      vertex -1.5101815042651463 0.1907802907746243 -0.563860886578615
      vertex -1.5101815042651463 0.1907802907746243 -0.25028999510864813
      vertex -1.4743621612915423 0.3785518623971119 -0.5778608865786155
    endloop
  endfacet
  facet normal -0.9822872507286885 0.18738131458572552 0
    outer loop
      vertex -1.4743621612915423 0.3785518623971119 -0.5778608865786155
      vertex -1.5101815042651463 0.1907802907746243 -0.25028999510864813
      vertex -1.4743621612915423 0.3785518623971119 -0.26428999510864815
    endloop
  endfacet
  facet normal -0.9822872507286886 0.18738131458572554 0
    outer loop
      vertex -1.5101815042651463 0.1907802907746243 -0.25028999510864813
      vertex -1.5101815042651463 0.1907802907746243 -0.17859470229806895
      vertex -1.4743621612915423 0.3785518623971119 -0.26428999510864815
    endloop
  endfacet
  facet normal -0.9822872507286886 0.18738131458572552 0
    outer loop
      vertex -1.5101815042651463 0.1907802907746243 -0.17859470229806895
      vertex -1.5101815042651463 0.1907802907746243 -0.14940529770193112
      vertex -1.4743621612915423 0.3785518623971119 -0.19259470229806896
    endloop
  endfacet
  facet normal -0.9822872507286885 0.18738131458572554 0
    outer loop
      vertex -1.5101815042651463 0.1907802907746243 -0.14940529770193112
      vertex -1.5101815042651463 0.1907802907746243 -0.07771000489135195
      vertex -1.4743621612915423 0.3785518623971119 -0.16340529770193113
    endloop
  endfacet
  facet normal -0.9822872507286886 0.18738131458572554 0
    outer loop
      vertex -1.5101815042651463 0.1907802907746243 -0.17859470229806895
      vertex -1.4743621612915423 0.3785518623971119 -0.19259470229806896
      vertex -1.4743621612915423 0.3785518623971119 -0.26428999510864815
    endloop
  endfacet
  facet normal -0.9822872507286886 0.18738131458572557 0
    outer loop
      vertex -1.5101815042651463 0.1907802907746243 -0.14940529770193112
      vertex -1.4743621612915423 0.3785518623971119 -0.16340529770193113
      vertex -1.4743621612915423 0.3785518623971119 -0.19259470229806896
    endloop
  endfacet
  facet normal -0.9822872507286885 0.18738131458572554 0
    outer loop
      vertex -1.5101815042651463 0.1907802907746243 -0.07771000489135195
      vertex -1.5101815042651463 0.1907802907746243 0
      vertex -1.4743621612915423 0.3785518623971119 -0.09171000489135196
    endloop
  endfacet
  facet normal -0.9822872507286885 0.18738131458572554 0
    outer loop
      vertex -1.5101815042651463 0.1907802907746243 -0.07771000489135195
      vertex -1.4743621612915423 0.3785518623971119 -0.09171000489135196
      vertex -1.4743621612915423 0.3785518623971119 -0.16340529770193113
    endloop
  endfacet
  facet normal -0.9822872507286886 0.18738131458572557 0
    outer loop
      vertex -1.4743621612915423 0.3785518623971119 -0.09171000489135196
      vertex -1.5101815042651463 0.1907802907746243 0
      vertex -1.4743621612915423 0.3785518623971119 0
    endloop
  endfacet
  facet normal -0.46264346922200655 0.20210168024932237 0.8632009796256183
    outer loop
      vertex -1.8927223359773873 0.48596849817225585 -0.8272358180936741
      vertex -1.4743621612915423 0.3785518623971119 -0.5778608865786155
      vertex -1.8168896517431292 0.7193575020198422 -0.8412358180936741
    endloop
  endfacet
  facet normal -0.4528404675427928 0.2137925119108386 0.8655797322063858
    outer loop
      vertex -1.8168896517431292 0.7193575020198422 -0.8412358180936741
      vertex -1.4743621612915423 0.3785518623971119 -0.5778608865786155
      vertex -1.4152912462931073 0.5603534450136751 -0.591860886578615
    endloop
  endfacet
  facet normal -0.4336653301878584 0.25849265012071354 0.8632009796256177
    outer loop
      vertex -1.8168896517431292 0.7193575020198422 -0.8412358180936741
      vertex -1.4152912462931073 0.5603534450136751 -0.591860886578615
      vertex -1.7124035323436124 0.941401808337234 -0.8552358180936741
    endloop
  endfacet
  facet normal -0.904827052466019 0.42577929156507366 0
    outer loop
      vertex -1.8168896517431292 0.7193575020198422 -0.8412358180936741
      vertex -1.7124035323436124 0.941401808337234 -0.8552358180936741
      vertex -1.7124035323436124 0.941401808337234 -0.956764181906326
    endloop
  endfacet
  facet normal -0.42247437836970364 0.26886265418360683 0.8655797322063858
    outer loop
      vertex -1.4152912462931073 0.5603534450136751 -0.591860886578615
      vertex -1.3339003428866194 0.7333179190634505 -0.6058608865786153
      vertex -1.7124035323436124 0.941401808337234 -0.8552358180936741
    endloop
  endfacet
  facet normal -0.9510565162951542 0.30901699437494573 0
    outer loop
      vertex -1.4743621612915423 0.3785518623971119 -0.5778608865786155
      vertex -1.4743621612915423 0.3785518623971119 -0.26428999510864815
      vertex -1.4152912462931073 0.5603534450136751 -0.591860886578615
    endloop
  endfacet
  facet normal -0.9510565162951542 0.30901699437494573 0
    outer loop
      vertex -1.4743621612915423 0.3785518623971119 -0.26428999510864815
      vertex -1.4152912462931073 0.5603534450136751 -0.27828999510864816
      vertex -1.4152912462931073 0.5603534450136751 -0.591860886578615
    endloop
  endfacet
  facet normal -0.904827052466019 0.42577929156507377 0
    outer loop
      vertex -1.4152912462931073 0.5603534450136751 -0.591860886578615
      vertex -1.4152912462931073 0.5603534450136751 -0.27828999510864816
      vertex -1.3339003428866194 0.7333179190634505 -0.6058608865786153
    endloop
  endfacet
  facet normal -0.904827052466019 0.42577929156507377 0
    outer loop
      vertex -1.4152912462931073 0.5603534450136751 -0.27828999510864816
      vertex -1.4152912462931073 0.5603534450136751 -0.20659470229806898
      vertex -1.3339003428866194 0.7333179190634505 -0.29228999510864817
    endloop
  endfacet
  facet normal -0.9510565162951542 0.30901699437494573 0
    outer loop
      vertex -1.4743621612915423 0.3785518623971119 -0.26428999510864815
      vertex -1.4743621612915423 0.3785518623971119 -0.19259470229806896
      vertex -1.4152912462931073 0.5603534450136751 -0.27828999510864816
    endloop
  endfacet
  facet normal -0.9510565162951541 0.30901699437494573 0
    outer loop
      vertex -1.4743621612915423 0.3785518623971119 -0.19259470229806896
      vertex -1.4743621612915423 0.3785518623971119 -0.16340529770193113
      vertex -1.4152912462931073 0.5603534450136751 -0.20659470229806898
    endloop
  endfacet
  facet normal -0.9510565162951542 0.3090169943749457 0
    outer loop
      vertex -1.4743621612915423 0.3785518623971119 -0.16340529770193113
      vertex -1.4743621612915423 0.3785518623971119 -0.09171000489135196
      vertex -1.4152912462931073 0.5603534450136751 -0.17740529770193114
    endloop
  endfacet
  facet normal -0.9510565162951542 0.30901699437494573 0
    outer loop
      vertex -1.4743621612915423 0.3785518623971119 -0.19259470229806896
      vertex -1.4152912462931073 0.5603534450136751 -0.20659470229806898
      vertex -1.4152912462931073 0.5603534450136751 -0.27828999510864816
    endloop
  endfacet
  facet normal -0.9510565162951541 0.30901699437494573 0
    outer loop
      vertex -1.4743621612915423 0.3785518623971119 -0.16340529770193113
      vertex -1.4152912462931073 0.5603534450136751 -0.17740529770193114
      vertex -1.4152912462931073 0.5603534450136751 -0.20659470229806898
    endloop
  endfacet
  facet normal -0.9510565162951541 0.30901699437494573 0
    outer loop
      vertex -1.4743621612915423 0.3785518623971119 -0.09171000489135196
      vertex -1.4743621612915423 0.3785518623971119 0
      vertex -1.4152912462931073 0.5603534450136751 -0.10571000489135197
    endloop
  endfacet
  facet normal -0.9510565162951542 0.3090169943749457 0
    outer loop
      vertex -1.4743621612915423 0.3785518623971119 -0.09171000489135196
      vertex -1.4152912462931073 0.5603534450136751 -0.10571000489135197
      vertex -1.4152912462931073 0.5603534450136751 -0.17740529770193114
    endloop
  endfacet
  facet normal -0.9510565162951541 0.3090169943749457 0
    outer loop
      vertex -1.4152912462931073 0.5603534450136751 -0.10571000489135197
      vertex -1.4743621612915423 0.3785518623971119 0
      vertex -1.4152912462931073 0.5603534450136751 0
    endloop
  endfacet
  facet normal -0.9048270524660191 0.4257792915650739 0
    outer loop
      vertex -1.4152912462931073 0.5603534450136751 -0.20659470229806898
      vertex -1.4152912462931073 0.5603534450136751 -0.17740529770193114
      vertex -1.3339003428866194 0.7333179190634505 -0.220594702298069
    endloop
  endfacet
  facet normal -0.904827052466019 0.4257792915650737 0
    outer loop
      vertex -1.4152912462931073 0.5603534450136751 -0.17740529770193114
      vertex -1.4152912462931073 0.5603534450136751 -0.10571000489135197
      vertex -1.3339003428866194 0.7333179190634505 -0.19140529770193115
    endloop
  endfacet
  facet normal -0.904827052466019 0.4257792915650737 0
    outer loop
      vertex -1.4152912462931073 0.5603534450136751 -0.10571000489135197
      vertex -1.4152912462931073 0.5603534450136751 0
      vertex -1.3339003428866194 0.7333179190634505 -0.11971000489135199
    endloop
  endfacet
  facet normal -0.9048270524660189 0.4257792915650737 0
    outer loop
      vertex -1.3339003428866194 0.7333179190634505 -0.6058608865786153
      vertex -1.4152912462931073 0.5603534450136751 -0.27828999510864816
      vertex -1.3339003428866194 0.7333179190634505 -0.29228999510864817
    endloop
  endfacet
  facet normal -0.904827052466019 0.4257792915650737 0
    outer loop
      vertex -1.4152912462931073 0.5603534450136751 -0.20659470229806898
      vertex -1.3339003428866194 0.7333179190634505 -0.220594702298069
      vertex -1.3339003428866194 0.7333179190634505 -0.29228999510864817
    endloop
  endfacet
  facet normal -0.904827052466019 0.4257792915650737 0
    outer loop
      vertex -1.4152912462931073 0.5603534450136751 -0.17740529770193114
      vertex -1.3339003428866194 0.7333179190634505 -0.19140529770193115
      vertex -1.3339003428866194 0.7333179190634505 -0.220594702298069
    endloop
  endfacet
  facet normal -0.9048270524660191 0.4257792915650737 0
    outer loop
      vertex -1.4152912462931073 0.5603534450136751 -0.10571000489135197
      vertex -1.3339003428866194 0.7333179190634505 -0.11971000489135199
      vertex -1.3339003428866194 0.7333179190634505 -0.19140529770193115
    endloop
  endfacet
  facet normal -0.904827052466019 0.42577929156507377 0
    outer loop
      vertex -1.3339003428866194 0.7333179190634505 -0.11971000489135199
      vertex -1.4152912462931073 0.5603534450136751 0
      vertex -1.3339003428866194 0.7333179190634505 0
    endloop
  endfacet
  facet normal -0.8443279255020151 0.5358267949789967 0
    outer loop
      vertex -1.3339003428866194 0.7333179190634505 -0.6058608865786153
      vertex -1.3339003428866194 0.7333179190634505 -0.29228999510864817
      vertex -1.2314730342393692 0.8947175314667035 -0.6198608865786153
    endloop
  endfacet
  facet normal -0.8443279255020151 0.5358267949789967 0
    outer loop
      vertex -1.3339003428866194 0.7333179190634505 -0.29228999510864817
      vertex -1.2314730342393692 0.8947175314667035 -0.3062899951086482
      vertex -1.2314730342393692 0.8947175314667035 -0.6198608865786153
    endloop
  endfacet
  facet normal -0.844327925502015 0.5358267949789967 0
    outer loop
      vertex -1.3339003428866194 0.7333179190634505 -0.29228999510864817
      vertex -1.3339003428866194 0.7333179190634505 -0.220594702298069
      vertex -1.2314730342393692 0.8947175314667035 -0.3062899951086482
    endloop
  endfacet
  facet normal -0.844327925502015 0.5358267949789965 0
    outer loop
      vertex -1.3339003428866194 0.7333179190634505 -0.220594702298069
      vertex -1.2314730342393692 0.8947175314667035 -0.234594702298069
      vertex -1.2314730342393692 0.8947175314667035 -0.3062899951086482
    endloop
  endfacet
  facet normal -0.844327925502015 0.5358267949789968 0
    outer loop
      vertex -1.3339003428866194 0.7333179190634505 -0.220594702298069
      vertex -1.3339003428866194 0.7333179190634505 -0.19140529770193115
      vertex -1.2314730342393692 0.8947175314667035 -0.234594702298069
    endloop
  endfacet
  facet normal -0.8443279255020151 0.5358267949789967 0
    outer loop
      vertex -1.3339003428866194 0.7333179190634505 -0.19140529770193115
      vertex -1.3339003428866194 0.7333179190634505 -0.11971000489135199
      vertex -1.2314730342393692 0.8947175314667035 -0.20540529770193117
    endloop
  endfacet
  facet normal -0.8443279255020152 0.5358267949789967 0
    outer loop
      vertex -1.3339003428866194 0.7333179190634505 -0.19140529770193115
      vertex -1.2314730342393692 0.8947175314667035 -0.20540529770193117
      vertex -1.2314730342393692 0.8947175314667035 -0.234594702298069
    endloop
  endfacet
  facet normal -0.844327925502015 0.5358267949789967 0
    outer loop
      vertex -1.3339003428866194 0.7333179190634505 -0.11971000489135199
      vertex -1.2314730342393692 0.8947175314667035 -0.13371000489135199
      vertex -1.2314730342393692 0.8947175314667035 -0.20540529770193117
    endloop
  endfacet
  facet normal -0.8443279255020151 0.5358267949789967 0
    outer loop
      vertex -1.3339003428866194 0.7333179190634505 -0.11971000489135199
      vertex -1.3339003428866194 0.7333179190634505 0
      vertex -1.2314730342393692 0.8947175314667035 -0.13371000489135199
    endloop
  endfacet
  facet normal -0.8443279255020151 0.5358267949789967 0
    outer loop
      vertex -1.2314730342393692 0.8947175314667035 -0.13371000489135199
      vertex -1.3339003428866194 0.7333179190634505 0
      vertex -1.2314730342393692 0.8947175314667035 0
    endloop
  endfacet
  facet normal -0.8443279255020152 0.5358267949789964 0
    outer loop
      vertex -1.7124035323436124 0.941401808337234 -1.6567641819063261
      vertex -1.7124035323436124 0.941401808337234 -1.5552358180936738
      vertex -1.5809117862987512 1.1485996457709655 -1.670764181906326
    endloop
  endfacet
  facet normal -0.8443279255020153 0.5358267949789965 0
    outer loop
      vertex -1.7124035323436124 0.941401808337234 -1.5552358180936738
      vertex -1.5809117862987512 1.1485996457709655 -1.5692358180936739
      vertex -1.5809117862987512 1.1485996457709655 -1.670764181906326
    endloop
  endfacet
  facet normal -0.4506220670020079 0.22764846035985253 -0.8632009796256179
    outer loop
      vertex -1.7124035323436124 0.941401808337234 -1.6567641819063261
      vertex -1.5809117862987512 1.1485996457709655 -1.670764181906326
      vertex -1.2314730342393692 0.8947175314667035 -1.9201391134213848
    endloop
  endfacet
  facet normal -0.4185368597565748 0.2823313050274065 -0.8632009796256181
    outer loop
      vertex -1.5809117862987512 1.1485996457709655 -1.670764181906326
      vertex -1.424488116993034 1.3376833806507191 -1.6847641819063262
      vertex -1.1096246601958315 1.0420069139203807 -1.9341391134213848
    endloop
  endfacet
  facet normal -0.7705132427757895 0.6374239897486893 0
    outer loop
      vertex -1.5809117862987512 1.1485996457709655 -1.670764181906326
      vertex -1.5809117862987512 1.1485996457709655 -1.5692358180936739
      vertex -1.424488116993034 1.3376833806507191 -1.6847641819063262
    endloop
  endfacet
  facet normal -0.7705132427757896 0.6374239897486893 0
    outer loop
      vertex -1.5809117862987512 1.1485996457709655 -1.5692358180936739
      vertex -1.424488116993034 1.3376833806507191 -1.5832358180936739
      vertex -1.424488116993034 1.3376833806507191 -1.6847641819063262
    endloop
  endfacet
  facet normal -0.397848029837536 0.3108070364836748 0.8632009796256181
    outer loop
      vertex -1.3339003428866194 0.7333179190634505 -1.3058608865786152
      vertex -1.5809117862987512 1.1485996457709655 -1.5692358180936739
      vertex -1.7124035323436124 0.941401808337234 -1.5552358180936738
    endloop
  endfacet
  facet normal -0.38544561587576687 0.3196926717891292 0.865579732206386
    outer loop
      vertex -1.3339003428866194 0.7333179190634505 -1.3058608865786152
      vertex -1.2314730342393692 0.8947175314667035 -1.319860886578615
      vertex -1.5809117862987512 1.1485996457709655 -1.5692358180936739
    endloop
  endfacet
  facet normal -0.45062206700200835 0.2276484603598518 -0.863200979625618
    outer loop
      vertex -1.2314730342393692 0.8947175314667035 -1.2201391134213848
      vertex -1.7124035323436124 0.941401808337234 -0.956764181906326
      vertex -1.5809117862987512 1.1485996457709655 -0.970764181906326
    endloop
  endfacet
  facet normal -0.3557564283937831 0.3582198102141652 0.863200979625618
    outer loop
      vertex -1.5809117862987512 1.1485996457709655 -1.5692358180936739
      vertex -1.2314730342393692 0.8947175314667035 -1.319860886578615
      vertex -1.424488116993034 1.3376833806507191 -1.5832358180936739
    endloop
  endfacet
  facet normal -0.41853685975657456 0.28233130502740733 -0.8632009796256179
    outer loop
      vertex -1.1096246601958315 1.0420069139203807 -1.2341391134213848
      vertex -1.5809117862987512 1.1485996457709655 -0.970764181906326
      vertex -1.424488116993034 1.3376833806507191 -0.984764181906326
    endloop
  endfacet
  facet normal -0.6845471059286887 0.7289686274214114 0
    outer loop
      vertex -1.424488116993034 1.3376833806507191 -1.6847641819063262
      vertex -1.424488116993034 1.3376833806507191 -1.5832358180936739
      vertex -1.2455994191343815 1.5056710495242935 -1.698764181906326
    endloop
  endfacet
  facet normal -0.4231550444297897 0.26779009609607257 -0.865579732206386
    outer loop
      vertex -1.5809117862987512 1.1485996457709655 -1.670764181906326
      vertex -1.1096246601958315 1.0420069139203807 -1.9341391134213848
      vertex -1.2314730342393692 0.8947175314667035 -1.9201391134213848
    endloop
  endfacet
  facet normal -0.7705132427757894 0.6374239897486894 0
    outer loop
      vertex -1.2314730342393692 0.8947175314667035 -2.0198608865786154
      vertex -1.2314730342393692 0.8947175314667035 -1.9201391134213848
      vertex -1.1096246601958315 1.0420069139203807 -2.033860886578615
    endloop
  endfacet
  facet normal -0.7705132427757895 0.6374239897486896 0
    outer loop
      vertex -1.1096246601958315 1.0420069139203807 -2.033860886578615
      vertex -1.2314730342393692 0.8947175314667035 -1.9201391134213848
      vertex -1.1096246601958315 1.0420069139203807 -1.9341391134213848
    endloop
  endfacet
  facet normal -0.3862553418539584 0.3187138812207625 -0.8655797322063862
    outer loop
      vertex -1.424488116993034 1.3376833806507191 -1.6847641819063262
      vertex -0.970276842403363 1.1728632248767756 -1.9481391134213848
      vertex -1.1096246601958315 1.0420069139203807 -1.9341391134213848
    endloop
  endfacet
  facet normal -0.3080543355556706 0.39998324354743586 0.8632009796256181
    outer loop
      vertex -1.424488116993034 1.3376833806507191 -1.5832358180936739
      vertex -1.1096246601958315 1.0420069139203807 -1.3338608865786152
      vertex -1.2455994191343815 1.5056710495242935 -1.5972358180936739
    endloop
  endfacet
  facet normal -0.684547105928689 0.7289686274214112 0
    outer loop
      vertex -0.970276842403363 1.1728632248767756 -2.0478608865786154
      vertex -1.1096246601958315 1.0420069139203807 -1.9341391134213848
      vertex -0.970276842403363 1.1728632248767756 -1.9481391134213848
    endloop
  endfacet
  facet normal -0.34233814576541644 0.3654809449853949 0.8655797322063863
    outer loop
      vertex -1.424488116993034 1.3376833806507191 -1.5832358180936739
      vertex -1.2314730342393692 0.8947175314667035 -1.319860886578615
      vertex -1.1096246601958315 1.0420069139203807 -1.3338608865786152
    endloop
  endfacet
  facet normal -0.7705132427757894 0.6374239897486895 0
    outer loop
      vertex -1.2314730342393692 0.8947175314667035 -1.319860886578615
      vertex -1.2314730342393692 0.8947175314667035 -1.2201391134213848
      vertex -1.1096246601958315 1.0420069139203807 -1.3338608865786152
    endloop
  endfacet
  facet normal -0.7705132427757895 0.6374239897486896 0
    outer loop
      vertex -1.1096246601958315 1.0420069139203807 -1.3338608865786152
      vertex -1.2314730342393692 0.8947175314667035 -1.2201391134213848
      vertex -1.1096246601958315 1.0420069139203807 -1.2341391134213848
    endloop
  endfacet
  facet normal -0.42315504442978974 0.2677900960960726 -0.865579732206386
    outer loop
      vertex -1.2314730342393692 0.8947175314667035 -1.2201391134213848
      vertex -1.5809117862987512 1.1485996457709655 -0.970764181906326
      vertex -1.1096246601958315 1.0420069139203807 -1.2341391134213848
    endloop
  endfacet
  facet normal -0.2938317985934532 0.4055053653515048 0.8655797322063861
    outer loop
      vertex -1.1096246601958315 1.0420069139203807 -1.3338608865786152
      vertex -0.970276842403363 1.1728632248767756 -1.347860886578615
      vertex -1.2455994191343815 1.5056710495242935 -1.5972358180936739
    endloop
  endfacet
  facet normal -0.3862553418539587 0.31871388122076283 -0.8655797322063861
    outer loop
      vertex -1.1096246601958315 1.0420069139203807 -1.2341391134213848
      vertex -1.424488116993034 1.3376833806507191 -0.984764181906326
      vertex -0.970276842403363 1.1728632248767756 -1.2481391134213848
    endloop
  endfacet
  facet normal -0.684547105928689 0.7289686274214113 0
    outer loop
      vertex -1.1096246601958315 1.0420069139203807 -1.3338608865786152
      vertex -1.1096246601958315 1.0420069139203807 -1.2341391134213848
      vertex -0.970276842403363 1.1728632248767756 -1.347860886578615
    endloop
  endfacet
  facet normal -0.6845471059286891 0.7289686274214113 0
    outer loop
      vertex -1.1096246601958315 1.0420069139203807 -1.2341391134213848
      vertex -0.970276842403363 1.1728632248767756 -1.2481391134213848
      vertex -0.970276842403363 1.1728632248767756 -1.347860886578615
    endloop
  endfacet
  facet normal -0.5877852522924722 0.8090169943749481 0
    outer loop
      vertex -0.970276842403363 1.1728632248767756 -1.347860886578615
      vertex -0.970276842403363 1.1728632248767756 -1.2481391134213848
      vertex -0.8156271791909037 1.2852227821423332 -1.361860886578615
    endloop
  endfacet
  facet normal -0.3798510762109778 0.33256161635813497 -0.863200979625618
    outer loop
      vertex -1.424488116993034 1.3376833806507191 -1.6847641819063262
      vertex -1.2455994191343815 1.5056710495242935 -1.698764181906326
      vertex -0.970276842403363 1.1728632248767756 -1.9481391134213848
    endloop
  endfacet
  facet normal -0.6845471059286888 0.7289686274214114 0
    outer loop
      vertex -1.424488116993034 1.3376833806507191 -1.5832358180936739
      vertex -1.2455994191343815 1.5056710495242935 -1.5972358180936739
      vertex -1.2455994191343815 1.5056710495242935 -1.698764181906326
    endloop
  endfacet
  facet normal -0.5877852522924727 0.8090169943749477 0
    outer loop
      vertex -1.2455994191343815 1.5056710495242935 -1.698764181906326
      vertex -1.2455994191343815 1.5056710495242935 -1.5972358180936739
      vertex -1.0470668743509552 1.6499133865025815 -1.712764181906326
    endloop
  endfacet
  facet normal -0.5877852522924727 0.8090169943749477 0
    outer loop
      vertex -1.2455994191343815 1.5056710495242935 -1.5972358180936739
      vertex -1.0470668743509552 1.6499133865025815 -1.6112358180936739
      vertex -1.0470668743509552 1.6499133865025815 -1.712764181906326
    endloop
  endfacet
  facet normal -0.3432641617993338 0.3646113580481577 -0.865579732206386
    outer loop
      vertex -0.970276842403363 1.1728632248767756 -1.9481391134213848
      vertex -1.2455994191343815 1.5056710495242935 -1.698764181906326
      vertex -0.8156271791909037 1.2852227821423332 -1.9621391134213848
    endloop
  endfacet
  facet normal -0.3351748142815011 0.3775472323362133 -0.863200979625618
    outer loop
      vertex -1.2455994191343815 1.5056710495242935 -1.698764181906326
      vertex -1.0470668743509552 1.6499133865025815 -1.712764181906326
      vertex -0.8156271791909037 1.2852227821423332 -1.9621391134213848
    endloop
  endfacet
  facet normal -0.25549404182310503 0.43543870219155645 0.863200979625618
    outer loop
      vertex -0.970276842403363 1.1728632248767756 -1.347860886578615
      vertex -1.0470668743509552 1.6499133865025815 -1.6112358180936739
      vertex -1.2455994191343815 1.5056710495242935 -1.5972358180936739
    endloop
  endfacet
  facet normal -0.19890445442624707 0.4640270323836429 0.863200979625618
    outer loop
      vertex -1.0470668743509552 1.6499133865025815 -1.6112358180936739
      vertex -0.8156271791909037 1.2852227821423332 -1.361860886578615
      vertex -0.8320214594715815 1.7681356037652416 -1.625235818093674
    endloop
  endfacet
  facet normal -0.4817536741017155 0.8763066800438636 0
    outer loop
      vertex -1.0470668743509552 1.6499133865025815 -1.712764181906326
      vertex -1.0470668743509552 1.6499133865025815 -1.6112358180936739
      vertex -0.8320214594715815 1.7681356037652416 -1.726764181906326
    endloop
  endfacet
  facet normal -0.4817536741017155 0.8763066800438636 0
    outer loop
      vertex -1.0470668743509552 1.6499133865025815 -1.6112358180936739
      vertex -0.8320214594715815 1.7681356037652416 -1.625235818093674
      vertex -0.8320214594715815 1.7681356037652416 -1.726764181906326
    endloop
  endfacet
  facet normal -0.37985107621097874 0.33256161635813364 -0.8632009796256181
    outer loop
      vertex -0.970276842403363 1.1728632248767756 -1.2481391134213848
      vertex -1.424488116993034 1.3376833806507191 -0.984764181906326
      vertex -1.2455994191343815 1.5056710495242935 -0.9987641819063262
    endloop
  endfacet
  facet normal -0.24069154843105894 0.4391347238688603 0.8655797322063861
    outer loop
      vertex -0.970276842403363 1.1728632248767756 -1.347860886578615
      vertex -0.8156271791909037 1.2852227821423332 -1.361860886578615
      vertex -1.0470668743509552 1.6499133865025815 -1.6112358180936739
    endloop
  endfacet
  facet normal -0.34326416179933356 0.36461135804815753 -0.8655797322063862
    outer loop
      vertex -0.970276842403363 1.1728632248767756 -1.2481391134213848
      vertex -1.2455994191343815 1.5056710495242935 -0.9987641819063262
      vertex -0.8156271791909037 1.2852227821423332 -1.2621391134213849
    endloop
  endfacet
  facet normal -0.3351748142815004 0.3775472323362138 -0.8632009796256181
    outer loop
      vertex -1.0470668743509552 1.6499133865025815 -1.012764181906326
      vertex -0.8156271791909037 1.2852227821423332 -1.2621391134213849
      vertex -1.2455994191343815 1.5056710495242935 -0.9987641819063262
    endloop
  endfacet
  facet normal -0.8443279255020152 0.5358267949789964 0
    outer loop
      vertex -1.7124035323436124 0.941401808337234 -0.956764181906326
      vertex -1.7124035323436124 0.941401808337234 -0.8552358180936741
      vertex -1.5809117862987512 1.1485996457709655 -0.970764181906326
    endloop
  endfacet
  facet normal -0.39784802983753625 0.31080703648367497 0.8632009796256179
    outer loop
      vertex -1.3339003428866194 0.7333179190634505 -0.6058608865786153
      vertex -1.5809117862987512 1.1485996457709655 -0.8692358180936741
      vertex -1.7124035323436124 0.941401808337234 -0.8552358180936741
    endloop
  endfacet
  facet normal -0.8443279255020152 0.5358267949789964 0
    outer loop
      vertex -1.7124035323436124 0.941401808337234 -0.8552358180936741
      vertex -1.5809117862987512 1.1485996457709655 -0.8692358180936741
      vertex -1.5809117862987512 1.1485996457709655 -0.970764181906326
    endloop
  endfacet
  facet normal -0.3854456158757662 0.31969267178913 0.865579732206386
    outer loop
      vertex -1.3339003428866194 0.7333179190634505 -0.6058608865786153
      vertex -1.2314730342393692 0.8947175314667035 -0.6198608865786153
      vertex -1.5809117862987512 1.1485996457709655 -0.8692358180936741
    endloop
  endfacet
  facet normal -0.7705132427757895 0.6374239897486894 0
    outer loop
      vertex -1.5809117862987512 1.1485996457709655 -0.970764181906326
      vertex -1.5809117862987512 1.1485996457709655 -0.8692358180936741
      vertex -1.424488116993034 1.3376833806507191 -0.984764181906326
    endloop
  endfacet
  facet normal -0.7705132427757896 0.6374239897486893 0
    outer loop
      vertex -1.5809117862987512 1.1485996457709655 -0.8692358180936741
      vertex -1.424488116993034 1.3376833806507191 -0.8832358180936741
      vertex -1.424488116993034 1.3376833806507191 -0.984764181906326
    endloop
  endfacet
  facet normal -0.3557564283937831 0.3582198102141652 0.863200979625618
    outer loop
      vertex -1.5809117862987512 1.1485996457709655 -0.8692358180936741
      vertex -1.2314730342393692 0.8947175314667035 -0.6198608865786153
      vertex -1.424488116993034 1.3376833806507191 -0.8832358180936741
    endloop
  endfacet
  facet normal -0.6845471059286888 0.7289686274214114 0
    outer loop
      vertex -1.424488116993034 1.3376833806507191 -0.984764181906326
      vertex -1.424488116993034 1.3376833806507191 -0.8832358180936741
      vertex -1.2455994191343815 1.5056710495242935 -0.9987641819063262
    endloop
  endfacet
  facet normal -0.3423381457654173 0.36548094498539435 0.865579732206386
    outer loop
      vertex -1.424488116993034 1.3376833806507191 -0.8832358180936741
      vertex -1.2314730342393692 0.8947175314667035 -0.6198608865786153
      vertex -1.1096246601958315 1.0420069139203807 -0.6338608865786153
    endloop
  endfacet
  facet normal -0.7705132427757894 0.6374239897486895 0
    outer loop
      vertex -1.2314730342393692 0.8947175314667035 -0.6198608865786153
      vertex -1.2314730342393692 0.8947175314667035 -0.3062899951086482
      vertex -1.1096246601958315 1.0420069139203807 -0.6338608865786153
    endloop
  endfacet
  facet normal -0.3080543355556708 0.3999832435474361 0.8632009796256179
    outer loop
      vertex -1.424488116993034 1.3376833806507191 -0.8832358180936741
      vertex -1.1096246601958315 1.0420069139203807 -0.6338608865786153
      vertex -1.2455994191343815 1.5056710495242935 -0.8972358180936741
    endloop
  endfacet
  facet normal -0.29383179859345243 0.4055053653515054 0.8655797322063861
    outer loop
      vertex -1.1096246601958315 1.0420069139203807 -0.6338608865786153
      vertex -0.970276842403363 1.1728632248767756 -0.6478608865786153
      vertex -1.2455994191343815 1.5056710495242935 -0.8972358180936741
    endloop
  endfacet
  facet normal -0.684547105928689 0.7289686274214112 0
    outer loop
      vertex -1.1096246601958315 1.0420069139203807 -0.6338608865786153
      vertex -1.1096246601958315 1.0420069139203807 -0.3202899951086482
      vertex -0.970276842403363 1.1728632248767756 -0.6478608865786153
    endloop
  endfacet
  facet normal -0.5877852522924722 0.8090169943749482 0
    outer loop
      vertex -0.970276842403363 1.1728632248767756 -0.6478608865786153
      vertex -0.970276842403363 1.1728632248767756 -0.3342899951086482
      vertex -0.8156271791909037 1.2852227821423332 -0.6618608865786151
    endloop
  endfacet
  facet normal -0.7705132427757895 0.6374239897486895 0
    outer loop
      vertex -1.2314730342393692 0.8947175314667035 -0.3062899951086482
      vertex -1.2314730342393692 0.8947175314667035 -0.234594702298069
      vertex -1.1096246601958315 1.0420069139203807 -0.3202899951086482
    endloop
  endfacet
  facet normal -0.7705132427757894 0.6374239897486895 0
    outer loop
      vertex -1.1096246601958315 1.0420069139203807 -0.6338608865786153
      vertex -1.2314730342393692 0.8947175314667035 -0.3062899951086482
      vertex -1.1096246601958315 1.0420069139203807 -0.3202899951086482
    endloop
  endfacet
  facet normal -0.7705132427757895 0.6374239897486895 0
    outer loop
      vertex -1.1096246601958315 1.0420069139203807 -0.3202899951086482
      vertex -1.2314730342393692 0.8947175314667035 -0.234594702298069
      vertex -1.1096246601958315 1.0420069139203807 -0.24859470229806901
    endloop
  endfacet
  facet normal -0.7705132427757894 0.6374239897486894 0
    outer loop
      vertex -1.2314730342393692 0.8947175314667035 -0.234594702298069
      vertex -1.2314730342393692 0.8947175314667035 -0.20540529770193117
      vertex -1.1096246601958315 1.0420069139203807 -0.24859470229806901
    endloop
  endfacet
  facet normal -0.7705132427757895 0.6374239897486895 0
    outer loop
      vertex -1.2314730342393692 0.8947175314667035 -0.20540529770193117
      vertex -1.2314730342393692 0.8947175314667035 -0.13371000489135199
      vertex -1.1096246601958315 1.0420069139203807 -0.21940529770193118
    endloop
  endfacet
  facet normal -0.7705132427757895 0.6374239897486895 0
    outer loop
      vertex -1.2314730342393692 0.8947175314667035 -0.13371000489135199
      vertex -1.2314730342393692 0.8947175314667035 0
      vertex -1.1096246601958315 1.0420069139203807 -0.147710004891352
    endloop
  endfacet
  facet normal -0.7705132427757894 0.6374239897486896 0
    outer loop
      vertex -1.2314730342393692 0.8947175314667035 -0.20540529770193117
      vertex -1.1096246601958315 1.0420069139203807 -0.21940529770193118
      vertex -1.1096246601958315 1.0420069139203807 -0.24859470229806901
    endloop
  endfacet
  facet normal -0.7705132427757895 0.6374239897486895 0
    outer loop
      vertex -1.2314730342393692 0.8947175314667035 -0.13371000489135199
      vertex -1.1096246601958315 1.0420069139203807 -0.147710004891352
      vertex -1.1096246601958315 1.0420069139203807 -0.21940529770193118
    endloop
  endfacet
  facet normal -0.7705132427757894 0.6374239897486895 0
    outer loop
      vertex -1.1096246601958315 1.0420069139203807 -0.147710004891352
      vertex -1.2314730342393692 0.8947175314667035 0
      vertex -1.1096246601958315 1.0420069139203807 0
    endloop
  endfacet
  facet normal -0.684547105928689 0.7289686274214112 0
    outer loop
      vertex -1.1096246601958315 1.0420069139203807 -0.3202899951086482
      vertex -1.1096246601958315 1.0420069139203807 -0.24859470229806901
      vertex -0.970276842403363 1.1728632248767756 -0.3342899951086482
    endloop
  endfacet
  facet normal -0.684547105928689 0.7289686274214112 0
    outer loop
      vertex -1.1096246601958315 1.0420069139203807 -0.24859470229806901
      vertex -1.1096246601958315 1.0420069139203807 -0.21940529770193118
      vertex -0.970276842403363 1.1728632248767756 -0.262594702298069
    endloop
  endfacet
  facet normal -0.684547105928689 0.7289686274214112 0
    outer loop
      vertex -1.1096246601958315 1.0420069139203807 -0.21940529770193118
      vertex -1.1096246601958315 1.0420069139203807 -0.147710004891352
      vertex -0.970276842403363 1.1728632248767756 -0.2334052977019312
    endloop
  endfacet
  facet normal -0.684547105928689 0.7289686274214113 0
    outer loop
      vertex -1.1096246601958315 1.0420069139203807 -0.147710004891352
      vertex -1.1096246601958315 1.0420069139203807 0
      vertex -0.970276842403363 1.1728632248767756 -0.161710004891352
    endloop
  endfacet
  facet normal -0.684547105928689 0.7289686274214112 0
    outer loop
      vertex -0.970276842403363 1.1728632248767756 -0.6478608865786153
      vertex -1.1096246601958315 1.0420069139203807 -0.3202899951086482
      vertex -0.970276842403363 1.1728632248767756 -0.3342899951086482
    endloop
  endfacet
  facet normal -0.684547105928689 0.7289686274214112 0
    outer loop
      vertex -1.1096246601958315 1.0420069139203807 -0.24859470229806901
      vertex -0.970276842403363 1.1728632248767756 -0.262594702298069
      vertex -0.970276842403363 1.1728632248767756 -0.3342899951086482
    endloop
  endfacet
  facet normal -0.5877852522924721 0.8090169943749481 0
    outer loop
      vertex -0.970276842403363 1.1728632248767756 -0.3342899951086482
      vertex -0.970276842403363 1.1728632248767756 -0.262594702298069
      vertex -0.8156271791909037 1.2852227821423332 -0.3482899951086482
    endloop
  endfacet
  facet normal -0.5877852522924721 0.809016994374948 0
    outer loop
      vertex -0.970276842403363 1.1728632248767756 -0.262594702298069
      vertex -0.970276842403363 1.1728632248767756 -0.2334052977019312
      vertex -0.8156271791909037 1.2852227821423332 -0.27659470229806904
    endloop
  endfacet
  facet normal -0.684547105928689 0.7289686274214112 0
    outer loop
      vertex -1.1096246601958315 1.0420069139203807 -0.21940529770193118
      vertex -0.970276842403363 1.1728632248767756 -0.2334052977019312
      vertex -0.970276842403363 1.1728632248767756 -0.262594702298069
    endloop
  endfacet
  facet normal -0.684547105928689 0.7289686274214112 0
    outer loop
      vertex -1.1096246601958315 1.0420069139203807 -0.147710004891352
      vertex -0.970276842403363 1.1728632248767756 -0.161710004891352
      vertex -0.970276842403363 1.1728632248767756 -0.2334052977019312
    endloop
  endfacet
  facet normal -0.684547105928689 0.7289686274214112 0
    outer loop
      vertex -0.970276842403363 1.1728632248767756 -0.161710004891352
      vertex -1.1096246601958315 1.0420069139203807 0
      vertex -0.970276842403363 1.1728632248767756 0
    endloop
  endfacet
  facet normal -0.5877852522924721 0.8090169943749481 0
    outer loop
      vertex -0.970276842403363 1.1728632248767756 -0.2334052977019312
      vertex -0.970276842403363 1.1728632248767756 -0.161710004891352
      vertex -0.8156271791909037 1.2852227821423332 -0.2474052977019312
    endloop
  endfacet
  facet normal -0.5877852522924722 0.8090169943749481 0
    outer loop
      vertex -0.970276842403363 1.1728632248767756 -0.161710004891352
      vertex -0.970276842403363 1.1728632248767756 0
      vertex -0.8156271791909037 1.2852227821423332 -0.17571000489135202
    endloop
  endfacet
  facet normal -0.6845471059286888 0.7289686274214114 0
    outer loop
      vertex -1.424488116993034 1.3376833806507191 -0.8832358180936741
      vertex -1.2455994191343815 1.5056710495242935 -0.8972358180936741
      vertex -1.2455994191343815 1.5056710495242935 -0.9987641819063262
    endloop
  endfacet
  facet normal -0.5877852522924727 0.8090169943749477 0
    outer loop
      vertex -1.0470668743509552 1.6499133865025815 -1.012764181906326
      vertex -1.2455994191343815 1.5056710495242935 -0.9987641819063262
      vertex -1.2455994191343815 1.5056710495242935 -0.8972358180936741
    endloop
  endfacet
  facet normal -0.5877852522924727 0.8090169943749477 0
    outer loop
      vertex -1.0470668743509552 1.6499133865025815 -1.012764181906326
      vertex -1.2455994191343815 1.5056710495242935 -0.8972358180936741
      vertex -1.0470668743509552 1.6499133865025815 -0.9112358180936737
    endloop
  endfacet
  facet normal -0.2554940418231063 0.43543870219155545 0.8632009796256181
    outer loop
      vertex -0.970276842403363 1.1728632248767756 -0.6478608865786153
      vertex -1.0470668743509552 1.6499133865025815 -0.9112358180936737
      vertex -1.2455994191343815 1.5056710495242935 -0.8972358180936741
    endloop
  endfacet
  facet normal -0.2406915484310596 0.43913472386885954 0.8655797322063863
    outer loop
      vertex -0.970276842403363 1.1728632248767756 -0.6478608865786153
      vertex -0.8156271791909037 1.2852227821423332 -0.6618608865786151
      vertex -1.0470668743509552 1.6499133865025815 -0.9112358180936737
    endloop
  endfacet
  facet normal -0.19890445442624688 0.4640270323836426 0.8632009796256183
    outer loop
      vertex -1.0470668743509552 1.6499133865025815 -0.9112358180936737
      vertex -0.8156271791909037 1.2852227821423332 -0.6618608865786151
      vertex -0.8320214594715815 1.7681356037652416 -0.9252358180936737
    endloop
  endfacet
  facet normal -0.48175367410171543 0.8763066800438635 0
    outer loop
      vertex -1.0470668743509552 1.6499133865025815 -1.012764181906326
      vertex -1.0470668743509552 1.6499133865025815 -0.9112358180936737
      vertex -0.8320214594715815 1.7681356037652416 -1.0267641819063262
    endloop
  endfacet
  facet normal -0.48175367410171543 0.8763066800438635 0
    outer loop
      vertex -1.0470668743509552 1.6499133865025815 -0.9112358180936737
      vertex -0.8320214594715815 1.7681356037652416 -0.9252358180936737
      vertex -0.8320214594715815 1.7681356037652416 -1.0267641819063262
    endloop
  endfacet
  facet normal -0.5877852522924721 0.8090169943749481 0
    outer loop
      vertex -0.8156271791909037 1.2852227821423332 -2.061860886578615
      vertex -0.970276842403363 1.1728632248767756 -1.9481391134213848
      vertex -0.8156271791909037 1.2852227821423332 -1.9621391134213848
    endloop
  endfacet
  facet normal -0.5877852522924721 0.8090169943749482 0
    outer loop
      vertex -0.970276842403363 1.1728632248767756 -1.2481391134213848
      vertex -0.8156271791909037 1.2852227821423332 -1.2621391134213849
      vertex -0.8156271791909037 1.2852227821423332 -1.361860886578615
    endloop
  endfacet
  facet normal -0.29485950085706314 0.40475869595086483 -0.865579732206386
    outer loop
      vertex -1.0470668743509552 1.6499133865025815 -1.712764181906326
      vertex -0.6481145881305433 1.3773136083786315 -1.9761391134213848
      vertex -0.8156271791909037 1.2852227821423332 -1.9621391134213848
    endloop
  endfacet
  facet normal -0.28521264530707596 0.4165787029245658 -0.8632009796256179
    outer loop
      vertex -1.0470668743509552 1.6499133865025815 -1.712764181906326
      vertex -0.8320214594715815 1.7681356037652416 -1.726764181906326
      vertex -0.6481145881305433 1.3773136083786315 -1.9761391134213848
    endloop
  endfacet
  facet normal -0.1391780249633253 0.4852973790787268 0.8632009796256179
    outer loop
      vertex -0.6481145881305433 1.3773136083786315 -1.375860886578615
      vertex -0.6038545691508126 1.8584732663235117 -1.639235818093674
      vertex -0.8320214594715815 1.7681356037652416 -1.625235818093674
    endloop
  endfacet
  facet normal -0.2418047294457476 0.4385227474273026 -0.865579732206386
    outer loop
      vertex -0.6481145881305433 1.3773136083786315 -1.9761391134213848
      vertex -0.8320214594715815 1.7681356037652416 -1.726764181906326
      vertex -0.470380842850476 1.4476833762435302 -1.9901391134213846
    endloop
  endfacet
  facet normal -0.23075250253838214 0.44904047851574275 -0.863200979625618
    outer loop
      vertex -0.470380842850476 1.4476833762435302 -1.9901391134213846
      vertex -0.8320214594715815 1.7681356037652416 -1.726764181906326
      vertex -0.6038545691508126 1.8584732663235117 -1.740764181906326
    endloop
  endfacet
  facet normal -0.18493655300393147 0.4653710332160189 -0.8655797322063861
    outer loop
      vertex -0.28522891068676137 1.4952223124609376 -2.004139113421385
      vertex -0.470380842850476 1.4476833762435302 -1.9901391134213846
      vertex -0.6038545691508126 1.8584732663235117 -1.740764181906326
    endloop
  endfacet
  facet normal -0.07725667490580963 0.4989142962031371 0.8632009796256179
    outer loop
      vertex -0.470380842850476 1.4476833762435302 -1.389860886578615
      vertex -0.36616453154930095 1.919501695273744 -1.653235818093674
      vertex -0.6038545691508126 1.8584732663235117 -1.639235818093674
    endloop
  endfacet
  facet normal -0.48175367410171593 0.8763066800438633 0
    outer loop
      vertex -0.8156271791909037 1.2852227821423332 -1.361860886578615
      vertex -0.8156271791909037 1.2852227821423332 -1.2621391134213849
      vertex -0.6481145881305433 1.3773136083786315 -1.375860886578615
    endloop
  endfacet
  facet normal -0.4817536741017159 0.8763066800438634 0
    outer loop
      vertex -0.8156271791909037 1.2852227821423332 -1.2621391134213849
      vertex -0.6481145881305433 1.3773136083786315 -1.2761391134213846
      vertex -0.6481145881305433 1.3773136083786315 -1.375860886578615
    endloop
  endfacet
  facet normal -0.18375544876774835 0.4658386654644336 0.8655797322063861
    outer loop
      vertex -0.8156271791909037 1.2852227821423332 -1.361860886578615
      vertex -0.6481145881305433 1.3773136083786315 -1.375860886578615
      vertex -0.8320214594715815 1.7681356037652416 -1.625235818093674
    endloop
  endfacet
  facet normal -0.2948595008570624 0.40475869595086533 -0.865579732206386
    outer loop
      vertex -1.0470668743509552 1.6499133865025815 -1.012764181906326
      vertex -0.6481145881305433 1.3773136083786315 -1.2761391134213846
      vertex -0.8156271791909037 1.2852227821423332 -1.2621391134213849
    endloop
  endfacet
  facet normal -0.28521264530707635 0.4165787029245648 -0.8632009796256183
    outer loop
      vertex -1.0470668743509552 1.6499133865025815 -1.012764181906326
      vertex -0.8320214594715815 1.7681356037652416 -1.0267641819063262
      vertex -0.6481145881305433 1.3773136083786315 -1.2761391134213846
    endloop
  endfacet
  facet normal -0.3681245526846789 0.929776485888251 0
    outer loop
      vertex -0.6481145881305433 1.3773136083786315 -1.375860886578615
      vertex -0.6481145881305433 1.3773136083786315 -1.2761391134213846
      vertex -0.470380842850476 1.4476833762435302 -1.389860886578615
    endloop
  endfacet
  facet normal -0.36812455268467903 0.929776485888251 0
    outer loop
      vertex -0.6481145881305433 1.3773136083786315 -1.2761391134213846
      vertex -0.470380842850476 1.4476833762435302 -1.2901391134213849
      vertex -0.470380842850476 1.4476833762435302 -1.389860886578615
    endloop
  endfacet
  facet normal -0.12392141590718503 0.4851960530271033 0.865579732206386
    outer loop
      vertex -0.6481145881305433 1.3773136083786315 -1.375860886578615
      vertex -0.470380842850476 1.4476833762435302 -1.389860886578615
      vertex -0.6038545691508126 1.8584732663235117 -1.639235818093674
    endloop
  endfacet
  facet normal -0.2418047294457492 0.4385227474273012 -0.8655797322063863
    outer loop
      vertex -0.6481145881305433 1.3773136083786315 -1.2761391134213846
      vertex -0.8320214594715815 1.7681356037652416 -1.0267641819063262
      vertex -0.470380842850476 1.4476833762435302 -1.2901391134213849
    endloop
  endfacet
  facet normal -0.23075250253838153 0.44904047851574336 -0.8632009796256179
    outer loop
      vertex -0.470380842850476 1.4476833762435302 -1.2901391134213849
      vertex -0.8320214594715815 1.7681356037652416 -1.0267641819063262
      vertex -0.6038545691508126 1.8584732663235117 -1.040764181906326
    endloop
  endfacet
  facet normal -0.1849365530039287 0.4653710332160203 -0.8655797322063861
    outer loop
      vertex -0.470380842850476 1.4476833762435302 -1.2901391134213849
      vertex -0.6038545691508126 1.8584732663235117 -1.040764181906326
      vertex -0.28522891068676137 1.4952223124609376 -1.3041391134213847
    endloop
  endfacet
  facet normal -0.12515181664549713 0.4848801398117407 -0.8655797322063858
    outer loop
      vertex -0.28522891068676137 1.4952223124609376 -2.004139113421385
      vertex -0.36616453154930095 1.919501695273744 -1.754764181906326
      vertex -0.09557874821402428 1.519180699608322 -2.018139113421385
    endloop
  endfacet
  facet normal -0.06339336137649643 0.49674239694927386 -0.8655797322063861
    outer loop
      vertex -0.09557874821402428 1.519180699608322 -2.018139113421385
      vertex -0.12269986054916825 1.950258435834777 -1.768764181906326
      vertex 0.09557874821402428 1.519180699608322 -2.032139113421385
    endloop
  endfacet
  facet normal -0.24868988716485396 0.9685831611286313 0
    outer loop
      vertex -0.470380842850476 1.4476833762435302 -1.389860886578615
      vertex -0.470380842850476 1.4476833762435302 -1.2901391134213849
      vertex -0.28522891068676137 1.4952223124609376 -1.403860886578615
    endloop
  endfacet
  facet normal -0.24868988716485402 0.9685831611286313 0
    outer loop
      vertex -0.470380842850476 1.4476833762435302 -1.2901391134213849
      vertex -0.28522891068676137 1.4952223124609376 -1.3041391134213847
      vertex -0.28522891068676137 1.4952223124609376 -1.403860886578615
    endloop
  endfacet
  facet normal -0.1253332335643042 0.9921147013144779 0
    outer loop
      vertex -0.28522891068676137 1.4952223124609376 -1.403860886578615
      vertex -0.28522891068676137 1.4952223124609376 -1.3041391134213847
      vertex -0.09557874821402428 1.519180699608322 -1.417860886578615
    endloop
  endfacet
  facet normal -0.06213306829069857 0.4969016089914627 0.865579732206386
    outer loop
      vertex -0.470380842850476 1.4476833762435302 -1.389860886578615
      vertex -0.28522891068676137 1.4952223124609376 -1.403860886578615
      vertex -0.36616453154930095 1.919501695273744 -1.653235818093674
    endloop
  endfacet
  facet normal -0.12515181664549901 0.4848801398117392 -0.8655797322063864
    outer loop
      vertex -0.28522891068676137 1.4952223124609376 -1.3041391134213847
      vertex -0.36616453154930095 1.919501695273744 -1.0547641819063263
      vertex -0.09557874821402428 1.519180699608322 -1.318139113421385
    endloop
  endfacet
  facet normal -0.1253332335643042 0.9921147013144779 0
    outer loop
      vertex -0.28522891068676137 1.4952223124609376 -1.3041391134213847
      vertex -0.09557874821402428 1.519180699608322 -1.318139113421385
      vertex -0.09557874821402428 1.519180699608322 -1.417860886578615
    endloop
  endfacet
  facet normal 0 1 0
    outer loop
      vertex -0.09557874821402428 1.519180699608322 -1.417860886578615
      vertex -0.09557874821402428 1.519180699608322 -1.318139113421385
      vertex 0.09557874821402428 1.519180699608322 -1.431860886578615
    endloop
  endfacet
  facet normal 0.0006351549292267931 0.5007707297473931 0.8655797322063863
    outer loop
      vertex -0.28522891068676137 1.4952223124609376 -1.403860886578615
      vertex -0.09557874821402428 1.519180699608322 -1.417860886578615
      vertex -0.12269986054916825 1.950258435834777 -1.6672358180936737
    endloop
  endfacet
  facet normal -0.06339336137649443 0.4967423969492741 -0.8655797322063862
    outer loop
      vertex -0.09557874821402428 1.519180699608322 -1.318139113421385
      vertex -0.12269986054916825 1.950258435834777 -1.068764181906326
      vertex 0.09557874821402428 1.519180699608322 -1.3321391134213847
    endloop
  endfacet
  facet normal -0.5877852522924722 0.8090169943749481 0
    outer loop
      vertex -0.970276842403363 1.1728632248767756 -0.3342899951086482
      vertex -0.8156271791909037 1.2852227821423332 -0.3482899951086482
      vertex -0.8156271791909037 1.2852227821423332 -0.6618608865786151
    endloop
  endfacet
  facet normal -0.5877852522924721 0.8090169943749482 0
    outer loop
      vertex -0.970276842403363 1.1728632248767756 -0.262594702298069
      vertex -0.8156271791909037 1.2852227821423332 -0.27659470229806904
      vertex -0.8156271791909037 1.2852227821423332 -0.3482899951086482
    endloop
  endfacet
  facet normal -0.5877852522924721 0.8090169943749481 0
    outer loop
      vertex -0.970276842403363 1.1728632248767756 -0.2334052977019312
      vertex -0.8156271791909037 1.2852227821423332 -0.2474052977019312
      vertex -0.8156271791909037 1.2852227821423332 -0.27659470229806904
    endloop
  endfacet
  facet normal -0.5877852522924721 0.8090169943749482 0
    outer loop
      vertex -0.970276842403363 1.1728632248767756 -0.161710004891352
      vertex -0.8156271791909037 1.2852227821423332 -0.17571000489135202
      vertex -0.8156271791909037 1.2852227821423332 -0.2474052977019312
    endloop
  endfacet
  facet normal -0.5877852522924721 0.8090169943749481 0
    outer loop
      vertex -0.8156271791909037 1.2852227821423332 -0.17571000489135202
      vertex -0.970276842403363 1.1728632248767756 0
      vertex -0.8156271791909037 1.2852227821423332 0
    endloop
  endfacet
  facet normal -0.18375544876774816 0.4658386654644333 0.8655797322063862
    outer loop
      vertex -0.8156271791909037 1.2852227821423332 -0.6618608865786151
      vertex -0.6481145881305433 1.3773136083786315 -0.6758608865786151
      vertex -0.8320214594715815 1.7681356037652416 -0.9252358180936737
    endloop
  endfacet
  facet normal -0.48175367410171593 0.8763066800438633 0
    outer loop
      vertex -0.8156271791909037 1.2852227821423332 -0.6618608865786151
      vertex -0.8156271791909037 1.2852227821423332 -0.3482899951086482
      vertex -0.6481145881305433 1.3773136083786315 -0.6758608865786151
    endloop
  endfacet
  facet normal -0.1391780249633251 0.4852973790787265 0.8632009796256181
    outer loop
      vertex -0.6481145881305433 1.3773136083786315 -0.6758608865786151
      vertex -0.6038545691508126 1.8584732663235117 -0.9392358180936737
      vertex -0.8320214594715815 1.7681356037652416 -0.9252358180936737
    endloop
  endfacet
  facet normal -0.368124552684679 0.929776485888251 0
    outer loop
      vertex -0.6481145881305433 1.3773136083786315 -0.6758608865786151
      vertex -0.6481145881305433 1.3773136083786315 -0.36228999510864823
      vertex -0.470380842850476 1.4476833762435302 -0.6898608865786151
    endloop
  endfacet
  facet normal -0.12392141590718492 0.485196053027103 0.8655797322063862
    outer loop
      vertex -0.6481145881305433 1.3773136083786315 -0.6758608865786151
      vertex -0.470380842850476 1.4476833762435302 -0.6898608865786151
      vertex -0.6038545691508126 1.8584732663235117 -0.9392358180936737
    endloop
  endfacet
  facet normal -0.07725667490580954 0.4989142962031367 0.8632009796256181
    outer loop
      vertex -0.470380842850476 1.4476833762435302 -0.6898608865786151
      vertex -0.36616453154930095 1.919501695273744 -0.9532358180936737
      vertex -0.6038545691508126 1.8584732663235117 -0.9392358180936737
    endloop
  endfacet
  facet normal -0.481753674101716 0.8763066800438633 0
    outer loop
      vertex -0.8156271791909037 1.2852227821423332 -0.3482899951086482
      vertex -0.6481145881305433 1.3773136083786315 -0.36228999510864823
      vertex -0.6481145881305433 1.3773136083786315 -0.6758608865786151
    endloop
  endfacet
  facet normal -0.4817536741017159 0.8763066800438633 0
    outer loop
      vertex -0.8156271791909037 1.2852227821423332 -0.3482899951086482
      vertex -0.8156271791909037 1.2852227821423332 -0.27659470229806904
      vertex -0.6481145881305433 1.3773136083786315 -0.36228999510864823
    endloop
  endfacet
  facet normal -0.48175367410171593 0.8763066800438633 0
    outer loop
      vertex -0.8156271791909037 1.2852227821423332 -0.27659470229806904
      vertex -0.8156271791909037 1.2852227821423332 -0.2474052977019312
      vertex -0.6481145881305433 1.3773136083786315 -0.29059470229806905
    endloop
  endfacet
  facet normal -0.48175367410171605 0.8763066800438633 0
    outer loop
      vertex -0.8156271791909037 1.2852227821423332 -0.27659470229806904
      vertex -0.6481145881305433 1.3773136083786315 -0.29059470229806905
      vertex -0.6481145881305433 1.3773136083786315 -0.36228999510864823
    endloop
  endfacet
  facet normal -0.48175367410171593 0.8763066800438633 0
    outer loop
      vertex -0.8156271791909037 1.2852227821423332 -0.2474052977019312
      vertex -0.6481145881305433 1.3773136083786315 -0.2614052977019312
      vertex -0.6481145881305433 1.3773136083786315 -0.29059470229806905
    endloop
  endfacet
  facet normal -0.4817536741017159 0.8763066800438633 0
    outer loop
      vertex -0.8156271791909037 1.2852227821423332 -0.2474052977019312
      vertex -0.8156271791909037 1.2852227821423332 -0.17571000489135202
      vertex -0.6481145881305433 1.3773136083786315 -0.2614052977019312
    endloop
  endfacet
  facet normal -0.48175367410171605 0.8763066800438633 0
    outer loop
      vertex -0.8156271791909037 1.2852227821423332 -0.17571000489135202
      vertex -0.6481145881305433 1.3773136083786315 -0.18971000489135204
      vertex -0.6481145881305433 1.3773136083786315 -0.2614052977019312
    endloop
  endfacet
  facet normal -0.48175367410171593 0.8763066800438633 0
    outer loop
      vertex -0.8156271791909037 1.2852227821423332 -0.17571000489135202
      vertex -0.8156271791909037 1.2852227821423332 0
      vertex -0.6481145881305433 1.3773136083786315 -0.18971000489135204
    endloop
  endfacet
  facet normal -0.4817536741017159 0.8763066800438633 0
    outer loop
      vertex -0.6481145881305433 1.3773136083786315 -0.18971000489135204
      vertex -0.8156271791909037 1.2852227821423332 0
      vertex -0.6481145881305433 1.3773136083786315 0
    endloop
  endfacet
  facet normal -0.3681245526846789 0.9297764858882509 0
    outer loop
      vertex -0.6481145881305433 1.3773136083786315 -0.36228999510864823
      vertex -0.6481145881305433 1.3773136083786315 -0.29059470229806905
      vertex -0.470380842850476 1.4476833762435302 -0.37628999510864825
    endloop
  endfacet
  facet normal -0.36812455268467903 0.9297764858882511 0
    outer loop
      vertex -0.6481145881305433 1.3773136083786315 -0.29059470229806905
      vertex -0.6481145881305433 1.3773136083786315 -0.2614052977019312
      vertex -0.470380842850476 1.4476833762435302 -0.30459470229806906
    endloop
  endfacet
  facet normal -0.368124552684679 0.929776485888251 0
    outer loop
      vertex -0.470380842850476 1.4476833762435302 -0.6898608865786151
      vertex -0.6481145881305433 1.3773136083786315 -0.36228999510864823
      vertex -0.470380842850476 1.4476833762435302 -0.37628999510864825
    endloop
  endfacet
  facet normal -0.368124552684679 0.9297764858882509 0
    outer loop
      vertex -0.6481145881305433 1.3773136083786315 -0.29059470229806905
      vertex -0.470380842850476 1.4476833762435302 -0.30459470229806906
      vertex -0.470380842850476 1.4476833762435302 -0.37628999510864825
    endloop
  endfacet
  facet normal -0.36812455268467903 0.9297764858882509 0
    outer loop
      vertex -0.6481145881305433 1.3773136083786315 -0.2614052977019312
      vertex -0.470380842850476 1.4476833762435302 -0.27540529770193123
      vertex -0.470380842850476 1.4476833762435302 -0.30459470229806906
    endloop
  endfacet
  facet normal -0.3681245526846789 0.9297764858882509 0
    outer loop
      vertex -0.6481145881305433 1.3773136083786315 -0.2614052977019312
      vertex -0.6481145881305433 1.3773136083786315 -0.18971000489135204
      vertex -0.470380842850476 1.4476833762435302 -0.27540529770193123
    endloop
  endfacet
  facet normal -0.368124552684679 0.929776485888251 0
    outer loop
      vertex -0.6481145881305433 1.3773136083786315 -0.18971000489135204
      vertex -0.6481145881305433 1.3773136083786315 0
      vertex -0.470380842850476 1.4476833762435302 -0.20371000489135205
    endloop
  endfacet
  facet normal -0.3681245526846789 0.9297764858882509 0
    outer loop
      vertex -0.470380842850476 1.4476833762435302 -0.27540529770193123
      vertex -0.6481145881305433 1.3773136083786315 -0.18971000489135204
      vertex -0.470380842850476 1.4476833762435302 -0.20371000489135205
    endloop
  endfacet
  facet normal -0.368124552684679 0.929776485888251 0
    outer loop
      vertex -0.470380842850476 1.4476833762435302 -0.20371000489135205
      vertex -0.6481145881305433 1.3773136083786315 0
      vertex -0.470380842850476 1.4476833762435302 0
    endloop
  endfacet
  facet normal -0.24868988716485402 0.9685831611286313 0
    outer loop
      vertex -0.470380842850476 1.4476833762435302 -0.6898608865786151
      vertex -0.470380842850476 1.4476833762435302 -0.37628999510864825
      vertex -0.28522891068676137 1.4952223124609376 -0.7038608865786151
    endloop
  endfacet
  facet normal -0.1253332335643042 0.9921147013144778 0
    outer loop
      vertex -0.28522891068676137 1.4952223124609376 -0.7038608865786151
      vertex -0.28522891068676137 1.4952223124609376 -0.39028999510864826
      vertex -0.09557874821402428 1.519180699608322 -0.7178608865786151
    endloop
  endfacet
  facet normal -0.06213306829069848 0.49690160899146235 0.8655797322063862
    outer loop
      vertex -0.470380842850476 1.4476833762435302 -0.6898608865786151
      vertex -0.28522891068676137 1.4952223124609376 -0.7038608865786151
      vertex -0.36616453154930095 1.919501695273744 -0.9532358180936737
    endloop
  endfacet
  facet normal -0.1253332335643042 0.9921147013144778 0
    outer loop
      vertex -0.09557874821402428 1.519180699608322 -0.7178608865786151
      vertex -0.28522891068676137 1.4952223124609376 -0.39028999510864826
      vertex -0.09557874821402428 1.519180699608322 -0.5524064218001525
    endloop
  endfacet
  facet normal 0 1 0
    outer loop
      vertex -0.09557874821402428 1.519180699608322 -0.7178608865786151
      vertex -0.09557874821402428 1.519180699608322 -0.5524064218001525
      vertex 0.09557874821402428 1.519180699608322 -0.7318608865786151
    endloop
  endfacet
  facet normal 0.0006351549292267931 0.5007707297473931 0.8655797322063863
    outer loop
      vertex -0.28522891068676137 1.4952223124609376 -0.7038608865786151
      vertex -0.09557874821402428 1.519180699608322 -0.7178608865786151
      vertex -0.12269986054916825 1.950258435834777 -0.9672358180936738
    endloop
  endfacet
  facet normal -0.248689887164854 0.9685831611286313 0
    outer loop
      vertex -0.470380842850476 1.4476833762435302 -0.37628999510864825
      vertex -0.28522891068676137 1.4952223124609376 -0.39028999510864826
      vertex -0.28522891068676137 1.4952223124609376 -0.7038608865786151
    endloop
  endfacet
  facet normal -0.24868988716485402 0.9685831611286313 0
    outer loop
      vertex -0.470380842850476 1.4476833762435302 -0.37628999510864825
      vertex -0.470380842850476 1.4476833762435302 -0.30459470229806906
      vertex -0.28522891068676137 1.4952223124609376 -0.39028999510864826
    endloop
  endfacet
  facet normal -0.248689887164854 0.9685831611286313 0
    outer loop
      vertex -0.470380842850476 1.4476833762435302 -0.30459470229806906
      vertex -0.470380842850476 1.4476833762435302 -0.27540529770193123
      vertex -0.28522891068676137 1.4952223124609376 -0.3185947022980691
    endloop
  endfacet
  facet normal -0.24868988716485402 0.9685831611286313 0
    outer loop
      vertex -0.470380842850476 1.4476833762435302 -0.27540529770193123
      vertex -0.470380842850476 1.4476833762435302 -0.20371000489135205
      vertex -0.28522891068676137 1.4952223124609376 -0.28940529770193124
    endloop
  endfacet
  facet normal -0.24868988716485405 0.9685831611286313 0
    outer loop
      vertex -0.470380842850476 1.4476833762435302 -0.30459470229806906
      vertex -0.28522891068676137 1.4952223124609376 -0.3185947022980691
      vertex -0.28522891068676137 1.4952223124609376 -0.39028999510864826
    endloop
  endfacet
  facet normal -0.24868988716485393 0.9685831611286313 0
    outer loop
      vertex -0.470380842850476 1.4476833762435302 -0.27540529770193123
      vertex -0.28522891068676137 1.4952223124609376 -0.28940529770193124
      vertex -0.28522891068676137 1.4952223124609376 -0.3185947022980691
    endloop
  endfacet
  facet normal -0.24868988716485402 0.9685831611286314 0
    outer loop
      vertex -0.470380842850476 1.4476833762435302 -0.20371000489135205
      vertex -0.470380842850476 1.4476833762435302 0
      vertex -0.28522891068676137 1.4952223124609376 -0.21771000489135206
    endloop
  endfacet
  facet normal -0.24868988716485405 0.9685831611286313 0
    outer loop
      vertex -0.470380842850476 1.4476833762435302 -0.20371000489135205
      vertex -0.28522891068676137 1.4952223124609376 -0.21771000489135206
      vertex -0.28522891068676137 1.4952223124609376 -0.28940529770193124
    endloop
  endfacet
  facet normal -0.248689887164854 0.9685831611286313 0
    outer loop
      vertex -0.28522891068676137 1.4952223124609376 -0.21771000489135206
      vertex -0.470380842850476 1.4476833762435302 0
      vertex -0.28522891068676137 1.4952223124609376 0
    endloop
  endfacet
  facet normal -0.12533323356430418 0.9921147013144778 0
    outer loop
      vertex -0.28522891068676137 1.4952223124609376 -0.21771000489135206
      vertex -0.28522891068676137 1.4952223124609376 0
      vertex -0.09557874821402428 1.519180699608322 -0.08359357819984715
    endloop
  endfacet
  facet normal -0.8880028965862854 0.45983785800471755 0
    outer loop
      vertex -0.28522891068676137 1.4952223124609376 -0.39028999510864826
      vertex -0.28522891068676137 1.4952223124609376 -0.3185947022980691
      vertex -0.11478022757973738 1.8243794744552038 -0.3576464496100762
    endloop
  endfacet
  facet normal -0.8880028965862855 0.45983785800471755 0
    outer loop
      vertex -0.28522891068676137 1.4952223124609376 -0.3185947022980691
      vertex -0.28522891068676137 1.4952223124609376 -0.28940529770193124
      vertex -0.11478022757973738 1.8243794744552038 -0.3576464496100762
    endloop
  endfacet
  facet normal -0.8880028965862854 0.45983785800471755 0
    outer loop
      vertex -0.28522891068676137 1.4952223124609376 -0.28940529770193124
      vertex -0.28522891068676137 1.4952223124609376 -0.21771000489135206
      vertex -0.11478022757973738 1.8243794744552038 -0.2783535503899235
    endloop
  endfacet
  facet normal -0.12533323356430423 0.9921147013144779 0
    outer loop
      vertex -0.09557874821402428 1.519180699608322 -0.08359357819984715
      vertex -0.28522891068676137 1.4952223124609376 0
      vertex -0.09557874821402428 1.519180699608322 0
    endloop
  endfacet
  facet normal 0 1 0
    outer loop
      vertex -0.09557874821402428 1.519180699608322 -0.08359357819984715
      vertex -0.09557874821402428 1.519180699608322 0
      vertex 0.09557874821402428 1.519180699608322 -0.031860886578615195
    endloop
  endfacet
  facet normal -0.6260659520236609 0.3911000445678408 -0.6745977904320026
    outer loop
      vertex -0.09557874821402428 1.519180699608322 -0.5524064218001525
      vertex -0.28522891068676137 1.4952223124609376 -0.39028999510864826
      vertex -0.11478022757973738 1.8243794744552038 -0.3576464496100762
    endloop
  endfacet
  facet normal -0.8880028965862855 0.45983785800471755 0
    outer loop
      vertex -0.28522891068676137 1.4952223124609376 -0.28940529770193124
      vertex -0.11478022757973738 1.8243794744552038 -0.2783535503899235
      vertex -0.11478022757973738 1.8243794744552038 -0.3576464496100762
    endloop
  endfacet
  facet normal -0.558592985617691 0.42093294633729206 0.7146952715014423
    outer loop
      vertex -0.28522891068676137 1.4952223124609376 -0.21771000489135206
      vertex -0.09557874821402428 1.519180699608322 -0.08359357819984715
      vertex -0.11478022757973738 1.8243794744552038 -0.2783535503899235
    endloop
  endfacet
  facet normal -0.36812455268467814 0.9297764858882513 0
    outer loop
      vertex -0.8320214594715815 1.7681356037652416 -3.126764181906326
      vertex -0.8320214594715815 1.7681356037652416 -3.025235818093674
      vertex -0.6038545691508126 1.8584732663235117 -3.1407641819063263
    endloop
  endfacet
  facet normal -0.36812455268467814 0.9297764858882513 0
    outer loop
      vertex -0.8320214594715815 1.7681356037652416 -3.025235818093674
      vertex -0.6038545691508126 1.8584732663235117 -3.039235818093674
      vertex -0.6038545691508126 1.8584732663235117 -3.1407641819063263
    endloop
  endfacet
  facet normal -0.248689887164855 0.9685831611286311 0
    outer loop
      vertex -0.6038545691508126 1.8584732663235117 -3.1407641819063263
      vertex -0.6038545691508126 1.8584732663235117 -3.039235818093674
      vertex -0.36616453154930095 1.919501695273744 -3.154764181906326
    endloop
  endfacet
  facet normal -0.248689887164855 0.9685831611286311 0
    outer loop
      vertex -0.6038545691508126 1.8584732663235117 -3.039235818093674
      vertex -0.36616453154930095 1.919501695273744 -3.0532358180936736
      vertex -0.36616453154930095 1.919501695273744 -3.154764181906326
    endloop
  endfacet
  facet normal -0.17265325495979406 0.4744206175169474 -0.863200979625618
    outer loop
      vertex -0.28522891068676137 1.4952223124609376 -3.404139113421385
      vertex -0.6038545691508126 1.8584732663235117 -3.1407641819063263
      vertex -0.36616453154930095 1.919501695273744 -3.154764181906326
    endloop
  endfacet
  facet normal -0.1253332335643041 0.9921147013144778 0
    outer loop
      vertex -0.36616453154930095 1.919501695273744 -3.154764181906326
      vertex -0.36616453154930095 1.919501695273744 -3.0532358180936736
      vertex -0.12269986054916825 1.950258435834777 -3.168764181906326
    endloop
  endfacet
  facet normal -0.11183116241243526 0.49231885997476965 -0.863200979625618
    outer loop
      vertex -0.09557874821402428 1.519180699608322 -3.4181391134213848
      vertex -0.36616453154930095 1.919501695273744 -3.154764181906326
      vertex -0.12269986054916825 1.950258435834777 -3.168764181906326
    endloop
  endfacet
  facet normal -0.1253332335643041 0.9921147013144778 0
    outer loop
      vertex -0.36616453154930095 1.919501695273744 -3.0532358180936736
      vertex -0.12269986054916825 1.950258435834777 -3.067235818093674
      vertex -0.12269986054916825 1.950258435834777 -3.168764181906326
    endloop
  endfacet
  facet normal 0 1 0
    outer loop
      vertex -0.12269986054916825 1.950258435834777 -3.168764181906326
      vertex -0.12269986054916825 1.950258435834777 -3.067235818093674
      vertex 0.12269986054916825 1.950258435834777 -3.182764181906326
    endloop
  endfacet
  facet normal -0.36812455268467814 0.9297764858882513 0
    outer loop
      vertex -0.8320214594715815 1.7681356037652416 -2.4267641819063264
      vertex -0.8320214594715815 1.7681356037652416 -2.325235818093674
      vertex -0.6038545691508126 1.8584732663235117 -2.440764181906326
    endloop
  endfacet
  facet normal -0.36812455268467814 0.9297764858882513 0
    outer loop
      vertex -0.8320214594715815 1.7681356037652416 -2.325235818093674
      vertex -0.6038545691508126 1.8584732663235117 -2.339235818093674
      vertex -0.6038545691508126 1.8584732663235117 -2.440764181906326
    endloop
  endfacet
  facet normal -0.24868988716485502 0.9685831611286311 0
    outer loop
      vertex -0.6038545691508126 1.8584732663235117 -2.440764181906326
      vertex -0.6038545691508126 1.8584732663235117 -2.339235818093674
      vertex -0.36616453154930095 1.919501695273744 -2.4547641819063264
    endloop
  endfacet
  facet normal -0.248689887164855 0.9685831611286311 0
    outer loop
      vertex -0.6038545691508126 1.8584732663235117 -2.339235818093674
      vertex -0.36616453154930095 1.919501695273744 -2.353235818093674
      vertex -0.36616453154930095 1.919501695273744 -2.4547641819063264
    endloop
  endfacet
  facet normal -0.014116940934127685 0.504663036839469 0.8632009796256183
    outer loop
      vertex -0.28522891068676137 1.4952223124609376 -2.803860886578615
      vertex -0.12269986054916825 1.950258435834777 -3.067235818093674
      vertex -0.36616453154930095 1.919501695273744 -3.0532358180936736
    endloop
  endfacet
  facet normal -0.1726532549597955 0.47442061751694636 -0.8632009796256184
    outer loop
      vertex -0.28522891068676137 1.4952223124609376 -2.704139113421385
      vertex -0.6038545691508126 1.8584732663235117 -2.440764181906326
      vertex -0.36616453154930095 1.919501695273744 -2.4547641819063264
    endloop
  endfacet
  facet normal 0.04924542562913609 0.5024529399137576 0.8632009796256184
    outer loop
      vertex -0.09557874821402428 1.519180699608322 -2.8178608865786154
      vertex 0.12269986054916825 1.950258435834777 -3.081235818093674
      vertex -0.12269986054916825 1.950258435834777 -3.067235818093674
    endloop
  endfacet
  facet normal -0.11183116241243526 0.49231885997476965 -0.863200979625618
    outer loop
      vertex -0.09557874821402428 1.519180699608322 -2.718139113421385
      vertex -0.36616453154930095 1.919501695273744 -2.4547641819063264
      vertex -0.12269986054916825 1.950258435834777 -2.468764181906326
    endloop
  endfacet
  facet normal -0.014116940934127685 0.504663036839469 0.8632009796256183
    outer loop
      vertex -0.28522891068676137 1.4952223124609376 -2.1038608865786155
      vertex -0.12269986054916825 1.950258435834777 -2.367235818093674
      vertex -0.36616453154930095 1.919501695273744 -2.353235818093674
    endloop
  endfacet
  facet normal -0.1253332335643041 0.9921147013144778 0
    outer loop
      vertex -0.36616453154930095 1.919501695273744 -2.4547641819063264
      vertex -0.36616453154930095 1.919501695273744 -2.353235818093674
      vertex -0.12269986054916825 1.950258435834777 -2.468764181906326
    endloop
  endfacet
  facet normal -0.1253332335643041 0.9921147013144778 0
    outer loop
      vertex -0.36616453154930095 1.919501695273744 -2.353235818093674
      vertex -0.12269986054916825 1.950258435834777 -2.367235818093674
      vertex -0.12269986054916825 1.950258435834777 -2.468764181906326
    endloop
  endfacet
  facet normal 0.04924542562913449 0.5024529399137582 0.863200979625618
    outer loop
      vertex -0.09557874821402428 1.519180699608322 -2.1178608865786153
      vertex 0.12269986054916825 1.950258435834777 -2.381235818093674
      vertex -0.12269986054916825 1.950258435834777 -2.367235818093674
    endloop
  endfacet
  facet normal 0 1 0
    outer loop
      vertex -0.12269986054916825 1.950258435834777 -2.468764181906326
      vertex -0.12269986054916825 1.950258435834777 -2.367235818093674
      vertex 0.12269986054916825 1.950258435834777 -2.482764181906326
    endloop
  endfacet
  facet normal -0.36812455268467814 0.9297764858882513 0
    outer loop
      vertex -0.8320214594715815 1.7681356037652416 -1.726764181906326
      vertex -0.8320214594715815 1.7681356037652416 -1.625235818093674
      vertex -0.6038545691508126 1.8584732663235117 -1.740764181906326
    endloop
  endfacet
  facet normal -0.36812455268467814 0.9297764858882513 0
    outer loop
      vertex -0.8320214594715815 1.7681356037652416 -1.625235818093674
      vertex -0.6038545691508126 1.8584732663235117 -1.639235818093674
      vertex -0.6038545691508126 1.8584732663235117 -1.740764181906326
    endloop
  endfacet
  facet normal -0.24868988716485502 0.9685831611286311 0
    outer loop
      vertex -0.6038545691508126 1.8584732663235117 -1.740764181906326
      vertex -0.6038545691508126 1.8584732663235117 -1.639235818093674
      vertex -0.36616453154930095 1.919501695273744 -1.754764181906326
    endloop
  endfacet
  facet normal -0.24868988716485502 0.9685831611286311 0
    outer loop
      vertex -0.6038545691508126 1.8584732663235117 -1.639235818093674
      vertex -0.36616453154930095 1.919501695273744 -1.653235818093674
      vertex -0.36616453154930095 1.919501695273744 -1.754764181906326
    endloop
  endfacet
  facet normal -0.24868988716485502 0.9685831611286311 0
    outer loop
      vertex -0.6038545691508126 1.8584732663235117 -1.040764181906326
      vertex -0.6038545691508126 1.8584732663235117 -0.9392358180936737
      vertex -0.36616453154930095 1.919501695273744 -1.0547641819063263
    endloop
  endfacet
  facet normal -0.17265325495979492 0.4744206175169476 -0.8632009796256177
    outer loop
      vertex -0.28522891068676137 1.4952223124609376 -2.004139113421385
      vertex -0.6038545691508126 1.8584732663235117 -1.740764181906326
      vertex -0.36616453154930095 1.919501695273744 -1.754764181906326
    endloop
  endfacet
  facet normal -0.014116940934129265 0.5046630368394694 0.863200979625618
    outer loop
      vertex -0.28522891068676137 1.4952223124609376 -1.403860886578615
      vertex -0.12269986054916825 1.950258435834777 -1.6672358180936737
      vertex -0.36616453154930095 1.919501695273744 -1.653235818093674
    endloop
  endfacet
  facet normal -0.1253332335643041 0.9921147013144778 0
    outer loop
      vertex -0.36616453154930095 1.919501695273744 -1.754764181906326
      vertex -0.36616453154930095 1.919501695273744 -1.653235818093674
      vertex -0.12269986054916825 1.950258435834777 -1.768764181906326
    endloop
  endfacet
  facet normal -0.11183116241243604 0.49231885997476954 -0.8632009796256179
    outer loop
      vertex -0.09557874821402428 1.519180699608322 -2.018139113421385
      vertex -0.36616453154930095 1.919501695273744 -1.754764181906326
      vertex -0.12269986054916825 1.950258435834777 -1.768764181906326
    endloop
  endfacet
  facet normal -0.12533323356430412 0.9921147013144779 0
    outer loop
      vertex -0.36616453154930095 1.919501695273744 -1.653235818093674
      vertex -0.12269986054916825 1.950258435834777 -1.6672358180936737
      vertex -0.12269986054916825 1.950258435834777 -1.768764181906326
    endloop
  endfacet
  facet normal 0.04924542562913608 0.502452939913758 0.8632009796256181
    outer loop
      vertex -0.09557874821402428 1.519180699608322 -1.417860886578615
      vertex 0.12269986054916825 1.950258435834777 -1.681235818093674
      vertex -0.12269986054916825 1.950258435834777 -1.6672358180936737
    endloop
  endfacet
  facet normal 0 1 0
    outer loop
      vertex -0.12269986054916825 1.950258435834777 -1.768764181906326
      vertex -0.12269986054916825 1.950258435834777 -1.6672358180936737
      vertex 0.12269986054916825 1.950258435834777 -1.782764181906326
    endloop
  endfacet
  facet normal -0.1726532549597955 0.47442061751694636 -0.8632009796256184
    outer loop
      vertex -0.28522891068676137 1.4952223124609376 -1.3041391134213847
      vertex -0.6038545691508126 1.8584732663235117 -1.040764181906326
      vertex -0.36616453154930095 1.919501695273744 -1.0547641819063263
    endloop
  endfacet
  facet normal -0.1253332335643041 0.9921147013144778 0
    outer loop
      vertex -0.36616453154930095 1.919501695273744 -1.0547641819063263
      vertex -0.36616453154930095 1.919501695273744 -0.9532358180936737
      vertex -0.12269986054916825 1.950258435834777 -1.068764181906326
    endloop
  endfacet
  facet normal -0.11183116241243526 0.49231885997476965 -0.863200979625618
    outer loop
      vertex -0.09557874821402428 1.519180699608322 -1.318139113421385
      vertex -0.36616453154930095 1.919501695273744 -1.0547641819063263
      vertex -0.12269986054916825 1.950258435834777 -1.068764181906326
    endloop
  endfacet
  facet normal 0 1 0
    outer loop
      vertex -0.12269986054916825 1.950258435834777 -1.068764181906326
      vertex -0.12269986054916825 1.950258435834777 -0.9672358180936738
      vertex 0.12269986054916825 1.950258435834777 -1.0827641819063263
    endloop
  endfacet
  facet normal -0.36812455268467814 0.9297764858882513 0
    outer loop
      vertex -0.8320214594715815 1.7681356037652416 -1.0267641819063262
      vertex -0.8320214594715815 1.7681356037652416 -0.9252358180936737
      vertex -0.6038545691508126 1.8584732663235117 -1.040764181906326
    endloop
  endfacet
  facet normal -0.3681245526846782 0.9297764858882513 0
    outer loop
      vertex -0.6038545691508126 1.8584732663235117 -1.040764181906326
      vertex -0.8320214594715815 1.7681356037652416 -0.9252358180936737
      vertex -0.6038545691508126 1.8584732663235117 -0.9392358180936737
    endloop
  endfacet
  facet normal -0.248689887164855 0.9685831611286311 0
    outer loop
      vertex -0.36616453154930095 1.919501695273744 -1.0547641819063263
      vertex -0.6038545691508126 1.8584732663235117 -0.9392358180936737
      vertex -0.36616453154930095 1.919501695273744 -0.9532358180936737
    endloop
  endfacet
  facet normal -0.014116940934128474 0.5046630368394691 0.8632009796256181
    outer loop
      vertex -0.28522891068676137 1.4952223124609376 -0.7038608865786151
      vertex -0.12269986054916825 1.950258435834777 -0.9672358180936738
      vertex -0.36616453154930095 1.919501695273744 -0.9532358180936737
    endloop
  endfacet
  facet normal -0.1253332335643041 0.9921147013144779 0
    outer loop
      vertex -0.12269986054916825 1.950258435834777 -1.068764181906326
      vertex -0.36616453154930095 1.919501695273744 -0.9532358180936737
      vertex -0.12269986054916825 1.950258435834777 -0.9672358180936738
    endloop
  endfacet
  facet normal 0.049245425629135295 0.502452939913758 0.8632009796256183
    outer loop
      vertex -0.09557874821402428 1.519180699608322 -0.7178608865786151
      vertex 0.12269986054916825 1.950258435834777 -0.9812358180936738
      vertex -0.12269986054916825 1.950258435834777 -0.9672358180936738
    endloop
  endfacet
  facet normal -0.3442400383240462 0.48957772977422265 -0.8011319757217144
    outer loop
      vertex -0.09557874821402428 1.519180699608322 -0.5524064218001525
      vertex -0.11478022757973738 1.8243794744552038 -0.3576464496100762
      vertex 0.12269986054916825 1.950258435834777 -0.3827641819063261
    endloop
  endfacet
  facet normal -0.4683357960214903 0.8835505543911547 0
    outer loop
      vertex -0.11478022757973738 1.8243794744552038 -0.3576464496100762
      vertex -0.11478022757973738 1.8243794744552038 -0.2783535503899235
      vertex 0.12269986054916825 1.950258435834777 -0.3827641819063261
    endloop
  endfacet
  facet normal -0.25925115250661096 0.5079061266925421 0.8214744100653248
    outer loop
      vertex -0.09557874821402428 1.519180699608322 -0.08359357819984715
      vertex 0.12269986054916825 1.950258435834777 -0.28123581809367404
      vertex -0.11478022757973738 1.8243794744552038 -0.2783535503899235
    endloop
  endfacet
  facet normal 0 0 -1
    outer loop
      vertex -3.4724014546006727 -0.43866631747506424 0
      vertex -3.5 0 0
      vertex -3.4724014546006727 0.43866631747506424 0
    endloop
  endfacet
  facet normal 0 0 -1
    outer loop
      vertex -3.4724014546006727 -0.43866631747506424 0
      vertex -3.4724014546006727 0.43866631747506424 0
      vertex -3.3900410639502088 0.870414605076992 0
    endloop
  endfacet
  facet normal 0 0 -1
    outer loop
      vertex -3.3900410639502088 -0.870414605076992 0
      vertex -3.3900410639502088 0.870414605076992 0
      vertex -3.25421770060888 1.2884359343963725 0
    endloop
  endfacet
  facet normal 0 0 -1
    outer loop
      vertex -3.25421770060888 -1.2884359343963725 0
      vertex -3.25421770060888 1.2884359343963725 0
      vertex -3.067073380153522 1.686137859356004 0
    endloop
  endfacet
  facet normal 0 0 -1
    outer loop
      vertex -3.067073380153522 -1.686137859356004 0
      vertex -3.067073380153522 1.686137859356004 0
      vertex -2.831559480312316 2.057248383023656 0
    endloop
  endfacet
  facet normal 0 0 -1
    outer loop
      vertex -2.831559480312316 -2.057248383023656 0
      vertex -2.831559480312316 2.057248383023656 0
      vertex -2.5513901959749408 2.39591487075041 0
    endloop
  endfacet
  facet normal -0.9980267284282716 0.06279051952931272 0
    outer loop
      vertex -3.5 0 0
      vertex -3.4724014546006727 0.43866631747506424 4
      vertex -3.4724014546006727 0.43866631747506424 0
    endloop
  endfacet
  facet normal -0.9822872507286885 0.18738131458572532 0
    outer loop
      vertex -3.4724014546006727 0.43866631747506424 0
      vertex -3.3900410639502088 0.870414605076992 4
      vertex -3.3900410639502088 0.870414605076992 0
    endloop
  endfacet
  facet normal -0.9510565162951535 0.30901699437494745 0
    outer loop
      vertex -3.3900410639502088 0.870414605076992 0
      vertex -3.25421770060888 1.2884359343963725 4
      vertex -3.25421770060888 1.2884359343963725 0
    endloop
  endfacet
  facet normal -0.9048270524660195 0.4257792915650727 0
    outer loop
      vertex -3.25421770060888 1.2884359343963725 0
      vertex -3.067073380153522 1.686137859356004 4
      vertex -3.067073380153522 1.686137859356004 0
    endloop
  endfacet
  facet normal 0 0 -1
    outer loop
      vertex -2.5513901959749408 -2.39591487075041 0
      vertex -2.5513901959749408 2.39591487075041 0
      vertex -2.230983964120414 2.696796349715263 0
    endloop
  endfacet
  facet normal 0 0 -1
    outer loop
      vertex -2.230983964120414 -2.696796349715263 0
      vertex -2.230983964120414 2.696796349715263 0
      vertex -1.8753937824264888 2.955147739257052 0
    endloop
  endfacet
  facet normal -0.9980267284282716 0.06279051952931272 0
    outer loop
      vertex -3.5 0 0
      vertex -3.5 0 4
      vertex -3.4724014546006727 0.43866631747506424 4
    endloop
  endfacet
  facet normal -0.9822872507286885 0.18738131458572532 0
    outer loop
      vertex -3.4724014546006727 0.43866631747506424 0
      vertex -3.4724014546006727 0.43866631747506424 4
      vertex -3.3900410639502088 0.870414605076992 4
    endloop
  endfacet
  facet normal 0 0 1
    outer loop
      vertex -3.4724014546006727 -0.43866631747506424 4
      vertex -3.4724014546006727 0.43866631747506424 4
      vertex -3.5 0 4
    endloop
  endfacet
  facet normal 0 0 1
    outer loop
      vertex -3.3900410639502088 -0.870414605076992 4
      vertex -3.3900410639502088 0.870414605076992 4
      vertex -3.4724014546006727 0.43866631747506424 4
    endloop
  endfacet
  facet normal 0 0 1
    outer loop
      vertex -3.25421770060888 -1.2884359343963725 4
      vertex -3.25421770060888 1.2884359343963725 4
      vertex -3.3900410639502088 0.870414605076992 4
    endloop
  endfacet
  facet normal 0 0 1
    outer loop
      vertex -3.067073380153522 -1.686137859356004 4
      vertex -3.067073380153522 1.686137859356004 4
      vertex -3.25421770060888 1.2884359343963725 4
    endloop
  endfacet
  facet normal 0 0 1
    outer loop
      vertex -2.831559480312316 -2.057248383023656 4
      vertex -2.831559480312316 2.057248383023656 4
      vertex -3.067073380153522 1.686137859356004 4
    endloop
  endfacet
  facet normal 0 0 1
    outer loop
      vertex -2.5513901959749408 -2.39591487075041 4
      vertex -2.5513901959749408 2.39591487075041 4
      vertex -2.831559480312316 2.057248383023656 4
    endloop
  endfacet
  facet normal -0.9510565162951535 0.30901699437494745 0
    outer loop
      vertex -3.3900410639502088 0.870414605076992 0
      vertex -3.3900410639502088 0.870414605076992 4
      vertex -3.25421770060888 1.2884359343963725 4
    endloop
  endfacet
  facet normal -0.9048270524660195 0.4257792915650727 0
    outer loop
      vertex -3.25421770060888 1.2884359343963725 0
      vertex -3.25421770060888 1.2884359343963725 4
      vertex -3.067073380153522 1.686137859356004 4
    endloop
  endfacet
  facet normal 0 0 1
    outer loop
      vertex -2.230983964120414 -2.696796349715263 4
      vertex -2.230983964120414 2.696796349715263 4
      vertex -2.5513901959749408 2.39591487075041 4
    endloop
  endfacet
  facet normal 0 0 1
    outer loop
      vertex -1.8753937824264888 -2.955147739257052 4
      vertex -1.76420921756274 3.6612290701835846e-17 4
      vertex -1.8753937824264888 2.955147739257052 4
    endloop
  endfacet
  facet normal 0 0 1
    outer loop
      vertex -1.8753937824264888 -2.955147739257052 4
      vertex -1.8753937824264888 2.955147739257052 4
      vertex -2.230983964120414 2.696796349715263 4
    endloop
  endfacet
  facet normal -0.8443279255020153 0.5358267949789963 0
    outer loop
      vertex -3.067073380153522 1.686137859356004 0
      vertex -2.831559480312316 2.057248383023656 4
      vertex -2.831559480312316 2.057248383023656 0
    endloop
  endfacet
  facet normal -0.7705132427757893 0.6374239897486896 0
    outer loop
      vertex -2.831559480312316 2.057248383023656 0
      vertex -2.5513901959749408 2.39591487075041 4
      vertex -2.5513901959749408 2.39591487075041 0
    endloop
  endfacet
  facet normal -0.6845471059286894 0.7289686274214108 0
    outer loop
      vertex -2.5513901959749408 2.39591487075041 0
      vertex -2.5513901959749408 2.39591487075041 4
      vertex -2.230983964120414 2.696796349715263 0
    endloop
  endfacet
  facet normal -0.5877852522924721 0.8090169943749482 0
    outer loop
      vertex -2.230983964120414 2.696796349715263 0
      vertex -2.230983964120414 2.696796349715263 4
      vertex -1.8753937824264888 2.955147739257052 0
    endloop
  endfacet
  facet normal -0.8443279255020153 0.5358267949789963 0
    outer loop
      vertex -3.067073380153522 1.686137859356004 0
      vertex -3.067073380153522 1.686137859356004 4
      vertex -2.831559480312316 2.057248383023656 4
    endloop
  endfacet
  facet normal -0.7705132427757893 0.6374239897486896 0
    outer loop
      vertex -2.831559480312316 2.057248383023656 0
      vertex -2.831559480312316 2.057248383023656 4
      vertex -2.5513901959749408 2.39591487075041 4
    endloop
  endfacet
  facet normal -0.6845471059286894 0.7289686274214108 0
    outer loop
      vertex -2.230983964120414 2.696796349715263 0
      vertex -2.5513901959749408 2.39591487075041 4
      vertex -2.230983964120414 2.696796349715263 4
    endloop
  endfacet
  facet normal -0.5877852522924721 0.8090169943749482 0
    outer loop
      vertex -1.8753937824264888 2.955147739257052 0
      vertex -2.230983964120414 2.696796349715263 4
      vertex -1.8753937824264888 2.955147739257052 4
    endloop
  endfacet
  facet normal 0 0 -1
    outer loop
      vertex -1.8753937824264888 -2.955147739257052 0
      vertex -1.4902275204777544 3.1668946836310683 0
      vertex -1.5221843827777863 0 0
    endloop
  endfacet
  facet normal 0 0 -1
    outer loop
      vertex -1.8753937824264888 -2.955147739257052 0
      vertex -1.8753937824264888 2.955147739257052 0
      vertex -1.4902275204777544 3.1668946836310683 0
    endloop
  endfacet
  facet normal 0 0 -1
    outer loop
      vertex -1.5221843827777863 0 0
      vertex -1.4902275204777544 3.1668946836310683 0
      vertex -1.5101815042651463 0.1907802907746243 0
    endloop
  endfacet
  facet normal 0 0 -1
    outer loop
      vertex -1.5101815042651463 0.1907802907746243 0
      vertex -1.4902275204777544 3.1668946836310683 0
      vertex -1.4743621612915423 0.3785518623971119 0
    endloop
  endfacet
  facet normal 0 0 -1
    outer loop
      vertex -1.4743621612915423 0.3785518623971119 0
      vertex -1.4902275204777544 3.1668946836310683 0
      vertex -1.4152912462931073 0.5603534450136751 0
    endloop
  endfacet
  facet normal 0 0 -1
    outer loop
      vertex -1.4152912462931073 0.5603534450136751 0
      vertex -1.4902275204777544 3.1668946836310683 0
      vertex -1.3339003428866194 0.7333179190634505 0
    endloop
  endfacet
  facet normal 0 0 -1
    outer loop
      vertex -1.3339003428866194 0.7333179190634505 0
      vertex -1.0815594803123159 3.3286978070330373 0
      vertex -1.2314730342393692 0.8947175314667035 0
    endloop
  endfacet
  facet normal 0.8660254037844386 -0.5 0
    outer loop
      vertex -1.76420921756274 3.6612290701835846e-17 2
      vertex -0.88210460878137 1.5278500000000004 4
      vertex -1.76420921756274 3.6612290701835846e-17 4
    endloop
  endfacet
  facet normal 0.8660254037844386 -0.5 0
    outer loop
      vertex -1.76420921756274 3.6612290701835846e-17 2
      vertex -0.88210460878137 1.5278500000000004 2
      vertex -0.88210460878137 1.5278500000000004 4
    endloop
  endfacet
  facet normal 0 0 1
    outer loop
      vertex -1.8753937824264888 2.955147739257052 4
      vertex -1.76420921756274 3.6612290701835846e-17 4
      vertex -0.88210460878137 1.5278500000000004 4
    endloop
  endfacet
  facet normal 0 0 1
    outer loop
      vertex -1.76420921756274 3.6612290701835846e-17 2
      vertex 0.88210460878137 1.5278500000000004 2
      vertex -0.88210460878137 1.5278500000000004 2
    endloop
  endfacet
  facet normal 0 -1 0
    outer loop
      vertex -0.88210460878137 1.5278500000000004 2
      vertex 0.88210460878137 1.5278500000000004 4
      vertex -0.88210460878137 1.5278500000000004 4
    endloop
  endfacet
  facet normal 0 0 -1
    outer loop
      vertex -1.2314730342393692 0.8947175314667035 0
      vertex -1.0815594803123159 3.3286978070330373 0
      vertex -1.1096246601958315 1.0420069139203807 0
    endloop
  endfacet
  facet normal 0 0 -1
    outer loop
      vertex -1.1096246601958315 1.0420069139203807 0
      vertex -1.0815594803123159 3.3286978070330373 0
      vertex -0.970276842403363 1.1728632248767756 0
    endloop
  endfacet
  facet normal 0 0 -1
    outer loop
      vertex -0.970276842403363 1.1728632248767756 0
      vertex -1.0815594803123159 3.3286978070330373 0
      vertex -0.8156271791909037 1.2852227821423332 0
    endloop
  endfacet
  facet normal 0 0 -1
    outer loop
      vertex -1.3339003428866194 0.7333179190634505 0
      vertex -1.4902275204777544 3.1668946836310683 0
      vertex -1.0815594803123159 3.3286978070330373 0
    endloop
  endfacet
  facet normal -0.4817536741017157 0.8763066800438634 0
    outer loop
      vertex -1.8753937824264888 2.955147739257052 0
      vertex -1.8753937824264888 2.955147739257052 4
      vertex -1.4902275204777544 3.1668946836310683 0
    endloop
  endfacet
  facet normal -0.3681245526846774 0.9297764858882516 0
    outer loop
      vertex -1.4902275204777544 3.1668946836310683 0
      vertex -1.4902275204777544 3.1668946836310683 4
      vertex -1.0815594803123159 3.3286978070330373 0
    endloop
  endfacet
  facet normal -0.24868988716485535 0.968583161128631 0
    outer loop
      vertex -1.0815594803123159 3.3286978070330373 0
      vertex -1.0815594803123159 3.3286978070330373 4
      vertex -0.655834601050036 3.4380053775504105 0
    endloop
  endfacet
  facet normal 0 0 -1
    outer loop
      vertex -0.8156271791909037 1.2852227821423332 0
      vertex -0.655834601050036 3.4380053775504105 0
      vertex -0.6481145881305433 1.3773136083786315 0
    endloop
  endfacet
  facet normal 0 0 -1
    outer loop
      vertex -0.6481145881305433 1.3773136083786315 0
      vertex -0.655834601050036 3.4380053775504105 0
      vertex -0.470380842850476 1.4476833762435302 0
    endloop
  endfacet
  facet normal 0 0 -1
    outer loop
      vertex -0.470380842850476 1.4476833762435302 0
      vertex -0.21976681835259648 3.4930935494989503 0
      vertex -0.28522891068676137 1.4952223124609376 0
    endloop
  endfacet
  facet normal 0 0 -1
    outer loop
      vertex -0.28522891068676137 1.4952223124609376 0
      vertex -0.21976681835259648 3.4930935494989503 0
      vertex -0.09557874821402428 1.519180699608322 0
    endloop
  endfacet
  facet normal 0 0 -1
    outer loop
      vertex -0.8156271791909037 1.2852227821423332 0
      vertex -1.0815594803123159 3.3286978070330373 0
      vertex -0.655834601050036 3.4380053775504105 0
    endloop
  endfacet
  facet normal 0 0 -1
    outer loop
      vertex -0.470380842850476 1.4476833762435302 0
      vertex -0.655834601050036 3.4380053775504105 0
      vertex -0.21976681835259648 3.4930935494989503 0
    endloop
  endfacet
  facet normal 0 0 -1
    outer loop
      vertex -0.09557874821402428 1.519180699608322 0
      vertex -0.21976681835259648 3.4930935494989503 0
      vertex 0.21976681835259648 3.4930935494989503 0
    endloop
  endfacet
  facet normal -0.12533323356430376 0.9921147013144779 0
    outer loop
      vertex -0.655834601050036 3.4380053775504105 0
      vertex -0.655834601050036 3.4380053775504105 4
      vertex -0.21976681835259648 3.4930935494989503 0
    endloop
  endfacet
  facet normal 0 1 0
    outer loop
      vertex -0.21976681835259648 3.4930935494989503 0
      vertex -0.21976681835259648 3.4930935494989503 4
      vertex 0.21976681835259648 3.4930935494989503 0
    endloop
  endfacet
  facet normal 0 0 1
    outer loop
      vertex -1.8753937824264888 2.955147739257052 4
      vertex -0.88210460878137 1.5278500000000004 4
      vertex -1.4902275204777544 3.1668946836310683 4
    endloop
  endfacet
  facet normal -0.4817536741017157 0.8763066800438634 0
    outer loop
      vertex -1.8753937824264888 2.955147739257052 4
      vertex -1.4902275204777544 3.1668946836310683 4
      vertex -1.4902275204777544 3.1668946836310683 0
    endloop
  endfacet
  facet normal -0.3681245526846774 0.9297764858882516 0
    outer loop
      vertex -1.0815594803123159 3.3286978070330373 0
      vertex -1.4902275204777544 3.1668946836310683 4
      vertex -1.0815594803123159 3.3286978070330373 4
    endloop
  endfacet
  facet normal 0 0 1
    outer loop
      vertex -1.4902275204777544 3.1668946836310683 4
      vertex -0.88210460878137 1.5278500000000004 4
      vertex -1.0815594803123159 3.3286978070330373 4
    endloop
  endfacet
  facet normal 0 0 1
    outer loop
      vertex -1.0815594803123159 3.3286978070330373 4
      vertex -0.88210460878137 1.5278500000000004 4
      vertex 0.88210460878137 1.5278500000000004 4
    endloop
  endfacet
  facet normal -0.24868988716485535 0.968583161128631 0
    outer loop
      vertex -0.655834601050036 3.4380053775504105 0
      vertex -1.0815594803123159 3.3286978070330373 4
      vertex -0.655834601050036 3.4380053775504105 4
    endloop
  endfacet
  facet normal -0.12533323356430376 0.9921147013144779 0
    outer loop
      vertex -0.21976681835259648 3.4930935494989503 0
      vertex -0.655834601050036 3.4380053775504105 4
      vertex -0.21976681835259648 3.4930935494989503 4
    endloop
  endfacet
  facet normal 0 0 1
    outer loop
      vertex -1.0815594803123159 3.3286978070330373 4
      vertex 0.88210460878137 1.5278500000000004 4
      vertex -0.655834601050036 3.4380053775504105 4
    endloop
  endfacet
  facet normal 0 -1 0
    outer loop
      vertex -0.12269986054916919 -1.950258435834777 -2.8327641819063265
      vertex 0.12269986054916919 -1.950258435834777 -2.8187641819063263
      vertex 0.12269986054916919 -1.950258435834777 -2.7172358180936738
    endloop
  endfacet
  facet normal 0.11183116241243744 -0.4923188599747687 -0.8632009796256184
    outer loop
      vertex 0.12269986054916919 -1.950258435834777 -2.8187641819063263
      vertex 0.09557874821402501 -1.519180699608322 -3.0681391134213847
      vertex 0.36616453154930145 -1.9195016952737438 -2.804764181906326
    endloop
  endfacet
  facet normal -0.049245425629135677 -0.5024529399137576 0.8632009796256184
    outer loop
      vertex -0.12269986054916919 -1.950258435834777 -2.731235818093674
      vertex 0.12269986054916919 -1.950258435834777 -2.7172358180936738
      vertex 0.09557874821402501 -1.519180699608322 -2.4678608865786154
    endloop
  endfacet
  facet normal 0.12533323356430523 -0.9921147013144778 0
    outer loop
      vertex 0.12269986054916919 -1.950258435834777 -2.8187641819063263
      vertex 0.36616453154930145 -1.9195016952737438 -2.703235818093674
      vertex 0.12269986054916919 -1.950258435834777 -2.7172358180936738
    endloop
  endfacet
  facet normal 0.12533323356430523 -0.9921147013144778 0
    outer loop
      vertex 0.12269986054916919 -1.950258435834777 -2.8187641819063263
      vertex 0.36616453154930145 -1.9195016952737438 -2.804764181906326
      vertex 0.36616453154930145 -1.9195016952737438 -2.703235818093674
    endloop
  endfacet
  facet normal 0.17265325495979406 -0.47442061751694753 -0.863200979625618
    outer loop
      vertex 0.36616453154930145 -1.9195016952737438 -2.804764181906326
      vertex 0.28522891068676176 -1.4952223124609376 -3.054139113421385
      vertex 0.6038545691508126 -1.8584732663235117 -2.7907641819063262
    endloop
  endfacet
  facet normal 0.01411694093412983 -0.5046630368394694 0.8632009796256179
    outer loop
      vertex 0.12269986054916919 -1.950258435834777 -2.7172358180936738
      vertex 0.36616453154930145 -1.9195016952737438 -2.703235818093674
      vertex 0.28522891068676176 -1.4952223124609376 -2.453860886578615
    endloop
  endfacet
  facet normal 0 -1 0
    outer loop
      vertex -0.12269986054916919 -1.950258435834777 -2.1327641819063263
      vertex 0.12269986054916919 -1.950258435834777 -2.118764181906326
      vertex 0.12269986054916919 -1.950258435834777 -2.017235818093674
    endloop
  endfacet
  facet normal 0.12533323356430523 -0.9921147013144778 0
    outer loop
      vertex 0.12269986054916919 -1.950258435834777 -2.118764181906326
      vertex 0.36616453154930145 -1.9195016952737438 -2.003235818093674
      vertex 0.12269986054916919 -1.950258435834777 -2.017235818093674
    endloop
  endfacet
  facet normal 0.11183116241243596 -0.49231885997476954 -0.863200979625618
    outer loop
      vertex 0.12269986054916919 -1.950258435834777 -2.118764181906326
      vertex 0.09557874821402501 -1.519180699608322 -2.368139113421385
      vertex 0.36616453154930145 -1.9195016952737438 -2.1047641819063263
    endloop
  endfacet
  facet normal 0.1253332335643052 -0.9921147013144777 0
    outer loop
      vertex 0.12269986054916919 -1.950258435834777 -2.118764181906326
      vertex 0.36616453154930145 -1.9195016952737438 -2.1047641819063263
      vertex 0.36616453154930145 -1.9195016952737438 -2.003235818093674
    endloop
  endfacet
  facet normal 0.17265325495979553 -0.47442061751694714 -0.8632009796256178
    outer loop
      vertex 0.36616453154930145 -1.9195016952737438 -2.1047641819063263
      vertex 0.28522891068676176 -1.4952223124609376 -2.354139113421385
      vertex 0.6038545691508126 -1.8584732663235117 -2.090764181906326
    endloop
  endfacet
  facet normal 0.24868988716485466 -0.9685831611286313 0
    outer loop
      vertex 0.36616453154930145 -1.9195016952737438 -2.804764181906326
      vertex 0.6038545691508126 -1.8584732663235117 -2.7907641819063262
      vertex 0.6038545691508126 -1.8584732663235117 -2.6892358180936737
    endloop
  endfacet
  facet normal 0.24868988716485463 -0.9685831611286311 0
    outer loop
      vertex 0.36616453154930145 -1.9195016952737438 -2.804764181906326
      vertex 0.6038545691508126 -1.8584732663235117 -2.6892358180936737
      vertex 0.36616453154930145 -1.9195016952737438 -2.703235818093674
    endloop
  endfacet
  facet normal 0.36812455268467814 -0.9297764858882513 0
    outer loop
      vertex 0.6038545691508126 -1.8584732663235117 -2.7907641819063262
      vertex 0.8320214594715809 -1.7681356037652418 -2.675235818093674
      vertex 0.6038545691508126 -1.8584732663235117 -2.6892358180936737
    endloop
  endfacet
  facet normal 0.3681245526846782 -0.9297764858882513 0
    outer loop
      vertex 0.6038545691508126 -1.8584732663235117 -2.7907641819063262
      vertex 0.8320214594715809 -1.7681356037652418 -2.7767641819063265
      vertex 0.8320214594715809 -1.7681356037652418 -2.675235818093674
    endloop
  endfacet
  facet normal 0.24868988716485466 -0.9685831611286313 0
    outer loop
      vertex 0.36616453154930145 -1.9195016952737438 -2.1047641819063263
      vertex 0.6038545691508126 -1.8584732663235117 -1.9892358180936738
      vertex 0.36616453154930145 -1.9195016952737438 -2.003235818093674
    endloop
  endfacet
  facet normal 0.24868988716485466 -0.9685831611286312 0
    outer loop
      vertex 0.36616453154930145 -1.9195016952737438 -2.1047641819063263
      vertex 0.6038545691508126 -1.8584732663235117 -2.090764181906326
      vertex 0.6038545691508126 -1.8584732663235117 -1.9892358180936738
    endloop
  endfacet
  facet normal 0.36812455268467825 -0.9297764858882515 0
    outer loop
      vertex 0.6038545691508126 -1.8584732663235117 -2.090764181906326
      vertex 0.8320214594715809 -1.7681356037652418 -1.9752358180936738
      vertex 0.6038545691508126 -1.8584732663235117 -1.9892358180936738
    endloop
  endfacet
  facet normal 0.3681245526846782 -0.9297764858882513 0
    outer loop
      vertex 0.6038545691508126 -1.8584732663235117 -2.090764181906326
      vertex 0.8320214594715809 -1.7681356037652418 -2.0767641819063263
      vertex 0.8320214594715809 -1.7681356037652418 -1.9752358180936738
    endloop
  endfacet
  facet normal -0.049245425629134094 -0.5024529399137583 0.863200979625618
    outer loop
      vertex -0.12269986054916919 -1.950258435834777 -2.031235818093674
      vertex 0.12269986054916919 -1.950258435834777 -2.017235818093674
      vertex 0.09557874821402501 -1.519180699608322 -1.7678608865786152
    endloop
  endfacet
  facet normal 0.01411694093412824 -0.5046630368394693 0.863200979625618
    outer loop
      vertex 0.12269986054916919 -1.950258435834777 -2.017235818093674
      vertex 0.36616453154930145 -1.9195016952737438 -2.003235818093674
      vertex 0.28522891068676176 -1.4952223124609376 -1.7538608865786152
    endloop
  endfacet
  facet normal 0 -1 0
    outer loop
      vertex -0.12269986054916919 -1.950258435834777 -1.432764181906326
      vertex 0.12269986054916919 -1.950258435834777 -1.4187641819063261
      vertex 0.12269986054916919 -1.950258435834777 -1.3172358180936738
    endloop
  endfacet
  facet normal 0.1253332335643052 -0.9921147013144777 0
    outer loop
      vertex 0.12269986054916919 -1.950258435834777 -1.4187641819063261
      vertex 0.36616453154930145 -1.9195016952737438 -1.3032358180936738
      vertex 0.12269986054916919 -1.950258435834777 -1.3172358180936738
    endloop
  endfacet
  facet normal 0.11183116241243747 -0.49231885997476904 -0.8632009796256181
    outer loop
      vertex 0.12269986054916919 -1.950258435834777 -1.4187641819063261
      vertex 0.09557874821402501 -1.519180699608322 -1.6681391134213848
      vertex 0.36616453154930145 -1.9195016952737438 -1.404764181906326
    endloop
  endfacet
  facet normal -0.04924542562913488 -0.5024529399137578 0.8632009796256181
    outer loop
      vertex -0.12269986054916919 -1.950258435834777 -1.3312358180936739
      vertex 0.12269986054916919 -1.950258435834777 -1.3172358180936738
      vertex 0.09557874821402501 -1.519180699608322 -1.0678608865786152
    endloop
  endfacet
  facet normal 0.12533323356430523 -0.9921147013144778 0
    outer loop
      vertex 0.12269986054916919 -1.950258435834777 -1.4187641819063261
      vertex 0.36616453154930145 -1.9195016952737438 -1.404764181906326
      vertex 0.36616453154930145 -1.9195016952737438 -1.3032358180936738
    endloop
  endfacet
  facet normal 0.17265325495979406 -0.47442061751694753 -0.863200979625618
    outer loop
      vertex 0.36616453154930145 -1.9195016952737438 -1.404764181906326
      vertex 0.28522891068676176 -1.4952223124609376 -1.6541391134213848
      vertex 0.6038545691508126 -1.8584732663235117 -1.3907641819063261
    endloop
  endfacet
  facet normal 0.014116940934129057 -0.5046630368394696 0.8632009796256179
    outer loop
      vertex 0.12269986054916919 -1.950258435834777 -1.3172358180936738
      vertex 0.36616453154930145 -1.9195016952737438 -1.3032358180936738
      vertex 0.28522891068676176 -1.4952223124609376 -1.053860886578615
    endloop
  endfacet
  facet normal 0.24868988716485463 -0.9685831611286311 0
    outer loop
      vertex 0.36616453154930145 -1.9195016952737438 -1.404764181906326
      vertex 0.6038545691508126 -1.8584732663235117 -1.2892358180936736
      vertex 0.36616453154930145 -1.9195016952737438 -1.3032358180936738
    endloop
  endfacet
  facet normal 0.24868988716485466 -0.9685831611286313 0
    outer loop
      vertex 0.36616453154930145 -1.9195016952737438 -1.404764181906326
      vertex 0.6038545691508126 -1.8584732663235117 -1.3907641819063261
      vertex 0.6038545691508126 -1.8584732663235117 -1.2892358180936736
    endloop
  endfacet
  facet normal 0.36812455268467814 -0.9297764858882513 0
    outer loop
      vertex 0.6038545691508126 -1.8584732663235117 -1.3907641819063261
      vertex 0.8320214594715809 -1.7681356037652418 -1.2752358180936738
      vertex 0.6038545691508126 -1.8584732663235117 -1.2892358180936736
    endloop
  endfacet
  facet normal 0.36812455268467814 -0.9297764858882513 0
    outer loop
      vertex 0.6038545691508126 -1.8584732663235117 -1.3907641819063261
      vertex 0.8320214594715809 -1.7681356037652418 -1.376764181906326
      vertex 0.8320214594715809 -1.7681356037652418 -1.2752358180936738
    endloop
  endfacet
  facet normal 0.11183116241243668 -0.4923188599747691 -0.8632009796256181
    outer loop
      vertex 0.12269986054916919 -1.950258435834777 -0.7187641819063262
      vertex 0.09557874821402501 -1.519180699608322 -0.9681391134213848
      vertex 0.36616453154930145 -1.9195016952737438 -0.7047641819063262
    endloop
  endfacet
  facet normal 0 -1 0
    outer loop
      vertex -0.12269986054916919 -1.950258435834777 -0.7327641819063262
      vertex 0.12269986054916919 -1.950258435834777 -0.7187641819063262
      vertex 0.12269986054916919 -1.950258435834777 -0.6172358180936739
    endloop
  endfacet
  facet normal -0.04924542562913488 -0.5024529399137578 0.8632009796256181
    outer loop
      vertex -0.12269986054916919 -1.950258435834777 -0.6312358180936739
      vertex 0.12269986054916919 -1.950258435834777 -0.6172358180936739
      vertex 0.09557874821402501 -1.519180699608322 -0.36786088657861526
    endloop
  endfacet
  facet normal 0.1253332335643052 -0.9921147013144777 0
    outer loop
      vertex 0.12269986054916919 -1.950258435834777 -0.7187641819063262
      vertex 0.36616453154930145 -1.9195016952737438 -0.6032358180936739
      vertex 0.12269986054916919 -1.950258435834777 -0.6172358180936739
    endloop
  endfacet
  facet normal 0.17265325495979472 -0.47442061751694703 -0.8632009796256181
    outer loop
      vertex 0.36616453154930145 -1.9195016952737438 -0.7047641819063262
      vertex 0.28522891068676176 -1.4952223124609376 -0.9541391134213848
      vertex 0.6038545691508126 -1.8584732663235117 -0.6907641819063262
    endloop
  endfacet
  facet normal 0.12533323356430523 -0.9921147013144777 0
    outer loop
      vertex 0.12269986054916919 -1.950258435834777 -0.7187641819063262
      vertex 0.36616453154930145 -1.9195016952737438 -0.7047641819063262
      vertex 0.36616453154930145 -1.9195016952737438 -0.6032358180936739
    endloop
  endfacet
  facet normal 0.014116940934129003 -0.5046630368394692 0.863200979625618
    outer loop
      vertex 0.12269986054916919 -1.950258435834777 -0.6172358180936739
      vertex 0.36616453154930145 -1.9195016952737438 -0.6032358180936739
      vertex 0.28522891068676176 -1.4952223124609376 -0.35386088657861525
    endloop
  endfacet
  facet normal 0.24868988716485463 -0.9685831611286312 0
    outer loop
      vertex 0.36616453154930145 -1.9195016952737438 -0.7047641819063262
      vertex 0.6038545691508126 -1.8584732663235117 -0.5892358180936739
      vertex 0.36616453154930145 -1.9195016952737438 -0.6032358180936739
    endloop
  endfacet
  facet normal 0.24868988716485463 -0.9685831611286312 0
    outer loop
      vertex 0.36616453154930145 -1.9195016952737438 -0.7047641819063262
      vertex 0.6038545691508126 -1.8584732663235117 -0.6907641819063262
      vertex 0.6038545691508126 -1.8584732663235117 -0.5892358180936739
    endloop
  endfacet
  facet normal 0.3681245526846782 -0.9297764858882512 0
    outer loop
      vertex 0.6038545691508126 -1.8584732663235117 -0.6907641819063262
      vertex 0.8320214594715809 -1.7681356037652418 -0.6767641819063261
      vertex 0.8320214594715809 -1.7681356037652418 -0.5752358180936741
    endloop
  endfacet
  facet normal 0.36812455268467825 -0.9297764858882515 0
    outer loop
      vertex 0.6038545691508126 -1.8584732663235117 -0.6907641819063262
      vertex 0.8320214594715809 -1.7681356037652418 -0.5752358180936741
      vertex 0.6038545691508126 -1.8584732663235117 -0.5892358180936739
    endloop
  endfacet
  facet normal 0 -0.707804781867246 -0.7064080908128532
    outer loop
      vertex -0.09557874821402501 -1.519180699608322 -3.7463026028703688
      vertex 0.07964895684502085 -1.2659839163402684 -4
      vertex 0.09557874821402501 -1.519180699608322 -3.7463026028703688
    endloop
  endfacet
  facet normal 0.08871146204369909 -0.7022235297511821 -0.706408090812853
    outer loop
      vertex 0.09557874821402501 -1.519180699608322 -3.7463026028703688
      vertex 0.07964895684502085 -1.2659839163402684 -4
      vertex 0.28522891068676176 -1.4952223124609376 -3.7463026028703688
    endloop
  endfacet
  facet normal 0.08871146204369998 -0.7022235297511815 -0.7064080908128534
    outer loop
      vertex 0.28522891068676176 -1.4952223124609376 -3.7463026028703688
      vertex 0.07964895684502085 -1.2659839163402684 -4
      vertex 0.2376907589056348 -1.246018593717448 -4
    endloop
  endfacet
  facet normal 0 -1 0
    outer loop
      vertex -0.09557874821402501 -1.519180699608322 -3.7463026028703688
      vertex 0.09557874821402501 -1.519180699608322 -3.7463026028703688
      vertex 0.09557874821402501 -1.519180699608322 -3.5542899951086477
    endloop
  endfacet
  facet normal 0 -1 0
    outer loop
      vertex -0.09557874821402501 -1.519180699608322 -3.568289995108648
      vertex 0.09557874821402501 -1.519180699608322 -3.5542899951086477
      vertex 0.09557874821402501 -1.519180699608322 -3.482594702298069
    endloop
  endfacet
  facet normal 0.12533323356430442 -0.9921147013144778 0
    outer loop
      vertex 0.09557874821402501 -1.519180699608322 -3.7463026028703688
      vertex 0.28522891068676176 -1.4952223124609376 -3.5402899951086484
      vertex 0.09557874821402501 -1.519180699608322 -3.5542899951086477
    endloop
  endfacet
  facet normal 0.12533323356430442 -0.9921147013144779 0
    outer loop
      vertex 0.09557874821402501 -1.519180699608322 -3.5542899951086477
      vertex 0.28522891068676176 -1.4952223124609376 -3.468594702298069
      vertex 0.09557874821402501 -1.519180699608322 -3.482594702298069
    endloop
  endfacet
  facet normal 0.17602389133730978 -0.685567793082938 -0.7064080908128535
    outer loop
      vertex 0.28522891068676176 -1.4952223124609376 -3.7463026028703688
      vertex 0.2376907589056348 -1.246018593717448 -4
      vertex 0.470380842850476 -1.4476833762435302 -3.7463026028703688
    endloop
  endfacet
  facet normal 0.12533323356430442 -0.9921147013144778 0
    outer loop
      vertex 0.09557874821402501 -1.519180699608322 -3.7463026028703688
      vertex 0.28522891068676176 -1.4952223124609376 -3.7463026028703688
      vertex 0.28522891068676176 -1.4952223124609376 -3.5402899951086484
    endloop
  endfacet
  facet normal 0.12533323356430442 -0.9921147013144778 0
    outer loop
      vertex 0.09557874821402501 -1.519180699608322 -3.5542899951086477
      vertex 0.28522891068676176 -1.4952223124609376 -3.5402899951086484
      vertex 0.28522891068676176 -1.4952223124609376 -3.468594702298069
    endloop
  endfacet
  facet normal 0.2486898871648545 -0.9685831611286312 0
    outer loop
      vertex 0.28522891068676176 -1.4952223124609376 -3.7463026028703688
      vertex 0.470380842850476 -1.4476833762435302 -3.7463026028703688
      vertex 0.470380842850476 -1.4476833762435302 -3.526289995108648
    endloop
  endfacet
  facet normal 0.24868988716485455 -0.9685831611286313 0
    outer loop
      vertex 0.28522891068676176 -1.4952223124609376 -3.7463026028703688
      vertex 0.470380842850476 -1.4476833762435302 -3.526289995108648
      vertex 0.28522891068676176 -1.4952223124609376 -3.5402899951086484
    endloop
  endfacet
  facet normal 0.24868988716485457 -0.9685831611286312 0
    outer loop
      vertex 0.28522891068676176 -1.4952223124609376 -3.5402899951086484
      vertex 0.470380842850476 -1.4476833762435302 -3.526289995108648
      vertex 0.470380842850476 -1.4476833762435302 -3.4545947022980688
    endloop
  endfacet
  facet normal 0 -1 0
    outer loop
      vertex -0.09557874821402501 -1.519180699608322 -3.496594702298069
      vertex 0.09557874821402501 -1.519180699608322 -3.482594702298069
      vertex 0.09557874821402501 -1.519180699608322 -3.4534052977019307
    endloop
  endfacet
  facet normal 0 -1 0
    outer loop
      vertex -0.09557874821402501 -1.519180699608322 -3.4674052977019314
      vertex 0.09557874821402501 -1.519180699608322 -3.4534052977019307
      vertex 0.09557874821402501 -1.519180699608322 -3.3817100048913518
    endloop
  endfacet
  facet normal 0 -1 0
    outer loop
      vertex -0.09557874821402501 -1.519180699608322 -3.3957100048913524
      vertex 0.09557874821402501 -1.519180699608322 -3.3817100048913518
      vertex 0.09557874821402501 -1.519180699608322 -3.0681391134213847
    endloop
  endfacet
  facet normal 0.1253332335643044 -0.9921147013144778 0
    outer loop
      vertex 0.09557874821402501 -1.519180699608322 -3.482594702298069
      vertex 0.28522891068676176 -1.4952223124609376 -3.4394052977019314
      vertex 0.09557874821402501 -1.519180699608322 -3.4534052977019307
    endloop
  endfacet
  facet normal 0.12533323356430442 -0.9921147013144779 0
    outer loop
      vertex 0.09557874821402501 -1.519180699608322 -3.4534052977019307
      vertex 0.28522891068676176 -1.4952223124609376 -3.367710004891352
      vertex 0.09557874821402501 -1.519180699608322 -3.3817100048913518
    endloop
  endfacet
  facet normal 0.12533323356430442 -0.9921147013144778 0
    outer loop
      vertex 0.09557874821402501 -1.519180699608322 -3.3817100048913518
      vertex 0.28522891068676176 -1.4952223124609376 -3.054139113421385
      vertex 0.09557874821402501 -1.519180699608322 -3.0681391134213847
    endloop
  endfacet
  facet normal 0.1253332335643044 -0.9921147013144779 0
    outer loop
      vertex 0.09557874821402501 -1.519180699608322 -3.482594702298069
      vertex 0.28522891068676176 -1.4952223124609376 -3.468594702298069
      vertex 0.28522891068676176 -1.4952223124609376 -3.4394052977019314
    endloop
  endfacet
  facet normal 0.12533323356430442 -0.9921147013144778 0
    outer loop
      vertex 0.09557874821402501 -1.519180699608322 -3.4534052977019307
      vertex 0.28522891068676176 -1.4952223124609376 -3.4394052977019314
      vertex 0.28522891068676176 -1.4952223124609376 -3.367710004891352
    endloop
  endfacet
  facet normal 0.12533323356430442 -0.9921147013144778 0
    outer loop
      vertex 0.09557874821402501 -1.519180699608322 -3.3817100048913518
      vertex 0.28522891068676176 -1.4952223124609376 -3.367710004891352
      vertex 0.28522891068676176 -1.4952223124609376 -3.054139113421385
    endloop
  endfacet
  facet normal 0.24868988716485452 -0.9685831611286312 0
    outer loop
      vertex 0.28522891068676176 -1.4952223124609376 -3.5402899951086484
      vertex 0.470380842850476 -1.4476833762435302 -3.4545947022980688
      vertex 0.28522891068676176 -1.4952223124609376 -3.468594702298069
    endloop
  endfacet
  facet normal 0.2486898871648545 -0.9685831611286312 0
    outer loop
      vertex 0.28522891068676176 -1.4952223124609376 -3.468594702298069
      vertex 0.470380842850476 -1.4476833762435302 -3.425405297701931
      vertex 0.28522891068676176 -1.4952223124609376 -3.4394052977019314
    endloop
  endfacet
  facet normal 0.24868988716485452 -0.9685831611286312 0
    outer loop
      vertex 0.28522891068676176 -1.4952223124609376 -3.4394052977019314
      vertex 0.470380842850476 -1.4476833762435302 -3.3537100048913517
      vertex 0.28522891068676176 -1.4952223124609376 -3.367710004891352
    endloop
  endfacet
  facet normal 0.2486898871648545 -0.9685831611286312 0
    outer loop
      vertex 0.28522891068676176 -1.4952223124609376 -3.468594702298069
      vertex 0.470380842850476 -1.4476833762435302 -3.4545947022980688
      vertex 0.470380842850476 -1.4476833762435302 -3.425405297701931
    endloop
  endfacet
  facet normal 0.24868988716485457 -0.9685831611286312 0
    outer loop
      vertex 0.28522891068676176 -1.4952223124609376 -3.4394052977019314
      vertex 0.470380842850476 -1.4476833762435302 -3.425405297701931
      vertex 0.470380842850476 -1.4476833762435302 -3.3537100048913517
    endloop
  endfacet
  facet normal 0.2486898871648545 -0.9685831611286312 0
    outer loop
      vertex 0.28522891068676176 -1.4952223124609376 -3.367710004891352
      vertex 0.470380842850476 -1.4476833762435302 -3.3537100048913517
      vertex 0.470380842850476 -1.4476833762435302 -3.040139113421385
    endloop
  endfacet
  facet normal 0.24868988716485452 -0.9685831611286312 0
    outer loop
      vertex 0.28522891068676176 -1.4952223124609376 -3.367710004891352
      vertex 0.470380842850476 -1.4476833762435302 -3.040139113421385
      vertex 0.28522891068676176 -1.4952223124609376 -3.054139113421385
    endloop
  endfacet
  facet normal 0.1760238913373101 -0.6855677930829379 -0.7064080908128535
    outer loop
      vertex 0.2376907589056348 -1.246018593717448 -4
      vertex 0.39198403570872997 -1.206402813536275 -4
      vertex 0.470380842850476 -1.4476833762435302 -3.7463026028703688
    endloop
  endfacet
  facet normal 0.26056031871295643 -0.6581002427794278 -0.7064080908128534
    outer loop
      vertex 0.39198403570872997 -1.206402813536275 -4
      vertex 0.6481145881305429 -1.3773136083786317 -3.7463026028703688
      vertex 0.470380842850476 -1.4476833762435302 -3.7463026028703688
    endloop
  endfacet
  facet normal 0.36812455268467875 -0.9297764858882511 0
    outer loop
      vertex 0.470380842850476 -1.4476833762435302 -3.7463026028703688
      vertex 0.6481145881305429 -1.3773136083786317 -3.660406421800153
      vertex 0.470380842850476 -1.4476833762435302 -3.526289995108648
    endloop
  endfacet
  facet normal -0.28671277127397826 -0.6379705758746834 -0.7146952715014423
    outer loop
      vertex 0.470380842850476 -1.4476833762435302 -3.526289995108648
      vertex 0.6481145881305429 -1.3773136083786317 -3.660406421800153
      vertex 0.7783188346094715 -1.654011716750778 -3.4656464496100767
    endloop
  endfacet
  facet normal 0.3681245526846787 -0.929776485888251 0
    outer loop
      vertex 0.470380842850476 -1.4476833762435302 -3.7463026028703688
      vertex 0.6481145881305429 -1.3773136083786317 -3.7463026028703688
      vertex 0.6481145881305429 -1.3773136083786317 -3.660406421800153
    endloop
  endfacet
  facet normal 0.01750212588228906 -0.5699767268910435 -0.8214744100653246
    outer loop
      vertex 0.6481145881305429 -1.3773136083786317 -3.660406421800153
      vertex 1.0470668743509541 -1.6499133865025821 -3.4627641819063264
      vertex 0.7783188346094715 -1.654011716750778 -3.4656464496100767
    endloop
  endfacet
  facet normal 0.4817536741017151 -0.8763066800438636 0
    outer loop
      vertex 0.6481145881305429 -1.3773136083786317 -3.7463026028703688
      vertex 0.8156271791909028 -1.2852227821423339 -3.712139113421385
      vertex 0.6481145881305429 -1.3773136083786317 -3.660406421800153
    endloop
  endfacet
  facet normal 0.48175367410171516 -0.8763066800438637 0
    outer loop
      vertex 0.6481145881305429 -1.3773136083786317 -3.7463026028703688
      vertex 0.8156271791909028 -1.2852227821423339 -3.7463026028703688
      vertex 0.8156271791909028 -1.2852227821423339 -3.712139113421385
    endloop
  endfacet
  facet normal 0.04162505800627176 -0.5458290242780222 -0.8368620141945009
    outer loop
      vertex 0.6481145881305429 -1.3773136083786317 -3.660406421800153
      vertex 0.8156271791909028 -1.2852227821423339 -3.712139113421385
      vertex 1.0470668743509541 -1.6499133865025821 -3.4627641819063264
    endloop
  endfacet
  facet normal -0.5566342925920272 -0.8307576447500037 0
    outer loop
      vertex 0.470380842850476 -1.4476833762435302 -3.526289995108648
      vertex 0.7783188346094715 -1.654011716750778 -3.4656464496100767
      vertex 0.470380842850476 -1.4476833762435302 -3.4545947022980688
    endloop
  endfacet
  facet normal -0.5566342925920272 -0.8307576447500038 0
    outer loop
      vertex 0.470380842850476 -1.4476833762435302 -3.4545947022980688
      vertex 0.7783188346094715 -1.654011716750778 -3.3863535503899236
      vertex 0.470380842850476 -1.4476833762435302 -3.425405297701931
    endloop
  endfacet
  facet normal -0.5566342925920272 -0.8307576447500037 0
    outer loop
      vertex 0.470380842850476 -1.4476833762435302 -3.425405297701931
      vertex 0.7783188346094715 -1.654011716750778 -3.3863535503899236
      vertex 0.470380842850476 -1.4476833762435302 -3.3537100048913517
    endloop
  endfacet
  facet normal -0.3602118924944541 -0.6443331542376385 0.6745977904320022
    outer loop
      vertex 0.470380842850476 -1.4476833762435302 -3.3537100048913517
      vertex 0.7783188346094715 -1.654011716750778 -3.3863535503899236
      vertex 0.6481145881305429 -1.3773136083786317 -3.1915935781998472
    endloop
  endfacet
  facet normal 0.36812455268467875 -0.9297764858882511 0
    outer loop
      vertex 0.470380842850476 -1.4476833762435302 -3.3537100048913517
      vertex 0.6481145881305429 -1.3773136083786317 -3.026139113421385
      vertex 0.470380842850476 -1.4476833762435302 -3.040139113421385
    endloop
  endfacet
  facet normal 0.3681245526846788 -0.9297764858882511 0
    outer loop
      vertex 0.470380842850476 -1.4476833762435302 -3.3537100048913517
      vertex 0.6481145881305429 -1.3773136083786317 -3.1915935781998472
      vertex 0.6481145881305429 -1.3773136083786317 -3.026139113421385
    endloop
  endfacet
  facet normal -0.5566342925920272 -0.8307576447500038 0
    outer loop
      vertex 0.470380842850476 -1.4476833762435302 -3.4545947022980688
      vertex 0.7783188346094715 -1.654011716750778 -3.4656464496100767
      vertex 0.7783188346094715 -1.654011716750778 -3.3863535503899236
    endloop
  endfacet
  facet normal 0.015247939275253792 -0.9998837434161324 0
    outer loop
      vertex 0.7783188346094715 -1.654011716750778 -3.4656464496100767
      vertex 1.0470668743509541 -1.6499133865025821 -3.3612358180936743
      vertex 0.7783188346094715 -1.654011716750778 -3.3863535503899236
    endloop
  endfacet
  facet normal -0.06580397504480691 -0.5948591382373847 0.8011319757217149
    outer loop
      vertex 0.6481145881305429 -1.3773136083786317 -3.1915935781998472
      vertex 0.7783188346094715 -1.654011716750778 -3.3863535503899236
      vertex 1.0470668743509541 -1.6499133865025821 -3.3612358180936743
    endloop
  endfacet
  facet normal 0.4817536741017151 -0.8763066800438636 0
    outer loop
      vertex 0.6481145881305429 -1.3773136083786317 -3.1915935781998472
      vertex 0.8156271791909028 -1.2852227821423339 -3.012139113421385
      vertex 0.6481145881305429 -1.3773136083786317 -3.026139113421385
    endloop
  endfacet
  facet normal 0.4817536741017151 -0.8763066800438637 0
    outer loop
      vertex 0.6481145881305429 -1.3773136083786317 -3.1915935781998472
      vertex 0.8156271791909028 -1.2852227821423339 -3.111860886578615
      vertex 0.8156271791909028 -1.2852227821423339 -3.012139113421385
    endloop
  endfacet
  facet normal -0.05978129736782383 -0.589016377905602 0.8059068823654411
    outer loop
      vertex 0.6481145881305429 -1.3773136083786317 -3.1915935781998472
      vertex 1.0470668743509541 -1.6499133865025821 -3.3612358180936743
      vertex 0.8156271791909028 -1.2852227821423339 -3.111860886578615
    endloop
  endfacet
  facet normal 0.26056031871295576 -0.6581002427794284 -0.7064080908128533
    outer loop
      vertex 0.39198403570872997 -1.206402813536275 -4
      vertex 0.5400954901087858 -1.1477613403155265 -4
      vertex 0.6481145881305429 -1.3773136083786317 -3.7463026028703688
    endloop
  endfacet
  facet normal 0.34098755421130883 -0.6202540585172576 -0.7064080908128533
    outer loop
      vertex 0.6481145881305429 -1.3773136083786317 -3.7463026028703688
      vertex 0.5400954901087858 -1.1477613403155265 -4
      vertex 0.8156271791909028 -1.2852227821423339 -3.7463026028703688
    endloop
  endfacet
  facet normal 0.3409875542113088 -0.6202540585172575 -0.7064080908128532
    outer loop
      vertex 0.5400954901087858 -1.1477613403155265 -4
      vertex 0.679689315992419 -1.0710189851186116 -4
      vertex 0.8156271791909028 -1.2852227821423339 -3.7463026028703688
    endloop
  endfacet
  facet normal 0.41603721228365814 -0.5726260972304547 -0.7064080908128534
    outer loop
      vertex 0.8156271791909028 -1.2852227821423339 -3.7463026028703688
      vertex 0.679689315992419 -1.0710189851186116 -4
      vertex 0.9702768424033635 -1.172863224876775 -3.7463026028703688
    endloop
  endfacet
  facet normal 0.5877852522924731 -0.8090169943749475 0
    outer loop
      vertex 0.8156271791909028 -1.2852227821423339 -3.7463026028703688
      vertex 0.9702768424033635 -1.172863224876775 -3.698139113421385
      vertex 0.8156271791909028 -1.2852227821423339 -3.712139113421385
    endloop
  endfacet
  facet normal 0.41603721228365786 -0.572626097230455 -0.706408090812853
    outer loop
      vertex 0.679689315992419 -1.0710189851186116 -4
      vertex 0.8085640353361363 -0.977386020730646 -4
      vertex 0.9702768424033635 -1.172863224876775 -3.7463026028703688
    endloop
  endfacet
  facet normal 0.5877852522924731 -0.8090169943749475 0
    outer loop
      vertex 0.8156271791909028 -1.2852227821423339 -3.111860886578615
      vertex 0.9702768424033635 -1.172863224876775 -2.9981391134213853
      vertex 0.8156271791909028 -1.2852227821423339 -3.012139113421385
    endloop
  endfacet
  facet normal 0.06339336137649598 -0.4967423969492733 -0.8655797322063864
    outer loop
      vertex -0.09557874821402501 -1.519180699608322 -3.082139113421385
      vertex 0.09557874821402501 -1.519180699608322 -3.0681391134213847
      vertex 0.12269986054916919 -1.950258435834777 -2.8187641819063263
    endloop
  endfacet
  facet normal -0.0006351549292277875 -0.5007707297473928 0.8655797322063863
    outer loop
      vertex 0.12269986054916919 -1.950258435834777 -2.7172358180936738
      vertex 0.28522891068676176 -1.4952223124609376 -2.453860886578615
      vertex 0.09557874821402501 -1.519180699608322 -2.4678608865786154
    endloop
  endfacet
  facet normal 0.12515181664549732 -0.48488013981174044 -0.865579732206386
    outer loop
      vertex 0.36616453154930145 -1.9195016952737438 -2.804764181906326
      vertex 0.09557874821402501 -1.519180699608322 -3.0681391134213847
      vertex 0.28522891068676176 -1.4952223124609376 -3.054139113421385
    endloop
  endfacet
  facet normal 0.062133068290699714 -0.4969016089914627 0.865579732206386
    outer loop
      vertex 0.36616453154930145 -1.9195016952737438 -2.703235818093674
      vertex 0.470380842850476 -1.4476833762435302 -2.4398608865786153
      vertex 0.28522891068676176 -1.4952223124609376 -2.453860886578615
    endloop
  endfacet
  facet normal 0.06339336137649393 -0.49674239694927413 -0.8655797322063861
    outer loop
      vertex -0.09557874821402501 -1.519180699608322 -2.3821391134213847
      vertex 0.09557874821402501 -1.519180699608322 -2.368139113421385
      vertex 0.12269986054916919 -1.950258435834777 -2.118764181906326
    endloop
  endfacet
  facet normal 0 -1 0
    outer loop
      vertex -0.09557874821402501 -1.519180699608322 -2.481860886578615
      vertex 0.09557874821402501 -1.519180699608322 -2.4678608865786154
      vertex 0.09557874821402501 -1.519180699608322 -2.368139113421385
    endloop
  endfacet
  facet normal 0.1253332335643044 -0.9921147013144778 0
    outer loop
      vertex 0.09557874821402501 -1.519180699608322 -2.4678608865786154
      vertex 0.28522891068676176 -1.4952223124609376 -2.354139113421385
      vertex 0.09557874821402501 -1.519180699608322 -2.368139113421385
    endloop
  endfacet
  facet normal 0.12515181664549732 -0.48488013981174044 -0.865579732206386
    outer loop
      vertex 0.36616453154930145 -1.9195016952737438 -2.1047641819063263
      vertex 0.09557874821402501 -1.519180699608322 -2.368139113421385
      vertex 0.28522891068676176 -1.4952223124609376 -2.354139113421385
    endloop
  endfacet
  facet normal 0.12533323356430442 -0.9921147013144779 0
    outer loop
      vertex 0.09557874821402501 -1.519180699608322 -2.4678608865786154
      vertex 0.28522891068676176 -1.4952223124609376 -2.453860886578615
      vertex 0.28522891068676176 -1.4952223124609376 -2.354139113421385
    endloop
  endfacet
  facet normal 0.24868988716485452 -0.9685831611286312 0
    outer loop
      vertex 0.28522891068676176 -1.4952223124609376 -2.453860886578615
      vertex 0.470380842850476 -1.4476833762435302 -2.340139113421385
      vertex 0.28522891068676176 -1.4952223124609376 -2.354139113421385
    endloop
  endfacet
  facet normal 0.24868988716485452 -0.9685831611286311 0
    outer loop
      vertex 0.28522891068676176 -1.4952223124609376 -2.453860886578615
      vertex 0.470380842850476 -1.4476833762435302 -2.4398608865786153
      vertex 0.470380842850476 -1.4476833762435302 -2.340139113421385
    endloop
  endfacet
  facet normal 0.18493655300392892 -0.4653710332160202 -0.8655797322063861
    outer loop
      vertex 0.6038545691508126 -1.8584732663235117 -2.7907641819063262
      vertex 0.28522891068676176 -1.4952223124609376 -3.054139113421385
      vertex 0.470380842850476 -1.4476833762435302 -3.040139113421385
    endloop
  endfacet
  facet normal 0.23075250253838164 -0.4490404785157433 -0.863200979625618
    outer loop
      vertex 0.6038545691508126 -1.8584732663235117 -2.7907641819063262
      vertex 0.470380842850476 -1.4476833762435302 -3.040139113421385
      vertex 0.8320214594715809 -1.7681356037652418 -2.7767641819063265
    endloop
  endfacet
  facet normal 0.2418047294457493 -0.4385227474273011 -0.8655797322063863
    outer loop
      vertex 0.8320214594715809 -1.7681356037652418 -2.7767641819063265
      vertex 0.470380842850476 -1.4476833762435302 -3.040139113421385
      vertex 0.6481145881305429 -1.3773136083786317 -3.026139113421385
    endloop
  endfacet
  facet normal 0.0772566749058084 -0.4989142962031368 0.8632009796256183
    outer loop
      vertex 0.36616453154930145 -1.9195016952737438 -2.703235818093674
      vertex 0.6038545691508126 -1.8584732663235117 -2.6892358180936737
      vertex 0.470380842850476 -1.4476833762435302 -2.4398608865786153
    endloop
  endfacet
  facet normal 0.12392141590718546 -0.4851960530271025 0.8655797322063864
    outer loop
      vertex 0.6038545691508126 -1.8584732663235117 -2.6892358180936737
      vertex 0.6481145881305429 -1.3773136083786317 -2.4258608865786155
      vertex 0.470380842850476 -1.4476833762435302 -2.4398608865786153
    endloop
  endfacet
  facet normal 0.2852126453070762 -0.41657870292456484 -0.8632009796256183
    outer loop
      vertex 0.8320214594715809 -1.7681356037652418 -2.7767641819063265
      vertex 0.6481145881305429 -1.3773136083786317 -3.026139113421385
      vertex 1.0470668743509541 -1.6499133865025821 -2.762764181906326
    endloop
  endfacet
  facet normal 0.1391780249633256 -0.48529737907872594 0.8632009796256184
    outer loop
      vertex 0.6038545691508126 -1.8584732663235117 -2.6892358180936737
      vertex 0.8320214594715809 -1.7681356037652418 -2.675235818093674
      vertex 0.6481145881305429 -1.3773136083786317 -2.4258608865786155
    endloop
  endfacet
  facet normal 0.2948595008570622 -0.4047586959508656 -0.8655797322063861
    outer loop
      vertex 0.6481145881305429 -1.3773136083786317 -3.026139113421385
      vertex 0.8156271791909028 -1.2852227821423339 -3.012139113421385
      vertex 1.0470668743509541 -1.6499133865025821 -2.762764181906326
    endloop
  endfacet
  facet normal 0.18375544876774647 -0.4658386654644337 0.8655797322063864
    outer loop
      vertex 0.8320214594715809 -1.7681356037652418 -2.675235818093674
      vertex 0.8156271791909028 -1.2852227821423339 -2.4118608865786153
      vertex 0.6481145881305429 -1.3773136083786317 -2.4258608865786155
    endloop
  endfacet
  facet normal 0.18493655300393078 -0.46537103321601947 -0.865579732206386
    outer loop
      vertex 0.6038545691508126 -1.8584732663235117 -2.090764181906326
      vertex 0.28522891068676176 -1.4952223124609376 -2.354139113421385
      vertex 0.470380842850476 -1.4476833762435302 -2.340139113421385
    endloop
  endfacet
  facet normal 0.23075250253838164 -0.4490404785157433 -0.863200979625618
    outer loop
      vertex 0.6038545691508126 -1.8584732663235117 -2.090764181906326
      vertex 0.470380842850476 -1.4476833762435302 -2.340139113421385
      vertex 0.8320214594715809 -1.7681356037652418 -2.0767641819063263
    endloop
  endfacet
  facet normal 0.24180472944574777 -0.43852274742730274 -0.8655797322063861
    outer loop
      vertex 0.8320214594715809 -1.7681356037652418 -2.0767641819063263
      vertex 0.470380842850476 -1.4476833762435302 -2.340139113421385
      vertex 0.6481145881305429 -1.3773136083786317 -2.326139113421385
    endloop
  endfacet
  facet normal 0.36812455268467875 -0.9297764858882511 0
    outer loop
      vertex 0.470380842850476 -1.4476833762435302 -2.4398608865786153
      vertex 0.6481145881305429 -1.3773136083786317 -2.326139113421385
      vertex 0.470380842850476 -1.4476833762435302 -2.340139113421385
    endloop
  endfacet
  facet normal 0.36812455268467875 -0.9297764858882511 0
    outer loop
      vertex 0.470380842850476 -1.4476833762435302 -2.4398608865786153
      vertex 0.6481145881305429 -1.3773136083786317 -2.4258608865786155
      vertex 0.6481145881305429 -1.3773136083786317 -2.326139113421385
    endloop
  endfacet
  facet normal 0.2852126453070765 -0.41657870292456545 -0.8632009796256178
    outer loop
      vertex 0.8320214594715809 -1.7681356037652418 -2.0767641819063263
      vertex 0.6481145881305429 -1.3773136083786317 -2.326139113421385
      vertex 1.0470668743509541 -1.6499133865025821 -2.062764181906326
    endloop
  endfacet
  facet normal 0.4817536741017151 -0.8763066800438637 0
    outer loop
      vertex 0.6481145881305429 -1.3773136083786317 -2.4258608865786155
      vertex 0.8156271791909028 -1.2852227821423339 -2.4118608865786153
      vertex 0.8156271791909028 -1.2852227821423339 -2.312139113421385
    endloop
  endfacet
  facet normal 0.4817536741017151 -0.8763066800438637 0
    outer loop
      vertex 0.6481145881305429 -1.3773136083786317 -2.4258608865786155
      vertex 0.8156271791909028 -1.2852227821423339 -2.312139113421385
      vertex 0.6481145881305429 -1.3773136083786317 -2.326139113421385
    endloop
  endfacet
  facet normal 0.29485950085706386 -0.40475869595086444 -0.865579732206386
    outer loop
      vertex 0.6481145881305429 -1.3773136083786317 -2.326139113421385
      vertex 0.8156271791909028 -1.2852227821423339 -2.312139113421385
      vertex 1.0470668743509541 -1.6499133865025821 -2.062764181906326
    endloop
  endfacet
  facet normal 0.5877852522924732 -0.8090169943749475 0
    outer loop
      vertex 0.8156271791909028 -1.2852227821423339 -2.4118608865786153
      vertex 0.9702768424033635 -1.172863224876775 -2.298139113421385
      vertex 0.8156271791909028 -1.2852227821423339 -2.312139113421385
    endloop
  endfacet
  facet normal 0 0 -1
    outer loop
      vertex -0.07964895684502085 -1.2659839163402684 -4
      vertex 0 0 -4
      vertex 0.07964895684502085 -1.2659839163402684 -4
    endloop
  endfacet
  facet normal 0 0 -1
    outer loop
      vertex 0.07964895684502085 -1.2659839163402684 -4
      vertex 0 0 -4
      vertex 0.2376907589056348 -1.246018593717448 -4
    endloop
  endfacet
  facet normal 0 0 -1
    outer loop
      vertex 0.2376907589056348 -1.246018593717448 -4
      vertex 0 0 -4
      vertex 0.39198403570872997 -1.206402813536275 -4
    endloop
  endfacet
  facet normal 0 0 -1
    outer loop
      vertex 0.39198403570872997 -1.206402813536275 -4
      vertex 0 0 -4
      vertex 0.5400954901087858 -1.1477613403155265 -4
    endloop
  endfacet
  facet normal 0 0 -1
    outer loop
      vertex 0.5400954901087858 -1.1477613403155265 -4
      vertex 0 0 -4
      vertex 0.679689315992419 -1.0710189851186116 -4
    endloop
  endfacet
  facet normal 0 0 -1
    outer loop
      vertex 0.679689315992419 -1.0710189851186116 -4
      vertex 0 0 -4
      vertex 0.8085640353361363 -0.977386020730646 -4
    endloop
  endfacet
  facet normal 0 0 -1
    outer loop
      vertex 0.8085640353361363 -0.977386020730646 -4
      vertex 0 0 -4
      vertex 0.9246872168298597 -0.8683390949336506 -4
    endloop
  endfacet
  facet normal 0 0 -1
    outer loop
      vertex 0.9246872168298597 -0.8683390949336506 -4
      vertex 0 0 -4
      vertex 1.0262275285328077 -0.7455979428889197 -4
    endloop
  endfacet
  facet normal 0 0 -1
    outer loop
      vertex 1.0262275285328077 -0.7455979428889197 -4
      vertex 0 0 -4
      vertex 1.1115836190721828 -0.6110982658862087 -4
    endloop
  endfacet
  facet normal 0 0 -1
    outer loop
      vertex 1.1115836190721828 -0.6110982658862087 -4
      vertex 0 0 -4
      vertex 1.1794093719109227 -0.46696120417806314 -4
    endloop
  endfacet
  facet normal 0 0 -1
    outer loop
      vertex 1.1794093719109227 -0.46696120417806314 -4
      vertex 0 0 -4
      vertex 1.2286351344096187 -0.31545988533092606 -4
    endloop
  endfacet
  facet normal 0 0 -1
    outer loop
      vertex 1.2286351344096187 -0.31545988533092606 -4
      vertex 0 0 -4
      vertex 1.2584845868876218 -0.15898357564552024 -4
    endloop
  endfacet
  facet normal 0 0 -1
    outer loop
      vertex 1.2584845868876218 -0.15898357564552024 -4
      vertex 0 0 -4
      vertex 1.2684869856481553 0 -4
    endloop
  endfacet
  facet normal 0.33517481428150114 -0.37754723233621273 -0.8632009796256183
    outer loop
      vertex 0.8156271791909028 -1.2852227821423339 -3.712139113421385
      vertex 1.2455994191343822 -1.5056710495242929 -3.448764181906326
      vertex 1.0470668743509541 -1.6499133865025821 -3.4627641819063264
    endloop
  endfacet
  facet normal 0.3432641617993329 -0.36461135804815836 -0.8655797322063861
    outer loop
      vertex 0.8156271791909028 -1.2852227821423339 -3.712139113421385
      vertex 0.9702768424033635 -1.172863224876775 -3.698139113421385
      vertex 1.2455994191343822 -1.5056710495242929 -3.448764181906326
    endloop
  endfacet
  facet normal 0.37985107621097897 -0.33256161635813375 -0.8632009796256179
    outer loop
      vertex 1.2455994191343822 -1.5056710495242929 -3.448764181906326
      vertex 0.9702768424033635 -1.172863224876775 -3.698139113421385
      vertex 1.424488116993034 -1.3376833806507191 -3.434764181906326
    endloop
  endfacet
  facet normal 0.015247939275253792 -0.9998837434161324 0
    outer loop
      vertex 0.7783188346094715 -1.654011716750778 -3.4656464496100767
      vertex 1.0470668743509541 -1.6499133865025821 -3.4627641819063264
      vertex 1.0470668743509541 -1.6499133865025821 -3.3612358180936743
    endloop
  endfacet
  facet normal 0.25549404182310476 -0.43543870219155656 0.8632009796256179
    outer loop
      vertex 1.0470668743509541 -1.6499133865025821 -3.3612358180936743
      vertex 1.2455994191343822 -1.5056710495242929 -3.347235818093674
      vertex 0.9702768424033635 -1.172863224876775 -3.0978608865786152
    endloop
  endfacet
  facet normal 0.2406915484310614 -0.43913472386885977 0.8655797322063856
    outer loop
      vertex 0.8156271791909028 -1.2852227821423339 -3.111860886578615
      vertex 1.0470668743509541 -1.6499133865025821 -3.3612358180936743
      vertex 0.9702768424033635 -1.172863224876775 -3.0978608865786152
    endloop
  endfacet
  facet normal 0.5877852522924728 -0.8090169943749477 0
    outer loop
      vertex 1.0470668743509541 -1.6499133865025821 -3.4627641819063264
      vertex 1.2455994191343822 -1.5056710495242929 -3.347235818093674
      vertex 1.0470668743509541 -1.6499133865025821 -3.3612358180936743
    endloop
  endfacet
  facet normal 0.5877852522924729 -0.8090169943749477 0
    outer loop
      vertex 1.0470668743509541 -1.6499133865025821 -3.4627641819063264
      vertex 1.2455994191343822 -1.5056710495242929 -3.448764181906326
      vertex 1.2455994191343822 -1.5056710495242929 -3.347235818093674
    endloop
  endfacet
  facet normal 0.6845471059286887 -0.7289686274214116 0
    outer loop
      vertex 1.2455994191343822 -1.5056710495242929 -3.448764181906326
      vertex 1.424488116993034 -1.3376833806507191 -3.333235818093674
      vertex 1.2455994191343822 -1.5056710495242929 -3.347235818093674
    endloop
  endfacet
  facet normal 0.5877852522924731 -0.8090169943749475 0
    outer loop
      vertex 0.8156271791909028 -1.2852227821423339 -3.7463026028703688
      vertex 0.9702768424033635 -1.172863224876775 -3.7463026028703688
      vertex 0.9702768424033635 -1.172863224876775 -3.698139113421385
    endloop
  endfacet
  facet normal 0.6845471059286886 -0.7289686274214117 0
    outer loop
      vertex 0.9702768424033635 -1.172863224876775 -3.7463026028703688
      vertex 1.1096246601958315 -1.0420069139203807 -3.684139113421385
      vertex 0.9702768424033635 -1.172863224876775 -3.698139113421385
    endloop
  endfacet
  facet normal 0.48452571498971 -0.515967480320078 -0.706408090812853
    outer loop
      vertex 0.8085640353361363 -0.977386020730646 -4
      vertex 1.1096246601958315 -1.0420069139203807 -3.7463026028703688
      vertex 0.9702768424033635 -1.172863224876775 -3.7463026028703688
    endloop
  endfacet
  facet normal 0.4845257149897102 -0.5159674803200778 -0.7064080908128533
    outer loop
      vertex 0.8085640353361363 -0.977386020730646 -4
      vertex 0.9246872168298597 -0.8683390949336506 -4
      vertex 1.1096246601958315 -1.0420069139203807 -3.7463026028703688
    endloop
  endfacet
  facet normal 0.5453729577287421 -0.45117174802102084 -0.7064080908128533
    outer loop
      vertex 1.1096246601958315 -1.0420069139203807 -3.7463026028703688
      vertex 0.9246872168298597 -0.8683390949336506 -4
      vertex 1.2314730342393692 -0.8947175314667035 -3.7463026028703688
    endloop
  endfacet
  facet normal 0.6845471059286885 -0.7289686274214116 0
    outer loop
      vertex 0.9702768424033635 -1.172863224876775 -3.7463026028703688
      vertex 1.1096246601958315 -1.0420069139203807 -3.7463026028703688
      vertex 1.1096246601958315 -1.0420069139203807 -3.684139113421385
    endloop
  endfacet
  facet normal 0.3862553418539594 -0.3187138812207621 -0.865579732206386
    outer loop
      vertex 0.9702768424033635 -1.172863224876775 -3.698139113421385
      vertex 1.1096246601958315 -1.0420069139203807 -3.684139113421385
      vertex 1.424488116993034 -1.3376833806507191 -3.434764181906326
    endloop
  endfacet
  facet normal 0.7705132427757894 -0.6374239897486894 0
    outer loop
      vertex 1.1096246601958315 -1.0420069139203807 -3.7463026028703688
      vertex 1.2314730342393692 -0.8947175314667035 -3.670139113421385
      vertex 1.1096246601958315 -1.0420069139203807 -3.684139113421385
    endloop
  endfacet
  facet normal 0.7705132427757895 -0.6374239897486894 0
    outer loop
      vertex 1.1096246601958315 -1.0420069139203807 -3.7463026028703688
      vertex 1.2314730342393692 -0.8947175314667035 -3.7463026028703688
      vertex 1.2314730342393692 -0.8947175314667035 -3.670139113421385
    endloop
  endfacet
  facet normal 0.4231550444297891 -0.2677900960960734 -0.865579732206386
    outer loop
      vertex 1.1096246601958315 -1.0420069139203807 -3.684139113421385
      vertex 1.2314730342393692 -0.8947175314667035 -3.670139113421385
      vertex 1.5809117862987512 -1.1485996457709655 -3.420764181906326
    endloop
  endfacet
  facet normal 0.5877852522924731 -0.8090169943749475 0
    outer loop
      vertex 0.8156271791909028 -1.2852227821423339 -3.111860886578615
      vertex 0.9702768424033635 -1.172863224876775 -3.0978608865786152
      vertex 0.9702768424033635 -1.172863224876775 -2.9981391134213853
    endloop
  endfacet
  facet normal 0.6845471059286886 -0.7289686274214118 0
    outer loop
      vertex 0.9702768424033635 -1.172863224876775 -3.0978608865786152
      vertex 1.1096246601958315 -1.0420069139203807 -2.984139113421385
      vertex 0.9702768424033635 -1.172863224876775 -2.9981391134213853
    endloop
  endfacet
  facet normal 0.6845471059286886 -0.7289686274214117 0
    outer loop
      vertex 0.9702768424033635 -1.172863224876775 -3.0978608865786152
      vertex 1.1096246601958315 -1.0420069139203807 -3.0838608865786155
      vertex 1.1096246601958315 -1.0420069139203807 -2.984139113421385
    endloop
  endfacet
  facet normal 0.30805433555566963 -0.39998324354743636 0.8632009796256183
    outer loop
      vertex 1.2455994191343822 -1.5056710495242929 -3.347235818093674
      vertex 1.424488116993034 -1.3376833806507191 -3.333235818093674
      vertex 1.1096246601958315 -1.0420069139203807 -3.0838608865786155
    endloop
  endfacet
  facet normal 0.29383179859345265 -0.40550536535150505 0.8655797322063861
    outer loop
      vertex 1.2455994191343822 -1.5056710495242929 -3.347235818093674
      vertex 1.1096246601958315 -1.0420069139203807 -3.0838608865786155
      vertex 0.9702768424033635 -1.172863224876775 -3.0978608865786152
    endloop
  endfacet
  facet normal 0.7705132427757895 -0.6374239897486896 0
    outer loop
      vertex 1.1096246601958315 -1.0420069139203807 -3.0838608865786155
      vertex 1.2314730342393692 -0.8947175314667035 -2.970139113421385
      vertex 1.1096246601958315 -1.0420069139203807 -2.984139113421385
    endloop
  endfacet
  facet normal 0.7705132427757894 -0.6374239897486895 0
    outer loop
      vertex 1.1096246601958315 -1.0420069139203807 -3.0838608865786155
      vertex 1.2314730342393692 -0.8947175314667035 -3.0698608865786152
      vertex 1.2314730342393692 -0.8947175314667035 -2.970139113421385
    endloop
  endfacet
  facet normal 0.3423381457654161 -0.36548094498539474 0.8655797322063864
    outer loop
      vertex 1.1096246601958315 -1.0420069139203807 -3.0838608865786155
      vertex 1.424488116993034 -1.3376833806507191 -3.333235818093674
      vertex 1.2314730342393692 -0.8947175314667035 -3.0698608865786152
    endloop
  endfacet
  facet normal 0.6845471059286887 -0.7289686274214114 0
    outer loop
      vertex 1.2455994191343822 -1.5056710495242929 -3.448764181906326
      vertex 1.424488116993034 -1.3376833806507191 -3.434764181906326
      vertex 1.424488116993034 -1.3376833806507191 -3.333235818093674
    endloop
  endfacet
  facet normal 0.418536859756574 -0.28233130502740794 -0.863200979625618
    outer loop
      vertex 1.1096246601958315 -1.0420069139203807 -3.684139113421385
      vertex 1.5809117862987512 -1.1485996457709655 -3.420764181906326
      vertex 1.424488116993034 -1.3376833806507191 -3.434764181906326
    endloop
  endfacet
  facet normal 0.7705132427757895 -0.6374239897486893 0
    outer loop
      vertex 1.424488116993034 -1.3376833806507191 -3.434764181906326
      vertex 1.5809117862987512 -1.1485996457709655 -3.420764181906326
      vertex 1.5809117862987512 -1.1485996457709655 -3.319235818093674
    endloop
  endfacet
  facet normal 0.7705132427757895 -0.6374239897486893 0
    outer loop
      vertex 1.424488116993034 -1.3376833806507191 -3.434764181906326
      vertex 1.5809117862987512 -1.1485996457709655 -3.319235818093674
      vertex 1.424488116993034 -1.3376833806507191 -3.333235818093674
    endloop
  endfacet
  facet normal 0.3557564283937836 -0.35821981021416466 0.863200979625618
    outer loop
      vertex 1.2314730342393692 -0.8947175314667035 -3.0698608865786152
      vertex 1.424488116993034 -1.3376833806507191 -3.333235818093674
      vertex 1.5809117862987512 -1.1485996457709655 -3.319235818093674
    endloop
  endfacet
  facet normal 0.4506220670020079 -0.22764846035985248 -0.863200979625618
    outer loop
      vertex 1.2314730342393692 -0.8947175314667035 -3.670139113421385
      vertex 1.7124035323436124 -0.941401808337234 -3.4067641819063263
      vertex 1.5809117862987512 -1.1485996457709655 -3.420764181906326
    endloop
  endfacet
  facet normal 0.3854456158757656 -0.31969267178913086 0.865579732206386
    outer loop
      vertex 1.2314730342393692 -0.8947175314667035 -3.0698608865786152
      vertex 1.5809117862987512 -1.1485996457709655 -3.319235818093674
      vertex 1.3339003428866194 -0.7333179190634505 -3.055860886578615
    endloop
  endfacet
  facet normal 0.8443279255020153 -0.5358267949789965 0
    outer loop
      vertex 1.5809117862987512 -1.1485996457709655 -3.420764181906326
      vertex 1.7124035323436124 -0.941401808337234 -3.3052358180936743
      vertex 1.5809117862987512 -1.1485996457709655 -3.319235818093674
    endloop
  endfacet
  facet normal 0.8443279255020153 -0.5358267949789965 0
    outer loop
      vertex 1.5809117862987512 -1.1485996457709655 -3.420764181906326
      vertex 1.7124035323436124 -0.941401808337234 -3.4067641819063263
      vertex 1.7124035323436124 -0.941401808337234 -3.3052358180936743
    endloop
  endfacet
  facet normal 0.3978480298375372 -0.31080703648367464 0.8632009796256176
    outer loop
      vertex 1.5809117862987512 -1.1485996457709655 -3.319235818093674
      vertex 1.7124035323436124 -0.941401808337234 -3.3052358180936743
      vertex 1.3339003428866194 -0.7333179190634505 -3.055860886578615
    endloop
  endfacet
  facet normal 0.481753674101715 -0.8763066800438637 0
    outer loop
      vertex 0.8320214594715809 -1.7681356037652418 -2.7767641819063265
      vertex 1.0470668743509541 -1.6499133865025821 -2.661235818093674
      vertex 0.8320214594715809 -1.7681356037652418 -2.675235818093674
    endloop
  endfacet
  facet normal 0.481753674101715 -0.8763066800438637 0
    outer loop
      vertex 0.8320214594715809 -1.7681356037652418 -2.7767641819063265
      vertex 1.0470668743509541 -1.6499133865025821 -2.762764181906326
      vertex 1.0470668743509541 -1.6499133865025821 -2.661235818093674
    endloop
  endfacet
  facet normal 0.19890445442624743 -0.46402703238364273 0.8632009796256179
    outer loop
      vertex 0.8320214594715809 -1.7681356037652418 -2.675235818093674
      vertex 1.0470668743509541 -1.6499133865025821 -2.661235818093674
      vertex 0.8156271791909028 -1.2852227821423339 -2.4118608865786153
    endloop
  endfacet
  facet normal 0.3351748142815015 -0.3775472323362132 -0.8632009796256179
    outer loop
      vertex 0.8156271791909028 -1.2852227821423339 -3.012139113421385
      vertex 1.2455994191343822 -1.5056710495242929 -2.748764181906326
      vertex 1.0470668743509541 -1.6499133865025821 -2.762764181906326
    endloop
  endfacet
  facet normal 0.34326416179933333 -0.3646113580481589 -0.8655797322063856
    outer loop
      vertex 0.8156271791909028 -1.2852227821423339 -3.012139113421385
      vertex 0.9702768424033635 -1.172863224876775 -2.9981391134213853
      vertex 1.2455994191343822 -1.5056710495242929 -2.748764181906326
    endloop
  endfacet
  facet normal 0.25549404182310437 -0.4354387021915561 0.8632009796256183
    outer loop
      vertex 1.0470668743509541 -1.6499133865025821 -2.661235818093674
      vertex 1.2455994191343822 -1.5056710495242929 -2.647235818093674
      vertex 0.9702768424033635 -1.172863224876775 -2.3978608865786155
    endloop
  endfacet
  facet normal 0.5877852522924728 -0.8090169943749477 0
    outer loop
      vertex 1.0470668743509541 -1.6499133865025821 -2.762764181906326
      vertex 1.2455994191343822 -1.5056710495242929 -2.647235818093674
      vertex 1.0470668743509541 -1.6499133865025821 -2.661235818093674
    endloop
  endfacet
  facet normal 0.5877852522924729 -0.8090169943749477 0
    outer loop
      vertex 1.0470668743509541 -1.6499133865025821 -2.762764181906326
      vertex 1.2455994191343822 -1.5056710495242929 -2.748764181906326
      vertex 1.2455994191343822 -1.5056710495242929 -2.647235818093674
    endloop
  endfacet
  facet normal 0.37985107621097824 -0.3325616163581353 -0.8632009796256176
    outer loop
      vertex 1.2455994191343822 -1.5056710495242929 -2.748764181906326
      vertex 0.9702768424033635 -1.172863224876775 -2.9981391134213853
      vertex 1.424488116993034 -1.3376833806507191 -2.734764181906326
    endloop
  endfacet
  facet normal 0.6845471059286887 -0.7289686274214116 0
    outer loop
      vertex 1.2455994191343822 -1.5056710495242929 -2.748764181906326
      vertex 1.424488116993034 -1.3376833806507191 -2.633235818093674
      vertex 1.2455994191343822 -1.5056710495242929 -2.647235818093674
    endloop
  endfacet
  facet normal 0.481753674101715 -0.8763066800438637 0
    outer loop
      vertex 0.8320214594715809 -1.7681356037652418 -2.0767641819063263
      vertex 1.0470668743509541 -1.6499133865025821 -1.9612358180936738
      vertex 0.8320214594715809 -1.7681356037652418 -1.9752358180936738
    endloop
  endfacet
  facet normal 0.48175367410171505 -0.8763066800438637 0
    outer loop
      vertex 0.8320214594715809 -1.7681356037652418 -2.0767641819063263
      vertex 1.0470668743509541 -1.6499133865025821 -2.062764181906326
      vertex 1.0470668743509541 -1.6499133865025821 -1.9612358180936738
    endloop
  endfacet
  facet normal 0.24069154843106094 -0.43913472386885927 0.8655797322063861
    outer loop
      vertex 0.8156271791909028 -1.2852227821423339 -2.4118608865786153
      vertex 1.0470668743509541 -1.6499133865025821 -2.661235818093674
      vertex 0.9702768424033635 -1.172863224876775 -2.3978608865786155
    endloop
  endfacet
  facet normal 0.33517481428150026 -0.37754723233621407 -0.863200979625618
    outer loop
      vertex 0.8156271791909028 -1.2852227821423339 -2.312139113421385
      vertex 1.2455994191343822 -1.5056710495242929 -2.0487641819063263
      vertex 1.0470668743509541 -1.6499133865025821 -2.062764181906326
    endloop
  endfacet
  facet normal 0.3432641617993329 -0.36461135804815836 -0.8655797322063861
    outer loop
      vertex 0.8156271791909028 -1.2852227821423339 -2.312139113421385
      vertex 0.9702768424033635 -1.172863224876775 -2.298139113421385
      vertex 1.2455994191343822 -1.5056710495242929 -2.0487641819063263
    endloop
  endfacet
  facet normal 0.5877852522924729 -0.8090169943749477 0
    outer loop
      vertex 1.0470668743509541 -1.6499133865025821 -2.062764181906326
      vertex 1.2455994191343822 -1.5056710495242929 -2.0487641819063263
      vertex 1.2455994191343822 -1.5056710495242929 -1.9472358180936737
    endloop
  endfacet
  facet normal 0.37985107621097786 -0.3325616163581348 -0.8632009796256181
    outer loop
      vertex 1.2455994191343822 -1.5056710495242929 -2.0487641819063263
      vertex 0.9702768424033635 -1.172863224876775 -2.298139113421385
      vertex 1.424488116993034 -1.3376833806507191 -2.0347641819063265
    endloop
  endfacet
  facet normal 0.3862553418539594 -0.3187138812207621 -0.865579732206386
    outer loop
      vertex 0.9702768424033635 -1.172863224876775 -2.9981391134213853
      vertex 1.1096246601958315 -1.0420069139203807 -2.984139113421385
      vertex 1.424488116993034 -1.3376833806507191 -2.734764181906326
    endloop
  endfacet
  facet normal 0.30805433555567124 -0.3999832435474358 0.863200979625618
    outer loop
      vertex 1.2455994191343822 -1.5056710495242929 -2.647235818093674
      vertex 1.424488116993034 -1.3376833806507191 -2.633235818093674
      vertex 1.1096246601958315 -1.0420069139203807 -2.3838608865786153
    endloop
  endfacet
  facet normal 0.4231550444297898 -0.26779009609607135 -0.8655797322063864
    outer loop
      vertex 1.1096246601958315 -1.0420069139203807 -2.984139113421385
      vertex 1.2314730342393692 -0.8947175314667035 -2.970139113421385
      vertex 1.5809117862987512 -1.1485996457709655 -2.7207641819063264
    endloop
  endfacet
  facet normal 0.5877852522924731 -0.8090169943749473 0
    outer loop
      vertex 0.8156271791909028 -1.2852227821423339 -2.4118608865786153
      vertex 0.9702768424033635 -1.172863224876775 -2.3978608865786155
      vertex 0.9702768424033635 -1.172863224876775 -2.298139113421385
    endloop
  endfacet
  facet normal 0.6845471059286886 -0.7289686274214117 0
    outer loop
      vertex 0.9702768424033635 -1.172863224876775 -2.3978608865786155
      vertex 1.1096246601958315 -1.0420069139203807 -2.284139113421385
      vertex 0.9702768424033635 -1.172863224876775 -2.298139113421385
    endloop
  endfacet
  facet normal 0.6845471059286886 -0.7289686274214116 0
    outer loop
      vertex 0.9702768424033635 -1.172863224876775 -2.3978608865786155
      vertex 1.1096246601958315 -1.0420069139203807 -2.3838608865786153
      vertex 1.1096246601958315 -1.0420069139203807 -2.284139113421385
    endloop
  endfacet
  facet normal 0.2938317985934506 -0.4055053653515059 0.8655797322063864
    outer loop
      vertex 1.2455994191343822 -1.5056710495242929 -2.647235818093674
      vertex 1.1096246601958315 -1.0420069139203807 -2.3838608865786153
      vertex 0.9702768424033635 -1.172863224876775 -2.3978608865786155
    endloop
  endfacet
  facet normal 0.386255341853959 -0.3187138812207616 -0.8655797322063864
    outer loop
      vertex 0.9702768424033635 -1.172863224876775 -2.298139113421385
      vertex 1.1096246601958315 -1.0420069139203807 -2.284139113421385
      vertex 1.424488116993034 -1.3376833806507191 -2.0347641819063265
    endloop
  endfacet
  facet normal 0.7705132427757895 -0.6374239897486896 0
    outer loop
      vertex 1.1096246601958315 -1.0420069139203807 -2.3838608865786153
      vertex 1.2314730342393692 -0.8947175314667035 -2.270139113421385
      vertex 1.1096246601958315 -1.0420069139203807 -2.284139113421385
    endloop
  endfacet
  facet normal 0.7705132427757895 -0.6374239897486894 0
    outer loop
      vertex 1.1096246601958315 -1.0420069139203807 -2.3838608865786153
      vertex 1.2314730342393692 -0.8947175314667035 -2.369860886578615
      vertex 1.2314730342393692 -0.8947175314667035 -2.270139113421385
    endloop
  endfacet
  facet normal 0.3423381457654166 -0.36548094498539513 0.865579732206386
    outer loop
      vertex 1.1096246601958315 -1.0420069139203807 -2.3838608865786153
      vertex 1.424488116993034 -1.3376833806507191 -2.633235818093674
      vertex 1.2314730342393692 -0.8947175314667035 -2.369860886578615
    endloop
  endfacet
  facet normal 0.4231550444297891 -0.2677900960960734 -0.865579732206386
    outer loop
      vertex 1.1096246601958315 -1.0420069139203807 -2.284139113421385
      vertex 1.2314730342393692 -0.8947175314667035 -2.270139113421385
      vertex 1.5809117862987512 -1.1485996457709655 -2.0207641819063262
    endloop
  endfacet
  facet normal 0.6845471059286887 -0.7289686274214116 0
    outer loop
      vertex 1.2455994191343822 -1.5056710495242929 -2.748764181906326
      vertex 1.424488116993034 -1.3376833806507191 -2.734764181906326
      vertex 1.424488116993034 -1.3376833806507191 -2.633235818093674
    endloop
  endfacet
  facet normal 0.6845471059286886 -0.7289686274214117 0
    outer loop
      vertex 1.2455994191343822 -1.5056710495242929 -2.0487641819063263
      vertex 1.424488116993034 -1.3376833806507191 -2.0347641819063265
      vertex 1.424488116993034 -1.3376833806507191 -1.9332358180936737
    endloop
  endfacet
  facet normal 0.418536859756574 -0.28233130502740794 -0.863200979625618
    outer loop
      vertex 1.1096246601958315 -1.0420069139203807 -2.984139113421385
      vertex 1.5809117862987512 -1.1485996457709655 -2.7207641819063264
      vertex 1.424488116993034 -1.3376833806507191 -2.734764181906326
    endloop
  endfacet
  facet normal 0.35575642839378263 -0.35821981021416593 0.8632009796256179
    outer loop
      vertex 1.2314730342393692 -0.8947175314667035 -2.369860886578615
      vertex 1.424488116993034 -1.3376833806507191 -2.633235818093674
      vertex 1.5809117862987512 -1.1485996457709655 -2.619235818093674
    endloop
  endfacet
  facet normal 0.7705132427757895 -0.6374239897486893 0
    outer loop
      vertex 1.424488116993034 -1.3376833806507191 -2.734764181906326
      vertex 1.5809117862987512 -1.1485996457709655 -2.619235818093674
      vertex 1.424488116993034 -1.3376833806507191 -2.633235818093674
    endloop
  endfacet
  facet normal 0.7705132427757895 -0.6374239897486893 0
    outer loop
      vertex 1.424488116993034 -1.3376833806507191 -2.734764181906326
      vertex 1.5809117862987512 -1.1485996457709655 -2.7207641819063264
      vertex 1.5809117862987512 -1.1485996457709655 -2.619235818093674
    endloop
  endfacet
  facet normal 0.4506220670020082 -0.22764846035985087 -0.8632009796256183
    outer loop
      vertex 1.2314730342393692 -0.8947175314667035 -2.970139113421385
      vertex 1.7124035323436124 -0.941401808337234 -2.706764181906326
      vertex 1.5809117862987512 -1.1485996457709655 -2.7207641819063264
    endloop
  endfacet
  facet normal 0.8443279255020153 -0.5358267949789964 0
    outer loop
      vertex 1.5809117862987512 -1.1485996457709655 -2.7207641819063264
      vertex 1.7124035323436124 -0.941401808337234 -2.605235818093674
      vertex 1.5809117862987512 -1.1485996457709655 -2.619235818093674
    endloop
  endfacet
  facet normal 0.39784802983753664 -0.3108070364836743 0.8632009796256179
    outer loop
      vertex 1.5809117862987512 -1.1485996457709655 -2.619235818093674
      vertex 1.7124035323436124 -0.941401808337234 -2.605235818093674
      vertex 1.3339003428866194 -0.7333179190634505 -2.3558608865786153
    endloop
  endfacet
  facet normal 0.8443279255020153 -0.5358267949789965 0
    outer loop
      vertex 1.5809117862987512 -1.1485996457709655 -2.7207641819063264
      vertex 1.7124035323436124 -0.941401808337234 -2.706764181906326
      vertex 1.7124035323436124 -0.941401808337234 -2.605235818093674
    endloop
  endfacet
  facet normal 0.4185368597565745 -0.28233130502740633 -0.8632009796256184
    outer loop
      vertex 1.1096246601958315 -1.0420069139203807 -2.284139113421385
      vertex 1.5809117862987512 -1.1485996457709655 -2.0207641819063262
      vertex 1.424488116993034 -1.3376833806507191 -2.0347641819063265
    endloop
  endfacet
  facet normal 0.38544561587576687 -0.3196926717891292 0.865579732206386
    outer loop
      vertex 1.2314730342393692 -0.8947175314667035 -2.369860886578615
      vertex 1.5809117862987512 -1.1485996457709655 -2.619235818093674
      vertex 1.3339003428866194 -0.7333179190634505 -2.3558608865786153
    endloop
  endfacet
  facet normal 0.45062206700200874 -0.2276484603598511 -0.8632009796256179
    outer loop
      vertex 1.2314730342393692 -0.8947175314667035 -2.270139113421385
      vertex 1.7124035323436124 -0.941401808337234 -2.006764181906326
      vertex 1.5809117862987512 -1.1485996457709655 -2.0207641819063262
    endloop
  endfacet
  facet normal 0.5453729577287417 -0.4511717480210211 -0.706408090812853
    outer loop
      vertex 1.2314730342393692 -0.8947175314667035 -3.7463026028703688
      vertex 0.9246872168298597 -0.8683390949336506 -4
      vertex 1.0262275285328077 -0.7455979428889197 -4
    endloop
  endfacet
  facet normal 0.5976193431343781 -0.3792607677387343 -0.706408090812853
    outer loop
      vertex 1.2314730342393692 -0.8947175314667035 -3.7463026028703688
      vertex 1.0262275285328077 -0.7455979428889197 -4
      vertex 1.3339003428866194 -0.7333179190634505 -3.7463026028703688
    endloop
  endfacet
  facet normal 0.5976193431343783 -0.37926076773873385 -0.7064080908128534
    outer loop
      vertex 1.0262275285328077 -0.7455979428889197 -4
      vertex 1.1115836190721828 -0.6110982658862087 -4
      vertex 1.3339003428866194 -0.7333179190634505 -3.7463026028703688
    endloop
  endfacet
  facet normal 0.8443279255020151 -0.5358267949789967 0
    outer loop
      vertex 1.2314730342393692 -0.8947175314667035 -3.7463026028703688
      vertex 1.3339003428866194 -0.7333179190634505 -3.6561391134213848
      vertex 1.2314730342393692 -0.8947175314667035 -3.670139113421385
    endloop
  endfacet
  facet normal 0.844327925502015 -0.5358267949789967 0
    outer loop
      vertex 1.2314730342393692 -0.8947175314667035 -3.7463026028703688
      vertex 1.3339003428866194 -0.7333179190634505 -3.7463026028703688
      vertex 1.3339003428866194 -0.7333179190634505 -3.6561391134213848
    endloop
  endfacet
  facet normal 0.6404409144982938 -0.3013686185898081 -0.7064080908128529
    outer loop
      vertex 1.1115836190721828 -0.6110982658862087 -4
      vertex 1.1794093719109227 -0.46696120417806314 -4
      vertex 1.4152912462931069 -0.5603534450136758 -3.7463026028703688
    endloop
  endfacet
  facet normal 0.6404409144982938 -0.3013686185898072 -0.7064080908128533
    outer loop
      vertex 1.1115836190721828 -0.6110982658862087 -4
      vertex 1.4152912462931069 -0.5603534450136758 -3.7463026028703688
      vertex 1.3339003428866194 -0.7333179190634505 -3.7463026028703688
    endloop
  endfacet
  facet normal 0.8443279255020151 -0.5358267949789967 0
    outer loop
      vertex 1.2314730342393692 -0.8947175314667035 -3.0698608865786152
      vertex 1.3339003428866194 -0.7333179190634505 -3.055860886578615
      vertex 1.3339003428866194 -0.7333179190634505 -2.9561391134213846
    endloop
  endfacet
  facet normal 0.6731623500597145 -0.21872370629682988 -0.7064080908128535
    outer loop
      vertex 1.1794093719109227 -0.46696120417806314 -4
      vertex 1.2286351344096187 -0.31545988533092606 -4
      vertex 1.4743621612915425 -0.3785518623971113 -3.7463026028703688
    endloop
  endfacet
  facet normal 0.9048270524660192 -0.42577929156507316 0
    outer loop
      vertex 1.3339003428866194 -0.7333179190634505 -3.7463026028703688
      vertex 1.4152912462931069 -0.5603534450136758 -3.642139113421385
      vertex 1.3339003428866194 -0.7333179190634505 -3.6561391134213848
    endloop
  endfacet
  facet normal 0.4533813391743919 -0.21264310118589688 -0.8655797322063863
    outer loop
      vertex 1.2314730342393692 -0.8947175314667035 -3.670139113421385
      vertex 1.3339003428866194 -0.7333179190634505 -3.6561391134213848
      vertex 1.7124035323436124 -0.941401808337234 -3.4067641819063263
    endloop
  endfacet
  facet normal 0.4764575393633295 -0.15414259754319162 -0.8655797322063861
    outer loop
      vertex 1.3339003428866194 -0.7333179190634505 -3.6561391134213848
      vertex 1.4152912462931069 -0.5603534450136758 -3.642139113421385
      vertex 1.8168896517431288 -0.719357502019843 -3.392764181906326
    endloop
  endfacet
  facet normal 0.6731623500597145 -0.21872370629683133 -0.7064080908128529
    outer loop
      vertex 1.1794093719109227 -0.46696120417806314 -4
      vertex 1.4743621612915425 -0.3785518623971113 -3.7463026028703688
      vertex 1.4152912462931069 -0.5603534450136758 -3.7463026028703688
    endloop
  endfacet
  facet normal 0.9048270524660192 -0.4257792915650732 0
    outer loop
      vertex 1.3339003428866194 -0.7333179190634505 -3.7463026028703688
      vertex 1.4152912462931069 -0.5603534450136758 -3.7463026028703688
      vertex 1.4152912462931069 -0.5603534450136758 -3.642139113421385
    endloop
  endfacet
  facet normal 0.9510565162951538 -0.3090169943749469 0
    outer loop
      vertex 1.4152912462931069 -0.5603534450136758 -3.7463026028703688
      vertex 1.4743621612915425 -0.3785518623971113 -3.6281391134213847
      vertex 1.4152912462931069 -0.5603534450136758 -3.642139113421385
    endloop
  endfacet
  facet normal 0.9510565162951538 -0.3090169943749469 0
    outer loop
      vertex 1.4152912462931069 -0.5603534450136758 -3.7463026028703688
      vertex 1.4743621612915425 -0.3785518623971113 -3.7463026028703688
      vertex 1.4743621612915425 -0.3785518623971113 -3.6281391134213847
    endloop
  endfacet
  facet normal 0.49201971953457063 -0.09321117305690144 -0.865579732206386
    outer loop
      vertex 1.4152912462931069 -0.5603534450136758 -3.642139113421385
      vertex 1.4743621612915425 -0.3785518623971113 -3.6281391134213847
      vertex 1.8927223359773875 -0.48596849817225507 -3.378764181906326
    endloop
  endfacet
  facet normal 0.4224743783697054 -0.26886265418360533 0.8655797322063856
    outer loop
      vertex 1.7124035323436124 -0.941401808337234 -3.3052358180936743
      vertex 1.4152912462931069 -0.5603534450136758 -3.041860886578615
      vertex 1.3339003428866194 -0.7333179190634505 -3.055860886578615
    endloop
  endfacet
  facet normal 0.9048270524660192 -0.4257792915650732 0
    outer loop
      vertex 1.3339003428866194 -0.7333179190634505 -3.055860886578615
      vertex 1.4152912462931069 -0.5603534450136758 -3.041860886578615
      vertex 1.4152912462931069 -0.5603534450136758 -2.942139113421385
    endloop
  endfacet
  facet normal 0.47560069506224517 -0.16937546348182253 -0.8632009796256183
    outer loop
      vertex 1.7124035323436124 -0.941401808337234 -3.4067641819063263
      vertex 1.3339003428866194 -0.7333179190634505 -3.6561391134213848
      vertex 1.8168896517431288 -0.719357502019843 -3.392764181906326
    endloop
  endfacet
  facet normal 0.9048270524660191 -0.42577929156507366 0
    outer loop
      vertex 1.7124035323436124 -0.941401808337234 -3.4067641819063263
      vertex 1.8168896517431288 -0.719357502019843 -3.291235818093674
      vertex 1.7124035323436124 -0.941401808337234 -3.3052358180936743
    endloop
  endfacet
  facet normal 0.43366533018785763 -0.25849265012071426 0.863200979625618
    outer loop
      vertex 1.7124035323436124 -0.941401808337234 -3.3052358180936743
      vertex 1.8168896517431288 -0.719357502019843 -3.291235818093674
      vertex 1.4152912462931069 -0.5603534450136758 -3.041860886578615
    endloop
  endfacet
  facet normal 0.49307881605126763 -0.10843131436468743 -0.863200979625618
    outer loop
      vertex 1.4152912462931069 -0.5603534450136758 -3.642139113421385
      vertex 1.8927223359773875 -0.48596849817225507 -3.378764181906326
      vertex 1.8168896517431288 -0.719357502019843 -3.392764181906326
    endloop
  endfacet
  facet normal 0.45284046754279206 -0.2137925119108396 0.8655797322063862
    outer loop
      vertex 1.4152912462931069 -0.5603534450136758 -3.041860886578615
      vertex 1.8168896517431288 -0.719357502019843 -3.291235818093674
      vertex 1.4743621612915425 -0.3785518623971113 -3.0278608865786154
    endloop
  endfacet
  facet normal 0.4626434692220061 -0.20210168024932293 0.8632009796256183
    outer loop
      vertex 1.4743621612915425 -0.3785518623971113 -3.0278608865786154
      vertex 1.8168896517431288 -0.719357502019843 -3.291235818093674
      vertex 1.8927223359773875 -0.48596849817225507 -3.277235818093674
    endloop
  endfacet
  facet normal 0.6952676132329959 -0.1326293904963465 -0.7064080908128535
    outer loop
      vertex 1.2286351344096187 -0.31545988533092606 -4
      vertex 1.2584845868876218 -0.15898357564552024 -4
      vertex 1.5101815042651463 -0.1907802907746243 -3.7463026028703688
    endloop
  endfacet
  facet normal 0.695267613232996 -0.13262939049634684 -0.7064080908128534
    outer loop
      vertex 1.2286351344096187 -0.31545988533092606 -4
      vertex 1.5101815042651463 -0.1907802907746243 -3.7463026028703688
      vertex 1.4743621612915425 -0.3785518623971113 -3.7463026028703688
    endloop
  endfacet
  facet normal 0.9822872507286887 -0.18738131458572502 0
    outer loop
      vertex 1.4743621612915425 -0.3785518623971113 -3.7463026028703688
      vertex 1.5101815042651463 -0.1907802907746243 -3.614139113421385
      vertex 1.4743621612915425 -0.3785518623971113 -3.6281391134213847
    endloop
  endfacet
  facet normal 0.9822872507286887 -0.18738131458572502 0
    outer loop
      vertex 1.4743621612915425 -0.3785518623971113 -3.7463026028703688
      vertex 1.5101815042651463 -0.1907802907746243 -3.7463026028703688
      vertex 1.5101815042651463 -0.1907802907746243 -3.614139113421385
    endloop
  endfacet
  facet normal 0.7064080908128539 -0.04444342997877754 -0.7064080908128533
    outer loop
      vertex 1.2584845868876218 -0.15898357564552024 -4
      vertex 1.2684869856481553 0 -4
      vertex 1.5221843827777863 0 -3.7463026028703688
    endloop
  endfacet
  facet normal 0.7064080908128537 -0.044443429978776684 -0.7064080908128535
    outer loop
      vertex 1.2584845868876218 -0.15898357564552024 -4
      vertex 1.5221843827777863 0 -3.7463026028703688
      vertex 1.5101815042651463 -0.1907802907746243 -3.7463026028703688
    endloop
  endfacet
  facet normal 0.9980267284282716 -0.06279051952931339 0
    outer loop
      vertex 1.5101815042651463 -0.1907802907746243 -3.7463026028703688
      vertex 1.5221843827777863 0 -3.6001391134213847
      vertex 1.5101815042651463 -0.1907802907746243 -3.614139113421385
    endloop
  endfacet
  facet normal 0.9980267284282716 -0.06279051952931339 0
    outer loop
      vertex 1.5101815042651463 -0.1907802907746243 -3.7463026028703688
      vertex 1.5221843827777863 0 -3.7463026028703688
      vertex 1.5221843827777863 0 -3.6001391134213847
    endloop
  endfacet
  facet normal 0.4998224548104168 -0.030809752689852105 -0.8655797322063861
    outer loop
      vertex 1.4743621612915425 -0.3785518623971113 -3.6281391134213847
      vertex 1.5101815042651463 -0.1907802907746243 -3.614139113421385
      vertex 1.938705658315764 -0.24491548080498307 -3.364764181906326
    endloop
  endfacet
  facet normal 0.4997426913944408 0.03207755588197462 -0.8655797322063864
    outer loop
      vertex 1.5101815042651463 -0.1907802907746243 -3.614139113421385
      vertex 1.5221843827777863 0 -3.6001391134213847
      vertex 1.9541144342958772 0 -3.3507641819063263
    endloop
  endfacet
  facet normal 0.4760649920289448 -0.1553507340117878 0.8655797322063863
    outer loop
      vertex 1.4743621612915425 -0.3785518623971113 -3.0278608865786154
      vertex 1.8927223359773875 -0.48596849817225507 -3.277235818093674
      vertex 1.5101815042651463 -0.1907802907746243 -3.013860886578615
    endloop
  endfacet
  facet normal 0.49178168720336213 -0.09445898223533722 0.865579732206386
    outer loop
      vertex 1.5101815042651463 -0.1907802907746243 -3.013860886578615
      vertex 1.938705658315764 -0.24491548080498307 -3.263235818093674
      vertex 1.5221843827777863 0 -2.999860886578615
    endloop
  endfacet
  facet normal 0.8443279255020151 -0.5358267949789967 0
    outer loop
      vertex 1.2314730342393692 -0.8947175314667035 -3.0698608865786152
      vertex 1.3339003428866194 -0.7333179190634505 -2.9561391134213846
      vertex 1.2314730342393692 -0.8947175314667035 -2.970139113421385
    endloop
  endfacet
  facet normal 0.8443279255020151 -0.5358267949789968 0
    outer loop
      vertex 1.2314730342393692 -0.8947175314667035 -2.369860886578615
      vertex 1.3339003428866194 -0.7333179190634505 -2.256139113421385
      vertex 1.2314730342393692 -0.8947175314667035 -2.270139113421385
    endloop
  endfacet
  facet normal 0.8443279255020151 -0.5358267949789967 0
    outer loop
      vertex 1.2314730342393692 -0.8947175314667035 -2.369860886578615
      vertex 1.3339003428866194 -0.7333179190634505 -2.3558608865786153
      vertex 1.3339003428866194 -0.7333179190634505 -2.256139113421385
    endloop
  endfacet
  facet normal 0.9048270524660192 -0.4257792915650732 0
    outer loop
      vertex 1.3339003428866194 -0.7333179190634505 -3.055860886578615
      vertex 1.4152912462931069 -0.5603534450136758 -2.942139113421385
      vertex 1.3339003428866194 -0.7333179190634505 -2.9561391134213846
    endloop
  endfacet
  facet normal 0.4533813391743919 -0.21264310118589688 -0.8655797322063863
    outer loop
      vertex 1.2314730342393692 -0.8947175314667035 -2.970139113421385
      vertex 1.3339003428866194 -0.7333179190634505 -2.9561391134213846
      vertex 1.7124035323436124 -0.941401808337234 -2.706764181906326
    endloop
  endfacet
  facet normal 0.47645753936332896 -0.15414259754319132 -0.8655797322063864
    outer loop
      vertex 1.3339003428866194 -0.7333179190634505 -2.9561391134213846
      vertex 1.4152912462931069 -0.5603534450136758 -2.942139113421385
      vertex 1.8168896517431288 -0.719357502019843 -2.6927641819063264
    endloop
  endfacet
  facet normal 0.9510565162951538 -0.30901699437494684 0
    outer loop
      vertex 1.4152912462931069 -0.5603534450136758 -3.041860886578615
      vertex 1.4743621612915425 -0.3785518623971113 -2.928139113421385
      vertex 1.4152912462931069 -0.5603534450136758 -2.942139113421385
    endloop
  endfacet
  facet normal 0.9510565162951538 -0.30901699437494684 0
    outer loop
      vertex 1.4152912462931069 -0.5603534450136758 -3.041860886578615
      vertex 1.4743621612915425 -0.3785518623971113 -3.0278608865786154
      vertex 1.4743621612915425 -0.3785518623971113 -2.928139113421385
    endloop
  endfacet
  facet normal 0.47560069506224445 -0.16937546348182392 -0.8632009796256184
    outer loop
      vertex 1.7124035323436124 -0.941401808337234 -2.706764181906326
      vertex 1.3339003428866194 -0.7333179190634505 -2.9561391134213846
      vertex 1.8168896517431288 -0.719357502019843 -2.6927641819063264
    endloop
  endfacet
  facet normal 0.9048270524660191 -0.42577929156507366 0
    outer loop
      vertex 1.7124035323436124 -0.941401808337234 -2.706764181906326
      vertex 1.8168896517431288 -0.719357502019843 -2.591235818093674
      vertex 1.7124035323436124 -0.941401808337234 -2.605235818093674
    endloop
  endfacet
  facet normal 0.433665330187857 -0.25849265012071393 0.8632009796256183
    outer loop
      vertex 1.7124035323436124 -0.941401808337234 -2.605235818093674
      vertex 1.8168896517431288 -0.719357502019843 -2.591235818093674
      vertex 1.4152912462931069 -0.5603534450136758 -2.3418608865786155
    endloop
  endfacet
  facet normal 0.4920197195345702 -0.0932111730569034 -0.865579732206386
    outer loop
      vertex 1.4152912462931069 -0.5603534450136758 -2.942139113421385
      vertex 1.4743621612915425 -0.3785518623971113 -2.928139113421385
      vertex 1.8927223359773875 -0.48596849817225507 -2.678764181906326
    endloop
  endfacet
  facet normal 0.493078816051267 -0.10843131436468724 -0.8632009796256183
    outer loop
      vertex 1.4152912462931069 -0.5603534450136758 -2.942139113421385
      vertex 1.8927223359773875 -0.48596849817225507 -2.678764181906326
      vertex 1.8168896517431288 -0.719357502019843 -2.6927641819063264
    endloop
  endfacet
  facet normal 0.9048270524660192 -0.4257792915650732 0
    outer loop
      vertex 1.3339003428866194 -0.7333179190634505 -2.3558608865786153
      vertex 1.4152912462931069 -0.5603534450136758 -2.242139113421385
      vertex 1.3339003428866194 -0.7333179190634505 -2.256139113421385
    endloop
  endfacet
  facet normal 0.42247437836970464 -0.268862654183605 0.8655797322063861
    outer loop
      vertex 1.7124035323436124 -0.941401808337234 -2.605235818093674
      vertex 1.4152912462931069 -0.5603534450136758 -2.3418608865786155
      vertex 1.3339003428866194 -0.7333179190634505 -2.3558608865786153
    endloop
  endfacet
  facet normal 0.4533813391743925 -0.2126431011858973 -0.865579732206386
    outer loop
      vertex 1.2314730342393692 -0.8947175314667035 -2.270139113421385
      vertex 1.3339003428866194 -0.7333179190634505 -2.256139113421385
      vertex 1.7124035323436124 -0.941401808337234 -2.006764181906326
    endloop
  endfacet
  facet normal 0.47645753936332985 -0.15414259754319182 -0.865579732206386
    outer loop
      vertex 1.3339003428866194 -0.7333179190634505 -2.256139113421385
      vertex 1.4152912462931069 -0.5603534450136758 -2.242139113421385
      vertex 1.8168896517431288 -0.719357502019843 -1.992764181906326
    endloop
  endfacet
  facet normal 0.9048270524660192 -0.4257792915650732 0
    outer loop
      vertex 1.3339003428866194 -0.7333179190634505 -2.3558608865786153
      vertex 1.4152912462931069 -0.5603534450136758 -2.3418608865786155
      vertex 1.4152912462931069 -0.5603534450136758 -2.242139113421385
    endloop
  endfacet
  facet normal 0.9510565162951538 -0.30901699437494684 0
    outer loop
      vertex 1.4152912462931069 -0.5603534450136758 -2.3418608865786155
      vertex 1.4743621612915425 -0.3785518623971113 -2.228139113421385
      vertex 1.4152912462931069 -0.5603534450136758 -2.242139113421385
    endloop
  endfacet
  facet normal 0.9510565162951538 -0.30901699437494695 0
    outer loop
      vertex 1.4152912462931069 -0.5603534450136758 -2.3418608865786155
      vertex 1.4743621612915425 -0.3785518623971113 -2.3278608865786152
      vertex 1.4743621612915425 -0.3785518623971113 -2.228139113421385
    endloop
  endfacet
  facet normal 0.4756006950622455 -0.16937546348182356 -0.8632009796256179
    outer loop
      vertex 1.7124035323436124 -0.941401808337234 -2.006764181906326
      vertex 1.3339003428866194 -0.7333179190634505 -2.256139113421385
      vertex 1.8168896517431288 -0.719357502019843 -1.992764181906326
    endloop
  endfacet
  facet normal 0.45284046754279056 -0.21379251191084125 0.8655797322063864
    outer loop
      vertex 1.4152912462931069 -0.5603534450136758 -2.3418608865786155
      vertex 1.8168896517431288 -0.719357502019843 -2.591235818093674
      vertex 1.4743621612915425 -0.3785518623971113 -2.3278608865786152
    endloop
  endfacet
  facet normal 0.46264346922200716 -0.2021016802493216 0.863200979625618
    outer loop
      vertex 1.4743621612915425 -0.3785518623971113 -2.3278608865786152
      vertex 1.8168896517431288 -0.719357502019843 -2.591235818093674
      vertex 1.8927223359773875 -0.48596849817225507 -2.577235818093674
    endloop
  endfacet
  facet normal 0.49201971953457063 -0.09321117305690144 -0.865579732206386
    outer loop
      vertex 1.4152912462931069 -0.5603534450136758 -2.242139113421385
      vertex 1.4743621612915425 -0.3785518623971113 -2.228139113421385
      vertex 1.8927223359773875 -0.48596849817225507 -1.978764181906326
    endloop
  endfacet
  facet normal 0.4930788160512677 -0.10843131436468831 -0.8632009796256178
    outer loop
      vertex 1.4152912462931069 -0.5603534450136758 -2.242139113421385
      vertex 1.8927223359773875 -0.48596849817225507 -1.978764181906326
      vertex 1.8168896517431288 -0.719357502019843 -1.992764181906326
    endloop
  endfacet
  facet normal 0.9822872507286885 -0.187381314585725 0
    outer loop
      vertex 1.4743621612915425 -0.3785518623971113 -3.0278608865786154
      vertex 1.5101815042651463 -0.1907802907746243 -2.9141391134213848
      vertex 1.4743621612915425 -0.3785518623971113 -2.928139113421385
    endloop
  endfacet
  facet normal 0.9822872507286885 -0.187381314585725 0
    outer loop
      vertex 1.4743621612915425 -0.3785518623971113 -3.0278608865786154
      vertex 1.5101815042651463 -0.1907802907746243 -3.013860886578615
      vertex 1.5101815042651463 -0.1907802907746243 -2.9141391134213848
    endloop
  endfacet
  facet normal 0.9980267284282716 -0.0627905195293134 0
    outer loop
      vertex 1.5101815042651463 -0.1907802907746243 -3.013860886578615
      vertex 1.5221843827777863 0 -2.900139113421385
      vertex 1.5101815042651463 -0.1907802907746243 -2.9141391134213848
    endloop
  endfacet
  facet normal 0.9980267284282716 -0.0627905195293134 0
    outer loop
      vertex 1.5101815042651463 -0.1907802907746243 -3.013860886578615
      vertex 1.5221843827777863 0 -2.999860886578615
      vertex 1.5221843827777863 0 -2.900139113421385
    endloop
  endfacet
  facet normal 0.4998224548104164 -0.030809752689849947 -0.8655797322063863
    outer loop
      vertex 1.4743621612915425 -0.3785518623971113 -2.928139113421385
      vertex 1.5101815042651463 -0.1907802907746243 -2.9141391134213848
      vertex 1.938705658315764 -0.24491548080498307 -2.6647641819063264
    endloop
  endfacet
  facet normal 0.49974269139444144 0.03207755588197254 -0.8655797322063861
    outer loop
      vertex 1.5101815042651463 -0.1907802907746243 -2.9141391134213848
      vertex 1.5221843827777863 0 -2.900139113421385
      vertex 1.9541144342958772 0 -2.650764181906326
    endloop
  endfacet
  facet normal 0.9822872507286885 -0.187381314585725 0
    outer loop
      vertex 1.4743621612915425 -0.3785518623971113 -2.3278608865786152
      vertex 1.5101815042651463 -0.1907802907746243 -2.214139113421385
      vertex 1.4743621612915425 -0.3785518623971113 -2.228139113421385
    endloop
  endfacet
  facet normal 0.9822872507286885 -0.187381314585725 0
    outer loop
      vertex 1.4743621612915425 -0.3785518623971113 -2.3278608865786152
      vertex 1.5101815042651463 -0.1907802907746243 -2.3138608865786154
      vertex 1.5101815042651463 -0.1907802907746243 -2.214139113421385
    endloop
  endfacet
  facet normal 0.9980267284282716 -0.06279051952931339 0
    outer loop
      vertex 1.5101815042651463 -0.1907802907746243 -2.3138608865786154
      vertex 1.5221843827777863 0 -2.299860886578615
      vertex 1.5221843827777863 0 -2.200139113421385
    endloop
  endfacet
  facet normal 0.9980267284282716 -0.0627905195293134 0
    outer loop
      vertex 1.5101815042651463 -0.1907802907746243 -2.3138608865786154
      vertex 1.5221843827777863 0 -2.200139113421385
      vertex 1.5101815042651463 -0.1907802907746243 -2.214139113421385
    endloop
  endfacet
  facet normal 0.4760649920289461 -0.15535073401178598 0.8655797322063861
    outer loop
      vertex 1.4743621612915425 -0.3785518623971113 -2.3278608865786152
      vertex 1.8927223359773875 -0.48596849817225507 -2.577235818093674
      vertex 1.5101815042651463 -0.1907802907746243 -2.3138608865786154
    endloop
  endfacet
  facet normal 0.4998224548104171 -0.03080975268985219 -0.8655797322063858
    outer loop
      vertex 1.4743621612915425 -0.3785518623971113 -2.228139113421385
      vertex 1.5101815042651463 -0.1907802907746243 -2.214139113421385
      vertex 1.938705658315764 -0.24491548080498307 -1.964764181906326
    endloop
  endfacet
  facet normal 0.4917816872033614 -0.0944589822353372 0.8655797322063864
    outer loop
      vertex 1.5101815042651463 -0.1907802907746243 -2.3138608865786154
      vertex 1.938705658315764 -0.24491548080498307 -2.563235818093674
      vertex 1.5221843827777863 0 -2.299860886578615
    endloop
  endfacet
  facet normal 0.49974269139444144 0.03207755588197454 -0.8655797322063861
    outer loop
      vertex 1.5101815042651463 -0.1907802907746243 -2.214139113421385
      vertex 1.5221843827777863 0 -2.200139113421385
      vertex 1.9541144342958772 0 -1.950764181906326
    endloop
  endfacet
  facet normal -0.0006351549292267668 -0.5007707297473935 0.8655797322063861
    outer loop
      vertex 0.12269986054916919 -1.950258435834777 -2.017235818093674
      vertex 0.28522891068676176 -1.4952223124609376 -1.7538608865786152
      vertex 0.09557874821402501 -1.519180699608322 -1.7678608865786152
    endloop
  endfacet
  facet normal 0.06339336137649494 -0.4967423969492737 -0.8655797322063862
    outer loop
      vertex -0.09557874821402501 -1.519180699608322 -1.6821391134213848
      vertex 0.09557874821402501 -1.519180699608322 -1.6681391134213848
      vertex 0.12269986054916919 -1.950258435834777 -1.4187641819063261
    endloop
  endfacet
  facet normal 0 -1 0
    outer loop
      vertex -0.09557874821402501 -1.519180699608322 -1.7818608865786152
      vertex 0.09557874821402501 -1.519180699608322 -1.7678608865786152
      vertex 0.09557874821402501 -1.519180699608322 -1.6681391134213848
    endloop
  endfacet
  facet normal 0.1253332335643044 -0.9921147013144778 0
    outer loop
      vertex 0.09557874821402501 -1.519180699608322 -1.7678608865786152
      vertex 0.28522891068676176 -1.4952223124609376 -1.6541391134213848
      vertex 0.09557874821402501 -1.519180699608322 -1.6681391134213848
    endloop
  endfacet
  facet normal 0.06213306829069857 -0.4969016089914625 0.8655797322063862
    outer loop
      vertex 0.36616453154930145 -1.9195016952737438 -2.003235818093674
      vertex 0.470380842850476 -1.4476833762435302 -1.7398608865786152
      vertex 0.28522891068676176 -1.4952223124609376 -1.7538608865786152
    endloop
  endfacet
  facet normal 0.1251518166454982 -0.48488013981174033 -0.865579732206386
    outer loop
      vertex 0.36616453154930145 -1.9195016952737438 -1.404764181906326
      vertex 0.09557874821402501 -1.519180699608322 -1.6681391134213848
      vertex 0.28522891068676176 -1.4952223124609376 -1.6541391134213848
    endloop
  endfacet
  facet normal 0.1253332335643044 -0.9921147013144778 0
    outer loop
      vertex 0.09557874821402501 -1.519180699608322 -1.7678608865786152
      vertex 0.28522891068676176 -1.4952223124609376 -1.7538608865786152
      vertex 0.28522891068676176 -1.4952223124609376 -1.6541391134213848
    endloop
  endfacet
  facet normal 0.24868988716485452 -0.9685831611286313 0
    outer loop
      vertex 0.28522891068676176 -1.4952223124609376 -1.7538608865786152
      vertex 0.470380842850476 -1.4476833762435302 -1.6401391134213847
      vertex 0.28522891068676176 -1.4952223124609376 -1.6541391134213848
    endloop
  endfacet
  facet normal 0.24868988716485452 -0.9685831611286311 0
    outer loop
      vertex 0.28522891068676176 -1.4952223124609376 -1.7538608865786152
      vertex 0.470380842850476 -1.4476833762435302 -1.7398608865786152
      vertex 0.470380842850476 -1.4476833762435302 -1.6401391134213847
    endloop
  endfacet
  facet normal -0.0006351549292277874 -0.5007707297473931 0.8655797322063862
    outer loop
      vertex 0.12269986054916919 -1.950258435834777 -1.3172358180936738
      vertex 0.28522891068676176 -1.4952223124609376 -1.053860886578615
      vertex 0.09557874821402501 -1.519180699608322 -1.0678608865786152
    endloop
  endfacet
  facet normal 0 -1 0
    outer loop
      vertex -0.09557874821402501 -1.519180699608322 -1.081860886578615
      vertex 0.09557874821402501 -1.519180699608322 -1.0678608865786152
      vertex 0.09557874821402501 -1.519180699608322 -0.9681391134213848
    endloop
  endfacet
  facet normal 0.062133068290699714 -0.4969016089914627 0.865579732206386
    outer loop
      vertex 0.36616453154930145 -1.9195016952737438 -1.3032358180936738
      vertex 0.470380842850476 -1.4476833762435302 -1.0398608865786152
      vertex 0.28522891068676176 -1.4952223124609376 -1.053860886578615
    endloop
  endfacet
  facet normal 0.12533323356430442 -0.9921147013144779 0
    outer loop
      vertex 0.09557874821402501 -1.519180699608322 -1.0678608865786152
      vertex 0.28522891068676176 -1.4952223124609376 -1.053860886578615
      vertex 0.28522891068676176 -1.4952223124609376 -0.9541391134213848
    endloop
  endfacet
  facet normal 0.24868988716485452 -0.9685831611286311 0
    outer loop
      vertex 0.28522891068676176 -1.4952223124609376 -1.053860886578615
      vertex 0.470380842850476 -1.4476833762435302 -1.0398608865786152
      vertex 0.470380842850476 -1.4476833762435302 -0.9401391134213848
    endloop
  endfacet
  facet normal 0.07725667490580923 -0.49891429620313693 0.863200979625618
    outer loop
      vertex 0.36616453154930145 -1.9195016952737438 -2.003235818093674
      vertex 0.6038545691508126 -1.8584732663235117 -1.9892358180936738
      vertex 0.470380842850476 -1.4476833762435302 -1.7398608865786152
    endloop
  endfacet
  facet normal 0.1239214159071847 -0.48519605302710306 0.8655797322063861
    outer loop
      vertex 0.6038545691508126 -1.8584732663235117 -1.9892358180936738
      vertex 0.6481145881305429 -1.3773136083786317 -1.7258608865786151
      vertex 0.470380842850476 -1.4476833762435302 -1.7398608865786152
    endloop
  endfacet
  facet normal 0.18493655300392983 -0.46537103321601936 -0.8655797322063862
    outer loop
      vertex 0.6038545691508126 -1.8584732663235117 -1.3907641819063261
      vertex 0.28522891068676176 -1.4952223124609376 -1.6541391134213848
      vertex 0.470380842850476 -1.4476833762435302 -1.6401391134213847
    endloop
  endfacet
  facet normal 0.24180472944574852 -0.4385227474273019 -0.8655797322063862
    outer loop
      vertex 0.8320214594715809 -1.7681356037652418 -1.376764181906326
      vertex 0.470380842850476 -1.4476833762435302 -1.6401391134213847
      vertex 0.6481145881305429 -1.3773136083786317 -1.6261391134213847
    endloop
  endfacet
  facet normal 0.36812455268467875 -0.9297764858882511 0
    outer loop
      vertex 0.470380842850476 -1.4476833762435302 -1.7398608865786152
      vertex 0.6481145881305429 -1.3773136083786317 -1.6261391134213847
      vertex 0.470380842850476 -1.4476833762435302 -1.6401391134213847
    endloop
  endfacet
  facet normal 0.36812455268467875 -0.9297764858882511 0
    outer loop
      vertex 0.470380842850476 -1.4476833762435302 -1.7398608865786152
      vertex 0.6481145881305429 -1.3773136083786317 -1.7258608865786151
      vertex 0.6481145881305429 -1.3773136083786317 -1.6261391134213847
    endloop
  endfacet
  facet normal 0.13917802496332501 -0.48529737907872655 0.8632009796256181
    outer loop
      vertex 0.6038545691508126 -1.8584732663235117 -1.9892358180936738
      vertex 0.8320214594715809 -1.7681356037652418 -1.9752358180936738
      vertex 0.6481145881305429 -1.3773136083786317 -1.7258608865786151
    endloop
  endfacet
  facet normal 0.1837554487677476 -0.46583866546443364 0.8655797322063862
    outer loop
      vertex 0.8320214594715809 -1.7681356037652418 -1.9752358180936738
      vertex 0.8156271791909028 -1.2852227821423339 -1.7118608865786151
      vertex 0.6481145881305429 -1.3773136083786317 -1.7258608865786151
    endloop
  endfacet
  facet normal 0.4817536741017151 -0.8763066800438637 0
    outer loop
      vertex 0.6481145881305429 -1.3773136083786317 -1.7258608865786151
      vertex 0.8156271791909028 -1.2852227821423339 -1.6121391134213847
      vertex 0.6481145881305429 -1.3773136083786317 -1.6261391134213847
    endloop
  endfacet
  facet normal 0.4817536741017151 -0.8763066800438637 0
    outer loop
      vertex 0.6481145881305429 -1.3773136083786317 -1.7258608865786151
      vertex 0.8156271791909028 -1.2852227821423339 -1.7118608865786151
      vertex 0.8156271791909028 -1.2852227821423339 -1.6121391134213847
    endloop
  endfacet
  facet normal 0.2948595008570629 -0.4047586959508647 -0.8655797322063862
    outer loop
      vertex 0.6481145881305429 -1.3773136083786317 -1.6261391134213847
      vertex 0.8156271791909028 -1.2852227821423339 -1.6121391134213847
      vertex 1.0470668743509541 -1.6499133865025821 -1.362764181906326
    endloop
  endfacet
  facet normal 0.23075250253838225 -0.44904047851574264 -0.863200979625618
    outer loop
      vertex 0.6038545691508126 -1.8584732663235117 -1.3907641819063261
      vertex 0.470380842850476 -1.4476833762435302 -1.6401391134213847
      vertex 0.8320214594715809 -1.7681356037652418 -1.376764181906326
    endloop
  endfacet
  facet normal 0.0772566749058084 -0.4989142962031368 0.8632009796256183
    outer loop
      vertex 0.36616453154930145 -1.9195016952737438 -1.3032358180936738
      vertex 0.6038545691508126 -1.8584732663235117 -1.2892358180936736
      vertex 0.470380842850476 -1.4476833762435302 -1.0398608865786152
    endloop
  endfacet
  facet normal 0.12392141590718357 -0.48519605302710306 0.8655797322063864
    outer loop
      vertex 0.6038545691508126 -1.8584732663235117 -1.2892358180936736
      vertex 0.6481145881305429 -1.3773136083786317 -1.025860886578615
      vertex 0.470380842850476 -1.4476833762435302 -1.0398608865786152
    endloop
  endfacet
  facet normal 0.2852126453070757 -0.4165787029245655 -0.8632009796256181
    outer loop
      vertex 0.8320214594715809 -1.7681356037652418 -1.376764181906326
      vertex 0.6481145881305429 -1.3773136083786317 -1.6261391134213847
      vertex 1.0470668743509541 -1.6499133865025821 -1.362764181906326
    endloop
  endfacet
  facet normal 0.13917802496332587 -0.48529737907872655 0.863200979625618
    outer loop
      vertex 0.6038545691508126 -1.8584732663235117 -1.2892358180936736
      vertex 0.8320214594715809 -1.7681356037652418 -1.2752358180936738
      vertex 0.6481145881305429 -1.3773136083786317 -1.025860886578615
    endloop
  endfacet
  facet normal 0.1837554487677486 -0.4658386654644335 0.8655797322063861
    outer loop
      vertex 0.8320214594715809 -1.7681356037652418 -1.2752358180936738
      vertex 0.8156271791909028 -1.2852227821423339 -1.0118608865786152
      vertex 0.6481145881305429 -1.3773136083786317 -1.025860886578615
    endloop
  endfacet
  facet normal 0.5877852522924732 -0.8090169943749475 0
    outer loop
      vertex 0.8156271791909028 -1.2852227821423339 -1.7118608865786151
      vertex 0.9702768424033635 -1.172863224876775 -1.5981391134213847
      vertex 0.8156271791909028 -1.2852227821423339 -1.6121391134213847
    endloop
  endfacet
  facet normal 0.06339336137649494 -0.4967423969492737 -0.8655797322063862
    outer loop
      vertex -0.09557874821402501 -1.519180699608322 -0.9821391134213848
      vertex 0.09557874821402501 -1.519180699608322 -0.9681391134213848
      vertex 0.12269986054916919 -1.950258435834777 -0.7187641819063262
    endloop
  endfacet
  facet normal 0.1253332335643044 -0.9921147013144778 0
    outer loop
      vertex 0.09557874821402501 -1.519180699608322 -1.0678608865786152
      vertex 0.28522891068676176 -1.4952223124609376 -0.9541391134213848
      vertex 0.09557874821402501 -1.519180699608322 -0.9681391134213848
    endloop
  endfacet
  facet normal 0.12515181664549838 -0.48488013981173983 -0.8655797322063862
    outer loop
      vertex 0.36616453154930145 -1.9195016952737438 -0.7047641819063262
      vertex 0.09557874821402501 -1.519180699608322 -0.9681391134213848
      vertex 0.28522891068676176 -1.4952223124609376 -0.9541391134213848
    endloop
  endfacet
  facet normal 0.24868988716485452 -0.9685831611286312 0
    outer loop
      vertex 0.28522891068676176 -1.4952223124609376 -1.053860886578615
      vertex 0.470380842850476 -1.4476833762435302 -0.9401391134213848
      vertex 0.28522891068676176 -1.4952223124609376 -0.9541391134213848
    endloop
  endfacet
  facet normal -0.0006351549292267669 -0.5007707297473931 0.8655797322063862
    outer loop
      vertex 0.12269986054916919 -1.950258435834777 -0.6172358180936739
      vertex 0.28522891068676176 -1.4952223124609376 -0.35386088657861525
      vertex 0.09557874821402501 -1.519180699608322 -0.36786088657861526
    endloop
  endfacet
  facet normal 0 -1 0
    outer loop
      vertex -0.09557874821402501 -1.519180699608322 -0.3818608865786153
      vertex 0.09557874821402501 -1.519180699608322 -0.36786088657861526
      vertex 0.09557874821402501 -1.519180699608322 -0.054289995108647966
    endloop
  endfacet
  facet normal 0 -1 0
    outer loop
      vertex -0.09557874821402501 -1.519180699608322 -0.06828999510864821
      vertex 0.09557874821402501 -1.519180699608322 -0.054289995108647966
      vertex 0.09557874821402501 -1.519180699608322 0
    endloop
  endfacet
  facet normal 0.12533323356430442 -0.9921147013144778 0
    outer loop
      vertex 0.09557874821402501 -1.519180699608322 -0.36786088657861526
      vertex 0.28522891068676176 -1.4952223124609376 -0.040289995108648176
      vertex 0.09557874821402501 -1.519180699608322 -0.054289995108647966
    endloop
  endfacet
  facet normal 0.1253332335643044 -0.9921147013144778 0
    outer loop
      vertex 0.09557874821402501 -1.519180699608322 -0.054289995108647966
      vertex 0.28522891068676176 -1.4952223124609376 0
      vertex 0.09557874821402501 -1.519180699608322 0
    endloop
  endfacet
  facet normal 0.06213306829069857 -0.4969016089914625 0.8655797322063862
    outer loop
      vertex 0.36616453154930145 -1.9195016952737438 -0.6032358180936739
      vertex 0.470380842850476 -1.4476833762435302 -0.33986088657861524
      vertex 0.28522891068676176 -1.4952223124609376 -0.35386088657861525
    endloop
  endfacet
  facet normal 0.1253332335643044 -0.9921147013144778 0
    outer loop
      vertex 0.09557874821402501 -1.519180699608322 -0.36786088657861526
      vertex 0.28522891068676176 -1.4952223124609376 -0.35386088657861525
      vertex 0.28522891068676176 -1.4952223124609376 -0.040289995108648176
    endloop
  endfacet
  facet normal 0.1253332335643044 -0.9921147013144779 0
    outer loop
      vertex 0.09557874821402501 -1.519180699608322 -0.054289995108647966
      vertex 0.28522891068676176 -1.4952223124609376 -0.040289995108648176
      vertex 0.28522891068676176 -1.4952223124609376 0
    endloop
  endfacet
  facet normal 0.24868988716485452 -0.9685831611286312 0
    outer loop
      vertex 0.28522891068676176 -1.4952223124609376 -0.35386088657861525
      vertex 0.470380842850476 -1.4476833762435302 -0.02628999510864794
      vertex 0.28522891068676176 -1.4952223124609376 -0.040289995108648176
    endloop
  endfacet
  facet normal 0.2486898871648545 -0.9685831611286313 0
    outer loop
      vertex 0.28522891068676176 -1.4952223124609376 -0.35386088657861525
      vertex 0.470380842850476 -1.4476833762435302 -0.33986088657861524
      vertex 0.470380842850476 -1.4476833762435302 -0.02628999510864794
    endloop
  endfacet
  facet normal 0.24868988716485452 -0.9685831611286312 0
    outer loop
      vertex 0.28522891068676176 -1.4952223124609376 -0.040289995108648176
      vertex 0.470380842850476 -1.4476833762435302 0
      vertex 0.28522891068676176 -1.4952223124609376 0
    endloop
  endfacet
  facet normal 0.24868988716485455 -0.9685831611286312 0
    outer loop
      vertex 0.28522891068676176 -1.4952223124609376 -0.040289995108648176
      vertex 0.470380842850476 -1.4476833762435302 -0.02628999510864794
      vertex 0.470380842850476 -1.4476833762435302 0
    endloop
  endfacet
  facet normal 0.18493655300392983 -0.46537103321601936 -0.8655797322063862
    outer loop
      vertex 0.6038545691508126 -1.8584732663235117 -0.6907641819063262
      vertex 0.28522891068676176 -1.4952223124609376 -0.9541391134213848
      vertex 0.470380842850476 -1.4476833762435302 -0.9401391134213848
    endloop
  endfacet
  facet normal 0.23075250253838225 -0.44904047851574264 -0.863200979625618
    outer loop
      vertex 0.6038545691508126 -1.8584732663235117 -0.6907641819063262
      vertex 0.470380842850476 -1.4476833762435302 -0.9401391134213848
      vertex 0.8320214594715809 -1.7681356037652418 -0.6767641819063261
    endloop
  endfacet
  facet normal 0.24180472944574777 -0.43852274742730274 -0.8655797322063861
    outer loop
      vertex 0.8320214594715809 -1.7681356037652418 -0.6767641819063261
      vertex 0.470380842850476 -1.4476833762435302 -0.9401391134213848
      vertex 0.6481145881305429 -1.3773136083786317 -0.926139113421385
    endloop
  endfacet
  facet normal 0.07725667490580923 -0.49891429620313693 0.863200979625618
    outer loop
      vertex 0.36616453154930145 -1.9195016952737438 -0.6032358180936739
      vertex 0.6038545691508126 -1.8584732663235117 -0.5892358180936739
      vertex 0.470380842850476 -1.4476833762435302 -0.33986088657861524
    endloop
  endfacet
  facet normal 0.36812455268467875 -0.9297764858882511 0
    outer loop
      vertex 0.470380842850476 -1.4476833762435302 -1.0398608865786152
      vertex 0.6481145881305429 -1.3773136083786317 -0.926139113421385
      vertex 0.470380842850476 -1.4476833762435302 -0.9401391134213848
    endloop
  endfacet
  facet normal 0.3681245526846788 -0.9297764858882511 0
    outer loop
      vertex 0.470380842850476 -1.4476833762435302 -1.0398608865786152
      vertex 0.6481145881305429 -1.3773136083786317 -1.025860886578615
      vertex 0.6481145881305429 -1.3773136083786317 -0.926139113421385
    endloop
  endfacet
  facet normal 0.28521264530707585 -0.41657870292456584 -0.8632009796256179
    outer loop
      vertex 0.8320214594715809 -1.7681356037652418 -0.6767641819063261
      vertex 0.6481145881305429 -1.3773136083786317 -0.926139113421385
      vertex 1.0470668743509541 -1.6499133865025821 -0.6627641819063261
    endloop
  endfacet
  facet normal 0.4817536741017151 -0.8763066800438637 0
    outer loop
      vertex 0.6481145881305429 -1.3773136083786317 -1.025860886578615
      vertex 0.8156271791909028 -1.2852227821423339 -0.912139113421385
      vertex 0.6481145881305429 -1.3773136083786317 -0.926139113421385
    endloop
  endfacet
  facet normal 0.48175367410171505 -0.8763066800438638 0
    outer loop
      vertex 0.6481145881305429 -1.3773136083786317 -1.025860886578615
      vertex 0.8156271791909028 -1.2852227821423339 -1.0118608865786152
      vertex 0.8156271791909028 -1.2852227821423339 -0.912139113421385
    endloop
  endfacet
  facet normal 0.29485950085706303 -0.404758695950865 -0.865579732206386
    outer loop
      vertex 0.6481145881305429 -1.3773136083786317 -0.926139113421385
      vertex 0.8156271791909028 -1.2852227821423339 -0.912139113421385
      vertex 1.0470668743509541 -1.6499133865025821 -0.6627641819063261
    endloop
  endfacet
  facet normal 0.1239214159071847 -0.48519605302710306 0.8655797322063861
    outer loop
      vertex 0.6038545691508126 -1.8584732663235117 -0.5892358180936739
      vertex 0.6481145881305429 -1.3773136083786317 -0.3258608865786152
      vertex 0.470380842850476 -1.4476833762435302 -0.33986088657861524
    endloop
  endfacet
  facet normal 0.36812455268467875 -0.9297764858882511 0
    outer loop
      vertex 0.470380842850476 -1.4476833762435302 -0.33986088657861524
      vertex 0.6481145881305429 -1.3773136083786317 -0.012289995108648153
      vertex 0.470380842850476 -1.4476833762435302 -0.02628999510864794
    endloop
  endfacet
  facet normal 0.36812455268467875 -0.929776485888251 0
    outer loop
      vertex 0.470380842850476 -1.4476833762435302 -0.02628999510864794
      vertex 0.6481145881305429 -1.3773136083786317 0
      vertex 0.470380842850476 -1.4476833762435302 0
    endloop
  endfacet
  facet normal 0.36812455268467875 -0.9297764858882511 0
    outer loop
      vertex 0.470380842850476 -1.4476833762435302 -0.33986088657861524
      vertex 0.6481145881305429 -1.3773136083786317 -0.3258608865786152
      vertex 0.6481145881305429 -1.3773136083786317 -0.012289995108648153
    endloop
  endfacet
  facet normal 0.36812455268467875 -0.929776485888251 0
    outer loop
      vertex 0.470380842850476 -1.4476833762435302 -0.02628999510864794
      vertex 0.6481145881305429 -1.3773136083786317 -0.012289995108648153
      vertex 0.6481145881305429 -1.3773136083786317 0
    endloop
  endfacet
  facet normal 0.13917802496332587 -0.48529737907872655 0.863200979625618
    outer loop
      vertex 0.6038545691508126 -1.8584732663235117 -0.5892358180936739
      vertex 0.8320214594715809 -1.7681356037652418 -0.5752358180936741
      vertex 0.6481145881305429 -1.3773136083786317 -0.3258608865786152
    endloop
  endfacet
  facet normal 0.1837554487677486 -0.4658386654644335 0.8655797322063861
    outer loop
      vertex 0.8320214594715809 -1.7681356037652418 -0.5752358180936741
      vertex 0.8156271791909028 -1.2852227821423339 -0.31186088657861544
      vertex 0.6481145881305429 -1.3773136083786317 -0.3258608865786152
    endloop
  endfacet
  facet normal 0.4817536741017151 -0.8763066800438636 0
    outer loop
      vertex 0.6481145881305429 -1.3773136083786317 -0.3258608865786152
      vertex 0.8156271791909028 -1.2852227821423339 -0.31186088657861544
      vertex 0.8156271791909028 -1.2852227821423339 0
    endloop
  endfacet
  facet normal 0.4817536741017151 -0.8763066800438637 0
    outer loop
      vertex 0.6481145881305429 -1.3773136083786317 -0.3258608865786152
      vertex 0.8156271791909028 -1.2852227821423339 0
      vertex 0.6481145881305429 -1.3773136083786317 -0.012289995108648153
    endloop
  endfacet
  facet normal 0.4817536741017151 -0.8763066800438637 0
    outer loop
      vertex 0.6481145881305429 -1.3773136083786317 -0.012289995108648153
      vertex 0.8156271791909028 -1.2852227821423339 0
      vertex 0.6481145881305429 -1.3773136083786317 0
    endloop
  endfacet
  facet normal 0.587785252292473 -0.8090169943749473 0
    outer loop
      vertex 0.8156271791909028 -1.2852227821423339 -1.0118608865786152
      vertex 0.9702768424033635 -1.172863224876775 -0.898139113421385
      vertex 0.8156271791909028 -1.2852227821423339 -0.912139113421385
    endloop
  endfacet
  facet normal 0.5877852522924731 -0.8090169943749475 0
    outer loop
      vertex 0.8156271791909028 -1.2852227821423339 -0.31186088657861544
      vertex 0.9702768424033635 -1.172863224876775 0
      vertex 0.8156271791909028 -1.2852227821423339 0
    endloop
  endfacet
  facet normal 0.1989044544262466 -0.46402703238364285 0.8632009796256181
    outer loop
      vertex 0.8320214594715809 -1.7681356037652418 -1.9752358180936738
      vertex 1.0470668743509541 -1.6499133865025821 -1.9612358180936738
      vertex 0.8156271791909028 -1.2852227821423339 -1.7118608865786151
    endloop
  endfacet
  facet normal 0.24069154843105992 -0.43913472386885954 0.8655797322063863
    outer loop
      vertex 0.8156271791909028 -1.2852227821423339 -1.7118608865786151
      vertex 1.0470668743509541 -1.6499133865025821 -1.9612358180936738
      vertex 0.9702768424033635 -1.172863224876775 -1.6978608865786151
    endloop
  endfacet
  facet normal 0.25549404182310514 -0.4354387021915559 0.8632009796256183
    outer loop
      vertex 1.0470668743509541 -1.6499133865025821 -1.9612358180936738
      vertex 1.2455994191343822 -1.5056710495242929 -1.9472358180936737
      vertex 0.9702768424033635 -1.172863224876775 -1.6978608865786151
    endloop
  endfacet
  facet normal 0.34326416179933344 -0.3646113580481574 -0.8655797322063862
    outer loop
      vertex 0.8156271791909028 -1.2852227821423339 -1.6121391134213847
      vertex 0.9702768424033635 -1.172863224876775 -1.5981391134213847
      vertex 1.2455994191343822 -1.5056710495242929 -1.348764181906326
    endloop
  endfacet
  facet normal 0.5877852522924728 -0.8090169943749476 0
    outer loop
      vertex 1.0470668743509541 -1.6499133865025821 -2.062764181906326
      vertex 1.2455994191343822 -1.5056710495242929 -1.9472358180936737
      vertex 1.0470668743509541 -1.6499133865025821 -1.9612358180936738
    endloop
  endfacet
  facet normal 0.6845471059286887 -0.7289686274214114 0
    outer loop
      vertex 1.2455994191343822 -1.5056710495242929 -2.0487641819063263
      vertex 1.424488116993034 -1.3376833806507191 -1.9332358180936737
      vertex 1.2455994191343822 -1.5056710495242929 -1.9472358180936737
    endloop
  endfacet
  facet normal 0.481753674101715 -0.8763066800438637 0
    outer loop
      vertex 0.8320214594715809 -1.7681356037652418 -1.376764181906326
      vertex 1.0470668743509541 -1.6499133865025821 -1.261235818093674
      vertex 0.8320214594715809 -1.7681356037652418 -1.2752358180936738
    endloop
  endfacet
  facet normal 0.481753674101715 -0.8763066800438637 0
    outer loop
      vertex 0.8320214594715809 -1.7681356037652418 -1.376764181906326
      vertex 1.0470668743509541 -1.6499133865025821 -1.362764181906326
      vertex 1.0470668743509541 -1.6499133865025821 -1.261235818093674
    endloop
  endfacet
  facet normal 0.19890445442624743 -0.46402703238364273 0.8632009796256179
    outer loop
      vertex 0.8320214594715809 -1.7681356037652418 -1.2752358180936738
      vertex 1.0470668743509541 -1.6499133865025821 -1.261235818093674
      vertex 0.8156271791909028 -1.2852227821423339 -1.0118608865786152
    endloop
  endfacet
  facet normal 0.3351748142815007 -0.3775472323362134 -0.863200979625618
    outer loop
      vertex 0.8156271791909028 -1.2852227821423339 -1.6121391134213847
      vertex 1.2455994191343822 -1.5056710495242929 -1.348764181906326
      vertex 1.0470668743509541 -1.6499133865025821 -1.362764181906326
    endloop
  endfacet
  facet normal 0.24069154843105922 -0.4391347238688604 0.8655797322063861
    outer loop
      vertex 0.8156271791909028 -1.2852227821423339 -1.0118608865786152
      vertex 1.0470668743509541 -1.6499133865025821 -1.261235818093674
      vertex 0.9702768424033635 -1.172863224876775 -0.9978608865786149
    endloop
  endfacet
  facet normal 0.25549404182310476 -0.43543870219155656 0.8632009796256179
    outer loop
      vertex 1.0470668743509541 -1.6499133865025821 -1.261235818093674
      vertex 1.2455994191343822 -1.5056710495242929 -1.2472358180936738
      vertex 0.9702768424033635 -1.172863224876775 -0.9978608865786149
    endloop
  endfacet
  facet normal 0.5877852522924728 -0.8090169943749477 0
    outer loop
      vertex 1.0470668743509541 -1.6499133865025821 -1.362764181906326
      vertex 1.2455994191343822 -1.5056710495242929 -1.2472358180936738
      vertex 1.0470668743509541 -1.6499133865025821 -1.261235818093674
    endloop
  endfacet
  facet normal 0.5877852522924728 -0.8090169943749476 0
    outer loop
      vertex 1.0470668743509541 -1.6499133865025821 -1.362764181906326
      vertex 1.2455994191343822 -1.5056710495242929 -1.348764181906326
      vertex 1.2455994191343822 -1.5056710495242929 -1.2472358180936738
    endloop
  endfacet
  facet normal 0.6845471059286887 -0.7289686274214114 0
    outer loop
      vertex 1.2455994191343822 -1.5056710495242929 -1.348764181906326
      vertex 1.424488116993034 -1.3376833806507191 -1.233235818093674
      vertex 1.2455994191343822 -1.5056710495242929 -1.2472358180936738
    endloop
  endfacet
  facet normal 0.37985107621097824 -0.332561616358134 -0.8632009796256183
    outer loop
      vertex 1.2455994191343822 -1.5056710495242929 -1.348764181906326
      vertex 0.9702768424033635 -1.172863224876775 -1.5981391134213847
      vertex 1.424488116993034 -1.3376833806507191 -1.334764181906326
    endloop
  endfacet
  facet normal 0.5877852522924731 -0.8090169943749473 0
    outer loop
      vertex 0.8156271791909028 -1.2852227821423339 -1.7118608865786151
      vertex 0.9702768424033635 -1.172863224876775 -1.6978608865786151
      vertex 0.9702768424033635 -1.172863224876775 -1.5981391134213847
    endloop
  endfacet
  facet normal 0.6845471059286886 -0.7289686274214117 0
    outer loop
      vertex 0.9702768424033635 -1.172863224876775 -1.6978608865786151
      vertex 1.1096246601958315 -1.0420069139203807 -1.584139113421385
      vertex 0.9702768424033635 -1.172863224876775 -1.5981391134213847
    endloop
  endfacet
  facet normal 0.6845471059286885 -0.7289686274214117 0
    outer loop
      vertex 0.9702768424033635 -1.172863224876775 -1.6978608865786151
      vertex 1.1096246601958315 -1.0420069139203807 -1.683860886578615
      vertex 1.1096246601958315 -1.0420069139203807 -1.584139113421385
    endloop
  endfacet
  facet normal 0.2938317985934517 -0.40550536535150555 0.8655797322063863
    outer loop
      vertex 1.2455994191343822 -1.5056710495242929 -1.9472358180936737
      vertex 1.1096246601958315 -1.0420069139203807 -1.683860886578615
      vertex 0.9702768424033635 -1.172863224876775 -1.6978608865786151
    endloop
  endfacet
  facet normal 0.30805433555567047 -0.39998324354743614 0.8632009796256181
    outer loop
      vertex 1.2455994191343822 -1.5056710495242929 -1.9472358180936737
      vertex 1.424488116993034 -1.3376833806507191 -1.9332358180936737
      vertex 1.1096246601958315 -1.0420069139203807 -1.683860886578615
    endloop
  endfacet
  facet normal 0.38625534185395805 -0.3187138812207636 -0.8655797322063861
    outer loop
      vertex 0.9702768424033635 -1.172863224876775 -1.5981391134213847
      vertex 1.1096246601958315 -1.0420069139203807 -1.584139113421385
      vertex 1.424488116993034 -1.3376833806507191 -1.334764181906326
    endloop
  endfacet
  facet normal 0.34233814576541716 -0.36548094498539424 0.8655797322063863
    outer loop
      vertex 1.1096246601958315 -1.0420069139203807 -1.683860886578615
      vertex 1.424488116993034 -1.3376833806507191 -1.9332358180936737
      vertex 1.2314730342393692 -0.8947175314667035 -1.669860886578615
    endloop
  endfacet
  facet normal 0.7705132427757894 -0.6374239897486895 0
    outer loop
      vertex 1.1096246601958315 -1.0420069139203807 -1.683860886578615
      vertex 1.2314730342393692 -0.8947175314667035 -1.5701391134213847
      vertex 1.1096246601958315 -1.0420069139203807 -1.584139113421385
    endloop
  endfacet
  facet normal 0.7705132427757895 -0.6374239897486896 0
    outer loop
      vertex 1.1096246601958315 -1.0420069139203807 -1.683860886578615
      vertex 1.2314730342393692 -0.8947175314667035 -1.669860886578615
      vertex 1.2314730342393692 -0.8947175314667035 -1.5701391134213847
    endloop
  endfacet
  facet normal 0.29383179859345265 -0.40550536535150505 0.8655797322063861
    outer loop
      vertex 1.2455994191343822 -1.5056710495242929 -1.2472358180936738
      vertex 1.1096246601958315 -1.0420069139203807 -0.9838608865786151
      vertex 0.9702768424033635 -1.172863224876775 -0.9978608865786149
    endloop
  endfacet
  facet normal 0.30805433555567124 -0.3999832435474358 0.863200979625618
    outer loop
      vertex 1.2455994191343822 -1.5056710495242929 -1.2472358180936738
      vertex 1.424488116993034 -1.3376833806507191 -1.233235818093674
      vertex 1.1096246601958315 -1.0420069139203807 -0.9838608865786151
    endloop
  endfacet
  facet normal 0.4231550444297898 -0.26779009609607135 -0.8655797322063864
    outer loop
      vertex 1.1096246601958315 -1.0420069139203807 -1.584139113421385
      vertex 1.2314730342393692 -0.8947175314667035 -1.5701391134213847
      vertex 1.5809117862987512 -1.1485996457709655 -1.3207641819063263
    endloop
  endfacet
  facet normal 0.3423381457654173 -0.36548094498539435 0.865579732206386
    outer loop
      vertex 1.424488116993034 -1.3376833806507191 -1.233235818093674
      vertex 1.2314730342393692 -0.8947175314667035 -0.9698608865786151
      vertex 1.1096246601958315 -1.0420069139203807 -0.9838608865786151
    endloop
  endfacet
  facet normal 0.6845471059286887 -0.7289686274214116 0
    outer loop
      vertex 1.2455994191343822 -1.5056710495242929 -1.348764181906326
      vertex 1.424488116993034 -1.3376833806507191 -1.334764181906326
      vertex 1.424488116993034 -1.3376833806507191 -1.233235818093674
    endloop
  endfacet
  facet normal 0.35575642839378285 -0.35821981021416505 0.8632009796256181
    outer loop
      vertex 1.2314730342393692 -0.8947175314667035 -1.669860886578615
      vertex 1.424488116993034 -1.3376833806507191 -1.9332358180936737
      vertex 1.5809117862987512 -1.1485996457709655 -1.9192358180936737
    endloop
  endfacet
  facet normal 0.7705132427757896 -0.6374239897486893 0
    outer loop
      vertex 1.424488116993034 -1.3376833806507191 -2.0347641819063265
      vertex 1.5809117862987512 -1.1485996457709655 -1.9192358180936737
      vertex 1.424488116993034 -1.3376833806507191 -1.9332358180936737
    endloop
  endfacet
  facet normal 0.7705132427757895 -0.6374239897486894 0
    outer loop
      vertex 1.424488116993034 -1.3376833806507191 -2.0347641819063265
      vertex 1.5809117862987512 -1.1485996457709655 -2.0207641819063262
      vertex 1.5809117862987512 -1.1485996457709655 -1.9192358180936737
    endloop
  endfacet
  facet normal 0.38544561587576587 -0.31969267178912986 0.8655797322063862
    outer loop
      vertex 1.2314730342393692 -0.8947175314667035 -1.669860886578615
      vertex 1.5809117862987512 -1.1485996457709655 -1.9192358180936737
      vertex 1.3339003428866194 -0.7333179190634505 -1.655860886578615
    endloop
  endfacet
  facet normal 0.8443279255020153 -0.5358267949789964 0
    outer loop
      vertex 1.5809117862987512 -1.1485996457709655 -2.0207641819063262
      vertex 1.7124035323436124 -0.941401808337234 -1.9052358180936737
      vertex 1.5809117862987512 -1.1485996457709655 -1.9192358180936737
    endloop
  endfacet
  facet normal 0.3978480298375359 -0.31080703648367475 0.8632009796256181
    outer loop
      vertex 1.5809117862987512 -1.1485996457709655 -1.9192358180936737
      vertex 1.7124035323436124 -0.941401808337234 -1.9052358180936737
      vertex 1.3339003428866194 -0.7333179190634505 -1.655860886578615
    endloop
  endfacet
  facet normal 0.8443279255020152 -0.5358267949789964 0
    outer loop
      vertex 1.5809117862987512 -1.1485996457709655 -2.0207641819063262
      vertex 1.7124035323436124 -0.941401808337234 -2.006764181906326
      vertex 1.7124035323436124 -0.941401808337234 -1.9052358180936737
    endloop
  endfacet
  facet normal 0.418536859756574 -0.28233130502740794 -0.863200979625618
    outer loop
      vertex 1.1096246601958315 -1.0420069139203807 -1.584139113421385
      vertex 1.5809117862987512 -1.1485996457709655 -1.3207641819063263
      vertex 1.424488116993034 -1.3376833806507191 -1.334764181906326
    endloop
  endfacet
  facet normal 0.7705132427757895 -0.6374239897486893 0
    outer loop
      vertex 1.424488116993034 -1.3376833806507191 -1.334764181906326
      vertex 1.5809117862987512 -1.1485996457709655 -1.219235818093674
      vertex 1.424488116993034 -1.3376833806507191 -1.233235818093674
    endloop
  endfacet
  facet normal 0.7705132427757896 -0.6374239897486893 0
    outer loop
      vertex 1.424488116993034 -1.3376833806507191 -1.334764181906326
      vertex 1.5809117862987512 -1.1485996457709655 -1.3207641819063263
      vertex 1.5809117862987512 -1.1485996457709655 -1.219235818093674
    endloop
  endfacet
  facet normal 0.3557564283937831 -0.3582198102141652 0.863200979625618
    outer loop
      vertex 1.424488116993034 -1.3376833806507191 -1.233235818093674
      vertex 1.5809117862987512 -1.1485996457709655 -1.219235818093674
      vertex 1.2314730342393692 -0.8947175314667035 -0.9698608865786151
    endloop
  endfacet
  facet normal 0.4506220670020082 -0.22764846035985087 -0.8632009796256183
    outer loop
      vertex 1.2314730342393692 -0.8947175314667035 -1.5701391134213847
      vertex 1.7124035323436124 -0.941401808337234 -1.306764181906326
      vertex 1.5809117862987512 -1.1485996457709655 -1.3207641819063263
    endloop
  endfacet
  facet normal 0.3854456158757663 -0.3196926717891301 0.865579732206386
    outer loop
      vertex 1.5809117862987512 -1.1485996457709655 -1.219235818093674
      vertex 1.3339003428866194 -0.7333179190634505 -0.9558608865786151
      vertex 1.2314730342393692 -0.8947175314667035 -0.9698608865786151
    endloop
  endfacet
  facet normal 0.8443279255020153 -0.5358267949789965 0
    outer loop
      vertex 1.5809117862987512 -1.1485996457709655 -1.3207641819063263
      vertex 1.7124035323436124 -0.941401808337234 -1.306764181906326
      vertex 1.7124035323436124 -0.941401808337234 -1.205235818093674
    endloop
  endfacet
  facet normal 0.8443279255020152 -0.5358267949789964 0
    outer loop
      vertex 1.5809117862987512 -1.1485996457709655 -1.3207641819063263
      vertex 1.7124035323436124 -0.941401808337234 -1.205235818093674
      vertex 1.5809117862987512 -1.1485996457709655 -1.219235818093674
    endloop
  endfacet
  facet normal 0.39784802983753614 -0.3108070364836749 0.8632009796256179
    outer loop
      vertex 1.5809117862987512 -1.1485996457709655 -1.219235818093674
      vertex 1.7124035323436124 -0.941401808337234 -1.205235818093674
      vertex 1.3339003428866194 -0.7333179190634505 -0.9558608865786151
    endloop
  endfacet
  facet normal 0.481753674101715 -0.8763066800438637 0
    outer loop
      vertex 0.8320214594715809 -1.7681356037652418 -0.6767641819063261
      vertex 1.0470668743509541 -1.6499133865025821 -0.6627641819063261
      vertex 1.0470668743509541 -1.6499133865025821 -0.5612358180936741
    endloop
  endfacet
  facet normal 0.481753674101715 -0.8763066800438637 0
    outer loop
      vertex 0.8320214594715809 -1.7681356037652418 -0.6767641819063261
      vertex 1.0470668743509541 -1.6499133865025821 -0.5612358180936741
      vertex 0.8320214594715809 -1.7681356037652418 -0.5752358180936741
    endloop
  endfacet
  facet normal 0.3432641617993337 -0.3646113580481577 -0.8655797322063861
    outer loop
      vertex 0.8156271791909028 -1.2852227821423339 -0.912139113421385
      vertex 0.9702768424033635 -1.172863224876775 -0.898139113421385
      vertex 1.2455994191343822 -1.5056710495242929 -0.6487641819063261
    endloop
  endfacet
  facet normal 0.3351748142815008 -0.3775472323362136 -0.863200979625618
    outer loop
      vertex 0.8156271791909028 -1.2852227821423339 -0.912139113421385
      vertex 1.2455994191343822 -1.5056710495242929 -0.6487641819063261
      vertex 1.0470668743509541 -1.6499133865025821 -0.6627641819063261
    endloop
  endfacet
  facet normal 0.5877852522924728 -0.8090169943749477 0
    outer loop
      vertex 1.0470668743509541 -1.6499133865025821 -0.6627641819063261
      vertex 1.2455994191343822 -1.5056710495242929 -0.547235818093674
      vertex 1.0470668743509541 -1.6499133865025821 -0.5612358180936741
    endloop
  endfacet
  facet normal 0.5877852522924729 -0.8090169943749477 0
    outer loop
      vertex 1.0470668743509541 -1.6499133865025821 -0.6627641819063261
      vertex 1.2455994191343822 -1.5056710495242929 -0.6487641819063261
      vertex 1.2455994191343822 -1.5056710495242929 -0.547235818093674
    endloop
  endfacet
  facet normal 0.6845471059286887 -0.7289686274214116 0
    outer loop
      vertex 1.2455994191343822 -1.5056710495242929 -0.6487641819063261
      vertex 1.424488116993034 -1.3376833806507191 -0.533235818093674
      vertex 1.2455994191343822 -1.5056710495242929 -0.547235818093674
    endloop
  endfacet
  facet normal 0.37985107621097836 -0.3325616163581342 -0.8632009796256179
    outer loop
      vertex 1.2455994191343822 -1.5056710495242929 -0.6487641819063261
      vertex 0.9702768424033635 -1.172863224876775 -0.898139113421385
      vertex 1.424488116993034 -1.3376833806507191 -0.6347641819063261
    endloop
  endfacet
  facet normal 0.1989044544262466 -0.46402703238364285 0.8632009796256181
    outer loop
      vertex 0.8320214594715809 -1.7681356037652418 -0.5752358180936741
      vertex 1.0470668743509541 -1.6499133865025821 -0.5612358180936741
      vertex 0.8156271791909028 -1.2852227821423339 -0.31186088657861544
    endloop
  endfacet
  facet normal 0.240691548431059 -0.43913472386886004 0.8655797322063862
    outer loop
      vertex 0.8156271791909028 -1.2852227821423339 -0.31186088657861544
      vertex 1.0470668743509541 -1.6499133865025821 -0.5612358180936741
      vertex 0.9702768424033635 -1.172863224876775 -0.2978608865786152
    endloop
  endfacet
  facet normal 0.2554940418231053 -0.4354387021915561 0.863200979625618
    outer loop
      vertex 1.0470668743509541 -1.6499133865025821 -0.5612358180936741
      vertex 1.2455994191343822 -1.5056710495242929 -0.547235818093674
      vertex 0.9702768424033635 -1.172863224876775 -0.2978608865786152
    endloop
  endfacet
  facet normal 0.5877852522924731 -0.8090169943749475 0
    outer loop
      vertex 0.8156271791909028 -1.2852227821423339 -1.0118608865786152
      vertex 0.9702768424033635 -1.172863224876775 -0.9978608865786149
      vertex 0.9702768424033635 -1.172863224876775 -0.898139113421385
    endloop
  endfacet
  facet normal 0.6845471059286886 -0.7289686274214118 0
    outer loop
      vertex 0.9702768424033635 -1.172863224876775 -0.9978608865786149
      vertex 1.1096246601958315 -1.0420069139203807 -0.884139113421385
      vertex 0.9702768424033635 -1.172863224876775 -0.898139113421385
    endloop
  endfacet
  facet normal 0.6845471059286885 -0.7289686274214117 0
    outer loop
      vertex 0.9702768424033635 -1.172863224876775 -0.9978608865786149
      vertex 1.1096246601958315 -1.0420069139203807 -0.9838608865786151
      vertex 1.1096246601958315 -1.0420069139203807 -0.884139113421385
    endloop
  endfacet
  facet normal 0.3862553418539587 -0.31871388122076283 -0.8655797322063861
    outer loop
      vertex 0.9702768424033635 -1.172863224876775 -0.898139113421385
      vertex 1.1096246601958315 -1.0420069139203807 -0.884139113421385
      vertex 1.424488116993034 -1.3376833806507191 -0.6347641819063261
    endloop
  endfacet
  facet normal 0.7705132427757894 -0.6374239897486895 0
    outer loop
      vertex 1.1096246601958315 -1.0420069139203807 -0.9838608865786151
      vertex 1.2314730342393692 -0.8947175314667035 -0.870139113421385
      vertex 1.1096246601958315 -1.0420069139203807 -0.884139113421385
    endloop
  endfacet
  facet normal 0.7705132427757895 -0.6374239897486895 0
    outer loop
      vertex 1.1096246601958315 -1.0420069139203807 -0.9838608865786151
      vertex 1.2314730342393692 -0.8947175314667035 -0.9698608865786151
      vertex 1.2314730342393692 -0.8947175314667035 -0.870139113421385
    endloop
  endfacet
  facet normal 0.4231550444297897 -0.2677900960960725 -0.865579732206386
    outer loop
      vertex 1.1096246601958315 -1.0420069139203807 -0.884139113421385
      vertex 1.2314730342393692 -0.8947175314667035 -0.870139113421385
      vertex 1.5809117862987512 -1.1485996457709655 -0.6207641819063261
    endloop
  endfacet
  facet normal 0.5877852522924731 -0.8090169943749475 0
    outer loop
      vertex 0.8156271791909028 -1.2852227821423339 -0.31186088657861544
      vertex 0.9702768424033635 -1.172863224876775 -0.2978608865786152
      vertex 0.9702768424033635 -1.172863224876775 0
    endloop
  endfacet
  facet normal 0.6845471059286885 -0.7289686274214117 0
    outer loop
      vertex 0.9702768424033635 -1.172863224876775 -0.2978608865786152
      vertex 1.1096246601958315 -1.0420069139203807 0
      vertex 0.9702768424033635 -1.172863224876775 0
    endloop
  endfacet
  facet normal 0.6845471059286885 -0.7289686274214117 0
    outer loop
      vertex 0.9702768424033635 -1.172863224876775 -0.2978608865786152
      vertex 1.1096246601958315 -1.0420069139203807 -0.2838608865786154
      vertex 1.1096246601958315 -1.0420069139203807 0
    endloop
  endfacet
  facet normal 0.29383179859345265 -0.40550536535150505 0.8655797322063861
    outer loop
      vertex 1.2455994191343822 -1.5056710495242929 -0.547235818093674
      vertex 1.1096246601958315 -1.0420069139203807 -0.2838608865786154
      vertex 0.9702768424033635 -1.172863224876775 -0.2978608865786152
    endloop
  endfacet
  facet normal 0.30805433555567047 -0.39998324354743614 0.8632009796256181
    outer loop
      vertex 1.2455994191343822 -1.5056710495242929 -0.547235818093674
      vertex 1.424488116993034 -1.3376833806507191 -0.533235818093674
      vertex 1.1096246601958315 -1.0420069139203807 -0.2838608865786154
    endloop
  endfacet
  facet normal 0.34233814576541644 -0.36548094498539496 0.8655797322063863
    outer loop
      vertex 1.1096246601958315 -1.0420069139203807 -0.2838608865786154
      vertex 1.424488116993034 -1.3376833806507191 -0.533235818093674
      vertex 1.2314730342393692 -0.8947175314667035 -0.2698608865786152
    endloop
  endfacet
  facet normal 0.7705132427757895 -0.6374239897486895 0
    outer loop
      vertex 1.1096246601958315 -1.0420069139203807 -0.2838608865786154
      vertex 1.2314730342393692 -0.8947175314667035 0
      vertex 1.1096246601958315 -1.0420069139203807 0
    endloop
  endfacet
  facet normal 0.7705132427757894 -0.6374239897486895 0
    outer loop
      vertex 1.1096246601958315 -1.0420069139203807 -0.2838608865786154
      vertex 1.2314730342393692 -0.8947175314667035 -0.2698608865786152
      vertex 1.2314730342393692 -0.8947175314667035 0
    endloop
  endfacet
  facet normal 0.6845471059286887 -0.7289686274214116 0
    outer loop
      vertex 1.2455994191343822 -1.5056710495242929 -0.6487641819063261
      vertex 1.424488116993034 -1.3376833806507191 -0.6347641819063261
      vertex 1.424488116993034 -1.3376833806507191 -0.533235818093674
    endloop
  endfacet
  facet normal 0.41853685975657456 -0.28233130502740733 -0.8632009796256179
    outer loop
      vertex 1.1096246601958315 -1.0420069139203807 -0.884139113421385
      vertex 1.5809117862987512 -1.1485996457709655 -0.6207641819063261
      vertex 1.424488116993034 -1.3376833806507191 -0.6347641819063261
    endloop
  endfacet
  facet normal 0.7705132427757895 -0.6374239897486893 0
    outer loop
      vertex 1.424488116993034 -1.3376833806507191 -0.6347641819063261
      vertex 1.5809117862987512 -1.1485996457709655 -0.519235818093674
      vertex 1.424488116993034 -1.3376833806507191 -0.533235818093674
    endloop
  endfacet
  facet normal 0.7705132427757895 -0.6374239897486893 0
    outer loop
      vertex 1.424488116993034 -1.3376833806507191 -0.6347641819063261
      vertex 1.5809117862987512 -1.1485996457709655 -0.6207641819063261
      vertex 1.5809117862987512 -1.1485996457709655 -0.519235818093674
    endloop
  endfacet
  facet normal 0.45062206700200835 -0.2276484603598518 -0.863200979625618
    outer loop
      vertex 1.2314730342393692 -0.8947175314667035 -0.870139113421385
      vertex 1.7124035323436124 -0.941401808337234 -0.6067641819063261
      vertex 1.5809117862987512 -1.1485996457709655 -0.6207641819063261
    endloop
  endfacet
  facet normal 0.8443279255020153 -0.5358267949789965 0
    outer loop
      vertex 1.5809117862987512 -1.1485996457709655 -0.6207641819063261
      vertex 1.7124035323436124 -0.941401808337234 -0.505235818093674
      vertex 1.5809117862987512 -1.1485996457709655 -0.519235818093674
    endloop
  endfacet
  facet normal 0.8443279255020153 -0.5358267949789965 0
    outer loop
      vertex 1.5809117862987512 -1.1485996457709655 -0.6207641819063261
      vertex 1.7124035323436124 -0.941401808337234 -0.6067641819063261
      vertex 1.7124035323436124 -0.941401808337234 -0.505235818093674
    endloop
  endfacet
  facet normal 0.35575642839378313 -0.3582198102141653 0.863200979625618
    outer loop
      vertex 1.2314730342393692 -0.8947175314667035 -0.2698608865786152
      vertex 1.424488116993034 -1.3376833806507191 -0.533235818093674
      vertex 1.5809117862987512 -1.1485996457709655 -0.519235818093674
    endloop
  endfacet
  facet normal 0.38544561587576687 -0.3196926717891292 0.865579732206386
    outer loop
      vertex 1.2314730342393692 -0.8947175314667035 -0.2698608865786152
      vertex 1.5809117862987512 -1.1485996457709655 -0.519235818093674
      vertex 1.3339003428866194 -0.7333179190634505 -0.2558608865786154
    endloop
  endfacet
  facet normal 0.3978480298375359 -0.31080703648367475 0.8632009796256181
    outer loop
      vertex 1.5809117862987512 -1.1485996457709655 -0.519235818093674
      vertex 1.7124035323436124 -0.941401808337234 -0.505235818093674
      vertex 1.3339003428866194 -0.7333179190634505 -0.2558608865786154
    endloop
  endfacet
  facet normal 0.8443279255020151 -0.5358267949789967 0
    outer loop
      vertex 1.2314730342393692 -0.8947175314667035 -1.669860886578615
      vertex 1.3339003428866194 -0.7333179190634505 -1.655860886578615
      vertex 1.3339003428866194 -0.7333179190634505 -1.556139113421385
    endloop
  endfacet
  facet normal 0.8443279255020151 -0.5358267949789967 0
    outer loop
      vertex 1.2314730342393692 -0.8947175314667035 -1.669860886578615
      vertex 1.3339003428866194 -0.7333179190634505 -1.556139113421385
      vertex 1.2314730342393692 -0.8947175314667035 -1.5701391134213847
    endloop
  endfacet
  facet normal 0.9048270524660192 -0.42577929156507316 0
    outer loop
      vertex 1.3339003428866194 -0.7333179190634505 -1.655860886578615
      vertex 1.4152912462931069 -0.5603534450136758 -1.5421391134213849
      vertex 1.3339003428866194 -0.7333179190634505 -1.556139113421385
    endloop
  endfacet
  facet normal 0.4224743783697038 -0.2688626541836058 0.8655797322063862
    outer loop
      vertex 1.7124035323436124 -0.941401808337234 -1.9052358180936737
      vertex 1.4152912462931069 -0.5603534450136758 -1.641860886578615
      vertex 1.3339003428866194 -0.7333179190634505 -1.655860886578615
    endloop
  endfacet
  facet normal 0.9048270524660192 -0.4257792915650732 0
    outer loop
      vertex 1.3339003428866194 -0.7333179190634505 -1.655860886578615
      vertex 1.4152912462931069 -0.5603534450136758 -1.641860886578615
      vertex 1.4152912462931069 -0.5603534450136758 -1.5421391134213849
    endloop
  endfacet
  facet normal 0.9510565162951536 -0.30901699437494684 0
    outer loop
      vertex 1.4152912462931069 -0.5603534450136758 -1.641860886578615
      vertex 1.4743621612915425 -0.3785518623971113 -1.5281391134213849
      vertex 1.4152912462931069 -0.5603534450136758 -1.5421391134213849
    endloop
  endfacet
  facet normal 0.9510565162951538 -0.30901699437494684 0
    outer loop
      vertex 1.4152912462931069 -0.5603534450136758 -1.641860886578615
      vertex 1.4743621612915425 -0.3785518623971113 -1.6278608865786153
      vertex 1.4743621612915425 -0.3785518623971113 -1.5281391134213849
    endloop
  endfacet
  facet normal 0.9048270524660191 -0.42577929156507366 0
    outer loop
      vertex 1.7124035323436124 -0.941401808337234 -2.006764181906326
      vertex 1.8168896517431288 -0.719357502019843 -1.891235818093674
      vertex 1.7124035323436124 -0.941401808337234 -1.9052358180936737
    endloop
  endfacet
  facet normal 0.4336653301878583 -0.2584926501207128 0.863200979625618
    outer loop
      vertex 1.7124035323436124 -0.941401808337234 -1.9052358180936737
      vertex 1.8168896517431288 -0.719357502019843 -1.891235818093674
      vertex 1.4152912462931069 -0.5603534450136758 -1.641860886578615
    endloop
  endfacet
  facet normal 0.4626434692220066 -0.20210168024932235 0.8632009796256183
    outer loop
      vertex 1.4743621612915425 -0.3785518623971113 -1.6278608865786153
      vertex 1.8168896517431288 -0.719357502019843 -1.891235818093674
      vertex 1.8927223359773875 -0.48596849817225507 -1.877235818093674
    endloop
  endfacet
  facet normal 0.45284046754279206 -0.2137925119108396 0.8655797322063862
    outer loop
      vertex 1.4152912462931069 -0.5603534450136758 -1.641860886578615
      vertex 1.8168896517431288 -0.719357502019843 -1.891235818093674
      vertex 1.4743621612915425 -0.3785518623971113 -1.6278608865786153
    endloop
  endfacet
  facet normal 0.45338133917439155 -0.21264310118589905 -0.865579732206386
    outer loop
      vertex 1.2314730342393692 -0.8947175314667035 -1.5701391134213847
      vertex 1.3339003428866194 -0.7333179190634505 -1.556139113421385
      vertex 1.7124035323436124 -0.941401808337234 -1.306764181906326
    endloop
  endfacet
  facet normal 0.4764575393633299 -0.1541425975431907 -0.8655797322063861
    outer loop
      vertex 1.3339003428866194 -0.7333179190634505 -1.556139113421385
      vertex 1.4152912462931069 -0.5603534450136758 -1.5421391134213849
      vertex 1.8168896517431288 -0.719357502019843 -1.292764181906326
    endloop
  endfacet
  facet normal 0.42247437836970414 -0.2688626541836059 0.8655797322063861
    outer loop
      vertex 1.7124035323436124 -0.941401808337234 -1.205235818093674
      vertex 1.4152912462931069 -0.5603534450136758 -0.9418608865786151
      vertex 1.3339003428866194 -0.7333179190634505 -0.9558608865786151
    endloop
  endfacet
  facet normal 0.4756006950622455 -0.16937546348182356 -0.8632009796256179
    outer loop
      vertex 1.7124035323436124 -0.941401808337234 -1.306764181906326
      vertex 1.3339003428866194 -0.7333179190634505 -1.556139113421385
      vertex 1.8168896517431288 -0.719357502019843 -1.292764181906326
    endloop
  endfacet
  facet normal 0.9048270524660191 -0.42577929156507366 0
    outer loop
      vertex 1.7124035323436124 -0.941401808337234 -1.306764181906326
      vertex 1.8168896517431288 -0.719357502019843 -1.191235818093674
      vertex 1.7124035323436124 -0.941401808337234 -1.205235818093674
    endloop
  endfacet
  facet normal 0.4336653301878579 -0.25849265012071354 0.863200979625618
    outer loop
      vertex 1.7124035323436124 -0.941401808337234 -1.205235818093674
      vertex 1.8168896517431288 -0.719357502019843 -1.191235818093674
      vertex 1.4152912462931069 -0.5603534450136758 -0.9418608865786151
    endloop
  endfacet
  facet normal 0.4920197195345703 -0.09321117305690242 -0.865579732206386
    outer loop
      vertex 1.4152912462931069 -0.5603534450136758 -1.5421391134213849
      vertex 1.4743621612915425 -0.3785518623971113 -1.5281391134213849
      vertex 1.8927223359773875 -0.48596849817225507 -1.278764181906326
    endloop
  endfacet
  facet normal 0.4930788160512674 -0.10843131436468822 -0.863200979625618
    outer loop
      vertex 1.4152912462931069 -0.5603534450136758 -1.5421391134213849
      vertex 1.8927223359773875 -0.48596849817225507 -1.278764181906326
      vertex 1.8168896517431288 -0.719357502019843 -1.292764181906326
    endloop
  endfacet
  facet normal 0.45284046754279167 -0.2137925119108405 0.8655797322063862
    outer loop
      vertex 1.4152912462931069 -0.5603534450136758 -0.9418608865786151
      vertex 1.8168896517431288 -0.719357502019843 -1.191235818093674
      vertex 1.4743621612915425 -0.3785518623971113 -0.9278608865786151
    endloop
  endfacet
  facet normal 0.46264346922200694 -0.2021016802493223 0.863200979625618
    outer loop
      vertex 1.4743621612915425 -0.3785518623971113 -0.9278608865786151
      vertex 1.8168896517431288 -0.719357502019843 -1.191235818093674
      vertex 1.8927223359773875 -0.48596849817225507 -1.177235818093674
    endloop
  endfacet
  facet normal 0.9822872507286885 -0.187381314585725 0
    outer loop
      vertex 1.4743621612915425 -0.3785518623971113 -1.6278608865786153
      vertex 1.5101815042651463 -0.1907802907746243 -1.5141391134213849
      vertex 1.4743621612915425 -0.3785518623971113 -1.5281391134213849
    endloop
  endfacet
  facet normal 0.9822872507286887 -0.18738131458572505 0
    outer loop
      vertex 1.4743621612915425 -0.3785518623971113 -1.6278608865786153
      vertex 1.5101815042651463 -0.1907802907746243 -1.613860886578615
      vertex 1.5101815042651463 -0.1907802907746243 -1.5141391134213849
    endloop
  endfacet
  facet normal 0.9980267284282716 -0.06279051952931339 0
    outer loop
      vertex 1.5101815042651463 -0.1907802907746243 -1.613860886578615
      vertex 1.5221843827777863 0 -1.5001391134213848
      vertex 1.5101815042651463 -0.1907802907746243 -1.5141391134213849
    endloop
  endfacet
  facet normal 0.9980267284282716 -0.0627905195293134 0
    outer loop
      vertex 1.5101815042651463 -0.1907802907746243 -1.613860886578615
      vertex 1.5221843827777863 0 -1.5998608865786152
      vertex 1.5221843827777863 0 -1.5001391134213848
    endloop
  endfacet
  facet normal 0.47606499202894514 -0.15535073401178784 0.8655797322063861
    outer loop
      vertex 1.4743621612915425 -0.3785518623971113 -1.6278608865786153
      vertex 1.8927223359773875 -0.48596849817225507 -1.877235818093674
      vertex 1.5101815042651463 -0.1907802907746243 -1.613860886578615
    endloop
  endfacet
  facet normal 0.4917816872033624 -0.09445898223533523 0.865579732206386
    outer loop
      vertex 1.5101815042651463 -0.1907802907746243 -1.613860886578615
      vertex 1.938705658315764 -0.24491548080498307 -1.863235818093674
      vertex 1.5221843827777863 0 -1.5998608865786152
    endloop
  endfacet
  facet normal 0.499822454810417 -0.030809752689851113 -0.8655797322063861
    outer loop
      vertex 1.4743621612915425 -0.3785518623971113 -1.5281391134213849
      vertex 1.5101815042651463 -0.1907802907746243 -1.5141391134213849
      vertex 1.938705658315764 -0.24491548080498307 -1.264764181906326
    endloop
  endfacet
  facet normal 0.4760649920289457 -0.15535073401178692 0.865579732206386
    outer loop
      vertex 1.4743621612915425 -0.3785518623971113 -0.9278608865786151
      vertex 1.8927223359773875 -0.48596849817225507 -1.177235818093674
      vertex 1.5101815042651463 -0.1907802907746243 -0.9138608865786151
    endloop
  endfacet
  facet normal 0.49974269139444144 0.032077555881973537 -0.8655797322063861
    outer loop
      vertex 1.5101815042651463 -0.1907802907746243 -1.5141391134213849
      vertex 1.5221843827777863 0 -1.5001391134213848
      vertex 1.9541144342958772 0 -1.250764181906326
    endloop
  endfacet
  facet normal 0.8443279255020151 -0.5358267949789967 0
    outer loop
      vertex 1.2314730342393692 -0.8947175314667035 -0.9698608865786151
      vertex 1.3339003428866194 -0.7333179190634505 -0.8561391134213849
      vertex 1.2314730342393692 -0.8947175314667035 -0.870139113421385
    endloop
  endfacet
  facet normal 0.8443279255020151 -0.5358267949789967 0
    outer loop
      vertex 1.2314730342393692 -0.8947175314667035 -0.9698608865786151
      vertex 1.3339003428866194 -0.7333179190634505 -0.9558608865786151
      vertex 1.3339003428866194 -0.7333179190634505 -0.8561391134213849
    endloop
  endfacet
  facet normal 0.8443279255020151 -0.5358267949789967 0
    outer loop
      vertex 1.2314730342393692 -0.8947175314667035 -0.2698608865786152
      vertex 1.3339003428866194 -0.7333179190634505 -0.2558608865786154
      vertex 1.3339003428866194 -0.7333179190634505 0
    endloop
  endfacet
  facet normal 0.8443279255020152 -0.5358267949789968 0
    outer loop
      vertex 1.2314730342393692 -0.8947175314667035 -0.2698608865786152
      vertex 1.3339003428866194 -0.7333179190634505 0
      vertex 1.2314730342393692 -0.8947175314667035 0
    endloop
  endfacet
  facet normal 0.9048270524660192 -0.42577929156507316 0
    outer loop
      vertex 1.3339003428866194 -0.7333179190634505 -0.9558608865786151
      vertex 1.4152912462931069 -0.5603534450136758 -0.8421391134213849
      vertex 1.3339003428866194 -0.7333179190634505 -0.8561391134213849
    endloop
  endfacet
  facet normal 0.45338133917439205 -0.21264310118589813 -0.865579732206386
    outer loop
      vertex 1.2314730342393692 -0.8947175314667035 -0.870139113421385
      vertex 1.3339003428866194 -0.7333179190634505 -0.8561391134213849
      vertex 1.7124035323436124 -0.941401808337234 -0.6067641819063261
    endloop
  endfacet
  facet normal 0.4764575393633299 -0.1541425975431907 -0.8655797322063861
    outer loop
      vertex 1.3339003428866194 -0.7333179190634505 -0.8561391134213849
      vertex 1.4152912462931069 -0.5603534450136758 -0.8421391134213849
      vertex 1.8168896517431288 -0.719357502019843 -0.5927641819063261
    endloop
  endfacet
  facet normal 0.9048270524660192 -0.4257792915650732 0
    outer loop
      vertex 1.3339003428866194 -0.7333179190634505 -0.9558608865786151
      vertex 1.4152912462931069 -0.5603534450136758 -0.9418608865786151
      vertex 1.4152912462931069 -0.5603534450136758 -0.8421391134213849
    endloop
  endfacet
  facet normal 0.9510565162951536 -0.30901699437494684 0
    outer loop
      vertex 1.4152912462931069 -0.5603534450136758 -0.9418608865786151
      vertex 1.4743621612915425 -0.3785518623971113 -0.9278608865786151
      vertex 1.4743621612915425 -0.3785518623971113 -0.8281391134213849
    endloop
  endfacet
  facet normal 0.9510565162951536 -0.30901699437494684 0
    outer loop
      vertex 1.4152912462931069 -0.5603534450136758 -0.9418608865786151
      vertex 1.4743621612915425 -0.3785518623971113 -0.8281391134213849
      vertex 1.4152912462931069 -0.5603534450136758 -0.8421391134213849
    endloop
  endfacet
  facet normal 0.4756006950622455 -0.16937546348182356 -0.8632009796256179
    outer loop
      vertex 1.7124035323436124 -0.941401808337234 -0.6067641819063261
      vertex 1.3339003428866194 -0.7333179190634505 -0.8561391134213849
      vertex 1.8168896517431288 -0.719357502019843 -0.5927641819063261
    endloop
  endfacet
  facet normal 0.9048270524660191 -0.42577929156507366 0
    outer loop
      vertex 1.7124035323436124 -0.941401808337234 -0.6067641819063261
      vertex 1.8168896517431288 -0.719357502019843 -0.491235818093674
      vertex 1.7124035323436124 -0.941401808337234 -0.505235818093674
    endloop
  endfacet
  facet normal 0.4920197195345703 -0.09321117305690242 -0.865579732206386
    outer loop
      vertex 1.4152912462931069 -0.5603534450136758 -0.8421391134213849
      vertex 1.4743621612915425 -0.3785518623971113 -0.8281391134213849
      vertex 1.8927223359773875 -0.48596849817225507 -0.5787641819063261
    endloop
  endfacet
  facet normal 0.4930788160512674 -0.10843131436468822 -0.863200979625618
    outer loop
      vertex 1.4152912462931069 -0.5603534450136758 -0.8421391134213849
      vertex 1.8927223359773875 -0.48596849817225507 -0.5787641819063261
      vertex 1.8168896517431288 -0.719357502019843 -0.5927641819063261
    endloop
  endfacet
  facet normal 0.42247437836970325 -0.2688626541836066 0.8655797322063861
    outer loop
      vertex 1.7124035323436124 -0.941401808337234 -0.505235818093674
      vertex 1.4152912462931069 -0.5603534450136758 -0.24186088657861515
      vertex 1.3339003428866194 -0.7333179190634505 -0.2558608865786154
    endloop
  endfacet
  facet normal 0.9048270524660192 -0.4257792915650732 0
    outer loop
      vertex 1.3339003428866194 -0.7333179190634505 -0.2558608865786154
      vertex 1.4152912462931069 -0.5603534450136758 0
      vertex 1.3339003428866194 -0.7333179190634505 0
    endloop
  endfacet
  facet normal 0.9048270524660192 -0.4257792915650732 0
    outer loop
      vertex 1.3339003428866194 -0.7333179190634505 -0.2558608865786154
      vertex 1.4152912462931069 -0.5603534450136758 -0.24186088657861515
      vertex 1.4152912462931069 -0.5603534450136758 0
    endloop
  endfacet
  facet normal 0.9510565162951538 -0.30901699437494695 0
    outer loop
      vertex 1.4152912462931069 -0.5603534450136758 -0.24186088657861515
      vertex 1.4743621612915425 -0.3785518623971113 -0.22786088657861536
      vertex 1.4743621612915425 -0.3785518623971113 0
    endloop
  endfacet
  facet normal 0.9510565162951538 -0.3090169943749469 0
    outer loop
      vertex 1.4152912462931069 -0.5603534450136758 -0.24186088657861515
      vertex 1.4743621612915425 -0.3785518623971113 0
      vertex 1.4152912462931069 -0.5603534450136758 0
    endloop
  endfacet
  facet normal 0.4336653301878579 -0.25849265012071354 0.863200979625618
    outer loop
      vertex 1.7124035323436124 -0.941401808337234 -0.505235818093674
      vertex 1.8168896517431288 -0.719357502019843 -0.491235818093674
      vertex 1.4152912462931069 -0.5603534450136758 -0.24186088657861515
    endloop
  endfacet
  facet normal 0.45284046754279206 -0.2137925119108396 0.8655797322063862
    outer loop
      vertex 1.4152912462931069 -0.5603534450136758 -0.24186088657861515
      vertex 1.8168896517431288 -0.719357502019843 -0.491235818093674
      vertex 1.4743621612915425 -0.3785518623971113 -0.22786088657861536
    endloop
  endfacet
  facet normal 0.4626434692220066 -0.20210168024932235 0.8632009796256183
    outer loop
      vertex 1.4743621612915425 -0.3785518623971113 -0.22786088657861536
      vertex 1.8168896517431288 -0.719357502019843 -0.491235818093674
      vertex 1.8927223359773875 -0.48596849817225507 -0.477235818093674
    endloop
  endfacet
  facet normal 0.9822872507286887 -0.18738131458572505 0
    outer loop
      vertex 1.4743621612915425 -0.3785518623971113 -0.9278608865786151
      vertex 1.5101815042651463 -0.1907802907746243 -0.9138608865786151
      vertex 1.5101815042651463 -0.1907802907746243 -0.8141391134213849
    endloop
  endfacet
  facet normal 0.9822872507286887 -0.18738131458572505 0
    outer loop
      vertex 1.4743621612915425 -0.3785518623971113 -0.9278608865786151
      vertex 1.5101815042651463 -0.1907802907746243 -0.8141391134213849
      vertex 1.4743621612915425 -0.3785518623971113 -0.8281391134213849
    endloop
  endfacet
  facet normal 0.9980267284282716 -0.06279051952931339 0
    outer loop
      vertex 1.5101815042651463 -0.1907802907746243 -0.9138608865786151
      vertex 1.5221843827777863 0 -0.8001391134213849
      vertex 1.5101815042651463 -0.1907802907746243 -0.8141391134213849
    endloop
  endfacet
  facet normal 0.9980267284282716 -0.06279051952931339 0
    outer loop
      vertex 1.5101815042651463 -0.1907802907746243 -0.9138608865786151
      vertex 1.5221843827777863 0 -0.8998608865786151
      vertex 1.5221843827777863 0 -0.8001391134213849
    endloop
  endfacet
  facet normal 0.499822454810417 -0.030809752689851113 -0.8655797322063861
    outer loop
      vertex 1.4743621612915425 -0.3785518623971113 -0.8281391134213849
      vertex 1.5101815042651463 -0.1907802907746243 -0.8141391134213849
      vertex 1.938705658315764 -0.24491548080498307 -0.564764181906326
    endloop
  endfacet
  facet normal 0.49178168720336224 -0.09445898223533623 0.865579732206386
    outer loop
      vertex 1.5101815042651463 -0.1907802907746243 -0.9138608865786151
      vertex 1.938705658315764 -0.24491548080498307 -1.163235818093674
      vertex 1.5221843827777863 0 -0.8998608865786151
    endloop
  endfacet
  facet normal 0.49974269139444144 0.032077555881973537 -0.8655797322063861
    outer loop
      vertex 1.5101815042651463 -0.1907802907746243 -0.8141391134213849
      vertex 1.5221843827777863 0 -0.8001391134213849
      vertex 1.9541144342958772 0 -0.550764181906326
    endloop
  endfacet
  facet normal 0.9822872507286887 -0.18738131458572502 0
    outer loop
      vertex 1.4743621612915425 -0.3785518623971113 -0.22786088657861536
      vertex 1.5101815042651463 -0.1907802907746243 -0.21386088657861513
      vertex 1.5101815042651463 -0.1907802907746243 0
    endloop
  endfacet
  facet normal 0.9822872507286885 -0.18738131458572496 0
    outer loop
      vertex 1.4743621612915425 -0.3785518623971113 -0.22786088657861536
      vertex 1.5101815042651463 -0.1907802907746243 0
      vertex 1.4743621612915425 -0.3785518623971113 0
    endloop
  endfacet
  facet normal 0.9980267284282716 -0.06279051952931339 0
    outer loop
      vertex 1.5101815042651463 -0.1907802907746243 -0.21386088657861513
      vertex 1.5221843827777863 0 0
      vertex 1.5101815042651463 -0.1907802907746243 0
    endloop
  endfacet
  facet normal 0.9980267284282716 -0.06279051952931339 0
    outer loop
      vertex 1.5101815042651463 -0.1907802907746243 -0.21386088657861513
      vertex 1.5221843827777863 0 -0.19986088657861534
      vertex 1.5221843827777863 0 0
    endloop
  endfacet
  facet normal 0.47606499202894514 -0.15535073401178784 0.8655797322063861
    outer loop
      vertex 1.4743621612915425 -0.3785518623971113 -0.22786088657861536
      vertex 1.8927223359773875 -0.48596849817225507 -0.477235818093674
      vertex 1.5101815042651463 -0.1907802907746243 -0.21386088657861513
    endloop
  endfacet
  facet normal 0.4917816872033624 -0.09445898223533523 0.865579732206386
    outer loop
      vertex 1.5101815042651463 -0.1907802907746243 -0.21386088657861513
      vertex 1.938705658315764 -0.24491548080498307 -0.463235818093674
      vertex 1.5221843827777863 0 -0.19986088657861534
    endloop
  endfacet
  facet normal 0.9048270524660191 -0.42577929156507366 0
    outer loop
      vertex 1.7124035323436124 -0.941401808337234 -3.4067641819063263
      vertex 1.8168896517431288 -0.719357502019843 -3.392764181906326
      vertex 1.8168896517431288 -0.719357502019843 -3.291235818093674
    endloop
  endfacet
  facet normal 0.9510565162951538 -0.30901699437494673 0
    outer loop
      vertex 1.8168896517431288 -0.719357502019843 -3.392764181906326
      vertex 1.8927223359773875 -0.48596849817225507 -3.277235818093674
      vertex 1.8168896517431288 -0.719357502019843 -3.291235818093674
    endloop
  endfacet
  facet normal 0.9510565162951538 -0.3090169943749468 0
    outer loop
      vertex 1.8168896517431288 -0.719357502019843 -3.392764181906326
      vertex 1.8927223359773875 -0.48596849817225507 -3.378764181906326
      vertex 1.8927223359773875 -0.48596849817225507 -3.277235818093674
    endloop
  endfacet
  facet normal 0.5027807895601534 -0.045777138646295616 -0.863200979625618
    outer loop
      vertex 1.4743621612915425 -0.3785518623971113 -3.6281391134213847
      vertex 1.938705658315764 -0.24491548080498307 -3.364764181906326
      vertex 1.8927223359773875 -0.48596849817225507 -3.378764181906326
    endloop
  endfacet
  facet normal 0.9822872507286887 -0.18738131458572485 0
    outer loop
      vertex 1.8927223359773875 -0.48596849817225507 -3.378764181906326
      vertex 1.938705658315764 -0.24491548080498307 -3.263235818093674
      vertex 1.8927223359773875 -0.48596849817225507 -3.277235818093674
    endloop
  endfacet
  facet normal 0.9822872507286887 -0.18738131458572485 0
    outer loop
      vertex 1.8927223359773875 -0.48596849817225507 -3.378764181906326
      vertex 1.938705658315764 -0.24491548080498307 -3.364764181906326
      vertex 1.938705658315764 -0.24491548080498307 -3.263235818093674
    endloop
  endfacet
  facet normal 0.4843254443767119 -0.14252344615070892 0.863200979625618
    outer loop
      vertex 1.5101815042651463 -0.1907802907746243 -3.013860886578615
      vertex 1.8927223359773875 -0.48596849817225507 -3.277235818093674
      vertex 1.938705658315764 -0.24491548080498307 -3.263235818093674
    endloop
  endfacet
  facet normal 0.5045536096709906 0.017598969894487154 -0.863200979625618
    outer loop
      vertex 1.5101815042651463 -0.1907802907746243 -3.614139113421385
      vertex 1.9541144342958772 0 -3.3507641819063263
      vertex 1.938705658315764 -0.24491548080498307 -3.364764181906326
    endloop
  endfacet
  facet normal 0.9980267284282716 -0.06279051952931333 0
    outer loop
      vertex 1.938705658315764 -0.24491548080498307 -3.364764181906326
      vertex 1.9541144342958772 0 -3.2492358180936742
      vertex 1.938705658315764 -0.24491548080498307 -3.263235818093674
    endloop
  endfacet
  facet normal 0.9980267284282716 -0.06279051952931333 0
    outer loop
      vertex 1.938705658315764 -0.24491548080498307 -3.364764181906326
      vertex 1.9541144342958772 0 -3.3507641819063263
      vertex 1.9541144342958772 0 -3.2492358180936742
    endloop
  endfacet
  facet normal 0.4983693179516003 -0.0806975321669186 0.8632009796256177
    outer loop
      vertex 1.938705658315764 -0.24491548080498307 -3.263235818093674
      vertex 1.9541144342958772 0 -3.2492358180936742
      vertex 1.5221843827777863 0 -2.999860886578615
    endloop
  endfacet
  facet normal 0.9048270524660191 -0.4257792915650736 0
    outer loop
      vertex 1.7124035323436124 -0.941401808337234 -2.706764181906326
      vertex 1.8168896517431288 -0.719357502019843 -2.6927641819063264
      vertex 1.8168896517431288 -0.719357502019843 -2.591235818093674
    endloop
  endfacet
  facet normal 0.9510565162951538 -0.30901699437494673 0
    outer loop
      vertex 1.8168896517431288 -0.719357502019843 -2.6927641819063264
      vertex 1.8927223359773875 -0.48596849817225507 -2.577235818093674
      vertex 1.8168896517431288 -0.719357502019843 -2.591235818093674
    endloop
  endfacet
  facet normal 0.9510565162951538 -0.3090169943749468 0
    outer loop
      vertex 1.8168896517431288 -0.719357502019843 -2.6927641819063264
      vertex 1.8927223359773875 -0.48596849817225507 -2.678764181906326
      vertex 1.8927223359773875 -0.48596849817225507 -2.577235818093674
    endloop
  endfacet
  facet normal 0.5027807895601534 -0.045777138646295616 -0.863200979625618
    outer loop
      vertex 1.4743621612915425 -0.3785518623971113 -2.928139113421385
      vertex 1.938705658315764 -0.24491548080498307 -2.6647641819063264
      vertex 1.8927223359773875 -0.48596849817225507 -2.678764181906326
    endloop
  endfacet
  facet normal 0.9822872507286887 -0.18738131458572485 0
    outer loop
      vertex 1.8927223359773875 -0.48596849817225507 -2.678764181906326
      vertex 1.938705658315764 -0.24491548080498307 -2.563235818093674
      vertex 1.8927223359773875 -0.48596849817225507 -2.577235818093674
    endloop
  endfacet
  facet normal 0.9822872507286886 -0.18738131458572482 0
    outer loop
      vertex 1.8927223359773875 -0.48596849817225507 -2.678764181906326
      vertex 1.938705658315764 -0.24491548080498307 -2.6647641819063264
      vertex 1.938705658315764 -0.24491548080498307 -2.563235818093674
    endloop
  endfacet
  facet normal 0.50455360967099 0.017598969894488743 -0.8632009796256183
    outer loop
      vertex 1.5101815042651463 -0.1907802907746243 -2.9141391134213848
      vertex 1.9541144342958772 0 -2.650764181906326
      vertex 1.938705658315764 -0.24491548080498307 -2.6647641819063264
    endloop
  endfacet
  facet normal 0.9980267284282716 -0.06279051952931333 0
    outer loop
      vertex 1.938705658315764 -0.24491548080498307 -2.6647641819063264
      vertex 1.9541144342958772 0 -2.549235818093674
      vertex 1.938705658315764 -0.24491548080498307 -2.563235818093674
    endloop
  endfacet
  facet normal 0.9980267284282716 -0.06279051952931333 0
    outer loop
      vertex 1.938705658315764 -0.24491548080498307 -2.6647641819063264
      vertex 1.9541144342958772 0 -2.650764181906326
      vertex 1.9541144342958772 0 -2.549235818093674
    endloop
  endfacet
  facet normal 0.48432544437671093 -0.14252344615071033 0.8632009796256184
    outer loop
      vertex 1.5101815042651463 -0.1907802907746243 -2.3138608865786154
      vertex 1.8927223359773875 -0.48596849817225507 -2.577235818093674
      vertex 1.938705658315764 -0.24491548080498307 -2.563235818093674
    endloop
  endfacet
  facet normal 0.5027807895601536 -0.045777138646294936 -0.863200979625618
    outer loop
      vertex 1.4743621612915425 -0.3785518623971113 -2.228139113421385
      vertex 1.938705658315764 -0.24491548080498307 -1.964764181906326
      vertex 1.8927223359773875 -0.48596849817225507 -1.978764181906326
    endloop
  endfacet
  facet normal 0.49836931795159967 -0.08069753216691858 0.863200979625618
    outer loop
      vertex 1.938705658315764 -0.24491548080498307 -2.563235818093674
      vertex 1.9541144342958772 0 -2.549235818093674
      vertex 1.5221843827777863 0 -2.299860886578615
    endloop
  endfacet
  facet normal 0.504553609670991 0.01759896989448794 -0.8632009796256178
    outer loop
      vertex 1.5101815042651463 -0.1907802907746243 -2.214139113421385
      vertex 1.9541144342958772 0 -1.950764181906326
      vertex 1.938705658315764 -0.24491548080498307 -1.964764181906326
    endloop
  endfacet
  facet normal 0.9048270524660189 -0.42577929156507366 0
    outer loop
      vertex 1.7124035323436124 -0.941401808337234 -2.006764181906326
      vertex 1.8168896517431288 -0.719357502019843 -1.992764181906326
      vertex 1.8168896517431288 -0.719357502019843 -1.891235818093674
    endloop
  endfacet
  facet normal 0.9510565162951538 -0.30901699437494673 0
    outer loop
      vertex 1.8168896517431288 -0.719357502019843 -1.992764181906326
      vertex 1.8927223359773875 -0.48596849817225507 -1.877235818093674
      vertex 1.8168896517431288 -0.719357502019843 -1.891235818093674
    endloop
  endfacet
  facet normal 0.9510565162951538 -0.3090169943749467 0
    outer loop
      vertex 1.8168896517431288 -0.719357502019843 -1.992764181906326
      vertex 1.8927223359773875 -0.48596849817225507 -1.978764181906326
      vertex 1.8927223359773875 -0.48596849817225507 -1.877235818093674
    endloop
  endfacet
  facet normal 0.9048270524660189 -0.42577929156507366 0
    outer loop
      vertex 1.7124035323436124 -0.941401808337234 -1.306764181906326
      vertex 1.8168896517431288 -0.719357502019843 -1.292764181906326
      vertex 1.8168896517431288 -0.719357502019843 -1.191235818093674
    endloop
  endfacet
  facet normal 0.9510565162951538 -0.30901699437494673 0
    outer loop
      vertex 1.8168896517431288 -0.719357502019843 -1.292764181906326
      vertex 1.8927223359773875 -0.48596849817225507 -1.177235818093674
      vertex 1.8168896517431288 -0.719357502019843 -1.191235818093674
    endloop
  endfacet
  facet normal 0.9510565162951538 -0.3090169943749467 0
    outer loop
      vertex 1.8168896517431288 -0.719357502019843 -1.292764181906326
      vertex 1.8927223359773875 -0.48596849817225507 -1.278764181906326
      vertex 1.8927223359773875 -0.48596849817225507 -1.177235818093674
    endloop
  endfacet
  facet normal 0.4843254443767117 -0.1425234461507097 0.8632009796256179
    outer loop
      vertex 1.5101815042651463 -0.1907802907746243 -1.613860886578615
      vertex 1.8927223359773875 -0.48596849817225507 -1.877235818093674
      vertex 1.938705658315764 -0.24491548080498307 -1.863235818093674
    endloop
  endfacet
  facet normal 0.9822872507286887 -0.18738131458572485 0
    outer loop
      vertex 1.8927223359773875 -0.48596849817225507 -1.978764181906326
      vertex 1.938705658315764 -0.24491548080498307 -1.863235818093674
      vertex 1.8927223359773875 -0.48596849817225507 -1.877235818093674
    endloop
  endfacet
  facet normal 0.9822872507286887 -0.18738131458572485 0
    outer loop
      vertex 1.8927223359773875 -0.48596849817225507 -1.978764181906326
      vertex 1.938705658315764 -0.24491548080498307 -1.964764181906326
      vertex 1.938705658315764 -0.24491548080498307 -1.863235818093674
    endloop
  endfacet
  facet normal 0.49836931795159933 -0.08069753216691934 0.8632009796256181
    outer loop
      vertex 1.938705658315764 -0.24491548080498307 -1.863235818093674
      vertex 1.9541144342958772 0 -1.8492358180936739
      vertex 1.5221843827777863 0 -1.5998608865786152
    endloop
  endfacet
  facet normal 0.9980267284282716 -0.06279051952931333 0
    outer loop
      vertex 1.938705658315764 -0.24491548080498307 -1.964764181906326
      vertex 1.9541144342958772 0 -1.8492358180936739
      vertex 1.938705658315764 -0.24491548080498307 -1.863235818093674
    endloop
  endfacet
  facet normal 0.9980267284282716 -0.06279051952931333 0
    outer loop
      vertex 1.938705658315764 -0.24491548080498307 -1.964764181906326
      vertex 1.9541144342958772 0 -1.950764181906326
      vertex 1.9541144342958772 0 -1.8492358180936739
    endloop
  endfacet
  facet normal 0.5027807895601536 -0.045777138646294936 -0.863200979625618
    outer loop
      vertex 1.4743621612915425 -0.3785518623971113 -1.5281391134213849
      vertex 1.938705658315764 -0.24491548080498307 -1.264764181906326
      vertex 1.8927223359773875 -0.48596849817225507 -1.278764181906326
    endloop
  endfacet
  facet normal 0.4843254443767117 -0.1425234461507097 0.8632009796256179
    outer loop
      vertex 1.5101815042651463 -0.1907802907746243 -0.9138608865786151
      vertex 1.8927223359773875 -0.48596849817225507 -1.177235818093674
      vertex 1.938705658315764 -0.24491548080498307 -1.163235818093674
    endloop
  endfacet
  facet normal 0.9822872507286887 -0.18738131458572485 0
    outer loop
      vertex 1.8927223359773875 -0.48596849817225507 -1.278764181906326
      vertex 1.938705658315764 -0.24491548080498307 -1.163235818093674
      vertex 1.8927223359773875 -0.48596849817225507 -1.177235818093674
    endloop
  endfacet
  facet normal 0.9822872507286887 -0.18738131458572485 0
    outer loop
      vertex 1.8927223359773875 -0.48596849817225507 -1.278764181906326
      vertex 1.938705658315764 -0.24491548080498307 -1.264764181906326
      vertex 1.938705658315764 -0.24491548080498307 -1.163235818093674
    endloop
  endfacet
  facet normal 0.5045536096709907 0.017598969894487945 -0.863200979625618
    outer loop
      vertex 1.5101815042651463 -0.1907802907746243 -1.5141391134213849
      vertex 1.9541144342958772 0 -1.250764181906326
      vertex 1.938705658315764 -0.24491548080498307 -1.264764181906326
    endloop
  endfacet
  facet normal 0.4983693179515996 -0.08069753216691934 0.8632009796256179
    outer loop
      vertex 1.938705658315764 -0.24491548080498307 -1.163235818093674
      vertex 1.9541144342958772 0 -1.149235818093674
      vertex 1.5221843827777863 0 -0.8998608865786151
    endloop
  endfacet
  facet normal 0.9980267284282716 -0.06279051952931333 0
    outer loop
      vertex 1.938705658315764 -0.24491548080498307 -1.264764181906326
      vertex 1.9541144342958772 0 -1.149235818093674
      vertex 1.938705658315764 -0.24491548080498307 -1.163235818093674
    endloop
  endfacet
  facet normal 0.9980267284282716 -0.06279051952931333 0
    outer loop
      vertex 1.938705658315764 -0.24491548080498307 -1.264764181906326
      vertex 1.9541144342958772 0 -1.250764181906326
      vertex 1.9541144342958772 0 -1.149235818093674
    endloop
  endfacet
  facet normal 0.9048270524660189 -0.42577929156507366 0
    outer loop
      vertex 1.7124035323436124 -0.941401808337234 -0.6067641819063261
      vertex 1.8168896517431288 -0.719357502019843 -0.5927641819063261
      vertex 1.8168896517431288 -0.719357502019843 -0.491235818093674
    endloop
  endfacet
  facet normal 0.9510565162951538 -0.30901699437494673 0
    outer loop
      vertex 1.8168896517431288 -0.719357502019843 -0.5927641819063261
      vertex 1.8927223359773875 -0.48596849817225507 -0.477235818093674
      vertex 1.8168896517431288 -0.719357502019843 -0.491235818093674
    endloop
  endfacet
  facet normal 0.9510565162951538 -0.3090169943749467 0
    outer loop
      vertex 1.8168896517431288 -0.719357502019843 -0.5927641819063261
      vertex 1.8927223359773875 -0.48596849817225507 -0.5787641819063261
      vertex 1.8927223359773875 -0.48596849817225507 -0.477235818093674
    endloop
  endfacet
  facet normal 0.5027807895601536 -0.045777138646294936 -0.863200979625618
    outer loop
      vertex 1.4743621612915425 -0.3785518623971113 -0.8281391134213849
      vertex 1.938705658315764 -0.24491548080498307 -0.564764181906326
      vertex 1.8927223359773875 -0.48596849817225507 -0.5787641819063261
    endloop
  endfacet
  facet normal 0.9822872507286887 -0.18738131458572485 0
    outer loop
      vertex 1.8927223359773875 -0.48596849817225507 -0.5787641819063261
      vertex 1.938705658315764 -0.24491548080498307 -0.463235818093674
      vertex 1.8927223359773875 -0.48596849817225507 -0.477235818093674
    endloop
  endfacet
  facet normal 0.9822872507286887 -0.18738131458572485 0
    outer loop
      vertex 1.8927223359773875 -0.48596849817225507 -0.5787641819063261
      vertex 1.938705658315764 -0.24491548080498307 -0.564764181906326
      vertex 1.938705658315764 -0.24491548080498307 -0.463235818093674
    endloop
  endfacet
  facet normal 0.5045536096709907 0.017598969894487945 -0.863200979625618
    outer loop
      vertex 1.5101815042651463 -0.1907802907746243 -0.8141391134213849
      vertex 1.9541144342958772 0 -0.550764181906326
      vertex 1.938705658315764 -0.24491548080498307 -0.564764181906326
    endloop
  endfacet
  facet normal 0.9980267284282716 -0.06279051952931333 0
    outer loop
      vertex 1.938705658315764 -0.24491548080498307 -0.564764181906326
      vertex 1.9541144342958772 0 -0.550764181906326
      vertex 1.9541144342958772 0 -0.44923581809367397
    endloop
  endfacet
  facet normal 0.4843254443767117 -0.1425234461507097 0.8632009796256179
    outer loop
      vertex 1.5101815042651463 -0.1907802907746243 -0.21386088657861513
      vertex 1.8927223359773875 -0.48596849817225507 -0.477235818093674
      vertex 1.938705658315764 -0.24491548080498307 -0.463235818093674
    endloop
  endfacet
  facet normal 0.49836931795159933 -0.08069753216691934 0.8632009796256181
    outer loop
      vertex 1.938705658315764 -0.24491548080498307 -0.463235818093674
      vertex 1.9541144342958772 0 -0.44923581809367397
      vertex 1.5221843827777863 0 -0.19986088657861534
    endloop
  endfacet
  facet normal 0.9980267284282716 -0.06279051952931333 0
    outer loop
      vertex 1.938705658315764 -0.24491548080498307 -0.564764181906326
      vertex 1.9541144342958772 0 -0.44923581809367397
      vertex 1.938705658315764 -0.24491548080498307 -0.463235818093674
    endloop
  endfacet
  facet normal 0 0 -1
    outer loop
      vertex -0.21976681835259818 -3.4930935494989503 0
      vertex 0.09557874821402501 -1.519180699608322 0
      vertex 0.21976681835259818 -3.4930935494989503 0
    endloop
  endfacet
  facet normal 0 0 -1
    outer loop
      vertex 0.21976681835259818 -3.4930935494989503 0
      vertex 0.470380842850476 -1.4476833762435302 0
      vertex 0.6558346010500369 -3.43800537755041 0
    endloop
  endfacet
  facet normal 0 0 -1
    outer loop
      vertex 0.6558346010500369 -3.43800537755041 0
      vertex 0.8156271791909028 -1.2852227821423339 0
      vertex 1.0815594803123159 -3.3286978070330373 0
    endloop
  endfacet
  facet normal 0 -1 0
    outer loop
      vertex -0.21976681835259818 -3.4930935494989503 0
      vertex 0.21976681835259818 -3.4930935494989503 0
      vertex 0.21976681835259818 -3.4930935494989503 4
    endloop
  endfacet
  facet normal 0.12533323356430495 -0.9921147013144778 0
    outer loop
      vertex 0.21976681835259818 -3.4930935494989503 0
      vertex 0.6558346010500369 -3.43800537755041 0
      vertex 0.6558346010500369 -3.43800537755041 4
    endloop
  endfacet
  facet normal 0 0 -1
    outer loop
      vertex 0.21976681835259818 -3.4930935494989503 0
      vertex 0.09557874821402501 -1.519180699608322 0
      vertex 0.28522891068676176 -1.4952223124609376 0
    endloop
  endfacet
  facet normal 0 0 -1
    outer loop
      vertex 0.21976681835259818 -3.4930935494989503 0
      vertex 0.28522891068676176 -1.4952223124609376 0
      vertex 0.470380842850476 -1.4476833762435302 0
    endloop
  endfacet
  facet normal 0 0 -1
    outer loop
      vertex 0.6558346010500369 -3.43800537755041 0
      vertex 0.470380842850476 -1.4476833762435302 0
      vertex 0.6481145881305429 -1.3773136083786317 0
    endloop
  endfacet
  facet normal 0 0 -1
    outer loop
      vertex 0.6558346010500369 -3.43800537755041 0
      vertex 0.6481145881305429 -1.3773136083786317 0
      vertex 0.8156271791909028 -1.2852227821423339 0
    endloop
  endfacet
  facet normal 0.2486898871648549 -0.9685831611286312 0
    outer loop
      vertex 0.6558346010500369 -3.43800537755041 0
      vertex 1.0815594803123159 -3.3286978070330373 0
      vertex 1.0815594803123159 -3.3286978070330373 4
    endloop
  endfacet
  facet normal 0.36812455268467814 -0.9297764858882513 0
    outer loop
      vertex 1.0815594803123159 -3.3286978070330373 0
      vertex 1.4902275204777535 -3.1668946836310683 0
      vertex 1.4902275204777535 -3.1668946836310683 4
    endloop
  endfacet
  facet normal 0.48175367410171444 -0.876306680043864 0
    outer loop
      vertex 1.4902275204777535 -3.1668946836310683 0
      vertex 1.8753937824264868 -2.9551477392570535 0
      vertex 1.8753937824264868 -2.9551477392570535 4
    endloop
  endfacet
  facet normal 0 0 -1
    outer loop
      vertex 1.0815594803123159 -3.3286978070330373 0
      vertex 1.3339003428866194 -0.7333179190634505 0
      vertex 1.4902275204777535 -3.1668946836310683 0
    endloop
  endfacet
  facet normal 0 0 -1
    outer loop
      vertex 1.0815594803123159 -3.3286978070330373 0
      vertex 0.8156271791909028 -1.2852227821423339 0
      vertex 0.9702768424033635 -1.172863224876775 0
    endloop
  endfacet
  facet normal 0 0 -1
    outer loop
      vertex 1.0815594803123159 -3.3286978070330373 0
      vertex 0.9702768424033635 -1.172863224876775 0
      vertex 1.1096246601958315 -1.0420069139203807 0
    endloop
  endfacet
  facet normal 0 0 -1
    outer loop
      vertex 1.0815594803123159 -3.3286978070330373 0
      vertex 1.1096246601958315 -1.0420069139203807 0
      vertex 1.2314730342393692 -0.8947175314667035 0
    endloop
  endfacet
  facet normal 0.12533323356430495 -0.9921147013144778 0
    outer loop
      vertex 0.21976681835259818 -3.4930935494989503 0
      vertex 0.6558346010500369 -3.43800537755041 4
      vertex 0.21976681835259818 -3.4930935494989503 4
    endloop
  endfacet
  facet normal 0.2486898871648549 -0.9685831611286312 0
    outer loop
      vertex 0.6558346010500369 -3.43800537755041 0
      vertex 1.0815594803123159 -3.3286978070330373 4
      vertex 0.6558346010500369 -3.43800537755041 4
    endloop
  endfacet
  facet normal 0 0 1
    outer loop
      vertex 0.6558346010500369 -3.43800537755041 4
      vertex 1.0815594803123159 -3.3286978070330373 4
      vertex -0.88210460878137 -1.5278500000000004 4
    endloop
  endfacet
  facet normal 0 0 1
    outer loop
      vertex 1.0815594803123159 -3.3286978070330373 4
      vertex 0.88210460878137 -1.5278500000000004 4
      vertex -0.88210460878137 -1.5278500000000004 4
    endloop
  endfacet
  facet normal 0.36812455268467814 -0.9297764858882513 0
    outer loop
      vertex 1.0815594803123159 -3.3286978070330373 0
      vertex 1.4902275204777535 -3.1668946836310683 4
      vertex 1.0815594803123159 -3.3286978070330373 4
    endloop
  endfacet
  facet normal 0.48175367410171444 -0.876306680043864 0
    outer loop
      vertex 1.4902275204777535 -3.1668946836310683 0
      vertex 1.8753937824264868 -2.9551477392570535 4
      vertex 1.4902275204777535 -3.1668946836310683 4
    endloop
  endfacet
  facet normal 0 0 1
    outer loop
      vertex 1.0815594803123159 -3.3286978070330373 4
      vertex 1.4902275204777535 -3.1668946836310683 4
      vertex 0.88210460878137 -1.5278500000000004 4
    endloop
  endfacet
  facet normal 0 0 1
    outer loop
      vertex 1.4902275204777535 -3.1668946836310683 4
      vertex 1.8753937824264868 -2.9551477392570535 4
      vertex 0.88210460878137 -1.5278500000000004 4
    endloop
  endfacet
  facet normal 0 0 -1
    outer loop
      vertex 1.0815594803123159 -3.3286978070330373 0
      vertex 1.2314730342393692 -0.8947175314667035 0
      vertex 1.3339003428866194 -0.7333179190634505 0
    endloop
  endfacet
  facet normal 0 0 -1
    outer loop
      vertex 1.4902275204777535 -3.1668946836310683 0
      vertex 1.3339003428866194 -0.7333179190634505 0
      vertex 1.4152912462931069 -0.5603534450136758 0
    endloop
  endfacet
  facet normal 0 0 -1
    outer loop
      vertex 1.4902275204777535 -3.1668946836310683 0
      vertex 1.4152912462931069 -0.5603534450136758 0
      vertex 1.4743621612915425 -0.3785518623971113 0
    endloop
  endfacet
  facet normal 0 0 -1
    outer loop
      vertex 1.4902275204777535 -3.1668946836310683 0
      vertex 1.4743621612915425 -0.3785518623971113 0
      vertex 1.5101815042651463 -0.1907802907746243 0
    endloop
  endfacet
  facet normal 0 0 -1
    outer loop
      vertex 1.4902275204777535 -3.1668946836310683 0
      vertex 1.5101815042651463 -0.1907802907746243 0
      vertex 1.5221843827777863 0 0
    endloop
  endfacet
  facet normal 0 0 -1
    outer loop
      vertex 1.4902275204777535 -3.1668946836310683 0
      vertex 1.8753937824264884 2.9551477392570527 0
      vertex 1.8753937824264868 -2.9551477392570535 0
    endloop
  endfacet
  facet normal 0 0 -1
    outer loop
      vertex 1.4902275204777535 -3.1668946836310683 0
      vertex 1.5221843827777863 0 0
      vertex 1.8753937824264884 2.9551477392570527 0
    endloop
  endfacet
  facet normal 0 1 0
    outer loop
      vertex 0.88210460878137 -1.5278500000000004 2
      vertex -0.88210460878137 -1.5278500000000004 4
      vertex 0.88210460878137 -1.5278500000000004 4
    endloop
  endfacet
  facet normal -0.8660254037844386 0.5 0
    outer loop
      vertex 0.88210460878137 -1.5278500000000004 2
      vertex 0.88210460878137 -1.5278500000000004 4
      vertex 1.76420921756274 3.6612290701835846e-17 2
    endloop
  endfacet
  facet normal 0 0 1
    outer loop
      vertex 1.8753937824264868 -2.9551477392570535 4
      vertex 1.76420921756274 3.6612290701835846e-17 4
      vertex 0.88210460878137 -1.5278500000000004 4
    endloop
  endfacet
  facet normal -0.8660254037844386 0.5 0
    outer loop
      vertex 1.76420921756274 3.6612290701835846e-17 2
      vertex 0.88210460878137 -1.5278500000000004 4
      vertex 1.76420921756274 3.6612290701835846e-17 4
    endloop
  endfacet
  facet normal 0.587785252292473 -0.8090169943749476 0
    outer loop
      vertex 1.8753937824264868 -2.9551477392570535 0
      vertex 2.2309839641204148 -2.6967963497152616 0
      vertex 2.2309839641204148 -2.6967963497152616 4
    endloop
  endfacet
  facet normal 0.6845471059286888 -0.7289686274214114 0
    outer loop
      vertex 2.2309839641204148 -2.6967963497152616 0
      vertex 2.5513901959749408 -2.39591487075041 0
      vertex 2.5513901959749408 -2.39591487075041 4
    endloop
  endfacet
  facet normal 0.7705132427757893 -0.6374239897486896 0
    outer loop
      vertex 2.5513901959749408 -2.39591487075041 0
      vertex 2.831559480312316 -2.057248383023656 0
      vertex 2.5513901959749408 -2.39591487075041 4
    endloop
  endfacet
  facet normal 0.8443279255020153 -0.5358267949789963 0
    outer loop
      vertex 2.831559480312316 -2.057248383023656 0
      vertex 3.067073380153522 -1.686137859356004 0
      vertex 2.831559480312316 -2.057248383023656 4
    endloop
  endfacet
  facet normal 0.587785252292473 -0.8090169943749476 0
    outer loop
      vertex 1.8753937824264868 -2.9551477392570535 0
      vertex 2.2309839641204148 -2.6967963497152616 4
      vertex 1.8753937824264868 -2.9551477392570535 4
    endloop
  endfacet
  facet normal 0.6845471059286888 -0.7289686274214114 0
    outer loop
      vertex 2.2309839641204148 -2.6967963497152616 0
      vertex 2.5513901959749408 -2.39591487075041 4
      vertex 2.2309839641204148 -2.6967963497152616 4
    endloop
  endfacet
  facet normal 0.7705132427757893 -0.6374239897486896 0
    outer loop
      vertex 2.831559480312316 -2.057248383023656 0
      vertex 2.831559480312316 -2.057248383023656 4
      vertex 2.5513901959749408 -2.39591487075041 4
    endloop
  endfacet
  facet normal 0.8443279255020153 -0.5358267949789963 0
    outer loop
      vertex 2.831559480312316 -2.057248383023656 4
      vertex 3.067073380153522 -1.686137859356004 0
      vertex 3.067073380153522 -1.686137859356004 4
    endloop
  endfacet
  facet normal 0 0 -1
    outer loop
      vertex 1.8753937824264868 -2.9551477392570535 0
      vertex 2.230983964120414 2.696796349715262 0
      vertex 2.2309839641204148 -2.6967963497152616 0
    endloop
  endfacet
  facet normal 0 0 -1
    outer loop
      vertex 2.2309839641204148 -2.6967963497152616 0
      vertex 2.5513901959749403 2.3959148707504108 0
      vertex 2.5513901959749408 -2.39591487075041 0
    endloop
  endfacet
  facet normal 0.9048270524660191 -0.4257792915650735 0
    outer loop
      vertex 3.067073380153522 -1.686137859356004 0
      vertex 3.2542177006088795 -1.2884359343963743 0
      vertex 3.067073380153522 -1.686137859356004 4
    endloop
  endfacet
  facet normal 0.9510565162951536 -0.3090169943749471 0
    outer loop
      vertex 3.2542177006088795 -1.2884359343963743 0
      vertex 3.390041063950209 -0.8704146050769905 0
      vertex 3.2542177006088795 -1.2884359343963743 4
    endloop
  endfacet
  facet normal 0 0 -1
    outer loop
      vertex 2.5513901959749408 -2.39591487075041 0
      vertex 2.831559480312316 2.057248383023656 0
      vertex 2.831559480312316 -2.057248383023656 0
    endloop
  endfacet
  facet normal 0 0 -1
    outer loop
      vertex 2.831559480312316 -2.057248383023656 0
      vertex 3.0670733801535226 1.6861378593560037 0
      vertex 3.067073380153522 -1.686137859356004 0
    endloop
  endfacet
  facet normal 0 0 -1
    outer loop
      vertex 3.067073380153522 -1.686137859356004 0
      vertex 3.25421770060888 1.288435934396373 0
      vertex 3.2542177006088795 -1.2884359343963743 0
    endloop
  endfacet
  facet normal 0 0 -1
    outer loop
      vertex 3.2542177006088795 -1.2884359343963743 0
      vertex 3.3900410639502088 0.8704146050769918 0
      vertex 3.390041063950209 -0.8704146050769905 0
    endloop
  endfacet
  facet normal 0 0 -1
    outer loop
      vertex 3.390041063950209 -0.8704146050769905 0
      vertex 3.4724014546006727 0.4386663174750649 0
      vertex 3.4724014546006727 -0.43866631747506424 0
    endloop
  endfacet
  facet normal 0.9822872507286887 -0.18738131458572496 0
    outer loop
      vertex 3.390041063950209 -0.8704146050769905 0
      vertex 3.4724014546006727 -0.43866631747506424 0
      vertex 3.390041063950209 -0.8704146050769905 4
    endloop
  endfacet
  facet normal 0.9980267284282716 -0.06279051952931272 0
    outer loop
      vertex 3.4724014546006727 -0.43866631747506424 0
      vertex 3.5 0 0
      vertex 3.4724014546006727 -0.43866631747506424 4
    endloop
  endfacet
  facet normal 0 0 1
    outer loop
      vertex 1.8753937824264868 -2.9551477392570535 4
      vertex 2.2309839641204148 -2.6967963497152616 4
      vertex 1.8753937824264884 2.9551477392570527 4
    endloop
  endfacet
  facet normal 0 0 1
    outer loop
      vertex 1.8753937824264868 -2.9551477392570535 4
      vertex 1.8753937824264884 2.9551477392570527 4
      vertex 1.76420921756274 3.6612290701835846e-17 4
    endloop
  endfacet
  facet normal 0 0 1
    outer loop
      vertex 2.2309839641204148 -2.6967963497152616 4
      vertex 2.5513901959749408 -2.39591487075041 4
      vertex 2.230983964120414 2.696796349715262 4
    endloop
  endfacet
  facet normal 0.9048270524660191 -0.4257792915650735 0
    outer loop
      vertex 3.2542177006088795 -1.2884359343963743 0
      vertex 3.2542177006088795 -1.2884359343963743 4
      vertex 3.067073380153522 -1.686137859356004 4
    endloop
  endfacet
  facet normal 0.9510565162951536 -0.3090169943749471 0
    outer loop
      vertex 3.390041063950209 -0.8704146050769905 0
      vertex 3.390041063950209 -0.8704146050769905 4
      vertex 3.2542177006088795 -1.2884359343963743 4
    endloop
  endfacet
  facet normal 0.9822872507286887 -0.18738131458572496 0
    outer loop
      vertex 3.4724014546006727 -0.43866631747506424 0
      vertex 3.4724014546006727 -0.43866631747506424 4
      vertex 3.390041063950209 -0.8704146050769905 4
    endloop
  endfacet
  facet normal 0.9980267284282716 -0.06279051952931272 0
    outer loop
      vertex 3.4724014546006727 -0.43866631747506424 4
      vertex 3.5 0 0
      vertex 3.5 0 4
    endloop
  endfacet
  facet normal 0 0 1
    outer loop
      vertex 2.5513901959749408 -2.39591487075041 4
      vertex 2.831559480312316 -2.057248383023656 4
      vertex 2.5513901959749403 2.3959148707504108 4
    endloop
  endfacet
  facet normal 0 0 1
    outer loop
      vertex 2.831559480312316 -2.057248383023656 4
      vertex 3.067073380153522 -1.686137859356004 4
      vertex 2.831559480312316 2.057248383023656 4
    endloop
  endfacet
  facet normal 0 0 1
    outer loop
      vertex 3.067073380153522 -1.686137859356004 4
      vertex 3.2542177006088795 -1.2884359343963743 4
      vertex 3.0670733801535226 1.6861378593560037 4
    endloop
  endfacet
  facet normal 0 0 1
    outer loop
      vertex 3.2542177006088795 -1.2884359343963743 4
      vertex 3.390041063950209 -0.8704146050769905 4
      vertex 3.25421770060888 1.288435934396373 4
    endloop
  endfacet
  facet normal 0 0 1
    outer loop
      vertex 3.390041063950209 -0.8704146050769905 4
      vertex 3.4724014546006727 -0.43866631747506424 4
      vertex 3.3900410639502088 0.8704146050769918 4
    endloop
  endfacet
  facet normal 0 0 -1
    outer loop
      vertex -0.07964895684502024 1.2659839163402684 -4
      vertex 0.07964895684502024 1.2659839163402684 -4
      vertex 0 0 -4
    endloop
  endfacet
  facet normal 0 0 -1
    outer loop
      vertex 0 0 -4
      vertex 0.07964895684502024 1.2659839163402684 -4
      vertex 0.23769075890563446 1.246018593717448 -4
    endloop
  endfacet
  facet normal 0 0 -1
    outer loop
      vertex 0 0 -4
      vertex 0.23769075890563446 1.246018593717448 -4
      vertex 0.39198403570872997 1.206402813536275 -4
    endloop
  endfacet
  facet normal 0 0 -1
    outer loop
      vertex 0 0 -4
      vertex 0.39198403570872997 1.206402813536275 -4
      vertex 0.5400954901087862 1.1477613403155262 -4
    endloop
  endfacet
  facet normal 0 0 -1
    outer loop
      vertex 0 0 -4
      vertex 0.5400954901087862 1.1477613403155262 -4
      vertex 0.6796893159924196 1.0710189851186112 -4
    endloop
  endfacet
  facet normal 0 0 -1
    outer loop
      vertex 0 0 -4
      vertex 1.2584845868876218 0.15898357564552051 -4
      vertex 1.2684869856481553 0 -4
    endloop
  endfacet
  facet normal 0 0 -1
    outer loop
      vertex 0 0 -4
      vertex 1.2286351344096187 0.3154598853309265 -4
      vertex 1.2584845868876218 0.15898357564552051 -4
    endloop
  endfacet
  facet normal 0 0 -1
    outer loop
      vertex 0 0 -4
      vertex 1.1115836190721828 0.6110982658862087 -4
      vertex 1.1794093719109227 0.46696120417806264 -4
    endloop
  endfacet
  facet normal 0 0 -1
    outer loop
      vertex 0 0 -4
      vertex 1.1794093719109227 0.46696120417806264 -4
      vertex 1.2286351344096187 0.3154598853309265 -4
    endloop
  endfacet
  facet normal 0 0 -1
    outer loop
      vertex 0 0 -4
      vertex 0.9246872168298595 0.8683390949336509 -4
      vertex 1.0262275285328077 0.7455979428889197 -4
    endloop
  endfacet
  facet normal 0 0 -1
    outer loop
      vertex 0 0 -4
      vertex 0.808564035336136 0.9773860207306461 -4
      vertex 0.9246872168298595 0.8683390949336509 -4
    endloop
  endfacet
  facet normal 0 0 -1
    outer loop
      vertex 0 0 -4
      vertex 0.6796893159924196 1.0710189851186112 -4
      vertex 0.808564035336136 0.9773860207306461 -4
    endloop
  endfacet
  facet normal 0 0 -1
    outer loop
      vertex 0 0 -4
      vertex 1.0262275285328077 0.7455979428889197 -4
      vertex 1.1115836190721828 0.6110982658862087 -4
    endloop
  endfacet
  facet normal 0.17602389133730975 0.6855677930829381 -0.7064080908128535
    outer loop
      vertex 0.23769075890563446 1.246018593717448 -4
      vertex 0.470380842850476 1.4476833762435302 -3.7463026028703688
      vertex 0.39198403570872997 1.206402813536275 -4
    endloop
  endfacet
  facet normal 0 0.707804781867246 -0.706408090812853
    outer loop
      vertex -0.09557874821402428 1.519180699608322 -3.7463026028703688
      vertex 0.09557874821402428 1.519180699608322 -3.7463026028703688
      vertex 0.07964895684502024 1.2659839163402684 -4
    endloop
  endfacet
  facet normal 0.0887114620436999 0.7022235297511815 -0.7064080908128536
    outer loop
      vertex 0.07964895684502024 1.2659839163402684 -4
      vertex 0.28522891068676137 1.4952223124609376 -3.7463026028703688
      vertex 0.23769075890563446 1.246018593717448 -4
    endloop
  endfacet
  facet normal 0.08871146204369885 0.7022235297511821 -0.706408090812853
    outer loop
      vertex 0.07964895684502024 1.2659839163402684 -4
      vertex 0.09557874821402428 1.519180699608322 -3.7463026028703688
      vertex 0.28522891068676137 1.4952223124609376 -3.7463026028703688
    endloop
  endfacet
  facet normal 0 1 0
    outer loop
      vertex -0.09557874821402428 1.519180699608322 -3.731710004891352
      vertex 0.09557874821402428 1.519180699608322 -3.745710004891352
      vertex 0.09557874821402428 1.519180699608322 -3.7463026028703688
    endloop
  endfacet
  facet normal 0 1 0
    outer loop
      vertex -0.09557874821402428 1.519180699608322 -3.4181391134213848
      vertex 0.09557874821402428 1.519180699608322 -3.4321391134213846
      vertex 0.09557874821402428 1.519180699608322 -3.745710004891352
    endloop
  endfacet
  facet normal 0.1253332335643042 0.9921147013144778 0
    outer loop
      vertex 0.09557874821402428 1.519180699608322 -3.7463026028703688
      vertex 0.09557874821402428 1.519180699608322 -3.745710004891352
      vertex 0.28522891068676137 1.4952223124609376 -3.7463026028703688
    endloop
  endfacet
  facet normal 0.1253332335643042 0.9921147013144778 0
    outer loop
      vertex 0.09557874821402428 1.519180699608322 -3.745710004891352
      vertex 0.09557874821402428 1.519180699608322 -3.4321391134213846
      vertex 0.28522891068676137 1.4952223124609376 -3.7463026028703688
    endloop
  endfacet
  facet normal 0.1760238913373094 0.6855677930829382 -0.7064080908128535
    outer loop
      vertex 0.23769075890563446 1.246018593717448 -4
      vertex 0.28522891068676137 1.4952223124609376 -3.7463026028703688
      vertex 0.470380842850476 1.4476833762435302 -3.7463026028703688
    endloop
  endfacet
  facet normal 0.1253332335643042 0.9921147013144778 0
    outer loop
      vertex 0.28522891068676137 1.4952223124609376 -3.7463026028703688
      vertex 0.09557874821402428 1.519180699608322 -3.4321391134213846
      vertex 0.28522891068676137 1.4952223124609376 -3.446139113421385
    endloop
  endfacet
  facet normal 0.24868988716485402 0.9685831611286313 0
    outer loop
      vertex 0.28522891068676137 1.4952223124609376 -3.7463026028703688
      vertex 0.28522891068676137 1.4952223124609376 -3.446139113421385
      vertex 0.470380842850476 1.4476833762435302 -3.7463026028703688
    endloop
  endfacet
  facet normal 0.248689887164854 0.9685831611286312 0
    outer loop
      vertex 0.28522891068676137 1.4952223124609376 -3.446139113421385
      vertex 0.470380842850476 1.4476833762435302 -3.460139113421385
      vertex 0.470380842850476 1.4476833762435302 -3.7463026028703688
    endloop
  endfacet
  facet normal -0.0006351549292278501 0.5007707297473929 -0.8655797322063864
    outer loop
      vertex 0.09557874821402428 1.519180699608322 -3.4321391134213846
      vertex 0.12269986054916825 1.950258435834777 -3.182764181906326
      vertex 0.28522891068676137 1.4952223124609376 -3.446139113421385
    endloop
  endfacet
  facet normal 0.06213306829069738 0.49690160899146224 -0.8655797322063864
    outer loop
      vertex 0.28522891068676137 1.4952223124609376 -3.446139113421385
      vertex 0.36616453154930095 1.919501695273744 -3.1967641819063264
      vertex 0.470380842850476 1.4476833762435302 -3.460139113421385
    endloop
  endfacet
  facet normal 0.2605603187129559 0.658100242779428 -0.7064080908128536
    outer loop
      vertex 0.39198403570872997 1.206402813536275 -4
      vertex 0.470380842850476 1.4476833762435302 -3.7463026028703688
      vertex 0.5400954901087862 1.1477613403155262 -4
    endloop
  endfacet
  facet normal 0.34098755421130916 0.6202540585172568 -0.7064080908128537
    outer loop
      vertex 0.5400954901087862 1.1477613403155262 -4
      vertex 0.8156271791909036 1.2852227821423337 -3.7463026028703688
      vertex 0.6796893159924196 1.0710189851186112 -4
    endloop
  endfacet
  facet normal 0.3409875542113082 0.6202540585172578 -0.7064080908128532
    outer loop
      vertex 0.5400954901087862 1.1477613403155262 -4
      vertex 0.6481145881305433 1.3773136083786315 -3.7463026028703688
      vertex 0.8156271791909036 1.2852227821423337 -3.7463026028703688
    endloop
  endfacet
  facet normal 0.4160372122836578 0.5726260972304543 -0.7064080908128537
    outer loop
      vertex 0.6796893159924196 1.0710189851186112 -4
      vertex 0.8156271791909036 1.2852227821423337 -3.7463026028703688
      vertex 0.808564035336136 0.9773860207306461 -4
    endloop
  endfacet
  facet normal 0.416037212283659 0.572626097230454 -0.7064080908128533
    outer loop
      vertex 0.808564035336136 0.9773860207306461 -4
      vertex 0.8156271791909036 1.2852227821423337 -3.7463026028703688
      vertex 0.9702768424033632 1.1728632248767752 -3.7463026028703688
    endloop
  endfacet
  facet normal 0.5877852522924745 0.8090169943749466 0
    outer loop
      vertex 0.8156271791909036 1.2852227821423337 -3.7463026028703688
      vertex 0.8156271791909036 1.2852227821423337 -3.4881391134213846
      vertex 0.9702768424033632 1.1728632248767752 -3.7463026028703688
    endloop
  endfacet
  facet normal 0.2605603187129567 0.658100242779428 -0.7064080908128533
    outer loop
      vertex 0.5400954901087862 1.1477613403155262 -4
      vertex 0.470380842850476 1.4476833762435302 -3.7463026028703688
      vertex 0.6481145881305433 1.3773136083786315 -3.7463026028703688
    endloop
  endfacet
  facet normal 0.368124552684679 0.929776485888251 0
    outer loop
      vertex 0.470380842850476 1.4476833762435302 -3.7463026028703688
      vertex 0.470380842850476 1.4476833762435302 -3.460139113421385
      vertex 0.6481145881305433 1.3773136083786315 -3.7463026028703688
    endloop
  endfacet
  facet normal 0.368124552684679 0.929776485888251 0
    outer loop
      vertex 0.6481145881305433 1.3773136083786315 -3.7463026028703688
      vertex 0.470380842850476 1.4476833762435302 -3.460139113421385
      vertex 0.6481145881305433 1.3773136083786315 -3.474139113421385
    endloop
  endfacet
  facet normal 0.4817536741017145 0.8763066800438641 0
    outer loop
      vertex 0.8156271791909036 1.2852227821423337 -3.7463026028703688
      vertex 0.6481145881305433 1.3773136083786315 -3.7463026028703688
      vertex 0.6481145881305433 1.3773136083786315 -3.474139113421385
    endloop
  endfacet
  facet normal 0.4817536741017143 0.876306680043864 0
    outer loop
      vertex 0.8156271791909036 1.2852227821423337 -3.7463026028703688
      vertex 0.6481145881305433 1.3773136083786315 -3.474139113421385
      vertex 0.8156271791909036 1.2852227821423337 -3.4881391134213846
    endloop
  endfacet
  facet normal 0.07725667490581042 0.4989142962031369 -0.863200979625618
    outer loop
      vertex 0.470380842850476 1.4476833762435302 -3.460139113421385
      vertex 0.36616453154930095 1.919501695273744 -3.1967641819063264
      vertex 0.6038545691508126 1.8584732663235117 -3.210764181906326
    endloop
  endfacet
  facet normal 0.12392141590718603 0.485196053027103 -0.8655797322063861
    outer loop
      vertex 0.470380842850476 1.4476833762435302 -3.460139113421385
      vertex 0.6038545691508126 1.8584732663235117 -3.210764181906326
      vertex 0.6481145881305433 1.3773136083786315 -3.474139113421385
    endloop
  endfacet
  facet normal 0.23075250253838275 0.44904047851574214 0.8632009796256181
    outer loop
      vertex 0.470380842850476 1.4476833762435302 -2.8598608865786153
      vertex 0.8320214594715815 1.7681356037652416 -3.123235818093674
      vertex 0.6038545691508126 1.8584732663235117 -3.1092358180936737
    endloop
  endfacet
  facet normal 0.18375544876774838 0.46583866546443353 -0.8655797322063861
    outer loop
      vertex 0.8156271791909036 1.2852227821423337 -3.4881391134213846
      vertex 0.6481145881305433 1.3773136083786315 -3.474139113421385
      vertex 0.8320214594715815 1.7681356037652416 -3.224764181906326
    endloop
  endfacet
  facet normal 0.13917802496332599 0.4852973790787265 -0.863200979625618
    outer loop
      vertex 0.6481145881305433 1.3773136083786315 -3.474139113421385
      vertex 0.6038545691508126 1.8584732663235117 -3.210764181906326
      vertex 0.8320214594715815 1.7681356037652416 -3.224764181906326
    endloop
  endfacet
  facet normal 0.28521264530707624 0.4165787029245648 0.8632009796256184
    outer loop
      vertex 0.6481145881305433 1.3773136083786315 -2.8738608865786155
      vertex 1.047066874350955 1.6499133865025817 -3.137235818093674
      vertex 0.8320214594715815 1.7681356037652416 -3.123235818093674
    endloop
  endfacet
  facet normal 0 1 0
    outer loop
      vertex -0.09557874821402428 1.519180699608322 -2.718139113421385
      vertex 0.09557874821402428 1.519180699608322 -2.732139113421385
      vertex 0.09557874821402428 1.519180699608322 -2.8318608865786152
    endloop
  endfacet
  facet normal 0.1253332335643042 0.9921147013144779 0
    outer loop
      vertex 0.09557874821402428 1.519180699608322 -2.8318608865786152
      vertex 0.09557874821402428 1.519180699608322 -2.732139113421385
      vertex 0.28522891068676137 1.4952223124609376 -2.845860886578615
    endloop
  endfacet
  facet normal 0.06339336137649443 0.4967423969492741 0.8655797322063862
    outer loop
      vertex -0.09557874821402428 1.519180699608322 -2.8178608865786154
      vertex 0.09557874821402428 1.519180699608322 -2.8318608865786152
      vertex 0.12269986054916825 1.950258435834777 -3.081235818093674
    endloop
  endfacet
  facet normal -0.0006351549292277405 0.5007707297473936 -0.865579732206386
    outer loop
      vertex 0.09557874821402428 1.519180699608322 -2.732139113421385
      vertex 0.12269986054916825 1.950258435834777 -2.482764181906326
      vertex 0.28522891068676137 1.4952223124609376 -2.746139113421385
    endloop
  endfacet
  facet normal 0.1253332335643042 0.9921147013144779 0
    outer loop
      vertex 0.09557874821402428 1.519180699608322 -2.732139113421385
      vertex 0.28522891068676137 1.4952223124609376 -2.746139113421385
      vertex 0.28522891068676137 1.4952223124609376 -2.845860886578615
    endloop
  endfacet
  facet normal 0.24868988716485402 0.9685831611286314 0
    outer loop
      vertex 0.28522891068676137 1.4952223124609376 -2.845860886578615
      vertex 0.28522891068676137 1.4952223124609376 -2.746139113421385
      vertex 0.470380842850476 1.4476833762435302 -2.8598608865786153
    endloop
  endfacet
  facet normal 0.24868988716485402 0.9685831611286313 0
    outer loop
      vertex 0.28522891068676137 1.4952223124609376 -2.746139113421385
      vertex 0.470380842850476 1.4476833762435302 -2.760139113421385
      vertex 0.470380842850476 1.4476833762435302 -2.8598608865786153
    endloop
  endfacet
  facet normal 0.1251518166454971 0.48488013981174044 0.8655797322063861
    outer loop
      vertex 0.09557874821402428 1.519180699608322 -2.8318608865786152
      vertex 0.28522891068676137 1.4952223124609376 -2.845860886578615
      vertex 0.36616453154930095 1.919501695273744 -3.095235818093674
    endloop
  endfacet
  facet normal 0.06213306829069956 0.4969016089914625 -0.8655797322063861
    outer loop
      vertex 0.28522891068676137 1.4952223124609376 -2.746139113421385
      vertex 0.36616453154930095 1.919501695273744 -2.496764181906326
      vertex 0.470380842850476 1.4476833762435302 -2.760139113421385
    endloop
  endfacet
  facet normal 0 1 0
    outer loop
      vertex -0.09557874821402428 1.519180699608322 -2.018139113421385
      vertex 0.09557874821402428 1.519180699608322 -2.032139113421385
      vertex 0.09557874821402428 1.519180699608322 -2.1318608865786155
    endloop
  endfacet
  facet normal 0.1253332335643042 0.9921147013144779 0
    outer loop
      vertex 0.09557874821402428 1.519180699608322 -2.1318608865786155
      vertex 0.09557874821402428 1.519180699608322 -2.032139113421385
      vertex 0.28522891068676137 1.4952223124609376 -2.1458608865786153
    endloop
  endfacet
  facet normal 0.06339336137649645 0.4967423969492732 0.8655797322063864
    outer loop
      vertex -0.09557874821402428 1.519180699608322 -2.1178608865786153
      vertex 0.09557874821402428 1.519180699608322 -2.1318608865786155
      vertex 0.12269986054916825 1.950258435834777 -2.381235818093674
    endloop
  endfacet
  facet normal 0.1253332335643042 0.9921147013144779 0
    outer loop
      vertex 0.09557874821402428 1.519180699608322 -2.032139113421385
      vertex 0.28522891068676137 1.4952223124609376 -2.046139113421385
      vertex 0.28522891068676137 1.4952223124609376 -2.1458608865786153
    endloop
  endfacet
  facet normal 0.24868988716485402 0.9685831611286313 0
    outer loop
      vertex 0.28522891068676137 1.4952223124609376 -2.1458608865786153
      vertex 0.28522891068676137 1.4952223124609376 -2.046139113421385
      vertex 0.470380842850476 1.4476833762435302 -2.1598608865786155
    endloop
  endfacet
  facet normal 0.24868988716485402 0.9685831611286313 0
    outer loop
      vertex 0.28522891068676137 1.4952223124609376 -2.046139113421385
      vertex 0.470380842850476 1.4476833762435302 -2.060139113421385
      vertex 0.470380842850476 1.4476833762435302 -2.1598608865786155
    endloop
  endfacet
  facet normal 0.1251518166454971 0.48488013981174044 0.8655797322063861
    outer loop
      vertex 0.09557874821402428 1.519180699608322 -2.1318608865786155
      vertex 0.28522891068676137 1.4952223124609376 -2.1458608865786153
      vertex 0.36616453154930095 1.919501695273744 -2.395235818093674
    endloop
  endfacet
  facet normal 0.5877852522924744 0.8090169943749466 0
    outer loop
      vertex 0.8156271791909036 1.2852227821423337 -2.8878608865786153
      vertex 0.8156271791909036 1.2852227821423337 -2.788139113421385
      vertex 0.9702768424033632 1.1728632248767752 -2.901860886578615
    endloop
  endfacet
  facet normal 0.5877852522924742 0.8090169943749465 0
    outer loop
      vertex 0.8156271791909036 1.2852227821423337 -2.187860886578615
      vertex 0.8156271791909036 1.2852227821423337 -2.088139113421385
      vertex 0.9702768424033632 1.1728632248767752 -2.2018608865786153
    endloop
  endfacet
  facet normal 0.3681245526846789 0.929776485888251 0
    outer loop
      vertex 0.470380842850476 1.4476833762435302 -2.8598608865786153
      vertex 0.470380842850476 1.4476833762435302 -2.760139113421385
      vertex 0.6481145881305433 1.3773136083786315 -2.8738608865786155
    endloop
  endfacet
  facet normal 0.36812455268467903 0.9297764858882509 0
    outer loop
      vertex 0.470380842850476 1.4476833762435302 -2.760139113421385
      vertex 0.6481145881305433 1.3773136083786315 -2.774139113421385
      vertex 0.6481145881305433 1.3773136083786315 -2.8738608865786155
    endloop
  endfacet
  facet normal 0.18493655300393047 0.4653710332160189 0.8655797322063863
    outer loop
      vertex 0.28522891068676137 1.4952223124609376 -2.845860886578615
      vertex 0.470380842850476 1.4476833762435302 -2.8598608865786153
      vertex 0.6038545691508126 1.8584732663235117 -3.1092358180936737
    endloop
  endfacet
  facet normal 0.24180472944574916 0.4385227474273011 0.8655797322063864
    outer loop
      vertex 0.470380842850476 1.4476833762435302 -2.8598608865786153
      vertex 0.6481145881305433 1.3773136083786315 -2.8738608865786155
      vertex 0.8320214594715815 1.7681356037652416 -3.123235818093674
    endloop
  endfacet
  facet normal 0.07725667490580874 0.4989142962031366 -0.8632009796256183
    outer loop
      vertex 0.470380842850476 1.4476833762435302 -2.760139113421385
      vertex 0.36616453154930095 1.919501695273744 -2.496764181906326
      vertex 0.6038545691508126 1.8584732663235117 -2.5107641819063264
    endloop
  endfacet
  facet normal 0.12392141590718382 0.485196053027103 -0.8655797322063863
    outer loop
      vertex 0.470380842850476 1.4476833762435302 -2.760139113421385
      vertex 0.6038545691508126 1.8584732663235117 -2.5107641819063264
      vertex 0.6481145881305433 1.3773136083786315 -2.774139113421385
    endloop
  endfacet
  facet normal 0.4817536741017144 0.876306680043864 0
    outer loop
      vertex 0.8156271791909036 1.2852227821423337 -2.8878608865786153
      vertex 0.6481145881305433 1.3773136083786315 -2.8738608865786155
      vertex 0.6481145881305433 1.3773136083786315 -2.774139113421385
    endloop
  endfacet
  facet normal 0.4817536741017143 0.876306680043864 0
    outer loop
      vertex 0.8156271791909036 1.2852227821423337 -2.8878608865786153
      vertex 0.6481145881305433 1.3773136083786315 -2.774139113421385
      vertex 0.8156271791909036 1.2852227821423337 -2.788139113421385
    endloop
  endfacet
  facet normal 0.2948595008570618 0.404758695950866 0.865579732206386
    outer loop
      vertex 0.8156271791909036 1.2852227821423337 -2.8878608865786153
      vertex 1.047066874350955 1.6499133865025817 -3.137235818093674
      vertex 0.6481145881305433 1.3773136083786315 -2.8738608865786155
    endloop
  endfacet
  facet normal 0.18375544876774838 0.46583866546443353 -0.8655797322063861
    outer loop
      vertex 0.8156271791909036 1.2852227821423337 -2.788139113421385
      vertex 0.6481145881305433 1.3773136083786315 -2.774139113421385
      vertex 0.8320214594715815 1.7681356037652416 -2.5247641819063262
    endloop
  endfacet
  facet normal 0.13917802496332599 0.4852973790787265 -0.863200979625618
    outer loop
      vertex 0.6481145881305433 1.3773136083786315 -2.774139113421385
      vertex 0.6038545691508126 1.8584732663235117 -2.5107641819063264
      vertex 0.8320214594715815 1.7681356037652416 -2.5247641819063262
    endloop
  endfacet
  facet normal 0.3681245526846789 0.929776485888251 0
    outer loop
      vertex 0.470380842850476 1.4476833762435302 -2.1598608865786155
      vertex 0.470380842850476 1.4476833762435302 -2.060139113421385
      vertex 0.6481145881305433 1.3773136083786315 -2.1738608865786153
    endloop
  endfacet
  facet normal 0.368124552684679 0.929776485888251 0
    outer loop
      vertex 0.470380842850476 1.4476833762435302 -2.060139113421385
      vertex 0.6481145881305433 1.3773136083786315 -2.074139113421385
      vertex 0.6481145881305433 1.3773136083786315 -2.1738608865786153
    endloop
  endfacet
  facet normal 0.2418047294457476 0.4385227474273027 0.8655797322063861
    outer loop
      vertex 0.470380842850476 1.4476833762435302 -2.1598608865786155
      vertex 0.6481145881305433 1.3773136083786315 -2.1738608865786153
      vertex 0.8320214594715815 1.7681356037652416 -2.423235818093674
    endloop
  endfacet
  facet normal 0.23075250253838275 0.44904047851574214 0.8632009796256181
    outer loop
      vertex 0.470380842850476 1.4476833762435302 -2.1598608865786155
      vertex 0.8320214594715815 1.7681356037652416 -2.423235818093674
      vertex 0.6038545691508126 1.8584732663235117 -2.409235818093674
    endloop
  endfacet
  facet normal 0.18493655300393047 0.4653710332160189 0.8655797322063863
    outer loop
      vertex 0.28522891068676137 1.4952223124609376 -2.1458608865786153
      vertex 0.470380842850476 1.4476833762435302 -2.1598608865786155
      vertex 0.6038545691508126 1.8584732663235117 -2.409235818093674
    endloop
  endfacet
  facet normal 0.2948595008570618 0.404758695950866 0.865579732206386
    outer loop
      vertex 0.8156271791909036 1.2852227821423337 -2.187860886578615
      vertex 1.047066874350955 1.6499133865025817 -2.437235818093674
      vertex 0.6481145881305433 1.3773136083786315 -2.1738608865786153
    endloop
  endfacet
  facet normal 0.4817536741017144 0.876306680043864 0
    outer loop
      vertex 0.8156271791909036 1.2852227821423337 -2.187860886578615
      vertex 0.6481145881305433 1.3773136083786315 -2.1738608865786153
      vertex 0.6481145881305433 1.3773136083786315 -2.074139113421385
    endloop
  endfacet
  facet normal 0.4817536741017143 0.876306680043864 0
    outer loop
      vertex 0.8156271791909036 1.2852227821423337 -2.187860886578615
      vertex 0.6481145881305433 1.3773136083786315 -2.074139113421385
      vertex 0.8156271791909036 1.2852227821423337 -2.088139113421385
    endloop
  endfacet
  facet normal 0.28521264530707513 0.4165787029245661 0.863200979625618
    outer loop
      vertex 0.6481145881305433 1.3773136083786315 -2.1738608865786153
      vertex 1.047066874350955 1.6499133865025817 -2.437235818093674
      vertex 0.8320214594715815 1.7681356037652416 -2.423235818093674
    endloop
  endfacet
  facet normal 0.6731623500597143 0.21872370629683116 -0.7064080908128532
    outer loop
      vertex 1.2286351344096187 0.3154598853309265 -4
      vertex 1.1794093719109227 0.46696120417806264 -4
      vertex 1.415291246293107 0.5603534450136751 -3.7463026028703688
    endloop
  endfacet
  facet normal 0.6404409144982939 0.3013686185898071 -0.7064080908128532
    outer loop
      vertex 1.1794093719109227 0.46696120417806264 -4
      vertex 1.1115836190721828 0.6110982658862087 -4
      vertex 1.3339003428866194 0.7333179190634505 -3.7463026028703688
    endloop
  endfacet
  facet normal 0.6404409144982942 0.30136861858980696 -0.706408090812853
    outer loop
      vertex 1.1794093719109227 0.46696120417806264 -4
      vertex 1.3339003428866194 0.7333179190634505 -3.7463026028703688
      vertex 1.415291246293107 0.5603534450136751 -3.7463026028703688
    endloop
  endfacet
  facet normal 0.5976193431343785 0.37926076773873396 -0.7064080908128532
    outer loop
      vertex 1.0262275285328077 0.7455979428889197 -4
      vertex 1.2314730342393692 0.8947175314667035 -3.7463026028703688
      vertex 1.1115836190721828 0.6110982658862087 -4
    endloop
  endfacet
  facet normal 0.5976193431343779 0.3792607677387342 -0.7064080908128533
    outer loop
      vertex 1.1115836190721828 0.6110982658862087 -4
      vertex 1.2314730342393692 0.8947175314667035 -3.7463026028703688
      vertex 1.3339003428866194 0.7333179190634505 -3.7463026028703688
    endloop
  endfacet
  facet normal 0.844327925502015 0.5358267949789967 0
    outer loop
      vertex 1.3339003428866194 0.7333179190634505 -3.7463026028703688
      vertex 1.2314730342393692 0.8947175314667035 -3.7463026028703688
      vertex 1.2314730342393692 0.8947175314667035 -3.530139113421385
    endloop
  endfacet
  facet normal 0.8443279255020151 0.5358267949789967 0
    outer loop
      vertex 1.3339003428866194 0.7333179190634505 -3.7463026028703688
      vertex 1.2314730342393692 0.8947175314667035 -3.530139113421385
      vertex 1.3339003428866194 0.7333179190634505 -3.5441391134213847
    endloop
  endfacet
  facet normal 0.7064080908128535 0.044443429978777434 -0.7064080908128536
    outer loop
      vertex 1.2684869856481553 0 -4
      vertex 1.2584845868876218 0.15898357564552051 -4
      vertex 1.5101815042651463 0.1907802907746246 -3.7463026028703688
    endloop
  endfacet
  facet normal 0.7064080908128538 0.044443429978776726 -0.7064080908128533
    outer loop
      vertex 1.2684869856481553 0 -4
      vertex 1.5101815042651463 0.1907802907746246 -3.7463026028703688
      vertex 1.5221843827777863 0 -3.7463026028703688
    endloop
  endfacet
  facet normal 0.9980267284282716 0.06279051952931328 0
    outer loop
      vertex 1.5221843827777863 0 -3.7463026028703688
      vertex 1.5101815042651463 0.1907802907746246 -3.586139113421385
      vertex 1.5221843827777863 0 -3.6001391134213847
    endloop
  endfacet
  facet normal 0.9980267284282716 0.06279051952931329 0
    outer loop
      vertex 1.5221843827777863 0 -3.7463026028703688
      vertex 1.5101815042651463 0.1907802907746246 -3.7463026028703688
      vertex 1.5101815042651463 0.1907802907746246 -3.586139113421385
    endloop
  endfacet
  facet normal 0.6952676132329964 0.13262939049634648 -0.7064080908128532
    outer loop
      vertex 1.2584845868876218 0.15898357564552051 -4
      vertex 1.2286351344096187 0.3154598853309265 -4
      vertex 1.4743621612915423 0.3785518623971118 -3.7463026028703688
    endloop
  endfacet
  facet normal 0.6952676132329957 0.13262939049634748 -0.7064080908128535
    outer loop
      vertex 1.2584845868876218 0.15898357564552051 -4
      vertex 1.4743621612915423 0.3785518623971118 -3.7463026028703688
      vertex 1.5101815042651463 0.1907802907746246 -3.7463026028703688
    endloop
  endfacet
  facet normal 0.6731623500597144 0.21872370629683108 -0.7064080908128532
    outer loop
      vertex 1.2286351344096187 0.3154598853309265 -4
      vertex 1.415291246293107 0.5603534450136751 -3.7463026028703688
      vertex 1.4743621612915423 0.3785518623971118 -3.7463026028703688
    endloop
  endfacet
  facet normal 0.9822872507286884 0.18738131458572593 0
    outer loop
      vertex 1.5101815042651463 0.1907802907746246 -3.7463026028703688
      vertex 1.4743621612915423 0.3785518623971118 -3.5721391134213847
      vertex 1.5101815042651463 0.1907802907746246 -3.586139113421385
    endloop
  endfacet
  facet normal 0.9822872507286886 0.187381314585726 0
    outer loop
      vertex 1.5101815042651463 0.1907802907746246 -3.7463026028703688
      vertex 1.4743621612915423 0.3785518623971118 -3.7463026028703688
      vertex 1.4743621612915423 0.3785518623971118 -3.5721391134213847
    endloop
  endfacet
  facet normal 0.49178168720336235 0.09445898223533508 -0.8655797322063861
    outer loop
      vertex 1.5221843827777863 0 -3.6001391134213847
      vertex 1.5101815042651463 0.1907802907746246 -3.586139113421385
      vertex 1.938705658315764 0.24491548080498346 -3.336764181906326
    endloop
  endfacet
  facet normal 0.49974269139444216 -0.03207755588197241 0.8655797322063856
    outer loop
      vertex 1.5221843827777863 0 -2.999860886578615
      vertex 1.9541144342958772 0 -3.2492358180936742
      vertex 1.5101815042651463 0.1907802907746246 -2.985860886578615
    endloop
  endfacet
  facet normal 0.4760649920289453 0.15535073401178823 -0.865579732206386
    outer loop
      vertex 1.5101815042651463 0.1907802907746246 -3.586139113421385
      vertex 1.4743621612915423 0.3785518623971118 -3.5721391134213847
      vertex 1.8927223359773873 0.48596849817225574 -3.322764181906326
    endloop
  endfacet
  facet normal 0.4998224548104168 0.030809752689852667 0.8655797322063861
    outer loop
      vertex 1.5101815042651463 0.1907802907746246 -2.985860886578615
      vertex 1.938705658315764 0.24491548080498346 -3.235235818093674
      vertex 1.4743621612915423 0.3785518623971118 -2.9718608865786154
    endloop
  endfacet
  facet normal 0.9048270524660195 0.42577929156507277 0
    outer loop
      vertex 1.415291246293107 0.5603534450136751 -3.7463026028703688
      vertex 1.3339003428866194 0.7333179190634505 -3.5441391134213847
      vertex 1.415291246293107 0.5603534450136751 -3.558139113421385
    endloop
  endfacet
  facet normal 0.9510565162951538 0.30901699437494656 0
    outer loop
      vertex 1.4743621612915423 0.3785518623971118 -3.7463026028703688
      vertex 1.415291246293107 0.5603534450136751 -3.558139113421385
      vertex 1.4743621612915423 0.3785518623971118 -3.5721391134213847
    endloop
  endfacet
  facet normal 0.951056516295154 0.30901699437494656 0
    outer loop
      vertex 1.4743621612915423 0.3785518623971118 -3.7463026028703688
      vertex 1.415291246293107 0.5603534450136751 -3.7463026028703688
      vertex 1.415291246293107 0.5603534450136751 -3.558139113421385
    endloop
  endfacet
  facet normal 0.9048270524660195 0.42577929156507277 0
    outer loop
      vertex 1.415291246293107 0.5603534450136751 -3.7463026028703688
      vertex 1.3339003428866194 0.7333179190634505 -3.7463026028703688
      vertex 1.3339003428866194 0.7333179190634505 -3.5441391134213847
    endloop
  endfacet
  facet normal 0.4224743783697032 0.2688626541836061 -0.8655797322063864
    outer loop
      vertex 1.415291246293107 0.5603534450136751 -3.558139113421385
      vertex 1.3339003428866194 0.7333179190634505 -3.5441391134213847
      vertex 1.7124035323436126 0.9414018083372339 -3.2947641819063263
    endloop
  endfacet
  facet normal 0.4764575393633296 0.15414259754319165 0.865579732206386
    outer loop
      vertex 1.415291246293107 0.5603534450136751 -2.957860886578615
      vertex 1.816889651743129 0.7193575020198423 -3.207235818093674
      vertex 1.3339003428866194 0.7333179190634505 -2.9438608865786153
    endloop
  endfacet
  facet normal 0.4533813391743924 0.2126431011858972 0.8655797322063861
    outer loop
      vertex 1.3339003428866194 0.7333179190634505 -2.9438608865786153
      vertex 1.7124035323436126 0.9414018083372339 -3.193235818093674
      vertex 1.2314730342393692 0.8947175314667035 -2.929860886578615
    endloop
  endfacet
  facet normal 0.4528404675427919 0.21379251191083978 -0.865579732206386
    outer loop
      vertex 1.4743621612915423 0.3785518623971118 -3.5721391134213847
      vertex 1.415291246293107 0.5603534450136751 -3.558139113421385
      vertex 1.816889651743129 0.7193575020198423 -3.308764181906326
    endloop
  endfacet
  facet normal 0.46264346922200694 0.20210168024932204 -0.863200979625618
    outer loop
      vertex 1.4743621612915423 0.3785518623971118 -3.5721391134213847
      vertex 1.816889651743129 0.7193575020198423 -3.308764181906326
      vertex 1.8927223359773873 0.48596849817225574 -3.322764181906326
    endloop
  endfacet
  facet normal 0.49201971953457013 0.09321117305690066 0.8655797322063864
    outer loop
      vertex 1.4743621612915423 0.3785518623971118 -2.9718608865786154
      vertex 1.8927223359773873 0.48596849817225574 -3.2212358180936738
      vertex 1.415291246293107 0.5603534450136751 -2.957860886578615
    endloop
  endfacet
  facet normal 0.49307881605126724 0.10843131436468868 0.863200979625618
    outer loop
      vertex 1.415291246293107 0.5603534450136751 -2.957860886578615
      vertex 1.8927223359773873 0.48596849817225574 -3.2212358180936738
      vertex 1.816889651743129 0.7193575020198423 -3.207235818093674
    endloop
  endfacet
  facet normal 0.4336653301878585 0.25849265012071215 -0.8632009796256181
    outer loop
      vertex 1.415291246293107 0.5603534450136751 -3.558139113421385
      vertex 1.7124035323436126 0.9414018083372339 -3.2947641819063263
      vertex 1.816889651743129 0.7193575020198423 -3.308764181906326
    endloop
  endfacet
  facet normal 0.9048270524660195 0.4257792915650726 0
    outer loop
      vertex 1.7124035323436126 0.9414018083372339 -3.2947641819063263
      vertex 1.7124035323436126 0.9414018083372339 -3.193235818093674
      vertex 1.816889651743129 0.7193575020198423 -3.308764181906326
    endloop
  endfacet
  facet normal 0.4756006950622452 0.16937546348182378 0.8632009796256181
    outer loop
      vertex 1.3339003428866194 0.7333179190634505 -2.9438608865786153
      vertex 1.816889651743129 0.7193575020198423 -3.207235818093674
      vertex 1.7124035323436126 0.9414018083372339 -3.193235818093674
    endloop
  endfacet
  facet normal 0.8443279255020151 0.5358267949789967 0
    outer loop
      vertex 1.3339003428866194 0.7333179190634505 -2.9438608865786153
      vertex 1.2314730342393692 0.8947175314667035 -2.929860886578615
      vertex 1.2314730342393692 0.8947175314667035 -2.830139113421385
    endloop
  endfacet
  facet normal 0.8443279255020151 0.5358267949789967 0
    outer loop
      vertex 1.3339003428866194 0.7333179190634505 -2.9438608865786153
      vertex 1.2314730342393692 0.8947175314667035 -2.830139113421385
      vertex 1.3339003428866194 0.7333179190634505 -2.844139113421385
    endloop
  endfacet
  facet normal 0.8443279255020151 0.5358267949789967 0
    outer loop
      vertex 1.3339003428866194 0.7333179190634505 -2.243860886578615
      vertex 1.2314730342393692 0.8947175314667035 -2.130139113421385
      vertex 1.3339003428866194 0.7333179190634505 -2.1441391134213847
    endloop
  endfacet
  facet normal 0.8443279255020151 0.5358267949789967 0
    outer loop
      vertex 1.3339003428866194 0.7333179190634505 -2.243860886578615
      vertex 1.2314730342393692 0.8947175314667035 -2.2298608865786154
      vertex 1.2314730342393692 0.8947175314667035 -2.130139113421385
    endloop
  endfacet
  facet normal 0.9980267284282716 0.06279051952931328 0
    outer loop
      vertex 1.5221843827777863 0 -2.999860886578615
      vertex 1.5101815042651463 0.1907802907746246 -2.8861391134213847
      vertex 1.5221843827777863 0 -2.900139113421385
    endloop
  endfacet
  facet normal 0.9980267284282716 0.06279051952931329 0
    outer loop
      vertex 1.5221843827777863 0 -2.999860886578615
      vertex 1.5101815042651463 0.1907802907746246 -2.985860886578615
      vertex 1.5101815042651463 0.1907802907746246 -2.8861391134213847
    endloop
  endfacet
  facet normal 0.9822872507286884 0.18738131458572593 0
    outer loop
      vertex 1.5101815042651463 0.1907802907746246 -2.985860886578615
      vertex 1.4743621612915423 0.3785518623971118 -2.872139113421385
      vertex 1.5101815042651463 0.1907802907746246 -2.8861391134213847
    endloop
  endfacet
  facet normal 0.9822872507286884 0.18738131458572596 0
    outer loop
      vertex 1.5101815042651463 0.1907802907746246 -2.985860886578615
      vertex 1.4743621612915423 0.3785518623971118 -2.9718608865786154
      vertex 1.4743621612915423 0.3785518623971118 -2.872139113421385
    endloop
  endfacet
  facet normal 0.4917816872033614 0.09445898223533704 -0.8655797322063863
    outer loop
      vertex 1.5221843827777863 0 -2.900139113421385
      vertex 1.5101815042651463 0.1907802907746246 -2.8861391134213847
      vertex 1.938705658315764 0.24491548080498346 -2.6367641819063263
    endloop
  endfacet
  facet normal 0.4760649920289458 0.15535073401178628 -0.865579732206386
    outer loop
      vertex 1.5101815042651463 0.1907802907746246 -2.8861391134213847
      vertex 1.4743621612915423 0.3785518623971118 -2.872139113421385
      vertex 1.8927223359773873 0.48596849817225574 -2.622764181906326
    endloop
  endfacet
  facet normal 0.9980267284282716 0.06279051952931329 0
    outer loop
      vertex 1.5221843827777863 0 -2.299860886578615
      vertex 1.5101815042651463 0.1907802907746246 -2.2858608865786154
      vertex 1.5101815042651463 0.1907802907746246 -2.186139113421385
    endloop
  endfacet
  facet normal 0.9980267284282716 0.06279051952931329 0
    outer loop
      vertex 1.5221843827777863 0 -2.299860886578615
      vertex 1.5101815042651463 0.1907802907746246 -2.186139113421385
      vertex 1.5221843827777863 0 -2.200139113421385
    endloop
  endfacet
  facet normal 0.9822872507286884 0.18738131458572593 0
    outer loop
      vertex 1.5101815042651463 0.1907802907746246 -2.2858608865786154
      vertex 1.4743621612915423 0.3785518623971118 -2.1721391134213848
      vertex 1.5101815042651463 0.1907802907746246 -2.186139113421385
    endloop
  endfacet
  facet normal 0.9822872507286884 0.18738131458572593 0
    outer loop
      vertex 1.5101815042651463 0.1907802907746246 -2.2858608865786154
      vertex 1.4743621612915423 0.3785518623971118 -2.271860886578615
      vertex 1.4743621612915423 0.3785518623971118 -2.1721391134213848
    endloop
  endfacet
  facet normal 0.4997426913944415 -0.03207755588197248 0.865579732206386
    outer loop
      vertex 1.5221843827777863 0 -2.299860886578615
      vertex 1.9541144342958772 0 -2.549235818093674
      vertex 1.5101815042651463 0.1907802907746246 -2.2858608865786154
    endloop
  endfacet
  facet normal 0.4917816872033626 0.09445898223533507 -0.8655797322063858
    outer loop
      vertex 1.5221843827777863 0 -2.200139113421385
      vertex 1.5101815042651463 0.1907802907746246 -2.186139113421385
      vertex 1.938705658315764 0.24491548080498346 -1.936764181906326
    endloop
  endfacet
  facet normal 0.4998224548104164 0.030809752689850516 0.8655797322063863
    outer loop
      vertex 1.5101815042651463 0.1907802907746246 -2.2858608865786154
      vertex 1.938705658315764 0.24491548080498346 -2.535235818093674
      vertex 1.4743621612915423 0.3785518623971118 -2.271860886578615
    endloop
  endfacet
  facet normal 0.4760649920289453 0.15535073401178823 -0.865579732206386
    outer loop
      vertex 1.5101815042651463 0.1907802907746246 -2.186139113421385
      vertex 1.4743621612915423 0.3785518623971118 -2.1721391134213848
      vertex 1.8927223359773873 0.48596849817225574 -1.922764181906326
    endloop
  endfacet
  facet normal 0.9048270524660194 0.4257792915650728 0
    outer loop
      vertex 1.415291246293107 0.5603534450136751 -2.957860886578615
      vertex 1.3339003428866194 0.7333179190634505 -2.844139113421385
      vertex 1.415291246293107 0.5603534450136751 -2.8581391134213847
    endloop
  endfacet
  facet normal 0.951056516295154 0.3090169943749466 0
    outer loop
      vertex 1.4743621612915423 0.3785518623971118 -2.9718608865786154
      vertex 1.415291246293107 0.5603534450136751 -2.8581391134213847
      vertex 1.4743621612915423 0.3785518623971118 -2.872139113421385
    endloop
  endfacet
  facet normal 0.951056516295154 0.3090169943749466 0
    outer loop
      vertex 1.4743621612915423 0.3785518623971118 -2.9718608865786154
      vertex 1.415291246293107 0.5603534450136751 -2.957860886578615
      vertex 1.415291246293107 0.5603534450136751 -2.8581391134213847
    endloop
  endfacet
  facet normal 0.9048270524660194 0.4257792915650728 0
    outer loop
      vertex 1.415291246293107 0.5603534450136751 -2.957860886578615
      vertex 1.3339003428866194 0.7333179190634505 -2.9438608865786153
      vertex 1.3339003428866194 0.7333179190634505 -2.844139113421385
    endloop
  endfacet
  facet normal 0.42247437836970475 0.2688626541836046 -0.865579732206386
    outer loop
      vertex 1.415291246293107 0.5603534450136751 -2.8581391134213847
      vertex 1.3339003428866194 0.7333179190634505 -2.844139113421385
      vertex 1.7124035323436126 0.9414018083372339 -2.594764181906326
    endloop
  endfacet
  facet normal 0.4528404675427905 0.21379251191084148 -0.8655797322063864
    outer loop
      vertex 1.4743621612915423 0.3785518623971118 -2.872139113421385
      vertex 1.415291246293107 0.5603534450136751 -2.8581391134213847
      vertex 1.816889651743129 0.7193575020198423 -2.6087641819063263
    endloop
  endfacet
  facet normal 0.46264346922200694 0.20210168024932204 -0.863200979625618
    outer loop
      vertex 1.4743621612915423 0.3785518623971118 -2.872139113421385
      vertex 1.816889651743129 0.7193575020198423 -2.6087641819063263
      vertex 1.8927223359773873 0.48596849817225574 -2.622764181906326
    endloop
  endfacet
  facet normal 0.43366533018785736 0.2584926501207134 -0.8632009796256184
    outer loop
      vertex 1.415291246293107 0.5603534450136751 -2.8581391134213847
      vertex 1.7124035323436126 0.9414018083372339 -2.594764181906326
      vertex 1.816889651743129 0.7193575020198423 -2.6087641819063263
    endloop
  endfacet
  facet normal 0.9048270524660195 0.4257792915650726 0
    outer loop
      vertex 1.7124035323436126 0.9414018083372339 -2.594764181906326
      vertex 1.7124035323436126 0.9414018083372339 -2.493235818093674
      vertex 1.816889651743129 0.7193575020198423 -2.6087641819063263
    endloop
  endfacet
  facet normal 0.9048270524660194 0.4257792915650728 0
    outer loop
      vertex 1.415291246293107 0.5603534450136751 -2.2578608865786154
      vertex 1.3339003428866194 0.7333179190634505 -2.1441391134213847
      vertex 1.415291246293107 0.5603534450136751 -2.158139113421385
    endloop
  endfacet
  facet normal 0.951056516295154 0.3090169943749466 0
    outer loop
      vertex 1.4743621612915423 0.3785518623971118 -2.271860886578615
      vertex 1.415291246293107 0.5603534450136751 -2.158139113421385
      vertex 1.4743621612915423 0.3785518623971118 -2.1721391134213848
    endloop
  endfacet
  facet normal 0.951056516295154 0.3090169943749466 0
    outer loop
      vertex 1.4743621612915423 0.3785518623971118 -2.271860886578615
      vertex 1.415291246293107 0.5603534450136751 -2.2578608865786154
      vertex 1.415291246293107 0.5603534450136751 -2.158139113421385
    endloop
  endfacet
  facet normal 0.4764575393633297 0.15414259754318949 0.8655797322063864
    outer loop
      vertex 1.415291246293107 0.5603534450136751 -2.2578608865786154
      vertex 1.816889651743129 0.7193575020198423 -2.507235818093674
      vertex 1.3339003428866194 0.7333179190634505 -2.243860886578615
    endloop
  endfacet
  facet normal 0.4533813391743914 0.21264310118589894 0.8655797322063861
    outer loop
      vertex 1.3339003428866194 0.7333179190634505 -2.243860886578615
      vertex 1.7124035323436126 0.9414018083372339 -2.493235818093674
      vertex 1.2314730342393692 0.8947175314667035 -2.2298608865786154
    endloop
  endfacet
  facet normal 0.9048270524660194 0.4257792915650728 0
    outer loop
      vertex 1.415291246293107 0.5603534450136751 -2.2578608865786154
      vertex 1.3339003428866194 0.7333179190634505 -2.243860886578615
      vertex 1.3339003428866194 0.7333179190634505 -2.1441391134213847
    endloop
  endfacet
  facet normal 0.4224743783697034 0.2688626541836062 -0.8655797322063862
    outer loop
      vertex 1.415291246293107 0.5603534450136751 -2.158139113421385
      vertex 1.3339003428866194 0.7333179190634505 -2.1441391134213847
      vertex 1.7124035323436126 0.9414018083372339 -1.8947641819063261
    endloop
  endfacet
  facet normal 0.49201971953457024 0.09321117305690284 0.865579732206386
    outer loop
      vertex 1.4743621612915423 0.3785518623971118 -2.271860886578615
      vertex 1.8927223359773873 0.48596849817225574 -2.521235818093674
      vertex 1.415291246293107 0.5603534450136751 -2.2578608865786154
    endloop
  endfacet
  facet normal 0.4930788160512672 0.10843131436468702 0.8632009796256184
    outer loop
      vertex 1.415291246293107 0.5603534450136751 -2.2578608865786154
      vertex 1.8927223359773873 0.48596849817225574 -2.521235818093674
      vertex 1.816889651743129 0.7193575020198423 -2.507235818093674
    endloop
  endfacet
  facet normal 0.4528404675427919 0.21379251191083978 -0.865579732206386
    outer loop
      vertex 1.4743621612915423 0.3785518623971118 -2.1721391134213848
      vertex 1.415291246293107 0.5603534450136751 -2.158139113421385
      vertex 1.816889651743129 0.7193575020198423 -1.9087641819063261
    endloop
  endfacet
  facet normal 0.46264346922200694 0.20210168024932204 -0.863200979625618
    outer loop
      vertex 1.4743621612915423 0.3785518623971118 -2.1721391134213848
      vertex 1.816889651743129 0.7193575020198423 -1.9087641819063261
      vertex 1.8927223359773873 0.48596849817225574 -1.922764181906326
    endloop
  endfacet
  facet normal 0.4756006950622452 0.16937546348182378 0.8632009796256181
    outer loop
      vertex 1.3339003428866194 0.7333179190634505 -2.243860886578615
      vertex 1.816889651743129 0.7193575020198423 -2.507235818093674
      vertex 1.7124035323436126 0.9414018083372339 -2.493235818093674
    endloop
  endfacet
  facet normal 0.48452571498970914 0.5159674803200787 -0.7064080908128533
    outer loop
      vertex 0.808564035336136 0.9773860207306461 -4
      vertex 0.9702768424033632 1.1728632248767752 -3.7463026028703688
      vertex 0.9246872168298595 0.8683390949336509 -4
    endloop
  endfacet
  facet normal 0.5453729577287422 0.4511717480210206 -0.7064080908128533
    outer loop
      vertex 0.9246872168298595 0.8683390949336509 -4
      vertex 1.1096246601958315 1.042006913920381 -3.7463026028703688
      vertex 1.0262275285328077 0.7455979428889197 -4
    endloop
  endfacet
  facet normal 0.48452571498970937 0.5159674803200787 -0.7064080908128532
    outer loop
      vertex 0.9246872168298595 0.8683390949336509 -4
      vertex 0.9702768424033632 1.1728632248767752 -3.7463026028703688
      vertex 1.1096246601958315 1.042006913920381 -3.7463026028703688
    endloop
  endfacet
  facet normal 0.6845471059286877 0.7289686274214124 0
    outer loop
      vertex 0.9702768424033632 1.1728632248767752 -3.502139113421385
      vertex 1.1096246601958315 1.042006913920381 -3.5161391134213846
      vertex 1.1096246601958315 1.042006913920381 -3.7463026028703688
    endloop
  endfacet
  facet normal 0.5877852522924745 0.8090169943749466 0
    outer loop
      vertex 0.8156271791909036 1.2852227821423337 -3.4881391134213846
      vertex 0.9702768424033632 1.1728632248767752 -3.502139113421385
      vertex 0.9702768424033632 1.1728632248767752 -3.7463026028703688
    endloop
  endfacet
  facet normal 0.6845471059286877 0.7289686274214124 0
    outer loop
      vertex 0.9702768424033632 1.1728632248767752 -3.7463026028703688
      vertex 0.9702768424033632 1.1728632248767752 -3.502139113421385
      vertex 1.1096246601958315 1.042006913920381 -3.7463026028703688
    endloop
  endfacet
  facet normal 0.5453729577287425 0.45117174802102045 -0.706408090812853
    outer loop
      vertex 1.0262275285328077 0.7455979428889197 -4
      vertex 1.1096246601958315 1.042006913920381 -3.7463026028703688
      vertex 1.2314730342393692 0.8947175314667035 -3.7463026028703688
    endloop
  endfacet
  facet normal 0.77051324277579 0.6374239897486889 0
    outer loop
      vertex 1.1096246601958315 1.042006913920381 -3.5161391134213846
      vertex 1.2314730342393692 0.8947175314667035 -3.530139113421385
      vertex 1.2314730342393692 0.8947175314667035 -3.7463026028703688
    endloop
  endfacet
  facet normal 0.7705132427757899 0.6374239897486889 0
    outer loop
      vertex 1.1096246601958315 1.042006913920381 -3.7463026028703688
      vertex 1.1096246601958315 1.042006913920381 -3.5161391134213846
      vertex 1.2314730342393692 0.8947175314667035 -3.7463026028703688
    endloop
  endfacet
  facet normal 0.34233814576541693 0.3654809449853948 -0.865579732206386
    outer loop
      vertex 1.1096246601958315 1.042006913920381 -3.5161391134213846
      vertex 1.4244881169930337 1.3376833806507196 -3.266764181906326
      vertex 1.2314730342393692 0.8947175314667035 -3.530139113421385
    endloop
  endfacet
  facet normal 0.4231550444297893 0.26779009609607324 0.865579732206386
    outer loop
      vertex 1.5809117862987512 1.1485996457709655 -3.179235818093674
      vertex 1.1096246601958315 1.042006913920381 -2.9158608865786153
      vertex 1.2314730342393692 0.8947175314667035 -2.929860886578615
    endloop
  endfacet
  facet normal 0.2938317985934524 0.40550536535150544 -0.8655797322063861
    outer loop
      vertex 0.9702768424033632 1.1728632248767752 -3.502139113421385
      vertex 1.2455994191343818 1.505671049524293 -3.252764181906326
      vertex 1.1096246601958315 1.042006913920381 -3.5161391134213846
    endloop
  endfacet
  facet normal 0.30805433555567074 0.3999832435474361 -0.863200979625618
    outer loop
      vertex 1.1096246601958315 1.042006913920381 -3.5161391134213846
      vertex 1.2455994191343818 1.505671049524293 -3.252764181906326
      vertex 1.4244881169930337 1.3376833806507196 -3.266764181906326
    endloop
  endfacet
  facet normal 0.2406915484310592 0.43913472386885966 -0.8655797322063863
    outer loop
      vertex 0.8156271791909036 1.2852227821423337 -3.4881391134213846
      vertex 1.047066874350955 1.6499133865025817 -3.238764181906326
      vertex 0.9702768424033632 1.1728632248767752 -3.502139113421385
    endloop
  endfacet
  facet normal 0.25549404182310614 0.4354387021915555 -0.863200979625618
    outer loop
      vertex 0.9702768424033632 1.1728632248767752 -3.502139113421385
      vertex 1.047066874350955 1.6499133865025817 -3.238764181906326
      vertex 1.2455994191343818 1.505671049524293 -3.252764181906326
    endloop
  endfacet
  facet normal 0.3351748142815008 0.37754723233621373 0.8632009796256179
    outer loop
      vertex 0.8156271791909036 1.2852227821423337 -2.8878608865786153
      vertex 1.2455994191343818 1.505671049524293 -3.151235818093674
      vertex 1.047066874350955 1.6499133865025817 -3.137235818093674
    endloop
  endfacet
  facet normal 0.19890445442624602 0.46402703238364307 -0.8632009796256183
    outer loop
      vertex 0.8156271791909036 1.2852227821423337 -3.4881391134213846
      vertex 0.8320214594715815 1.7681356037652416 -3.224764181906326
      vertex 1.047066874350955 1.6499133865025817 -3.238764181906326
    endloop
  endfacet
  facet normal 0.4817536741017151 0.8763066800438637 0
    outer loop
      vertex 1.047066874350955 1.6499133865025817 -3.238764181906326
      vertex 0.8320214594715815 1.7681356037652416 -3.224764181906326
      vertex 0.8320214594715815 1.7681356037652416 -3.123235818093674
    endloop
  endfacet
  facet normal 0.4817536741017151 0.8763066800438637 0
    outer loop
      vertex 1.047066874350955 1.6499133865025817 -3.238764181906326
      vertex 0.8320214594715815 1.7681356037652416 -3.123235818093674
      vertex 1.047066874350955 1.6499133865025817 -3.137235818093674
    endloop
  endfacet
  facet normal 0.37985107621097736 0.33256161635813525 0.8632009796256181
    outer loop
      vertex 1.2455994191343818 1.505671049524293 -3.151235818093674
      vertex 0.9702768424033632 1.1728632248767752 -2.901860886578615
      vertex 1.4244881169930337 1.3376833806507196 -3.1652358180936737
    endloop
  endfacet
  facet normal 0.6845471059286878 0.7289686274214123 0
    outer loop
      vertex 1.2455994191343818 1.505671049524293 -3.252764181906326
      vertex 1.2455994191343818 1.505671049524293 -3.151235818093674
      vertex 1.4244881169930337 1.3376833806507196 -3.266764181906326
    endloop
  endfacet
  facet normal 0.5877852522924737 0.809016994374947 0
    outer loop
      vertex 1.047066874350955 1.6499133865025817 -3.238764181906326
      vertex 1.047066874350955 1.6499133865025817 -3.137235818093674
      vertex 1.2455994191343818 1.505671049524293 -3.252764181906326
    endloop
  endfacet
  facet normal 0.5877852522924737 0.809016994374947 0
    outer loop
      vertex 1.047066874350955 1.6499133865025817 -3.137235818093674
      vertex 1.2455994191343818 1.505671049524293 -3.151235818093674
      vertex 1.2455994191343818 1.505671049524293 -3.252764181906326
    endloop
  endfacet
  facet normal 0.38544561587576687 0.3196926717891292 -0.865579732206386
    outer loop
      vertex 1.3339003428866194 0.7333179190634505 -3.5441391134213847
      vertex 1.2314730342393692 0.8947175314667035 -3.530139113421385
      vertex 1.5809117862987512 1.1485996457709655 -3.280764181906326
    endloop
  endfacet
  facet normal 0.4506220670020086 0.22764846035985148 0.8632009796256179
    outer loop
      vertex 1.7124035323436126 0.9414018083372339 -3.193235818093674
      vertex 1.5809117862987512 1.1485996457709655 -3.179235818093674
      vertex 1.2314730342393692 0.8947175314667035 -2.929860886578615
    endloop
  endfacet
  facet normal 0.35575642839378285 0.35821981021416566 -0.8632009796256179
    outer loop
      vertex 1.2314730342393692 0.8947175314667035 -3.530139113421385
      vertex 1.4244881169930337 1.3376833806507196 -3.266764181906326
      vertex 1.5809117862987512 1.1485996457709655 -3.280764181906326
    endloop
  endfacet
  facet normal 0.4185368597565746 0.28233130502740617 0.8632009796256183
    outer loop
      vertex 1.5809117862987512 1.1485996457709655 -3.179235818093674
      vertex 1.4244881169930337 1.3376833806507196 -3.1652358180936737
      vertex 1.1096246601958315 1.042006913920381 -2.9158608865786153
    endloop
  endfacet
  facet normal 0.7705132427757899 0.6374239897486891 0
    outer loop
      vertex 1.5809117862987512 1.1485996457709655 -3.280764181906326
      vertex 1.4244881169930337 1.3376833806507196 -3.1652358180936737
      vertex 1.5809117862987512 1.1485996457709655 -3.179235818093674
    endloop
  endfacet
  facet normal 0.7705132427757899 0.6374239897486891 0
    outer loop
      vertex 1.5809117862987512 1.1485996457709655 -3.280764181906326
      vertex 1.4244881169930337 1.3376833806507196 -3.266764181906326
      vertex 1.4244881169930337 1.3376833806507196 -3.1652358180936737
    endloop
  endfacet
  facet normal 0.3978480298375351 0.31080703648367547 -0.8632009796256184
    outer loop
      vertex 1.3339003428866194 0.7333179190634505 -3.5441391134213847
      vertex 1.5809117862987512 1.1485996457709655 -3.280764181906326
      vertex 1.7124035323436126 0.9414018083372339 -3.2947641819063263
    endloop
  endfacet
  facet normal 0.8443279255020149 0.535826794978997 0
    outer loop
      vertex 1.7124035323436126 0.9414018083372339 -3.2947641819063263
      vertex 1.5809117862987512 1.1485996457709655 -3.280764181906326
      vertex 1.5809117862987512 1.1485996457709655 -3.179235818093674
    endloop
  endfacet
  facet normal 0.8443279255020149 0.5358267949789969 0
    outer loop
      vertex 1.7124035323436126 0.9414018083372339 -3.2947641819063263
      vertex 1.5809117862987512 1.1485996457709655 -3.179235818093674
      vertex 1.7124035323436126 0.9414018083372339 -3.193235818093674
    endloop
  endfacet
  facet normal 0.6845471059286877 0.7289686274214124 0
    outer loop
      vertex 1.2455994191343818 1.505671049524293 -3.151235818093674
      vertex 1.4244881169930337 1.3376833806507196 -3.1652358180936737
      vertex 1.4244881169930337 1.3376833806507196 -3.266764181906326
    endloop
  endfacet
  facet normal 0.6845471059286877 0.7289686274214126 0
    outer loop
      vertex 0.9702768424033632 1.1728632248767752 -2.802139113421385
      vertex 1.1096246601958315 1.042006913920381 -2.816139113421385
      vertex 1.1096246601958315 1.042006913920381 -2.9158608865786153
    endloop
  endfacet
  facet normal 0.5877852522924744 0.8090169943749463 0
    outer loop
      vertex 0.8156271791909036 1.2852227821423337 -2.788139113421385
      vertex 0.9702768424033632 1.1728632248767752 -2.802139113421385
      vertex 0.9702768424033632 1.1728632248767752 -2.901860886578615
    endloop
  endfacet
  facet normal 0.6845471059286877 0.7289686274214126 0
    outer loop
      vertex 0.9702768424033632 1.1728632248767752 -2.901860886578615
      vertex 0.9702768424033632 1.1728632248767752 -2.802139113421385
      vertex 1.1096246601958315 1.042006913920381 -2.9158608865786153
    endloop
  endfacet
  facet normal 0.7705132427757898 0.6374239897486889 0
    outer loop
      vertex 1.1096246601958315 1.042006913920381 -2.816139113421385
      vertex 1.2314730342393692 0.8947175314667035 -2.830139113421385
      vertex 1.2314730342393692 0.8947175314667035 -2.929860886578615
    endloop
  endfacet
  facet normal 0.7705132427757898 0.6374239897486889 0
    outer loop
      vertex 1.1096246601958315 1.042006913920381 -2.9158608865786153
      vertex 1.1096246601958315 1.042006913920381 -2.816139113421385
      vertex 1.2314730342393692 0.8947175314667035 -2.929860886578615
    endloop
  endfacet
  facet normal 0.34233814576541693 0.3654809449853948 -0.865579732206386
    outer loop
      vertex 1.1096246601958315 1.042006913920381 -2.816139113421385
      vertex 1.4244881169930337 1.3376833806507196 -2.566764181906326
      vertex 1.2314730342393692 0.8947175314667035 -2.830139113421385
    endloop
  endfacet
  facet normal 0.38625534185395843 0.31871388122076205 0.8655797322063864
    outer loop
      vertex 1.4244881169930337 1.3376833806507196 -3.1652358180936737
      vertex 0.9702768424033632 1.1728632248767752 -2.901860886578615
      vertex 1.1096246601958315 1.042006913920381 -2.9158608865786153
    endloop
  endfacet
  facet normal 0.2938317985934524 0.40550536535150544 -0.8655797322063861
    outer loop
      vertex 0.9702768424033632 1.1728632248767752 -2.802139113421385
      vertex 1.2455994191343818 1.505671049524293 -2.5527641819063263
      vertex 1.1096246601958315 1.042006913920381 -2.816139113421385
    endloop
  endfacet
  facet normal 0.30805433555567074 0.3999832435474361 -0.863200979625618
    outer loop
      vertex 1.1096246601958315 1.042006913920381 -2.816139113421385
      vertex 1.2455994191343818 1.505671049524293 -2.5527641819063263
      vertex 1.4244881169930337 1.3376833806507196 -2.566764181906326
    endloop
  endfacet
  facet normal 0.6845471059286877 0.7289686274214126 0
    outer loop
      vertex 0.9702768424033632 1.1728632248767752 -2.102139113421385
      vertex 1.1096246601958315 1.042006913920381 -2.1161391134213847
      vertex 1.1096246601958315 1.042006913920381 -2.215860886578615
    endloop
  endfacet
  facet normal 0.5877852522924745 0.8090169943749465 0
    outer loop
      vertex 0.8156271791909036 1.2852227821423337 -2.088139113421385
      vertex 0.9702768424033632 1.1728632248767752 -2.102139113421385
      vertex 0.9702768424033632 1.1728632248767752 -2.2018608865786153
    endloop
  endfacet
  facet normal 0.6845471059286877 0.7289686274214124 0
    outer loop
      vertex 0.9702768424033632 1.1728632248767752 -2.2018608865786153
      vertex 0.9702768424033632 1.1728632248767752 -2.102139113421385
      vertex 1.1096246601958315 1.042006913920381 -2.215860886578615
    endloop
  endfacet
  facet normal 0.42315504442978996 0.26779009609607113 0.8655797322063863
    outer loop
      vertex 1.1096246601958315 1.042006913920381 -2.215860886578615
      vertex 1.2314730342393692 0.8947175314667035 -2.2298608865786154
      vertex 1.5809117862987512 1.1485996457709655 -2.4792358180936738
    endloop
  endfacet
  facet normal 0.7705132427757899 0.637423989748689 0
    outer loop
      vertex 1.1096246601958315 1.042006913920381 -2.1161391134213847
      vertex 1.2314730342393692 0.8947175314667035 -2.130139113421385
      vertex 1.2314730342393692 0.8947175314667035 -2.2298608865786154
    endloop
  endfacet
  facet normal 0.7705132427757898 0.6374239897486889 0
    outer loop
      vertex 1.1096246601958315 1.042006913920381 -2.215860886578615
      vertex 1.1096246601958315 1.042006913920381 -2.1161391134213847
      vertex 1.2314730342393692 0.8947175314667035 -2.2298608865786154
    endloop
  endfacet
  facet normal 0.3423381457654167 0.3654809449853946 -0.8655797322063861
    outer loop
      vertex 1.1096246601958315 1.042006913920381 -2.1161391134213847
      vertex 1.4244881169930337 1.3376833806507196 -1.866764181906326
      vertex 1.2314730342393692 0.8947175314667035 -2.130139113421385
    endloop
  endfacet
  facet normal 0.38625534185395755 0.3187138812207641 0.8655797322063861
    outer loop
      vertex 0.9702768424033632 1.1728632248767752 -2.2018608865786153
      vertex 1.1096246601958315 1.042006913920381 -2.215860886578615
      vertex 1.4244881169930337 1.3376833806507196 -2.465235818093674
    endloop
  endfacet
  facet normal 0.2938317985934524 0.40550536535150544 -0.8655797322063861
    outer loop
      vertex 0.9702768424033632 1.1728632248767752 -2.102139113421385
      vertex 1.2455994191343818 1.505671049524293 -1.852764181906326
      vertex 1.1096246601958315 1.042006913920381 -2.1161391134213847
    endloop
  endfacet
  facet normal 0.34326416179933383 0.36461135804815775 0.865579732206386
    outer loop
      vertex 0.8156271791909036 1.2852227821423337 -2.8878608865786153
      vertex 0.9702768424033632 1.1728632248767752 -2.901860886578615
      vertex 1.2455994191343818 1.505671049524293 -3.151235818093674
    endloop
  endfacet
  facet normal 0.24069154843105964 0.43913472386886027 -0.8655797322063861
    outer loop
      vertex 0.8156271791909036 1.2852227821423337 -2.788139113421385
      vertex 1.047066874350955 1.6499133865025817 -2.538764181906326
      vertex 0.9702768424033632 1.1728632248767752 -2.802139113421385
    endloop
  endfacet
  facet normal 0.255494041823105 0.43543870219155645 -0.8632009796256179
    outer loop
      vertex 0.9702768424033632 1.1728632248767752 -2.802139113421385
      vertex 1.047066874350955 1.6499133865025817 -2.538764181906326
      vertex 1.2455994191343818 1.505671049524293 -2.5527641819063263
    endloop
  endfacet
  facet normal 0.19890445442624766 0.46402703238364285 -0.863200979625618
    outer loop
      vertex 0.8156271791909036 1.2852227821423337 -2.788139113421385
      vertex 0.8320214594715815 1.7681356037652416 -2.5247641819063262
      vertex 1.047066874350955 1.6499133865025817 -2.538764181906326
    endloop
  endfacet
  facet normal 0.6845471059286878 0.7289686274214123 0
    outer loop
      vertex 1.2455994191343818 1.505671049524293 -2.5527641819063263
      vertex 1.2455994191343818 1.505671049524293 -2.451235818093674
      vertex 1.4244881169930337 1.3376833806507196 -2.566764181906326
    endloop
  endfacet
  facet normal 0.5877852522924737 0.809016994374947 0
    outer loop
      vertex 1.047066874350955 1.6499133865025817 -2.538764181906326
      vertex 1.047066874350955 1.6499133865025817 -2.437235818093674
      vertex 1.2455994191343818 1.505671049524293 -2.5527641819063263
    endloop
  endfacet
  facet normal 0.34326416179933544 0.3646113580481564 0.865579732206386
    outer loop
      vertex 0.8156271791909036 1.2852227821423337 -2.187860886578615
      vertex 0.9702768424033632 1.1728632248767752 -2.2018608865786153
      vertex 1.2455994191343818 1.505671049524293 -2.451235818093674
    endloop
  endfacet
  facet normal 0.3351748142815021 0.37754723233621285 0.8632009796256177
    outer loop
      vertex 0.8156271791909036 1.2852227821423337 -2.187860886578615
      vertex 1.2455994191343818 1.505671049524293 -2.451235818093674
      vertex 1.047066874350955 1.6499133865025817 -2.437235818093674
    endloop
  endfacet
  facet normal 0.24069154843106158 0.4391347238688594 -0.8655797322063857
    outer loop
      vertex 0.8156271791909036 1.2852227821423337 -2.088139113421385
      vertex 1.047066874350955 1.6499133865025817 -1.838764181906326
      vertex 0.9702768424033632 1.1728632248767752 -2.102139113421385
    endloop
  endfacet
  facet normal 0.48175367410171516 0.8763066800438637 0
    outer loop
      vertex 1.047066874350955 1.6499133865025817 -2.538764181906326
      vertex 0.8320214594715815 1.7681356037652416 -2.5247641819063262
      vertex 0.8320214594715815 1.7681356037652416 -2.423235818093674
    endloop
  endfacet
  facet normal 0.4817536741017151 0.8763066800438637 0
    outer loop
      vertex 1.047066874350955 1.6499133865025817 -2.538764181906326
      vertex 0.8320214594715815 1.7681356037652416 -2.423235818093674
      vertex 1.047066874350955 1.6499133865025817 -2.437235818093674
    endloop
  endfacet
  facet normal 0.3798510762109775 0.33256161635813536 0.863200979625618
    outer loop
      vertex 0.9702768424033632 1.1728632248767752 -2.2018608865786153
      vertex 1.4244881169930337 1.3376833806507196 -2.465235818093674
      vertex 1.2455994191343818 1.505671049524293 -2.451235818093674
    endloop
  endfacet
  facet normal 0.5877852522924737 0.809016994374947 0
    outer loop
      vertex 1.2455994191343818 1.505671049524293 -2.5527641819063263
      vertex 1.047066874350955 1.6499133865025817 -2.437235818093674
      vertex 1.2455994191343818 1.505671049524293 -2.451235818093674
    endloop
  endfacet
  facet normal 0.38544561587576687 0.3196926717891292 -0.865579732206386
    outer loop
      vertex 1.3339003428866194 0.7333179190634505 -2.844139113421385
      vertex 1.2314730342393692 0.8947175314667035 -2.830139113421385
      vertex 1.5809117862987512 1.1485996457709655 -2.5807641819063263
    endloop
  endfacet
  facet normal 0.35575642839378285 0.35821981021416566 -0.8632009796256179
    outer loop
      vertex 1.2314730342393692 0.8947175314667035 -2.830139113421385
      vertex 1.4244881169930337 1.3376833806507196 -2.566764181906326
      vertex 1.5809117862987512 1.1485996457709655 -2.5807641819063263
    endloop
  endfacet
  facet normal 0.7705132427757898 0.6374239897486889 0
    outer loop
      vertex 1.5809117862987512 1.1485996457709655 -2.5807641819063263
      vertex 1.4244881169930337 1.3376833806507196 -2.465235818093674
      vertex 1.5809117862987512 1.1485996457709655 -2.4792358180936738
    endloop
  endfacet
  facet normal 0.7705132427757899 0.6374239897486891 0
    outer loop
      vertex 1.5809117862987512 1.1485996457709655 -2.5807641819063263
      vertex 1.4244881169930337 1.3376833806507196 -2.566764181906326
      vertex 1.4244881169930337 1.3376833806507196 -2.465235818093674
    endloop
  endfacet
  facet normal 0.3978480298375365 0.3108070364836744 -0.863200979625618
    outer loop
      vertex 1.3339003428866194 0.7333179190634505 -2.844139113421385
      vertex 1.5809117862987512 1.1485996457709655 -2.5807641819063263
      vertex 1.7124035323436126 0.9414018083372339 -2.594764181906326
    endloop
  endfacet
  facet normal 0.8443279255020149 0.5358267949789969 0
    outer loop
      vertex 1.7124035323436126 0.9414018083372339 -2.594764181906326
      vertex 1.5809117862987512 1.1485996457709655 -2.5807641819063263
      vertex 1.5809117862987512 1.1485996457709655 -2.4792358180936738
    endloop
  endfacet
  facet normal 0.8443279255020149 0.5358267949789969 0
    outer loop
      vertex 1.7124035323436126 0.9414018083372339 -2.594764181906326
      vertex 1.5809117862987512 1.1485996457709655 -2.4792358180936738
      vertex 1.7124035323436126 0.9414018083372339 -2.493235818093674
    endloop
  endfacet
  facet normal 0.450622067002008 0.22764846035985112 0.8632009796256183
    outer loop
      vertex 1.2314730342393692 0.8947175314667035 -2.2298608865786154
      vertex 1.7124035323436126 0.9414018083372339 -2.493235818093674
      vertex 1.5809117862987512 1.1485996457709655 -2.4792358180936738
    endloop
  endfacet
  facet normal 0.38544561587576687 0.3196926717891292 -0.865579732206386
    outer loop
      vertex 1.3339003428866194 0.7333179190634505 -2.1441391134213847
      vertex 1.2314730342393692 0.8947175314667035 -2.130139113421385
      vertex 1.5809117862987512 1.1485996457709655 -1.880764181906326
    endloop
  endfacet
  facet normal 0.41853685975657406 0.28233130502740783 0.8632009796256179
    outer loop
      vertex 1.1096246601958315 1.042006913920381 -2.215860886578615
      vertex 1.5809117862987512 1.1485996457709655 -2.4792358180936738
      vertex 1.4244881169930337 1.3376833806507196 -2.465235818093674
    endloop
  endfacet
  facet normal 0.6845471059286877 0.7289686274214124 0
    outer loop
      vertex 1.2455994191343818 1.505671049524293 -2.451235818093674
      vertex 1.4244881169930337 1.3376833806507196 -2.465235818093674
      vertex 1.4244881169930337 1.3376833806507196 -2.566764181906326
    endloop
  endfacet
  facet normal -0.0006351549292256723 0.5007707297473938 -0.8655797322063858
    outer loop
      vertex 0.09557874821402428 1.519180699608322 -2.032139113421385
      vertex 0.12269986054916825 1.950258435834777 -1.782764181906326
      vertex 0.28522891068676137 1.4952223124609376 -2.046139113421385
    endloop
  endfacet
  facet normal 0.06339336137649541 0.496742396949274 0.8655797322063861
    outer loop
      vertex -0.09557874821402428 1.519180699608322 -1.417860886578615
      vertex 0.09557874821402428 1.519180699608322 -1.431860886578615
      vertex 0.12269986054916825 1.950258435834777 -1.681235818093674
    endloop
  endfacet
  facet normal 0.06213306829069758 0.4969016089914629 -0.865579732206386
    outer loop
      vertex 0.28522891068676137 1.4952223124609376 -2.046139113421385
      vertex 0.36616453154930095 1.919501695273744 -1.796764181906326
      vertex 0.470380842850476 1.4476833762435302 -2.060139113421385
    endloop
  endfacet
  facet normal 0.12515181664549804 0.48488013981173983 0.8655797322063863
    outer loop
      vertex 0.09557874821402428 1.519180699608322 -1.431860886578615
      vertex 0.28522891068676137 1.4952223124609376 -1.4458608865786151
      vertex 0.36616453154930095 1.919501695273744 -1.6952358180936737
    endloop
  endfacet
  facet normal 0 1 0
    outer loop
      vertex -0.09557874821402428 1.519180699608322 -1.318139113421385
      vertex 0.09557874821402428 1.519180699608322 -1.3321391134213847
      vertex 0.09557874821402428 1.519180699608322 -1.431860886578615
    endloop
  endfacet
  facet normal 0.1253332335643042 0.9921147013144779 0
    outer loop
      vertex 0.09557874821402428 1.519180699608322 -1.431860886578615
      vertex 0.09557874821402428 1.519180699608322 -1.3321391134213847
      vertex 0.28522891068676137 1.4952223124609376 -1.4458608865786151
    endloop
  endfacet
  facet normal -0.0006351549292278501 0.5007707297473929 -0.8655797322063864
    outer loop
      vertex 0.09557874821402428 1.519180699608322 -1.3321391134213847
      vertex 0.12269986054916825 1.950258435834777 -1.0827641819063263
      vertex 0.28522891068676137 1.4952223124609376 -1.346139113421385
    endloop
  endfacet
  facet normal 0.1253332335643042 0.9921147013144779 0
    outer loop
      vertex 0.09557874821402428 1.519180699608322 -1.3321391134213847
      vertex 0.28522891068676137 1.4952223124609376 -1.346139113421385
      vertex 0.28522891068676137 1.4952223124609376 -1.4458608865786151
    endloop
  endfacet
  facet normal 0.24868988716485396 0.9685831611286313 0
    outer loop
      vertex 0.28522891068676137 1.4952223124609376 -1.4458608865786151
      vertex 0.28522891068676137 1.4952223124609376 -1.346139113421385
      vertex 0.470380842850476 1.4476833762435302 -1.4598608865786151
    endloop
  endfacet
  facet normal 0.24868988716485402 0.9685831611286313 0
    outer loop
      vertex 0.28522891068676137 1.4952223124609376 -1.346139113421385
      vertex 0.470380842850476 1.4476833762435302 -1.3601391134213847
      vertex 0.470380842850476 1.4476833762435302 -1.4598608865786151
    endloop
  endfacet
  facet normal 0.06213306829069956 0.4969016089914625 -0.8655797322063861
    outer loop
      vertex 0.28522891068676137 1.4952223124609376 -1.346139113421385
      vertex 0.36616453154930095 1.919501695273744 -1.096764181906326
      vertex 0.470380842850476 1.4476833762435302 -1.3601391134213847
    endloop
  endfacet
  facet normal 0.5877852522924744 0.8090169943749466 0
    outer loop
      vertex 0.8156271791909036 1.2852227821423337 -1.4878608865786151
      vertex 0.8156271791909036 1.2852227821423337 -1.3881391134213847
      vertex 0.9702768424033632 1.1728632248767752 -1.5018608865786152
    endloop
  endfacet
  facet normal 0.07725667490580972 0.4989142962031374 -0.8632009796256177
    outer loop
      vertex 0.470380842850476 1.4476833762435302 -2.060139113421385
      vertex 0.36616453154930095 1.919501695273744 -1.796764181906326
      vertex 0.6038545691508126 1.8584732663235117 -1.810764181906326
    endloop
  endfacet
  facet normal 0.12392141590718614 0.4851960530271033 -0.8655797322063858
    outer loop
      vertex 0.470380842850476 1.4476833762435302 -2.060139113421385
      vertex 0.6038545691508126 1.8584732663235117 -1.810764181906326
      vertex 0.6481145881305433 1.3773136083786315 -2.074139113421385
    endloop
  endfacet
  facet normal 0.18493655300392958 0.4653710332160196 0.8655797322063862
    outer loop
      vertex 0.28522891068676137 1.4952223124609376 -1.4458608865786151
      vertex 0.470380842850476 1.4476833762435302 -1.4598608865786151
      vertex 0.6038545691508126 1.8584732663235117 -1.7092358180936738
    endloop
  endfacet
  facet normal 0.24180472944574838 0.43852274742730185 0.8655797322063862
    outer loop
      vertex 0.470380842850476 1.4476833762435302 -1.4598608865786151
      vertex 0.6481145881305433 1.3773136083786315 -1.4738608865786151
      vertex 0.8320214594715815 1.7681356037652416 -1.7232358180936738
    endloop
  endfacet
  facet normal 0.23075250253838214 0.44904047851574275 0.863200979625618
    outer loop
      vertex 0.470380842850476 1.4476833762435302 -1.4598608865786151
      vertex 0.8320214594715815 1.7681356037652416 -1.7232358180936738
      vertex 0.6038545691508126 1.8584732663235117 -1.7092358180936738
    endloop
  endfacet
  facet normal 0.18375544876774655 0.4658386654644344 -0.8655797322063861
    outer loop
      vertex 0.8156271791909036 1.2852227821423337 -2.088139113421385
      vertex 0.6481145881305433 1.3773136083786315 -2.074139113421385
      vertex 0.8320214594715815 1.7681356037652416 -1.824764181906326
    endloop
  endfacet
  facet normal 0.2948595008570625 0.4047586959508651 0.8655797322063861
    outer loop
      vertex 0.8156271791909036 1.2852227821423337 -1.4878608865786151
      vertex 1.047066874350955 1.6499133865025817 -1.7372358180936738
      vertex 0.6481145881305433 1.3773136083786315 -1.4738608865786151
    endloop
  endfacet
  facet normal 0.1391780249633253 0.4852973790787268 -0.8632009796256179
    outer loop
      vertex 0.6481145881305433 1.3773136083786315 -2.074139113421385
      vertex 0.6038545691508126 1.8584732663235117 -1.810764181906326
      vertex 0.8320214594715815 1.7681356037652416 -1.824764181906326
    endloop
  endfacet
  facet normal 0.28521264530707563 0.4165787029245654 0.8632009796256181
    outer loop
      vertex 0.6481145881305433 1.3773136083786315 -1.4738608865786151
      vertex 1.047066874350955 1.6499133865025817 -1.7372358180936738
      vertex 0.8320214594715815 1.7681356037652416 -1.7232358180936738
    endloop
  endfacet
  facet normal 0.3681245526846789 0.929776485888251 0
    outer loop
      vertex 0.470380842850476 1.4476833762435302 -1.4598608865786151
      vertex 0.470380842850476 1.4476833762435302 -1.3601391134213847
      vertex 0.6481145881305433 1.3773136083786315 -1.4738608865786151
    endloop
  endfacet
  facet normal 0.36812455268467903 0.929776485888251 0
    outer loop
      vertex 0.470380842850476 1.4476833762435302 -1.3601391134213847
      vertex 0.6481145881305433 1.3773136083786315 -1.374139113421385
      vertex 0.6481145881305433 1.3773136083786315 -1.4738608865786151
    endloop
  endfacet
  facet normal 0.12392141590718382 0.485196053027103 -0.8655797322063863
    outer loop
      vertex 0.470380842850476 1.4476833762435302 -1.3601391134213847
      vertex 0.6038545691508126 1.8584732663235117 -1.1107641819063263
      vertex 0.6481145881305433 1.3773136083786315 -1.374139113421385
    endloop
  endfacet
  facet normal 0.07725667490580874 0.4989142962031366 -0.8632009796256183
    outer loop
      vertex 0.470380842850476 1.4476833762435302 -1.3601391134213847
      vertex 0.36616453154930095 1.919501695273744 -1.096764181906326
      vertex 0.6038545691508126 1.8584732663235117 -1.1107641819063263
    endloop
  endfacet
  facet normal 0.4817536741017144 0.8763066800438641 0
    outer loop
      vertex 0.8156271791909036 1.2852227821423337 -1.4878608865786151
      vertex 0.6481145881305433 1.3773136083786315 -1.4738608865786151
      vertex 0.6481145881305433 1.3773136083786315 -1.374139113421385
    endloop
  endfacet
  facet normal 0.4817536741017143 0.876306680043864 0
    outer loop
      vertex 0.8156271791909036 1.2852227821423337 -1.4878608865786151
      vertex 0.6481145881305433 1.3773136083786315 -1.374139113421385
      vertex 0.8156271791909036 1.2852227821423337 -1.3881391134213847
    endloop
  endfacet
  facet normal 0.18375544876774838 0.46583866546443353 -0.8655797322063861
    outer loop
      vertex 0.8156271791909036 1.2852227821423337 -1.3881391134213847
      vertex 0.6481145881305433 1.3773136083786315 -1.374139113421385
      vertex 0.8320214594715815 1.7681356037652416 -1.124764181906326
    endloop
  endfacet
  facet normal 0.13917802496332599 0.4852973790787265 -0.863200979625618
    outer loop
      vertex 0.6481145881305433 1.3773136083786315 -1.374139113421385
      vertex 0.6038545691508126 1.8584732663235117 -1.1107641819063263
      vertex 0.8320214594715815 1.7681356037652416 -1.124764181906326
    endloop
  endfacet
  facet normal 0 1 0
    outer loop
      vertex -0.09557874821402428 1.519180699608322 -0.5524064218001525
      vertex 0.09557874821402428 1.519180699608322 -0.632139113421385
      vertex 0.09557874821402428 1.519180699608322 -0.7318608865786151
    endloop
  endfacet
  facet normal 0.1253332335643042 0.9921147013144779 0
    outer loop
      vertex 0.09557874821402428 1.519180699608322 -0.7318608865786151
      vertex 0.09557874821402428 1.519180699608322 -0.632139113421385
      vertex 0.28522891068676137 1.4952223124609376 -0.7458608865786152
    endloop
  endfacet
  facet normal 0.06339336137649543 0.49674239694927363 0.8655797322063862
    outer loop
      vertex -0.09557874821402428 1.519180699608322 -0.7178608865786151
      vertex 0.09557874821402428 1.519180699608322 -0.7318608865786151
      vertex 0.12269986054916825 1.950258435834777 -0.9812358180936738
    endloop
  endfacet
  facet normal -0.3361475543872215 0.4873591269644027 -0.8059068823654412
    outer loop
      vertex -0.09557874821402428 1.519180699608322 -0.5524064218001525
      vertex 0.12269986054916825 1.950258435834777 -0.3827641819063261
      vertex 0.09557874821402428 1.519180699608322 -0.632139113421385
    endloop
  endfacet
  facet normal -0.000635154929225727 0.5007707297473935 -0.865579732206386
    outer loop
      vertex 0.09557874821402428 1.519180699608322 -0.632139113421385
      vertex 0.12269986054916825 1.950258435834777 -0.3827641819063261
      vertex 0.28522891068676137 1.4952223124609376 -0.6461391134213847
    endloop
  endfacet
  facet normal 0.1253332335643042 0.9921147013144779 0
    outer loop
      vertex 0.09557874821402428 1.519180699608322 -0.632139113421385
      vertex 0.28522891068676137 1.4952223124609376 -0.6461391134213847
      vertex 0.28522891068676137 1.4952223124609376 -0.7458608865786152
    endloop
  endfacet
  facet normal 0.24868988716485402 0.9685831611286313 0
    outer loop
      vertex 0.28522891068676137 1.4952223124609376 -0.7458608865786152
      vertex 0.28522891068676137 1.4952223124609376 -0.6461391134213847
      vertex 0.470380842850476 1.4476833762435302 -0.7598608865786152
    endloop
  endfacet
  facet normal 0.24868988716485402 0.9685831611286313 0
    outer loop
      vertex 0.28522891068676137 1.4952223124609376 -0.6461391134213847
      vertex 0.470380842850476 1.4476833762435302 -0.6601391134213848
      vertex 0.470380842850476 1.4476833762435302 -0.7598608865786152
    endloop
  endfacet
  facet normal 0.12515181664549804 0.48488013981173983 0.8655797322063863
    outer loop
      vertex 0.09557874821402428 1.519180699608322 -0.7318608865786151
      vertex 0.28522891068676137 1.4952223124609376 -0.7458608865786152
      vertex 0.36616453154930095 1.919501695273744 -0.9952358180936738
    endloop
  endfacet
  facet normal 0.06213306829069856 0.4969016089914627 -0.865579732206386
    outer loop
      vertex 0.28522891068676137 1.4952223124609376 -0.6461391134213847
      vertex 0.36616453154930095 1.919501695273744 -0.3967641819063259
      vertex 0.470380842850476 1.4476833762435302 -0.6601391134213848
    endloop
  endfacet
  facet normal 0 1 0
    outer loop
      vertex -0.09557874821402428 1.519180699608322 0
      vertex 0.09557874821402382 1.519180699608322 0
      vertex 0.09557874821402428 1.519180699608322 -0.031860886578615195
    endloop
  endfacet
  facet normal 0.12533323356430434 0.9921147013144779 1.8015344469643034e-15
    outer loop
      vertex 0.09557874821402428 1.519180699608322 -0.031860886578615195
      vertex 0.09557874821402382 1.519180699608322 0
      vertex 0.28522891068676137 1.4952223124609376 -0.045860886578614986
    endloop
  endfacet
  facet normal -0.22647882148918289 0.4983666447658739 0.8368620141945002
    outer loop
      vertex -0.09557874821402428 1.519180699608322 -0.08359357819984715
      vertex 0.09557874821402428 1.519180699608322 -0.031860886578615195
      vertex 0.12269986054916825 1.950258435834777 -0.28123581809367404
    endloop
  endfacet
  facet normal 0.1253332335643039 0.9921147013144779 0
    outer loop
      vertex 0.28522891068676137 1.4952223124609376 -0.045860886578614986
      vertex 0.09557874821402382 1.519180699608322 0
      vertex 0.28522891068676137 1.4952223124609376 0
    endloop
  endfacet
  facet normal 0.248689887164854 0.9685831611286313 0
    outer loop
      vertex 0.28522891068676137 1.4952223124609376 -0.045860886578614986
      vertex 0.28522891068676137 1.4952223124609376 0
      vertex 0.470380842850476 1.4476833762435302 -0.05986088657861522
    endloop
  endfacet
  facet normal 0.24868988716485405 0.9685831611286314 0
    outer loop
      vertex 0.470380842850476 1.4476833762435302 -0.05986088657861522
      vertex 0.28522891068676137 1.4952223124609376 0
      vertex 0.470380842850476 1.4476833762435302 0
    endloop
  endfacet
  facet normal 0.1251518166454971 0.48488013981174044 0.8655797322063861
    outer loop
      vertex 0.09557874821402428 1.519180699608322 -0.031860886578615195
      vertex 0.28522891068676137 1.4952223124609376 -0.045860886578614986
      vertex 0.36616453154930095 1.919501695273744 -0.29523581809367383
    endloop
  endfacet
  facet normal 0.5877852522924744 0.8090169943749466 0
    outer loop
      vertex 0.8156271791909036 1.2852227821423337 -0.7878608865786152
      vertex 0.8156271791909036 1.2852227821423337 -0.6881391134213848
      vertex 0.9702768424033632 1.1728632248767752 -0.801860886578615
    endloop
  endfacet
  facet normal 0.5877852522924745 0.8090169943749466 0
    outer loop
      vertex 0.8156271791909036 1.2852227821423337 -0.08786088657861525
      vertex 0.8156271791909036 1.2852227821423337 0
      vertex 0.9702768424033632 1.1728632248767752 -0.10186088657861504
    endloop
  endfacet
  facet normal 0.3681245526846789 0.929776485888251 0
    outer loop
      vertex 0.470380842850476 1.4476833762435302 -0.7598608865786152
      vertex 0.470380842850476 1.4476833762435302 -0.6601391134213848
      vertex 0.6481145881305433 1.3773136083786315 -0.7738608865786152
    endloop
  endfacet
  facet normal 0.3681245526846789 0.929776485888251 0
    outer loop
      vertex 0.6481145881305433 1.3773136083786315 -0.7738608865786152
      vertex 0.470380842850476 1.4476833762435302 -0.6601391134213848
      vertex 0.6481145881305433 1.3773136083786315 -0.6741391134213848
    endloop
  endfacet
  facet normal 0.18493655300392958 0.4653710332160196 0.8655797322063862
    outer loop
      vertex 0.28522891068676137 1.4952223124609376 -0.7458608865786152
      vertex 0.470380842850476 1.4476833762435302 -0.7598608865786152
      vertex 0.6038545691508126 1.8584732663235117 -1.0092358180936738
    endloop
  endfacet
  facet normal 0.24180472944574838 0.43852274742730185 0.8655797322063862
    outer loop
      vertex 0.470380842850476 1.4476833762435302 -0.7598608865786152
      vertex 0.6481145881305433 1.3773136083786315 -0.7738608865786152
      vertex 0.8320214594715815 1.7681356037652416 -1.0232358180936738
    endloop
  endfacet
  facet normal 0.23075250253838214 0.44904047851574275 0.863200979625618
    outer loop
      vertex 0.470380842850476 1.4476833762435302 -0.7598608865786152
      vertex 0.8320214594715815 1.7681356037652416 -1.0232358180936738
      vertex 0.6038545691508126 1.8584732663235117 -1.0092358180936738
    endloop
  endfacet
  facet normal 0.12392141590718507 0.4851960530271033 -0.865579732206386
    outer loop
      vertex 0.470380842850476 1.4476833762435302 -0.6601391134213848
      vertex 0.6038545691508126 1.8584732663235117 -0.4107641819063259
      vertex 0.6481145881305433 1.3773136083786315 -0.6741391134213848
    endloop
  endfacet
  facet normal 0.2948595008570625 0.4047586959508651 0.8655797322063861
    outer loop
      vertex 0.8156271791909036 1.2852227821423337 -0.7878608865786152
      vertex 1.047066874350955 1.6499133865025817 -1.0372358180936738
      vertex 0.6481145881305433 1.3773136083786315 -0.7738608865786152
    endloop
  endfacet
  facet normal 0.4817536741017143 0.876306680043864 0
    outer loop
      vertex 0.8156271791909036 1.2852227821423337 -0.7878608865786152
      vertex 0.6481145881305433 1.3773136083786315 -0.7738608865786152
      vertex 0.6481145881305433 1.3773136083786315 -0.6741391134213848
    endloop
  endfacet
  facet normal 0.4817536741017143 0.876306680043864 0
    outer loop
      vertex 0.8156271791909036 1.2852227821423337 -0.7878608865786152
      vertex 0.6481145881305433 1.3773136083786315 -0.6741391134213848
      vertex 0.8156271791909036 1.2852227821423337 -0.6881391134213848
    endloop
  endfacet
  facet normal 0.18375544876774746 0.465838665464434 -0.8655797322063861
    outer loop
      vertex 0.8156271791909036 1.2852227821423337 -0.6881391134213848
      vertex 0.6481145881305433 1.3773136083786315 -0.6741391134213848
      vertex 0.8320214594715815 1.7681356037652416 -0.4247641819063259
    endloop
  endfacet
  facet normal 0.28521264530707563 0.4165787029245654 0.8632009796256181
    outer loop
      vertex 0.6481145881305433 1.3773136083786315 -0.7738608865786152
      vertex 1.047066874350955 1.6499133865025817 -1.0372358180936738
      vertex 0.8320214594715815 1.7681356037652416 -1.0232358180936738
    endloop
  endfacet
  facet normal 0.1391780249633253 0.4852973790787268 -0.8632009796256179
    outer loop
      vertex 0.6481145881305433 1.3773136083786315 -0.6741391134213848
      vertex 0.6038545691508126 1.8584732663235117 -0.4107641819063259
      vertex 0.8320214594715815 1.7681356037652416 -0.4247641819063259
    endloop
  endfacet
  facet normal 0.368124552684679 0.9297764858882509 0
    outer loop
      vertex 0.470380842850476 1.4476833762435302 -0.05986088657861522
      vertex 0.470380842850476 1.4476833762435302 0
      vertex 0.6481145881305433 1.3773136083786315 -0.07386088657861502
    endloop
  endfacet
  facet normal 0.3681245526846789 0.929776485888251 0
    outer loop
      vertex 0.6481145881305433 1.3773136083786315 -0.07386088657861502
      vertex 0.470380842850476 1.4476833762435302 0
      vertex 0.6481145881305433 1.3773136083786315 0
    endloop
  endfacet
  facet normal 0.07725667490580963 0.4989142962031371 -0.8632009796256179
    outer loop
      vertex 0.470380842850476 1.4476833762435302 -0.6601391134213848
      vertex 0.36616453154930095 1.919501695273744 -0.3967641819063259
      vertex 0.6038545691508126 1.8584732663235117 -0.4107641819063259
    endloop
  endfacet
  facet normal 0.18493655300393053 0.4653710332160193 0.8655797322063862
    outer loop
      vertex 0.28522891068676137 1.4952223124609376 -0.045860886578614986
      vertex 0.470380842850476 1.4476833762435302 -0.05986088657861522
      vertex 0.6038545691508126 1.8584732663235117 -0.30923581809367384
    endloop
  endfacet
  facet normal 0.2418047294457476 0.4385227474273026 0.8655797322063861
    outer loop
      vertex 0.470380842850476 1.4476833762435302 -0.05986088657861522
      vertex 0.6481145881305433 1.3773136083786315 -0.07386088657861502
      vertex 0.8320214594715815 1.7681356037652416 -0.32323581809367385
    endloop
  endfacet
  facet normal 0.23075250253838214 0.44904047851574275 0.863200979625618
    outer loop
      vertex 0.470380842850476 1.4476833762435302 -0.05986088657861522
      vertex 0.8320214594715815 1.7681356037652416 -0.32323581809367385
      vertex 0.6038545691508126 1.8584732663235117 -0.30923581809367384
    endloop
  endfacet
  facet normal 0.4817536741017144 0.876306680043864 0
    outer loop
      vertex 0.8156271791909036 1.2852227821423337 -0.08786088657861525
      vertex 0.6481145881305433 1.3773136083786315 -0.07386088657861502
      vertex 0.6481145881305433 1.3773136083786315 0
    endloop
  endfacet
  facet normal 0.4817536741017144 0.876306680043864 0
    outer loop
      vertex 0.8156271791909036 1.2852227821423337 -0.08786088657861525
      vertex 0.6481145881305433 1.3773136083786315 0
      vertex 0.8156271791909036 1.2852227821423337 0
    endloop
  endfacet
  facet normal 0.29485950085706336 0.4047586959508645 0.8655797322063861
    outer loop
      vertex 0.8156271791909036 1.2852227821423337 -0.08786088657861525
      vertex 1.047066874350955 1.6499133865025817 -0.33723581809367387
      vertex 0.6481145881305433 1.3773136083786315 -0.07386088657861502
    endloop
  endfacet
  facet normal 0.2852126453070758 0.4165787029245657 0.8632009796256179
    outer loop
      vertex 0.6481145881305433 1.3773136083786315 -0.07386088657861502
      vertex 1.047066874350955 1.6499133865025817 -0.33723581809367387
      vertex 0.8320214594715815 1.7681356037652416 -0.32323581809367385
    endloop
  endfacet
  facet normal 0.8443279255020151 0.5358267949789967 0
    outer loop
      vertex 1.3339003428866194 0.7333179190634505 -1.5438608865786152
      vertex 1.2314730342393692 0.8947175314667035 -1.5298608865786152
      vertex 1.2314730342393692 0.8947175314667035 -1.4301391134213846
    endloop
  endfacet
  facet normal 0.8443279255020151 0.5358267949789967 0
    outer loop
      vertex 1.3339003428866194 0.7333179190634505 -1.5438608865786152
      vertex 1.2314730342393692 0.8947175314667035 -1.4301391134213846
      vertex 1.3339003428866194 0.7333179190634505 -1.4441391134213848
    endloop
  endfacet
  facet normal 0.9980267284282716 0.06279051952931329 0
    outer loop
      vertex 1.5221843827777863 0 -1.5998608865786152
      vertex 1.5101815042651463 0.1907802907746246 -1.4861391134213846
      vertex 1.5221843827777863 0 -1.5001391134213848
    endloop
  endfacet
  facet normal 0.9980267284282716 0.06279051952931329 0
    outer loop
      vertex 1.5221843827777863 0 -1.5998608865786152
      vertex 1.5101815042651463 0.1907802907746246 -1.585860886578615
      vertex 1.5101815042651463 0.1907802907746246 -1.4861391134213846
    endloop
  endfacet
  facet normal 0.9822872507286884 0.18738131458572593 0
    outer loop
      vertex 1.5101815042651463 0.1907802907746246 -1.585860886578615
      vertex 1.4743621612915423 0.3785518623971118 -1.4721391134213848
      vertex 1.5101815042651463 0.1907802907746246 -1.4861391134213846
    endloop
  endfacet
  facet normal 0.9822872507286884 0.18738131458572596 0
    outer loop
      vertex 1.5101815042651463 0.1907802907746246 -1.585860886578615
      vertex 1.4743621612915423 0.3785518623971118 -1.5718608865786152
      vertex 1.4743621612915423 0.3785518623971118 -1.4721391134213848
    endloop
  endfacet
  facet normal 0.4997426913944411 -0.03207755588197453 0.8655797322063861
    outer loop
      vertex 1.5221843827777863 0 -1.5998608865786152
      vertex 1.9541144342958772 0 -1.8492358180936739
      vertex 1.5101815042651463 0.1907802907746246 -1.585860886578615
    endloop
  endfacet
  facet normal 0.4998224548104168 0.030809752689852667 0.8655797322063861
    outer loop
      vertex 1.5101815042651463 0.1907802907746246 -1.585860886578615
      vertex 1.938705658315764 0.24491548080498346 -1.8352358180936739
      vertex 1.4743621612915423 0.3785518623971118 -1.5718608865786152
    endloop
  endfacet
  facet normal 0.4917816872033617 0.09445898223533704 -0.8655797322063861
    outer loop
      vertex 1.5221843827777863 0 -1.5001391134213848
      vertex 1.5101815042651463 0.1907802907746246 -1.4861391134213846
      vertex 1.938705658315764 0.24491548080498346 -1.236764181906326
    endloop
  endfacet
  facet normal 0.4760649920289458 0.15535073401178628 -0.865579732206386
    outer loop
      vertex 1.5101815042651463 0.1907802907746246 -1.4861391134213846
      vertex 1.4743621612915423 0.3785518623971118 -1.4721391134213848
      vertex 1.8927223359773873 0.48596849817225574 -1.222764181906326
    endloop
  endfacet
  facet normal 0.951056516295154 0.3090169943749466 0
    outer loop
      vertex 1.4743621612915423 0.3785518623971118 -1.5718608865786152
      vertex 1.415291246293107 0.5603534450136751 -1.4581391134213846
      vertex 1.4743621612915423 0.3785518623971118 -1.4721391134213848
    endloop
  endfacet
  facet normal 0.951056516295154 0.3090169943749466 0
    outer loop
      vertex 1.4743621612915423 0.3785518623971118 -1.5718608865786152
      vertex 1.415291246293107 0.5603534450136751 -1.557860886578615
      vertex 1.415291246293107 0.5603534450136751 -1.4581391134213846
    endloop
  endfacet
  facet normal 0.9048270524660194 0.4257792915650728 0
    outer loop
      vertex 1.415291246293107 0.5603534450136751 -1.557860886578615
      vertex 1.3339003428866194 0.7333179190634505 -1.5438608865786152
      vertex 1.3339003428866194 0.7333179190634505 -1.4441391134213848
    endloop
  endfacet
  facet normal 0.4764575393633296 0.15414259754319165 0.865579732206386
    outer loop
      vertex 1.415291246293107 0.5603534450136751 -1.557860886578615
      vertex 1.816889651743129 0.7193575020198423 -1.8072358180936738
      vertex 1.3339003428866194 0.7333179190634505 -1.5438608865786152
    endloop
  endfacet
  facet normal 0.4533813391743916 0.2126431011858979 0.8655797322063863
    outer loop
      vertex 1.3339003428866194 0.7333179190634505 -1.5438608865786152
      vertex 1.7124035323436126 0.9414018083372339 -1.7932358180936738
      vertex 1.2314730342393692 0.8947175314667035 -1.5298608865786152
    endloop
  endfacet
  facet normal 0.49201971953457047 0.0932111730569008 0.8655797322063863
    outer loop
      vertex 1.4743621612915423 0.3785518623971118 -1.5718608865786152
      vertex 1.8927223359773873 0.48596849817225574 -1.8212358180936739
      vertex 1.415291246293107 0.5603534450136751 -1.557860886578615
    endloop
  endfacet
  facet normal 0.4930788160512676 0.10843131436468799 0.8632009796256179
    outer loop
      vertex 1.415291246293107 0.5603534450136751 -1.557860886578615
      vertex 1.8927223359773873 0.48596849817225574 -1.8212358180936739
      vertex 1.816889651743129 0.7193575020198423 -1.8072358180936738
    endloop
  endfacet
  facet normal 0.43366533018785824 0.2584926501207129 -0.8632009796256181
    outer loop
      vertex 1.415291246293107 0.5603534450136751 -2.158139113421385
      vertex 1.7124035323436126 0.9414018083372339 -1.8947641819063261
      vertex 1.816889651743129 0.7193575020198423 -1.9087641819063261
    endloop
  endfacet
  facet normal 0.9048270524660196 0.4257792915650726 0
    outer loop
      vertex 1.7124035323436126 0.9414018083372339 -1.8947641819063261
      vertex 1.7124035323436126 0.9414018083372339 -1.7932358180936738
      vertex 1.816889651743129 0.7193575020198423 -1.9087641819063261
    endloop
  endfacet
  facet normal 0.4756006950622452 0.1693754634818229 0.8632009796256181
    outer loop
      vertex 1.3339003428866194 0.7333179190634505 -1.5438608865786152
      vertex 1.816889651743129 0.7193575020198423 -1.8072358180936738
      vertex 1.7124035323436126 0.9414018083372339 -1.7932358180936738
    endloop
  endfacet
  facet normal 0.9048270524660194 0.4257792915650728 0
    outer loop
      vertex 1.415291246293107 0.5603534450136751 -1.557860886578615
      vertex 1.3339003428866194 0.7333179190634505 -1.4441391134213848
      vertex 1.415291246293107 0.5603534450136751 -1.4581391134213846
    endloop
  endfacet
  facet normal 0.42247437836970475 0.2688626541836046 -0.865579732206386
    outer loop
      vertex 1.415291246293107 0.5603534450136751 -1.4581391134213846
      vertex 1.3339003428866194 0.7333179190634505 -1.4441391134213848
      vertex 1.7124035323436126 0.9414018083372339 -1.194764181906326
    endloop
  endfacet
  facet normal 0.45284046754279084 0.21379251191084156 -0.8655797322063863
    outer loop
      vertex 1.4743621612915423 0.3785518623971118 -1.4721391134213848
      vertex 1.415291246293107 0.5603534450136751 -1.4581391134213846
      vertex 1.816889651743129 0.7193575020198423 -1.208764181906326
    endloop
  endfacet
  facet normal 0.4626434692220068 0.2021016802493227 -0.863200979625618
    outer loop
      vertex 1.4743621612915423 0.3785518623971118 -1.4721391134213848
      vertex 1.816889651743129 0.7193575020198423 -1.208764181906326
      vertex 1.8927223359773873 0.48596849817225574 -1.222764181906326
    endloop
  endfacet
  facet normal 0.4930788160512676 0.10843131436468799 0.8632009796256179
    outer loop
      vertex 1.415291246293107 0.5603534450136751 -0.857860886578615
      vertex 1.8927223359773873 0.48596849817225574 -1.121235818093674
      vertex 1.816889651743129 0.7193575020198423 -1.1072358180936739
    endloop
  endfacet
  facet normal 0.4336653301878579 0.25849265012071276 -0.8632009796256181
    outer loop
      vertex 1.415291246293107 0.5603534450136751 -1.4581391134213846
      vertex 1.7124035323436126 0.9414018083372339 -1.194764181906326
      vertex 1.816889651743129 0.7193575020198423 -1.208764181906326
    endloop
  endfacet
  facet normal 0.4756006950622455 0.16937546348182309 0.863200979625618
    outer loop
      vertex 1.3339003428866194 0.7333179190634505 -0.843860886578615
      vertex 1.816889651743129 0.7193575020198423 -1.1072358180936739
      vertex 1.7124035323436126 0.9414018083372339 -1.0932358180936739
    endloop
  endfacet
  facet normal 0.9048270524660195 0.4257792915650726 0
    outer loop
      vertex 1.7124035323436126 0.9414018083372339 -1.194764181906326
      vertex 1.7124035323436126 0.9414018083372339 -1.0932358180936739
      vertex 1.816889651743129 0.7193575020198423 -1.208764181906326
    endloop
  endfacet
  facet normal 0.8443279255020151 0.5358267949789967 0
    outer loop
      vertex 1.3339003428866194 0.7333179190634505 -0.843860886578615
      vertex 1.2314730342393692 0.8947175314667035 -0.7301391134213848
      vertex 1.3339003428866194 0.7333179190634505 -0.7441391134213848
    endloop
  endfacet
  facet normal 0.8443279255020151 0.5358267949789967 0
    outer loop
      vertex 1.3339003428866194 0.7333179190634505 -0.843860886578615
      vertex 1.2314730342393692 0.8947175314667035 -0.829860886578615
      vertex 1.2314730342393692 0.8947175314667035 -0.7301391134213848
    endloop
  endfacet
  facet normal 0.8443279255020151 0.5358267949789968 0
    outer loop
      vertex 1.3339003428866194 0.7333179190634505 -0.1438608865786153
      vertex 1.2314730342393692 0.8947175314667035 0
      vertex 1.3339003428866194 0.7333179190634505 0
    endloop
  endfacet
  facet normal 0.8443279255020151 0.5358267949789967 0
    outer loop
      vertex 1.3339003428866194 0.7333179190634505 -0.1438608865786153
      vertex 1.2314730342393692 0.8947175314667035 -0.12986088657861505
      vertex 1.2314730342393692 0.8947175314667035 0
    endloop
  endfacet
  facet normal 0.9980267284282716 0.06279051952931328 0
    outer loop
      vertex 1.5221843827777863 0 -0.8998608865786151
      vertex 1.5101815042651463 0.1907802907746246 -0.7861391134213849
      vertex 1.5221843827777863 0 -0.8001391134213849
    endloop
  endfacet
  facet normal 0.9980267284282716 0.06279051952931329 0
    outer loop
      vertex 1.5221843827777863 0 -0.8998608865786151
      vertex 1.5101815042651463 0.1907802907746246 -0.8858608865786151
      vertex 1.5101815042651463 0.1907802907746246 -0.7861391134213849
    endloop
  endfacet
  facet normal 0.9822872507286885 0.18738131458572596 0
    outer loop
      vertex 1.5101815042651463 0.1907802907746246 -0.8858608865786151
      vertex 1.4743621612915423 0.3785518623971118 -0.7721391134213849
      vertex 1.5101815042651463 0.1907802907746246 -0.7861391134213849
    endloop
  endfacet
  facet normal 0.9822872507286884 0.18738131458572596 0
    outer loop
      vertex 1.5101815042651463 0.1907802907746246 -0.8858608865786151
      vertex 1.4743621612915423 0.3785518623971118 -0.871860886578615
      vertex 1.4743621612915423 0.3785518623971118 -0.7721391134213849
    endloop
  endfacet
  facet normal 0.4997426913944415 -0.03207755588197349 0.865579732206386
    outer loop
      vertex 1.5221843827777863 0 -0.8998608865786151
      vertex 1.9541144342958772 0 -1.149235818093674
      vertex 1.5101815042651463 0.1907802907746246 -0.8858608865786151
    endloop
  endfacet
  facet normal 0.4917816872033622 0.09445898223533605 -0.865579732206386
    outer loop
      vertex 1.5221843827777863 0 -0.8001391134213849
      vertex 1.5101815042651463 0.1907802907746246 -0.7861391134213849
      vertex 1.938705658315764 0.24491548080498346 -0.536764181906326
    endloop
  endfacet
  facet normal 0.4998224548104169 0.03080975268985166 0.865579732206386
    outer loop
      vertex 1.5101815042651463 0.1907802907746246 -0.8858608865786151
      vertex 1.938705658315764 0.24491548080498346 -1.135235818093674
      vertex 1.4743621612915423 0.3785518623971118 -0.871860886578615
    endloop
  endfacet
  facet normal 0.47606499202894553 0.15535073401178728 -0.865579732206386
    outer loop
      vertex 1.5101815042651463 0.1907802907746246 -0.7861391134213849
      vertex 1.4743621612915423 0.3785518623971118 -0.7721391134213849
      vertex 1.8927223359773873 0.48596849817225574 -0.522764181906326
    endloop
  endfacet
  facet normal 0.9980267284282716 0.06279051952931329 0
    outer loop
      vertex 1.5221843827777863 0 -0.19986088657861534
      vertex 1.5101815042651463 0.1907802907746246 0
      vertex 1.5221843827777863 0 0
    endloop
  endfacet
  facet normal 0.9980267284282714 0.06279051952931328 0
    outer loop
      vertex 1.5221843827777863 0 -0.19986088657861534
      vertex 1.5101815042651463 0.1907802907746246 -0.1858608865786151
      vertex 1.5101815042651463 0.1907802907746246 0
    endloop
  endfacet
  facet normal 0.9822872507286885 0.18738131458572596 0
    outer loop
      vertex 1.5101815042651463 0.1907802907746246 -0.1858608865786151
      vertex 1.4743621612915423 0.3785518623971118 0
      vertex 1.5101815042651463 0.1907802907746246 0
    endloop
  endfacet
  facet normal 0.9822872507286885 0.18738131458572593 0
    outer loop
      vertex 1.5101815042651463 0.1907802907746246 -0.1858608865786151
      vertex 1.4743621612915423 0.3785518623971118 -0.1718608865786153
      vertex 1.4743621612915423 0.3785518623971118 0
    endloop
  endfacet
  facet normal 0.4997426913944411 -0.03207755588197453 0.8655797322063861
    outer loop
      vertex 1.5221843827777863 0 -0.19986088657861534
      vertex 1.9541144342958772 0 -0.44923581809367397
      vertex 1.5101815042651463 0.1907802907746246 -0.1858608865786151
    endloop
  endfacet
  facet normal 0.4998224548104168 0.030809752689852667 0.8655797322063861
    outer loop
      vertex 1.5101815042651463 0.1907802907746246 -0.1858608865786151
      vertex 1.938705658315764 0.24491548080498346 -0.43523581809367395
      vertex 1.4743621612915423 0.3785518623971118 -0.1718608865786153
    endloop
  endfacet
  facet normal 0.9048270524660194 0.42577929156507277 0
    outer loop
      vertex 1.415291246293107 0.5603534450136751 -0.857860886578615
      vertex 1.3339003428866194 0.7333179190634505 -0.7441391134213848
      vertex 1.415291246293107 0.5603534450136751 -0.7581391134213848
    endloop
  endfacet
  facet normal 0.9510565162951539 0.30901699437494656 0
    outer loop
      vertex 1.4743621612915423 0.3785518623971118 -0.871860886578615
      vertex 1.415291246293107 0.5603534450136751 -0.7581391134213848
      vertex 1.4743621612915423 0.3785518623971118 -0.7721391134213849
    endloop
  endfacet
  facet normal 0.9510565162951539 0.30901699437494656 0
    outer loop
      vertex 1.4743621612915423 0.3785518623971118 -0.871860886578615
      vertex 1.415291246293107 0.5603534450136751 -0.857860886578615
      vertex 1.415291246293107 0.5603534450136751 -0.7581391134213848
    endloop
  endfacet
  facet normal 0.9048270524660194 0.42577929156507277 0
    outer loop
      vertex 1.415291246293107 0.5603534450136751 -0.857860886578615
      vertex 1.3339003428866194 0.7333179190634505 -0.843860886578615
      vertex 1.3339003428866194 0.7333179190634505 -0.7441391134213848
    endloop
  endfacet
  facet normal 0.4764575393633299 0.1541425975431907 0.865579732206386
    outer loop
      vertex 1.415291246293107 0.5603534450136751 -0.857860886578615
      vertex 1.816889651743129 0.7193575020198423 -1.1072358180936739
      vertex 1.3339003428866194 0.7333179190634505 -0.843860886578615
    endloop
  endfacet
  facet normal 0.45338133917439194 0.21264310118589808 0.8655797322063861
    outer loop
      vertex 1.3339003428866194 0.7333179190634505 -0.843860886578615
      vertex 1.7124035323436126 0.9414018083372339 -1.0932358180936739
      vertex 1.2314730342393692 0.8947175314667035 -0.829860886578615
    endloop
  endfacet
  facet normal 0.42247437836970425 0.2688626541836055 -0.865579732206386
    outer loop
      vertex 1.415291246293107 0.5603534450136751 -0.7581391134213848
      vertex 1.3339003428866194 0.7333179190634505 -0.7441391134213848
      vertex 1.7124035323436126 0.9414018083372339 -0.494764181906326
    endloop
  endfacet
  facet normal 0.49201971953457047 0.09321117305690185 0.865579732206386
    outer loop
      vertex 1.4743621612915423 0.3785518623971118 -0.871860886578615
      vertex 1.8927223359773873 0.48596849817225574 -1.121235818093674
      vertex 1.415291246293107 0.5603534450136751 -0.857860886578615
    endloop
  endfacet
  facet normal 0.4528404675427915 0.2137925119108407 -0.865579732206386
    outer loop
      vertex 1.4743621612915423 0.3785518623971118 -0.7721391134213849
      vertex 1.415291246293107 0.5603534450136751 -0.7581391134213848
      vertex 1.816889651743129 0.7193575020198423 -0.508764181906326
    endloop
  endfacet
  facet normal 0.4626434692220068 0.2021016802493227 -0.863200979625618
    outer loop
      vertex 1.4743621612915423 0.3785518623971118 -0.7721391134213849
      vertex 1.816889651743129 0.7193575020198423 -0.508764181906326
      vertex 1.8927223359773873 0.48596849817225574 -0.522764181906326
    endloop
  endfacet
  facet normal 0.43366533018785824 0.2584926501207129 -0.8632009796256181
    outer loop
      vertex 1.415291246293107 0.5603534450136751 -0.7581391134213848
      vertex 1.7124035323436126 0.9414018083372339 -0.494764181906326
      vertex 1.816889651743129 0.7193575020198423 -0.508764181906326
    endloop
  endfacet
  facet normal 0.9048270524660194 0.4257792915650728 0
    outer loop
      vertex 1.415291246293107 0.5603534450136751 -0.15786088657861508
      vertex 1.3339003428866194 0.7333179190634505 0
      vertex 1.415291246293107 0.5603534450136751 0
    endloop
  endfacet
  facet normal 0.9510565162951539 0.3090169943749466 0
    outer loop
      vertex 1.4743621612915423 0.3785518623971118 -0.1718608865786153
      vertex 1.415291246293107 0.5603534450136751 0
      vertex 1.4743621612915423 0.3785518623971118 0
    endloop
  endfacet
  facet normal 0.9510565162951539 0.3090169943749466 0
    outer loop
      vertex 1.4743621612915423 0.3785518623971118 -0.1718608865786153
      vertex 1.415291246293107 0.5603534450136751 -0.15786088657861508
      vertex 1.415291246293107 0.5603534450136751 0
    endloop
  endfacet
  facet normal 0.9048270524660194 0.42577929156507277 0
    outer loop
      vertex 1.415291246293107 0.5603534450136751 -0.15786088657861508
      vertex 1.3339003428866194 0.7333179190634505 -0.1438608865786153
      vertex 1.3339003428866194 0.7333179190634505 0
    endloop
  endfacet
  facet normal 0.4764575393633296 0.15414259754319165 0.865579732206386
    outer loop
      vertex 1.415291246293107 0.5603534450136751 -0.15786088657861508
      vertex 1.816889651743129 0.7193575020198423 -0.40723581809367393
      vertex 1.3339003428866194 0.7333179190634505 -0.1438608865786153
    endloop
  endfacet
  facet normal 0.45338133917439205 0.212643101185897 0.8655797322063862
    outer loop
      vertex 1.3339003428866194 0.7333179190634505 -0.1438608865786153
      vertex 1.7124035323436126 0.9414018083372339 -0.3932358180936739
      vertex 1.2314730342393692 0.8947175314667035 -0.12986088657861505
    endloop
  endfacet
  facet normal 0.49201971953457047 0.0932111730569008 0.8655797322063863
    outer loop
      vertex 1.4743621612915423 0.3785518623971118 -0.1718608865786153
      vertex 1.8927223359773873 0.48596849817225574 -0.42123581809367394
      vertex 1.415291246293107 0.5603534450136751 -0.15786088657861508
    endloop
  endfacet
  facet normal 0.4930788160512676 0.10843131436468799 0.8632009796256179
    outer loop
      vertex 1.415291246293107 0.5603534450136751 -0.15786088657861508
      vertex 1.8927223359773873 0.48596849817225574 -0.42123581809367394
      vertex 1.816889651743129 0.7193575020198423 -0.40723581809367393
    endloop
  endfacet
  facet normal 0.4756006950622452 0.1693754634818229 0.8632009796256181
    outer loop
      vertex 1.3339003428866194 0.7333179190634505 -0.1438608865786153
      vertex 1.816889651743129 0.7193575020198423 -0.40723581809367393
      vertex 1.7124035323436126 0.9414018083372339 -0.3932358180936739
    endloop
  endfacet
  facet normal 0.9048270524660195 0.4257792915650726 0
    outer loop
      vertex 1.7124035323436126 0.9414018083372339 -0.494764181906326
      vertex 1.7124035323436126 0.9414018083372339 -0.3932358180936739
      vertex 1.816889651743129 0.7193575020198423 -0.508764181906326
    endloop
  endfacet
  facet normal 0.42315504442978963 0.2677900960960721 0.8655797322063861
    outer loop
      vertex 1.1096246601958315 1.042006913920381 -1.5158608865786152
      vertex 1.2314730342393692 0.8947175314667035 -1.5298608865786152
      vertex 1.5809117862987512 1.1485996457709655 -1.7792358180936738
    endloop
  endfacet
  facet normal 0.30805433555566997 0.3999832435474364 -0.8632009796256181
    outer loop
      vertex 1.1096246601958315 1.042006913920381 -2.1161391134213847
      vertex 1.2455994191343818 1.505671049524293 -1.852764181906326
      vertex 1.4244881169930337 1.3376833806507196 -1.866764181906326
    endloop
  endfacet
  facet normal 0.38625534185395805 0.3187138812207631 0.8655797322063863
    outer loop
      vertex 0.9702768424033632 1.1728632248767752 -1.5018608865786152
      vertex 1.1096246601958315 1.042006913920381 -1.5158608865786152
      vertex 1.4244881169930337 1.3376833806507196 -1.7652358180936738
    endloop
  endfacet
  facet normal 0.6845471059286877 0.7289686274214124 0
    outer loop
      vertex 1.1096246601958315 1.042006913920381 -1.5158608865786152
      vertex 0.9702768424033632 1.1728632248767752 -1.4021391134213845
      vertex 1.1096246601958315 1.042006913920381 -1.4161391134213848
    endloop
  endfacet
  facet normal 0.5877852522924744 0.8090169943749463 0
    outer loop
      vertex 0.8156271791909036 1.2852227821423337 -1.3881391134213847
      vertex 0.9702768424033632 1.1728632248767752 -1.4021391134213845
      vertex 0.9702768424033632 1.1728632248767752 -1.5018608865786152
    endloop
  endfacet
  facet normal 0.6845471059286876 0.7289686274214124 0
    outer loop
      vertex 0.9702768424033632 1.1728632248767752 -1.5018608865786152
      vertex 0.9702768424033632 1.1728632248767752 -1.4021391134213845
      vertex 1.1096246601958315 1.042006913920381 -1.5158608865786152
    endloop
  endfacet
  facet normal 0.7705132427757898 0.6374239897486889 0
    outer loop
      vertex 1.2314730342393692 0.8947175314667035 -1.5298608865786152
      vertex 1.1096246601958315 1.042006913920381 -1.4161391134213848
      vertex 1.2314730342393692 0.8947175314667035 -1.4301391134213846
    endloop
  endfacet
  facet normal 0.7705132427757898 0.6374239897486889 0
    outer loop
      vertex 1.1096246601958315 1.042006913920381 -1.5158608865786152
      vertex 1.1096246601958315 1.042006913920381 -1.4161391134213848
      vertex 1.2314730342393692 0.8947175314667035 -1.5298608865786152
    endloop
  endfacet
  facet normal 0.3423381457654184 0.3654809449853934 -0.8655797322063861
    outer loop
      vertex 1.1096246601958315 1.042006913920381 -1.4161391134213848
      vertex 1.4244881169930337 1.3376833806507196 -1.166764181906326
      vertex 1.2314730342393692 0.8947175314667035 -1.4301391134213846
    endloop
  endfacet
  facet normal 0.29383179859345054 0.4055053653515064 -0.8655797322063861
    outer loop
      vertex 0.9702768424033632 1.1728632248767752 -1.4021391134213845
      vertex 1.2455994191343818 1.505671049524293 -1.152764181906326
      vertex 1.1096246601958315 1.042006913920381 -1.4161391134213848
    endloop
  endfacet
  facet normal 0.30805433555567013 0.39998324354743664 -0.8632009796256179
    outer loop
      vertex 1.1096246601958315 1.042006913920381 -1.4161391134213848
      vertex 1.2455994191343818 1.505671049524293 -1.152764181906326
      vertex 1.4244881169930337 1.3376833806507196 -1.166764181906326
    endloop
  endfacet
  facet normal 0.2554940418231056 0.43543870219155595 -0.863200979625618
    outer loop
      vertex 0.9702768424033632 1.1728632248767752 -2.102139113421385
      vertex 1.047066874350955 1.6499133865025817 -1.838764181906326
      vertex 1.2455994191343818 1.505671049524293 -1.852764181906326
    endloop
  endfacet
  facet normal 0.3432641617993344 0.3646113580481568 0.8655797322063861
    outer loop
      vertex 0.8156271791909036 1.2852227821423337 -1.4878608865786151
      vertex 0.9702768424033632 1.1728632248767752 -1.5018608865786152
      vertex 1.2455994191343818 1.505671049524293 -1.7512358180936738
    endloop
  endfacet
  facet normal 0.33517481428150125 0.37754723233621296 0.863200979625618
    outer loop
      vertex 0.8156271791909036 1.2852227821423337 -1.4878608865786151
      vertex 1.2455994191343818 1.505671049524293 -1.7512358180936738
      vertex 1.047066874350955 1.6499133865025817 -1.7372358180936738
    endloop
  endfacet
  facet normal 0.19890445442624713 0.4640270323836435 -0.8632009796256177
    outer loop
      vertex 0.8156271791909036 1.2852227821423337 -2.088139113421385
      vertex 0.8320214594715815 1.7681356037652416 -1.824764181906326
      vertex 1.047066874350955 1.6499133865025817 -1.838764181906326
    endloop
  endfacet
  facet normal 0.48175367410171505 0.8763066800438637 0
    outer loop
      vertex 1.047066874350955 1.6499133865025817 -1.838764181906326
      vertex 0.8320214594715815 1.7681356037652416 -1.824764181906326
      vertex 0.8320214594715815 1.7681356037652416 -1.7232358180936738
    endloop
  endfacet
  facet normal 0.48175367410171505 0.8763066800438637 0
    outer loop
      vertex 1.047066874350955 1.6499133865025817 -1.838764181906326
      vertex 0.8320214594715815 1.7681356037652416 -1.7232358180936738
      vertex 1.047066874350955 1.6499133865025817 -1.7372358180936738
    endloop
  endfacet
  facet normal 0.6845471059286877 0.7289686274214124 0
    outer loop
      vertex 1.2455994191343818 1.505671049524293 -1.852764181906326
      vertex 1.2455994191343818 1.505671049524293 -1.7512358180936738
      vertex 1.4244881169930337 1.3376833806507196 -1.866764181906326
    endloop
  endfacet
  facet normal 0.37985107621097786 0.3325616163581345 0.8632009796256181
    outer loop
      vertex 0.9702768424033632 1.1728632248767752 -1.5018608865786152
      vertex 1.4244881169930337 1.3376833806507196 -1.7652358180936738
      vertex 1.2455994191343818 1.505671049524293 -1.7512358180936738
    endloop
  endfacet
  facet normal 0.5877852522924737 0.809016994374947 0
    outer loop
      vertex 1.047066874350955 1.6499133865025817 -1.838764181906326
      vertex 1.047066874350955 1.6499133865025817 -1.7372358180936738
      vertex 1.2455994191343818 1.505671049524293 -1.852764181906326
    endloop
  endfacet
  facet normal 0.5877852522924737 0.809016994374947 0
    outer loop
      vertex 1.047066874350955 1.6499133865025817 -1.7372358180936738
      vertex 1.2455994191343818 1.505671049524293 -1.7512358180936738
      vertex 1.2455994191343818 1.505671049524293 -1.852764181906326
    endloop
  endfacet
  facet normal 0.24069154843106094 0.4391347238688586 -0.8655797322063864
    outer loop
      vertex 0.8156271791909036 1.2852227821423337 -1.3881391134213847
      vertex 1.047066874350955 1.6499133865025817 -1.1387641819063263
      vertex 0.9702768424033632 1.1728632248767752 -1.4021391134213845
    endloop
  endfacet
  facet normal 0.2554940418231066 0.4354387021915548 -0.8632009796256183
    outer loop
      vertex 0.9702768424033632 1.1728632248767752 -1.4021391134213845
      vertex 1.047066874350955 1.6499133865025817 -1.1387641819063263
      vertex 1.2455994191343818 1.505671049524293 -1.152764181906326
    endloop
  endfacet
  facet normal 0.19890445442624602 0.46402703238364307 -0.8632009796256183
    outer loop
      vertex 0.8156271791909036 1.2852227821423337 -1.3881391134213847
      vertex 0.8320214594715815 1.7681356037652416 -1.124764181906326
      vertex 1.047066874350955 1.6499133865025817 -1.1387641819063263
    endloop
  endfacet
  facet normal 0.48175367410171505 0.8763066800438637 0
    outer loop
      vertex 1.047066874350955 1.6499133865025817 -1.1387641819063263
      vertex 0.8320214594715815 1.7681356037652416 -1.124764181906326
      vertex 0.8320214594715815 1.7681356037652416 -1.0232358180936738
    endloop
  endfacet
  facet normal 0.48175367410171516 0.8763066800438637 0
    outer loop
      vertex 1.047066874350955 1.6499133865025817 -1.1387641819063263
      vertex 0.8320214594715815 1.7681356037652416 -1.0232358180936738
      vertex 1.047066874350955 1.6499133865025817 -1.0372358180936738
    endloop
  endfacet
  facet normal 0.6845471059286878 0.7289686274214123 0
    outer loop
      vertex 1.2455994191343818 1.505671049524293 -1.152764181906326
      vertex 1.2455994191343818 1.505671049524293 -1.0512358180936738
      vertex 1.4244881169930337 1.3376833806507196 -1.166764181906326
    endloop
  endfacet
  facet normal 0.5877852522924736 0.8090169943749471 0
    outer loop
      vertex 1.047066874350955 1.6499133865025817 -1.1387641819063263
      vertex 1.047066874350955 1.6499133865025817 -1.0372358180936738
      vertex 1.2455994191343818 1.505671049524293 -1.152764181906326
    endloop
  endfacet
  facet normal 0.5877852522924737 0.809016994374947 0
    outer loop
      vertex 1.047066874350955 1.6499133865025817 -1.0372358180936738
      vertex 1.2455994191343818 1.505671049524293 -1.0512358180936738
      vertex 1.2455994191343818 1.505671049524293 -1.152764181906326
    endloop
  endfacet
  facet normal 0.45062206700200785 0.22764846035985198 0.8632009796256181
    outer loop
      vertex 1.2314730342393692 0.8947175314667035 -1.5298608865786152
      vertex 1.7124035323436126 0.9414018083372339 -1.7932358180936738
      vertex 1.5809117862987512 1.1485996457709655 -1.7792358180936738
    endloop
  endfacet
  facet normal 0.3557564283937833 0.358219810214165 -0.8632009796256179
    outer loop
      vertex 1.2314730342393692 0.8947175314667035 -2.130139113421385
      vertex 1.4244881169930337 1.3376833806507196 -1.866764181906326
      vertex 1.5809117862987512 1.1485996457709655 -1.880764181906326
    endloop
  endfacet
  facet normal 0.7705132427757898 0.637423989748689 0
    outer loop
      vertex 1.5809117862987512 1.1485996457709655 -1.880764181906326
      vertex 1.4244881169930337 1.3376833806507196 -1.7652358180936738
      vertex 1.5809117862987512 1.1485996457709655 -1.7792358180936738
    endloop
  endfacet
  facet normal 0.7705132427757899 0.6374239897486889 0
    outer loop
      vertex 1.5809117862987512 1.1485996457709655 -1.880764181906326
      vertex 1.4244881169930337 1.3376833806507196 -1.866764181906326
      vertex 1.4244881169930337 1.3376833806507196 -1.7652358180936738
    endloop
  endfacet
  facet normal 0.4185368597565744 0.282331305027407 0.8632009796256181
    outer loop
      vertex 1.1096246601958315 1.042006913920381 -1.5158608865786152
      vertex 1.5809117862987512 1.1485996457709655 -1.7792358180936738
      vertex 1.4244881169930337 1.3376833806507196 -1.7652358180936738
    endloop
  endfacet
  facet normal 0.39784802983753575 0.31080703648367497 -0.8632009796256181
    outer loop
      vertex 1.3339003428866194 0.7333179190634505 -2.1441391134213847
      vertex 1.5809117862987512 1.1485996457709655 -1.880764181906326
      vertex 1.7124035323436126 0.9414018083372339 -1.8947641819063261
    endloop
  endfacet
  facet normal 0.844327925502015 0.5358267949789969 0
    outer loop
      vertex 1.7124035323436126 0.9414018083372339 -1.8947641819063261
      vertex 1.5809117862987512 1.1485996457709655 -1.880764181906326
      vertex 1.5809117862987512 1.1485996457709655 -1.7792358180936738
    endloop
  endfacet
  facet normal 0.844327925502015 0.5358267949789969 0
    outer loop
      vertex 1.7124035323436126 0.9414018083372339 -1.8947641819063261
      vertex 1.5809117862987512 1.1485996457709655 -1.7792358180936738
      vertex 1.7124035323436126 0.9414018083372339 -1.7932358180936738
    endloop
  endfacet
  facet normal 0.3854456158757653 0.31969267178913063 -0.8655797322063862
    outer loop
      vertex 1.3339003428866194 0.7333179190634505 -1.4441391134213848
      vertex 1.2314730342393692 0.8947175314667035 -1.4301391134213846
      vertex 1.5809117862987512 1.1485996457709655 -1.180764181906326
    endloop
  endfacet
  facet normal 0.45062206700200813 0.22764846035985212 0.863200979625618
    outer loop
      vertex 1.7124035323436126 0.9414018083372339 -1.0932358180936739
      vertex 1.5809117862987512 1.1485996457709655 -1.0792358180936739
      vertex 1.2314730342393692 0.8947175314667035 -0.829860886578615
    endloop
  endfacet
  facet normal 0.355756428393783 0.3582198102141647 -0.8632009796256181
    outer loop
      vertex 1.2314730342393692 0.8947175314667035 -1.4301391134213846
      vertex 1.4244881169930337 1.3376833806507196 -1.166764181906326
      vertex 1.5809117862987512 1.1485996457709655 -1.180764181906326
    endloop
  endfacet
  facet normal 0.7705132427757898 0.6374239897486889 0
    outer loop
      vertex 1.5809117862987512 1.1485996457709655 -1.180764181906326
      vertex 1.4244881169930337 1.3376833806507196 -1.166764181906326
      vertex 1.4244881169930337 1.3376833806507196 -1.0652358180936738
    endloop
  endfacet
  facet normal 0.7705132427757899 0.6374239897486891 0
    outer loop
      vertex 1.5809117862987512 1.1485996457709655 -1.180764181906326
      vertex 1.4244881169930337 1.3376833806507196 -1.0652358180936738
      vertex 1.5809117862987512 1.1485996457709655 -1.0792358180936739
    endloop
  endfacet
  facet normal 0.39784802983753614 0.3108070364836751 -0.863200979625618
    outer loop
      vertex 1.3339003428866194 0.7333179190634505 -1.4441391134213848
      vertex 1.5809117862987512 1.1485996457709655 -1.180764181906326
      vertex 1.7124035323436126 0.9414018083372339 -1.194764181906326
    endloop
  endfacet
  facet normal 0.8443279255020149 0.5358267949789969 0
    outer loop
      vertex 1.7124035323436126 0.9414018083372339 -1.194764181906326
      vertex 1.5809117862987512 1.1485996457709655 -1.180764181906326
      vertex 1.5809117862987512 1.1485996457709655 -1.0792358180936739
    endloop
  endfacet
  facet normal 0.8443279255020149 0.5358267949789969 0
    outer loop
      vertex 1.7124035323436126 0.9414018083372339 -1.194764181906326
      vertex 1.5809117862987512 1.1485996457709655 -1.0792358180936739
      vertex 1.7124035323436126 0.9414018083372339 -1.0932358180936739
    endloop
  endfacet
  facet normal 0.6845471059286877 0.7289686274214124 0
    outer loop
      vertex 1.2455994191343818 1.505671049524293 -1.7512358180936738
      vertex 1.4244881169930337 1.3376833806507196 -1.7652358180936738
      vertex 1.4244881169930337 1.3376833806507196 -1.866764181906326
    endloop
  endfacet
  facet normal 0.6845471059286877 0.7289686274214123 0
    outer loop
      vertex 1.2455994191343818 1.505671049524293 -1.0512358180936738
      vertex 1.4244881169930337 1.3376833806507196 -1.0652358180936738
      vertex 1.4244881169930337 1.3376833806507196 -1.166764181906326
    endloop
  endfacet
  facet normal 0.6845471059286876 0.7289686274214126 0
    outer loop
      vertex 0.9702768424033632 1.1728632248767752 -0.7021391134213848
      vertex 1.1096246601958315 1.042006913920381 -0.7161391134213848
      vertex 1.1096246601958315 1.042006913920381 -0.815860886578615
    endloop
  endfacet
  facet normal 0.6845471059286876 0.7289686274214124 0
    outer loop
      vertex 0.9702768424033632 1.1728632248767752 -0.801860886578615
      vertex 0.9702768424033632 1.1728632248767752 -0.7021391134213848
      vertex 1.1096246601958315 1.042006913920381 -0.815860886578615
    endloop
  endfacet
  facet normal 0.5877852522924744 0.8090169943749465 0
    outer loop
      vertex 0.8156271791909036 1.2852227821423337 -0.6881391134213848
      vertex 0.9702768424033632 1.1728632248767752 -0.7021391134213848
      vertex 0.9702768424033632 1.1728632248767752 -0.801860886578615
    endloop
  endfacet
  facet normal 0.7705132427757899 0.637423989748689 0
    outer loop
      vertex 1.2314730342393692 0.8947175314667035 -0.829860886578615
      vertex 1.1096246601958315 1.042006913920381 -0.7161391134213848
      vertex 1.2314730342393692 0.8947175314667035 -0.7301391134213848
    endloop
  endfacet
  facet normal 0.7705132427757899 0.637423989748689 0
    outer loop
      vertex 1.1096246601958315 1.042006913920381 -0.815860886578615
      vertex 1.1096246601958315 1.042006913920381 -0.7161391134213848
      vertex 1.2314730342393692 0.8947175314667035 -0.829860886578615
    endloop
  endfacet
  facet normal 0.4231550444297899 0.26779009609607235 0.865579732206386
    outer loop
      vertex 1.5809117862987512 1.1485996457709655 -1.0792358180936739
      vertex 1.1096246601958315 1.042006913920381 -0.815860886578615
      vertex 1.2314730342393692 0.8947175314667035 -0.829860886578615
    endloop
  endfacet
  facet normal 0.34233814576541766 0.36548094498539413 -0.8655797322063861
    outer loop
      vertex 1.1096246601958315 1.042006913920381 -0.7161391134213848
      vertex 1.4244881169930337 1.3376833806507196 -0.46676418190632596
      vertex 1.2314730342393692 0.8947175314667035 -0.7301391134213848
    endloop
  endfacet
  facet normal 0.3862553418539582 0.3187138812207634 0.8655797322063861
    outer loop
      vertex 1.4244881169930337 1.3376833806507196 -1.0652358180936738
      vertex 0.9702768424033632 1.1728632248767752 -0.801860886578615
      vertex 1.1096246601958315 1.042006913920381 -0.815860886578615
    endloop
  endfacet
  facet normal 0.29383179859345154 0.405505365351506 -0.865579732206386
    outer loop
      vertex 0.9702768424033632 1.1728632248767752 -0.7021391134213848
      vertex 1.2455994191343818 1.505671049524293 -0.45276418190632595
      vertex 1.1096246601958315 1.042006913920381 -0.7161391134213848
    endloop
  endfacet
  facet normal 0.30805433555567013 0.39998324354743664 -0.8632009796256179
    outer loop
      vertex 1.1096246601958315 1.042006913920381 -0.7161391134213848
      vertex 1.2455994191343818 1.505671049524293 -0.45276418190632595
      vertex 1.4244881169930337 1.3376833806507196 -0.46676418190632596
    endloop
  endfacet
  facet normal 0.6845471059286877 0.7289686274214124 0
    outer loop
      vertex 1.1096246601958315 1.042006913920381 -0.11586088657861528
      vertex 0.9702768424033632 1.1728632248767752 0
      vertex 1.1096246601958315 1.042006913920381 0
    endloop
  endfacet
  facet normal 0.5877852522924744 0.8090169943749465 0
    outer loop
      vertex 0.9702768424033632 1.1728632248767752 -0.10186088657861504
      vertex 0.8156271791909036 1.2852227821423337 0
      vertex 0.9702768424033632 1.1728632248767752 0
    endloop
  endfacet
  facet normal 0.6845471059286876 0.7289686274214124 0
    outer loop
      vertex 0.9702768424033632 1.1728632248767752 -0.10186088657861504
      vertex 0.9702768424033632 1.1728632248767752 0
      vertex 1.1096246601958315 1.042006913920381 -0.11586088657861528
    endloop
  endfacet
  facet normal 0.7705132427757899 0.6374239897486889 0
    outer loop
      vertex 1.2314730342393692 0.8947175314667035 -0.12986088657861505
      vertex 1.1096246601958315 1.042006913920381 0
      vertex 1.2314730342393692 0.8947175314667035 0
    endloop
  endfacet
  facet normal 0.7705132427757898 0.6374239897486889 0
    outer loop
      vertex 1.1096246601958315 1.042006913920381 -0.11586088657861528
      vertex 1.1096246601958315 1.042006913920381 0
      vertex 1.2314730342393692 0.8947175314667035 -0.12986088657861505
    endloop
  endfacet
  facet normal 0.4231550444297893 0.2677900960960733 0.865579732206386
    outer loop
      vertex 1.1096246601958315 1.042006913920381 -0.11586088657861528
      vertex 1.2314730342393692 0.8947175314667035 -0.12986088657861505
      vertex 1.5809117862987512 1.1485996457709655 -0.3792358180936739
    endloop
  endfacet
  facet normal 0.3862553418539587 0.31871388122076233 0.8655797322063862
    outer loop
      vertex 0.9702768424033632 1.1728632248767752 -0.10186088657861504
      vertex 1.1096246601958315 1.042006913920381 -0.11586088657861528
      vertex 1.4244881169930337 1.3376833806507196 -0.3652358180936739
    endloop
  endfacet
  facet normal 0.34326416179933383 0.36461135804815775 0.865579732206386
    outer loop
      vertex 0.8156271791909036 1.2852227821423337 -0.7878608865786152
      vertex 0.9702768424033632 1.1728632248767752 -0.801860886578615
      vertex 1.2455994191343818 1.505671049524293 -1.0512358180936738
    endloop
  endfacet
  facet normal 0.33517481428150125 0.37754723233621296 0.863200979625618
    outer loop
      vertex 0.8156271791909036 1.2852227821423337 -0.7878608865786152
      vertex 1.2455994191343818 1.505671049524293 -1.0512358180936738
      vertex 1.047066874350955 1.6499133865025817 -1.0372358180936738
    endloop
  endfacet
  facet normal 0.2406915484310605 0.43913472386885966 -0.8655797322063861
    outer loop
      vertex 0.8156271791909036 1.2852227821423337 -0.6881391134213848
      vertex 1.047066874350955 1.6499133865025817 -0.43876418190632593
      vertex 0.9702768424033632 1.1728632248767752 -0.7021391134213848
    endloop
  endfacet
  facet normal 0.2554940418231056 0.43543870219155595 -0.863200979625618
    outer loop
      vertex 0.9702768424033632 1.1728632248767752 -0.7021391134213848
      vertex 1.047066874350955 1.6499133865025817 -0.43876418190632593
      vertex 1.2455994191343818 1.505671049524293 -0.45276418190632595
    endloop
  endfacet
  facet normal 0.19890445442624696 0.4640270323836432 -0.8632009796256179
    outer loop
      vertex 0.8156271791909036 1.2852227821423337 -0.6881391134213848
      vertex 0.8320214594715815 1.7681356037652416 -0.4247641819063259
      vertex 1.047066874350955 1.6499133865025817 -0.43876418190632593
    endloop
  endfacet
  facet normal 0.37985107621097797 0.3325616163581347 0.863200979625618
    outer loop
      vertex 1.2455994191343818 1.505671049524293 -1.0512358180936738
      vertex 0.9702768424033632 1.1728632248767752 -0.801860886578615
      vertex 1.4244881169930337 1.3376833806507196 -1.0652358180936738
    endloop
  endfacet
  facet normal 0.33517481428150125 0.37754723233621296 0.863200979625618
    outer loop
      vertex 0.8156271791909036 1.2852227821423337 -0.08786088657861525
      vertex 1.2455994191343818 1.505671049524293 -0.3512358180936739
      vertex 1.047066874350955 1.6499133865025817 -0.33723581809367387
    endloop
  endfacet
  facet normal 0.34326416179933383 0.36461135804815775 0.865579732206386
    outer loop
      vertex 0.8156271791909036 1.2852227821423337 -0.08786088657861525
      vertex 0.9702768424033632 1.1728632248767752 -0.10186088657861504
      vertex 1.2455994191343818 1.505671049524293 -0.3512358180936739
    endloop
  endfacet
  facet normal 0.4817536741017151 0.8763066800438637 0
    outer loop
      vertex 1.047066874350955 1.6499133865025817 -0.43876418190632593
      vertex 0.8320214594715815 1.7681356037652416 -0.4247641819063259
      vertex 0.8320214594715815 1.7681356037652416 -0.32323581809367385
    endloop
  endfacet
  facet normal 0.4817536741017151 0.8763066800438637 0
    outer loop
      vertex 1.047066874350955 1.6499133865025817 -0.43876418190632593
      vertex 0.8320214594715815 1.7681356037652416 -0.32323581809367385
      vertex 1.047066874350955 1.6499133865025817 -0.33723581809367387
    endloop
  endfacet
  facet normal 0.379851076210978 0.3325616163581349 0.863200979625618
    outer loop
      vertex 0.9702768424033632 1.1728632248767752 -0.10186088657861504
      vertex 1.4244881169930337 1.3376833806507196 -0.3652358180936739
      vertex 1.2455994191343818 1.505671049524293 -0.3512358180936739
    endloop
  endfacet
  facet normal 0.6845471059286878 0.7289686274214123 0
    outer loop
      vertex 1.2455994191343818 1.505671049524293 -0.45276418190632595
      vertex 1.2455994191343818 1.505671049524293 -0.3512358180936739
      vertex 1.4244881169930337 1.3376833806507196 -0.46676418190632596
    endloop
  endfacet
  facet normal 0.5877852522924737 0.809016994374947 0
    outer loop
      vertex 1.047066874350955 1.6499133865025817 -0.43876418190632593
      vertex 1.047066874350955 1.6499133865025817 -0.33723581809367387
      vertex 1.2455994191343818 1.505671049524293 -0.45276418190632595
    endloop
  endfacet
  facet normal 0.5877852522924737 0.809016994374947 0
    outer loop
      vertex 1.047066874350955 1.6499133865025817 -0.33723581809367387
      vertex 1.2455994191343818 1.505671049524293 -0.3512358180936739
      vertex 1.2455994191343818 1.505671049524293 -0.45276418190632595
    endloop
  endfacet
  facet normal 0.3854456158757662 0.31969267178913 -0.865579732206386
    outer loop
      vertex 1.3339003428866194 0.7333179190634505 -0.7441391134213848
      vertex 1.2314730342393692 0.8947175314667035 -0.7301391134213848
      vertex 1.5809117862987512 1.1485996457709655 -0.48076418190632597
    endloop
  endfacet
  facet normal 0.4185368597565746 0.2823313050274072 0.8632009796256179
    outer loop
      vertex 1.5809117862987512 1.1485996457709655 -1.0792358180936739
      vertex 1.4244881169930337 1.3376833806507196 -1.0652358180936738
      vertex 1.1096246601958315 1.042006913920381 -0.815860886578615
    endloop
  endfacet
  facet normal 0.3557564283937833 0.358219810214165 -0.8632009796256179
    outer loop
      vertex 1.2314730342393692 0.8947175314667035 -0.7301391134213848
      vertex 1.4244881169930337 1.3376833806507196 -0.46676418190632596
      vertex 1.5809117862987512 1.1485996457709655 -0.48076418190632597
    endloop
  endfacet
  facet normal 0.39784802983753614 0.3108070364836751 -0.863200979625618
    outer loop
      vertex 1.3339003428866194 0.7333179190634505 -0.7441391134213848
      vertex 1.5809117862987512 1.1485996457709655 -0.48076418190632597
      vertex 1.7124035323436126 0.9414018083372339 -0.494764181906326
    endloop
  endfacet
  facet normal 0.45062206700200813 0.22764846035985203 0.863200979625618
    outer loop
      vertex 1.2314730342393692 0.8947175314667035 -0.12986088657861505
      vertex 1.7124035323436126 0.9414018083372339 -0.3932358180936739
      vertex 1.5809117862987512 1.1485996457709655 -0.3792358180936739
    endloop
  endfacet
  facet normal 0.4185368597565744 0.282331305027407 0.8632009796256181
    outer loop
      vertex 1.1096246601958315 1.042006913920381 -0.11586088657861528
      vertex 1.5809117862987512 1.1485996457709655 -0.3792358180936739
      vertex 1.4244881169930337 1.3376833806507196 -0.3652358180936739
    endloop
  endfacet
  facet normal 0.7705132427757899 0.6374239897486891 0
    outer loop
      vertex 1.5809117862987512 1.1485996457709655 -0.48076418190632597
      vertex 1.4244881169930337 1.3376833806507196 -0.3652358180936739
      vertex 1.5809117862987512 1.1485996457709655 -0.3792358180936739
    endloop
  endfacet
  facet normal 0.7705132427757898 0.6374239897486889 0
    outer loop
      vertex 1.5809117862987512 1.1485996457709655 -0.48076418190632597
      vertex 1.4244881169930337 1.3376833806507196 -0.46676418190632596
      vertex 1.4244881169930337 1.3376833806507196 -0.3652358180936739
    endloop
  endfacet
  facet normal 0.8443279255020149 0.5358267949789969 0
    outer loop
      vertex 1.7124035323436126 0.9414018083372339 -0.494764181906326
      vertex 1.5809117862987512 1.1485996457709655 -0.48076418190632597
      vertex 1.5809117862987512 1.1485996457709655 -0.3792358180936739
    endloop
  endfacet
  facet normal 0.8443279255020149 0.5358267949789969 0
    outer loop
      vertex 1.7124035323436126 0.9414018083372339 -0.494764181906326
      vertex 1.5809117862987512 1.1485996457709655 -0.3792358180936739
      vertex 1.7124035323436126 0.9414018083372339 -0.3932358180936739
    endloop
  endfacet
  facet normal 0.6845471059286877 0.7289686274214123 0
    outer loop
      vertex 1.2455994191343818 1.505671049524293 -0.3512358180936739
      vertex 1.4244881169930337 1.3376833806507196 -0.3652358180936739
      vertex 1.4244881169930337 1.3376833806507196 -0.46676418190632596
    endloop
  endfacet
  facet normal -0.04924542562913605 0.5024529399137576 -0.8632009796256184
    outer loop
      vertex -0.12269986054916825 1.950258435834777 -3.168764181906326
      vertex 0.12269986054916825 1.950258435834777 -3.182764181906326
      vertex 0.09557874821402428 1.519180699608322 -3.4321391134213846
    endloop
  endfacet
  facet normal 0 1 0
    outer loop
      vertex -0.12269986054916825 1.950258435834777 -3.067235818093674
      vertex 0.12269986054916825 1.950258435834777 -3.081235818093674
      vertex 0.12269986054916825 1.950258435834777 -3.182764181906326
    endloop
  endfacet
  facet normal 0.11183116241243526 0.49231885997476965 0.863200979625618
    outer loop
      vertex 0.09557874821402428 1.519180699608322 -2.8318608865786152
      vertex 0.36616453154930095 1.919501695273744 -3.095235818093674
      vertex 0.12269986054916825 1.950258435834777 -3.081235818093674
    endloop
  endfacet
  facet normal 0.1253332335643041 0.9921147013144778 0
    outer loop
      vertex 0.12269986054916825 1.950258435834777 -3.182764181906326
      vertex 0.12269986054916825 1.950258435834777 -3.081235818093674
      vertex 0.36616453154930095 1.919501695273744 -3.1967641819063264
    endloop
  endfacet
  facet normal 0.014116940934127685 0.504663036839469 -0.8632009796256183
    outer loop
      vertex 0.28522891068676137 1.4952223124609376 -3.446139113421385
      vertex 0.12269986054916825 1.950258435834777 -3.182764181906326
      vertex 0.36616453154930095 1.919501695273744 -3.1967641819063264
    endloop
  endfacet
  facet normal 0.12533323356430412 0.9921147013144778 0
    outer loop
      vertex 0.12269986054916825 1.950258435834777 -3.081235818093674
      vertex 0.36616453154930095 1.919501695273744 -3.095235818093674
      vertex 0.36616453154930095 1.919501695273744 -3.1967641819063264
    endloop
  endfacet
  facet normal 0.17265325495979406 0.4744206175169474 0.863200979625618
    outer loop
      vertex 0.28522891068676137 1.4952223124609376 -2.845860886578615
      vertex 0.6038545691508126 1.8584732663235117 -3.1092358180936737
      vertex 0.36616453154930095 1.919501695273744 -3.095235818093674
    endloop
  endfacet
  facet normal 0.248689887164855 0.9685831611286311 0
    outer loop
      vertex 0.36616453154930095 1.919501695273744 -3.1967641819063264
      vertex 0.36616453154930095 1.919501695273744 -3.095235818093674
      vertex 0.6038545691508126 1.8584732663235117 -3.210764181906326
    endloop
  endfacet
  facet normal 0.248689887164855 0.9685831611286311 0
    outer loop
      vertex 0.36616453154930095 1.919501695273744 -3.095235818093674
      vertex 0.6038545691508126 1.8584732663235117 -3.1092358180936737
      vertex 0.6038545691508126 1.8584732663235117 -3.210764181906326
    endloop
  endfacet
  facet normal 0.36812455268467814 0.9297764858882513 0
    outer loop
      vertex 0.6038545691508126 1.8584732663235117 -3.210764181906326
      vertex 0.6038545691508126 1.8584732663235117 -3.1092358180936737
      vertex 0.8320214594715815 1.7681356037652416 -3.224764181906326
    endloop
  endfacet
  facet normal 0.36812455268467814 0.9297764858882513 0
    outer loop
      vertex 0.6038545691508126 1.8584732663235117 -3.1092358180936737
      vertex 0.8320214594715815 1.7681356037652416 -3.123235818093674
      vertex 0.8320214594715815 1.7681356037652416 -3.224764181906326
    endloop
  endfacet
  facet normal -0.049245425629134476 0.5024529399137582 -0.8632009796256181
    outer loop
      vertex -0.12269986054916825 1.950258435834777 -2.468764181906326
      vertex 0.12269986054916825 1.950258435834777 -2.482764181906326
      vertex 0.09557874821402428 1.519180699608322 -2.732139113421385
    endloop
  endfacet
  facet normal 0.014116940934127792 0.5046630368394697 -0.8632009796256179
    outer loop
      vertex 0.28522891068676137 1.4952223124609376 -2.746139113421385
      vertex 0.12269986054916825 1.950258435834777 -2.482764181906326
      vertex 0.36616453154930095 1.919501695273744 -2.496764181906326
    endloop
  endfacet
  facet normal 0 1 0
    outer loop
      vertex -0.12269986054916825 1.950258435834777 -2.367235818093674
      vertex 0.12269986054916825 1.950258435834777 -2.381235818093674
      vertex 0.12269986054916825 1.950258435834777 -2.482764181906326
    endloop
  endfacet
  facet normal 0.11183116241243676 0.4923188599747688 0.8632009796256184
    outer loop
      vertex 0.09557874821402428 1.519180699608322 -2.1318608865786155
      vertex 0.36616453154930095 1.919501695273744 -2.395235818093674
      vertex 0.12269986054916825 1.950258435834777 -2.381235818093674
    endloop
  endfacet
  facet normal 0.1253332335643041 0.9921147013144778 0
    outer loop
      vertex 0.12269986054916825 1.950258435834777 -2.482764181906326
      vertex 0.12269986054916825 1.950258435834777 -2.381235818093674
      vertex 0.36616453154930095 1.919501695273744 -2.496764181906326
    endloop
  endfacet
  facet normal 0.1253332335643041 0.9921147013144778 0
    outer loop
      vertex 0.12269986054916825 1.950258435834777 -2.381235818093674
      vertex 0.36616453154930095 1.919501695273744 -2.395235818093674
      vertex 0.36616453154930095 1.919501695273744 -2.496764181906326
    endloop
  endfacet
  facet normal 0.17265325495979406 0.4744206175169474 0.863200979625618
    outer loop
      vertex 0.28522891068676137 1.4952223124609376 -2.1458608865786153
      vertex 0.6038545691508126 1.8584732663235117 -2.409235818093674
      vertex 0.36616453154930095 1.919501695273744 -2.395235818093674
    endloop
  endfacet
  facet normal 0.24868988716485502 0.9685831611286311 0
    outer loop
      vertex 0.36616453154930095 1.919501695273744 -2.496764181906326
      vertex 0.36616453154930095 1.919501695273744 -2.395235818093674
      vertex 0.6038545691508126 1.8584732663235117 -2.5107641819063264
    endloop
  endfacet
  facet normal 0.248689887164855 0.9685831611286311 0
    outer loop
      vertex 0.36616453154930095 1.919501695273744 -2.395235818093674
      vertex 0.6038545691508126 1.8584732663235117 -2.409235818093674
      vertex 0.6038545691508126 1.8584732663235117 -2.5107641819063264
    endloop
  endfacet
  facet normal 0.36812455268467814 0.9297764858882513 0
    outer loop
      vertex 0.6038545691508126 1.8584732663235117 -2.5107641819063264
      vertex 0.6038545691508126 1.8584732663235117 -2.409235818093674
      vertex 0.8320214594715815 1.7681356037652416 -2.5247641819063262
    endloop
  endfacet
  facet normal 0.36812455268467814 0.9297764858882513 0
    outer loop
      vertex 0.8320214594715815 1.7681356037652416 -2.5247641819063262
      vertex 0.6038545691508126 1.8584732663235117 -2.409235818093674
      vertex 0.8320214594715815 1.7681356037652416 -2.423235818093674
    endloop
  endfacet
  facet normal -0.04924542562913524 0.5024529399137585 -0.8632009796256178
    outer loop
      vertex -0.12269986054916825 1.950258435834777 -1.768764181906326
      vertex 0.12269986054916825 1.950258435834777 -1.782764181906326
      vertex 0.09557874821402428 1.519180699608322 -2.032139113421385
    endloop
  endfacet
  facet normal 0.1253332335643041 0.9921147013144778 0
    outer loop
      vertex 0.12269986054916825 1.950258435834777 -1.782764181906326
      vertex 0.12269986054916825 1.950258435834777 -1.681235818093674
      vertex 0.36616453154930095 1.919501695273744 -1.796764181906326
    endloop
  endfacet
  facet normal 0 1 0
    outer loop
      vertex -0.12269986054916825 1.950258435834777 -1.6672358180936737
      vertex 0.12269986054916825 1.950258435834777 -1.681235818093674
      vertex 0.12269986054916825 1.950258435834777 -1.782764181906326
    endloop
  endfacet
  facet normal 0.11183116241243526 0.49231885997476965 0.863200979625618
    outer loop
      vertex 0.09557874821402428 1.519180699608322 -1.431860886578615
      vertex 0.36616453154930095 1.919501695273744 -1.6952358180936737
      vertex 0.12269986054916825 1.950258435834777 -1.681235818093674
    endloop
  endfacet
  facet normal 0.01411694093412847 0.5046630368394694 -0.8632009796256179
    outer loop
      vertex 0.28522891068676137 1.4952223124609376 -2.046139113421385
      vertex 0.12269986054916825 1.950258435834777 -1.782764181906326
      vertex 0.36616453154930095 1.919501695273744 -1.796764181906326
    endloop
  endfacet
  facet normal 0.12533323356430412 0.9921147013144779 0
    outer loop
      vertex 0.12269986054916825 1.950258435834777 -1.681235818093674
      vertex 0.36616453154930095 1.919501695273744 -1.6952358180936737
      vertex 0.36616453154930095 1.919501695273744 -1.796764181906326
    endloop
  endfacet
  facet normal 0.17265325495979478 0.47442061751694686 0.8632009796256183
    outer loop
      vertex 0.28522891068676137 1.4952223124609376 -1.4458608865786151
      vertex 0.6038545691508126 1.8584732663235117 -1.7092358180936738
      vertex 0.36616453154930095 1.919501695273744 -1.6952358180936737
    endloop
  endfacet
  facet normal -0.04924542562913605 0.5024529399137576 -0.8632009796256184
    outer loop
      vertex -0.12269986054916825 1.950258435834777 -1.068764181906326
      vertex 0.12269986054916825 1.950258435834777 -1.0827641819063263
      vertex 0.09557874821402428 1.519180699608322 -1.3321391134213847
    endloop
  endfacet
  facet normal 0 1 0
    outer loop
      vertex -0.12269986054916825 1.950258435834777 -0.9672358180936738
      vertex 0.12269986054916825 1.950258435834777 -0.9812358180936738
      vertex 0.12269986054916825 1.950258435834777 -1.0827641819063263
    endloop
  endfacet
  facet normal 0.1253332335643041 0.9921147013144778 0
    outer loop
      vertex 0.12269986054916825 1.950258435834777 -1.0827641819063263
      vertex 0.12269986054916825 1.950258435834777 -0.9812358180936738
      vertex 0.36616453154930095 1.919501695273744 -1.096764181906326
    endloop
  endfacet
  facet normal 0.014116940934129265 0.5046630368394694 -0.863200979625618
    outer loop
      vertex 0.28522891068676137 1.4952223124609376 -1.346139113421385
      vertex 0.12269986054916825 1.950258435834777 -1.0827641819063263
      vertex 0.36616453154930095 1.919501695273744 -1.096764181906326
    endloop
  endfacet
  facet normal 0.1253332335643041 0.9921147013144779 0
    outer loop
      vertex 0.36616453154930095 1.919501695273744 -1.096764181906326
      vertex 0.12269986054916825 1.950258435834777 -0.9812358180936738
      vertex 0.36616453154930095 1.919501695273744 -0.9952358180936738
    endloop
  endfacet
  facet normal 0.24868988716485502 0.9685831611286311 0
    outer loop
      vertex 0.36616453154930095 1.919501695273744 -1.796764181906326
      vertex 0.36616453154930095 1.919501695273744 -1.6952358180936737
      vertex 0.6038545691508126 1.8584732663235117 -1.810764181906326
    endloop
  endfacet
  facet normal 0.24868988716485502 0.9685831611286311 0
    outer loop
      vertex 0.36616453154930095 1.919501695273744 -1.6952358180936737
      vertex 0.6038545691508126 1.8584732663235117 -1.7092358180936738
      vertex 0.6038545691508126 1.8584732663235117 -1.810764181906326
    endloop
  endfacet
  facet normal 0.3681245526846782 0.9297764858882513 0
    outer loop
      vertex 0.6038545691508126 1.8584732663235117 -1.810764181906326
      vertex 0.6038545691508126 1.8584732663235117 -1.7092358180936738
      vertex 0.8320214594715815 1.7681356037652416 -1.824764181906326
    endloop
  endfacet
  facet normal 0.36812455268467814 0.9297764858882513 0
    outer loop
      vertex 0.6038545691508126 1.8584732663235117 -1.7092358180936738
      vertex 0.8320214594715815 1.7681356037652416 -1.7232358180936738
      vertex 0.8320214594715815 1.7681356037652416 -1.824764181906326
    endloop
  endfacet
  facet normal 0.24868988716485502 0.9685831611286311 0
    outer loop
      vertex 0.36616453154930095 1.919501695273744 -1.096764181906326
      vertex 0.36616453154930095 1.919501695273744 -0.9952358180936738
      vertex 0.6038545691508126 1.8584732663235117 -1.1107641819063263
    endloop
  endfacet
  facet normal 0.248689887164855 0.9685831611286311 0
    outer loop
      vertex 0.6038545691508126 1.8584732663235117 -1.1107641819063263
      vertex 0.36616453154930095 1.919501695273744 -0.9952358180936738
      vertex 0.6038545691508126 1.8584732663235117 -1.0092358180936738
    endloop
  endfacet
  facet normal 0.36812455268467814 0.9297764858882513 0
    outer loop
      vertex 0.6038545691508126 1.8584732663235117 -1.1107641819063263
      vertex 0.6038545691508126 1.8584732663235117 -1.0092358180936738
      vertex 0.8320214594715815 1.7681356037652416 -1.124764181906326
    endloop
  endfacet
  facet normal 0.36812455268467814 0.9297764858882513 0
    outer loop
      vertex 0.6038545691508126 1.8584732663235117 -1.0092358180936738
      vertex 0.8320214594715815 1.7681356037652416 -1.0232358180936738
      vertex 0.8320214594715815 1.7681356037652416 -1.124764181906326
    endloop
  endfacet
  facet normal 0.11183116241243608 0.4923188599747692 0.8632009796256183
    outer loop
      vertex 0.09557874821402428 1.519180699608322 -0.7318608865786151
      vertex 0.36616453154930095 1.919501695273744 -0.9952358180936738
      vertex 0.12269986054916825 1.950258435834777 -0.9812358180936738
    endloop
  endfacet
  facet normal 0.17265325495979478 0.47442061751694686 0.8632009796256183
    outer loop
      vertex 0.28522891068676137 1.4952223124609376 -0.7458608865786152
      vertex 0.6038545691508126 1.8584732663235117 -1.0092358180936738
      vertex 0.36616453154930095 1.919501695273744 -0.9952358180936738
    endloop
  endfacet
  facet normal -0.46833579602149034 0.8835505543911549 0
    outer loop
      vertex -0.11478022757973738 1.8243794744552038 -0.2783535503899235
      vertex 0.12269986054916825 1.950258435834777 -0.28123581809367404
      vertex 0.12269986054916825 1.950258435834777 -0.3827641819063261
    endloop
  endfacet
  facet normal 0.1253332335643041 0.9921147013144778 0
    outer loop
      vertex 0.12269986054916825 1.950258435834777 -0.3827641819063261
      vertex 0.12269986054916825 1.950258435834777 -0.28123581809367404
      vertex 0.36616453154930095 1.919501695273744 -0.3967641819063259
    endloop
  endfacet
  facet normal 0.11183116241243526 0.49231885997476965 0.863200979625618
    outer loop
      vertex 0.09557874821402428 1.519180699608322 -0.031860886578615195
      vertex 0.36616453154930095 1.919501695273744 -0.29523581809367383
      vertex 0.12269986054916825 1.950258435834777 -0.28123581809367404
    endloop
  endfacet
  facet normal 0.014116940934129265 0.5046630368394694 -0.863200979625618
    outer loop
      vertex 0.28522891068676137 1.4952223124609376 -0.6461391134213847
      vertex 0.12269986054916825 1.950258435834777 -0.3827641819063261
      vertex 0.36616453154930095 1.919501695273744 -0.3967641819063259
    endloop
  endfacet
  facet normal 0.1253332335643041 0.9921147013144778 0
    outer loop
      vertex 0.12269986054916825 1.950258435834777 -0.28123581809367404
      vertex 0.36616453154930095 1.919501695273744 -0.29523581809367383
      vertex 0.36616453154930095 1.919501695273744 -0.3967641819063259
    endloop
  endfacet
  facet normal 0.17265325495979483 0.47442061751694725 0.8632009796256179
    outer loop
      vertex 0.28522891068676137 1.4952223124609376 -0.045860886578614986
      vertex 0.6038545691508126 1.8584732663235117 -0.30923581809367384
      vertex 0.36616453154930095 1.919501695273744 -0.29523581809367383
    endloop
  endfacet
  facet normal 0.24868988716485502 0.9685831611286311 0
    outer loop
      vertex 0.36616453154930095 1.919501695273744 -0.3967641819063259
      vertex 0.36616453154930095 1.919501695273744 -0.29523581809367383
      vertex 0.6038545691508126 1.8584732663235117 -0.4107641819063259
    endloop
  endfacet
  facet normal 0.24868988716485502 0.9685831611286311 0
    outer loop
      vertex 0.36616453154930095 1.919501695273744 -0.29523581809367383
      vertex 0.6038545691508126 1.8584732663235117 -0.30923581809367384
      vertex 0.6038545691508126 1.8584732663235117 -0.4107641819063259
    endloop
  endfacet
  facet normal 0.36812455268467814 0.9297764858882513 0
    outer loop
      vertex 0.6038545691508126 1.8584732663235117 -0.4107641819063259
      vertex 0.6038545691508126 1.8584732663235117 -0.30923581809367384
      vertex 0.8320214594715815 1.7681356037652416 -0.4247641819063259
    endloop
  endfacet
  facet normal 0.36812455268467814 0.9297764858882513 0
    outer loop
      vertex 0.6038545691508126 1.8584732663235117 -0.30923581809367384
      vertex 0.8320214594715815 1.7681356037652416 -0.32323581809367385
      vertex 0.8320214594715815 1.7681356037652416 -0.4247641819063259
    endloop
  endfacet
  facet normal 0.49836931795159883 0.08069753216691998 -0.8632009796256183
    outer loop
      vertex 1.5221843827777863 0 -3.6001391134213847
      vertex 1.938705658315764 0.24491548080498346 -3.336764181906326
      vertex 1.9541144342958772 0 -3.3507641819063263
    endloop
  endfacet
  facet normal 0.9980267284282716 0.06279051952931324 0
    outer loop
      vertex 1.9541144342958772 0 -3.3507641819063263
      vertex 1.938705658315764 0.24491548080498346 -3.235235818093674
      vertex 1.9541144342958772 0 -3.2492358180936742
    endloop
  endfacet
  facet normal 0.9980267284282716 0.06279051952931324 0
    outer loop
      vertex 1.9541144342958772 0 -3.3507641819063263
      vertex 1.938705658315764 0.24491548080498346 -3.336764181906326
      vertex 1.938705658315764 0.24491548080498346 -3.235235818093674
    endloop
  endfacet
  facet normal 0.5045536096709907 -0.017598969894488708 0.8632009796256179
    outer loop
      vertex 1.5101815042651463 0.1907802907746246 -2.985860886578615
      vertex 1.9541144342958772 0 -3.2492358180936742
      vertex 1.938705658315764 0.24491548080498346 -3.235235818093674
    endloop
  endfacet
  facet normal 0.48432544437671154 0.14252344615071072 -0.8632009796256178
    outer loop
      vertex 1.5101815042651463 0.1907802907746246 -3.586139113421385
      vertex 1.8927223359773873 0.48596849817225574 -3.322764181906326
      vertex 1.938705658315764 0.24491548080498346 -3.336764181906326
    endloop
  endfacet
  facet normal 0.9822872507286885 0.1873813145857255 0
    outer loop
      vertex 1.938705658315764 0.24491548080498346 -3.336764181906326
      vertex 1.8927223359773873 0.48596849817225574 -3.2212358180936738
      vertex 1.938705658315764 0.24491548080498346 -3.235235818093674
    endloop
  endfacet
  facet normal 0.9822872507286885 0.1873813145857255 0
    outer loop
      vertex 1.938705658315764 0.24491548080498346 -3.336764181906326
      vertex 1.8927223359773873 0.48596849817225574 -3.322764181906326
      vertex 1.8927223359773873 0.48596849817225574 -3.2212358180936738
    endloop
  endfacet
  facet normal 0.5027807895601528 0.04577713864629432 0.8632009796256183
    outer loop
      vertex 1.4743621612915423 0.3785518623971118 -2.9718608865786154
      vertex 1.938705658315764 0.24491548080498346 -3.235235818093674
      vertex 1.8927223359773873 0.48596849817225574 -3.2212358180936738
    endloop
  endfacet
  facet normal 0.9510565162951538 0.3090169943749468 0
    outer loop
      vertex 1.8927223359773873 0.48596849817225574 -3.322764181906326
      vertex 1.816889651743129 0.7193575020198423 -3.308764181906326
      vertex 1.816889651743129 0.7193575020198423 -3.207235818093674
    endloop
  endfacet
  facet normal 0.9510565162951538 0.30901699437494684 0
    outer loop
      vertex 1.8927223359773873 0.48596849817225574 -3.322764181906326
      vertex 1.816889651743129 0.7193575020198423 -3.207235818093674
      vertex 1.8927223359773873 0.48596849817225574 -3.2212358180936738
    endloop
  endfacet
  facet normal 0.9048270524660195 0.4257792915650726 0
    outer loop
      vertex 1.7124035323436126 0.9414018083372339 -3.193235818093674
      vertex 1.816889651743129 0.7193575020198423 -3.207235818093674
      vertex 1.816889651743129 0.7193575020198423 -3.308764181906326
    endloop
  endfacet
  facet normal 0.49836931795159956 0.08069753216691837 -0.863200979625618
    outer loop
      vertex 1.5221843827777863 0 -2.900139113421385
      vertex 1.938705658315764 0.24491548080498346 -2.6367641819063263
      vertex 1.9541144342958772 0 -2.650764181906326
    endloop
  endfacet
  facet normal 0.9980267284282716 0.06279051952931324 0
    outer loop
      vertex 1.9541144342958772 0 -2.650764181906326
      vertex 1.938705658315764 0.24491548080498346 -2.535235818093674
      vertex 1.9541144342958772 0 -2.549235818093674
    endloop
  endfacet
  facet normal 0.9980267284282716 0.06279051952931322 0
    outer loop
      vertex 1.9541144342958772 0 -2.650764181906326
      vertex 1.938705658315764 0.24491548080498346 -2.6367641819063263
      vertex 1.938705658315764 0.24491548080498346 -2.535235818093674
    endloop
  endfacet
  facet normal 0.4843254443767108 0.14252344615071055 -0.8632009796256181
    outer loop
      vertex 1.5101815042651463 0.1907802907746246 -2.8861391134213847
      vertex 1.8927223359773873 0.48596849817225574 -2.622764181906326
      vertex 1.938705658315764 0.24491548080498346 -2.6367641819063263
    endloop
  endfacet
  facet normal 0.9822872507286885 0.1873813145857255 0
    outer loop
      vertex 1.938705658315764 0.24491548080498346 -2.6367641819063263
      vertex 1.8927223359773873 0.48596849817225574 -2.521235818093674
      vertex 1.938705658315764 0.24491548080498346 -2.535235818093674
    endloop
  endfacet
  facet normal 0.9822872507286885 0.1873813145857255 0
    outer loop
      vertex 1.938705658315764 0.24491548080498346 -2.6367641819063263
      vertex 1.8927223359773873 0.48596849817225574 -2.622764181906326
      vertex 1.8927223359773873 0.48596849817225574 -2.521235818093674
    endloop
  endfacet
  facet normal 0.50455360967099 -0.017598969894488715 0.8632009796256183
    outer loop
      vertex 1.5101815042651463 0.1907802907746246 -2.2858608865786154
      vertex 1.9541144342958772 0 -2.549235818093674
      vertex 1.938705658315764 0.24491548080498346 -2.535235818093674
    endloop
  endfacet
  facet normal 0.49836931795159956 0.08069753216691916 -0.863200979625618
    outer loop
      vertex 1.5221843827777863 0 -2.200139113421385
      vertex 1.938705658315764 0.24491548080498346 -1.936764181906326
      vertex 1.9541144342958772 0 -1.950764181906326
    endloop
  endfacet
  facet normal 0.5027807895601533 0.045777138646296 0.863200979625618
    outer loop
      vertex 1.4743621612915423 0.3785518623971118 -2.271860886578615
      vertex 1.938705658315764 0.24491548080498346 -2.535235818093674
      vertex 1.8927223359773873 0.48596849817225574 -2.521235818093674
    endloop
  endfacet
  facet normal 0.48432544437671204 0.14252344615070991 -0.8632009796256177
    outer loop
      vertex 1.5101815042651463 0.1907802907746246 -2.186139113421385
      vertex 1.8927223359773873 0.48596849817225574 -1.922764181906326
      vertex 1.938705658315764 0.24491548080498346 -1.936764181906326
    endloop
  endfacet
  facet normal 0.9510565162951536 0.3090169943749468 0
    outer loop
      vertex 1.8927223359773873 0.48596849817225574 -2.622764181906326
      vertex 1.816889651743129 0.7193575020198423 -2.6087641819063263
      vertex 1.816889651743129 0.7193575020198423 -2.507235818093674
    endloop
  endfacet
  facet normal 0.9510565162951538 0.30901699437494684 0
    outer loop
      vertex 1.8927223359773873 0.48596849817225574 -2.622764181906326
      vertex 1.816889651743129 0.7193575020198423 -2.507235818093674
      vertex 1.8927223359773873 0.48596849817225574 -2.521235818093674
    endloop
  endfacet
  facet normal 0.9048270524660196 0.42577929156507255 0
    outer loop
      vertex 1.7124035323436126 0.9414018083372339 -2.493235818093674
      vertex 1.816889651743129 0.7193575020198423 -2.507235818093674
      vertex 1.816889651743129 0.7193575020198423 -2.6087641819063263
    endloop
  endfacet
  facet normal 0.5045536096709906 -0.017598969894487913 0.8632009796256179
    outer loop
      vertex 1.5101815042651463 0.1907802907746246 -1.585860886578615
      vertex 1.9541144342958772 0 -1.8492358180936739
      vertex 1.938705658315764 0.24491548080498346 -1.8352358180936739
    endloop
  endfacet
  facet normal 0.9980267284282716 0.06279051952931324 0
    outer loop
      vertex 1.9541144342958772 0 -1.950764181906326
      vertex 1.938705658315764 0.24491548080498346 -1.8352358180936739
      vertex 1.9541144342958772 0 -1.8492358180936739
    endloop
  endfacet
  facet normal 0.9980267284282716 0.06279051952931324 0
    outer loop
      vertex 1.9541144342958772 0 -1.950764181906326
      vertex 1.938705658315764 0.24491548080498346 -1.936764181906326
      vertex 1.938705658315764 0.24491548080498346 -1.8352358180936739
    endloop
  endfacet
  facet normal 0.9822872507286885 0.1873813145857255 0
    outer loop
      vertex 1.938705658315764 0.24491548080498346 -1.936764181906326
      vertex 1.8927223359773873 0.48596849817225574 -1.8212358180936739
      vertex 1.938705658315764 0.24491548080498346 -1.8352358180936739
    endloop
  endfacet
  facet normal 0.9822872507286885 0.1873813145857255 0
    outer loop
      vertex 1.938705658315764 0.24491548080498346 -1.936764181906326
      vertex 1.8927223359773873 0.48596849817225574 -1.922764181906326
      vertex 1.8927223359773873 0.48596849817225574 -1.8212358180936739
    endloop
  endfacet
  facet normal 0.502780789560153 0.0457771386462951 0.8632009796256183
    outer loop
      vertex 1.4743621612915423 0.3785518623971118 -1.5718608865786152
      vertex 1.938705658315764 0.24491548080498346 -1.8352358180936739
      vertex 1.8927223359773873 0.48596849817225574 -1.8212358180936739
    endloop
  endfacet
  facet normal 0.49836931795159956 0.08069753216691916 -0.863200979625618
    outer loop
      vertex 1.5221843827777863 0 -1.5001391134213848
      vertex 1.938705658315764 0.24491548080498346 -1.236764181906326
      vertex 1.9541144342958772 0 -1.250764181906326
    endloop
  endfacet
  facet normal 0.5045536096709906 -0.017598969894487913 0.8632009796256179
    outer loop
      vertex 1.5101815042651463 0.1907802907746246 -0.8858608865786151
      vertex 1.9541144342958772 0 -1.149235818093674
      vertex 1.938705658315764 0.24491548080498346 -1.135235818093674
    endloop
  endfacet
  facet normal 0.9980267284282716 0.06279051952931324 0
    outer loop
      vertex 1.9541144342958772 0 -1.250764181906326
      vertex 1.938705658315764 0.24491548080498346 -1.135235818093674
      vertex 1.9541144342958772 0 -1.149235818093674
    endloop
  endfacet
  facet normal 0.9980267284282716 0.06279051952931324 0
    outer loop
      vertex 1.9541144342958772 0 -1.250764181906326
      vertex 1.938705658315764 0.24491548080498346 -1.236764181906326
      vertex 1.938705658315764 0.24491548080498346 -1.135235818093674
    endloop
  endfacet
  facet normal 0.4843254443767114 0.14252344615070986 -0.863200979625618
    outer loop
      vertex 1.5101815042651463 0.1907802907746246 -1.4861391134213846
      vertex 1.8927223359773873 0.48596849817225574 -1.222764181906326
      vertex 1.938705658315764 0.24491548080498346 -1.236764181906326
    endloop
  endfacet
  facet normal 0.5027807895601535 0.045777138646295325 0.863200979625618
    outer loop
      vertex 1.4743621612915423 0.3785518623971118 -0.871860886578615
      vertex 1.938705658315764 0.24491548080498346 -1.135235818093674
      vertex 1.8927223359773873 0.48596849817225574 -1.121235818093674
    endloop
  endfacet
  facet normal 0.9822872507286885 0.1873813145857255 0
    outer loop
      vertex 1.938705658315764 0.24491548080498346 -1.236764181906326
      vertex 1.8927223359773873 0.48596849817225574 -1.121235818093674
      vertex 1.938705658315764 0.24491548080498346 -1.135235818093674
    endloop
  endfacet
  facet normal 0.9822872507286885 0.1873813145857255 0
    outer loop
      vertex 1.938705658315764 0.24491548080498346 -1.236764181906326
      vertex 1.8927223359773873 0.48596849817225574 -1.222764181906326
      vertex 1.8927223359773873 0.48596849817225574 -1.121235818093674
    endloop
  endfacet
  facet normal 0.9510565162951539 0.3090169943749469 0
    outer loop
      vertex 1.8927223359773873 0.48596849817225574 -1.922764181906326
      vertex 1.816889651743129 0.7193575020198423 -1.9087641819063261
      vertex 1.816889651743129 0.7193575020198423 -1.8072358180936738
    endloop
  endfacet
  facet normal 0.9510565162951538 0.30901699437494684 0
    outer loop
      vertex 1.8927223359773873 0.48596849817225574 -1.922764181906326
      vertex 1.816889651743129 0.7193575020198423 -1.8072358180936738
      vertex 1.8927223359773873 0.48596849817225574 -1.8212358180936739
    endloop
  endfacet
  facet normal 0.9048270524660196 0.42577929156507255 0
    outer loop
      vertex 1.7124035323436126 0.9414018083372339 -1.7932358180936738
      vertex 1.816889651743129 0.7193575020198423 -1.8072358180936738
      vertex 1.816889651743129 0.7193575020198423 -1.9087641819063261
    endloop
  endfacet
  facet normal 0.9510565162951538 0.3090169943749469 0
    outer loop
      vertex 1.8927223359773873 0.48596849817225574 -1.222764181906326
      vertex 1.816889651743129 0.7193575020198423 -1.208764181906326
      vertex 1.816889651743129 0.7193575020198423 -1.1072358180936739
    endloop
  endfacet
  facet normal 0.9510565162951538 0.30901699437494684 0
    outer loop
      vertex 1.8927223359773873 0.48596849817225574 -1.222764181906326
      vertex 1.816889651743129 0.7193575020198423 -1.1072358180936739
      vertex 1.8927223359773873 0.48596849817225574 -1.121235818093674
    endloop
  endfacet
  facet normal 0.9048270524660195 0.4257792915650726 0
    outer loop
      vertex 1.7124035323436126 0.9414018083372339 -1.0932358180936739
      vertex 1.816889651743129 0.7193575020198423 -1.1072358180936739
      vertex 1.816889651743129 0.7193575020198423 -1.208764181906326
    endloop
  endfacet
  facet normal 0.49836931795159956 0.08069753216691916 -0.863200979625618
    outer loop
      vertex 1.5221843827777863 0 -0.8001391134213849
      vertex 1.938705658315764 0.24491548080498346 -0.536764181906326
      vertex 1.9541144342958772 0 -0.550764181906326
    endloop
  endfacet
  facet normal 0.9980267284282716 0.06279051952931324 0
    outer loop
      vertex 1.9541144342958772 0 -0.550764181906326
      vertex 1.938705658315764 0.24491548080498346 -0.536764181906326
      vertex 1.938705658315764 0.24491548080498346 -0.43523581809367395
    endloop
  endfacet
  facet normal 0.4843254443767117 0.14252344615070994 -0.8632009796256179
    outer loop
      vertex 1.5101815042651463 0.1907802907746246 -0.7861391134213849
      vertex 1.8927223359773873 0.48596849817225574 -0.522764181906326
      vertex 1.938705658315764 0.24491548080498346 -0.536764181906326
    endloop
  endfacet
  facet normal 0.5045536096709906 -0.017598969894487913 0.8632009796256179
    outer loop
      vertex 1.5101815042651463 0.1907802907746246 -0.1858608865786151
      vertex 1.9541144342958772 0 -0.44923581809367397
      vertex 1.938705658315764 0.24491548080498346 -0.43523581809367395
    endloop
  endfacet
  facet normal 0.9980267284282716 0.06279051952931324 0
    outer loop
      vertex 1.9541144342958772 0 -0.550764181906326
      vertex 1.938705658315764 0.24491548080498346 -0.43523581809367395
      vertex 1.9541144342958772 0 -0.44923581809367397
    endloop
  endfacet
  facet normal 0.502780789560153 0.0457771386462951 0.8632009796256183
    outer loop
      vertex 1.4743621612915423 0.3785518623971118 -0.1718608865786153
      vertex 1.938705658315764 0.24491548080498346 -0.43523581809367395
      vertex 1.8927223359773873 0.48596849817225574 -0.42123581809367394
    endloop
  endfacet
  facet normal 0.9822872507286885 0.1873813145857255 0
    outer loop
      vertex 1.938705658315764 0.24491548080498346 -0.536764181906326
      vertex 1.8927223359773873 0.48596849817225574 -0.42123581809367394
      vertex 1.938705658315764 0.24491548080498346 -0.43523581809367395
    endloop
  endfacet
  facet normal 0.9822872507286885 0.1873813145857255 0
    outer loop
      vertex 1.938705658315764 0.24491548080498346 -0.536764181906326
      vertex 1.8927223359773873 0.48596849817225574 -0.522764181906326
      vertex 1.8927223359773873 0.48596849817225574 -0.42123581809367394
    endloop
  endfacet
  facet normal 0.9510565162951538 0.3090169943749469 0
    outer loop
      vertex 1.8927223359773873 0.48596849817225574 -0.522764181906326
      vertex 1.816889651743129 0.7193575020198423 -0.508764181906326
      vertex 1.816889651743129 0.7193575020198423 -0.40723581809367393
    endloop
  endfacet
  facet normal 0.9510565162951538 0.30901699437494684 0
    outer loop
      vertex 1.8927223359773873 0.48596849817225574 -0.522764181906326
      vertex 1.816889651743129 0.7193575020198423 -0.40723581809367393
      vertex 1.8927223359773873 0.48596849817225574 -0.42123581809367394
    endloop
  endfacet
  facet normal 0.9048270524660195 0.4257792915650726 0
    outer loop
      vertex 1.7124035323436126 0.9414018083372339 -0.3932358180936739
      vertex 1.816889651743129 0.7193575020198423 -0.40723581809367393
      vertex 1.816889651743129 0.7193575020198423 -0.508764181906326
    endloop
  endfacet
  facet normal 0 0 -1
    outer loop
      vertex 1.1096246601958315 1.042006913920381 0
      vertex 1.4902275204777544 3.1668946836310683 0
      vertex 1.2314730342393692 0.8947175314667035 0
    endloop
  endfacet
  facet normal 0 0 -1
    outer loop
      vertex 1.5221843827777863 0 0
      vertex 1.5101815042651463 0.1907802907746246 0
      vertex 1.8753937824264884 2.9551477392570527 0
    endloop
  endfacet
  facet normal 0 0 -1
    outer loop
      vertex 1.5101815042651463 0.1907802907746246 0
      vertex 1.4743621612915423 0.3785518623971118 0
      vertex 1.8753937824264884 2.9551477392570527 0
    endloop
  endfacet
  facet normal 0 0 -1
    outer loop
      vertex 1.415291246293107 0.5603534450136751 0
      vertex 1.3339003428866194 0.7333179190634505 0
      vertex 1.4902275204777544 3.1668946836310683 0
    endloop
  endfacet
  facet normal 0 0 -1
    outer loop
      vertex 1.4743621612915423 0.3785518623971118 0
      vertex 1.415291246293107 0.5603534450136751 0
      vertex 1.4902275204777544 3.1668946836310683 0
    endloop
  endfacet
  facet normal 0 0 -1
    outer loop
      vertex 1.3339003428866194 0.7333179190634505 0
      vertex 1.2314730342393692 0.8947175314667035 0
      vertex 1.4902275204777544 3.1668946836310683 0
    endloop
  endfacet
  facet normal 0 0 1
    outer loop
      vertex -1.76420921756274 3.6612290701835846e-17 2
      vertex 0.88210460878137 -1.5278500000000004 2
      vertex 0.88210460878137 1.5278500000000004 2
    endloop
  endfacet
  facet normal 0 -1 0
    outer loop
      vertex -0.88210460878137 1.5278500000000004 2
      vertex 0.88210460878137 1.5278500000000004 2
      vertex 0.88210460878137 1.5278500000000004 4
    endloop
  endfacet
  facet normal 0 0 1
    outer loop
      vertex 0.88210460878137 -1.5278500000000004 2
      vertex 1.76420921756274 3.6612290701835846e-17 2
      vertex 0.88210460878137 1.5278500000000004 2
    endloop
  endfacet
  facet normal -0.8660254037844386 -0.5 0
    outer loop
      vertex 0.88210460878137 1.5278500000000004 2
      vertex 1.76420921756274 3.6612290701835846e-17 2
      vertex 1.76420921756274 3.6612290701835846e-17 4
    endloop
  endfacet
  facet normal -0.8660254037844386 -0.5 0
    outer loop
      vertex 0.88210460878137 1.5278500000000004 2
      vertex 1.76420921756274 3.6612290701835846e-17 4
      vertex 0.88210460878137 1.5278500000000004 4
    endloop
  endfacet
  facet normal 0 0 1
    outer loop
      vertex 1.0815594803123159 3.3286978070330373 4
      vertex 0.88210460878137 1.5278500000000004 4
      vertex 1.76420921756274 3.6612290701835846e-17 4
    endloop
  endfacet
  facet normal 0 0 -1
    outer loop
      vertex -0.09557874821402428 1.519180699608322 0
      vertex 0.21976681835259648 3.4930935494989503 0
      vertex 0.09557874821402382 1.519180699608322 0
    endloop
  endfacet
  facet normal 0 0 -1
    outer loop
      vertex 0.09557874821402382 1.519180699608322 0
      vertex 0.655834601050036 3.4380053775504105 0
      vertex 0.28522891068676137 1.4952223124609376 0
    endloop
  endfacet
  facet normal 0 0 -1
    outer loop
      vertex 0.28522891068676137 1.4952223124609376 0
      vertex 0.655834601050036 3.4380053775504105 0
      vertex 0.470380842850476 1.4476833762435302 0
    endloop
  endfacet
  facet normal 0 0 -1
    outer loop
      vertex 0.470380842850476 1.4476833762435302 0
      vertex 0.655834601050036 3.4380053775504105 0
      vertex 0.6481145881305433 1.3773136083786315 0
    endloop
  endfacet
  facet normal 0 0 -1
    outer loop
      vertex 0.8156271791909036 1.2852227821423337 0
      vertex 0.6481145881305433 1.3773136083786315 0
      vertex 1.0815594803123159 3.3286978070330373 0
    endloop
  endfacet
  facet normal 0 0 -1
    outer loop
      vertex 0.09557874821402382 1.519180699608322 0
      vertex 0.21976681835259648 3.4930935494989503 0
      vertex 0.655834601050036 3.4380053775504105 0
    endloop
  endfacet
  facet normal 0 0 -1
    outer loop
      vertex 0.6481145881305433 1.3773136083786315 0
      vertex 0.655834601050036 3.4380053775504105 0
      vertex 1.0815594803123159 3.3286978070330373 0
    endloop
  endfacet
  facet normal 0.12533323356430376 0.9921147013144779 0
    outer loop
      vertex 0.21976681835259648 3.4930935494989503 0
      vertex 0.21976681835259648 3.4930935494989503 4
      vertex 0.655834601050036 3.4380053775504105 0
    endloop
  endfacet
  facet normal 0.24868988716485535 0.968583161128631 0
    outer loop
      vertex 0.655834601050036 3.4380053775504105 0
      vertex 0.655834601050036 3.4380053775504105 4
      vertex 1.0815594803123159 3.3286978070330373 0
    endloop
  endfacet
  facet normal 0 0 -1
    outer loop
      vertex 0.8156271791909036 1.2852227821423337 0
      vertex 1.0815594803123159 3.3286978070330373 0
      vertex 0.9702768424033632 1.1728632248767752 0
    endloop
  endfacet
  facet normal 0 0 -1
    outer loop
      vertex 0.9702768424033632 1.1728632248767752 0
      vertex 1.4902275204777544 3.1668946836310683 0
      vertex 1.1096246601958315 1.042006913920381 0
    endloop
  endfacet
  facet normal 0 0 -1
    outer loop
      vertex 0.9702768424033632 1.1728632248767752 0
      vertex 1.0815594803123159 3.3286978070330373 0
      vertex 1.4902275204777544 3.1668946836310683 0
    endloop
  endfacet
  facet normal 0 0 -1
    outer loop
      vertex 1.4743621612915423 0.3785518623971118 0
      vertex 1.4902275204777544 3.1668946836310683 0
      vertex 1.8753937824264884 2.9551477392570527 0
    endloop
  endfacet
  facet normal 0.3681245526846774 0.9297764858882516 0
    outer loop
      vertex 1.0815594803123159 3.3286978070330373 0
      vertex 1.0815594803123159 3.3286978070330373 4
      vertex 1.4902275204777544 3.1668946836310683 0
    endloop
  endfacet
  facet normal 0.4817536741017154 0.8763066800438636 0
    outer loop
      vertex 1.4902275204777544 3.1668946836310683 0
      vertex 1.4902275204777544 3.1668946836310683 4
      vertex 1.8753937824264884 2.9551477392570527 0
    endloop
  endfacet
  facet normal 0 1 0
    outer loop
      vertex -0.21976681835259648 3.4930935494989503 4
      vertex 0.21976681835259648 3.4930935494989503 4
      vertex 0.21976681835259648 3.4930935494989503 0
    endloop
  endfacet
  facet normal 0.12533323356430376 0.9921147013144779 0
    outer loop
      vertex 0.655834601050036 3.4380053775504105 0
      vertex 0.21976681835259648 3.4930935494989503 4
      vertex 0.655834601050036 3.4380053775504105 4
    endloop
  endfacet
  facet normal 0 0 1
    outer loop
      vertex -0.655834601050036 3.4380053775504105 4
      vertex 0.88210460878137 1.5278500000000004 4
      vertex -0.21976681835259648 3.4930935494989503 4
    endloop
  endfacet
  facet normal 0 0 1
    outer loop
      vertex -0.21976681835259648 3.4930935494989503 4
      vertex 0.88210460878137 1.5278500000000004 4
      vertex 0.21976681835259648 3.4930935494989503 4
    endloop
  endfacet
  facet normal 0 0 1
    outer loop
      vertex 0.21976681835259648 3.4930935494989503 4
      vertex 0.88210460878137 1.5278500000000004 4
      vertex 0.655834601050036 3.4380053775504105 4
    endloop
  endfacet
  facet normal 0 0 1
    outer loop
      vertex 0.655834601050036 3.4380053775504105 4
      vertex 0.88210460878137 1.5278500000000004 4
      vertex 1.0815594803123159 3.3286978070330373 4
    endloop
  endfacet
  facet normal 0 0 1
    outer loop
      vertex 1.0815594803123159 3.3286978070330373 4
      vertex 1.76420921756274 3.6612290701835846e-17 4
      vertex 1.4902275204777544 3.1668946836310683 4
    endloop
  endfacet
  facet normal 0 0 1
    outer loop
      vertex 1.4902275204777544 3.1668946836310683 4
      vertex 1.76420921756274 3.6612290701835846e-17 4
      vertex 1.8753937824264884 2.9551477392570527 4
    endloop
  endfacet
  facet normal 0.24868988716485535 0.968583161128631 0
    outer loop
      vertex 1.0815594803123159 3.3286978070330373 0
      vertex 0.655834601050036 3.4380053775504105 4
      vertex 1.0815594803123159 3.3286978070330373 4
    endloop
  endfacet
  facet normal 0.4817536741017154 0.8763066800438636 0
    outer loop
      vertex 1.4902275204777544 3.1668946836310683 4
      vertex 1.8753937824264884 2.9551477392570527 4
      vertex 1.8753937824264884 2.9551477392570527 0
    endloop
  endfacet
  facet normal 0.3681245526846774 0.9297764858882516 0
    outer loop
      vertex 1.4902275204777544 3.1668946836310683 0
      vertex 1.0815594803123159 3.3286978070330373 4
      vertex 1.4902275204777544 3.1668946836310683 4
    endloop
  endfacet
  facet normal 0 0 -1
    outer loop
      vertex 2.2309839641204148 -2.6967963497152616 0
      vertex 2.230983964120414 2.696796349715262 0
      vertex 2.5513901959749403 2.3959148707504108 0
    endloop
  endfacet
  facet normal 0 0 -1
    outer loop
      vertex 1.8753937824264868 -2.9551477392570535 0
      vertex 1.8753937824264884 2.9551477392570527 0
      vertex 2.230983964120414 2.696796349715262 0
    endloop
  endfacet
  facet normal 0 0 -1
    outer loop
      vertex 2.5513901959749408 -2.39591487075041 0
      vertex 2.5513901959749403 2.3959148707504108 0
      vertex 2.831559480312316 2.057248383023656 0
    endloop
  endfacet
  facet normal 0 0 -1
    outer loop
      vertex 2.831559480312316 -2.057248383023656 0
      vertex 2.831559480312316 2.057248383023656 0
      vertex 3.0670733801535226 1.6861378593560037 0
    endloop
  endfacet
  facet normal 0 0 -1
    outer loop
      vertex 3.067073380153522 -1.686137859356004 0
      vertex 3.0670733801535226 1.6861378593560037 0
      vertex 3.25421770060888 1.288435934396373 0
    endloop
  endfacet
  facet normal 0 0 -1
    outer loop
      vertex 3.4724014546006727 -0.43866631747506424 0
      vertex 3.4724014546006727 0.4386663174750649 0
      vertex 3.5 0 0
    endloop
  endfacet
  facet normal 0 0 -1
    outer loop
      vertex 3.390041063950209 -0.8704146050769905 0
      vertex 3.3900410639502088 0.8704146050769918 0
      vertex 3.4724014546006727 0.4386663174750649 0
    endloop
  endfacet
  facet normal 0 0 -1
    outer loop
      vertex 3.2542177006088795 -1.2884359343963743 0
      vertex 3.25421770060888 1.288435934396373 0
      vertex 3.3900410639502088 0.8704146050769918 0
    endloop
  endfacet
  facet normal 0.9980267284282716 0.06279051952931264 0
    outer loop
      vertex 3.5 0 0
      vertex 3.4724014546006727 0.4386663174750649 0
      vertex 3.5 0 4
    endloop
  endfacet
  facet normal 0.9822872507286885 0.18738131458572568 0
    outer loop
      vertex 3.4724014546006727 0.4386663174750649 0
      vertex 3.3900410639502088 0.8704146050769918 0
      vertex 3.4724014546006727 0.4386663174750649 4
    endloop
  endfacet
  facet normal 0.9510565162951536 0.309016994374947 0
    outer loop
      vertex 3.3900410639502088 0.8704146050769918 0
      vertex 3.25421770060888 1.288435934396373 0
      vertex 3.3900410639502088 0.8704146050769918 4
    endloop
  endfacet
  facet normal 0.9048270524660195 0.42577929156507244 0
    outer loop
      vertex 3.25421770060888 1.288435934396373 0
      vertex 3.0670733801535226 1.6861378593560037 0
      vertex 3.25421770060888 1.288435934396373 4
    endloop
  endfacet
  facet normal 0 0 1
    outer loop
      vertex 2.2309839641204148 -2.6967963497152616 4
      vertex 2.230983964120414 2.696796349715262 4
      vertex 1.8753937824264884 2.9551477392570527 4
    endloop
  endfacet
  facet normal 0 0 1
    outer loop
      vertex 2.5513901959749408 -2.39591487075041 4
      vertex 2.5513901959749403 2.3959148707504108 4
      vertex 2.230983964120414 2.696796349715262 4
    endloop
  endfacet
  facet normal 0.9980267284282716 0.06279051952931264 0
    outer loop
      vertex 3.4724014546006727 0.4386663174750649 0
      vertex 3.4724014546006727 0.4386663174750649 4
      vertex 3.5 0 4
    endloop
  endfacet
  facet normal 0.9822872507286885 0.18738131458572568 0
    outer loop
      vertex 3.3900410639502088 0.8704146050769918 0
      vertex 3.3900410639502088 0.8704146050769918 4
      vertex 3.4724014546006727 0.4386663174750649 4
    endloop
  endfacet
  facet normal 0 0 1
    outer loop
      vertex 2.831559480312316 -2.057248383023656 4
      vertex 2.831559480312316 2.057248383023656 4
      vertex 2.5513901959749403 2.3959148707504108 4
    endloop
  endfacet
  facet normal 0 0 1
    outer loop
      vertex 3.067073380153522 -1.686137859356004 4
      vertex 3.0670733801535226 1.6861378593560037 4
      vertex 2.831559480312316 2.057248383023656 4
    endloop
  endfacet
  facet normal 0 0 1
    outer loop
      vertex 3.4724014546006727 -0.43866631747506424 4
      vertex 3.5 0 4
      vertex 3.4724014546006727 0.4386663174750649 4
    endloop
  endfacet
  facet normal 0 0 1
    outer loop
      vertex 3.390041063950209 -0.8704146050769905 4
      vertex 3.3900410639502088 0.8704146050769918 4
      vertex 3.25421770060888 1.288435934396373 4
    endloop
  endfacet
  facet normal 0 0 1
    outer loop
      vertex 3.4724014546006727 -0.43866631747506424 4
      vertex 3.4724014546006727 0.4386663174750649 4
      vertex 3.3900410639502088 0.8704146050769918 4
    endloop
  endfacet
  facet normal 0 0 1
    outer loop
      vertex 3.2542177006088795 -1.2884359343963743 4
      vertex 3.25421770060888 1.288435934396373 4
      vertex 3.0670733801535226 1.6861378593560037 4
    endloop
  endfacet
  facet normal 0.9510565162951536 0.309016994374947 0
    outer loop
      vertex 3.25421770060888 1.288435934396373 0
      vertex 3.25421770060888 1.288435934396373 4
      vertex 3.3900410639502088 0.8704146050769918 4
    endloop
  endfacet
  facet normal 0.9048270524660195 0.42577929156507244 0
    outer loop
      vertex 3.0670733801535226 1.6861378593560037 0
      vertex 3.0670733801535226 1.6861378593560037 4
      vertex 3.25421770060888 1.288435934396373 4
    endloop
  endfacet
  facet normal 0.6845471059286877 0.7289686274214123 0
    outer loop
      vertex 2.5513901959749403 2.3959148707504108 0
      vertex 2.230983964120414 2.696796349715262 0
      vertex 2.230983964120414 2.696796349715262 4
    endloop
  endfacet
  facet normal 0.5877852522924737 0.8090169943749471 0
    outer loop
      vertex 1.8753937824264884 2.9551477392570527 0
      vertex 1.8753937824264884 2.9551477392570527 4
      vertex 2.230983964120414 2.696796349715262 0
    endloop
  endfacet
  facet normal 0.7705132427757896 0.6374239897486893 0
    outer loop
      vertex 2.5513901959749403 2.3959148707504108 0
      vertex 2.831559480312316 2.057248383023656 4
      vertex 2.831559480312316 2.057248383023656 0
    endloop
  endfacet
  facet normal 0.844327925502015 0.5358267949789969 0
    outer loop
      vertex 3.0670733801535226 1.6861378593560037 0
      vertex 2.831559480312316 2.057248383023656 0
      vertex 3.0670733801535226 1.6861378593560037 4
    endloop
  endfacet
  facet normal 0.6845471059286877 0.7289686274214123 0
    outer loop
      vertex 2.5513901959749403 2.3959148707504108 0
      vertex 2.230983964120414 2.696796349715262 4
      vertex 2.5513901959749403 2.3959148707504108 4
    endloop
  endfacet
  facet normal 0.5877852522924737 0.8090169943749471 0
    outer loop
      vertex 2.230983964120414 2.696796349715262 0
      vertex 1.8753937824264884 2.9551477392570527 4
      vertex 2.230983964120414 2.696796349715262 4
    endloop
  endfacet
  facet normal 0.844327925502015 0.5358267949789969 0
    outer loop
      vertex 3.0670733801535226 1.6861378593560037 4
      vertex 2.831559480312316 2.057248383023656 0
      vertex 2.831559480312316 2.057248383023656 4
    endloop
  endfacet
  facet normal 0.7705132427757896 0.6374239897486893 0
    outer loop
      vertex 2.5513901959749403 2.3959148707504108 0
      vertex 2.5513901959749403 2.3959148707504108 4
      vertex 2.831559480312316 2.057248383023656 4
    endloop
  endfacet
endsolid OpenSCAD_Model
