solid OpenSCAD_Model
  facet normal -0.770513242775789 -0.6374239897486899 0
    outer loop
      vertex -14.39713039157288 -13.519805342091598 3
      vertex -14.39713039157288 -13.519805342091598 13
      vertex -15.978085638905211 -11.608758732776344 3
    endloop
  endfacet
  facet normal -0.6845471059286893 -0.7289686274214109 0
    outer loop
      vertex -14.39713039157288 -13.519805342091598 3
      vertex -12.58912379753662 -15.21763654482184 3
      vertex -12.58912379753662 -15.21763654482184 13
    endloop
  endfacet
  facet normal -0.9822872507286885 -0.1873813145857255 0
    outer loop
      vertex -19.129517432290463 -4.9116252715058835 3
      vertex -19.129517432290463 -4.9116252715058835 13
      vertex -19.59426535096094 -2.4753313628950053 3
    endloop
  endfacet
  facet normal -0.9980267284282716 -0.0627905195293129 0
    outer loop
      vertex -19.59426535096094 -2.4753313628950053 3
      vertex -19.59426535096094 -2.4753313628950053 13
      vertex -19.75 0 3
    endloop
  endfacet
  facet normal -0.8443279255020155 -0.535826794978996 0
    outer loop
      vertex -17.307056930866302 -9.514635063508878 3
      vertex -15.978085638905211 -11.608758732776344 3
      vertex -15.978085638905211 -11.608758732776344 13
    endloop
  endfacet
  facet normal -0.9048270524660194 -0.42577929156507316 0
    outer loop
      vertex -17.307056930866302 -9.514635063508878 3
      vertex -17.307056930866302 -9.514635063508878 13
      vertex -18.363085596292965 -7.2704599155223875 3
    endloop
  endfacet
  facet normal -0.9510565162951536 -0.30901699437494723 0
    outer loop
      vertex -19.129517432290463 -4.9116252715058835 3
      vertex -18.363085596292965 -7.2704599155223875 3
      vertex -18.363085596292965 -7.2704599155223875 13
    endloop
  endfacet
  facet normal -0.5877852522924725 -0.8090169943749479 0
    outer loop
      vertex -12.58912379753662 -15.21763654482184 3
      vertex -10.582579200835186 -16.675476528664795 3
      vertex -10.582579200835186 -16.675476528664795 13
    endloop
  endfacet
  facet normal -0.4817536741017148 -0.8763066800438638 0
    outer loop
      vertex -10.582579200835186 -16.675476528664795 3
      vertex -8.409141008410181 -17.870334286203885 3
      vertex -8.409141008410181 -17.870334286203885 13
    endloop
  endfacet
  facet normal -0.3681245526846779 -0.9297764858882515 0
    outer loop
      vertex -8.409141008410181 -17.870334286203885 3
      vertex -6.1030856389052115 -18.78336619682928 3
      vertex -6.1030856389052115 -18.78336619682928 13
    endloop
  endfacet
  facet normal -0.24868988716485574 -0.9685831611286309 0
    outer loop
      vertex -6.1030856389052115 -18.78336619682928 3
      vertex -3.7007809630680653 -19.4001732018916 3
      vertex -3.7007809630680653 -19.4001732018916 13
    endloop
  endfacet
  facet normal -0.12533323356430495 -0.9921147013144777 0
    outer loop
      vertex -3.7007809630680653 -19.4001732018916 3
      vertex -1.2401127607039468 -19.711027886458364 3
      vertex -1.2401127607039468 -19.711027886458364 13
    endloop
  endfacet
  facet normal -0.6845471059286893 -0.7289686274214109 0
    outer loop
      vertex -14.39713039157288 -13.519805342091598 3
      vertex -12.58912379753662 -15.21763654482184 13
      vertex -14.39713039157288 -13.519805342091598 13
    endloop
  endfacet
  facet normal -0.9510565162951536 -0.30901699437494723 0
    outer loop
      vertex -19.129517432290463 -4.9116252715058835 3
      vertex -18.363085596292965 -7.2704599155223875 13
      vertex -19.129517432290463 -4.9116252715058835 13
    endloop
  endfacet
  facet normal -0.9822872507286885 -0.1873813145857255 0
    outer loop
      vertex -19.59426535096094 -2.4753313628950053 3
      vertex -19.129517432290463 -4.9116252715058835 13
      vertex -19.59426535096094 -2.4753313628950053 13
    endloop
  endfacet
  facet normal -0.9980267284282716 -0.0627905195293129 0
    outer loop
      vertex -19.59426535096094 -2.4753313628950053 13
      vertex -19.75 0 13
      vertex -19.75 0 3
    endloop
  endfacet
  facet normal -0.8443279255020155 -0.535826794978996 0
    outer loop
      vertex -17.307056930866302 -9.514635063508878 3
      vertex -15.978085638905211 -11.608758732776344 13
      vertex -17.307056930866302 -9.514635063508878 13
    endloop
  endfacet
  facet normal -0.9048270524660194 -0.42577929156507316 0
    outer loop
      vertex -18.363085596292965 -7.2704599155223875 3
      vertex -17.307056930866302 -9.514635063508878 13
      vertex -18.363085596292965 -7.2704599155223875 13
    endloop
  endfacet
  facet normal -0.770513242775789 -0.6374239897486899 0
    outer loop
      vertex -15.978085638905211 -11.608758732776344 3
      vertex -14.39713039157288 -13.519805342091598 13
      vertex -15.978085638905211 -11.608758732776344 13
    endloop
  endfacet
  facet normal -0.5877852522924725 -0.8090169943749479 0
    outer loop
      vertex -12.58912379753662 -15.21763654482184 3
      vertex -10.582579200835186 -16.675476528664795 13
      vertex -12.58912379753662 -15.21763654482184 13
    endloop
  endfacet
  facet normal -0.4817536741017148 -0.8763066800438638 0
    outer loop
      vertex -10.582579200835186 -16.675476528664795 3
      vertex -8.409141008410181 -17.870334286203885 13
      vertex -10.582579200835186 -16.675476528664795 13
    endloop
  endfacet
  facet normal -0.3681245526846779 -0.9297764858882515 0
    outer loop
      vertex -8.409141008410181 -17.870334286203885 3
      vertex -6.1030856389052115 -18.78336619682928 13
      vertex -8.409141008410181 -17.870334286203885 13
    endloop
  endfacet
  facet normal -0.24868988716485574 -0.9685831611286309 0
    outer loop
      vertex -6.1030856389052115 -18.78336619682928 3
      vertex -3.7007809630680653 -19.4001732018916 13
      vertex -6.1030856389052115 -18.78336619682928 13
    endloop
  endfacet
  facet normal -0.12533323356430495 -0.9921147013144777 0
    outer loop
      vertex -3.7007809630680653 -19.4001732018916 3
      vertex -1.2401127607039468 -19.711027886458364 13
      vertex -3.7007809630680653 -19.4001732018916 13
    endloop
  endfacet
  facet normal 0 -1 0
    outer loop
      vertex -1.2401127607039468 -19.711027886458364 3
      vertex 1.2401127607039468 -19.711027886458364 13
      vertex -1.2401127607039468 -19.711027886458364 13
    endloop
  endfacet
  facet normal -0.9980267284282716 0.0627905195293129 0
    outer loop
      vertex -19.75 0 3
      vertex -19.75 0 13
      vertex -19.59426535096094 2.4753313628950053 3
    endloop
  endfacet
  facet normal -0.9822872507286885 0.1873813145857255 0
    outer loop
      vertex -19.59426535096094 2.4753313628950053 3
      vertex -19.59426535096094 2.4753313628950053 13
      vertex -19.129517432290463 4.9116252715058835 3
    endloop
  endfacet
  facet normal -0.9510565162951536 0.30901699437494723 0
    outer loop
      vertex -19.129517432290463 4.9116252715058835 3
      vertex -19.129517432290463 4.9116252715058835 13
      vertex -18.363085596292965 7.2704599155223875 3
    endloop
  endfacet
  facet normal -0.9048270524660194 0.42577929156507316 0
    outer loop
      vertex -18.363085596292965 7.2704599155223875 3
      vertex -18.363085596292965 7.2704599155223875 13
      vertex -17.307056930866302 9.514635063508878 3
    endloop
  endfacet
  facet normal -0.8443279255020155 0.535826794978996 0
    outer loop
      vertex -17.307056930866302 9.514635063508878 3
      vertex -17.307056930866302 9.514635063508878 13
      vertex -15.978085638905211 11.608758732776344 3
    endloop
  endfacet
  facet normal -0.770513242775789 0.6374239897486899 0
    outer loop
      vertex -15.978085638905211 11.608758732776344 3
      vertex -15.978085638905211 11.608758732776344 13
      vertex -14.39713039157288 13.519805342091598 3
    endloop
  endfacet
  facet normal -0.6845471059286893 0.7289686274214109 0
    outer loop
      vertex -14.39713039157288 13.519805342091598 3
      vertex -14.39713039157288 13.519805342091598 13
      vertex -12.58912379753662 15.21763654482184 3
    endloop
  endfacet
  facet normal -0.5877852522924725 0.8090169943749479 0
    outer loop
      vertex -12.58912379753662 15.21763654482184 3
      vertex -12.58912379753662 15.21763654482184 13
      vertex -10.582579200835186 16.675476528664795 3
    endloop
  endfacet
  facet normal -0.48175367410171577 0.8763066800438634 0
    outer loop
      vertex -10.582579200835186 16.675476528664795 3
      vertex -10.582579200835186 16.675476528664795 13
      vertex -8.409141008410186 17.870334286203885 3
    endloop
  endfacet
  facet normal -0.36812455268467714 0.9297764858882518 0
    outer loop
      vertex -8.409141008410186 17.870334286203885 3
      vertex -8.409141008410186 17.870334286203885 13
      vertex -6.1030856389052115 18.78336619682928 3
    endloop
  endfacet
  facet normal -0.2486898871648553 0.9685831611286309 0
    outer loop
      vertex -6.1030856389052115 18.78336619682928 3
      vertex -6.1030856389052115 18.78336619682928 13
      vertex -3.7007809630680604 19.4001732018916 3
    endloop
  endfacet
  facet normal -0.12533323356430476 0.9921147013144777 0
    outer loop
      vertex -3.7007809630680604 19.4001732018916 3
      vertex -3.7007809630680604 19.4001732018916 13
      vertex -1.2401127607039373 19.711027886458364 3
    endloop
  endfacet
  facet normal 0 1 0
    outer loop
      vertex -1.2401127607039373 19.711027886458364 3
      vertex -1.2401127607039373 19.711027886458364 13
      vertex 1.2401127607039373 19.711027886458364 3
    endloop
  endfacet
  facet normal -0.9980267284282716 0.0627905195293129 0
    outer loop
      vertex -19.59426535096094 2.4753313628950053 3
      vertex -19.75 0 13
      vertex -19.59426535096094 2.4753313628950053 13
    endloop
  endfacet
  facet normal -0.9822872507286885 0.1873813145857255 0
    outer loop
      vertex -19.129517432290463 4.9116252715058835 3
      vertex -19.59426535096094 2.4753313628950053 13
      vertex -19.129517432290463 4.9116252715058835 13
    endloop
  endfacet
  facet normal -0.9510565162951536 0.30901699437494723 0
    outer loop
      vertex -18.363085596292965 7.2704599155223875 3
      vertex -19.129517432290463 4.9116252715058835 13
      vertex -18.363085596292965 7.2704599155223875 13
    endloop
  endfacet
  facet normal -0.9048270524660194 0.42577929156507316 0
    outer loop
      vertex -17.307056930866302 9.514635063508878 3
      vertex -18.363085596292965 7.2704599155223875 13
      vertex -17.307056930866302 9.514635063508878 13
    endloop
  endfacet
  facet normal -0.8443279255020155 0.535826794978996 0
    outer loop
      vertex -15.978085638905211 11.608758732776344 3
      vertex -17.307056930866302 9.514635063508878 13
      vertex -15.978085638905211 11.608758732776344 13
    endloop
  endfacet
  facet normal -0.770513242775789 0.6374239897486899 0
    outer loop
      vertex -14.39713039157288 13.519805342091598 3
      vertex -15.978085638905211 11.608758732776344 13
      vertex -14.39713039157288 13.519805342091598 13
    endloop
  endfacet
  facet normal -0.6845471059286893 0.7289686274214109 0
    outer loop
      vertex -12.58912379753662 15.21763654482184 3
      vertex -14.39713039157288 13.519805342091598 13
      vertex -12.58912379753662 15.21763654482184 13
    endloop
  endfacet
  facet normal -0.5877852522924725 0.8090169943749479 0
    outer loop
      vertex -10.582579200835186 16.675476528664795 3
      vertex -12.58912379753662 15.21763654482184 13
      vertex -10.582579200835186 16.675476528664795 13
    endloop
  endfacet
  facet normal -0.48175367410171577 0.8763066800438634 0
    outer loop
      vertex -8.409141008410186 17.870334286203885 3
      vertex -10.582579200835186 16.675476528664795 13
      vertex -8.409141008410186 17.870334286203885 13
    endloop
  endfacet
  facet normal -0.36812455268467714 0.9297764858882518 0
    outer loop
      vertex -6.1030856389052115 18.78336619682928 3
      vertex -8.409141008410186 17.870334286203885 13
      vertex -6.1030856389052115 18.78336619682928 13
    endloop
  endfacet
  facet normal -0.2486898871648553 0.9685831611286309 0
    outer loop
      vertex -3.7007809630680604 19.4001732018916 3
      vertex -6.1030856389052115 18.78336619682928 13
      vertex -3.7007809630680604 19.4001732018916 13
    endloop
  endfacet
  facet normal -0.12533323356430476 0.9921147013144777 0
    outer loop
      vertex -1.2401127607039373 19.711027886458364 3
      vertex -3.7007809630680604 19.4001732018916 13
      vertex -1.2401127607039373 19.711027886458364 13
    endloop
  endfacet
  facet normal 0 -1 0
    outer loop
      vertex -1.2401127607039468 -19.711027886458364 3
      vertex 1.2401127607039468 -19.711027886458364 3
      vertex 1.2401127607039468 -19.711027886458364 13
    endloop
  endfacet
  facet normal 0.12533323356430495 -0.9921147013144777 0
    outer loop
      vertex 1.2401127607039468 -19.711027886458364 3
      vertex 3.7007809630680653 -19.4001732018916 3
      vertex 3.7007809630680653 -19.4001732018916 13
    endloop
  endfacet
  facet normal 0.24868988716485574 -0.9685831611286309 0
    outer loop
      vertex 3.7007809630680653 -19.4001732018916 3
      vertex 6.1030856389052115 -18.78336619682928 3
      vertex 6.1030856389052115 -18.78336619682928 13
    endloop
  endfacet
  facet normal 0.3681245526846779 -0.9297764858882515 0
    outer loop
      vertex 6.1030856389052115 -18.78336619682928 3
      vertex 8.409141008410181 -17.870334286203885 3
      vertex 8.409141008410181 -17.870334286203885 13
    endloop
  endfacet
  facet normal 0.4817536741017145 -0.8763066800438641 0
    outer loop
      vertex 8.409141008410181 -17.870334286203885 3
      vertex 10.582579200835175 -16.675476528664802 3
      vertex 10.582579200835175 -16.675476528664802 13
    endloop
  endfacet
  facet normal 0.5877852522924728 -0.8090169943749477 0
    outer loop
      vertex 10.582579200835175 -16.675476528664802 3
      vertex 12.589123797536628 -15.217636544821833 3
      vertex 12.589123797536628 -15.217636544821833 13
    endloop
  endfacet
  facet normal 0.6845471059286892 -0.7289686274214109 0
    outer loop
      vertex 12.589123797536628 -15.217636544821833 3
      vertex 14.39713039157288 -13.519805342091598 3
      vertex 14.39713039157288 -13.519805342091598 13
    endloop
  endfacet
  facet normal 0.770513242775789 -0.6374239897486899 0
    outer loop
      vertex 14.39713039157288 -13.519805342091598 3
      vertex 15.978085638905211 -11.608758732776344 3
      vertex 15.978085638905211 -11.608758732776344 13
    endloop
  endfacet
  facet normal 0.8443279255020155 -0.535826794978996 0
    outer loop
      vertex 15.978085638905211 -11.608758732776344 3
      vertex 17.307056930866302 -9.514635063508878 3
      vertex 17.307056930866302 -9.514635063508878 13
    endloop
  endfacet
  facet normal 0.9048270524660191 -0.4257792915650736 0
    outer loop
      vertex 17.307056930866302 -9.514635063508878 3
      vertex 18.36308559629296 -7.270459915522398 3
      vertex 18.36308559629296 -7.270459915522398 13
    endloop
  endfacet
  facet normal 0.9510565162951535 -0.3090169943749477 0
    outer loop
      vertex 18.36308559629296 -7.270459915522398 3
      vertex 19.129517432290466 -4.9116252715058755 3
      vertex 19.129517432290466 -4.9116252715058755 13
    endloop
  endfacet
  facet normal 0.9822872507286886 -0.18738131458572468 0
    outer loop
      vertex 19.129517432290466 -4.9116252715058755 3
      vertex 19.59426535096094 -2.4753313628950053 3
      vertex 19.59426535096094 -2.4753313628950053 13
    endloop
  endfacet
  facet normal 0.9980267284282716 -0.0627905195293129 0
    outer loop
      vertex 19.59426535096094 -2.4753313628950053 3
      vertex 19.75 0 3
      vertex 19.75 0 13
    endloop
  endfacet
  facet normal 0.12533323356430495 -0.9921147013144777 0
    outer loop
      vertex 1.2401127607039468 -19.711027886458364 3
      vertex 3.7007809630680653 -19.4001732018916 13
      vertex 1.2401127607039468 -19.711027886458364 13
    endloop
  endfacet
  facet normal 0.24868988716485574 -0.9685831611286309 0
    outer loop
      vertex 3.7007809630680653 -19.4001732018916 3
      vertex 6.1030856389052115 -18.78336619682928 13
      vertex 3.7007809630680653 -19.4001732018916 13
    endloop
  endfacet
  facet normal 0.3681245526846779 -0.9297764858882515 0
    outer loop
      vertex 6.1030856389052115 -18.78336619682928 3
      vertex 8.409141008410181 -17.870334286203885 13
      vertex 6.1030856389052115 -18.78336619682928 13
    endloop
  endfacet
  facet normal 0.4817536741017145 -0.8763066800438641 0
    outer loop
      vertex 8.409141008410181 -17.870334286203885 3
      vertex 10.582579200835175 -16.675476528664802 13
      vertex 8.409141008410181 -17.870334286203885 13
    endloop
  endfacet
  facet normal 0.5877852522924728 -0.8090169943749477 0
    outer loop
      vertex 10.582579200835175 -16.675476528664802 3
      vertex 12.589123797536628 -15.217636544821833 13
      vertex 10.582579200835175 -16.675476528664802 13
    endloop
  endfacet
  facet normal 0.6845471059286892 -0.7289686274214109 0
    outer loop
      vertex 12.589123797536628 -15.217636544821833 3
      vertex 14.39713039157288 -13.519805342091598 13
      vertex 12.589123797536628 -15.217636544821833 13
    endloop
  endfacet
  facet normal 0.770513242775789 -0.6374239897486899 0
    outer loop
      vertex 14.39713039157288 -13.519805342091598 3
      vertex 15.978085638905211 -11.608758732776344 13
      vertex 14.39713039157288 -13.519805342091598 13
    endloop
  endfacet
  facet normal 0.8443279255020155 -0.535826794978996 0
    outer loop
      vertex 15.978085638905211 -11.608758732776344 3
      vertex 17.307056930866302 -9.514635063508878 13
      vertex 15.978085638905211 -11.608758732776344 13
    endloop
  endfacet
  facet normal 0.9048270524660191 -0.4257792915650736 0
    outer loop
      vertex 17.307056930866302 -9.514635063508878 3
      vertex 18.36308559629296 -7.270459915522398 13
      vertex 17.307056930866302 -9.514635063508878 13
    endloop
  endfacet
  facet normal 0.9510565162951535 -0.3090169943749477 0
    outer loop
      vertex 18.36308559629296 -7.270459915522398 3
      vertex 19.129517432290466 -4.9116252715058755 13
      vertex 18.36308559629296 -7.270459915522398 13
    endloop
  endfacet
  facet normal 0.9822872507286886 -0.18738131458572468 0
    outer loop
      vertex 19.129517432290466 -4.9116252715058755 3
      vertex 19.59426535096094 -2.4753313628950053 13
      vertex 19.129517432290466 -4.9116252715058755 13
    endloop
  endfacet
  facet normal 0.9980267284282716 -0.0627905195293129 0
    outer loop
      vertex 19.59426535096094 -2.4753313628950053 3
      vertex 19.75 0 13
      vertex 19.59426535096094 -2.4753313628950053 13
    endloop
  endfacet
  facet normal 0.12533323356430476 0.9921147013144777 1.6697740998457632e-17
    outer loop
      vertex 1.2401127607039373 19.711027886458364 3
      vertex 1.240112760703936 19.711027886458364 13
      vertex 3.7007809630680604 19.4001732018916 3
    endloop
  endfacet
  facet normal 0.2486898871648553 0.9685831611286309 0
    outer loop
      vertex 3.7007809630680604 19.4001732018916 3
      vertex 3.7007809630680604 19.4001732018916 13
      vertex 6.1030856389052115 18.78336619682928 3
    endloop
  endfacet
  facet normal 0.36812455268467714 0.9297764858882518 0
    outer loop
      vertex 6.1030856389052115 18.78336619682928 3
      vertex 6.1030856389052115 18.78336619682928 13
      vertex 8.409141008410186 17.870334286203885 3
    endloop
  endfacet
  facet normal 0.48175367410171493 0.8763066800438638 0
    outer loop
      vertex 8.409141008410186 17.870334286203885 3
      vertex 8.409141008410186 17.870334286203885 13
      vertex 10.582579200835184 16.6754765286648 3
    endloop
  endfacet
  facet normal 0.5877852522924737 0.809016994374947 0
    outer loop
      vertex 10.582579200835184 16.6754765286648 3
      vertex 10.582579200835184 16.6754765286648 13
      vertex 12.589123797536622 15.217636544821836 3
    endloop
  endfacet
  facet normal 0.9510565162951536 0.3090169943749468 0
    outer loop
      vertex 18.363085596292965 7.27045991552239 3
      vertex 18.363085596292965 7.27045991552239 13
      vertex 19.129517432290463 4.911625271505883 3
    endloop
  endfacet
  facet normal 0.9048270524660197 0.4257792915650723 0
    outer loop
      vertex 18.363085596292965 7.27045991552239 3
      vertex 17.307056930866306 9.514635063508878 3
      vertex 17.307056930866306 9.514635063508878 13
    endloop
  endfacet
  facet normal 0.8443279255020149 0.535826794978997 0
    outer loop
      vertex 15.978085638905211 11.608758732776344 3
      vertex 15.978085638905211 11.608758732776344 13
      vertex 17.307056930866306 9.514635063508878 3
    endloop
  endfacet
  facet normal 0.9980267284282716 0.0627905195293128 0
    outer loop
      vertex 19.75 0 3
      vertex 19.59426535096094 2.475331362895009 3
      vertex 19.59426535096094 2.475331362895009 13
    endloop
  endfacet
  facet normal 0.9822872507286884 0.1873813145857258 0
    outer loop
      vertex 19.59426535096094 2.475331362895009 3
      vertex 19.129517432290463 4.911625271505883 3
      vertex 19.129517432290463 4.911625271505883 13
    endloop
  endfacet
  facet normal 0.6845471059286882 0.728968627421412 0
    outer loop
      vertex 12.589123797536622 15.217636544821836 3
      vertex 12.589123797536622 15.217636544821836 13
      vertex 14.397130391572878 13.519805342091603 3
    endloop
  endfacet
  facet normal 0.7705132427757896 0.6374239897486893 0
    outer loop
      vertex 15.978085638905211 11.608758732776344 3
      vertex 14.397130391572878 13.519805342091603 3
      vertex 14.397130391572878 13.519805342091603 13
    endloop
  endfacet
  facet normal 0 1 0
    outer loop
      vertex -1.2401127607039373 19.711027886458364 13
      vertex 1.240112760703936 19.711027886458364 13
      vertex 1.2401127607039373 19.711027886458364 3
    endloop
  endfacet
  facet normal 0.12533323356430465 0.9921147013144778 0
    outer loop
      vertex 3.7007809630680604 19.4001732018916 3
      vertex 1.240112760703936 19.711027886458364 13
      vertex 3.7007809630680604 19.4001732018916 13
    endloop
  endfacet
  facet normal 0.2486898871648553 0.9685831611286309 0
    outer loop
      vertex 6.1030856389052115 18.78336619682928 3
      vertex 3.7007809630680604 19.4001732018916 13
      vertex 6.1030856389052115 18.78336619682928 13
    endloop
  endfacet
  facet normal 0.36812455268467714 0.9297764858882518 0
    outer loop
      vertex 8.409141008410186 17.870334286203885 3
      vertex 6.1030856389052115 18.78336619682928 13
      vertex 8.409141008410186 17.870334286203885 13
    endloop
  endfacet
  facet normal 0.48175367410171493 0.8763066800438638 0
    outer loop
      vertex 10.582579200835184 16.6754765286648 3
      vertex 8.409141008410186 17.870334286203885 13
      vertex 10.582579200835184 16.6754765286648 13
    endloop
  endfacet
  facet normal 0.5877852522924737 0.809016994374947 0
    outer loop
      vertex 12.589123797536622 15.217636544821836 3
      vertex 10.582579200835184 16.6754765286648 13
      vertex 12.589123797536622 15.217636544821836 13
    endloop
  endfacet
  facet normal 0.7705132427757896 0.6374239897486893 0
    outer loop
      vertex 15.978085638905211 11.608758732776344 3
      vertex 14.397130391572878 13.519805342091603 13
      vertex 15.978085638905211 11.608758732776344 13
    endloop
  endfacet
  facet normal 0.9048270524660197 0.4257792915650723 0
    outer loop
      vertex 18.363085596292965 7.27045991552239 3
      vertex 17.307056930866306 9.514635063508878 13
      vertex 18.363085596292965 7.27045991552239 13
    endloop
  endfacet
  facet normal 0.8443279255020149 0.535826794978997 0
    outer loop
      vertex 17.307056930866306 9.514635063508878 3
      vertex 15.978085638905211 11.608758732776344 13
      vertex 17.307056930866306 9.514635063508878 13
    endloop
  endfacet
  facet normal 0.9980267284282716 0.0627905195293128 0
    outer loop
      vertex 19.75 0 3
      vertex 19.59426535096094 2.475331362895009 13
      vertex 19.75 0 13
    endloop
  endfacet
  facet normal 0.9822872507286884 0.1873813145857258 0
    outer loop
      vertex 19.59426535096094 2.475331362895009 3
      vertex 19.129517432290463 4.911625271505883 13
      vertex 19.59426535096094 2.475331362895009 13
    endloop
  endfacet
  facet normal 0.9510565162951536 0.3090169943749468 0
    outer loop
      vertex 19.129517432290463 4.911625271505883 3
      vertex 18.363085596292965 7.27045991552239 13
      vertex 19.129517432290463 4.911625271505883 13
    endloop
  endfacet
  facet normal 0.6845471059286882 0.728968627421412 0
    outer loop
      vertex 14.397130391572878 13.519805342091603 3
      vertex 12.589123797536622 15.217636544821836 13
      vertex 14.397130391572878 13.519805342091603 13
    endloop
  endfacet
  facet normal -0.6752690845154747 -0.7190885381241208 -0.16408332589311944
    outer loop
      vertex -12.58912379753662 -15.21763654482184 3
      vertex -14.032646077862175 -13.177531789127254 0
      vertex -12.270411802662275 -14.832379923433946 0
    endloop
  endfacet
  facet normal -0.7600700777930952 -0.6287846523313452 -0.164083325893119
    outer loop
      vertex -14.39713039157288 -13.519805342091598 3
      vertex -15.978085638905211 -11.608758732776344 3
      vertex -14.032646077862175 -13.177531789127254 0
    endloop
  endfacet
  facet normal -0.6752690845154752 -0.7190885381241204 -0.164083325893119
    outer loop
      vertex -14.39713039157288 -13.519805342091598 3
      vertex -14.032646077862175 -13.177531789127254 0
      vertex -12.58912379753662 -15.21763654482184 3
    endloop
  endfacet
  facet normal -0.9689738029509435 -0.18484163859541589 -0.16408332589311944
    outer loop
      vertex -19.59426535096094 -2.4753313628950053 3
      vertex -19.0982080003037 -2.412664746112853 0
      vertex -18.64522585172615 -4.7872803279234555 0
    endloop
  endfacet
  facet normal -0.984499955358717 -0.06193948710262617 -0.1640833258931195
    outer loop
      vertex -19.75 0 3
      vertex -19.25 0 0
      vertex -19.0982080003037 -2.412664746112853 0
    endloop
  endfacet
  facet normal -0.9689738029509435 -0.1848416385954165 -0.16408332589311897
    outer loop
      vertex -19.129517432290463 -4.9116252715058835 3
      vertex -19.59426535096094 -2.4753313628950053 3
      vertex -18.64522585172615 -4.7872803279234555 0
    endloop
  endfacet
  facet normal -0.9844999553587171 -0.061939487102626256 -0.16408332589311947
    outer loop
      vertex -19.59426535096094 -2.4753313628950053 3
      vertex -19.75 0 3
      vertex -19.0982080003037 -2.412664746112853 0
    endloop
  endfacet
  facet normal -0.8328843119000633 -0.5285644569535589 -0.16408332589311908
    outer loop
      vertex -17.307056930866302 -9.514635063508878 3
      vertex -16.868903590844372 -9.273758226458021 0
      vertex -15.573577141717738 -11.314866106630108 0
    endloop
  endfacet
  facet normal -0.8925634628673953 -0.42000848434051485 -0.1640833258931188
    outer loop
      vertex -18.363085596292965 -7.2704599155223875 3
      vertex -17.89819735334884 -7.086397639180049 0
      vertex -16.868903590844372 -9.273758226458021 0
    endloop
  endfacet
  facet normal -0.7600700777930955 -0.6287846523313447 -0.1640833258931194
    outer loop
      vertex -15.978085638905211 -11.608758732776344 3
      vertex -15.573577141717738 -11.314866106630108 0
      vertex -14.032646077862175 -13.177531789127254 0
    endloop
  endfacet
  facet normal -0.8328843119000634 -0.5285644569535585 -0.16408332589311936
    outer loop
      vertex -17.307056930866302 -9.514635063508878 3
      vertex -15.573577141717738 -11.314866106630108 0
      vertex -15.978085638905211 -11.608758732776344 3
    endloop
  endfacet
  facet normal -0.8925634628673953 -0.4200084843405146 -0.16408332589311905
    outer loop
      vertex -17.307056930866302 -9.514635063508878 3
      vertex -18.363085596292965 -7.2704599155223875 3
      vertex -16.868903590844372 -9.273758226458021 0
    endloop
  endfacet
  facet normal -0.9381663548337413 -0.30482872702851205 -0.16408332589311883
    outer loop
      vertex -19.129517432290463 -4.9116252715058835 3
      vertex -17.89819735334884 -7.086397639180049 0
      vertex -18.363085596292965 -7.2704599155223875 3
    endloop
  endfacet
  facet normal -0.9381663548337413 -0.3048287270285118 -0.16408332589311903
    outer loop
      vertex -19.129517432290463 -4.9116252715058835 3
      vertex -18.64522585172615 -4.7872803279234555 0
      vertex -17.89819735334884 -7.086397639180049 0
    endloop
  endfacet
  facet normal -0.5798186943888458 -0.798051968108009 -0.16408332589311925
    outer loop
      vertex -10.582579200835186 -16.675476528664795 3
      vertex -12.270411802662275 -14.832379923433946 0
      vertex -10.314665803345688 -16.253312565913788 0
    endloop
  endfacet
  facet normal -0.4752242170848062 -0.8644296418216957 -0.16408332589311947
    outer loop
      vertex -8.409141008410181 -17.870334286203885 3
      vertex -10.314665803345688 -16.253312565913788 0
      vertex -8.196251362627644 -17.417920759970876 0
    endloop
  endfacet
  facet normal -0.36313516999215323 -0.9171747436986163 -0.16408332589311958
    outer loop
      vertex -6.1030856389052115 -18.78336619682928 3
      vertex -8.196251362627644 -17.417920759970876 0
      vertex -5.948577141717737 -18.307837938681704 0
    endloop
  endfacet
  facet normal -0.47522421708480656 -0.8644296418216957 -0.16408332589311925
    outer loop
      vertex -10.582579200835186 -16.675476528664795 3
      vertex -10.314665803345688 -16.253312565913788 0
      vertex -8.409141008410181 -17.870334286203885 3
    endloop
  endfacet
  facet normal -0.5798186943888456 -0.798051968108009 -0.16408332589311936
    outer loop
      vertex -12.58912379753662 -15.21763654482184 3
      vertex -12.270411802662275 -14.832379923433946 0
      vertex -10.582579200835186 -16.675476528664795 3
    endloop
  endfacet
  facet normal -0.3631351699921534 -0.9171747436986162 -0.16408332589311944
    outer loop
      vertex -8.409141008410181 -17.870334286203885 3
      vertex -8.196251362627644 -17.417920759970876 0
      vertex -6.1030856389052115 -18.78336619682928 3
    endloop
  endfacet
  facet normal -0.2453192643422889 -0.9554554519737749 -0.16408332589311955
    outer loop
      vertex -3.7007809630680653 -19.4001732018916 3
      vertex -5.948577141717737 -18.307837938681704 0
      vertex -3.607090305775203 -18.909029576527256 0
    endloop
  endfacet
  facet normal -0.12363452734712005 -0.9786680570098866 -0.16408332589311955
    outer loop
      vertex -1.2401127607039468 -19.711027886458364 3
      vertex -3.607090305775203 -18.909029576527256 0
      vertex -1.2087175009392899 -19.21201452224423 0
    endloop
  endfacet
  facet normal -0.24531926434228887 -0.9554554519737749 -0.16408332589311958
    outer loop
      vertex -6.1030856389052115 -18.78336619682928 3
      vertex -5.948577141717737 -18.307837938681704 0
      vertex -3.7007809630680653 -19.4001732018916 3
    endloop
  endfacet
  facet normal -0.12363452734712006 -0.9786680570098866 -0.16408332589311955
    outer loop
      vertex -3.7007809630680653 -19.4001732018916 3
      vertex -3.607090305775203 -18.909029576527256 0
      vertex -1.2401127607039468 -19.711027886458364 3
    endloop
  endfacet
  facet normal 0 -0.9864464821589929 -0.16408332589311955
    outer loop
      vertex -1.2401127607039468 -19.711027886458364 3
      vertex -1.2087175009392899 -19.21201452224423 0
      vertex 1.2401127607039468 -19.711027886458364 3
    endloop
  endfacet
  facet normal -0.984499955358717 0.06193948710262617 -0.1640833258931195
    outer loop
      vertex -19.75 0 3
      vertex -19.0982080003037 2.412664746112853 0
      vertex -19.25 0 0
    endloop
  endfacet
  facet normal -0.9689738029509435 0.18484163859541589 -0.16408332589311944
    outer loop
      vertex -19.59426535096094 2.4753313628950053 3
      vertex -18.64522585172615 4.7872803279234555 0
      vertex -19.0982080003037 2.412664746112853 0
    endloop
  endfacet
  facet normal -0.9844999553587171 0.061939487102626256 -0.16408332589311947
    outer loop
      vertex -19.75 0 3
      vertex -19.59426535096094 2.4753313628950053 3
      vertex -19.0982080003037 2.412664746112853 0
    endloop
  endfacet
  facet normal -0.9689738029509435 0.1848416385954165 -0.16408332589311897
    outer loop
      vertex -19.59426535096094 2.4753313628950053 3
      vertex -19.129517432290463 4.9116252715058835 3
      vertex -18.64522585172615 4.7872803279234555 0
    endloop
  endfacet
  facet normal -0.9381663548337413 0.3048287270285118 -0.16408332589311903
    outer loop
      vertex -19.129517432290463 4.9116252715058835 3
      vertex -17.89819735334884 7.086397639180049 0
      vertex -18.64522585172615 4.7872803279234555 0
    endloop
  endfacet
  facet normal -0.8925634628673953 0.42000848434051485 -0.1640833258931188
    outer loop
      vertex -18.363085596292965 7.2704599155223875 3
      vertex -16.868903590844372 9.273758226458021 0
      vertex -17.89819735334884 7.086397639180049 0
    endloop
  endfacet
  facet normal -0.8328843119000633 0.5285644569535589 -0.16408332589311908
    outer loop
      vertex -17.307056930866302 9.514635063508878 3
      vertex -15.573577141717738 11.314866106630108 0
      vertex -16.868903590844372 9.273758226458021 0
    endloop
  endfacet
  facet normal -0.7600700777930955 0.6287846523313447 -0.1640833258931194
    outer loop
      vertex -15.978085638905211 11.608758732776344 3
      vertex -14.032646077862175 13.177531789127254 0
      vertex -15.573577141717738 11.314866106630108 0
    endloop
  endfacet
  facet normal -0.9381663548337413 0.30482872702851205 -0.16408332589311883
    outer loop
      vertex -19.129517432290463 4.9116252715058835 3
      vertex -18.363085596292965 7.2704599155223875 3
      vertex -17.89819735334884 7.086397639180049 0
    endloop
  endfacet
  facet normal -0.8925634628673953 0.4200084843405146 -0.16408332589311903
    outer loop
      vertex -18.363085596292965 7.2704599155223875 3
      vertex -17.307056930866302 9.514635063508878 3
      vertex -16.868903590844372 9.273758226458021 0
    endloop
  endfacet
  facet normal -0.8328843119000634 0.5285644569535585 -0.16408332589311936
    outer loop
      vertex -17.307056930866302 9.514635063508878 3
      vertex -15.978085638905211 11.608758732776344 3
      vertex -15.573577141717738 11.314866106630108 0
    endloop
  endfacet
  facet normal -0.6752690845154747 0.7190885381241208 -0.16408332589311944
    outer loop
      vertex -12.58912379753662 15.21763654482184 3
      vertex -12.270411802662275 14.832379923433946 0
      vertex -14.032646077862175 13.177531789127254 0
    endloop
  endfacet
  facet normal -0.7600700777930952 0.6287846523313452 -0.164083325893119
    outer loop
      vertex -15.978085638905211 11.608758732776344 3
      vertex -14.39713039157288 13.519805342091598 3
      vertex -14.032646077862175 13.177531789127254 0
    endloop
  endfacet
  facet normal -0.6752690845154752 0.7190885381241204 -0.164083325893119
    outer loop
      vertex -14.39713039157288 13.519805342091598 3
      vertex -12.58912379753662 15.21763654482184 3
      vertex -14.032646077862175 13.177531789127254 0
    endloop
  endfacet
  facet normal -0.5798186943888458 0.798051968108009 -0.16408332589311925
    outer loop
      vertex -10.582579200835186 16.675476528664795 3
      vertex -10.314665803345688 16.253312565913788 0
      vertex -12.270411802662275 14.832379923433946 0
    endloop
  endfacet
  facet normal -0.4752242170848072 0.8644296418216953 -0.1640833258931195
    outer loop
      vertex -8.409141008410186 17.870334286203885 3
      vertex -8.196251362627649 17.417920759970876 0
      vertex -10.314665803345688 16.253312565913788 0
    endloop
  endfacet
  facet normal -0.36313516999215245 0.9171747436986165 -0.16408332589311958
    outer loop
      vertex -6.1030856389052115 18.78336619682928 3
      vertex -5.948577141717737 18.307837938681704 0
      vertex -8.196251362627649 17.417920759970876 0
    endloop
  endfacet
  facet normal -0.5798186943888456 0.798051968108009 -0.16408332589311936
    outer loop
      vertex -12.58912379753662 15.21763654482184 3
      vertex -10.582579200835186 16.675476528664795 3
      vertex -12.270411802662275 14.832379923433946 0
    endloop
  endfacet
  facet normal -0.47522421708480744 0.8644296418216951 -0.16408332589311928
    outer loop
      vertex -10.582579200835186 16.675476528664795 3
      vertex -8.409141008410186 17.870334286203885 3
      vertex -10.314665803345688 16.253312565913788 0
    endloop
  endfacet
  facet normal -0.3631351699921527 0.9171747436986165 -0.16408332589311947
    outer loop
      vertex -8.409141008410186 17.870334286203885 3
      vertex -6.1030856389052115 18.78336619682928 3
      vertex -8.196251362627649 17.417920759970876 0
    endloop
  endfacet
  facet normal -0.24531926434228846 0.955455451973775 -0.16408332589311955
    outer loop
      vertex -3.7007809630680604 19.4001732018916 3
      vertex -3.607090305775198 18.909029576527256 0
      vertex -5.948577141717737 18.307837938681704 0
    endloop
  endfacet
  facet normal -0.12363452734711984 0.9786680570098866 -0.16408332589311955
    outer loop
      vertex -1.2401127607039373 19.711027886458364 3
      vertex -1.2087175009392805 19.21201452224423 0
      vertex -3.607090305775198 18.909029576527256 0
    endloop
  endfacet
  facet normal 0 0.9864464821589929 -0.16408332589311952
    outer loop
      vertex -1.2401127607039373 19.711027886458364 3
      vertex 1.2087175009392805 19.21201452224423 0
      vertex -1.2087175009392805 19.21201452224423 0
    endloop
  endfacet
  facet normal -0.2453192643422884 0.9554554519737751 -0.16408332589311958
    outer loop
      vertex -6.1030856389052115 18.78336619682928 3
      vertex -3.7007809630680604 19.4001732018916 3
      vertex -5.948577141717737 18.307837938681704 0
    endloop
  endfacet
  facet normal -0.12363452734711984 0.9786680570098866 -0.16408332589311955
    outer loop
      vertex -3.7007809630680604 19.4001732018916 3
      vertex -1.2401127607039373 19.711027886458364 3
      vertex -3.607090305775198 18.909029576527256 0
    endloop
  endfacet
  facet normal 0 -0.986446482158993 -0.16408332589311955
    outer loop
      vertex 1.2401127607039468 -19.711027886458364 3
      vertex -1.2087175009392899 -19.21201452224423 0
      vertex 1.2087175009392899 -19.21201452224423 0
    endloop
  endfacet
  facet normal 0.12363452734712005 -0.9786680570098866 -0.16408332589311955
    outer loop
      vertex 1.2401127607039468 -19.711027886458364 3
      vertex 1.2087175009392899 -19.21201452224423 0
      vertex 3.607090305775203 -18.909029576527256 0
    endloop
  endfacet
  facet normal 0.2453192643422889 -0.9554554519737749 -0.16408332589311955
    outer loop
      vertex 3.7007809630680653 -19.4001732018916 3
      vertex 3.607090305775203 -18.909029576527256 0
      vertex 5.948577141717737 -18.307837938681704 0
    endloop
  endfacet
  facet normal 0.12363452734712006 -0.9786680570098866 -0.16408332589311955
    outer loop
      vertex 1.2401127607039468 -19.711027886458364 3
      vertex 3.607090305775203 -18.909029576527256 0
      vertex 3.7007809630680653 -19.4001732018916 3
    endloop
  endfacet
  facet normal 0.24531926434228887 -0.9554554519737749 -0.16408332589311955
    outer loop
      vertex 3.7007809630680653 -19.4001732018916 3
      vertex 5.948577141717737 -18.307837938681704 0
      vertex 6.1030856389052115 -18.78336619682928 3
    endloop
  endfacet
  facet normal 0.36313516999215323 -0.9171747436986163 -0.16408332589311958
    outer loop
      vertex 6.1030856389052115 -18.78336619682928 3
      vertex 5.948577141717737 -18.307837938681704 0
      vertex 8.196251362627644 -17.417920759970876 0
    endloop
  endfacet
  facet normal 0.4752242170848059 -0.8644296418216959 -0.1640833258931195
    outer loop
      vertex 8.409141008410181 -17.870334286203885 3
      vertex 8.196251362627644 -17.417920759970876 0
      vertex 10.314665803345678 -16.253312565913795 0
    endloop
  endfacet
  facet normal 0.5798186943888461 -0.7980519681080087 -0.16408332589311925
    outer loop
      vertex 10.582579200835175 -16.675476528664802 3
      vertex 10.314665803345678 -16.253312565913795 0
      vertex 12.270411802662283 -14.832379923433939 0
    endloop
  endfacet
  facet normal 0.3631351699921534 -0.9171747436986162 -0.16408332589311944
    outer loop
      vertex 6.1030856389052115 -18.78336619682928 3
      vertex 8.196251362627644 -17.417920759970876 0
      vertex 8.409141008410181 -17.870334286203885 3
    endloop
  endfacet
  facet normal 0.47522421708480617 -0.8644296418216959 -0.16408332589311928
    outer loop
      vertex 8.409141008410181 -17.870334286203885 3
      vertex 10.314665803345678 -16.253312565913795 0
      vertex 10.582579200835175 -16.675476528664802 3
    endloop
  endfacet
  facet normal 0.5798186943888459 -0.7980519681080088 -0.1640833258931194
    outer loop
      vertex 10.582579200835175 -16.675476528664802 3
      vertex 12.270411802662283 -14.832379923433939 0
      vertex 12.589123797536628 -15.217636544821833 3
    endloop
  endfacet
  facet normal 0.6752690845154746 -0.7190885381241208 -0.1640833258931194
    outer loop
      vertex 12.589123797536628 -15.217636544821833 3
      vertex 12.270411802662283 -14.832379923433939 0
      vertex 14.032646077862175 -13.177531789127254 0
    endloop
  endfacet
  facet normal 0.6752690845154751 -0.7190885381241205 -0.16408332589311905
    outer loop
      vertex 12.589123797536628 -15.217636544821833 3
      vertex 14.032646077862175 -13.177531789127254 0
      vertex 14.39713039157288 -13.519805342091598 3
    endloop
  endfacet
  facet normal 0.7600700777930952 -0.6287846523313452 -0.164083325893119
    outer loop
      vertex 14.39713039157288 -13.519805342091598 3
      vertex 14.032646077862175 -13.177531789127254 0
      vertex 15.978085638905211 -11.608758732776344 3
    endloop
  endfacet
  facet normal 0.7600700777930955 -0.6287846523313447 -0.1640833258931194
    outer loop
      vertex 15.978085638905211 -11.608758732776344 3
      vertex 14.032646077862175 -13.177531789127254 0
      vertex 15.573577141717738 -11.314866106630108 0
    endloop
  endfacet
  facet normal 0.8328843119000633 -0.5285644569535589 -0.16408332589311908
    outer loop
      vertex 17.307056930866302 -9.514635063508878 3
      vertex 15.573577141717738 -11.314866106630108 0
      vertex 16.868903590844372 -9.273758226458021 0
    endloop
  endfacet
  facet normal 0.8925634628673951 -0.4200084843405151 -0.16408332589311908
    outer loop
      vertex 18.36308559629296 -7.270459915522398 3
      vertex 16.868903590844372 -9.273758226458021 0
      vertex 17.898197353348838 -7.086397639180058 0
    endloop
  endfacet
  facet normal 0.8328843119000634 -0.5285644569535585 -0.1640833258931194
    outer loop
      vertex 15.978085638905211 -11.608758732776344 3
      vertex 15.573577141717738 -11.314866106630108 0
      vertex 17.307056930866302 -9.514635063508878 3
    endloop
  endfacet
  facet normal 0.8925634628673952 -0.4200084843405151 -0.16408332589311905
    outer loop
      vertex 17.307056930866302 -9.514635063508878 3
      vertex 16.868903590844372 -9.273758226458021 0
      vertex 18.36308559629296 -7.270459915522398 3
    endloop
  endfacet
  facet normal 0.9381663548337412 -0.30482872702851244 -0.164083325893119
    outer loop
      vertex 18.36308559629296 -7.270459915522398 3
      vertex 17.898197353348838 -7.086397639180058 0
      vertex 19.129517432290466 -4.9116252715058755 3
    endloop
  endfacet
  facet normal 0.9381663548337414 -0.30482872702851105 -0.16408332589312014
    outer loop
      vertex 19.129517432290466 -4.9116252715058755 3
      vertex 17.898197353348838 -7.086397639180058 0
      vertex 18.64522585172615 -4.7872803279234475 0
    endloop
  endfacet
  facet normal 0.9689738029509435 -0.18484163859541655 -0.1640833258931195
    outer loop
      vertex 19.59426535096094 -2.4753313628950053 3
      vertex 18.64522585172615 -4.7872803279234475 0
      vertex 19.0982080003037 -2.412664746112853 0
    endloop
  endfacet
  facet normal 0.984499955358717 -0.06193948710262617 -0.1640833258931195
    outer loop
      vertex 19.75 0 3
      vertex 19.0982080003037 -2.412664746112853 0
      vertex 19.25 0 0
    endloop
  endfacet
  facet normal 0.9689738029509435 -0.1848416385954157 -0.16408332589312008
    outer loop
      vertex 19.129517432290466 -4.9116252715058755 3
      vertex 18.64522585172615 -4.7872803279234475 0
      vertex 19.59426535096094 -2.4753313628950053 3
    endloop
  endfacet
  facet normal 0.9844999553587171 -0.061939487102626256 -0.16408332589311947
    outer loop
      vertex 19.59426535096094 -2.4753313628950053 3
      vertex 19.0982080003037 -2.412664746112853 0
      vertex 19.75 0 3
    endloop
  endfacet
  facet normal 0.12363452734711984 0.9786680570098866 -0.16408332589311955
    outer loop
      vertex 1.2401127607039373 19.711027886458364 3
      vertex 3.607090305775198 18.909029576527256 0
      vertex 1.2087175009392805 19.21201452224423 0
    endloop
  endfacet
  facet normal 0.24531926434228846 0.955455451973775 -0.16408332589311955
    outer loop
      vertex 3.7007809630680604 19.4001732018916 3
      vertex 5.948577141717737 18.307837938681704 0
      vertex 3.607090305775198 18.909029576527256 0
    endloop
  endfacet
  facet normal 0 0.9864464821589929 -0.16408332589311955
    outer loop
      vertex -1.2401127607039373 19.711027886458364 3
      vertex 1.2401127607039373 19.711027886458364 3
      vertex 1.2087175009392805 19.21201452224423 0
    endloop
  endfacet
  facet normal 0.12363452734711984 0.9786680570098866 -0.16408332589311952
    outer loop
      vertex 1.2401127607039373 19.711027886458364 3
      vertex 3.7007809630680604 19.4001732018916 3
      vertex 3.607090305775198 18.909029576527256 0
    endloop
  endfacet
  facet normal 0.2453192643422884 0.9554554519737751 -0.16408332589311955
    outer loop
      vertex 3.7007809630680604 19.4001732018916 3
      vertex 6.1030856389052115 18.78336619682928 3
      vertex 5.948577141717737 18.307837938681704 0
    endloop
  endfacet
  facet normal 0.36313516999215245 0.9171747436986165 -0.16408332589311958
    outer loop
      vertex 6.1030856389052115 18.78336619682928 3
      vertex 8.196251362627649 17.417920759970876 0
      vertex 5.948577141717737 18.307837938681704 0
    endloop
  endfacet
  facet normal 0.47522421708480667 0.8644296418216956 -0.1640833258931195
    outer loop
      vertex 8.409141008410186 17.870334286203885 3
      vertex 10.314665803345685 16.25331256591379 0
      vertex 8.196251362627649 17.417920759970876 0
    endloop
  endfacet
  facet normal 0.5798186943888471 0.7980519681080079 -0.16408332589311955
    outer loop
      vertex 10.582579200835184 16.6754765286648 3
      vertex 12.270411802662277 14.83237992343394 0
      vertex 10.314665803345685 16.25331256591379 0
    endloop
  endfacet
  facet normal 0.3631351699921527 0.9171747436986165 -0.1640833258931194
    outer loop
      vertex 6.1030856389052115 18.78336619682928 3
      vertex 8.409141008410186 17.870334286203885 3
      vertex 8.196251362627649 17.417920759970876 0
    endloop
  endfacet
  facet normal 0.5798186943888468 0.7980519681080082 -0.16408332589311983
    outer loop
      vertex 10.582579200835184 16.6754765286648 3
      vertex 12.589123797536622 15.217636544821836 3
      vertex 12.270411802662277 14.83237992343394 0
    endloop
  endfacet
  facet normal 0.47522421708480667 0.8644296418216956 -0.16408332589311955
    outer loop
      vertex 8.409141008410186 17.870334286203885 3
      vertex 10.582579200835184 16.6754765286648 3
      vertex 10.314665803345685 16.25331256591379 0
    endloop
  endfacet
  facet normal 0.938166354833741 0.30482872702851277 -0.164083325893119
    outer loop
      vertex 19.129517432290463 4.911625271505883 3
      vertex 18.64522585172615 4.787280327923455 0
      vertex 17.898197353348838 7.086397639180051 0
    endloop
  endfacet
  facet normal 0.7600700777930954 0.6287846523313448 -0.1640833258931194
    outer loop
      vertex 15.978085638905211 11.608758732776344 3
      vertex 15.573577141717738 11.314866106630108 0
      vertex 14.032646077862172 13.177531789127258 0
    endloop
  endfacet
  facet normal 0.8925634628673959 0.42000848434051297 -0.16408332589311997
    outer loop
      vertex 18.363085596292965 7.27045991552239 3
      vertex 17.898197353348838 7.086397639180051 0
      vertex 16.868903590844376 9.27375822645802 0
    endloop
  endfacet
  facet normal 0.8328843119000628 0.5285644569535596 -0.16408332589311936
    outer loop
      vertex 17.307056930866306 9.514635063508878 3
      vertex 16.868903590844376 9.27375822645802 0
      vertex 15.573577141717738 11.314866106630108 0
    endloop
  endfacet
  facet normal 0.9381663548337413 0.3048287270285116 -0.16408332589312
    outer loop
      vertex 18.363085596292965 7.27045991552239 3
      vertex 19.129517432290463 4.911625271505883 3
      vertex 17.898197353348838 7.086397639180051 0
    endloop
  endfacet
  facet normal 0.8925634628673956 0.4200084843405138 -0.16408332589311928
    outer loop
      vertex 18.363085596292965 7.27045991552239 3
      vertex 16.868903590844376 9.27375822645802 0
      vertex 17.307056930866306 9.514635063508878 3
    endloop
  endfacet
  facet normal 0.8328843119000627 0.5285644569535595 -0.1640833258931194
    outer loop
      vertex 15.978085638905211 11.608758732776344 3
      vertex 17.307056930866306 9.514635063508878 3
      vertex 15.573577141717738 11.314866106630108 0
    endloop
  endfacet
  facet normal 0.984499955358717 0.061939487102626076 -0.1640833258931195
    outer loop
      vertex 19.75 0 3
      vertex 19.25 0 0
      vertex 19.0982080003037 2.412664746112857 0
    endloop
  endfacet
  facet normal 0.9689738029509436 0.1848416385954163 -0.16408332589311944
    outer loop
      vertex 19.59426535096094 2.475331362895009 3
      vertex 19.0982080003037 2.412664746112857 0
      vertex 18.64522585172615 4.787280327923455 0
    endloop
  endfacet
  facet normal 0.9844999553587171 0.061939487102626166 -0.16408332589311947
    outer loop
      vertex 19.75 0 3
      vertex 19.0982080003037 2.412664746112857 0
      vertex 19.59426535096094 2.475331362895009 3
    endloop
  endfacet
  facet normal 0.9689738029509435 0.18484163859541686 -0.16408332589311903
    outer loop
      vertex 19.59426535096094 2.475331362895009 3
      vertex 18.64522585172615 4.787280327923455 0
      vertex 19.129517432290463 4.911625271505883 3
    endloop
  endfacet
  facet normal 0.6752690845154738 0.7190885381241214 -0.16408332589311986
    outer loop
      vertex 12.589123797536622 15.217636544821836 3
      vertex 14.032646077862172 13.177531789127258 0
      vertex 12.270411802662277 14.83237992343394 0
    endloop
  endfacet
  facet normal 0.6752690845154738 0.7190885381241214 -0.1640833258931198
    outer loop
      vertex 12.589123797536622 15.217636544821836 3
      vertex 14.397130391572878 13.519805342091603 3
      vertex 14.032646077862172 13.177531789127258 0
    endloop
  endfacet
  facet normal 0.7600700777930957 0.6287846523313445 -0.1640833258931198
    outer loop
      vertex 15.978085638905211 11.608758732776344 3
      vertex 14.032646077862172 13.177531789127258 0
      vertex 14.397130391572878 13.519805342091603 3
    endloop
  endfacet
  facet normal -0.5280826252373055 -0.33513142467336837 0.7802664090673608
    outer loop
      vertex -20.225424859373685 -14.694631307311829 13
      vertex -19.71690030098693 -10.839457667288595 15
      vertex -21.907667001096588 -12.043841852542885 13
    endloop
  endfacet
  facet normal -0.48191543088334937 -0.39867511630103253 0.7802664090673606
    outer loop
      vertex -20.225424859373685 -14.694631307311829 13
      vertex -18.22421568553529 -17.113677648217212 13
      vertex -18.202882373436317 -13.225168176580645 15
    endloop
  endfacet
  facet normal -0.5280826252373056 -0.3351314246733683 0.7802664090673607
    outer loop
      vertex -20.225424859373685 -14.694631307311829 13
      vertex -18.202882373436317 -13.225168176580645 15
      vertex -19.71690030098693 -10.839457667288595 15
    endloop
  endfacet
  facet normal -0.3676287017533212 -0.5059974985395614 0.7802664090673609
    outer loop
      vertex -15.93559974371724 -19.262831069394736 13
      vertex -13.395669874474919 -21.108198137550374 13
      vertex -14.342039769345517 -17.33654796245526 15
    endloop
  endfacet
  facet normal -0.3676287017533219 -0.5059974985395614 0.7802664090673607
    outer loop
      vertex -13.395669874474919 -21.108198137550374 13
      vertex -12.056102887027427 -18.99737832379534 15
      vertex -14.342039769345517 -17.33654796245526 15
    endloop
  endfacet
  facet normal 0 0 -1
    outer loop
      vertex -15.93559974371724 -19.262831069394736 13
      vertex -18.22421568553529 -17.113677648217212 13
      vertex -14.39713039157288 -13.519805342091598 13
    endloop
  endfacet
  facet normal 0 0 -1
    outer loop
      vertex -20.225424859373685 -14.694631307311829 13
      vertex -17.307056930866302 -9.514635063508878 13
      vertex -18.22421568553529 -17.113677648217212 13
    endloop
  endfacet
  facet normal 0 0 -1
    outer loop
      vertex -18.22421568553529 -17.113677648217212 13
      vertex -15.978085638905211 -11.608758732776344 13
      vertex -14.39713039157288 -13.519805342091598 13
    endloop
  endfacet
  facet normal 0 0 -1
    outer loop
      vertex -18.22421568553529 -17.113677648217212 13
      vertex -17.307056930866302 -9.514635063508878 13
      vertex -15.978085638905211 -11.608758732776344 13
    endloop
  endfacet
  facet normal 0 0 -1
    outer loop
      vertex -15.93559974371724 -19.262831069394736 13
      vertex -14.39713039157288 -13.519805342091598 13
      vertex -12.58912379753662 -15.21763654482184 13
    endloop
  endfacet
  facet normal 0 0 -1
    outer loop
      vertex -15.93559974371724 -19.262831069394736 13
      vertex -12.58912379753662 -15.21763654482184 13
      vertex -13.395669874474919 -21.108198137550374 13
    endloop
  endfacet
  facet normal -0.4281481423020389 -0.4559314631876583 0.7802664090673608
    outer loop
      vertex -15.93559974371724 -19.262831069394736 13
      vertex -16.401794116981762 -15.40230988339549 15
      vertex -18.22421568553529 -17.113677648217212 13
    endloop
  endfacet
  facet normal -0.48191543088334915 -0.3986751163010326 0.7802664090673607
    outer loop
      vertex -18.22421568553529 -17.113677648217212 13
      vertex -16.401794116981762 -15.40230988339549 15
      vertex -18.202882373436317 -13.225168176580645 15
    endloop
  endfacet
  facet normal -0.42814814230203874 -0.45593146318765826 0.7802664090673608
    outer loop
      vertex -15.93559974371724 -19.262831069394736 13
      vertex -14.342039769345517 -17.33654796245526 15
      vertex -16.401794116981762 -15.40230988339549 15
    endloop
  endfacet
  facet normal 0 0 1
    outer loop
      vertex -14.342039769345517 -17.33654796245526 15
      vertex -12.056102887027427 -18.99737832379534 15
      vertex -13.144600200657951 -7.226305111525731 15
    endloop
  endfacet
  facet normal 0 0 -1
    outer loop
      vertex -20.225424859373685 -14.694631307311829 13
      vertex -19.129517432290463 -4.9116252715058835 13
      vertex -18.363085596292965 -7.2704599155223875 13
    endloop
  endfacet
  facet normal 0 0 -1
    outer loop
      vertex -20.225424859373685 -14.694631307311829 13
      vertex -19.59426535096094 -2.4753313628950053 13
      vertex -19.129517432290463 -4.9116252715058835 13
    endloop
  endfacet
  facet normal -0.5659216411299999 -0.2663025102807964 0.7802664090673607
    outer loop
      vertex -21.907667001096588 -12.043841852542885 13
      vertex -20.919970932485658 -8.282802435405252 15
      vertex -23.244412147206287 -9.203113817116947 13
    endloop
  endfacet
  facet normal -0.594835734676873 -0.19327384621968696 0.7802664090673604
    outer loop
      vertex -23.244412147206287 -9.203113817116947 13
      vertex -21.7931211253942 -5.595522461209234 15
      vertex -24.214579028215777 -6.2172471791213715 13
    endloop
  endfacet
  facet normal -0.5948357346768726 -0.1932738462196873 0.7802664090673608
    outer loop
      vertex -23.244412147206287 -9.203113817116947 13
      vertex -20.919970932485658 -8.282802435405252 15
      vertex -21.7931211253942 -5.595522461209234 15
    endloop
  endfacet
  facet normal -0.5659216411299999 -0.26630251028079643 0.7802664090673608
    outer loop
      vertex -21.907667001096588 -12.043841852542885 13
      vertex -19.71690030098693 -10.839457667288595 15
      vertex -20.919970932485658 -8.282802435405252 15
    endloop
  endfacet
  facet normal 0 0 -1
    outer loop
      vertex -23.244412147206287 -9.203113817116947 13
      vertex -24.214579028215777 -6.2172471791213715 13
      vertex -23.244412147206287 9.203113817116947 13
    endloop
  endfacet
  facet normal 0 0 -1
    outer loop
      vertex -24.214579028215777 -6.2172471791213715 13
      vertex -24.802867532861946 -3.1333308391076016 13
      vertex -24.214579028215777 6.2172471791213715 13
    endloop
  endfacet
  facet normal 0 0 -1
    outer loop
      vertex -21.907667001096588 -12.043841852542885 13
      vertex -23.244412147206287 -9.203113817116947 13
      vertex -21.907667001096588 12.043841852542885 13
    endloop
  endfacet
  facet normal 0 0 -1
    outer loop
      vertex -20.225424859373685 -14.694631307311829 13
      vertex -21.907667001096588 -12.043841852542885 13
      vertex -20.225424859373685 14.694631307311829 13
    endloop
  endfacet
  facet normal 0 0 -1
    outer loop
      vertex -20.225424859373685 -14.694631307311829 13
      vertex -19.75 0 13
      vertex -19.59426535096094 -2.4753313628950053 13
    endloop
  endfacet
  facet normal -0.6143689133502471 -0.11719713814749422 0.7802664090673607
    outer loop
      vertex -24.214579028215777 -6.2172471791213715 13
      vertex -22.322580779575752 -2.8199977551968414 15
      vertex -24.802867532861946 -3.1333308391076016 13
    endloop
  endfacet
  facet normal -0.6143689133502473 -0.11719713814749401 0.7802664090673604
    outer loop
      vertex -24.214579028215777 -6.2172471791213715 13
      vertex -21.7931211253942 -5.595522461209234 15
      vertex -22.322580779575752 -2.8199977551968414 15
    endloop
  endfacet
  facet normal -0.6242131272538886 -0.03927216119653861 0.7802664090673608
    outer loop
      vertex -24.802867532861946 -3.1333308391076016 13
      vertex -22.5 0 15
      vertex -25 0 13
    endloop
  endfacet
  facet normal -0.6242131272538887 -0.03927216119653846 0.7802664090673606
    outer loop
      vertex -24.802867532861946 -3.1333308391076016 13
      vertex -22.322580779575752 -2.8199977551968414 15
      vertex -22.5 0 15
    endloop
  endfacet
  facet normal 0 0 1
    outer loop
      vertex -22.322580779575752 -2.8199977551968414 15
      vertex -21.7931211253942 -5.595522461209234 15
      vertex -22.322580779575752 2.8199977551968414 15
    endloop
  endfacet
  facet normal 0 0 1
    outer loop
      vertex -19.71690030098693 -10.839457667288595 15
      vertex -20.919970932485658 8.282802435405252 15
      vertex -20.919970932485658 -8.282802435405252 15
    endloop
  endfacet
  facet normal 0 0 1
    outer loop
      vertex -18.202882373436317 -13.225168176580645 15
      vertex -19.71690030098693 10.839457667288595 15
      vertex -19.71690030098693 -10.839457667288595 15
    endloop
  endfacet
  facet normal 0 0 1
    outer loop
      vertex -20.919970932485658 -8.282802435405252 15
      vertex -21.7931211253942 5.595522461209234 15
      vertex -21.7931211253942 -5.595522461209234 15
    endloop
  endfacet
  facet normal 0 0 -1
    outer loop
      vertex -20.225424859373685 -14.694631307311829 13
      vertex -18.363085596292965 -7.2704599155223875 13
      vertex -17.307056930866302 -9.514635063508878 13
    endloop
  endfacet
  facet normal 0 0 1
    outer loop
      vertex -14.342039769345517 -17.33654796245526 15
      vertex -13.144600200657951 -7.226305111525731 15
      vertex -13.946647288323772 -5.521868290270168 15
    endloop
  endfacet
  facet normal 0 0 1
    outer loop
      vertex -14.342039769345517 -17.33654796245526 15
      vertex -13.946647288323772 -5.521868290270168 15
      vertex -14.528747416929466 -3.7303483074728225 15
    endloop
  endfacet
  facet normal 0 0 1
    outer loop
      vertex -14.342039769345517 -17.33654796245526 15
      vertex -14.528747416929466 -3.7303483074728225 15
      vertex -14.881720519717168 -1.879998503464561 15
    endloop
  endfacet
  facet normal 0 0 1
    outer loop
      vertex -18.202882373436317 -13.225168176580645 15
      vertex -16.401794116981762 -15.40230988339549 15
      vertex -18.202882373436317 13.225168176580645 15
    endloop
  endfacet
  facet normal 0 0 1
    outer loop
      vertex -16.401794116981762 -15.40230988339549 15
      vertex -14.342039769345517 -17.33654796245526 15
      vertex -16.401794116981762 15.40230988339549 15
    endloop
  endfacet
  facet normal 0 0 1
    outer loop
      vertex -14.342039769345517 -17.33654796245526 15
      vertex -14.881720519717168 -1.879998503464561 15
      vertex -16.401794116981762 15.40230988339549 15
    endloop
  endfacet
  facet normal 0 0 -1
    outer loop
      vertex -13.395669874474919 -21.108198137550374 13
      vertex -10.582579200835186 -16.675476528664795 13
      vertex -10.644482289126811 -22.620676311650488 13
    endloop
  endfacet
  facet normal 0 0 -1
    outer loop
      vertex -10.644482289126811 -22.620676311650488 13
      vertex -10.582579200835186 -16.675476528664795 13
      vertex -8.409141008410181 -17.870334286203885 13
    endloop
  endfacet
  facet normal 0 0 -1
    outer loop
      vertex -10.644482289126811 -22.620676311650488 13
      vertex -6.1030856389052115 -18.78336619682928 13
      vertex -7.7254248593736845 -23.776412907378838 13
    endloop
  endfacet
  facet normal 0 0 -1
    outer loop
      vertex -10.644482289126811 -22.620676311650488 13
      vertex -8.409141008410181 -17.870334286203885 13
      vertex -6.1030856389052115 -18.78336619682928 13
    endloop
  endfacet
  facet normal -0.30131153696721324 -0.5480836510712411 0.7802664090673604
    outer loop
      vertex -13.395669874474919 -21.108198137550374 13
      vertex -10.644482289126811 -22.620676311650488 13
      vertex -12.056102887027427 -18.99737832379534 15
    endloop
  endfacet
  facet normal -0.3013115369672129 -0.5480836510712411 0.7802664090673608
    outer loop
      vertex -10.644482289126811 -22.620676311650488 13
      vertex -9.58003406021413 -20.35860868048544 15
      vertex -12.056102887027427 -18.99737832379534 15
    endloop
  endfacet
  facet normal -0.23024250924834483 -0.5815261970162239 0.7802664090673608
    outer loop
      vertex -10.644482289126811 -22.620676311650488 13
      vertex -7.7254248593736845 -23.776412907378838 13
      vertex -9.58003406021413 -20.35860868048544 15
    endloop
  endfacet
  facet normal -0.15554241961842155 -0.6057977274473494 0.7802664090673607
    outer loop
      vertex -7.7254248593736845 -23.776412907378838 13
      vertex -4.684532864643121 -24.557181268217214 13
      vertex -6.952882373436316 -21.398771616640953 15
    endloop
  endfacet
  facet normal -0.23024250924834488 -0.5815261970162239 0.7802664090673608
    outer loop
      vertex -7.7254248593736845 -23.776412907378838 13
      vertex -6.952882373436316 -21.398771616640953 15
      vertex -9.58003406021413 -20.35860868048544 15
    endloop
  endfacet
  facet normal 0 0 -1
    outer loop
      vertex -13.395669874474919 -21.108198137550374 13
      vertex -12.58912379753662 -15.21763654482184 13
      vertex -10.582579200835186 -16.675476528664795 13
    endloop
  endfacet
  facet normal 0 0 1
    outer loop
      vertex -12.056102887027427 -18.99737832379534 15
      vertex -9.58003406021413 -20.35860868048544 15
      vertex -10.934529411321176 -10.268206588930328 15
    endloop
  endfacet
  facet normal 0 0 1
    outer loop
      vertex -12.056102887027427 -18.99737832379534 15
      vertex -10.934529411321176 -10.268206588930328 15
      vertex -12.135254915624213 -8.816778784387097 15
    endloop
  endfacet
  facet normal 0 0 1
    outer loop
      vertex -9.58003406021413 -20.35860868048544 15
      vertex -9.561359846230344 -11.55769864163684 15
      vertex -10.934529411321176 -10.268206588930328 15
    endloop
  endfacet
  facet normal 0 0 1
    outer loop
      vertex -9.58003406021413 -20.35860868048544 15
      vertex -6.952882373436316 -21.398771616640953 15
      vertex -8.037401924684952 -12.664918882530225 15
    endloop
  endfacet
  facet normal 0 0 1
    outer loop
      vertex -6.952882373436316 -21.398771616640953 15
      vertex -6.386689373476086 -13.572405786990293 15
      vertex -8.037401924684952 -12.664918882530225 15
    endloop
  endfacet
  facet normal 0 0 1
    outer loop
      vertex -9.58003406021413 -20.35860868048544 15
      vertex -8.037401924684952 -12.664918882530225 15
      vertex -9.561359846230344 -11.55769864163684 15
    endloop
  endfacet
  facet normal 0 0 -1
    outer loop
      vertex -7.7254248593736845 -23.776412907378838 13
      vertex -3.7007809630680653 -19.4001732018916 13
      vertex -4.684532864643121 -24.557181268217214 13
    endloop
  endfacet
  facet normal 0 0 -1
    outer loop
      vertex -7.7254248593736845 -23.776412907378838 13
      vertex -6.1030856389052115 -18.78336619682928 13
      vertex -3.7007809630680653 -19.4001732018916 13
    endloop
  endfacet
  facet normal 0 0 -1
    outer loop
      vertex -4.684532864643121 -24.557181268217214 13
      vertex -3.7007809630680653 -19.4001732018916 13
      vertex -1.2401127607039468 -19.711027886458364 13
    endloop
  endfacet
  facet normal 0 0 -1
    outer loop
      vertex -4.684532864643121 -24.557181268217214 13
      vertex -1.2401127607039468 -19.711027886458364 13
      vertex -1.569762988232844 -24.950668210706787 13
    endloop
  endfacet
  facet normal 0 0 -1
    outer loop
      vertex -1.569762988232844 -24.950668210706787 13
      vertex -1.2401127607039468 -19.711027886458364 13
      vertex 1.2401127607039468 -19.711027886458364 13
    endloop
  endfacet
  facet normal -0.07838933311457864 -0.6205154658306096 0.7802664090673603
    outer loop
      vertex -4.684532864643121 -24.557181268217214 13
      vertex -1.569762988232844 -24.950668210706787 13
      vertex -4.2160795781788085 -22.101463141395495 15
    endloop
  endfacet
  facet normal -0.15554241961842236 -0.6057977274473497 0.7802664090673603
    outer loop
      vertex -6.952882373436316 -21.398771616640953 15
      vertex -4.684532864643121 -24.557181268217214 13
      vertex -4.2160795781788085 -22.101463141395495 15
    endloop
  endfacet
  facet normal 0 0 1
    outer loop
      vertex -6.952882373436316 -21.398771616640953 15
      vertex -4.2160795781788085 -22.101463141395495 15
      vertex -6.386689373476086 -13.572405786990293 15
    endloop
  endfacet
  facet normal 0 -0.6254473046397488 0.7802664090673603
    outer loop
      vertex -1.569762988232844 -24.950668210706787 13
      vertex 1.569762988232844 -24.950668210706787 13
      vertex -1.4127866894095598 -22.45560138963611 15
    endloop
  endfacet
  facet normal -0.07838933311457864 -0.6205154658306096 0.7802664090673603
    outer loop
      vertex -1.569762988232844 -24.950668210706787 13
      vertex -1.4127866894095598 -22.45560138963611 15
      vertex -4.2160795781788085 -22.101463141395495 15
    endloop
  endfacet
  facet normal 0 0 1
    outer loop
      vertex -4.2160795781788085 -22.101463141395495 15
      vertex -1.4127866894095598 -22.45560138963611 15
      vertex -2.8107197187858723 -14.734308760930329 15
    endloop
  endfacet
  facet normal 0 0 1
    outer loop
      vertex -4.2160795781788085 -22.101463141395495 15
      vertex -4.635254915624211 -14.265847744427303 15
      vertex -6.386689373476086 -13.572405786990293 15
    endloop
  endfacet
  facet normal 0 0 1
    outer loop
      vertex -4.2160795781788085 -22.101463141395495 15
      vertex -2.8107197187858723 -14.734308760930329 15
      vertex -4.635254915624211 -14.265847744427303 15
    endloop
  endfacet
  facet normal 0 0 1
    outer loop
      vertex -1.4127866894095598 -22.45560138963611 15
      vertex -0.9418577929397064 -14.970400926424073 15
      vertex -2.8107197187858723 -14.734308760930329 15
    endloop
  endfacet
  facet normal 0 0 1
    outer loop
      vertex -1.4127866894095598 -22.45560138963611 15
      vertex 0.9418577929397064 -14.970400926424073 15
      vertex -0.9418577929397064 -14.970400926424073 15
    endloop
  endfacet
  facet normal 0 0 1
    outer loop
      vertex -12.056102887027427 -18.99737832379534 15
      vertex -12.135254915624213 -8.816778784387097 15
      vertex -13.144600200657951 -7.226305111525731 15
    endloop
  endfacet
  facet normal 0 0 -1
    outer loop
      vertex -24.802867532861946 -3.1333308391076016 13
      vertex -25 0 13
      vertex -24.802867532861946 3.1333308391076016 13
    endloop
  endfacet
  facet normal 0 0 -1
    outer loop
      vertex -24.802867532861946 -3.1333308391076016 13
      vertex -24.802867532861946 3.1333308391076016 13
      vertex -24.214579028215777 6.2172471791213715 13
    endloop
  endfacet
  facet normal 0 0 -1
    outer loop
      vertex -24.214579028215777 -6.2172471791213715 13
      vertex -24.214579028215777 6.2172471791213715 13
      vertex -23.244412147206287 9.203113817116947 13
    endloop
  endfacet
  facet normal 0 0 -1
    outer loop
      vertex -23.244412147206287 -9.203113817116947 13
      vertex -23.244412147206287 9.203113817116947 13
      vertex -21.907667001096588 12.043841852542885 13
    endloop
  endfacet
  facet normal 0 0 -1
    outer loop
      vertex -20.225424859373685 -14.694631307311829 13
      vertex -20.225424859373685 14.694631307311829 13
      vertex -19.75 0 13
    endloop
  endfacet
  facet normal 0 0 -1
    outer loop
      vertex -21.907667001096588 -12.043841852542885 13
      vertex -21.907667001096588 12.043841852542885 13
      vertex -20.225424859373685 14.694631307311829 13
    endloop
  endfacet
  facet normal 0 0 -1
    outer loop
      vertex -19.75 0 13
      vertex -20.225424859373685 14.694631307311829 13
      vertex -19.59426535096094 2.4753313628950053 13
    endloop
  endfacet
  facet normal -0.6242131272538886 0.03927216119653861 0.7802664090673608
    outer loop
      vertex -25 0 13
      vertex -22.5 0 15
      vertex -24.802867532861946 3.1333308391076016 13
    endloop
  endfacet
  facet normal 0 0 1
    outer loop
      vertex -22.322580779575752 -2.8199977551968414 15
      vertex -22.322580779575752 2.8199977551968414 15
      vertex -22.5 0 15
    endloop
  endfacet
  facet normal 0 0 1
    outer loop
      vertex -21.7931211253942 -5.595522461209234 15
      vertex -21.7931211253942 5.595522461209234 15
      vertex -22.322580779575752 2.8199977551968414 15
    endloop
  endfacet
  facet normal -0.6242131272538887 0.03927216119653846 0.7802664090673606
    outer loop
      vertex -24.802867532861946 3.1333308391076016 13
      vertex -22.5 0 15
      vertex -22.322580779575752 2.8199977551968414 15
    endloop
  endfacet
  facet normal -0.6143689133502471 0.11719713814749422 0.7802664090673607
    outer loop
      vertex -24.802867532861946 3.1333308391076016 13
      vertex -22.322580779575752 2.8199977551968414 15
      vertex -24.214579028215777 6.2172471791213715 13
    endloop
  endfacet
  facet normal -0.6143689133502473 0.11719713814749401 0.7802664090673604
    outer loop
      vertex -24.214579028215777 6.2172471791213715 13
      vertex -22.322580779575752 2.8199977551968414 15
      vertex -21.7931211253942 5.595522461209234 15
    endloop
  endfacet
  facet normal 0 0 1
    outer loop
      vertex -20.919970932485658 -8.282802435405252 15
      vertex -20.919970932485658 8.282802435405252 15
      vertex -21.7931211253942 5.595522461209234 15
    endloop
  endfacet
  facet normal 0 0 1
    outer loop
      vertex -19.71690030098693 -10.839457667288595 15
      vertex -19.71690030098693 10.839457667288595 15
      vertex -20.919970932485658 8.282802435405252 15
    endloop
  endfacet
  facet normal 0 0 -1
    outer loop
      vertex -19.59426535096094 2.4753313628950053 13
      vertex -20.225424859373685 14.694631307311829 13
      vertex -19.129517432290463 4.9116252715058835 13
    endloop
  endfacet
  facet normal 0 0 -1
    outer loop
      vertex -19.129517432290463 4.9116252715058835 13
      vertex -20.225424859373685 14.694631307311829 13
      vertex -18.22421568553529 17.113677648217212 13
    endloop
  endfacet
  facet normal -0.594835734676873 0.19327384621968696 0.7802664090673604
    outer loop
      vertex -24.214579028215777 6.2172471791213715 13
      vertex -21.7931211253942 5.595522461209234 15
      vertex -23.244412147206287 9.203113817116947 13
    endloop
  endfacet
  facet normal -0.5948357346768726 0.1932738462196873 0.7802664090673608
    outer loop
      vertex -21.7931211253942 5.595522461209234 15
      vertex -20.919970932485658 8.282802435405252 15
      vertex -23.244412147206287 9.203113817116947 13
    endloop
  endfacet
  facet normal -0.5659216411299999 0.2663025102807964 0.7802664090673607
    outer loop
      vertex -23.244412147206287 9.203113817116947 13
      vertex -20.919970932485658 8.282802435405252 15
      vertex -21.907667001096588 12.043841852542885 13
    endloop
  endfacet
  facet normal -0.5659216411299999 0.26630251028079643 0.7802664090673608
    outer loop
      vertex -21.907667001096588 12.043841852542885 13
      vertex -20.919970932485658 8.282802435405252 15
      vertex -19.71690030098693 10.839457667288595 15
    endloop
  endfacet
  facet normal 0 0 1
    outer loop
      vertex -18.202882373436317 -13.225168176580645 15
      vertex -18.202882373436317 13.225168176580645 15
      vertex -19.71690030098693 10.839457667288595 15
    endloop
  endfacet
  facet normal 0 0 1
    outer loop
      vertex -16.401794116981762 -15.40230988339549 15
      vertex -16.401794116981762 15.40230988339549 15
      vertex -18.202882373436317 13.225168176580645 15
    endloop
  endfacet
  facet normal 0 0 1
    outer loop
      vertex -16.401794116981762 15.40230988339549 15
      vertex -14.881720519717168 -1.879998503464561 15
      vertex -15 0 15
    endloop
  endfacet
  facet normal 0 0 1
    outer loop
      vertex -16.401794116981762 15.40230988339549 15
      vertex -15 0 15
      vertex -14.881720519717168 1.879998503464561 15
    endloop
  endfacet
  facet normal 0 0 -1
    outer loop
      vertex -19.129517432290463 4.9116252715058835 13
      vertex -18.22421568553529 17.113677648217212 13
      vertex -18.363085596292965 7.2704599155223875 13
    endloop
  endfacet
  facet normal 0 0 -1
    outer loop
      vertex -18.363085596292965 7.2704599155223875 13
      vertex -18.22421568553529 17.113677648217212 13
      vertex -17.307056930866302 9.514635063508878 13
    endloop
  endfacet
  facet normal 0 0 1
    outer loop
      vertex -16.401794116981762 15.40230988339549 15
      vertex -14.881720519717168 1.879998503464561 15
      vertex -14.528747416929466 3.7303483074728225 15
    endloop
  endfacet
  facet normal 0 0 1
    outer loop
      vertex -16.401794116981762 15.40230988339549 15
      vertex -14.528747416929466 3.7303483074728225 15
      vertex -13.946647288323772 5.521868290270168 15
    endloop
  endfacet
  facet normal 0 0 1
    outer loop
      vertex -14.342039769345517 17.33654796245526 15
      vertex -13.946647288323772 5.521868290270168 15
      vertex -13.144600200657951 7.226305111525731 15
    endloop
  endfacet
  facet normal 0 0 1
    outer loop
      vertex -14.342039769345517 17.33654796245526 15
      vertex -13.144600200657951 7.226305111525731 15
      vertex -12.135254915624213 8.816778784387097 15
    endloop
  endfacet
  facet normal -0.5280826252373055 0.33513142467336837 0.7802664090673608
    outer loop
      vertex -21.907667001096588 12.043841852542885 13
      vertex -19.71690030098693 10.839457667288595 15
      vertex -20.225424859373685 14.694631307311829 13
    endloop
  endfacet
  facet normal -0.48191543088334937 0.39867511630103253 0.7802664090673606
    outer loop
      vertex -20.225424859373685 14.694631307311829 13
      vertex -18.202882373436317 13.225168176580645 15
      vertex -18.22421568553529 17.113677648217212 13
    endloop
  endfacet
  facet normal -0.5280826252373056 0.3351314246733683 0.7802664090673607
    outer loop
      vertex -19.71690030098693 10.839457667288595 15
      vertex -18.202882373436317 13.225168176580645 15
      vertex -20.225424859373685 14.694631307311829 13
    endloop
  endfacet
  facet normal 0 0 -1
    outer loop
      vertex -17.307056930866302 9.514635063508878 13
      vertex -15.93559974371724 19.262831069394736 13
      vertex -15.978085638905211 11.608758732776344 13
    endloop
  endfacet
  facet normal 0 0 -1
    outer loop
      vertex -17.307056930866302 9.514635063508878 13
      vertex -18.22421568553529 17.113677648217212 13
      vertex -15.93559974371724 19.262831069394736 13
    endloop
  endfacet
  facet normal 0 0 -1
    outer loop
      vertex -15.978085638905211 11.608758732776344 13
      vertex -15.93559974371724 19.262831069394736 13
      vertex -14.39713039157288 13.519805342091598 13
    endloop
  endfacet
  facet normal 0 0 -1
    outer loop
      vertex -14.39713039157288 13.519805342091598 13
      vertex -15.93559974371724 19.262831069394736 13
      vertex -13.395669874474919 21.108198137550374 13
    endloop
  endfacet
  facet normal 0 0 -1
    outer loop
      vertex -14.39713039157288 13.519805342091598 13
      vertex -13.395669874474919 21.108198137550374 13
      vertex -12.58912379753662 15.21763654482184 13
    endloop
  endfacet
  facet normal -0.48191543088334915 0.3986751163010326 0.7802664090673607
    outer loop
      vertex -18.22421568553529 17.113677648217212 13
      vertex -18.202882373436317 13.225168176580645 15
      vertex -16.401794116981762 15.40230988339549 15
    endloop
  endfacet
  facet normal -0.4281481423020389 0.4559314631876583 0.7802664090673608
    outer loop
      vertex -18.22421568553529 17.113677648217212 13
      vertex -16.401794116981762 15.40230988339549 15
      vertex -15.93559974371724 19.262831069394736 13
    endloop
  endfacet
  facet normal 0 0 1
    outer loop
      vertex -16.401794116981762 15.40230988339549 15
      vertex -13.946647288323772 5.521868290270168 15
      vertex -14.342039769345517 17.33654796245526 15
    endloop
  endfacet
  facet normal -0.4281481423020388 0.45593146318765837 0.7802664090673609
    outer loop
      vertex -16.401794116981762 15.40230988339549 15
      vertex -14.342039769345517 17.33654796245526 15
      vertex -15.93559974371724 19.262831069394736 13
    endloop
  endfacet
  facet normal -0.3676287017533212 0.5059974985395614 0.7802664090673609
    outer loop
      vertex -14.342039769345517 17.33654796245526 15
      vertex -13.395669874474919 21.108198137550374 13
      vertex -15.93559974371724 19.262831069394736 13
    endloop
  endfacet
  facet normal -0.36762870175332185 0.5059974985395613 0.7802664090673606
    outer loop
      vertex -14.342039769345517 17.33654796245526 15
      vertex -12.056102887027427 18.99737832379534 15
      vertex -13.395669874474919 21.108198137550374 13
    endloop
  endfacet
  facet normal 0 0 1
    outer loop
      vertex -14.342039769345517 17.33654796245526 15
      vertex -12.135254915624213 8.816778784387097 15
      vertex -10.934529411321176 10.268206588930328 15
    endloop
  endfacet
  facet normal 0 0 -1
    outer loop
      vertex -12.58912379753662 15.21763654482184 13
      vertex -10.644482289126818 22.620676311650488 13
      vertex -10.582579200835186 16.675476528664795 13
    endloop
  endfacet
  facet normal 0 0 1
    outer loop
      vertex -14.342039769345517 17.33654796245526 15
      vertex -10.934529411321176 10.268206588930328 15
      vertex -12.056102887027427 18.99737832379534 15
    endloop
  endfacet
  facet normal 0 0 1
    outer loop
      vertex -12.056102887027427 18.99737832379534 15
      vertex -10.934529411321176 10.268206588930328 15
      vertex -9.561359846230344 11.55769864163684 15
    endloop
  endfacet
  facet normal 0 0 1
    outer loop
      vertex -12.056102887027427 18.99737832379534 15
      vertex -9.561359846230344 11.55769864163684 15
      vertex -9.580034060214135 20.35860868048544 15
    endloop
  endfacet
  facet normal 0 0 1
    outer loop
      vertex -9.580034060214135 20.35860868048544 15
      vertex -9.561359846230344 11.55769864163684 15
      vertex -8.037401924684952 12.664918882530225 15
    endloop
  endfacet
  facet normal 0 0 1
    outer loop
      vertex -9.580034060214135 20.35860868048544 15
      vertex -8.037401924684952 12.664918882530225 15
      vertex -6.386689373476091 13.572405786990291 15
    endloop
  endfacet
  facet normal 0 0 1
    outer loop
      vertex -9.580034060214135 20.35860868048544 15
      vertex -6.386689373476091 13.572405786990291 15
      vertex -6.952882373436316 21.398771616640953 15
    endloop
  endfacet
  facet normal 0 0 -1
    outer loop
      vertex -12.58912379753662 15.21763654482184 13
      vertex -13.395669874474919 21.108198137550374 13
      vertex -10.644482289126818 22.620676311650488 13
    endloop
  endfacet
  facet normal 0 0 -1
    outer loop
      vertex -10.582579200835186 16.675476528664795 13
      vertex -10.644482289126818 22.620676311650488 13
      vertex -8.409141008410186 17.870334286203885 13
    endloop
  endfacet
  facet normal 0 0 -1
    outer loop
      vertex -8.409141008410186 17.870334286203885 13
      vertex -10.644482289126818 22.620676311650488 13
      vertex -7.7254248593736845 23.776412907378838 13
    endloop
  endfacet
  facet normal 0 0 -1
    outer loop
      vertex -8.409141008410186 17.870334286203885 13
      vertex -7.7254248593736845 23.776412907378838 13
      vertex -6.1030856389052115 18.78336619682928 13
    endloop
  endfacet
  facet normal -0.30131153696721386 0.5480836510712408 0.7802664090673606
    outer loop
      vertex -13.395669874474919 21.108198137550374 13
      vertex -12.056102887027427 18.99737832379534 15
      vertex -10.644482289126818 22.620676311650488 13
    endloop
  endfacet
  facet normal -0.30131153696721336 0.5480836510712408 0.7802664090673608
    outer loop
      vertex -10.644482289126818 22.620676311650488 13
      vertex -12.056102887027427 18.99737832379534 15
      vertex -9.580034060214135 20.35860868048544 15
    endloop
  endfacet
  facet normal -0.2302425092483443 0.581526197016224 0.7802664090673608
    outer loop
      vertex -10.644482289126818 22.620676311650488 13
      vertex -9.580034060214135 20.35860868048544 15
      vertex -7.7254248593736845 23.776412907378838 13
    endloop
  endfacet
  facet normal -0.15554241961842194 0.6057977274473493 0.7802664090673607
    outer loop
      vertex -7.7254248593736845 23.776412907378838 13
      vertex -6.952882373436316 21.398771616640953 15
      vertex -4.684532864643114 24.557181268217217 13
    endloop
  endfacet
  facet normal -0.23024250924834444 0.581526197016224 0.7802664090673607
    outer loop
      vertex -7.7254248593736845 23.776412907378838 13
      vertex -9.580034060214135 20.35860868048544 15
      vertex -6.952882373436316 21.398771616640953 15
    endloop
  endfacet
  facet normal 0 0 1
    outer loop
      vertex -6.952882373436316 21.398771616640953 15
      vertex -6.386689373476091 13.572405786990291 15
      vertex -4.635254915624211 14.265847744427303 15
    endloop
  endfacet
  facet normal 0 0 1
    outer loop
      vertex -6.952882373436316 21.398771616640953 15
      vertex -4.635254915624211 14.265847744427303 15
      vertex -2.810719718785869 14.73430876093033 15
    endloop
  endfacet
  facet normal 0 0 1
    outer loop
      vertex -4.216079578178803 22.101463141395495 15
      vertex -2.810719718785869 14.73430876093033 15
      vertex -0.9418577929396972 14.970400926424073 15
    endloop
  endfacet
  facet normal 0 0 -1
    outer loop
      vertex -6.1030856389052115 18.78336619682928 13
      vertex -4.684532864643114 24.557181268217217 13
      vertex -3.7007809630680604 19.4001732018916 13
    endloop
  endfacet
  facet normal 0 0 -1
    outer loop
      vertex -7.7254248593736845 23.776412907378838 13
      vertex -4.684532864643114 24.557181268217217 13
      vertex -6.1030856389052115 18.78336619682928 13
    endloop
  endfacet
  facet normal 0 0 -1
    outer loop
      vertex -3.7007809630680604 19.4001732018916 13
      vertex -4.684532864643114 24.557181268217217 13
      vertex -1.569762988232832 24.950668210706787 13
    endloop
  endfacet
  facet normal 0 0 -1
    outer loop
      vertex -3.7007809630680604 19.4001732018916 13
      vertex -1.569762988232832 24.950668210706787 13
      vertex -1.2401127607039373 19.711027886458364 13
    endloop
  endfacet
  facet normal 0 0 -1
    outer loop
      vertex -1.2401127607039373 19.711027886458364 13
      vertex -1.569762988232832 24.950668210706787 13
      vertex 1.569762988232832 24.950668210706787 13
    endloop
  endfacet
  facet normal 0 0 1
    outer loop
      vertex -6.952882373436316 21.398771616640953 15
      vertex -2.810719718785869 14.73430876093033 15
      vertex -4.216079578178803 22.101463141395495 15
    endloop
  endfacet
  facet normal -0.07838933311457773 0.6205154658306091 0.7802664090673607
    outer loop
      vertex -4.684532864643114 24.557181268217217 13
      vertex -4.216079578178803 22.101463141395495 15
      vertex -1.569762988232832 24.950668210706787 13
    endloop
  endfacet
  facet normal -0.1555424196184219 0.6057977274473493 0.7802664090673606
    outer loop
      vertex -6.952882373436316 21.398771616640953 15
      vertex -4.216079578178803 22.101463141395495 15
      vertex -4.684532864643114 24.557181268217217 13
    endloop
  endfacet
  facet normal 0 0 1
    outer loop
      vertex -4.216079578178803 22.101463141395495 15
      vertex -0.9418577929396972 14.970400926424073 15
      vertex -1.4127866894095487 22.45560138963611 15
    endloop
  endfacet
  facet normal 0 0 1
    outer loop
      vertex -1.4127866894095487 22.45560138963611 15
      vertex -0.9418577929396972 14.970400926424073 15
      vertex 1.4127866894095487 22.45560138963611 15
    endloop
  endfacet
  facet normal 0 0.6254473046397488 0.7802664090673604
    outer loop
      vertex -1.569762988232832 24.950668210706787 13
      vertex -1.4127866894095487 22.45560138963611 15
      vertex 1.569762988232832 24.950668210706787 13
    endloop
  endfacet
  facet normal -0.07838933311457848 0.6205154658306096 0.7802664090673602
    outer loop
      vertex -1.569762988232832 24.950668210706787 13
      vertex -4.216079578178803 22.101463141395495 15
      vertex -1.4127866894095487 22.45560138963611 15
    endloop
  endfacet
  facet normal 0 0 -1
    outer loop
      vertex -1.569762988232844 -24.950668210706787 13
      vertex 1.2401127607039468 -19.711027886458364 13
      vertex 1.569762988232844 -24.950668210706787 13
    endloop
  endfacet
  facet normal 0 0 -1
    outer loop
      vertex 1.569762988232844 -24.950668210706787 13
      vertex 1.2401127607039468 -19.711027886458364 13
      vertex 3.7007809630680653 -19.4001732018916 13
    endloop
  endfacet
  facet normal 0 0 -1
    outer loop
      vertex 1.569762988232844 -24.950668210706787 13
      vertex 3.7007809630680653 -19.4001732018916 13
      vertex 4.684532864643121 -24.557181268217214 13
    endloop
  endfacet
  facet normal 0 0 -1
    outer loop
      vertex 4.684532864643121 -24.557181268217214 13
      vertex 6.1030856389052115 -18.78336619682928 13
      vertex 7.7254248593736845 -23.776412907378838 13
    endloop
  endfacet
  facet normal 0 0 -1
    outer loop
      vertex 4.684532864643121 -24.557181268217214 13
      vertex 3.7007809630680653 -19.4001732018916 13
      vertex 6.1030856389052115 -18.78336619682928 13
    endloop
  endfacet
  facet normal 0 -0.6254473046397488 0.7802664090673603
    outer loop
      vertex -1.4127866894095598 -22.45560138963611 15
      vertex 1.569762988232844 -24.950668210706787 13
      vertex 1.4127866894095598 -22.45560138963611 15
    endloop
  endfacet
  facet normal 0.07838933311457864 -0.6205154658306096 0.7802664090673603
    outer loop
      vertex 1.569762988232844 -24.950668210706787 13
      vertex 4.2160795781788085 -22.101463141395495 15
      vertex 1.4127866894095598 -22.45560138963611 15
    endloop
  endfacet
  facet normal 0 0 1
    outer loop
      vertex -1.4127866894095598 -22.45560138963611 15
      vertex 1.4127866894095598 -22.45560138963611 15
      vertex 0.9418577929397064 -14.970400926424073 15
    endloop
  endfacet
  facet normal 0 0 1
    outer loop
      vertex 1.4127866894095598 -22.45560138963611 15
      vertex 4.2160795781788085 -22.101463141395495 15
      vertex 0.9418577929397064 -14.970400926424073 15
    endloop
  endfacet
  facet normal 0.07838933311457863 -0.6205154658306095 0.7802664090673603
    outer loop
      vertex 1.569762988232844 -24.950668210706787 13
      vertex 4.684532864643121 -24.557181268217214 13
      vertex 4.2160795781788085 -22.101463141395495 15
    endloop
  endfacet
  facet normal 0.15554241961842236 -0.6057977274473497 0.7802664090673603
    outer loop
      vertex 4.684532864643121 -24.557181268217214 13
      vertex 6.952882373436316 -21.398771616640953 15
      vertex 4.2160795781788085 -22.101463141395495 15
    endloop
  endfacet
  facet normal 0 0 1
    outer loop
      vertex 4.2160795781788085 -22.101463141395495 15
      vertex 6.952882373436316 -21.398771616640953 15
      vertex 2.8107197187858723 -14.734308760930329 15
    endloop
  endfacet
  facet normal 0 0 1
    outer loop
      vertex 4.2160795781788085 -22.101463141395495 15
      vertex 2.8107197187858723 -14.734308760930329 15
      vertex 0.9418577929397064 -14.970400926424073 15
    endloop
  endfacet
  facet normal 0 0 1
    outer loop
      vertex 6.952882373436316 -21.398771616640953 15
      vertex 4.635254915624211 -14.265847744427303 15
      vertex 2.8107197187858723 -14.734308760930329 15
    endloop
  endfacet
  facet normal 0 0 1
    outer loop
      vertex 6.952882373436316 -21.398771616640953 15
      vertex 6.386689373476086 -13.572405786990293 15
      vertex 4.635254915624211 -14.265847744427303 15
    endloop
  endfacet
  facet normal 0 0 -1
    outer loop
      vertex 6.1030856389052115 -18.78336619682928 13
      vertex 8.409141008410181 -17.870334286203885 13
      vertex 7.7254248593736845 -23.776412907378838 13
    endloop
  endfacet
  facet normal 0 0 -1
    outer loop
      vertex 7.7254248593736845 -23.776412907378838 13
      vertex 8.409141008410181 -17.870334286203885 13
      vertex 10.644482289126811 -22.620676311650488 13
    endloop
  endfacet
  facet normal 0 0 -1
    outer loop
      vertex 10.644482289126811 -22.620676311650488 13
      vertex 8.409141008410181 -17.870334286203885 13
      vertex 10.582579200835175 -16.675476528664802 13
    endloop
  endfacet
  facet normal 0 0 -1
    outer loop
      vertex 10.644482289126811 -22.620676311650488 13
      vertex 12.589123797536628 -15.217636544821833 13
      vertex 13.395669874474905 -21.10819813755038 13
    endloop
  endfacet
  facet normal 0.15554241961842155 -0.6057977274473494 0.7802664090673607
    outer loop
      vertex 4.684532864643121 -24.557181268217214 13
      vertex 7.7254248593736845 -23.776412907378838 13
      vertex 6.952882373436316 -21.398771616640953 15
    endloop
  endfacet
  facet normal 0.23024250924834483 -0.5815261970162239 0.7802664090673608
    outer loop
      vertex 7.7254248593736845 -23.776412907378838 13
      vertex 10.644482289126811 -22.620676311650488 13
      vertex 9.58003406021413 -20.35860868048544 15
    endloop
  endfacet
  facet normal 0.23024250924834488 -0.5815261970162239 0.7802664090673608
    outer loop
      vertex 7.7254248593736845 -23.776412907378838 13
      vertex 9.58003406021413 -20.35860868048544 15
      vertex 6.952882373436316 -21.398771616640953 15
    endloop
  endfacet
  facet normal 0.30131153696721347 -0.5480836510712411 0.7802664090673604
    outer loop
      vertex 10.644482289126811 -22.620676311650488 13
      vertex 13.395669874474905 -21.10819813755038 13
      vertex 12.056102887027414 -18.997378323795346 15
    endloop
  endfacet
  facet normal 0.30131153696721286 -0.5480836510712411 0.7802664090673607
    outer loop
      vertex 10.644482289126811 -22.620676311650488 13
      vertex 12.056102887027414 -18.997378323795346 15
      vertex 9.58003406021413 -20.35860868048544 15
    endloop
  endfacet
  facet normal 0 0 -1
    outer loop
      vertex 10.644482289126811 -22.620676311650488 13
      vertex 10.582579200835175 -16.675476528664802 13
      vertex 12.589123797536628 -15.217636544821833 13
    endloop
  endfacet
  facet normal 0 0 1
    outer loop
      vertex 6.952882373436316 -21.398771616640953 15
      vertex 9.58003406021413 -20.35860868048544 15
      vertex 6.386689373476086 -13.572405786990293 15
    endloop
  endfacet
  facet normal 0 0 1
    outer loop
      vertex 9.58003406021413 -20.35860868048544 15
      vertex 8.037401924684943 -12.66491888253023 15
      vertex 6.386689373476086 -13.572405786990293 15
    endloop
  endfacet
  facet normal 0 0 1
    outer loop
      vertex 9.58003406021413 -20.35860868048544 15
      vertex 9.56135984623035 -11.557698641636836 15
      vertex 8.037401924684943 -12.66491888253023 15
    endloop
  endfacet
  facet normal 0 0 1
    outer loop
      vertex 9.58003406021413 -20.35860868048544 15
      vertex 12.056102887027414 -18.997378323795346 15
      vertex 9.56135984623035 -11.557698641636836 15
    endloop
  endfacet
  facet normal 0 0 1
    outer loop
      vertex 12.056102887027414 -18.997378323795346 15
      vertex 10.934529411321176 -10.268206588930328 15
      vertex 9.56135984623035 -11.557698641636836 15
    endloop
  endfacet
  facet normal 0 0 1
    outer loop
      vertex 12.056102887027414 -18.997378323795346 15
      vertex 14.342039769345524 -17.336547962455253 15
      vertex 10.934529411321176 -10.268206588930328 15
    endloop
  endfacet
  facet normal 0 0 1
    outer loop
      vertex 14.342039769345524 -17.336547962455253 15
      vertex 12.135254915624213 -8.816778784387097 15
      vertex 10.934529411321176 -10.268206588930328 15
    endloop
  endfacet
  facet normal 0.3676287017533216 -0.5059974985395616 0.7802664090673607
    outer loop
      vertex 13.395669874474905 -21.10819813755038 13
      vertex 15.93559974371725 -19.262831069394725 13
      vertex 14.342039769345524 -17.336547962455253 15
    endloop
  endfacet
  facet normal 0.36762870175332196 -0.5059974985395614 0.7802664090673603
    outer loop
      vertex 12.056102887027414 -18.997378323795346 15
      vertex 13.395669874474905 -21.10819813755038 13
      vertex 14.342039769345524 -17.336547962455253 15
    endloop
  endfacet
  facet normal 0 0 -1
    outer loop
      vertex 13.395669874474905 -21.10819813755038 13
      vertex 12.589123797536628 -15.217636544821833 13
      vertex 14.39713039157288 -13.519805342091598 13
    endloop
  endfacet
  facet normal 0 0 -1
    outer loop
      vertex 13.395669874474905 -21.10819813755038 13
      vertex 14.39713039157288 -13.519805342091598 13
      vertex 15.93559974371725 -19.262831069394725 13
    endloop
  endfacet
  facet normal 0 0 -1
    outer loop
      vertex 15.93559974371725 -19.262831069394725 13
      vertex 14.39713039157288 -13.519805342091598 13
      vertex 15.978085638905211 -11.608758732776344 13
    endloop
  endfacet
  facet normal 0 0 -1
    outer loop
      vertex 15.93559974371725 -19.262831069394725 13
      vertex 17.307056930866302 -9.514635063508878 13
      vertex 18.22421568553529 -17.113677648217212 13
    endloop
  endfacet
  facet normal 0 0 -1
    outer loop
      vertex 15.93559974371725 -19.262831069394725 13
      vertex 15.978085638905211 -11.608758732776344 13
      vertex 17.307056930866302 -9.514635063508878 13
    endloop
  endfacet
  facet normal 0.4281481423020389 -0.4559314631876586 0.7802664090673608
    outer loop
      vertex 15.93559974371725 -19.262831069394725 13
      vertex 16.401794116981762 -15.40230988339549 15
      vertex 14.342039769345524 -17.336547962455253 15
    endloop
  endfacet
  facet normal 0 0 1
    outer loop
      vertex 14.342039769345524 -17.336547962455253 15
      vertex 16.401794116981762 -15.40230988339549 15
      vertex 13.946647288323769 -5.5218682902701755 15
    endloop
  endfacet
  facet normal 0.4281481423020387 -0.45593146318765854 0.7802664090673608
    outer loop
      vertex 15.93559974371725 -19.262831069394725 13
      vertex 18.22421568553529 -17.113677648217212 13
      vertex 16.401794116981762 -15.40230988339549 15
    endloop
  endfacet
  facet normal 0.48191543088334915 -0.3986751163010326 0.7802664090673607
    outer loop
      vertex 18.22421568553529 -17.113677648217212 13
      vertex 18.202882373436317 -13.225168176580645 15
      vertex 16.401794116981762 -15.40230988339549 15
    endloop
  endfacet
  facet normal 0.48191543088334937 -0.39867511630103253 0.7802664090673606
    outer loop
      vertex 18.22421568553529 -17.113677648217212 13
      vertex 20.225424859373685 -14.694631307311829 13
      vertex 18.202882373436317 -13.225168176580645 15
    endloop
  endfacet
  facet normal 0.5280826252373055 -0.33513142467336837 0.7802664090673608
    outer loop
      vertex 20.225424859373685 -14.694631307311829 13
      vertex 21.907667001096588 -12.043841852542885 13
      vertex 19.71690030098693 -10.839457667288595 15
    endloop
  endfacet
  facet normal 0.5280826252373056 -0.3351314246733683 0.7802664090673606
    outer loop
      vertex 18.202882373436317 -13.225168176580645 15
      vertex 20.225424859373685 -14.694631307311829 13
      vertex 19.71690030098693 -10.839457667288595 15
    endloop
  endfacet
  facet normal 0 0 -1
    outer loop
      vertex 18.22421568553529 -17.113677648217212 13
      vertex 17.307056930866302 -9.514635063508878 13
      vertex 18.36308559629296 -7.270459915522398 13
    endloop
  endfacet
  facet normal 0 0 -1
    outer loop
      vertex 18.22421568553529 -17.113677648217212 13
      vertex 18.36308559629296 -7.270459915522398 13
      vertex 19.129517432290466 -4.9116252715058755 13
    endloop
  endfacet
  facet normal 0 0 1
    outer loop
      vertex 14.342039769345524 -17.336547962455253 15
      vertex 13.144600200657951 -7.226305111525731 15
      vertex 12.135254915624213 -8.816778784387097 15
    endloop
  endfacet
  facet normal 0 0 1
    outer loop
      vertex 14.342039769345524 -17.336547962455253 15
      vertex 13.946647288323769 -5.5218682902701755 15
      vertex 13.144600200657951 -7.226305111525731 15
    endloop
  endfacet
  facet normal 0 0 1
    outer loop
      vertex 16.401794116981762 -15.40230988339549 15
      vertex 14.528747416929468 -3.7303483074728163 15
      vertex 13.946647288323769 -5.5218682902701755 15
    endloop
  endfacet
  facet normal 0 0 1
    outer loop
      vertex 16.401794116981762 -15.40230988339549 15
      vertex 14.881720519717168 -1.879998503464561 15
      vertex 14.528747416929468 -3.7303483074728163 15
    endloop
  endfacet
  facet normal 0 0 1
    outer loop
      vertex 16.401794116981762 -15.40230988339549 15
      vertex 15 0 15
      vertex 14.881720519717168 -1.879998503464561 15
    endloop
  endfacet
  facet normal 0 0 1
    outer loop
      vertex 16.401794116981762 -15.40230988339549 15
      vertex 14.881720519717168 1.8799985034645639 15
      vertex 15 0 15
    endloop
  endfacet
  facet normal 0 0 1
    outer loop
      vertex 16.401794116981762 -15.40230988339549 15
      vertex 18.202882373436317 -13.225168176580645 15
      vertex 16.40179411698176 15.402309883395496 15
    endloop
  endfacet
  facet normal 0 0 1
    outer loop
      vertex 18.202882373436317 -13.225168176580645 15
      vertex 19.71690030098693 -10.839457667288595 15
      vertex 18.202882373436317 13.225168176580645 15
    endloop
  endfacet
  facet normal 0 0 -1
    outer loop
      vertex 18.22421568553529 -17.113677648217212 13
      vertex 19.129517432290466 -4.9116252715058755 13
      vertex 20.225424859373685 -14.694631307311829 13
    endloop
  endfacet
  facet normal 0 0 -1
    outer loop
      vertex 20.225424859373685 -14.694631307311829 13
      vertex 19.129517432290466 -4.9116252715058755 13
      vertex 19.59426535096094 -2.4753313628950053 13
    endloop
  endfacet
  facet normal 0.5659216411299998 -0.2663025102807967 0.7802664090673608
    outer loop
      vertex 21.907667001096588 -12.043841852542885 13
      vertex 20.919970932485654 -8.282802435405262 15
      vertex 19.71690030098693 -10.839457667288595 15
    endloop
  endfacet
  facet normal 0.5659216411300003 -0.2663025102807963 0.7802664090673604
    outer loop
      vertex 21.907667001096588 -12.043841852542885 13
      vertex 23.24441214720628 -9.203113817116959 13
      vertex 20.919970932485654 -8.282802435405262 15
    endloop
  endfacet
  facet normal 0.5948357346768725 -0.1932738462196874 0.7802664090673608
    outer loop
      vertex 23.24441214720628 -9.203113817116959 13
      vertex 24.21457902821578 -6.217247179121361 13
      vertex 21.7931211253942 -5.5955224612092245 15
    endloop
  endfacet
  facet normal 0.5948357346768732 -0.19327384621968682 0.7802664090673604
    outer loop
      vertex 23.24441214720628 -9.203113817116959 13
      vertex 21.7931211253942 -5.5955224612092245 15
      vertex 20.919970932485654 -8.282802435405262 15
    endloop
  endfacet
  facet normal 0 0 -1
    outer loop
      vertex 20.225424859373685 -14.694631307311829 13
      vertex 19.59426535096094 -2.4753313628950053 13
      vertex 19.75 0 13
    endloop
  endfacet
  facet normal 0 0 -1
    outer loop
      vertex 20.225424859373685 -14.694631307311829 13
      vertex 21.90766700109659 12.043841852542883 13
      vertex 21.907667001096588 -12.043841852542885 13
    endloop
  endfacet
  facet normal 0 0 -1
    outer loop
      vertex 21.907667001096588 -12.043841852542885 13
      vertex 23.244412147206283 9.20311381711695 13
      vertex 23.24441214720628 -9.203113817116959 13
    endloop
  endfacet
  facet normal 0 0 -1
    outer loop
      vertex 23.24441214720628 -9.203113817116959 13
      vertex 24.214579028215777 6.21724717912137 13
      vertex 24.21457902821578 -6.217247179121361 13
    endloop
  endfacet
  facet normal 0 0 -1
    outer loop
      vertex 24.21457902821578 -6.217247179121361 13
      vertex 24.802867532861946 3.1333308391076065 13
      vertex 24.802867532861946 -3.1333308391076016 13
    endloop
  endfacet
  facet normal 0 0 1
    outer loop
      vertex 19.71690030098693 -10.839457667288595 15
      vertex 20.919970932485654 -8.282802435405262 15
      vertex 19.716900300986932 10.839457667288595 15
    endloop
  endfacet
  facet normal 0 0 1
    outer loop
      vertex 20.919970932485654 -8.282802435405262 15
      vertex 21.7931211253942 -5.5955224612092245 15
      vertex 20.919970932485654 8.282802435405255 15
    endloop
  endfacet
  facet normal 0.6143689133502472 -0.11719713814749393 0.7802664090673607
    outer loop
      vertex 24.21457902821578 -6.217247179121361 13
      vertex 24.802867532861946 -3.1333308391076016 13
      vertex 22.322580779575752 -2.8199977551968414 15
    endloop
  endfacet
  facet normal 0.6143689133502467 -0.11719713814749431 0.7802664090673608
    outer loop
      vertex 24.21457902821578 -6.217247179121361 13
      vertex 22.322580779575752 -2.8199977551968414 15
      vertex 21.7931211253942 -5.5955224612092245 15
    endloop
  endfacet
  facet normal 0.6242131272538886 -0.03927216119653861 0.7802664090673608
    outer loop
      vertex 24.802867532861946 -3.1333308391076016 13
      vertex 25 0 13
      vertex 22.5 0 15
    endloop
  endfacet
  facet normal 0.6242131272538887 -0.03927216119653846 0.7802664090673606
    outer loop
      vertex 24.802867532861946 -3.1333308391076016 13
      vertex 22.5 0 15
      vertex 22.322580779575752 -2.8199977551968414 15
    endloop
  endfacet
  facet normal 0 0 1
    outer loop
      vertex 21.7931211253942 -5.5955224612092245 15
      vertex 22.322580779575752 -2.8199977551968414 15
      vertex 21.7931211253942 5.5955224612092325 15
    endloop
  endfacet
  facet normal 0 0 1
    outer loop
      vertex 12.056102887027425 18.99737832379534 15
      vertex 12.135254915624213 8.816778784387097 15
      vertex 13.144600200657953 7.22630511152573 15
    endloop
  endfacet
  facet normal 0 0 1
    outer loop
      vertex 1.4127866894095487 22.45560138963611 15
      vertex -0.9418577929396972 14.970400926424073 15
      vertex 0.9418577929396992 14.970400926424073 15
    endloop
  endfacet
  facet normal 0 0 1
    outer loop
      vertex 1.4127866894095487 22.45560138963611 15
      vertex 0.9418577929396992 14.970400926424073 15
      vertex 2.810719718785869 14.73430876093033 15
    endloop
  endfacet
  facet normal 0 0 1
    outer loop
      vertex 4.216079578178803 22.101463141395495 15
      vertex 2.810719718785869 14.73430876093033 15
      vertex 4.635254915624211 14.265847744427303 15
    endloop
  endfacet
  facet normal 0 0 1
    outer loop
      vertex 4.216079578178803 22.101463141395495 15
      vertex 4.635254915624211 14.265847744427303 15
      vertex 6.386689373476091 13.572405786990291 15
    endloop
  endfacet
  facet normal 0 0 -1
    outer loop
      vertex -1.2401127607039373 19.711027886458364 13
      vertex 1.569762988232832 24.950668210706787 13
      vertex 1.240112760703936 19.711027886458364 13
    endloop
  endfacet
  facet normal 0 0 -1
    outer loop
      vertex 1.240112760703936 19.711027886458364 13
      vertex 1.569762988232832 24.950668210706787 13
      vertex 4.684532864643114 24.557181268217217 13
    endloop
  endfacet
  facet normal 0 0 -1
    outer loop
      vertex 1.240112760703936 19.711027886458364 13
      vertex 4.684532864643114 24.557181268217217 13
      vertex 3.7007809630680604 19.4001732018916 13
    endloop
  endfacet
  facet normal 0 0 -1
    outer loop
      vertex 3.7007809630680604 19.4001732018916 13
      vertex 7.7254248593736845 23.776412907378838 13
      vertex 6.1030856389052115 18.78336619682928 13
    endloop
  endfacet
  facet normal 0 0 -1
    outer loop
      vertex 3.7007809630680604 19.4001732018916 13
      vertex 4.684532864643114 24.557181268217217 13
      vertex 7.7254248593736845 23.776412907378838 13
    endloop
  endfacet
  facet normal 0 0 1
    outer loop
      vertex 1.4127866894095487 22.45560138963611 15
      vertex 2.810719718785869 14.73430876093033 15
      vertex 4.216079578178803 22.101463141395495 15
    endloop
  endfacet
  facet normal 0 0.6254473046397488 0.7802664090673603
    outer loop
      vertex -1.4127866894095487 22.45560138963611 15
      vertex 1.4127866894095487 22.45560138963611 15
      vertex 1.569762988232832 24.950668210706787 13
    endloop
  endfacet
  facet normal 0.07838933311457848 0.6205154658306096 0.7802664090673602
    outer loop
      vertex 1.569762988232832 24.950668210706787 13
      vertex 1.4127866894095487 22.45560138963611 15
      vertex 4.216079578178803 22.101463141395495 15
    endloop
  endfacet
  facet normal 0 0 1
    outer loop
      vertex 4.216079578178803 22.101463141395495 15
      vertex 6.386689373476091 13.572405786990291 15
      vertex 6.952882373436316 21.398771616640953 15
    endloop
  endfacet
  facet normal 0.07838933311457773 0.6205154658306091 0.7802664090673607
    outer loop
      vertex 1.569762988232832 24.950668210706787 13
      vertex 4.216079578178803 22.101463141395495 15
      vertex 4.684532864643114 24.557181268217217 13
    endloop
  endfacet
  facet normal 0.1555424196184219 0.6057977274473493 0.7802664090673607
    outer loop
      vertex 4.684532864643114 24.557181268217217 13
      vertex 4.216079578178803 22.101463141395495 15
      vertex 6.952882373436316 21.398771616640953 15
    endloop
  endfacet
  facet normal 0 0 -1
    outer loop
      vertex 10.582579200835184 16.6754765286648 13
      vertex 13.395669874474917 21.108198137550378 13
      vertex 12.589123797536622 15.217636544821836 13
    endloop
  endfacet
  facet normal 0 0 1
    outer loop
      vertex 9.580034060214135 20.35860868048544 15
      vertex 8.03740192468495 12.664918882530227 15
      vertex 9.561359846230346 11.557698641636836 15
    endloop
  endfacet
  facet normal 0 0 1
    outer loop
      vertex 6.952882373436316 21.398771616640953 15
      vertex 6.386689373476091 13.572405786990291 15
      vertex 8.03740192468495 12.664918882530227 15
    endloop
  endfacet
  facet normal 0 0 1
    outer loop
      vertex 6.952882373436316 21.398771616640953 15
      vertex 8.03740192468495 12.664918882530227 15
      vertex 9.580034060214135 20.35860868048544 15
    endloop
  endfacet
  facet normal 0 0 1
    outer loop
      vertex 9.580034060214135 20.35860868048544 15
      vertex 9.561359846230346 11.557698641636836 15
      vertex 10.934529411321174 10.268206588930331 15
    endloop
  endfacet
  facet normal 0 0 1
    outer loop
      vertex 12.056102887027425 18.99737832379534 15
      vertex 10.934529411321174 10.268206588930331 15
      vertex 12.135254915624213 8.816778784387097 15
    endloop
  endfacet
  facet normal 0 0 1
    outer loop
      vertex 9.580034060214135 20.35860868048544 15
      vertex 10.934529411321174 10.268206588930331 15
      vertex 12.056102887027425 18.99737832379534 15
    endloop
  endfacet
  facet normal 0 0 -1
    outer loop
      vertex 6.1030856389052115 18.78336619682928 13
      vertex 10.644482289126818 22.620676311650488 13
      vertex 8.409141008410186 17.870334286203885 13
    endloop
  endfacet
  facet normal 0 0 -1
    outer loop
      vertex 6.1030856389052115 18.78336619682928 13
      vertex 7.7254248593736845 23.776412907378838 13
      vertex 10.644482289126818 22.620676311650488 13
    endloop
  endfacet
  facet normal 0 0 -1
    outer loop
      vertex 8.409141008410186 17.870334286203885 13
      vertex 10.644482289126818 22.620676311650488 13
      vertex 10.582579200835184 16.6754765286648 13
    endloop
  endfacet
  facet normal 0 0 -1
    outer loop
      vertex 10.582579200835184 16.6754765286648 13
      vertex 10.644482289126818 22.620676311650488 13
      vertex 13.395669874474917 21.108198137550378 13
    endloop
  endfacet
  facet normal 0.15554241961842194 0.6057977274473493 0.7802664090673607
    outer loop
      vertex 4.684532864643114 24.557181268217217 13
      vertex 6.952882373436316 21.398771616640953 15
      vertex 7.7254248593736845 23.776412907378838 13
    endloop
  endfacet
  facet normal 0.2302425092483443 0.581526197016224 0.7802664090673608
    outer loop
      vertex 7.7254248593736845 23.776412907378838 13
      vertex 9.580034060214135 20.35860868048544 15
      vertex 10.644482289126818 22.620676311650488 13
    endloop
  endfacet
  facet normal 0.23024250924834444 0.581526197016224 0.7802664090673607
    outer loop
      vertex 7.7254248593736845 23.776412907378838 13
      vertex 6.952882373436316 21.398771616640953 15
      vertex 9.580034060214135 20.35860868048544 15
    endloop
  endfacet
  facet normal 0.3013115369672133 0.5480836510712407 0.7802664090673609
    outer loop
      vertex 10.644482289126818 22.620676311650488 13
      vertex 12.056102887027425 18.99737832379534 15
      vertex 13.395669874474917 21.108198137550378 13
    endloop
  endfacet
  facet normal 0.3013115369672135 0.5480836510712407 0.7802664090673609
    outer loop
      vertex 10.644482289126818 22.620676311650488 13
      vertex 9.580034060214135 20.35860868048544 15
      vertex 12.056102887027425 18.99737832379534 15
    endloop
  endfacet
  facet normal 0 0 1
    outer loop
      vertex 16.401794116981762 -15.40230988339549 15
      vertex 14.342039769345519 17.336547962455256 15
      vertex 14.881720519717168 1.8799985034645639 15
    endloop
  endfacet
  facet normal 0 0 1
    outer loop
      vertex 16.401794116981762 -15.40230988339549 15
      vertex 16.40179411698176 15.402309883395496 15
      vertex 14.342039769345519 17.336547962455256 15
    endloop
  endfacet
  facet normal 0 0 1
    outer loop
      vertex 18.202882373436317 -13.225168176580645 15
      vertex 18.202882373436317 13.225168176580645 15
      vertex 16.40179411698176 15.402309883395496 15
    endloop
  endfacet
  facet normal 0 0 -1
    outer loop
      vertex 18.363085596292965 7.27045991552239 13
      vertex 17.307056930866306 9.514635063508878 13
      vertex 20.225424859373685 14.694631307311829 13
    endloop
  endfacet
  facet normal 0 0 1
    outer loop
      vertex 14.342039769345519 17.336547962455256 15
      vertex 14.528747416929466 3.730348307472822 15
      vertex 14.881720519717168 1.8799985034645639 15
    endloop
  endfacet
  facet normal 0 0 1
    outer loop
      vertex 14.342039769345519 17.336547962455256 15
      vertex 13.94664728832377 5.521868290270169 15
      vertex 14.528747416929466 3.730348307472822 15
    endloop
  endfacet
  facet normal 0 0 1
    outer loop
      vertex 14.342039769345519 17.336547962455256 15
      vertex 13.144600200657953 7.22630511152573 15
      vertex 13.94664728832377 5.521868290270169 15
    endloop
  endfacet
  facet normal 0 0 -1
    outer loop
      vertex 20.225424859373685 -14.694631307311829 13
      vertex 19.75 0 13
      vertex 20.225424859373685 14.694631307311829 13
    endloop
  endfacet
  facet normal 0 0 -1
    outer loop
      vertex 19.75 0 13
      vertex 19.59426535096094 2.475331362895009 13
      vertex 20.225424859373685 14.694631307311829 13
    endloop
  endfacet
  facet normal 0 0 -1
    outer loop
      vertex 20.225424859373685 -14.694631307311829 13
      vertex 20.225424859373685 14.694631307311829 13
      vertex 21.90766700109659 12.043841852542883 13
    endloop
  endfacet
  facet normal 0 0 -1
    outer loop
      vertex 21.907667001096588 -12.043841852542885 13
      vertex 21.90766700109659 12.043841852542883 13
      vertex 23.244412147206283 9.20311381711695 13
    endloop
  endfacet
  facet normal 0 0 -1
    outer loop
      vertex 24.802867532861946 -3.1333308391076016 13
      vertex 24.802867532861946 3.1333308391076065 13
      vertex 25 0 13
    endloop
  endfacet
  facet normal 0 0 -1
    outer loop
      vertex 24.21457902821578 -6.217247179121361 13
      vertex 24.214579028215777 6.21724717912137 13
      vertex 24.802867532861946 3.1333308391076065 13
    endloop
  endfacet
  facet normal 0 0 -1
    outer loop
      vertex 23.24441214720628 -9.203113817116959 13
      vertex 23.244412147206283 9.20311381711695 13
      vertex 24.214579028215777 6.21724717912137 13
    endloop
  endfacet
  facet normal 0 0 1
    outer loop
      vertex 21.7931211253942 -5.5955224612092245 15
      vertex 21.7931211253942 5.5955224612092325 15
      vertex 20.919970932485654 8.282802435405255 15
    endloop
  endfacet
  facet normal 0 0 1
    outer loop
      vertex 19.71690030098693 -10.839457667288595 15
      vertex 19.716900300986932 10.839457667288595 15
      vertex 18.202882373436317 13.225168176580645 15
    endloop
  endfacet
  facet normal 0 0 1
    outer loop
      vertex 20.919970932485654 -8.282802435405262 15
      vertex 20.919970932485654 8.282802435405255 15
      vertex 19.716900300986932 10.839457667288595 15
    endloop
  endfacet
  facet normal 0.6242131272538884 0.03927216119653854 0.7802664090673607
    outer loop
      vertex 25 0 13
      vertex 24.802867532861946 3.1333308391076065 13
      vertex 22.5 0 15
    endloop
  endfacet
  facet normal 0 0 1
    outer loop
      vertex 22.322580779575752 -2.8199977551968414 15
      vertex 22.5 0 15
      vertex 22.322580779575752 2.819997755196846 15
    endloop
  endfacet
  facet normal 0.6242131272538887 0.0392721611965384 0.7802664090673606
    outer loop
      vertex 24.802867532861946 3.1333308391076065 13
      vertex 22.322580779575752 2.819997755196846 15
      vertex 22.5 0 15
    endloop
  endfacet
  facet normal 0 0 1
    outer loop
      vertex 22.322580779575752 -2.8199977551968414 15
      vertex 22.322580779575752 2.819997755196846 15
      vertex 21.7931211253942 5.5955224612092325 15
    endloop
  endfacet
  facet normal 0.6143689133502471 0.11719713814749447 0.7802664090673607
    outer loop
      vertex 24.802867532861946 3.1333308391076065 13
      vertex 24.214579028215777 6.21724717912137 13
      vertex 22.322580779575752 2.819997755196846 15
    endloop
  endfacet
  facet normal 0.6143689133502473 0.11719713814749429 0.7802664090673606
    outer loop
      vertex 24.214579028215777 6.21724717912137 13
      vertex 21.7931211253942 5.5955224612092325 15
      vertex 22.322580779575752 2.819997755196846 15
    endloop
  endfacet
  facet normal 0 0 -1
    outer loop
      vertex 19.59426535096094 2.475331362895009 13
      vertex 19.129517432290463 4.911625271505883 13
      vertex 20.225424859373685 14.694631307311829 13
    endloop
  endfacet
  facet normal 0 0 -1
    outer loop
      vertex 18.363085596292965 7.27045991552239 13
      vertex 20.225424859373685 14.694631307311829 13
      vertex 19.129517432290463 4.911625271505883 13
    endloop
  endfacet
  facet normal 0.5659216411300004 0.2663025102807955 0.7802664090673607
    outer loop
      vertex 21.90766700109659 12.043841852542883 13
      vertex 19.716900300986932 10.839457667288595 15
      vertex 20.919970932485654 8.282802435405255 15
    endloop
  endfacet
  facet normal 0.5948357346768729 0.1932738462196873 0.7802664090673604
    outer loop
      vertex 24.214579028215777 6.21724717912137 13
      vertex 23.244412147206283 9.20311381711695 13
      vertex 21.7931211253942 5.5955224612092325 15
    endloop
  endfacet
  facet normal 0.5948357346768725 0.19327384621968766 0.7802664090673608
    outer loop
      vertex 21.7931211253942 5.5955224612092325 15
      vertex 23.244412147206283 9.20311381711695 13
      vertex 20.919970932485654 8.282802435405255 15
    endloop
  endfacet
  facet normal 0.5659216411300002 0.2663025102807956 0.7802664090673608
    outer loop
      vertex 23.244412147206283 9.20311381711695 13
      vertex 21.90766700109659 12.043841852542883 13
      vertex 20.919970932485654 8.282802435405255 15
    endloop
  endfacet
  facet normal 0 0 -1
    outer loop
      vertex 12.589123797536622 15.217636544821836 13
      vertex 13.395669874474917 21.108198137550378 13
      vertex 15.935599743717244 19.26283106939473 13
    endloop
  endfacet
  facet normal 0 0 -1
    outer loop
      vertex 12.589123797536622 15.217636544821836 13
      vertex 15.935599743717244 19.26283106939473 13
      vertex 14.397130391572878 13.519805342091603 13
    endloop
  endfacet
  facet normal 0 0 -1
    outer loop
      vertex 15.978085638905211 11.608758732776344 13
      vertex 18.224215685535288 17.11367764821722 13
      vertex 17.307056930866306 9.514635063508878 13
    endloop
  endfacet
  facet normal 0 0 -1
    outer loop
      vertex 15.978085638905211 11.608758732776344 13
      vertex 14.397130391572878 13.519805342091603 13
      vertex 18.224215685535288 17.11367764821722 13
    endloop
  endfacet
  facet normal 0 0 -1
    outer loop
      vertex 17.307056930866306 9.514635063508878 13
      vertex 18.224215685535288 17.11367764821722 13
      vertex 20.225424859373685 14.694631307311829 13
    endloop
  endfacet
  facet normal 0 0 -1
    outer loop
      vertex 14.397130391572878 13.519805342091603 13
      vertex 15.935599743717244 19.26283106939473 13
      vertex 18.224215685535288 17.11367764821722 13
    endloop
  endfacet
  facet normal 0 0 1
    outer loop
      vertex 12.056102887027425 18.99737832379534 15
      vertex 13.144600200657953 7.22630511152573 15
      vertex 14.342039769345519 17.336547962455256 15
    endloop
  endfacet
  facet normal 0.4281481423020385 0.455931463187659 0.7802664090673608
    outer loop
      vertex 14.342039769345519 17.336547962455256 15
      vertex 16.40179411698176 15.402309883395496 15
      vertex 15.935599743717244 19.26283106939473 13
    endloop
  endfacet
  facet normal 0.4819154308833491 0.39867511630103236 0.7802664090673609
    outer loop
      vertex 18.224215685535288 17.11367764821722 13
      vertex 16.40179411698176 15.402309883395496 15
      vertex 18.202882373436317 13.225168176580645 15
    endloop
  endfacet
  facet normal 0.42814814230203807 0.455931463187659 0.7802664090673609
    outer loop
      vertex 18.224215685535288 17.11367764821722 13
      vertex 15.935599743717244 19.26283106939473 13
      vertex 16.40179411698176 15.402309883395496 15
    endloop
  endfacet
  facet normal 0.36762870175332224 0.5059974985395609 0.7802664090673607
    outer loop
      vertex 14.342039769345519 17.336547962455256 15
      vertex 15.935599743717244 19.26283106939473 13
      vertex 13.395669874474917 21.108198137550378 13
    endloop
  endfacet
  facet normal 0.36762870175332174 0.5059974985395609 0.7802664090673609
    outer loop
      vertex 12.056102887027425 18.99737832379534 15
      vertex 14.342039769345519 17.336547962455256 15
      vertex 13.395669874474917 21.108198137550378 13
    endloop
  endfacet
  facet normal 0.4819154308833496 0.39867511630103225 0.7802664090673607
    outer loop
      vertex 18.224215685535288 17.11367764821722 13
      vertex 18.202882373436317 13.225168176580645 15
      vertex 20.225424859373685 14.694631307311829 13
    endloop
  endfacet
  facet normal 0.5280826252373054 0.3351314246733688 0.7802664090673607
    outer loop
      vertex 21.90766700109659 12.043841852542883 13
      vertex 20.225424859373685 14.694631307311829 13
      vertex 19.716900300986932 10.839457667288595 15
    endloop
  endfacet
  facet normal 0.5280826252373054 0.33513142467336887 0.7802664090673607
    outer loop
      vertex 19.716900300986932 10.839457667288595 15
      vertex 20.225424859373685 14.694631307311829 13
      vertex 18.202882373436317 13.225168176580645 15
    endloop
  endfacet
  facet normal 0.6845471059286891 0.7289686274214113 0
    outer loop
      vertex -14.032646077862175 -13.177531789127254 13.5
      vertex -12.270411802662275 -14.832379923433946 0
      vertex -14.032646077862175 -13.177531789127254 0
    endloop
  endfacet
  facet normal 0.9822872507286887 0.1873813145857249 0
    outer loop
      vertex -19.0982080003037 -2.412664746112853 13.5
      vertex -18.64522585172615 -4.7872803279234555 0
      vertex -19.0982080003037 -2.412664746112853 0
    endloop
  endfacet
  facet normal 0.9980267284282716 0.06279051952931282 0
    outer loop
      vertex -19.25 0 13.5
      vertex -19.0982080003037 -2.412664746112853 0
      vertex -19.25 0 0
    endloop
  endfacet
  facet normal 0.8443279255020153 0.5358267949789963 0
    outer loop
      vertex -16.868903590844372 -9.273758226458021 13.5
      vertex -15.573577141717738 -11.314866106630108 0
      vertex -16.868903590844372 -9.273758226458021 0
    endloop
  endfacet
  facet normal 0.9048270524660192 0.4257792915650734 0
    outer loop
      vertex -17.89819735334884 -7.086397639180049 13.5
      vertex -16.868903590844372 -9.273758226458021 0
      vertex -17.89819735334884 -7.086397639180049 0
    endloop
  endfacet
  facet normal 0.7705132427757895 0.6374239897486895 0
    outer loop
      vertex -15.573577141717738 -11.314866106630108 13.5
      vertex -14.032646077862175 -13.177531789127254 0
      vertex -15.573577141717738 -11.314866106630108 0
    endloop
  endfacet
  facet normal 0.9510565162951538 0.309016994374947 0
    outer loop
      vertex -18.64522585172615 -4.7872803279234555 13.5
      vertex -17.89819735334884 -7.086397639180049 0
      vertex -18.64522585172615 -4.7872803279234555 0
    endloop
  endfacet
  facet normal 0.48175367410171455 0.8763066800438639 0
    outer loop
      vertex -10.314665803345688 -16.253312565913788 13.5
      vertex -8.196251362627644 -17.417920759970876 0
      vertex -10.314665803345688 -16.253312565913788 0
    endloop
  endfacet
  facet normal 0.5877852522924727 0.8090169943749478 0
    outer loop
      vertex -12.270411802662275 -14.832379923433946 13.5
      vertex -10.314665803345688 -16.253312565913788 0
      vertex -12.270411802662275 -14.832379923433946 0
    endloop
  endfacet
  facet normal 0.36812455268467764 0.9297764858882515 0
    outer loop
      vertex -8.196251362627644 -17.417920759970876 13.5
      vertex -5.948577141717737 -18.307837938681704 0
      vertex -8.196251362627644 -17.417920759970876 0
    endloop
  endfacet
  facet normal 0.12533323356430498 0.9921147013144777 0
    outer loop
      vertex -3.607090305775203 -18.909029576527256 13.5
      vertex -1.2087175009392899 -19.21201452224423 0
      vertex -3.607090305775203 -18.909029576527256 0
    endloop
  endfacet
  facet normal 0 1 0
    outer loop
      vertex -1.2087175009392899 -19.21201452224423 13.5
      vertex 1.2087175009392899 -19.21201452224423 0
      vertex -1.2087175009392899 -19.21201452224423 0
    endloop
  endfacet
  facet normal 0.2486898871648558 0.9685831611286307 0
    outer loop
      vertex -5.948577141717737 -18.307837938681704 13.5
      vertex -3.607090305775203 -18.909029576527256 0
      vertex -5.948577141717737 -18.307837938681704 0
    endloop
  endfacet
  facet normal 0.7705132427757895 0.6374239897486895 0
    outer loop
      vertex -15.573577141717738 -11.314866106630108 13.5
      vertex -14.032646077862175 -13.177531789127254 13.5
      vertex -14.032646077862175 -13.177531789127254 0
    endloop
  endfacet
  facet normal 0.6845471059286891 0.7289686274214113 0
    outer loop
      vertex -12.270411802662275 -14.832379923433946 13.5
      vertex -12.270411802662275 -14.832379923433946 0
      vertex -14.032646077862175 -13.177531789127254 13.5
    endloop
  endfacet
  facet normal 0.9822872507286887 0.1873813145857249 0
    outer loop
      vertex -18.64522585172615 -4.7872803279234555 13.5
      vertex -18.64522585172615 -4.7872803279234555 0
      vertex -19.0982080003037 -2.412664746112853 13.5
    endloop
  endfacet
  facet normal 0.9980267284282716 0.06279051952931282 0
    outer loop
      vertex -19.0982080003037 -2.412664746112853 13.5
      vertex -19.0982080003037 -2.412664746112853 0
      vertex -19.25 0 13.5
    endloop
  endfacet
  facet normal 0.8443279255020153 0.5358267949789963 0
    outer loop
      vertex -15.573577141717738 -11.314866106630108 13.5
      vertex -15.573577141717738 -11.314866106630108 0
      vertex -16.868903590844372 -9.273758226458021 13.5
    endloop
  endfacet
  facet normal 0.9048270524660192 0.4257792915650734 0
    outer loop
      vertex -16.868903590844372 -9.273758226458021 13.5
      vertex -16.868903590844372 -9.273758226458021 0
      vertex -17.89819735334884 -7.086397639180049 13.5
    endloop
  endfacet
  facet normal 0.9510565162951538 0.309016994374947 0
    outer loop
      vertex -17.89819735334884 -7.086397639180049 13.5
      vertex -17.89819735334884 -7.086397639180049 0
      vertex -18.64522585172615 -4.7872803279234555 13.5
    endloop
  endfacet
  facet normal 0 0 -1
    outer loop
      vertex -18.64522585172615 -4.7872803279234555 13.5
      vertex -19.0982080003037 -2.412664746112853 13.5
      vertex -19.0982080003037 2.412664746112853 13.5
    endloop
  endfacet
  facet normal 0 0 -1
    outer loop
      vertex -12.270411802662275 -14.832379923433946 13.5
      vertex -14.032646077862175 -13.177531789127254 13.5
      vertex -13.144600200657951 -7.226305111525731 13.5
    endloop
  endfacet
  facet normal 0 0 -1
    outer loop
      vertex -12.270411802662275 -14.832379923433946 13.5
      vertex -13.144600200657951 -7.226305111525731 13.5
      vertex -12.135254915624213 -8.816778784387097 13.5
    endloop
  endfacet
  facet normal 0 0 -1
    outer loop
      vertex -15.573577141717738 -11.314866106630108 13.5
      vertex -14.881720519717168 -1.879998503464561 13.5
      vertex -14.032646077862175 -13.177531789127254 13.5
    endloop
  endfacet
  facet normal 0 0 -1
    outer loop
      vertex -14.032646077862175 -13.177531789127254 13.5
      vertex -14.528747416929466 -3.7303483074728225 13.5
      vertex -13.946647288323772 -5.521868290270168 13.5
    endloop
  endfacet
  facet normal 0 0 -1
    outer loop
      vertex -14.032646077862175 -13.177531789127254 13.5
      vertex -14.881720519717168 -1.879998503464561 13.5
      vertex -14.528747416929466 -3.7303483074728225 13.5
    endloop
  endfacet
  facet normal 0 0 -1
    outer loop
      vertex -14.032646077862175 -13.177531789127254 13.5
      vertex -13.946647288323772 -5.521868290270168 13.5
      vertex -13.144600200657951 -7.226305111525731 13.5
    endloop
  endfacet
  facet normal 0 0 -1
    outer loop
      vertex -15.573577141717738 -11.314866106630108 13.5
      vertex -16.868903590844372 -9.273758226458021 13.5
      vertex -16.868903590844372 9.273758226458021 13.5
    endloop
  endfacet
  facet normal 0 0 -1
    outer loop
      vertex -17.89819735334884 -7.086397639180049 13.5
      vertex -18.64522585172615 -4.7872803279234555 13.5
      vertex -18.64522585172615 4.7872803279234555 13.5
    endloop
  endfacet
  facet normal 0 0 -1
    outer loop
      vertex -16.868903590844372 -9.273758226458021 13.5
      vertex -17.89819735334884 -7.086397639180049 13.5
      vertex -17.89819735334884 7.086397639180049 13.5
    endloop
  endfacet
  facet normal 0 0 -1
    outer loop
      vertex -15.573577141717738 -11.314866106630108 13.5
      vertex -15 0 13.5
      vertex -14.881720519717168 -1.879998503464561 13.5
    endloop
  endfacet
  facet normal 0.5877852522924727 0.8090169943749478 0
    outer loop
      vertex -12.270411802662275 -14.832379923433946 13.5
      vertex -10.314665803345688 -16.253312565913788 13.5
      vertex -10.314665803345688 -16.253312565913788 0
    endloop
  endfacet
  facet normal 0.48175367410171455 0.8763066800438639 0
    outer loop
      vertex -10.314665803345688 -16.253312565913788 13.5
      vertex -8.196251362627644 -17.417920759970876 13.5
      vertex -8.196251362627644 -17.417920759970876 0
    endloop
  endfacet
  facet normal 0.36812455268467764 0.9297764858882515 0
    outer loop
      vertex -8.196251362627644 -17.417920759970876 13.5
      vertex -5.948577141717737 -18.307837938681704 13.5
      vertex -5.948577141717737 -18.307837938681704 0
    endloop
  endfacet
  facet normal 0.12533323356430498 0.9921147013144777 0
    outer loop
      vertex -3.607090305775203 -18.909029576527256 13.5
      vertex -1.2087175009392899 -19.21201452224423 13.5
      vertex -1.2087175009392899 -19.21201452224423 0
    endloop
  endfacet
  facet normal 0.2486898871648558 0.9685831611286307 0
    outer loop
      vertex -5.948577141717737 -18.307837938681704 13.5
      vertex -3.607090305775203 -18.909029576527256 13.5
      vertex -3.607090305775203 -18.909029576527256 0
    endloop
  endfacet
  facet normal 0 0 -1
    outer loop
      vertex -12.270411802662275 -14.832379923433946 13.5
      vertex -10.934529411321176 -10.268206588930328 13.5
      vertex -10.314665803345688 -16.253312565913788 13.5
    endloop
  endfacet
  facet normal 0 0 -1
    outer loop
      vertex -10.314665803345688 -16.253312565913788 13.5
      vertex -10.934529411321176 -10.268206588930328 13.5
      vertex -9.561359846230344 -11.55769864163684 13.5
    endloop
  endfacet
  facet normal 0 0 -1
    outer loop
      vertex -8.196251362627644 -17.417920759970876 13.5
      vertex -6.386689373476086 -13.572405786990293 13.5
      vertex -5.948577141717737 -18.307837938681704 13.5
    endloop
  endfacet
  facet normal 0 0 -1
    outer loop
      vertex -10.314665803345688 -16.253312565913788 13.5
      vertex -9.561359846230344 -11.55769864163684 13.5
      vertex -8.196251362627644 -17.417920759970876 13.5
    endloop
  endfacet
  facet normal 0 0 -1
    outer loop
      vertex -8.196251362627644 -17.417920759970876 13.5
      vertex -9.561359846230344 -11.55769864163684 13.5
      vertex -8.037401924684952 -12.664918882530225 13.5
    endloop
  endfacet
  facet normal 0 0 -1
    outer loop
      vertex -8.196251362627644 -17.417920759970876 13.5
      vertex -8.037401924684952 -12.664918882530225 13.5
      vertex -6.386689373476086 -13.572405786990293 13.5
    endloop
  endfacet
  facet normal 0 0 -1
    outer loop
      vertex -5.948577141717737 -18.307837938681704 13.5
      vertex -4.635254915624211 -14.265847744427303 13.5
      vertex -3.607090305775203 -18.909029576527256 13.5
    endloop
  endfacet
  facet normal 0 0 -1
    outer loop
      vertex -3.607090305775203 -18.909029576527256 13.5
      vertex -4.635254915624211 -14.265847744427303 13.5
      vertex -2.8107197187858723 -14.734308760930329 13.5
    endloop
  endfacet
  facet normal 0 0 -1
    outer loop
      vertex -5.948577141717737 -18.307837938681704 13.5
      vertex -6.386689373476086 -13.572405786990293 13.5
      vertex -4.635254915624211 -14.265847744427303 13.5
    endloop
  endfacet
  facet normal 0 0 -1
    outer loop
      vertex -3.607090305775203 -18.909029576527256 13.5
      vertex -2.8107197187858723 -14.734308760930329 13.5
      vertex -1.2087175009392899 -19.21201452224423 13.5
    endloop
  endfacet
  facet normal 0 0 -1
    outer loop
      vertex -2.8107197187858723 -14.734308760930329 13.5
      vertex -0.9418577929397064 -14.970400926424073 13.5
      vertex -1.2087175009392899 -19.21201452224423 13.5
    endloop
  endfacet
  facet normal 0 0 -1
    outer loop
      vertex -1.2087175009392899 -19.21201452224423 13.5
      vertex -0.9418577929397064 -14.970400926424073 13.5
      vertex 1.2087175009392899 -19.21201452224423 13.5
    endloop
  endfacet
  facet normal 0 0 -1
    outer loop
      vertex -12.270411802662275 -14.832379923433946 13.5
      vertex -12.135254915624213 -8.816778784387097 13.5
      vertex -10.934529411321176 -10.268206588930328 13.5
    endloop
  endfacet
  facet normal 0.9980267284282716 -0.06279051952931282 0
    outer loop
      vertex -19.0982080003037 2.412664746112853 13.5
      vertex -19.25 0 0
      vertex -19.0982080003037 2.412664746112853 0
    endloop
  endfacet
  facet normal 0.9822872507286887 -0.1873813145857249 0
    outer loop
      vertex -18.64522585172615 4.7872803279234555 13.5
      vertex -19.0982080003037 2.412664746112853 0
      vertex -18.64522585172615 4.7872803279234555 0
    endloop
  endfacet
  facet normal 0.9510565162951538 -0.309016994374947 0
    outer loop
      vertex -17.89819735334884 7.086397639180049 13.5
      vertex -18.64522585172615 4.7872803279234555 0
      vertex -17.89819735334884 7.086397639180049 0
    endloop
  endfacet
  facet normal 0.9048270524660192 -0.4257792915650734 0
    outer loop
      vertex -16.868903590844372 9.273758226458021 13.5
      vertex -17.89819735334884 7.086397639180049 0
      vertex -16.868903590844372 9.273758226458021 0
    endloop
  endfacet
  facet normal 0.8443279255020153 -0.5358267949789963 0
    outer loop
      vertex -15.573577141717738 11.314866106630108 13.5
      vertex -16.868903590844372 9.273758226458021 0
      vertex -15.573577141717738 11.314866106630108 0
    endloop
  endfacet
  facet normal 0.7705132427757895 -0.6374239897486895 0
    outer loop
      vertex -14.032646077862175 13.177531789127254 13.5
      vertex -15.573577141717738 11.314866106630108 0
      vertex -14.032646077862175 13.177531789127254 0
    endloop
  endfacet
  facet normal 0.6845471059286891 -0.7289686274214113 0
    outer loop
      vertex -12.270411802662275 14.832379923433946 13.5
      vertex -14.032646077862175 13.177531789127254 0
      vertex -12.270411802662275 14.832379923433946 0
    endloop
  endfacet
  facet normal 0.5877852522924727 -0.8090169943749478 0
    outer loop
      vertex -10.314665803345688 16.253312565913788 13.5
      vertex -12.270411802662275 14.832379923433946 0
      vertex -10.314665803345688 16.253312565913788 0
    endloop
  endfacet
  facet normal 0.4817536741017156 -0.8763066800438636 0
    outer loop
      vertex -8.196251362627649 17.417920759970876 13.5
      vertex -10.314665803345688 16.253312565913788 0
      vertex -8.196251362627649 17.417920759970876 0
    endloop
  endfacet
  facet normal 0.3681245526846769 -0.9297764858882518 0
    outer loop
      vertex -5.948577141717737 18.307837938681704 13.5
      vertex -8.196251362627649 17.417920759970876 0
      vertex -5.948577141717737 18.307837938681704 0
    endloop
  endfacet
  facet normal 0.24868988716485535 -0.9685831611286311 0
    outer loop
      vertex -3.607090305775198 18.909029576527256 13.5
      vertex -5.948577141717737 18.307837938681704 0
      vertex -3.607090305775198 18.909029576527256 0
    endloop
  endfacet
  facet normal 0.12533323356430476 -0.9921147013144777 0
    outer loop
      vertex -1.2087175009392805 19.21201452224423 13.5
      vertex -3.607090305775198 18.909029576527256 0
      vertex -1.2087175009392805 19.21201452224423 0
    endloop
  endfacet
  facet normal 0.9980267284282716 -0.06279051952931282 0
    outer loop
      vertex -19.25 0 13.5
      vertex -19.25 0 0
      vertex -19.0982080003037 2.412664746112853 13.5
    endloop
  endfacet
  facet normal 0.9822872507286887 -0.1873813145857249 0
    outer loop
      vertex -19.0982080003037 2.412664746112853 13.5
      vertex -19.0982080003037 2.412664746112853 0
      vertex -18.64522585172615 4.7872803279234555 13.5
    endloop
  endfacet
  facet normal 0.9510565162951538 -0.309016994374947 0
    outer loop
      vertex -18.64522585172615 4.7872803279234555 13.5
      vertex -18.64522585172615 4.7872803279234555 0
      vertex -17.89819735334884 7.086397639180049 13.5
    endloop
  endfacet
  facet normal 0.9048270524660192 -0.4257792915650734 0
    outer loop
      vertex -17.89819735334884 7.086397639180049 13.5
      vertex -17.89819735334884 7.086397639180049 0
      vertex -16.868903590844372 9.273758226458021 13.5
    endloop
  endfacet
  facet normal 0.8443279255020153 -0.5358267949789963 0
    outer loop
      vertex -16.868903590844372 9.273758226458021 13.5
      vertex -16.868903590844372 9.273758226458021 0
      vertex -15.573577141717738 11.314866106630108 13.5
    endloop
  endfacet
  facet normal 0.7705132427757895 -0.6374239897486895 0
    outer loop
      vertex -15.573577141717738 11.314866106630108 13.5
      vertex -15.573577141717738 11.314866106630108 0
      vertex -14.032646077862175 13.177531789127254 13.5
    endloop
  endfacet
  facet normal 0 0 -1
    outer loop
      vertex -19.0982080003037 -2.412664746112853 13.5
      vertex -19.25 0 13.5
      vertex -19.0982080003037 2.412664746112853 13.5
    endloop
  endfacet
  facet normal 0 0 -1
    outer loop
      vertex -18.64522585172615 -4.7872803279234555 13.5
      vertex -19.0982080003037 2.412664746112853 13.5
      vertex -18.64522585172615 4.7872803279234555 13.5
    endloop
  endfacet
  facet normal 0 0 -1
    outer loop
      vertex -17.89819735334884 -7.086397639180049 13.5
      vertex -18.64522585172615 4.7872803279234555 13.5
      vertex -17.89819735334884 7.086397639180049 13.5
    endloop
  endfacet
  facet normal 0 0 -1
    outer loop
      vertex -16.868903590844372 -9.273758226458021 13.5
      vertex -17.89819735334884 7.086397639180049 13.5
      vertex -16.868903590844372 9.273758226458021 13.5
    endloop
  endfacet
  facet normal 0 0 -1
    outer loop
      vertex -15.573577141717738 -11.314866106630108 13.5
      vertex -16.868903590844372 9.273758226458021 13.5
      vertex -15.573577141717738 11.314866106630108 13.5
    endloop
  endfacet
  facet normal 0 0 -1
    outer loop
      vertex -15.573577141717738 -11.314866106630108 13.5
      vertex -15.573577141717738 11.314866106630108 13.5
      vertex -15 0 13.5
    endloop
  endfacet
  facet normal 0 0 -1
    outer loop
      vertex -15 0 13.5
      vertex -15.573577141717738 11.314866106630108 13.5
      vertex -14.881720519717168 1.879998503464561 13.5
    endloop
  endfacet
  facet normal 0 0 -1
    outer loop
      vertex -14.881720519717168 1.879998503464561 13.5
      vertex -15.573577141717738 11.314866106630108 13.5
      vertex -14.528747416929466 3.7303483074728225 13.5
    endloop
  endfacet
  facet normal 0 0 -1
    outer loop
      vertex -14.528747416929466 3.7303483074728225 13.5
      vertex -15.573577141717738 11.314866106630108 13.5
      vertex -13.946647288323772 5.521868290270168 13.5
    endloop
  endfacet
  facet normal 0 0 -1
    outer loop
      vertex -13.946647288323772 5.521868290270168 13.5
      vertex -14.032646077862175 13.177531789127254 13.5
      vertex -13.144600200657951 7.226305111525731 13.5
    endloop
  endfacet
  facet normal 0 0 -1
    outer loop
      vertex -13.946647288323772 5.521868290270168 13.5
      vertex -15.573577141717738 11.314866106630108 13.5
      vertex -14.032646077862175 13.177531789127254 13.5
    endloop
  endfacet
  facet normal 0 0 -1
    outer loop
      vertex -13.144600200657951 7.226305111525731 13.5
      vertex -14.032646077862175 13.177531789127254 13.5
      vertex -12.135254915624213 8.816778784387097 13.5
    endloop
  endfacet
  facet normal 0 0 -1
    outer loop
      vertex -12.135254915624213 8.816778784387097 13.5
      vertex -14.032646077862175 13.177531789127254 13.5
      vertex -12.270411802662275 14.832379923433946 13.5
    endloop
  endfacet
  facet normal 0.6845471059286891 -0.7289686274214113 0
    outer loop
      vertex -14.032646077862175 13.177531789127254 13.5
      vertex -14.032646077862175 13.177531789127254 0
      vertex -12.270411802662275 14.832379923433946 13.5
    endloop
  endfacet
  facet normal 0 0 -1
    outer loop
      vertex -12.135254915624213 8.816778784387097 13.5
      vertex -12.270411802662275 14.832379923433946 13.5
      vertex -10.934529411321176 10.268206588930328 13.5
    endloop
  endfacet
  facet normal 0 0 -1
    outer loop
      vertex -10.934529411321176 10.268206588930328 13.5
      vertex -12.270411802662275 14.832379923433946 13.5
      vertex -9.561359846230344 11.55769864163684 13.5
    endloop
  endfacet
  facet normal 0.5877852522924727 -0.8090169943749478 0
    outer loop
      vertex -12.270411802662275 14.832379923433946 13.5
      vertex -12.270411802662275 14.832379923433946 0
      vertex -10.314665803345688 16.253312565913788 13.5
    endloop
  endfacet
  facet normal 0.4817536741017156 -0.8763066800438636 0
    outer loop
      vertex -10.314665803345688 16.253312565913788 13.5
      vertex -10.314665803345688 16.253312565913788 0
      vertex -8.196251362627649 17.417920759970876 13.5
    endloop
  endfacet
  facet normal 0.3681245526846769 -0.9297764858882518 0
    outer loop
      vertex -8.196251362627649 17.417920759970876 13.5
      vertex -8.196251362627649 17.417920759970876 0
      vertex -5.948577141717737 18.307837938681704 13.5
    endloop
  endfacet
  facet normal 0.24868988716485535 -0.9685831611286311 0
    outer loop
      vertex -5.948577141717737 18.307837938681704 13.5
      vertex -5.948577141717737 18.307837938681704 0
      vertex -3.607090305775198 18.909029576527256 13.5
    endloop
  endfacet
  facet normal 0.12533323356430476 -0.9921147013144777 0
    outer loop
      vertex -3.607090305775198 18.909029576527256 13.5
      vertex -3.607090305775198 18.909029576527256 0
      vertex -1.2087175009392805 19.21201452224423 13.5
    endloop
  endfacet
  facet normal 0 -1 0
    outer loop
      vertex -1.2087175009392805 19.21201452224423 13.5
      vertex -1.2087175009392805 19.21201452224423 0
      vertex 1.2087175009392805 19.21201452224423 13.5
    endloop
  endfacet
  facet normal 0 0 -1
    outer loop
      vertex -12.270411802662275 14.832379923433946 13.5
      vertex -10.314665803345688 16.253312565913788 13.5
      vertex -9.561359846230344 11.55769864163684 13.5
    endloop
  endfacet
  facet normal 0 0 -1
    outer loop
      vertex -10.314665803345688 16.253312565913788 13.5
      vertex -8.037401924684952 12.664918882530225 13.5
      vertex -9.561359846230344 11.55769864163684 13.5
    endloop
  endfacet
  facet normal 0 0 -1
    outer loop
      vertex -10.314665803345688 16.253312565913788 13.5
      vertex -8.196251362627649 17.417920759970876 13.5
      vertex -8.037401924684952 12.664918882530225 13.5
    endloop
  endfacet
  facet normal 0 0 -1
    outer loop
      vertex -8.037401924684952 12.664918882530225 13.5
      vertex -8.196251362627649 17.417920759970876 13.5
      vertex -6.386689373476091 13.572405786990291 13.5
    endloop
  endfacet
  facet normal 0 0 -1
    outer loop
      vertex -6.386689373476091 13.572405786990291 13.5
      vertex -8.196251362627649 17.417920759970876 13.5
      vertex -4.635254915624211 14.265847744427303 13.5
    endloop
  endfacet
  facet normal 0 0 -1
    outer loop
      vertex -8.196251362627649 17.417920759970876 13.5
      vertex -5.948577141717737 18.307837938681704 13.5
      vertex -4.635254915624211 14.265847744427303 13.5
    endloop
  endfacet
  facet normal 0 0 -1
    outer loop
      vertex -5.948577141717737 18.307837938681704 13.5
      vertex -2.810719718785869 14.73430876093033 13.5
      vertex -4.635254915624211 14.265847744427303 13.5
    endloop
  endfacet
  facet normal 0 0 -1
    outer loop
      vertex -5.948577141717737 18.307837938681704 13.5
      vertex -3.607090305775198 18.909029576527256 13.5
      vertex -2.810719718785869 14.73430876093033 13.5
    endloop
  endfacet
  facet normal 0 0 -1
    outer loop
      vertex -2.810719718785869 14.73430876093033 13.5
      vertex -3.607090305775198 18.909029576527256 13.5
      vertex -0.9418577929396981 14.970400926424073 13.5
    endloop
  endfacet
  facet normal 0 0 -1
    outer loop
      vertex -3.607090305775198 18.909029576527256 13.5
      vertex -1.2087175009392805 19.21201452224423 13.5
      vertex -0.9418577929396981 14.970400926424073 13.5
    endloop
  endfacet
  facet normal 0 0 -1
    outer loop
      vertex -0.9418577929396981 14.970400926424073 13.5
      vertex -1.2087175009392805 19.21201452224423 13.5
      vertex 0.9418577929396992 14.970400926424073 13.5
    endloop
  endfacet
  facet normal -0.12533323356430498 0.9921147013144777 0
    outer loop
      vertex 1.2087175009392899 -19.21201452224423 13.5
      vertex 3.607090305775203 -18.909029576527256 0
      vertex 1.2087175009392899 -19.21201452224423 0
    endloop
  endfacet
  facet normal -0.2486898871648558 0.9685831611286307 0
    outer loop
      vertex 3.607090305775203 -18.909029576527256 13.5
      vertex 5.948577141717737 -18.307837938681704 0
      vertex 3.607090305775203 -18.909029576527256 0
    endloop
  endfacet
  facet normal -0.36812455268467764 0.9297764858882515 0
    outer loop
      vertex 5.948577141717737 -18.307837938681704 13.5
      vertex 8.196251362627644 -17.417920759970876 0
      vertex 5.948577141717737 -18.307837938681704 0
    endloop
  endfacet
  facet normal -0.4817536741017142 0.8763066800438643 0
    outer loop
      vertex 8.196251362627644 -17.417920759970876 13.5
      vertex 10.314665803345678 -16.253312565913795 0
      vertex 8.196251362627644 -17.417920759970876 0
    endloop
  endfacet
  facet normal -0.5877852522924731 0.8090169943749476 0
    outer loop
      vertex 10.314665803345678 -16.253312565913795 13.5
      vertex 12.270411802662283 -14.832379923433939 0
      vertex 10.314665803345678 -16.253312565913795 0
    endloop
  endfacet
  facet normal -0.6845471059286888 0.7289686274214112 0
    outer loop
      vertex 12.270411802662283 -14.832379923433939 13.5
      vertex 14.032646077862175 -13.177531789127254 0
      vertex 12.270411802662283 -14.832379923433939 0
    endloop
  endfacet
  facet normal -0.7705132427757895 0.6374239897486895 0
    outer loop
      vertex 14.032646077862175 -13.177531789127254 13.5
      vertex 15.573577141717738 -11.314866106630108 0
      vertex 14.032646077862175 -13.177531789127254 0
    endloop
  endfacet
  facet normal -0.8443279255020153 0.5358267949789963 0
    outer loop
      vertex 15.573577141717738 -11.314866106630108 13.5
      vertex 16.868903590844372 -9.273758226458021 0
      vertex 15.573577141717738 -11.314866106630108 0
    endloop
  endfacet
  facet normal -0.904827052466019 0.4257792915650736 0
    outer loop
      vertex 16.868903590844372 -9.273758226458021 13.5
      vertex 17.898197353348838 -7.086397639180058 0
      vertex 16.868903590844372 -9.273758226458021 0
    endloop
  endfacet
  facet normal -0.951056516295154 0.3090169943749463 0
    outer loop
      vertex 17.898197353348838 -7.086397639180058 13.5
      vertex 18.64522585172615 -4.7872803279234475 0
      vertex 17.898197353348838 -7.086397639180058 0
    endloop
  endfacet
  facet normal -0.9822872507286884 0.1873813145857255 0
    outer loop
      vertex 18.64522585172615 -4.7872803279234475 13.5
      vertex 19.0982080003037 -2.412664746112853 0
      vertex 18.64522585172615 -4.7872803279234475 0
    endloop
  endfacet
  facet normal -0.9980267284282716 0.06279051952931282 0
    outer loop
      vertex 19.0982080003037 -2.412664746112853 13.5
      vertex 19.25 0 0
      vertex 19.0982080003037 -2.412664746112853 0
    endloop
  endfacet
  facet normal 0 1 0
    outer loop
      vertex -1.2087175009392899 -19.21201452224423 13.5
      vertex 1.2087175009392899 -19.21201452224423 13.5
      vertex 1.2087175009392899 -19.21201452224423 0
    endloop
  endfacet
  facet normal -0.12533323356430498 0.9921147013144777 0
    outer loop
      vertex 1.2087175009392899 -19.21201452224423 13.5
      vertex 3.607090305775203 -18.909029576527256 13.5
      vertex 3.607090305775203 -18.909029576527256 0
    endloop
  endfacet
  facet normal -0.2486898871648558 0.9685831611286307 0
    outer loop
      vertex 3.607090305775203 -18.909029576527256 13.5
      vertex 5.948577141717737 -18.307837938681704 13.5
      vertex 5.948577141717737 -18.307837938681704 0
    endloop
  endfacet
  facet normal -0.36812455268467764 0.9297764858882515 0
    outer loop
      vertex 5.948577141717737 -18.307837938681704 13.5
      vertex 8.196251362627644 -17.417920759970876 13.5
      vertex 8.196251362627644 -17.417920759970876 0
    endloop
  endfacet
  facet normal -0.4817536741017142 0.8763066800438643 0
    outer loop
      vertex 8.196251362627644 -17.417920759970876 13.5
      vertex 10.314665803345678 -16.253312565913795 13.5
      vertex 10.314665803345678 -16.253312565913795 0
    endloop
  endfacet
  facet normal -0.5877852522924731 0.8090169943749476 0
    outer loop
      vertex 10.314665803345678 -16.253312565913795 13.5
      vertex 12.270411802662283 -14.832379923433939 13.5
      vertex 12.270411802662283 -14.832379923433939 0
    endloop
  endfacet
  facet normal 0 0 -1
    outer loop
      vertex -0.9418577929397064 -14.970400926424073 13.5
      vertex 0.9418577929397064 -14.970400926424073 13.5
      vertex 1.2087175009392899 -19.21201452224423 13.5
    endloop
  endfacet
  facet normal 0 0 -1
    outer loop
      vertex 1.2087175009392899 -19.21201452224423 13.5
      vertex 0.9418577929397064 -14.970400926424073 13.5
      vertex 3.607090305775203 -18.909029576527256 13.5
    endloop
  endfacet
  facet normal 0 0 -1
    outer loop
      vertex 0.9418577929397064 -14.970400926424073 13.5
      vertex 2.8107197187858723 -14.734308760930329 13.5
      vertex 3.607090305775203 -18.909029576527256 13.5
    endloop
  endfacet
  facet normal 0 0 -1
    outer loop
      vertex 3.607090305775203 -18.909029576527256 13.5
      vertex 2.8107197187858723 -14.734308760930329 13.5
      vertex 5.948577141717737 -18.307837938681704 13.5
    endloop
  endfacet
  facet normal 0 0 -1
    outer loop
      vertex 2.8107197187858723 -14.734308760930329 13.5
      vertex 4.635254915624211 -14.265847744427303 13.5
      vertex 5.948577141717737 -18.307837938681704 13.5
    endloop
  endfacet
  facet normal 0 0 -1
    outer loop
      vertex 4.635254915624211 -14.265847744427303 13.5
      vertex 8.196251362627644 -17.417920759970876 13.5
      vertex 5.948577141717737 -18.307837938681704 13.5
    endloop
  endfacet
  facet normal 0 0 -1
    outer loop
      vertex 4.635254915624211 -14.265847744427303 13.5
      vertex 6.386689373476086 -13.572405786990293 13.5
      vertex 8.196251362627644 -17.417920759970876 13.5
    endloop
  endfacet
  facet normal 0 0 -1
    outer loop
      vertex 8.196251362627644 -17.417920759970876 13.5
      vertex 6.386689373476086 -13.572405786990293 13.5
      vertex 8.037401924684943 -12.66491888253023 13.5
    endloop
  endfacet
  facet normal 0 0 -1
    outer loop
      vertex 8.196251362627644 -17.417920759970876 13.5
      vertex 8.037401924684943 -12.66491888253023 13.5
      vertex 10.314665803345678 -16.253312565913795 13.5
    endloop
  endfacet
  facet normal 0 0 -1
    outer loop
      vertex 8.037401924684943 -12.66491888253023 13.5
      vertex 9.56135984623035 -11.557698641636836 13.5
      vertex 10.314665803345678 -16.253312565913795 13.5
    endloop
  endfacet
  facet normal 0 0 -1
    outer loop
      vertex 9.56135984623035 -11.557698641636836 13.5
      vertex 12.270411802662283 -14.832379923433939 13.5
      vertex 10.314665803345678 -16.253312565913795 13.5
    endloop
  endfacet
  facet normal 0 0 -1
    outer loop
      vertex 9.56135984623035 -11.557698641636836 13.5
      vertex 10.934529411321176 -10.268206588930328 13.5
      vertex 12.270411802662283 -14.832379923433939 13.5
    endloop
  endfacet
  facet normal 0 0 -1
    outer loop
      vertex 12.270411802662283 -14.832379923433939 13.5
      vertex 10.934529411321176 -10.268206588930328 13.5
      vertex 12.135254915624213 -8.816778784387097 13.5
    endloop
  endfacet
  facet normal -0.6845471059286888 0.7289686274214112 0
    outer loop
      vertex 12.270411802662283 -14.832379923433939 13.5
      vertex 14.032646077862175 -13.177531789127254 13.5
      vertex 14.032646077862175 -13.177531789127254 0
    endloop
  endfacet
  facet normal -0.7705132427757895 0.6374239897486895 0
    outer loop
      vertex 14.032646077862175 -13.177531789127254 13.5
      vertex 15.573577141717738 -11.314866106630108 13.5
      vertex 15.573577141717738 -11.314866106630108 0
    endloop
  endfacet
  facet normal -0.8443279255020153 0.5358267949789963 0
    outer loop
      vertex 15.573577141717738 -11.314866106630108 13.5
      vertex 16.868903590844372 -9.273758226458021 13.5
      vertex 16.868903590844372 -9.273758226458021 0
    endloop
  endfacet
  facet normal -0.904827052466019 0.4257792915650736 0
    outer loop
      vertex 16.868903590844372 -9.273758226458021 13.5
      vertex 17.898197353348838 -7.086397639180058 13.5
      vertex 17.898197353348838 -7.086397639180058 0
    endloop
  endfacet
  facet normal -0.951056516295154 0.3090169943749463 0
    outer loop
      vertex 17.898197353348838 -7.086397639180058 13.5
      vertex 18.64522585172615 -4.7872803279234475 13.5
      vertex 18.64522585172615 -4.7872803279234475 0
    endloop
  endfacet
  facet normal -0.9822872507286884 0.1873813145857255 0
    outer loop
      vertex 18.64522585172615 -4.7872803279234475 13.5
      vertex 19.0982080003037 -2.412664746112853 13.5
      vertex 19.0982080003037 -2.412664746112853 0
    endloop
  endfacet
  facet normal -0.9980267284282716 0.06279051952931282 0
    outer loop
      vertex 19.0982080003037 -2.412664746112853 13.5
      vertex 19.25 0 13.5
      vertex 19.25 0 0
    endloop
  endfacet
  facet normal 0 0 -1
    outer loop
      vertex 12.270411802662283 -14.832379923433939 13.5
      vertex 12.135254915624213 -8.816778784387097 13.5
      vertex 14.032646077862175 -13.177531789127254 13.5
    endloop
  endfacet
  facet normal 0 0 -1
    outer loop
      vertex 14.032646077862175 -13.177531789127254 13.5
      vertex 12.135254915624213 -8.816778784387097 13.5
      vertex 13.144600200657951 -7.226305111525731 13.5
    endloop
  endfacet
  facet normal 0 0 -1
    outer loop
      vertex 14.032646077862175 -13.177531789127254 13.5
      vertex 13.946647288323769 -5.5218682902701755 13.5
      vertex 15.573577141717738 -11.314866106630108 13.5
    endloop
  endfacet
  facet normal 0 0 -1
    outer loop
      vertex 14.032646077862175 -13.177531789127254 13.5
      vertex 13.144600200657951 -7.226305111525731 13.5
      vertex 13.946647288323769 -5.5218682902701755 13.5
    endloop
  endfacet
  facet normal 0 0 -1
    outer loop
      vertex 15.573577141717738 -11.314866106630108 13.5
      vertex 13.946647288323769 -5.5218682902701755 13.5
      vertex 14.528747416929468 -3.7303483074728163 13.5
    endloop
  endfacet
  facet normal 0 0 -1
    outer loop
      vertex 15.573577141717738 -11.314866106630108 13.5
      vertex 14.528747416929468 -3.7303483074728163 13.5
      vertex 14.881720519717168 -1.879998503464561 13.5
    endloop
  endfacet
  facet normal 0 0 -1
    outer loop
      vertex 15.573577141717738 -11.314866106630108 13.5
      vertex 14.881720519717168 -1.879998503464561 13.5
      vertex 15 0 13.5
    endloop
  endfacet
  facet normal 0 0 -1
    outer loop
      vertex 15.573577141717738 -11.314866106630108 13.5
      vertex 15.573577141717738 11.314866106630108 13.5
      vertex 16.868903590844372 -9.273758226458021 13.5
    endloop
  endfacet
  facet normal 0 0 -1
    outer loop
      vertex 16.868903590844372 -9.273758226458021 13.5
      vertex 16.868903590844376 9.27375822645802 13.5
      vertex 17.898197353348838 -7.086397639180058 13.5
    endloop
  endfacet
  facet normal 0 0 -1
    outer loop
      vertex 17.898197353348838 -7.086397639180058 13.5
      vertex 17.898197353348838 7.086397639180051 13.5
      vertex 18.64522585172615 -4.7872803279234475 13.5
    endloop
  endfacet
  facet normal 0 0 -1
    outer loop
      vertex 18.64522585172615 -4.7872803279234475 13.5
      vertex 18.64522585172615 4.787280327923455 13.5
      vertex 19.0982080003037 -2.412664746112853 13.5
    endloop
  endfacet
  facet normal -0.24868988716485535 -0.9685831611286311 0
    outer loop
      vertex 5.948577141717737 18.307837938681704 13.5
      vertex 3.607090305775198 18.909029576527256 0
      vertex 5.948577141717737 18.307837938681704 0
    endloop
  endfacet
  facet normal 0 -1 0
    outer loop
      vertex 1.2087175009392805 19.21201452224423 13.5
      vertex -1.2087175009392805 19.21201452224423 0
      vertex 1.2087175009392805 19.21201452224423 0
    endloop
  endfacet
  facet normal -0.12533323356430476 -0.9921147013144777 0
    outer loop
      vertex 3.607090305775198 18.909029576527256 13.5
      vertex 1.2087175009392805 19.21201452224423 0
      vertex 3.607090305775198 18.909029576527256 0
    endloop
  endfacet
  facet normal -0.3681245526846769 -0.9297764858882518 0
    outer loop
      vertex 8.196251362627649 17.417920759970876 13.5
      vertex 5.948577141717737 18.307837938681704 0
      vertex 8.196251362627649 17.417920759970876 0
    endloop
  endfacet
  facet normal -0.587785252292474 -0.8090169943749469 0
    outer loop
      vertex 12.270411802662277 14.83237992343394 13.5
      vertex 10.314665803345685 16.25331256591379 0
      vertex 12.270411802662277 14.83237992343394 0
    endloop
  endfacet
  facet normal -0.481753674101715 -0.8763066800438637 0
    outer loop
      vertex 10.314665803345685 16.25331256591379 13.5
      vertex 8.196251362627649 17.417920759970876 0
      vertex 10.314665803345685 16.25331256591379 0
    endloop
  endfacet
  facet normal -0.9510565162951534 -0.309016994374948 0
    outer loop
      vertex 18.64522585172615 4.787280327923455 13.5
      vertex 17.898197353348838 7.086397639180051 0
      vertex 18.64522585172615 4.787280327923455 0
    endloop
  endfacet
  facet normal -0.7705132427757894 -0.6374239897486897 0
    outer loop
      vertex 15.573577141717738 11.314866106630108 13.5
      vertex 14.032646077862172 13.177531789127258 0
      vertex 15.573577141717738 11.314866106630108 0
    endloop
  endfacet
  facet normal -0.9048270524660199 -0.4257792915650715 0
    outer loop
      vertex 17.898197353348838 7.086397639180051 13.5
      vertex 16.868903590844376 9.27375822645802 0
      vertex 17.898197353348838 7.086397639180051 0
    endloop
  endfacet
  facet normal -0.8443279255020146 -0.535826794978997 0
    outer loop
      vertex 16.868903590844376 9.27375822645802 13.5
      vertex 15.573577141717738 11.314866106630108 0
      vertex 16.868903590844376 9.27375822645802 0
    endloop
  endfacet
  facet normal -0.9980267284282716 -0.06279051952931272 0
    outer loop
      vertex 19.25 0 13.5
      vertex 19.0982080003037 2.412664746112857 0
      vertex 19.25 0 0
    endloop
  endfacet
  facet normal -0.9822872507286885 -0.18738131458572524 0
    outer loop
      vertex 19.0982080003037 2.412664746112857 13.5
      vertex 18.64522585172615 4.787280327923455 0
      vertex 19.0982080003037 2.412664746112857 0
    endloop
  endfacet
  facet normal -0.6845471059286881 -0.728968627421412 0
    outer loop
      vertex 14.032646077862172 13.177531789127258 13.5
      vertex 12.270411802662277 14.83237992343394 0
      vertex 14.032646077862172 13.177531789127258 0
    endloop
  endfacet
  facet normal 0 0 -1
    outer loop
      vertex 12.135254915624213 8.816778784387097 13.5
      vertex 10.934529411321174 10.268206588930331 13.5
      vertex 12.270411802662277 14.83237992343394 13.5
    endloop
  endfacet
  facet normal -0.24868988716485535 -0.9685831611286311 0
    outer loop
      vertex 3.607090305775198 18.909029576527256 13.5
      vertex 3.607090305775198 18.909029576527256 0
      vertex 5.948577141717737 18.307837938681704 13.5
    endloop
  endfacet
  facet normal -0.12533323356430476 -0.9921147013144777 0
    outer loop
      vertex 1.2087175009392805 19.21201452224423 13.5
      vertex 1.2087175009392805 19.21201452224423 0
      vertex 3.607090305775198 18.909029576527256 13.5
    endloop
  endfacet
  facet normal -0.3681245526846769 -0.9297764858882518 0
    outer loop
      vertex 5.948577141717737 18.307837938681704 13.5
      vertex 5.948577141717737 18.307837938681704 0
      vertex 8.196251362627649 17.417920759970876 13.5
    endloop
  endfacet
  facet normal -0.481753674101715 -0.8763066800438637 0
    outer loop
      vertex 8.196251362627649 17.417920759970876 13.5
      vertex 8.196251362627649 17.417920759970876 0
      vertex 10.314665803345685 16.25331256591379 13.5
    endloop
  endfacet
  facet normal -0.587785252292474 -0.8090169943749469 0
    outer loop
      vertex 10.314665803345685 16.25331256591379 13.5
      vertex 10.314665803345685 16.25331256591379 0
      vertex 12.270411802662277 14.83237992343394 13.5
    endloop
  endfacet
  facet normal 0 0 -1
    outer loop
      vertex -1.2087175009392805 19.21201452224423 13.5
      vertex 1.2087175009392805 19.21201452224423 13.5
      vertex 0.9418577929396992 14.970400926424073 13.5
    endloop
  endfacet
  facet normal 0 0 -1
    outer loop
      vertex 0.9418577929396992 14.970400926424073 13.5
      vertex 1.2087175009392805 19.21201452224423 13.5
      vertex 2.810719718785869 14.73430876093033 13.5
    endloop
  endfacet
  facet normal 0 0 -1
    outer loop
      vertex 1.2087175009392805 19.21201452224423 13.5
      vertex 3.607090305775198 18.909029576527256 13.5
      vertex 2.810719718785869 14.73430876093033 13.5
    endloop
  endfacet
  facet normal 0 0 -1
    outer loop
      vertex 4.635254915624211 14.265847744427303 13.5
      vertex 5.948577141717737 18.307837938681704 13.5
      vertex 6.386689373476091 13.572405786990291 13.5
    endloop
  endfacet
  facet normal 0 0 -1
    outer loop
      vertex 4.635254915624211 14.265847744427303 13.5
      vertex 2.810719718785869 14.73430876093033 13.5
      vertex 3.607090305775198 18.909029576527256 13.5
    endloop
  endfacet
  facet normal 0 0 -1
    outer loop
      vertex 4.635254915624211 14.265847744427303 13.5
      vertex 3.607090305775198 18.909029576527256 13.5
      vertex 5.948577141717737 18.307837938681704 13.5
    endloop
  endfacet
  facet normal 0 0 -1
    outer loop
      vertex 6.386689373476091 13.572405786990291 13.5
      vertex 8.196251362627649 17.417920759970876 13.5
      vertex 8.03740192468495 12.664918882530227 13.5
    endloop
  endfacet
  facet normal 0 0 -1
    outer loop
      vertex 9.561359846230346 11.557698641636836 13.5
      vertex 8.03740192468495 12.664918882530227 13.5
      vertex 8.196251362627649 17.417920759970876 13.5
    endloop
  endfacet
  facet normal 0 0 -1
    outer loop
      vertex 9.561359846230346 11.557698641636836 13.5
      vertex 8.196251362627649 17.417920759970876 13.5
      vertex 10.314665803345685 16.25331256591379 13.5
    endloop
  endfacet
  facet normal 0 0 -1
    outer loop
      vertex 6.386689373476091 13.572405786990291 13.5
      vertex 5.948577141717737 18.307837938681704 13.5
      vertex 8.196251362627649 17.417920759970876 13.5
    endloop
  endfacet
  facet normal 0 0 -1
    outer loop
      vertex 9.561359846230346 11.557698641636836 13.5
      vertex 10.314665803345685 16.25331256591379 13.5
      vertex 10.934529411321174 10.268206588930331 13.5
    endloop
  endfacet
  facet normal 0 0 -1
    outer loop
      vertex 10.934529411321174 10.268206588930331 13.5
      vertex 10.314665803345685 16.25331256591379 13.5
      vertex 12.270411802662277 14.83237992343394 13.5
    endloop
  endfacet
  facet normal -0.9510565162951534 -0.309016994374948 0
    outer loop
      vertex 18.64522585172615 4.787280327923455 13.5
      vertex 17.898197353348838 7.086397639180051 13.5
      vertex 17.898197353348838 7.086397639180051 0
    endloop
  endfacet
  facet normal -0.9048270524660199 -0.4257792915650715 0
    outer loop
      vertex 17.898197353348838 7.086397639180051 13.5
      vertex 16.868903590844376 9.27375822645802 13.5
      vertex 16.868903590844376 9.27375822645802 0
    endloop
  endfacet
  facet normal -0.8443279255020146 -0.535826794978997 0
    outer loop
      vertex 16.868903590844376 9.27375822645802 13.5
      vertex 15.573577141717738 11.314866106630108 13.5
      vertex 15.573577141717738 11.314866106630108 0
    endloop
  endfacet
  facet normal -0.9980267284282716 -0.06279051952931272 0
    outer loop
      vertex 19.25 0 13.5
      vertex 19.0982080003037 2.412664746112857 13.5
      vertex 19.0982080003037 2.412664746112857 0
    endloop
  endfacet
  facet normal -0.9822872507286885 -0.18738131458572524 0
    outer loop
      vertex 19.0982080003037 2.412664746112857 13.5
      vertex 18.64522585172615 4.787280327923455 13.5
      vertex 18.64522585172615 4.787280327923455 0
    endloop
  endfacet
  facet normal 0 0 -1
    outer loop
      vertex 15.573577141717738 -11.314866106630108 13.5
      vertex 15 0 13.5
      vertex 15.573577141717738 11.314866106630108 13.5
    endloop
  endfacet
  facet normal 0 0 -1
    outer loop
      vertex 15 0 13.5
      vertex 14.881720519717168 1.8799985034645639 13.5
      vertex 15.573577141717738 11.314866106630108 13.5
    endloop
  endfacet
  facet normal 0 0 -1
    outer loop
      vertex 17.898197353348838 -7.086397639180058 13.5
      vertex 16.868903590844376 9.27375822645802 13.5
      vertex 17.898197353348838 7.086397639180051 13.5
    endloop
  endfacet
  facet normal 0 0 -1
    outer loop
      vertex 18.64522585172615 -4.7872803279234475 13.5
      vertex 17.898197353348838 7.086397639180051 13.5
      vertex 18.64522585172615 4.787280327923455 13.5
    endloop
  endfacet
  facet normal 0 0 -1
    outer loop
      vertex 16.868903590844372 -9.273758226458021 13.5
      vertex 15.573577141717738 11.314866106630108 13.5
      vertex 16.868903590844376 9.27375822645802 13.5
    endloop
  endfacet
  facet normal 0 0 -1
    outer loop
      vertex 13.94664728832377 5.521868290270169 13.5
      vertex 13.144600200657953 7.22630511152573 13.5
      vertex 14.032646077862172 13.177531789127258 13.5
    endloop
  endfacet
  facet normal 0 0 -1
    outer loop
      vertex 14.881720519717168 1.8799985034645639 13.5
      vertex 14.528747416929466 3.730348307472822 13.5
      vertex 14.032646077862172 13.177531789127258 13.5
    endloop
  endfacet
  facet normal 0 0 -1
    outer loop
      vertex 13.94664728832377 5.521868290270169 13.5
      vertex 14.032646077862172 13.177531789127258 13.5
      vertex 14.528747416929466 3.730348307472822 13.5
    endloop
  endfacet
  facet normal 0 0 -1
    outer loop
      vertex 14.881720519717168 1.8799985034645639 13.5
      vertex 14.032646077862172 13.177531789127258 13.5
      vertex 15.573577141717738 11.314866106630108 13.5
    endloop
  endfacet
  facet normal 0 0 -1
    outer loop
      vertex 13.144600200657953 7.22630511152573 13.5
      vertex 12.135254915624213 8.816778784387097 13.5
      vertex 12.270411802662277 14.83237992343394 13.5
    endloop
  endfacet
  facet normal 0 0 -1
    outer loop
      vertex 13.144600200657953 7.22630511152573 13.5
      vertex 12.270411802662277 14.83237992343394 13.5
      vertex 14.032646077862172 13.177531789127258 13.5
    endloop
  endfacet
  facet normal 0 0 -1
    outer loop
      vertex 19.0982080003037 -2.412664746112853 13.5
      vertex 19.0982080003037 2.412664746112857 13.5
      vertex 19.25 0 13.5
    endloop
  endfacet
  facet normal 0 0 -1
    outer loop
      vertex 19.0982080003037 -2.412664746112853 13.5
      vertex 18.64522585172615 4.787280327923455 13.5
      vertex 19.0982080003037 2.412664746112857 13.5
    endloop
  endfacet
  facet normal -0.6845471059286881 -0.728968627421412 0
    outer loop
      vertex 14.032646077862172 13.177531789127258 13.5
      vertex 12.270411802662277 14.83237992343394 13.5
      vertex 12.270411802662277 14.83237992343394 0
    endloop
  endfacet
  facet normal -0.7705132427757894 -0.6374239897486897 0
    outer loop
      vertex 14.032646077862172 13.177531789127258 13.5
      vertex 14.032646077862172 13.177531789127258 0
      vertex 15.573577141717738 11.314866106630108 13.5
    endloop
  endfacet
  facet normal 0.9048270524660189 0.42577929156507377 0
    outer loop
      vertex -13.144600200657951 -7.226305111525731 13.5
      vertex -13.946647288323772 -5.521868290270168 13.5
      vertex -13.144600200657951 -7.226305111525731 15
    endloop
  endfacet
  facet normal 0.8443279255020157 0.5358267949789955 0
    outer loop
      vertex -13.144600200657951 -7.226305111525731 13.5
      vertex -13.144600200657951 -7.226305111525731 15
      vertex -12.135254915624213 -8.816778784387097 15
    endloop
  endfacet
  facet normal 0.9510565162951538 0.30901699437494673 0
    outer loop
      vertex -14.528747416929466 -3.7303483074728225 13.5
      vertex -13.946647288323772 -5.521868290270168 15
      vertex -13.946647288323772 -5.521868290270168 13.5
    endloop
  endfacet
  facet normal 0.9510565162951538 0.30901699437494673 0
    outer loop
      vertex -14.528747416929466 -3.7303483074728225 13.5
      vertex -14.528747416929466 -3.7303483074728225 15
      vertex -13.946647288323772 -5.521868290270168 15
    endloop
  endfacet
  facet normal 0.9048270524660189 0.42577929156507377 0
    outer loop
      vertex -13.946647288323772 -5.521868290270168 13.5
      vertex -13.946647288323772 -5.521868290270168 15
      vertex -13.144600200657951 -7.226305111525731 15
    endloop
  endfacet
  facet normal 0.9822872507286886 0.18738131458572513 0
    outer loop
      vertex -14.528747416929466 -3.7303483074728225 13.5
      vertex -14.881720519717168 -1.879998503464561 13.5
      vertex -14.528747416929466 -3.7303483074728225 15
    endloop
  endfacet
  facet normal 0.9980267284282716 0.06279051952931293 0
    outer loop
      vertex -14.881720519717168 -1.879998503464561 13.5
      vertex -15 0 13.5
      vertex -14.881720519717168 -1.879998503464561 15
    endloop
  endfacet
  facet normal 0.9822872507286886 0.18738131458572513 0
    outer loop
      vertex -14.881720519717168 -1.879998503464561 13.5
      vertex -14.881720519717168 -1.879998503464561 15
      vertex -14.528747416929466 -3.7303483074728225 15
    endloop
  endfacet
  facet normal 0.9980267284282716 0.06279051952931293 0
    outer loop
      vertex -15 0 13.5
      vertex -15 0 15
      vertex -14.881720519717168 -1.879998503464561 15
    endloop
  endfacet
  facet normal 0.4817536741017145 0.876306680043864 0
    outer loop
      vertex -8.037401924684952 -12.664918882530225 13.5
      vertex -6.386689373476086 -13.572405786990293 15
      vertex -6.386689373476086 -13.572405786990293 13.5
    endloop
  endfacet
  facet normal 0.4817536741017145 0.876306680043864 0
    outer loop
      vertex -8.037401924684952 -12.664918882530225 13.5
      vertex -8.037401924684952 -12.664918882530225 15
      vertex -6.386689373476086 -13.572405786990293 15
    endloop
  endfacet
  facet normal 0.3681245526846781 0.9297764858882513 0
    outer loop
      vertex -6.386689373476086 -13.572405786990293 13.5
      vertex -4.635254915624211 -14.265847744427303 15
      vertex -4.635254915624211 -14.265847744427303 13.5
    endloop
  endfacet
  facet normal 0.24868988716485493 0.9685831611286311 0
    outer loop
      vertex -2.8107197187858723 -14.734308760930329 13.5
      vertex -4.635254915624211 -14.265847744427303 13.5
      vertex -2.8107197187858723 -14.734308760930329 15
    endloop
  endfacet
  facet normal 0.3681245526846781 0.9297764858882513 0
    outer loop
      vertex -6.386689373476086 -13.572405786990293 13.5
      vertex -6.386689373476086 -13.572405786990293 15
      vertex -4.635254915624211 -14.265847744427303 15
    endloop
  endfacet
  facet normal 0.24868988716485493 0.9685831611286311 0
    outer loop
      vertex -4.635254915624211 -14.265847744427303 13.5
      vertex -4.635254915624211 -14.265847744427303 15
      vertex -2.8107197187858723 -14.734308760930329 15
    endloop
  endfacet
  facet normal 0.12533323356430498 0.9921147013144778 0
    outer loop
      vertex -2.8107197187858723 -14.734308760930329 13.5
      vertex -0.9418577929397064 -14.970400926424073 15
      vertex -0.9418577929397064 -14.970400926424073 13.5
    endloop
  endfacet
  facet normal 0.12533323356430498 0.9921147013144778 0
    outer loop
      vertex -2.8107197187858723 -14.734308760930329 13.5
      vertex -2.8107197187858723 -14.734308760930329 15
      vertex -0.9418577929397064 -14.970400926424073 15
    endloop
  endfacet
  facet normal 0 1 0
    outer loop
      vertex -0.9418577929397064 -14.970400926424073 13.5
      vertex -0.9418577929397064 -14.970400926424073 15
      vertex 0.9418577929397064 -14.970400926424073 15
    endloop
  endfacet
  facet normal 0.7705132427757891 0.6374239897486899 0
    outer loop
      vertex -10.934529411321176 -10.268206588930328 13.5
      vertex -12.135254915624213 -8.816778784387097 13.5
      vertex -10.934529411321176 -10.268206588930328 15
    endloop
  endfacet
  facet normal 0.6845471059286886 0.7289686274214117 0
    outer loop
      vertex -10.934529411321176 -10.268206588930328 13.5
      vertex -9.561359846230344 -11.55769864163684 15
      vertex -9.561359846230344 -11.55769864163684 13.5
    endloop
  endfacet
  facet normal 0.6845471059286886 0.7289686274214117 0
    outer loop
      vertex -10.934529411321176 -10.268206588930328 13.5
      vertex -10.934529411321176 -10.268206588930328 15
      vertex -9.561359846230344 -11.55769864163684 15
    endloop
  endfacet
  facet normal 0.8443279255020157 0.5358267949789955 0
    outer loop
      vertex -12.135254915624213 -8.816778784387097 13.5
      vertex -13.144600200657951 -7.226305111525731 13.5
      vertex -12.135254915624213 -8.816778784387097 15
    endloop
  endfacet
  facet normal 0.7705132427757891 0.6374239897486899 0
    outer loop
      vertex -12.135254915624213 -8.816778784387097 13.5
      vertex -12.135254915624213 -8.816778784387097 15
      vertex -10.934529411321176 -10.268206588930328 15
    endloop
  endfacet
  facet normal 0.5877852522924732 0.8090169943749473 0
    outer loop
      vertex -8.037401924684952 -12.664918882530225 13.5
      vertex -9.561359846230344 -11.55769864163684 13.5
      vertex -8.037401924684952 -12.664918882530225 15
    endloop
  endfacet
  facet normal 0.5877852522924732 0.8090169943749473 0
    outer loop
      vertex -9.561359846230344 -11.55769864163684 13.5
      vertex -9.561359846230344 -11.55769864163684 15
      vertex -8.037401924684952 -12.664918882530225 15
    endloop
  endfacet
  facet normal 0.9980267284282716 -0.06279051952931293 0
    outer loop
      vertex -15 0 13.5
      vertex -14.881720519717168 1.879998503464561 13.5
      vertex -15 0 15
    endloop
  endfacet
  facet normal 0.9822872507286886 -0.18738131458572513 0
    outer loop
      vertex -14.881720519717168 1.879998503464561 13.5
      vertex -14.528747416929466 3.7303483074728225 13.5
      vertex -14.881720519717168 1.879998503464561 15
    endloop
  endfacet
  facet normal 0.9980267284282716 -0.06279051952931293 0
    outer loop
      vertex -14.881720519717168 1.879998503464561 13.5
      vertex -14.881720519717168 1.879998503464561 15
      vertex -15 0 15
    endloop
  endfacet
  facet normal 0.9822872507286886 -0.18738131458572513 0
    outer loop
      vertex -14.528747416929466 3.7303483074728225 13.5
      vertex -14.528747416929466 3.7303483074728225 15
      vertex -14.881720519717168 1.879998503464561 15
    endloop
  endfacet
  facet normal 0.9510565162951538 -0.30901699437494673 0
    outer loop
      vertex -14.528747416929466 3.7303483074728225 13.5
      vertex -13.946647288323772 5.521868290270168 13.5
      vertex -14.528747416929466 3.7303483074728225 15
    endloop
  endfacet
  facet normal 0.9048270524660189 -0.42577929156507377 0
    outer loop
      vertex -13.946647288323772 5.521868290270168 13.5
      vertex -13.144600200657951 7.226305111525731 13.5
      vertex -13.946647288323772 5.521868290270168 15
    endloop
  endfacet
  facet normal 0.9510565162951538 -0.30901699437494673 0
    outer loop
      vertex -13.946647288323772 5.521868290270168 13.5
      vertex -13.946647288323772 5.521868290270168 15
      vertex -14.528747416929466 3.7303483074728225 15
    endloop
  endfacet
  facet normal 0.8443279255020157 -0.5358267949789955 0
    outer loop
      vertex -13.144600200657951 7.226305111525731 13.5
      vertex -12.135254915624213 8.816778784387097 13.5
      vertex -13.144600200657951 7.226305111525731 15
    endloop
  endfacet
  facet normal 0.9048270524660189 -0.42577929156507377 0
    outer loop
      vertex -13.144600200657951 7.226305111525731 13.5
      vertex -13.144600200657951 7.226305111525731 15
      vertex -13.946647288323772 5.521868290270168 15
    endloop
  endfacet
  facet normal 0.7705132427757891 -0.6374239897486899 0
    outer loop
      vertex -12.135254915624213 8.816778784387097 13.5
      vertex -10.934529411321176 10.268206588930328 13.5
      vertex -12.135254915624213 8.816778784387097 15
    endloop
  endfacet
  facet normal 0.8443279255020157 -0.5358267949789955 0
    outer loop
      vertex -12.135254915624213 8.816778784387097 13.5
      vertex -12.135254915624213 8.816778784387097 15
      vertex -13.144600200657951 7.226305111525731 15
    endloop
  endfacet
  facet normal 0.6845471059286886 -0.7289686274214117 0
    outer loop
      vertex -10.934529411321176 10.268206588930328 13.5
      vertex -9.561359846230344 11.55769864163684 13.5
      vertex -10.934529411321176 10.268206588930328 15
    endloop
  endfacet
  facet normal 0.7705132427757891 -0.6374239897486899 0
    outer loop
      vertex -10.934529411321176 10.268206588930328 13.5
      vertex -10.934529411321176 10.268206588930328 15
      vertex -12.135254915624213 8.816778784387097 15
    endloop
  endfacet
  facet normal 0.6845471059286886 -0.7289686274214117 0
    outer loop
      vertex -9.561359846230344 11.55769864163684 13.5
      vertex -9.561359846230344 11.55769864163684 15
      vertex -10.934529411321176 10.268206588930328 15
    endloop
  endfacet
  facet normal 0.5877852522924732 -0.8090169943749473 0
    outer loop
      vertex -9.561359846230344 11.55769864163684 13.5
      vertex -8.037401924684952 12.664918882530225 13.5
      vertex -9.561359846230344 11.55769864163684 15
    endloop
  endfacet
  facet normal 0.5877852522924732 -0.8090169943749473 0
    outer loop
      vertex -8.037401924684952 12.664918882530225 13.5
      vertex -8.037401924684952 12.664918882530225 15
      vertex -9.561359846230344 11.55769864163684 15
    endloop
  endfacet
  facet normal 0.48175367410171477 -0.8763066800438638 0
    outer loop
      vertex -8.037401924684952 12.664918882530225 13.5
      vertex -6.386689373476091 13.572405786990291 13.5
      vertex -8.037401924684952 12.664918882530225 15
    endloop
  endfacet
  facet normal 0.48175367410171477 -0.8763066800438638 0
    outer loop
      vertex -6.386689373476091 13.572405786990291 13.5
      vertex -6.386689373476091 13.572405786990291 15
      vertex -8.037401924684952 12.664918882530225 15
    endloop
  endfacet
  facet normal 0.36812455268467803 -0.9297764858882512 0
    outer loop
      vertex -6.386689373476091 13.572405786990291 13.5
      vertex -4.635254915624211 14.265847744427303 13.5
      vertex -6.386689373476091 13.572405786990291 15
    endloop
  endfacet
  facet normal 0.24868988716485538 -0.968583161128631 0
    outer loop
      vertex -4.635254915624211 14.265847744427303 13.5
      vertex -2.810719718785869 14.73430876093033 13.5
      vertex -4.635254915624211 14.265847744427303 15
    endloop
  endfacet
  facet normal 0.36812455268467803 -0.9297764858882512 0
    outer loop
      vertex -4.635254915624211 14.265847744427303 13.5
      vertex -4.635254915624211 14.265847744427303 15
      vertex -6.386689373476091 13.572405786990291 15
    endloop
  endfacet
  facet normal 0.24868988716485538 -0.968583161128631 0
    outer loop
      vertex -2.810719718785869 14.73430876093033 13.5
      vertex -2.810719718785869 14.73430876093033 15
      vertex -4.635254915624211 14.265847744427303 15
    endloop
  endfacet
  facet normal 0.1253332335643037 -0.9921147013144779 0
    outer loop
      vertex -2.810719718785869 14.73430876093033 13.5
      vertex -0.9418577929396981 14.970400926424073 13.5
      vertex -2.810719718785869 14.73430876093033 15
    endloop
  endfacet
  facet normal 0 -1 0
    outer loop
      vertex -0.9418577929396981 14.970400926424073 13.5
      vertex 0.9418577929396992 14.970400926424073 13.5
      vertex -0.9418577929396972 14.970400926424073 15
    endloop
  endfacet
  facet normal 0.12533323356430365 -0.9921147013144779 -7.421218221536661e-17
    outer loop
      vertex -0.9418577929396981 14.970400926424073 13.5
      vertex -0.9418577929396972 14.970400926424073 15
      vertex -2.810719718785869 14.73430876093033 15
    endloop
  endfacet
  facet normal 0 1 0
    outer loop
      vertex -0.9418577929397064 -14.970400926424073 13.5
      vertex 0.9418577929397064 -14.970400926424073 15
      vertex 0.9418577929397064 -14.970400926424073 13.5
    endloop
  endfacet
  facet normal -0.12533323356430498 0.9921147013144778 0
    outer loop
      vertex 0.9418577929397064 -14.970400926424073 13.5
      vertex 2.8107197187858723 -14.734308760930329 15
      vertex 2.8107197187858723 -14.734308760930329 13.5
    endloop
  endfacet
  facet normal -0.12533323356430498 0.9921147013144778 0
    outer loop
      vertex 0.9418577929397064 -14.970400926424073 13.5
      vertex 0.9418577929397064 -14.970400926424073 15
      vertex 2.8107197187858723 -14.734308760930329 15
    endloop
  endfacet
  facet normal -0.24868988716485493 0.9685831611286311 0
    outer loop
      vertex 2.8107197187858723 -14.734308760930329 13.5
      vertex 4.635254915624211 -14.265847744427303 15
      vertex 4.635254915624211 -14.265847744427303 13.5
    endloop
  endfacet
  facet normal -0.3681245526846781 0.9297764858882513 0
    outer loop
      vertex 4.635254915624211 -14.265847744427303 13.5
      vertex 6.386689373476086 -13.572405786990293 15
      vertex 6.386689373476086 -13.572405786990293 13.5
    endloop
  endfacet
  facet normal -0.24868988716485493 0.9685831611286311 0
    outer loop
      vertex 2.8107197187858723 -14.734308760930329 13.5
      vertex 2.8107197187858723 -14.734308760930329 15
      vertex 4.635254915624211 -14.265847744427303 15
    endloop
  endfacet
  facet normal -0.3681245526846781 0.9297764858882513 0
    outer loop
      vertex 4.635254915624211 -14.265847744427303 13.5
      vertex 4.635254915624211 -14.265847744427303 15
      vertex 6.386689373476086 -13.572405786990293 15
    endloop
  endfacet
  facet normal -0.4817536741017143 0.876306680043864 0
    outer loop
      vertex 6.386689373476086 -13.572405786990293 13.5
      vertex 8.037401924684943 -12.66491888253023 15
      vertex 8.037401924684943 -12.66491888253023 13.5
    endloop
  endfacet
  facet normal -0.4817536741017143 0.876306680043864 0
    outer loop
      vertex 6.386689373476086 -13.572405786990293 13.5
      vertex 6.386689373476086 -13.572405786990293 15
      vertex 8.037401924684943 -12.66491888253023 15
    endloop
  endfacet
  facet normal -0.5877852522924728 0.8090169943749477 0
    outer loop
      vertex 8.037401924684943 -12.66491888253023 13.5
      vertex 9.56135984623035 -11.557698641636836 15
      vertex 9.56135984623035 -11.557698641636836 13.5
    endloop
  endfacet
  facet normal -0.5877852522924728 0.8090169943749477 0
    outer loop
      vertex 8.037401924684943 -12.66491888253023 13.5
      vertex 8.037401924684943 -12.66491888253023 15
      vertex 9.56135984623035 -11.557698641636836 15
    endloop
  endfacet
  facet normal -0.684547105928689 0.7289686274214113 0
    outer loop
      vertex 9.56135984623035 -11.557698641636836 13.5
      vertex 10.934529411321176 -10.268206588930328 15
      vertex 10.934529411321176 -10.268206588930328 13.5
    endloop
  endfacet
  facet normal -0.684547105928689 0.7289686274214113 0
    outer loop
      vertex 9.56135984623035 -11.557698641636836 13.5
      vertex 9.56135984623035 -11.557698641636836 15
      vertex 10.934529411321176 -10.268206588930328 15
    endloop
  endfacet
  facet normal -0.7705132427757891 0.6374239897486899 0
    outer loop
      vertex 10.934529411321176 -10.268206588930328 13.5
      vertex 10.934529411321176 -10.268206588930328 15
      vertex 12.135254915624213 -8.816778784387097 15
    endloop
  endfacet
  facet normal -0.7705132427757891 0.6374239897486899 0
    outer loop
      vertex 10.934529411321176 -10.268206588930328 13.5
      vertex 12.135254915624213 -8.816778784387097 15
      vertex 12.135254915624213 -8.816778784387097 13.5
    endloop
  endfacet
  facet normal -0.8443279255020157 0.5358267949789955 0
    outer loop
      vertex 12.135254915624213 -8.816778784387097 13.5
      vertex 12.135254915624213 -8.816778784387097 15
      vertex 13.144600200657951 -7.226305111525731 15
    endloop
  endfacet
  facet normal -0.8443279255020157 0.5358267949789955 0
    outer loop
      vertex 12.135254915624213 -8.816778784387097 13.5
      vertex 13.144600200657951 -7.226305111525731 15
      vertex 13.144600200657951 -7.226305111525731 13.5
    endloop
  endfacet
  facet normal -0.904827052466019 0.4257792915650737 0
    outer loop
      vertex 13.144600200657951 -7.226305111525731 13.5
      vertex 13.144600200657951 -7.226305111525731 15
      vertex 13.946647288323769 -5.5218682902701755 15
    endloop
  endfacet
  facet normal -0.904827052466019 0.4257792915650737 0
    outer loop
      vertex 13.144600200657951 -7.226305111525731 13.5
      vertex 13.946647288323769 -5.5218682902701755 15
      vertex 13.946647288323769 -5.5218682902701755 13.5
    endloop
  endfacet
  facet normal -0.9510565162951536 0.30901699437494723 0
    outer loop
      vertex 13.946647288323769 -5.5218682902701755 13.5
      vertex 14.528747416929468 -3.7303483074728163 15
      vertex 14.528747416929468 -3.7303483074728163 13.5
    endloop
  endfacet
  facet normal -0.9510565162951536 0.30901699437494723 0
    outer loop
      vertex 13.946647288323769 -5.5218682902701755 13.5
      vertex 13.946647288323769 -5.5218682902701755 15
      vertex 14.528747416929468 -3.7303483074728163 15
    endloop
  endfacet
  facet normal -0.9822872507286887 0.18738131458572485 0
    outer loop
      vertex 14.528747416929468 -3.7303483074728163 13.5
      vertex 14.881720519717168 -1.879998503464561 15
      vertex 14.881720519717168 -1.879998503464561 13.5
    endloop
  endfacet
  facet normal -0.9980267284282716 0.06279051952931293 0
    outer loop
      vertex 14.881720519717168 -1.879998503464561 13.5
      vertex 15 0 15
      vertex 15 0 13.5
    endloop
  endfacet
  facet normal -0.9822872507286887 0.18738131458572485 0
    outer loop
      vertex 14.528747416929468 -3.7303483074728163 13.5
      vertex 14.528747416929468 -3.7303483074728163 15
      vertex 14.881720519717168 -1.879998503464561 15
    endloop
  endfacet
  facet normal -0.9980267284282716 0.06279051952931293 0
    outer loop
      vertex 14.881720519717168 -1.879998503464561 13.5
      vertex 14.881720519717168 -1.879998503464561 15
      vertex 15 0 15
    endloop
  endfacet
  facet normal -0.5877852522924742 -0.8090169943749467 0
    outer loop
      vertex 9.561359846230346 11.557698641636836 13.5
      vertex 8.03740192468495 12.664918882530227 15
      vertex 8.03740192468495 12.664918882530227 13.5
    endloop
  endfacet
  facet normal -0.5877852522924742 -0.8090169943749467 0
    outer loop
      vertex 9.561359846230346 11.557698641636836 13.5
      vertex 9.561359846230346 11.557698641636836 15
      vertex 8.03740192468495 12.664918882530227 15
    endloop
  endfacet
  facet normal -0.8443279255020154 -0.535826794978996 0
    outer loop
      vertex 13.144600200657953 7.22630511152573 13.5
      vertex 12.135254915624213 8.816778784387097 15
      vertex 12.135254915624213 8.816778784387097 13.5
    endloop
  endfacet
  facet normal -0.7705132427757895 -0.6374239897486894 0
    outer loop
      vertex 12.135254915624213 8.816778784387097 13.5
      vertex 12.135254915624213 8.816778784387097 15
      vertex 10.934529411321174 10.268206588930331 15
    endloop
  endfacet
  facet normal -0.6845471059286875 -0.7289686274214127 0
    outer loop
      vertex 9.561359846230346 11.557698641636836 13.5
      vertex 10.934529411321174 10.268206588930331 13.5
      vertex 9.561359846230346 11.557698641636836 15
    endloop
  endfacet
  facet normal -0.7705132427757895 -0.6374239897486894 0
    outer loop
      vertex 12.135254915624213 8.816778784387097 13.5
      vertex 10.934529411321174 10.268206588930331 15
      vertex 10.934529411321174 10.268206588930331 13.5
    endloop
  endfacet
  facet normal -0.6845471059286875 -0.7289686274214127 0
    outer loop
      vertex 10.934529411321174 10.268206588930331 13.5
      vertex 10.934529411321174 10.268206588930331 15
      vertex 9.561359846230346 11.557698641636836 15
    endloop
  endfacet
  facet normal -0.1253332335643038 -0.9921147013144779 0
    outer loop
      vertex 0.9418577929396992 14.970400926424073 13.5
      vertex 2.810719718785869 14.73430876093033 13.5
      vertex 0.9418577929396992 14.970400926424073 15
    endloop
  endfacet
  facet normal 0 -1 0
    outer loop
      vertex 0.9418577929396992 14.970400926424073 13.5
      vertex 0.9418577929396992 14.970400926424073 15
      vertex -0.9418577929396972 14.970400926424073 15
    endloop
  endfacet
  facet normal -0.1253332335643038 -0.9921147013144779 0
    outer loop
      vertex 2.810719718785869 14.73430876093033 13.5
      vertex 2.810719718785869 14.73430876093033 15
      vertex 0.9418577929396992 14.970400926424073 15
    endloop
  endfacet
  facet normal -0.24868988716485538 -0.968583161128631 0
    outer loop
      vertex 4.635254915624211 14.265847744427303 13.5
      vertex 2.810719718785869 14.73430876093033 15
      vertex 2.810719718785869 14.73430876093033 13.5
    endloop
  endfacet
  facet normal -0.36812455268467803 -0.9297764858882512 0
    outer loop
      vertex 4.635254915624211 14.265847744427303 13.5
      vertex 6.386689373476091 13.572405786990291 13.5
      vertex 4.635254915624211 14.265847744427303 15
    endloop
  endfacet
  facet normal -0.24868988716485538 -0.968583161128631 0
    outer loop
      vertex 4.635254915624211 14.265847744427303 13.5
      vertex 4.635254915624211 14.265847744427303 15
      vertex 2.810719718785869 14.73430876093033 15
    endloop
  endfacet
  facet normal -0.36812455268467803 -0.9297764858882512 0
    outer loop
      vertex 6.386689373476091 13.572405786990291 13.5
      vertex 6.386689373476091 13.572405786990291 15
      vertex 4.635254915624211 14.265847744427303 15
    endloop
  endfacet
  facet normal -0.4817536741017145 -0.8763066800438641 0
    outer loop
      vertex 6.386689373476091 13.572405786990291 13.5
      vertex 8.03740192468495 12.664918882530227 13.5
      vertex 6.386689373476091 13.572405786990291 15
    endloop
  endfacet
  facet normal -0.4817536741017145 -0.8763066800438641 0
    outer loop
      vertex 8.03740192468495 12.664918882530227 13.5
      vertex 8.03740192468495 12.664918882530227 15
      vertex 6.386689373476091 13.572405786990291 15
    endloop
  endfacet
  facet normal -0.9980267284282716 -0.06279051952931283 0
    outer loop
      vertex 15 0 13.5
      vertex 14.881720519717168 1.8799985034645639 15
      vertex 14.881720519717168 1.8799985034645639 13.5
    endloop
  endfacet
  facet normal -0.9822872507286885 -0.1873813145857255 0
    outer loop
      vertex 14.881720519717168 1.8799985034645639 13.5
      vertex 14.528747416929466 3.730348307472822 15
      vertex 14.528747416929466 3.730348307472822 13.5
    endloop
  endfacet
  facet normal -0.9980267284282716 -0.06279051952931283 0
    outer loop
      vertex 15 0 13.5
      vertex 15 0 15
      vertex 14.881720519717168 1.8799985034645639 15
    endloop
  endfacet
  facet normal -0.9822872507286885 -0.1873813145857255 0
    outer loop
      vertex 14.881720519717168 1.8799985034645639 13.5
      vertex 14.881720519717168 1.8799985034645639 15
      vertex 14.528747416929466 3.730348307472822 15
    endloop
  endfacet
  facet normal -0.9510565162951536 -0.30901699437494734 0
    outer loop
      vertex 13.94664728832377 5.521868290270169 13.5
      vertex 14.528747416929466 3.730348307472822 13.5
      vertex 13.94664728832377 5.521868290270169 15
    endloop
  endfacet
  facet normal -0.9048270524660196 -0.42577929156507266 0
    outer loop
      vertex 13.94664728832377 5.521868290270169 13.5
      vertex 13.94664728832377 5.521868290270169 15
      vertex 13.144600200657953 7.22630511152573 15
    endloop
  endfacet
  facet normal -0.9510565162951536 -0.30901699437494734 0
    outer loop
      vertex 14.528747416929466 3.730348307472822 13.5
      vertex 14.528747416929466 3.730348307472822 15
      vertex 13.94664728832377 5.521868290270169 15
    endloop
  endfacet
  facet normal -0.9048270524660196 -0.42577929156507266 0
    outer loop
      vertex 13.94664728832377 5.521868290270169 13.5
      vertex 13.144600200657953 7.22630511152573 15
      vertex 13.144600200657953 7.22630511152573 13.5
    endloop
  endfacet
  facet normal -0.8443279255020154 -0.535826794978996 0
    outer loop
      vertex 13.144600200657953 7.22630511152573 13.5
      vertex 13.144600200657953 7.22630511152573 15
      vertex 12.135254915624213 8.816778784387097 15
    endloop
  endfacet
endsolid OpenSCAD_Model
